thisN,thisTrialN,thisRepN,advance_press.keys,advance_press.rt,advance_press.duration,trigger_value.keys,trigger_value.rt,trigger_value.duration,cueOnTime,cue_resp.keys,cue_resp.rt,cue_resp.duration,all_keys.keys,cueOffTime,cueRespOnTime,cueRespOffTime,outcomeOnTime,outcomeOffTime,fixOnTime,fixOffTime,all_keys.rt,all_keys.duration,practice_loop.thisRepN,practice_loop.thisTrialN,practice_loop.thisN,practice_loop.thisIndex,runs.thisRepN,runs.thisTrialN,runs.thisN,runs.thisIndex,trials.thisRepN,trials.thisTrialN,trials.thisN,trials.thisIndex,thisRow.t,notes,prac_dir.started,welcome_text.started,advance_press_pd.started,prac_dir.stopped,advance_press_pd.keys,advance_press_pd.rt,advance_press_pd.duration,summary_instructions.started,summary_text.started,advance_to_runs.started,summary_instructions.stopped,advance_to_runs.keys,advance_to_runs.rt,advance_to_runs.duration,get_ready.started,get_ready_text.started,advance_press.started,get_ready.stopped,runs.advance_press.keys,runs.advance_press.rt,runs.advance_press.duration,scanner_trigger.started,scanner_text.started,trigger_value.started,scanner_trigger.stopped,runs.trigger_value.keys,runs.trigger_value.rt,runs.trigger_value.duration,trials.cueOnTime,cue.started,left_box.started,right_box.started,cue_resp.started,all_keys.started,cue.stopped,trials.cue_resp.keys,trials.cue_resp.rt,trials.cue_resp.duration,good_side,probability_sequence_value,magic_number,num_rewarded,num_switch,total_correct,num_gold_coins,trials.all_keys.keys,trials.cueOffTime,trials.cueRespOnTime,cue_response.started,left_box_response.started,right_box_response.started,left_box_response.stopped,right_box_response.stopped,cue_response.stopped,trials.cueRespOffTime,trials.outcomeOnTime,outcome.started,outcome_left_box.started,outcome_right_box.started,outcome.stopped,outcome_image,trials.outcomeOffTime,trials.fixOnTime,fixation.started,fixation_cross.started,fixation_cross.stopped,fixation.stopped,trials.fixOffTime,outcome_left_box.stopped,outcome_right_box.stopped,left_box.stopped,right_box.stopped,cue_resp.stopped,all_keys.stopped,trials.all_keys.rt,trials.all_keys.duration,run_feedback.started,coins_won_text.started,coins_won_text.stopped,run_feedback.stopped,leftover_time_break.started,fixation_end.started,fixation_end.stopped,leftover_time_break.stopped,end_exp.started,end_exp.stopped,participant,handedness,practice,restart_from_run,date,expName,psychopyVersion,frameRate,expStart,
,,,,,,,,,,,,,,,,,,,,,,,,,,,,,,,,,,,,,0.020414100028574467,0.027040600311011076,0.027040600311011076,29.686532100196928,j,29.643601699732244,None,,,,,,,,,,,,,,,,,,,,,,,,,,,,,,,,,,,,,,,,,,,,,,,,,,,,,,,,,,,,,,,,,,,,,,,,,,,,,,,,22222,right,no,None,2025-05-07_14h07.02.934,RL_out-of-scanner,2024.2.4,60.5493277023731,2025-05-07 14h07.15.943248 -0500,
,,,,,,,,,,,,,,,,,,,,,,,,,,,,,,,,,,,,,,,,,,,,29.68676730012521,29.698493000119925,29.698493000119925,44.63207190018147,j,14.926081100013107,None,,,,,,,,,,,,,,,,,,,,,,,,,,,,,,,,,,,,,,,,,,,,,,,,,,,,,,,,,,,,,,,,,,,,,,,,,22222,right,no,None,2025-05-07_14h07.02.934,RL_out-of-scanner,2024.2.4,60.5493277023731,2025-05-07 14h07.15.943248 -0500,
0,0,0,space,4.223659799899906,None,5,4.011576100252569,None,0.0018019997514784336,j,0.9035694999620318,None,None,0.9339419999159873,0.934186500031501,1.933141800109297,1.933175299782306,2.933864399790764,2.933901899959892,4.932495499961078,,,,,,,0,0,0,0,0,0,0,0,52.931692000012845,,,,,,,,,,,,,,,,44.632388500031084,44.64971570018679,44.64971570018679,48.88202530005947,space,4.223659799899906,None,48.88210580032319,48.89960370026529,48.89960370026529,52.9149070000276,5,4.011576100252569,None,0.0018019997514784336,52.91677220026031,52.931692000012845,52.931692000012845,52.931692000012845,52.931692000012845,53.84883090015501,j,0.9035694999620318,None,right,1,13,0,0,0,0,None,0.9339419999159873,0.934186500031501,53.849158300086856,53.864500200375915,53.864500200375915,54.86516580032185,54.86516580032185,54.848054400179535,1.933141800109297,1.933175299782306,54.85459670005366,54.86516580032185,54.86516580032185,55.848781700246036,stimuli/box_empty_transparent.png,2.933864399790764,2.933901899959892,55.84886690042913,55.8642423003912,57.86482030013576,57.84742690017447,4.932495499961078,,,,,,,,,,,,,,,,,,,22222,right,no,None,2025-05-07_14h07.02.934,RL_out-of-scanner,2024.2.4,60.5493277023731,2025-05-07 14h07.15.943248 -0500,
1,0,1,space,4.223659799899906,None,5,4.011576100252569,None,4.933731599710882,j,0.47397430008277297,None,None,5.433883599936962,5.434132100082934,6.933045600075275,6.933079999871552,7.933264999650419,7.933290199842304,9.449786799959838,,,,,,,0,0,0,0,1,0,1,0,57.86482030013576,,,,,,,,,,,,,,,,,,,,,,,,,,,,,,4.933731599710882,57.848704900126904,57.86482030013576,57.86482030013576,57.86482030013576,57.86482030013576,58.34878290025517,j,0.47397430008277297,None,right,1,13,0,0,0,0,None,5.433883599936962,5.434132100082934,58.34910210035741,58.36471090000123,58.36471090000123,59.86479500029236,59.86479500029236,59.84795930003747,6.933045600075275,6.933079999871552,59.854055100120604,59.86479500029236,59.86479500029236,60.848197100218385,stimuli/box_empty_transparent.png,7.933264999650419,7.933290199842304,60.848254800308496,60.865721500013024,62.38157320022583,62.36472040042281,9.449786799959838,60.865721500013024,60.865721500013024,,,,,,,,,,,,,,,,,22222,right,no,None,2025-05-07_14h07.02.934,RL_out-of-scanner,2024.2.4,60.5493277023731,2025-05-07 14h07.15.943248 -0500,
2,0,2,space,4.223659799899906,None,5,4.011576100252569,None,9.451174299698323,j,0.36761280009523034,None,None,9.850335099734366,9.850569699890912,10.849689099937677,10.849720699712634,11.849865399766713,11.849893900100142,14.849444099701941,,,,,,,0,0,0,0,2,0,2,0,62.38157320022583,,,,,,,,,,,,,,,,,,,,,,,,,,,,,,9.451174299698323,62.36614580033347,62.38157320022583,62.38157320022583,62.38157320022583,62.38157320022583,62.76523320004344,j,0.36761280009523034,None,right,1,13,0,0,0,0,None,9.850335099734366,9.850569699890912,62.76554200006649,62.78076480003074,62.78076480003074,63.78162400005385,63.78162400005385,63.764606500044465,10.849689099937677,10.849720699712634,63.77092180028558,63.78162400005385,63.78162400005385,64.76479520043358,stimuli/box_empty_transparent.png,11.849865399766713,11.849893900100142,64.76486039999872,64.78051540022716,67.7808116003871,67.764377000276,14.849444099701941,64.78051540022716,64.78051540022716,,,,,,,,,,,,,,,,,22222,right,no,None,2025-05-07_14h07.02.934,RL_out-of-scanner,2024.2.4,60.5493277023731,2025-05-07 14h07.15.943248 -0500,
3,0,3,space,4.223659799899906,None,5,4.011576100252569,None,14.850585599895567,j,0.44313469994813204,None,None,15.316370300017297,15.316589999943972,17.316683100070804,17.316712399944663,18.317089299671352,18.31711919978261,19.31612979993224,,,,,,,0,0,0,0,3,0,3,0,67.7808116003871,,,,,,,,,,,,,,,,,,,,,,,,,,,,,,14.850585599895567,67.76555510004982,67.7808116003871,67.7808116003871,67.7808116003871,67.7808116003871,68.23127000033855,j,0.44313469994813204,None,right,1,13,0,0,0,0,None,15.316370300017297,15.316589999943972,68.23155590007082,68.24729570001364,68.24729570001364,70.24824690027162,70.24824690027162,70.23160140030086,17.316683100070804,17.316712399944663,70.23725370038301,70.24824690027162,70.24824690027162,71.23201600043103,stimuli/box_empty_transparent.png,18.317089299671352,18.31711919978261,71.23209030041471,71.24819360021502,72.24777790019289,72.23106300039217,19.31612979993224,,,,,,,,,,,,,,,,,,,22222,right,no,None,2025-05-07_14h07.02.934,RL_out-of-scanner,2024.2.4,60.5493277023731,2025-05-07 14h07.15.943248 -0500,
4,0,4,space,4.223659799899906,None,5,4.011576100252569,None,19.317308699712157,k,0.5566324000246823,None,None,19.900564400013536,19.90076779993251,20.900329200085253,20.900359999854118,21.915746999904513,21.915773400105536,24.416138399858028,,,,,,,0,0,0,0,4,0,4,0,72.24777790019289,,,,,,,,,,,,,,,,,,,,,,,,,,,,,,19.317308699712157,72.23227980034426,72.24777790019289,72.24777790019289,72.24777790019289,72.24777790019289,72.81545720016584,k,0.5566324000246823,None,right,1,13,1,0,1,1,None,19.900564400013536,19.90076779993251,72.81573640042916,72.83106540003791,72.83106540003791,73.83209190005437,73.83209190005437,73.81524920044467,20.900329200085253,20.900359999854118,73.82276160037145,73.83209190005437,73.83209190005437,74.83067500032485,stimuli/box_coin_transparent.png,21.915746999904513,21.915773400105536,74.83073900034651,74.8474732004106,77.34752040030435,77.33107150020078,24.416138399858028,,,,,,,,,,,,,,,,,,,22222,right,no,None,2025-05-07_14h07.02.934,RL_out-of-scanner,2024.2.4,60.5493277023731,2025-05-07 14h07.15.943248 -0500,
5,0,5,space,4.223659799899906,None,5,4.011576100252569,None,24.417366999667138,k,0.46919710002839565,None,None,24.916686699725688,24.916913100052625,28.416120799724013,28.416148100048304,29.41582199977711,29.415853699669242,31.43183990009129,,,,,,,0,0,0,0,5,0,5,0,77.34752040030435,,,,,,,,,,,,,,,,,,,,,,,,,,,,,,24.417366999667138,77.33233520016074,77.34752040030435,77.34752040030435,77.34752040030435,77.34752040030435,77.8315747003071,k,0.46919710002839565,None,right,0,13,1,0,2,1,None,24.916686699725688,24.916913100052625,77.83188290009275,77.84711340023205,77.84711340023205,81.34725420037284,81.34725420037284,81.33103980030864,28.416120799724013,28.416148100048304,81.33644120022655,81.34725420037284,81.34725420037284,82.33074710005894,stimuli/box_empty_transparent.png,29.41582199977711,29.415853699669242,82.33082860009745,82.34887570003048,84.36384170036763,84.34677110007033,31.43183990009129,82.34887570003048,82.34887570003048,,,,,,,,,,,,,,,,,22222,right,no,None,2025-05-07_14h07.02.934,RL_out-of-scanner,2024.2.4,60.5493277023731,2025-05-07 14h07.15.943248 -0500,
6,0,6,space,4.223659799899906,None,5,4.011576100252569,None,31.433111799880862,j,0.29767809994518757,None,None,31.750155499670655,31.75041399989277,32.74926429986954,32.749295299872756,33.74940590001643,33.74943009996787,34.74840989988297,,,,,,,0,0,0,0,6,0,6,0,84.36384170036763,,,,,,,,,,,,,,,,,,,,,,,,,,,,,,31.433111799880862,84.34808440040797,84.36384170036763,84.36384170036763,84.36384170036763,84.36384170036763,84.66505490010604,j,0.29767809994518757,None,right,0,13,1,0,2,1,None,31.750155499670655,31.75041399989277,84.66538040013984,84.68135230010375,84.68135230010375,85.68152860039845,85.68152860039845,85.66418610000983,32.74926429986954,32.749295299872756,85.66945100016892,85.68152860039845,85.68152860039845,86.664338900242,stimuli/box_empty_transparent.png,33.74940590001643,33.74943009996787,86.66439360007644,86.67950890026987,87.6803153003566,87.66334300022572,34.74840989988297,86.67950890026987,86.67950890026987,,,,,,,,,,,,,,,,,22222,right,no,None,2025-05-07_14h07.02.934,RL_out-of-scanner,2024.2.4,60.5493277023731,2025-05-07 14h07.15.943248 -0500,
7,0,7,space,4.223659799899906,None,5,4.011576100252569,None,34.74960820004344,k,0.9806882003322244,None,None,35.74924429971725,35.74943679990247,37.74909400008619,37.74912919988856,38.74930569995195,38.74933520006016,40.74974419968203,,,,,,,0,0,0,0,7,0,7,0,87.6803153003566,,,,,,,,,,,,,,,,,,,,,,,,,,,,,,34.74960820004344,87.66457470040768,87.6803153003566,87.6803153003566,87.6803153003566,87.6803153003566,88.66414330014959,k,0.9806882003322244,None,right,1,13,2,0,3,2,None,35.74924429971725,35.74943679990247,88.66440190002322,88.6799735003151,88.6799735003151,90.68047980032861,90.68047980032861,90.6640052003786,37.74909400008619,37.74912919988856,90.67176260007545,90.68047980032861,90.68047980032861,91.66422740044072,stimuli/box_coin_transparent.png,38.74930569995195,38.74933520006016,91.66430310020223,91.67941940017045,93.68064820021391,93.66467329999432,40.74974419968203,91.67941940017045,91.67941940017045,,,,,,,,,,,,,,,,,22222,right,no,None,2025-05-07_14h07.02.934,RL_out-of-scanner,2024.2.4,60.5493277023731,2025-05-07 14h07.15.943248 -0500,
8,0,8,space,4.223659799899906,None,5,4.011576100252569,None,40.75111929979175,j,0.3284483999013901,None,None,41.09921719972044,41.09946390008554,44.09863149980083,44.09866329981014,45.0990512999706,45.099076400045305,46.598313299939036,,,,,,,0,0,0,0,8,0,8,0,93.68064820021391,,,,,,,,,,,,,,,,,,,,,,,,,,,,,,40.75111929979175,93.66609340021387,93.68064820021391,93.68064820021391,93.68064820021391,93.68064820021391,94.01411480037495,j,0.3284483999013901,None,right,1,13,2,0,3,2,None,41.09921719972044,41.09946390008554,94.01443130010739,94.03027430037037,94.03027430037037,97.03045100020245,97.03045100020245,97.01355030015111,44.09863149980083,44.09866329981014,97.01884170016274,97.03045100020245,97.03045100020245,98.01397950015962,stimuli/box_empty_transparent.png,45.0990512999706,45.099076400045305,98.0140419001691,98.02953950036317,99.52988730045035,99.51324630016461,46.598313299939036,,,,,,,,,,,,,,,,,,,22222,right,no,None,2025-05-07_14h07.02.934,RL_out-of-scanner,2024.2.4,60.5493277023731,2025-05-07 14h07.15.943248 -0500,
9,0,9,space,4.223659799899906,None,5,4.011576100252569,None,46.599409400019795,k,0.34276269981637597,None,None,46.966188800055534,46.96642469987273,48.46527240006253,48.46530500007793,49.46690859971568,49.46693849982694,51.465082000009716,,,,,,,0,0,0,0,9,0,9,0,99.52988730045035,,,,,,,,,,,,,,,,,,,,,,,,,,,,,,46.599409400019795,99.51437790039927,99.52988730045035,99.52988730045035,99.52988730045035,99.52988730045035,99.88108640024439,k,0.34276269981637597,None,right,1,13,3,0,4,3,None,46.966188800055534,46.96642469987273,99.88139570038766,99.89682830031961,99.89682830031961,101.3969492004253,101.3969492004253,101.38019190030172,48.46527240006253,48.46530500007793,101.38641650043428,101.3969492004253,101.3969492004253,102.3818353000097,stimuli/box_coin_transparent.png,49.46690859971568,49.46693849982694,102.38191020023078,102.39692120021209,104.39618500042707,104.38001590035856,51.465082000009716,,,,,,,,,,,,,,,,,,,22222,right,no,None,2025-05-07_14h07.02.934,RL_out-of-scanner,2024.2.4,60.5493277023731,2025-05-07 14h07.15.943248 -0500,
10,0,10,space,4.223659799899906,None,5,4.011576100252569,None,51.4660704000853,k,0.3113803002052009,None,None,51.79886960005388,51.799064999911934,53.298425999935716,53.29845689982176,54.29916509985924,54.29919759975746,55.30127379996702,,,,,,,0,0,0,0,10,0,10,0,104.39618500042707,,,,,,,,,,,,,,,,,,,,,,,,,,,,,,51.4660704000853,104.3810365004465,104.39618500042707,104.39618500042707,104.39618500042707,104.39618500042707,104.71375680016354,k,0.3113803002052009,None,right,1,13,4,0,5,4,None,51.79886960005388,51.799064999911934,104.71402890002355,104.73029450001195,104.73029450001195,106.2304928000085,106.2304928000085,106.21334640029818,53.298425999935716,53.29845689982176,106.22054040012881,106.2304928000085,106.2304928000085,107.2140951002948,stimuli/box_coin_transparent.png,54.29916509985924,54.29919759975746,107.21416180022061,107.22890060022473,108.23353930003941,108.21620860043913,55.30127379996702,,,,,,,,,,,,,,,,,,,22222,right,no,None,2025-05-07_14h07.02.934,RL_out-of-scanner,2024.2.4,60.5493277023731,2025-05-07 14h07.15.943248 -0500,
11,0,11,space,4.223659799899906,None,5,4.011576100252569,None,55.30231550009921,k,0.26655729999765754,None,None,55.58658239990473,55.586780400015414,57.5855979998596,57.58563190000132,58.598243799991906,58.59827459976077,60.0976656996645,,,,,,,0,0,0,0,11,0,11,0,108.23353930003941,,,,,,,,,,,,,,,,,,,,,,,,,,,,,,55.30231550009921,108.21728290012106,108.23353930003941,108.23353930003941,108.23353930003941,108.23353930003941,108.50148370023817,k,0.26655729999765754,None,right,1,13,5,0,6,5,None,55.58658239990473,55.586780400015414,108.5017438000068,108.51316140033305,108.51316140033305,110.51817770022899,110.51817770022899,110.50051180040464,57.5855979998596,57.58563190000132,110.50818330002949,110.51817770022899,110.51817770022899,111.51316990004852,stimuli/box_coin_transparent.png,58.598243799991906,58.59827459976077,111.51325680036098,111.52919800020754,113.02934690006077,113.0126019003801,60.0976656996645,,,,,,,,,,,,,,,,,,,22222,right,no,None,2025-05-07_14h07.02.934,RL_out-of-scanner,2024.2.4,60.5493277023731,2025-05-07 14h07.15.943248 -0500,
12,0,12,space,4.223659799899906,None,5,4.011576100252569,None,60.09878939995542,k,0.48868760000914335,None,None,60.61599810002372,60.61620179982856,61.615129499696195,61.61516369972378,62.6153066996485,62.615333899855614,65.6142506999895,,,,,,,0,0,0,0,12,0,12,0,113.02934690006077,,,,,,,,,,,,,,,,,,,,,,,,,,,,,,60.09878939995542,113.0137595999986,113.02934690006077,113.02934690006077,113.02934690006077,113.02934690006077,113.53089080005884,k,0.48868760000914335,None,right,1,13,6,0,7,6,None,60.61599810002372,60.61620179982856,113.53117050044239,113.54602190013975,113.54602190013975,114.54717030003667,114.54717030003667,114.53004430001602,61.615129499696195,61.61516369972378,114.53747390024364,114.54717030003667,114.54717030003667,115.53023650031537,stimuli/box_coin_transparent.png,62.6153066996485,62.615333899855614,115.53030130034313,115.54568090010434,118.54586550034583,118.52918320009485,65.6142506999895,115.54568090010434,115.54568090010434,,,,,,,,,,,,,,,,,22222,right,no,None,2025-05-07_14h07.02.934,RL_out-of-scanner,2024.2.4,60.5493277023731,2025-05-07 14h07.15.943248 -0500,
13,0,13,space,4.223659799899906,None,5,4.011576100252569,None,65.61537309968844,k,0.37605590000748634,None,None,66.0159527999349,66.01616559969261,66.51880599977449,66.51883969968185,67.5310780997388,67.5311062997207,69.5316296000965,,,,,,,0,0,0,0,13,0,13,0,118.54586550034583,,,,,,,,,,,,,,,,,,,,,,,,,,,,,,65.61537309968844,118.53034160006791,118.54586550034583,118.54586550034583,118.54586550034583,118.54586550034583,118.93084450019524,k,0.37605590000748634,None,right,0,13,6,0,8,6,None,66.0159527999349,66.01616559969261,118.93113430030644,118.94623720040545,118.94623720040545,119.44987770030275,119.44987770030275,119.43372210022062,66.51880599977449,66.51883969968185,119.43928730022162,119.44987770030275,119.44987770030275,120.44600560003892,stimuli/box_empty_transparent.png,67.5310780997388,67.5311062997207,120.4460774003528,120.46201050002128,122.4623891999945,122.44656180031598,69.5316296000965,,,,,,,,,,,,,,,,,,,22222,right,no,None,2025-05-07_14h07.02.934,RL_out-of-scanner,2024.2.4,60.5493277023731,2025-05-07 14h07.15.943248 -0500,
14,0,14,space,4.223659799899906,None,5,4.011576100252569,None,69.53276739967987,k,0.315077000297606,None,None,69.8648067000322,69.8649796997197,71.36457429965958,71.36460579978302,72.38157689990476,72.38161520007998,73.38075689971447,,,,,,,0,0,0,0,14,0,14,0,122.4623891999945,,,,,,,,,,,,,,,,,,,,,,,,,,,,,,69.53276739967987,122.4477353002876,122.4623891999945,122.4623891999945,122.4623891999945,122.4623891999945,122.77970569999889,k,0.315077000297606,None,right,1,13,7,0,9,7,None,69.8648067000322,69.8649796997197,122.77994450042024,122.79680760018528,122.79680760018528,124.29753350000829,124.29753350000829,124.27949370024726,71.36457429965958,71.36460579978302,124.28585170023143,124.29753350000829,124.29753350000829,125.29650510009378,stimuli/box_coin_transparent.png,72.38157689990476,72.38161520007998,125.29658150020987,125.3117748000659,126.31566690001637,126.29568870039657,73.38075689971447,,,,,,,,,,,,,,,,,,,22222,right,no,None,2025-05-07_14h07.02.934,RL_out-of-scanner,2024.2.4,60.5493277023731,2025-05-07 14h07.15.943248 -0500,
15,0,15,space,4.223659799899906,None,5,4.011576100252569,None,73.38193439971656,k,0.3699455000460148,None,None,73.78191709984094,73.78212819993496,74.78175819991156,74.78179439995438,75.78282599989325,75.78285630000755,77.7840060996823,,,,,,,0,0,0,0,15,0,15,0,126.31566690001637,,,,,,,,,,,,,,,,,,,,,,,,,,,,,,73.38193439971656,126.29690070031211,126.31566690001637,126.31566690001637,126.31566690001637,126.31566690001637,126.6968093002215,k,0.3699455000460148,None,right,1,13,8,0,10,8,None,73.78191709984094,73.78212819993496,126.69709740020335,126.71267390018329,126.71267390018329,127.71482740016654,127.71482740016654,127.6966685000807,74.78175819991156,74.78179439995438,127.70400980021805,127.71482740016654,127.71482740016654,128.69774900004268,stimuli/box_coin_transparent.png,75.78282599989325,75.78285630000755,128.69782790029421,128.7119583003223,130.71611880045384,130.69893660023808,77.7840060996823,,,,,,,,,,,,,,,,,,,22222,right,no,None,2025-05-07_14h07.02.934,RL_out-of-scanner,2024.2.4,60.5493277023731,2025-05-07 14h07.15.943248 -0500,
16,0,16,space,4.223659799899906,None,5,4.011576100252569,None,77.78526500007138,k,0.3507740995846689,None,None,78.1691228998825,78.16940649971366,80.18194739986211,80.18198399990797,81.1837335000746,81.18377899983898,82.18093369994313,,,,,,,0,0,0,0,16,0,16,0,130.71611880045384,,,,,,,,,,,,,,,,,,,,,,,,,,,,,,77.78526500007138,130.70023890025914,130.71611880045384,130.71611880045384,130.71611880045384,130.71611880045384,131.08393350010738,k,0.3507740995846689,None,right,1,13,9,0,11,9,None,78.1691228998825,78.16940649971366,131.08437040029094,131.09960860013962,131.09960860013962,133.1135455002077,133.1135455002077,133.09686450008303,80.18194739986211,80.18198399990797,133.10422010021284,133.1135455002077,133.1135455002077,134.0986597002484,stimuli/box_coin_transparent.png,81.1837335000746,81.18377899983898,134.09875130001456,134.11168250022456,135.11205780040473,135.09586500003934,82.18093369994313,,,,,,,,,,,,,,,,,,,22222,right,no,None,2025-05-07_14h07.02.934,RL_out-of-scanner,2024.2.4,60.5493277023731,2025-05-07 14h07.15.943248 -0500,
17,0,17,space,4.223659799899906,None,5,4.011576100252569,None,82.18223949987441,k,0.47697640024125576,None,None,82.68134289979935,82.68155330000445,83.6851260997355,83.6851586997509,84.70123940007761,84.70128249982372,85.7004750999622,,,,,,,0,0,0,0,17,0,17,0,135.11205780040473,,,,,,,,,,,,,,,,,,,,,,,,,,,,,,82.18223949987441,135.0972227002494,135.11205780040473,135.11205780040473,135.11205780040473,135.11205780040473,135.59623170038685,k,0.47697640024125576,None,right,1,13,10,0,12,10,None,82.68134289979935,82.68155330000445,135.5965363001451,135.61453390028328,135.61453390028328,136.61746880039573,136.61746880039573,136.60004550032318,83.6851260997355,83.6851586997509,136.60668600024655,136.61746880039573,136.61746880039573,137.61616340000182,stimuli/box_coin_transparent.png,84.70123940007761,84.70128249982372,137.61624930007383,137.63164060004056,138.63266310002655,138.61539400042966,85.7004750999622,,,,,,,,,,,,,,,,,,,22222,right,no,None,2025-05-07_14h07.02.934,RL_out-of-scanner,2024.2.4,60.5493277023731,2025-05-07 14h07.15.943248 -0500,
18,0,18,space,4.223659799899906,None,5,4.011576100252569,None,85.70157609973103,k,0.3893255000002682,None,None,86.11889169970527,86.11914519965649,89.61827189987525,89.61830809991807,90.61872809985653,90.61875949986279,92.61690559983253,,,,,,,0,0,0,0,18,0,18,0,138.63266310002655,,,,,,,,,,,,,,,,,,,,,,,,,,,,,,85.70157609973103,138.6165439002216,138.63266310002655,138.63266310002655,138.63266310002655,138.63266310002655,139.03378290031105,k,0.3893255000002682,None,right,1,13,11,0,13,11,None,86.11889169970527,86.11914519965649,139.0341289001517,139.049323100131,139.049323100131,142.55054230010137,142.55054230010137,142.5331761999987,89.61827189987525,89.61830809991807,142.54037370020524,142.55054230010137,142.55054230010137,143.53365460038185,stimuli/box_coin_transparent.png,90.61872809985653,90.61875949986279,143.53372960025445,143.54842910030857,145.5492897001095,145.5318356002681,92.61690559983253,143.54842910030857,143.54842910030857,,,,,,,,,,,,,,,,,22222,right,no,None,2025-05-07_14h07.02.934,RL_out-of-scanner,2024.2.4,60.5493277023731,2025-05-07 14h07.15.943248 -0500,
19,0,19,space,4.223659799899906,None,5,4.011576100252569,None,92.61811670009047,k,0.3381528998725116,None,None,92.98553270008415,92.98574719997123,93.98511220002547,93.98514529969543,95.00088550010696,95.00091589987278,96.51414579991251,,,,,,,0,0,0,0,19,0,19,0,145.5492897001095,,,,,,,,,,,,,,,,,,,,,,,,,,,,,,92.61811670009047,145.53308760002255,145.5492897001095,145.5492897001095,145.5492897001095,145.5492897001095,145.90043070027605,k,0.3381528998725116,None,right,0,13,11,0,14,11,None,92.98553270008415,92.98574719997123,145.9007166000083,145.9157744999975,145.9157744999975,146.91722690034658,146.91722690034658,146.90002740034834,93.98511220002547,93.98514529969543,146.90609579999,146.91722690034658,146.91722690034658,147.9158115000464,stimuli/box_empty_transparent.png,95.00088550010696,95.00091589987278,147.91588450036943,147.9312769002281,149.44543210044503,149.42907940037549,96.51414579991251,,,,,,,,,,,,,,,,,,,22222,right,no,None,2025-05-07_14h07.02.934,RL_out-of-scanner,2024.2.4,60.5493277023731,2025-05-07 14h07.15.943248 -0500,
20,0,20,space,4.223659799899906,None,5,4.011576100252569,None,96.51525559974834,k,0.43808440025895834,None,None,96.98486740002409,96.98506499966606,98.99680009996518,98.99683259986341,99.99822349986061,99.99825409986079,101.99701950000599,,,,,,,0,0,0,0,20,0,20,0,149.44543210044503,,,,,,,,,,,,,,,,,,,,,,,,,,,,,,96.51525559974834,149.430224200245,149.44543210044503,149.44543210044503,149.44543210044503,149.44543210044503,149.8997674002312,k,0.43808440025895834,None,right,0,13,11,0,15,11,None,96.98486740002409,96.98506499966606,149.9000293002464,149.9156424002722,149.9156424002722,151.92846990004182,151.92846990004182,151.9117201003246,98.99680009996518,98.99683259986341,151.91707000043243,151.92846990004182,151.92846990004182,152.9131444003433,stimuli/box_empty_transparent.png,99.99822349986061,99.99825409986079,152.91322100022808,152.9280193001032,154.92868720041588,154.91195470001549,101.99701950000599,,,,,,,,,,,,,,,,,,,22222,right,no,None,2025-05-07_14h07.02.934,RL_out-of-scanner,2024.2.4,60.5493277023731,2025-05-07 14h07.15.943248 -0500,
21,0,21,space,4.223659799899906,None,5,4.011576100252569,None,101.99812539992854,k,0.3359877998009324,None,None,102.36443549999967,102.36464820010588,105.3638414000161,105.36387549992651,106.36328369984403,106.36330859968439,107.8638873999007,,,,,,,0,0,0,0,21,0,21,0,154.92868720041588,,,,,,,,,,,,,,,,,,,,,,,,,,,,,,101.99812539992854,154.91309380019084,154.92868720041588,154.92868720041588,154.92868720041588,154.92868720041588,155.27932710014284,k,0.3359877998009324,None,right,1,13,12,0,16,12,None,102.36443549999967,102.36464820010588,155.27961740037426,155.29484360013157,155.29484360013157,158.29555000038818,158.29555000038818,158.27875660033897,105.3638414000161,105.36387549992651,158.28566950000823,158.29555000038818,158.29555000038818,159.27821690030396,stimuli/box_coin_transparent.png,106.36328369984403,106.36330859968439,159.2782729002647,159.29431310016662,160.79574239999056,160.77882070001215,107.8638873999007,159.29431310016662,159.29431310016662,,,,,,,,,,,,,,,,,22222,right,no,None,2025-05-07_14h07.02.934,RL_out-of-scanner,2024.2.4,60.5493277023731,2025-05-07 14h07.15.943248 -0500,
22,0,22,space,4.223659799899906,None,5,4.011576100252569,None,107.8650523996912,k,0.40037310030311346,None,None,108.2973851999268,108.29761380003765,109.79713999992236,109.79718140000477,110.79673750000075,110.7967630000785,112.79630689974874,,,,,,,0,0,0,0,22,0,22,0,160.79574239999056,,,,,,,,,,,,,,,,,,,,,,,,,,,,,,107.8650523996912,160.78002310032025,160.79574239999056,160.79574239999056,160.79574239999056,160.79574239999056,161.2122763004154,k,0.40037310030311346,None,right,1,13,13,0,17,13,None,108.2973851999268,108.29761380003765,161.21258220029995,161.22824890026823,161.22824890026823,162.7282744999975,162.7282744999975,162.71206040028483,109.79713999992236,109.79718140000477,162.7193229002878,162.7282744999975,162.7282744999975,163.71166890021414,stimuli/box_coin_transparent.png,110.79673750000075,110.7967630000785,163.71172660030425,163.72726429998875,165.72799860034138,165.71122820023447,112.79630689974874,163.72726429998875,163.72726429998875,,,,,,,,,,,,,,,,,22222,right,no,None,2025-05-07_14h07.02.934,RL_out-of-scanner,2024.2.4,60.5493277023731,2025-05-07 14h07.15.943248 -0500,
23,0,23,space,4.223659799899906,None,5,4.011576100252569,None,112.79753559967503,k,0.3203608999028802,None,None,113.14787899982184,113.14806849975139,114.64664210006595,114.64667350007221,115.64728329982609,115.64730919990689,117.14703769981861,,,,,,,0,0,0,0,23,0,23,0,165.72799860034138,,,,,,,,,,,,,,,,,,,,,,,,,,,,,,112.79753559967503,165.71250530006364,165.72799860034138,165.72799860034138,165.72799860034138,165.72799860034138,166.06277230009437,k,0.3203608999028802,None,left,1,12,0,1,17,13,None,113.14787899982184,113.14806849975139,166.06303369998932,166.07797079999,166.07797079999,167.57853510044515,167.57853510044515,167.56155250035226,114.64664210006595,114.64667350007221,167.5676009003073,167.57853510044515,167.57853510044515,168.56220520008355,stimuli/box_empty_transparent.png,115.64728329982609,115.64730919990689,168.56227410025895,168.57725900039077,170.0786555004306,170.0619712001644,117.14703769981861,,,,,,,,,,,,,,,,,,,22222,right,no,None,2025-05-07_14h07.02.934,RL_out-of-scanner,2024.2.4,60.5493277023731,2025-05-07 14h07.15.943248 -0500,
24,0,24,space,4.223659799899906,None,5,4.011576100252569,None,117.14823869988322,None,,,['k'],118.64697899995372,118.6470229998231,120.64683729968965,120.64687109971419,121.64717079978436,121.64720209967345,123.14693639986217,[0.31691950000822544],[0.111642399802804],,,,,0,0,0,0,24,0,24,0,170.0786555004306,,,,,,,,,,,,,,,,,,,,,,,,,,,,,,117.14823869988322,170.06320630013943,170.0786555004306,170.0786555004306,170.0786555004306,170.0786555004306,171.5618594000116,None,,,left,1,12,0,1,17,13,['k'],118.64697899995372,118.6470229998231,171.5619854000397,171.5787802003324,171.5787802003324,173.57895210012794,173.57895210012794,173.56175290001556,120.64683729968965,120.64687109971419,173.56817040033638,173.57895210012794,173.57895210012794,174.56210190011188,no selection made,121.64717079978436,121.64720209967345,174.56216560024768,174.5773456003517,176.077707500197,176.0618682000786,123.14693639986217,174.5773456003517,174.5773456003517,171.5787802003324,171.5787802003324,171.5787802003324,171.5787802003324,[0.31691950000822544],[0.111642399802804],,,,,,,,,,,22222,right,no,None,2025-05-07_14h07.02.934,RL_out-of-scanner,2024.2.4,60.5493277023731,2025-05-07 14h07.15.943248 -0500,
25,0,25,space,4.223659799899906,None,5,4.011576100252569,None,123.14792699972168,k,0.32384510012343526,None,None,123.49687050003558,123.49706250010058,124.49649979965761,124.49653350003064,125.49631340010092,125.49634219985455,128.99553649965674,,,,,,,0,0,0,0,25,0,25,0,176.077707500197,,,,,,,,,,,,,,,,,,,,,,,,,,,,,,123.14792699972168,176.06289580045268,176.077707500197,176.077707500197,176.077707500197,176.077707500197,176.4117705002427,k,0.32384510012343526,None,left,1,12,0,1,17,13,None,123.49687050003558,123.49706250010058,176.41202760022134,176.4279471002519,176.4279471002519,177.42803010018542,177.42803010018542,177.41141640022397,124.49649979965761,124.49653350003064,177.41738970018923,177.42803010018542,177.42803010018542,178.41124180005863,stimuli/box_empty_transparent.png,125.49631340010092,125.49634219985455,178.4113095002249,178.426909300033,181.92769260006025,181.91046720044687,128.99553649965674,178.426909300033,178.426909300033,,,,,,,,,,,,,,,,,22222,right,no,None,2025-05-07_14h07.02.934,RL_out-of-scanner,2024.2.4,60.5493277023731,2025-05-07 14h07.15.943248 -0500,
26,0,26,space,4.223659799899906,None,5,4.011576100252569,None,128.99668539967388,k,0.3424586998298764,None,None,129.36345389997587,129.36363969976082,129.86275509977713,129.86278769979253,130.86265080003068,130.86267949966714,134.36366169992834,,,,,,,0,0,0,0,26,0,26,0,181.92769260006025,,,,,,,,,,,,,,,,,,,,,,,,,,,,,,128.99668539967388,181.91165360016748,181.92769260006025,181.92769260006025,181.92769260006025,181.92769260006025,182.27835470018908,k,0.3424586998298764,None,left,1,12,0,1,17,13,None,129.36345389997587,129.36363969976082,182.27860930003226,182.2944097002037,182.2944097002037,182.79452720005065,182.79452720005065,182.77767219999805,129.86275509977713,129.86278769979253,182.78381400043145,182.79452720005065,182.79452720005065,183.77758100023493,stimuli/box_empty_transparent.png,130.86265080003068,130.86267949966714,183.77764620026574,183.7942451001145,187.29393350007012,187.2785950000398,134.36366169992834,183.7942451001145,183.7942451001145,,,,,,,,,,,,,,,,,22222,right,no,None,2025-05-07_14h07.02.934,RL_out-of-scanner,2024.2.4,60.5493277023731,2025-05-07 14h07.15.943248 -0500,
27,0,27,space,4.223659799899906,None,5,4.011576100252569,None,134.36485649971291,k,0.33677450008690357,None,None,134.72961559984833,134.7298389999196,136.23004449997097,136.23007609974593,137.24598959973082,137.2460178998299,138.246690900065,,,,,,,0,0,0,0,27,0,27,0,187.29393350007012,,,,,,,,,,,,,,,,,,,,,,,,,,,,,,134.36485649971291,187.27982750022784,187.29393350007012,187.29393350007012,187.29393350007012,187.29393350007012,187.64450970012695,k,0.33677450008690357,None,left,1,12,0,1,17,13,None,134.72961559984833,134.7298389999196,187.6448079003021,187.6608340004459,187.6608340004459,189.16191040026024,189.16191040026024,189.14496700000018,136.23004449997097,136.23007609974593,189.15106170019135,189.16191040026024,189.16191040026024,190.16091170022264,stimuli/box_empty_transparent.png,137.24598959973082,137.2460178998299,190.16098540043458,190.17770250001922,191.1770411003381,191.16162710031494,138.246690900065,,,,,,,,,,,,,,,,,,,22222,right,no,None,2025-05-07_14h07.02.934,RL_out-of-scanner,2024.2.4,60.5493277023731,2025-05-07 14h07.15.943248 -0500,
28,0,28,space,4.223659799899906,None,5,4.011576100252569,None,138.24778739968315,j,0.40202359994873405,None,None,138.68043390009552,138.68069679988548,139.68007709970698,139.6801116000861,140.67974669998512,140.6797706000507,144.17836359981447,,,,,,,0,0,0,0,28,0,28,0,191.1770411003381,,,,,,,,,,,,,,,,,,,,,,,,,,,,,,138.24778739968315,191.162755000405,191.1770411003381,191.1770411003381,191.1770411003381,191.1770411003381,191.59532710025087,j,0.40202359994873405,None,left,1,12,1,1,18,14,None,138.68043390009552,138.68069679988548,191.59566410025582,191.61065510008484,191.61065510008484,192.61114160018042,192.61114160018042,192.59499200014398,139.68007709970698,139.6801116000861,192.60237460024655,192.61114160018042,192.61114160018042,193.59468050021678,stimuli/box_coin_transparent.png,140.67974669998512,140.6797706000507,193.59473420027643,193.6100824000314,197.1100012003444,197.09329500002787,144.17836359981447,193.6100824000314,193.6100824000314,,,,,,,,,,,,,,,,,22222,right,no,None,2025-05-07_14h07.02.934,RL_out-of-scanner,2024.2.4,60.5493277023731,2025-05-07 14h07.15.943248 -0500,
29,0,29,space,4.223659799899906,None,5,4.011576100252569,None,144.17953839991242,j,0.5493906000629067,None,None,144.74677229998633,144.74701999966055,146.74569769995287,146.7457316997461,147.74548509996384,147.74551409995183,148.7449917998165,,,,,,,0,0,0,0,29,0,29,0,197.1100012003444,,,,,,,,,,,,,,,,,,,,,,,,,,,,,,144.17953839991242,197.09450390003622,197.1100012003444,197.1100012003444,197.1100012003444,197.1100012003444,197.66167080029845,j,0.5493906000629067,None,left,0,12,1,1,19,14,None,144.74677229998633,144.74701999966055,197.6619863002561,197.67712190002203,197.67712190002203,199.67706920020282,199.67706920020282,199.66061350004748,146.74569769995287,146.7457316997461,199.66674100002274,199.67706920020282,199.67706920020282,200.66041360003874,stimuli/box_empty_transparent.png,147.74548509996384,147.74551409995183,200.66048180032521,200.67606860026717,201.67719490034506,201.6599222002551,148.7449917998165,200.67606860026717,200.67606860026717,,,,,,,,,,,,,,,,,22222,right,no,None,2025-05-07_14h07.02.934,RL_out-of-scanner,2024.2.4,60.5493277023731,2025-05-07 14h07.15.943248 -0500,
30,0,30,space,4.223659799899906,None,5,4.011576100252569,None,148.74608579976484,k,0.3032054998911917,None,None,149.07924959994853,149.0794581999071,150.08007150003687,150.08010570006445,151.07989419996738,151.07993289968,152.0950825996697,,,,,,,0,0,0,0,30,0,30,0,201.67719490034506,,,,,,,,,,,,,,,,,,,,,,,,,,,,,,148.74608579976484,201.66105340002105,201.67719490034506,201.67719490034506,201.67719490034506,201.67719490034506,201.99414600012824,k,0.3032054998911917,None,left,0,12,1,1,19,14,None,149.07924959994853,149.0794581999071,201.99442690005526,202.01033550035208,202.01033550035208,203.01069210004061,203.01069210004061,202.9949857001193,150.08007150003687,150.08010570006445,203.00082600023597,203.01069210004061,203.01069210004061,203.99482560018077,stimuli/box_empty_transparent.png,151.07989419996738,151.07993289968,203.9948973003775,204.0105898003094,205.0274810004048,205.0100153000094,152.0950825996697,204.0105898003094,204.0105898003094,,,,,,,,,,,,,,,,,22222,right,no,None,2025-05-07_14h07.02.934,RL_out-of-scanner,2024.2.4,60.5493277023731,2025-05-07 14h07.15.943248 -0500,
31,0,31,space,4.223659799899906,None,5,4.011576100252569,None,152.09622159972787,k,0.292117599863559,None,None,152.4169564000331,152.41719119995832,155.41257539996877,155.41261289967224,156.41245479974896,156.41247909981757,158.91183779994026,,,,,,,0,0,0,0,31,0,31,0,205.0274810004048,,,,,,,,,,,,,,,,,,,,,,,,,,,,,,152.09622159972787,205.01118910033256,205.0274810004048,205.0274810004048,205.0274810004048,205.0274810004048,205.3318497003056,k,0.292117599863559,None,left,0,12,1,1,19,14,None,152.4169564000331,152.41719119995832,205.33216080022976,205.3441850002855,205.3441850002855,208.34393250010908,208.34393250010908,208.32749350043014,155.41257539996877,155.41261289967224,208.33298530010507,208.34393250010908,208.34393250010908,209.32738770032302,stimuli/box_empty_transparent.png,156.41245479974896,156.41247909981757,209.3274426003918,209.34375180024654,211.84310670010746,211.82676740037277,158.91183779994026,209.34375180024654,209.34375180024654,,,,,,,,,,,,,,,,,22222,right,no,None,2025-05-07_14h07.02.934,RL_out-of-scanner,2024.2.4,60.5493277023731,2025-05-07 14h07.15.943248 -0500,
32,0,32,space,4.223659799899906,None,5,4.011576100252569,None,158.91293729981408,j,0.37673839973285794,None,None,159.31275749998167,159.31300160009414,160.31185030005872,160.3118809997104,161.31191019993275,161.31193239986897,162.31177979987115,,,,,,,0,0,0,0,32,0,32,0,211.84310670010746,,,,,,,,,,,,,,,,,,,,,,,,,,,,,,158.91293729981408,211.8279054001905,211.84310670010746,211.84310670010746,211.84310670010746,211.84310670010746,212.2276567001827,j,0.37673839973285794,None,left,1,12,2,1,20,15,None,159.31275749998167,159.31300160009414,212.22797040035948,212.24307740014046,212.24307740014046,213.24322650022805,213.24322650022805,213.226769100409,160.31185030005872,160.3118809997104,213.23335110023618,213.24322650022805,213.24322650022805,214.2268441002816,stimuli/box_coin_transparent.png,161.31191019993275,161.31193239986897,214.22689570020884,214.24262300040573,215.24344660015777,215.22671170020476,162.31177979987115,214.24262300040573,214.24262300040573,,,,,,,,,,,,,,,,,22222,right,no,None,2025-05-07_14h07.02.934,RL_out-of-scanner,2024.2.4,60.5493277023731,2025-05-07 14h07.15.943248 -0500,
33,0,33,space,4.223659799899906,None,5,4.011576100252569,None,162.31299819983542,k,0.679857200011611,None,None,163.01553779980168,163.0157979996875,165.0122352000326,165.01226829970255,166.01336189964786,166.01338970009238,167.51123029971495,,,,,,,0,0,0,0,33,0,33,0,215.24344660015777,,,,,,,,,,,,,,,,,,,,,,,,,,,,,,162.31299819983542,215.2279680003412,215.24344660015777,215.24344660015777,215.24344660015777,215.24344660015777,215.93043360020965,k,0.679857200011611,None,left,1,12,2,1,20,15,None,163.01553779980168,163.0157979996875,215.93076990032569,215.9436425003223,215.9436425003223,217.94341040030122,217.94341040030122,217.92715200036764,165.0122352000326,165.01226829970255,217.93309639999643,217.94341040030122,217.94341040030122,218.92829020041972,stimuli/box_empty_transparent.png,166.01336189964786,166.01338970009238,218.92835730034858,218.9428078001365,220.4427938000299,220.4261650000699,167.51123029971495,,,,,,,,,,,,,,,,,,,22222,right,no,None,2025-05-07_14h07.02.934,RL_out-of-scanner,2024.2.4,60.5493277023731,2025-05-07 14h07.15.943248 -0500,
34,0,34,space,4.223659799899906,None,5,4.011576100252569,None,167.5123426998034,j,0.318484999705106,None,None,167.86192889977247,167.86216469993815,170.86155609972775,170.86158959986642,171.86185289965943,171.8618787000887,174.36086130002514,,,,,,,0,0,0,0,34,0,34,0,220.4427938000299,,,,,,,,,,,,,,,,,,,,,,,,,,,,,,167.5123426998034,220.42731290031224,220.4427938000299,220.4427938000299,220.4427938000299,220.4427938000299,220.77681180043146,j,0.318484999705106,None,left,1,12,3,1,21,16,None,167.86192889977247,167.86216469993815,220.777139400132,220.7931864000857,220.7931864000857,223.7935473001562,223.7935473001562,223.77646840037778,170.86155609972775,170.86158959986642,223.78292280016467,223.7935473001562,223.7935473001562,224.77678410010412,stimuli/box_coin_transparent.png,171.86185289965943,171.8618787000887,224.7768458002247,224.7923137000762,227.2927161003463,227.2757930001244,174.36086130002514,224.7923137000762,224.7923137000762,,,,,,,,,,,,,,,,,22222,right,no,None,2025-05-07_14h07.02.934,RL_out-of-scanner,2024.2.4,60.5493277023731,2025-05-07 14h07.15.943248 -0500,
35,0,35,space,4.223659799899906,None,5,4.011576100252569,None,174.36199859995395,j,0.4004607000388205,None,None,174.79593379981816,174.79614729993045,176.29598920000717,176.2960200998932,177.29625830007717,177.29628389980644,178.29404619988054,,,,,,,0,0,0,0,35,0,35,0,227.2927161003463,,,,,,,,,,,,,,,,,,,,,,,,,,,,,,174.36199859995395,227.27696400042623,227.2927161003463,227.2927161003463,227.2927161003463,227.2927161003463,227.71083350013942,j,0.4004607000388205,None,left,1,12,4,1,22,17,None,174.79593379981816,174.79614729993045,227.7111159004271,227.7267879000865,227.7267879000865,229.22665090020746,229.22665090020746,229.21090300008655,176.29598920000717,176.2960200998932,229.2173850000836,229.22665090020746,229.22665090020746,230.21118870005012,stimuli/box_coin_transparent.png,177.29625830007717,177.29628389980644,230.2112494003959,230.22562640020624,231.2266824003309,231.2089749001898,178.29404619988054,230.22562640020624,230.22562640020624,,,,,,,,,,,,,,,,,22222,right,no,None,2025-05-07_14h07.02.934,RL_out-of-scanner,2024.2.4,60.5493277023731,2025-05-07 14h07.15.943248 -0500,
36,0,36,space,4.223659799899906,None,5,4.011576100252569,None,178.2952254996635,j,0.4208742999471724,None,None,178.74911959981546,178.74936329992488,180.26177489990368,180.26180709991604,181.26109369983897,181.2611222998239,184.7610673001036,,,,,,,0,0,0,0,36,0,36,0,231.2266824003309,,,,,,,,,,,,,,,,,,,,,,,,,,,,,,178.2952254996635,231.21019500028342,231.2266824003309,231.2266824003309,231.2266824003309,231.2266824003309,231.6640201001428,j,0.4208742999471724,None,left,1,12,5,1,23,18,None,178.74911959981546,178.74936329992488,231.6643345002085,231.6798697002232,231.6798697002232,233.19314510002732,233.19314510002732,233.17667830036953,180.26177489990368,180.26180709991604,233.18308650003746,233.19314510002732,233.19314510002732,234.17602280015126,stimuli/box_coin_transparent.png,181.26109369983897,181.2611222998239,234.1760928002186,234.1920953001827,237.69235670007765,237.676000200212,184.7610673001036,234.1920953001827,234.1920953001827,,,,,,,,,,,,,,,,,22222,right,no,None,2025-05-07_14h07.02.934,RL_out-of-scanner,2024.2.4,60.5493277023731,2025-05-07 14h07.15.943248 -0500,
37,0,37,space,4.223659799899906,None,5,4.011576100252569,None,184.76226139999926,j,0.4078301996923983,None,None,185.19566799979657,185.1959382998757,187.19439599988982,187.19442569976673,188.1948624998331,188.1948870997876,189.19485879968852,,,,,,,0,0,0,0,37,0,37,0,237.69235670007765,,,,,,,,,,,,,,,,,,,,,,,,,,,,,,184.76226139999926,237.67722900025547,237.69235670007765,237.69235670007765,237.69235670007765,237.69235670007765,238.11056890012696,j,0.4078301996923983,None,left,0,12,5,1,24,18,None,185.19566799979657,185.1959382998757,238.11090630013496,238.12597510032356,238.12597510032356,240.12620350020006,240.12620350020006,240.109314000234,187.19439599988982,187.19442569976673,240.11531640030444,240.12620350020006,240.12620350020006,241.1097924001515,stimuli/box_empty_transparent.png,188.1948624998331,188.1948870997876,241.10985270002857,241.12565090041608,242.1267674001865,242.10979340039194,189.19485879968852,,,,,,,,,,,,,,,,,,,22222,right,no,None,2025-05-07_14h07.02.934,RL_out-of-scanner,2024.2.4,60.5493277023731,2025-05-07 14h07.15.943248 -0500,
38,0,38,space,4.223659799899906,None,5,4.011576100252569,None,189.19592140009627,k,0.34814330004155636,None,None,189.56218539969996,189.56238229991868,190.56099179992452,190.56102149980143,191.56102269981056,191.56104549998417,193.06124839978293,,,,,,,0,0,0,0,38,0,38,0,242.1267674001865,,,,,,,,,,,,,,,,,,,,,,,,,,,,,,189.19592140009627,242.1108896001242,242.1267674001865,242.1267674001865,242.1267674001865,242.1267674001865,242.4770865002647,k,0.34814330004155636,None,left,0,12,5,1,24,18,None,189.56218539969996,189.56238229991868,242.47734640026465,242.49254190037027,242.49254190037027,243.4932958004065,243.4932958004065,243.47591110039502,190.56099179992452,190.56102149980143,243.48211890039966,243.4932958004065,243.4932958004065,244.4759559002705,stimuli/box_empty_transparent.png,191.56102269981056,191.56104549998417,244.4760100003332,244.4924000003375,245.992885700427,245.9761822000146,193.06124839978293,244.4924000003375,244.4924000003375,,,,,,,,,,,,,,,,,22222,right,no,None,2025-05-07_14h07.02.934,RL_out-of-scanner,2024.2.4,60.5493277023731,2025-05-07 14h07.15.943248 -0500,
39,0,39,space,4.223659799899906,None,5,4.011576100252569,None,193.06242189975455,j,0.25331889977678657,None,None,193.3455169000663,193.34577769972384,194.34503909992054,194.34506909968331,195.36054319981486,195.36057960009202,196.36059190006927,,,,,,,0,0,0,0,39,0,39,0,245.992885700427,,,,,,,,,,,,,,,,,,,,,,,,,,,,,,193.06242189975455,245.97739120014012,245.992885700427,245.992885700427,245.992885700427,245.992885700427,246.26041260035709,j,0.25331889977678657,None,left,1,12,6,1,25,19,None,193.3455169000663,193.34577769972384,246.26074330043048,246.27583470009267,246.27583470009267,247.2766292002052,247.2766292002052,247.25996040040627,194.34503909992054,194.34506909968331,247.2671153000556,247.2766292002052,247.2766292002052,248.2754673003219,stimuli/box_coin_transparent.png,195.36054319981486,195.36057960009202,248.27557310042903,248.29147040005773,249.2924700002186,249.27552210027352,196.36059190006927,,,,,,,,,,,,,,,,,,,22222,right,no,None,2025-05-07_14h07.02.934,RL_out-of-scanner,2024.2.4,60.5493277023731,2025-05-07 14h07.15.943248 -0500,
40,0,40,space,4.223659799899906,None,5,4.011576100252569,None,196.36168359965086,j,0.3114021997898817,None,None,196.69441449968144,196.69465469988063,198.19540699990466,198.19543690001592,199.19525279989466,199.19527689972892,200.19400059990585,,,,,,,0,0,0,0,40,0,40,0,249.2924700002186,,,,,,,,,,,,,,,,,,,,,,,,,,,,,,196.36168359965086,249.2766515002586,249.2924700002186,249.2924700002186,249.2924700002186,249.2924700002186,249.60931740002707,j,0.3114021997898817,None,left,1,12,7,1,26,20,None,196.69441449968144,196.69465469988063,249.60962040023878,249.6262277001515,249.6262277001515,251.12623150041327,251.12623150041327,251.11032500024885,198.19540699990466,198.19543690001592,251.11762240016833,251.12623150041327,251.12623150041327,252.11018500011414,stimuli/box_coin_transparent.png,199.19525279989466,199.19527689972892,252.1102429004386,252.12503830017522,253.12574900034815,253.10893470002338,200.19400059990585,252.12503830017522,252.12503830017522,,,,,,,,,,,,,,,,,22222,right,no,None,2025-05-07_14h07.02.934,RL_out-of-scanner,2024.2.4,60.5493277023731,2025-05-07 14h07.15.943248 -0500,
41,0,41,space,4.223659799899906,None,5,4.011576100252569,None,200.1955535998568,j,0.45476160012185574,None,None,200.67863249965012,200.67887259973213,201.67735469993204,201.6773883998394,202.67780849989504,202.6778509998694,205.67786969989538,,,,,,,0,0,0,0,41,0,41,0,253.12574900034815,,,,,,,,,,,,,,,,,,,,,,,,,,,,,,200.1955535998568,253.1105226003565,253.12574900034815,253.12574900034815,253.12574900034815,253.12574900034815,253.59353390010074,j,0.45476160012185574,None,left,1,12,8,1,27,21,None,200.67863249965012,200.67887259973213,253.5938375000842,253.6084786001593,253.6084786001593,254.60859770001844,254.60859770001844,254.59227060014382,201.67735469993204,201.6773883998394,254.59982720017433,254.60859770001844,254.60859770001844,255.59273730032146,stimuli/box_coin_transparent.png,202.67780849989504,202.6778509998694,255.59281840035692,255.60851590009406,258.60870410036296,258.5928032002412,205.67786969989538,,,,,,,,,,,,,,,,,,,22222,right,no,None,2025-05-07_14h07.02.934,RL_out-of-scanner,2024.2.4,60.5493277023731,2025-05-07 14h07.15.943248 -0500,
42,0,42,space,4.223659799899906,None,5,4.011576100252569,None,205.67909769993275,j,0.35120190028101206,None,None,206.06106649991125,206.06130329985172,208.06052359985188,208.06055409973487,209.06115909991786,209.06119100004435,212.55954159982502,,,,,,,0,0,0,0,42,0,42,0,258.60870410036296,,,,,,,,,,,,,,,,,,,,,,,,,,,,,,205.67909769993275,258.59406480006874,258.60870410036296,258.60870410036296,258.60870410036296,258.60870410036296,258.97596890013665,j,0.35120190028101206,None,left,1,12,9,1,28,22,None,206.06106649991125,206.06130329985172,258.97626840043813,258.9920265004039,258.9920265004039,260.9929071003571,260.9929071003571,260.9754435000941,208.06052359985188,208.06055409973487,260.98303690040484,260.9929071003571,260.9929071003571,261.97608530009165,stimuli/box_coin_transparent.png,209.06115909991786,209.06119100004435,261.9761612000875,261.9918114002794,265.4923136001453,265.47447400027886,212.55954159982502,,,,,,,,,,,,,,,,,,,22222,right,no,None,2025-05-07_14h07.02.934,RL_out-of-scanner,2024.2.4,60.5493277023731,2025-05-07 14h07.15.943248 -0500,
43,0,43,space,4.223659799899906,None,5,4.011576100252569,None,212.5607332997024,j,0.5137350000441074,None,None,213.09454520000145,213.09481949964538,214.11034769983962,214.11037709983066,215.11014609970152,215.11017100000754,217.1098925997503,,,,,,,0,0,0,0,43,0,43,0,265.4923136001453,,,,,,,,,,,,,,,,,,,,,,,,,,,,,,212.5607332997024,265.4757029004395,265.4923136001453,265.4923136001453,265.4923136001453,265.4923136001453,266.00943490024656,j,0.5137350000441074,None,left,0,12,9,1,29,22,None,213.09454520000145,213.09481949964538,266.00978860026225,266.025911600329,266.025911600329,267.04181940015405,267.04181940015405,267.025265800301,214.11034769983962,214.11037709983066,267.03129489999264,267.04181940015405,267.04181940015405,268.02507830038667,stimuli/box_empty_transparent.png,215.11014609970152,215.11017100000754,268.0251377001405,268.04080280009657,270.0415574000217,270.0248269001022,217.1098925997503,268.04080280009657,268.04080280009657,,,,,,,,,,,,,,,,,22222,right,no,None,2025-05-07_14h07.02.934,RL_out-of-scanner,2024.2.4,60.5493277023731,2025-05-07 14h07.15.943248 -0500,
44,0,44,space,4.223659799899906,None,5,4.011576100252569,None,217.11098439991474,j,0.6168828001245856,None,None,217.76130639994517,217.76157569978386,220.26033829990774,220.26036719977856,221.25997869996354,221.2600026000291,223.25990909989923,,,,,,,0,0,0,0,44,0,44,0,270.0415574000217,,,,,,,,,,,,,,,,,,,,,,,,,,,,,,217.11098439991474,270.0259523000568,270.0415574000217,270.0415574000217,270.0415574000217,270.0415574000217,270.67620090022683,j,0.6168828001245856,None,left,1,12,10,1,30,23,None,217.76130639994517,217.76157569978386,270.67654480040073,270.6919320002198,270.6919320002198,273.1916987001896,273.1916987001896,273.17526010004804,220.26033829990774,220.26036719977856,273.18234270019457,273.1916987001896,273.1916987001896,274.1749126003124,stimuli/box_coin_transparent.png,221.25997869996354,221.2600026000291,274.1749661001377,274.1907667000778,276.1919970000163,276.174842200242,223.25990909989923,274.1907667000778,274.1907667000778,,,,,,,,,,,,,,,,,22222,right,no,None,2025-05-07_14h07.02.934,RL_out-of-scanner,2024.2.4,60.5493277023731,2025-05-07 14h07.15.943248 -0500,
45,0,45,space,4.223659799899906,None,5,4.011576100252569,None,223.26117559988052,j,0.36174939991906285,None,None,223.64356989972293,223.64384089969099,224.64327039988711,224.6433023000136,225.66003029979765,225.66005520010367,226.66048249974847,,,,,,,0,0,0,0,45,0,45,0,276.1919970000163,,,,,,,,,,,,,,,,,,,,,,,,,,,,,,223.26117559988052,276.1761454003863,276.1919970000163,276.1919970000163,276.1919970000163,276.1919970000163,276.55846680002287,j,0.36174939991906285,None,left,1,12,11,1,31,24,None,223.64356989972293,223.64384089969099,276.5588132003322,276.5750435004011,276.5750435004011,277.5757856001146,277.5757856001146,277.55818650033325,224.64327039988711,224.6433023000136,277.5654339999892,277.5757856001146,277.5757856001146,278.5749605000019,stimuli/box_coin_transparent.png,225.66003029979765,225.66005520010367,278.57501940010116,278.5909931003116,279.5913214003667,279.57541690021753,226.66048249974847,,,,,,,,,,,,,,,,,,,22222,right,no,None,2025-05-07_14h07.02.934,RL_out-of-scanner,2024.2.4,60.5493277023731,2025-05-07 14h07.15.943248 -0500,
46,0,46,space,4.223659799899906,None,5,4.011576100252569,None,226.6615542997606,j,0.515716599766165,None,None,227.1938992999494,227.19418099988252,229.1935012000613,229.1935338997282,230.19331829994917,230.1933426000178,231.19264720007777,,,,,,,0,0,0,0,46,0,46,0,279.5913214003667,,,,,,,,,,,,,,,,,,,,,,,,,,,,,,226.6615542997606,279.5765210003592,279.5913214003667,279.5913214003667,279.5913214003667,279.5913214003667,280.10880080005154,j,0.515716599766165,None,left,1,12,12,1,32,25,None,227.1938992999494,227.19418099988252,280.10915140016004,280.1252639000304,280.1252639000304,282.12533300044015,282.12533300044015,282.108419300057,229.1935012000613,229.1935338997282,282.1156368004158,282.12533300044015,282.12533300044015,283.1082515004091,stimuli/box_coin_transparent.png,230.19331829994917,230.1933426000178,283.1083060000092,283.1249146000482,284.12455310020596,284.1075819004327,231.19264720007777,283.1249146000482,283.1249146000482,,,,,,,,,,,,,,,,,22222,right,no,None,2025-05-07_14h07.02.934,RL_out-of-scanner,2024.2.4,60.5493277023731,2025-05-07 14h07.15.943248 -0500,
47,0,47,space,4.223659799899906,None,5,4.011576100252569,None,231.1938104997389,j,0.6718844999559224,None,None,231.89403179986402,231.8942848998122,234.89327690005302,234.89330870006233,235.8932659998536,235.89329219982028,237.3924193996936,,,,,,,0,0,0,0,47,0,47,0,284.12455310020596,,,,,,,,,,,,,,,,,,,,,,,,,,,,,,231.1938104997389,284.1087809000164,284.12455310020596,284.12455310020596,284.12455310020596,284.12455310020596,284.80893460009247,j,0.6718844999559224,None,right,1,9,0,2,32,25,None,231.89403179986402,231.8942848998122,284.80925420019776,284.8250395003706,284.8250395003706,287.82517890026793,287.82517890026793,287.8081964002922,234.89327690005302,234.89330870006233,287.8143763002008,287.82517890026793,287.82517890026793,288.8081987001933,stimuli/box_empty_transparent.png,235.8932659998536,235.89329219982028,288.80825840029866,288.8237741002813,290.32474340032786,290.30734330043197,237.3924193996936,288.8237741002813,288.8237741002813,,,,,,,,,,,,,,,,,22222,right,no,None,2025-05-07_14h07.02.934,RL_out-of-scanner,2024.2.4,60.5493277023731,2025-05-07 14h07.15.943248 -0500,
48,0,48,space,4.223659799899906,None,5,4.011576100252569,None,237.39367710007355,j,0.4358359999023378,None,None,237.8599489000626,237.860204000026,239.35966389998794,239.35970159992576,240.36017780005932,240.36021759966388,243.85933859972283,,,,,,,0,0,0,0,48,0,48,0,290.32474340032786,,,,,,,,,,,,,,,,,,,,,,,,,,,,,,237.39367710007355,290.30864700023085,290.32474340032786,290.32474340032786,290.32474340032786,290.32474340032786,290.77484420035034,j,0.4358359999023378,None,right,1,9,0,2,32,25,None,237.8599489000626,237.860204000026,290.7751724002883,290.7911860002205,290.7911860002205,292.29188930010423,292.29188930010423,292.2745732003823,239.35966389998794,239.35970159992576,292.28024340001866,292.29188930010423,292.29188930010423,293.2751069003716,stimuli/box_empty_transparent.png,240.36017780005932,240.36021759966388,293.27518540015444,293.29034840036184,296.79178660036996,296.77427400043234,243.85933859972283,,,,,,,,,,,,,,,,,,,22222,right,no,None,2025-05-07_14h07.02.934,RL_out-of-scanner,2024.2.4,60.5493277023731,2025-05-07 14h07.15.943248 -0500,
49,0,49,space,4.223659799899906,None,5,4.011576100252569,None,243.86054900009185,k,0.7924617999233305,None,None,244.67640319978818,244.67659389972687,246.17590569984168,246.1759381997399,247.19231619965285,247.19234849978238,247.1926529998891,,,,,,,0,0,0,0,49,0,49,0,296.79178660036996,,,,,,,,,,,,,,,,,,,,,,,,,,,,,,243.86054900009185,296.77551820036024,296.79178660036996,296.79178660036996,296.79178660036996,296.79178660036996,297.5913070002571,k,0.7924617999233305,None,right,1,9,1,2,33,26,None,244.67640319978818,244.67659389972687,297.5915610003285,297.6072926004417,297.6072926004417,299.10873310035095,299.10873310035095,299.0908234003,246.17590569984168,246.1759381997399,299.09806600026786,299.10873310035095,299.10873310035095,300.10724580008537,stimuli/box_coin_transparent.png,247.19231619965285,247.19234849978238,300.107327000238,300.1231039999984,300.1231039999984,300.1075896001421,247.1926529998891,,,,,,,,,,,,,,,,,,,22222,right,no,None,2025-05-07_14h07.02.934,RL_out-of-scanner,2024.2.4,60.5493277023731,2025-05-07 14h07.15.943248 -0500,
0,0,0,space,4.223659799899906,None,5,4.011576100252569,None,,,,,,,,,,,,,,,,,,,0,0,0,0,,,,,,,,,,,,,,,,,,,,,,,,,,,,,,,,,,,,,,,,,,,,,,,,,,,,,,,,,,,,,,,,,,,,,,,,,,,,,,,,,,,300.1188147002831,300.1231039999984,304.12401780020446,304.10735320020467,304.1095282002352,304.12401780020446,356.5050320001319,356.48864290025085,,,22222,right,no,None,2025-05-07_14h07.02.934,RL_out-of-scanner,2024.2.4,60.5493277023731,2025-05-07 14h07.15.943248 -0500,
0,0,0,space,4.017373600043356,None,5,3.3375472999177873,None,0.0018591000698506832,j,1.2133340002037585,None,None,1.2337843999266624,1.2340474999509752,2.233403400052339,2.2334345998242497,3.2500598998740315,3.250094700139016,5.250208599958569,,,,,,,1,0,1,0,0,0,0,0,363.9054467002861,,,,,,,,,,,,,,,,356.48878290038556,356.5050320001319,356.5050320001319,360.52316400036216,space,4.017373600043356,None,360.523234100081,360.5389201003127,360.5389201003127,363.88908110000193,5,3.3375472999177873,None,0.0018591000698506832,363.89099910017103,363.9054467002861,363.9054467002861,363.9054467002861,363.9054467002861,365.12285360042006,j,1.2133340002037585,None,right,1,11,0,3,33,0,None,1.2337843999266624,1.2340474999509752,365.1231908001937,365.1386185004376,365.1386185004376,366.1403247001581,366.1403247001581,366.1224925001152,2.233403400052339,2.2334345998242497,366.1286879000254,366.1403247001581,366.1403247001581,367.13915210030973,stimuli/box_empty_transparent.png,3.2500598998740315,3.250094700139016,367.13924080040306,367.15465080039576,369.1558188004419,369.1393138002604,5.250208599958569,,,,,,,,,,,,,,,,,,,22222,right,no,None,2025-05-07_14h07.02.934,RL_out-of-scanner,2024.2.4,60.5493277023731,2025-05-07 14h07.15.943248 -0500,
1,0,1,space,4.017373600043356,None,5,3.3375472999177873,None,5.251370799727738,k,0.3149135997518897,None,None,5.583849699702114,5.584038299974054,7.08367870002985,7.0837109996937215,8.083581400103867,8.083605799824,9.583628899883479,,,,,,,1,0,1,0,1,0,1,0,369.1558188004419,,,,,,,,,,,,,,,,,,,,,,,,,,,,,,5.251370799727738,369.1405114000663,369.1558188004419,369.1558188004419,369.1558188004419,369.1558188004419,369.4729243000038,k,0.3149135997518897,None,right,1,11,1,3,34,1,None,5.583849699702114,5.584038299974054,369.4731768001802,369.48892180016264,369.48892180016264,370.98960070032626,370.98960070032626,370.9727656003088,7.08367870002985,7.0837109996937215,370.9800248001702,370.98960070032626,370.98960070032626,371.9726848001592,stimuli/box_coin_transparent.png,8.083581400103867,8.083605799824,371.9727411000058,371.9886173000559,373.489358200226,373.4727358003147,9.583628899883479,371.9886173000559,371.9886173000559,,,,,,,,,,,,,,,,,22222,right,no,None,2025-05-07_14h07.02.934,RL_out-of-scanner,2024.2.4,60.5493277023731,2025-05-07 14h07.15.943248 -0500,
2,0,2,space,4.017373600043356,None,5,3.3375472999177873,None,9.584736600052565,k,0.3473201999440789,None,None,9.950716899707913,9.950962199829519,10.950274599716067,10.95030270004645,11.95016560005024,11.950190899893641,14.949107999913394,,,,,,,1,0,1,0,2,0,2,0,373.489358200226,,,,,,,,,,,,,,,,,,,,,,,,,,,,,,9.584736600052565,373.4738754001446,373.489358200226,373.489358200226,373.489358200226,373.489358200226,373.839792100247,k,0.3473201999440789,None,right,0,11,1,3,35,1,None,9.950716899707913,9.950962199829519,373.8401023000479,373.8554830001667,373.8554830001667,374.8563273004256,374.8563273004256,374.83936480013654,10.950274599716067,10.95030270004645,374.84563340013847,374.8563273004256,374.8563273004256,375.8392588002607,stimuli/box_empty_transparent.png,11.95016560005024,11.950190899893641,375.8393302001059,375.8548983000219,378.8557597002946,378.8382129003294,14.949107999913394,375.8548983000219,375.8548983000219,,,,,,,,,,,,,,,,,22222,right,no,None,2025-05-07_14h07.02.934,RL_out-of-scanner,2024.2.4,60.5493277023731,2025-05-07 14h07.15.943248 -0500,
3,0,3,space,4.017373600043356,None,5,3.3375472999177873,None,14.950421799905598,k,0.31493410002440214,None,None,15.28348909970373,15.283680600114167,17.28325209999457,17.283284700009972,18.282713499851525,18.28274070005864,19.28228659974411,,,,,,,1,0,1,0,3,0,3,0,378.8557597002946,,,,,,,,,,,,,,,,,,,,,,,,,,,,,,14.950421799905598,378.83956140000373,378.8557597002946,378.8557597002946,378.8557597002946,378.8557597002946,379.17256190022454,k,0.31493410002440214,None,right,0,11,1,3,36,1,None,15.28348909970373,15.283680600114167,379.17281980020925,379.18875690037385,379.18875690037385,381.1884896000847,381.1884896000847,381.17234070040286,17.28325209999457,17.283284700009972,381.1777701000683,381.1884896000847,381.1884896000847,382.17181620001793,stimuli/box_empty_transparent.png,18.282713499851525,18.28274070005864,382.1718787001446,382.18756200000644,383.1884844000451,383.1713920002803,19.28228659974411,382.18756200000644,382.18756200000644,,,,,,,,,,,,,,,,,22222,right,no,None,2025-05-07_14h07.02.934,RL_out-of-scanner,2024.2.4,60.5493277023731,2025-05-07 14h07.15.943248 -0500,
4,0,4,space,4.017373600043356,None,5,3.3375472999177873,None,19.2835033996962,j,0.31640860019251704,None,None,19.63347869971767,19.63370499992743,20.633266999851912,20.633304600138217,21.63305850001052,21.63308609975502,24.131988300010562,,,,,,,1,0,1,0,4,0,4,0,383.1884844000451,,,,,,,,,,,,,,,,,,,,,,,,,,,,,,19.2835033996962,383.1726440000348,383.1884844000451,383.1884844000451,383.1884844000451,383.1884844000451,383.5225538001396,j,0.31640860019251704,None,right,0,11,1,3,36,1,None,19.63347869971767,19.63370499992743,383.52284470014274,383.5380599000491,383.5380599000491,384.53879660042,384.53879660042,384.52235810039565,20.633266999851912,20.633304600138217,384.5283480002545,384.53879660042,384.53879660042,385.522159000393,stimuli/box_empty_transparent.png,21.63305850001052,21.63308609975502,385.5222252001986,385.53770300000906,388.0384544003755,388.02109390031546,24.131988300010562,385.53770300000906,385.53770300000906,,,,,,,,,,,,,,,,,22222,right,no,None,2025-05-07_14h07.02.934,RL_out-of-scanner,2024.2.4,60.5493277023731,2025-05-07 14h07.15.943248 -0500,
5,0,5,space,4.017373600043356,None,5,3.3375472999177873,None,24.13319279998541,j,0.4174631000496447,None,None,24.583250700030476,24.58349459990859,28.083588999696076,28.08361929981038,29.082110399845988,29.082134100142866,31.0823133001104,,,,,,,1,0,1,0,5,0,5,0,388.0384544003755,,,,,,,,,,,,,,,,,,,,,,,,,,,,,,24.13319279998541,388.02233370020986,388.0384544003755,388.0384544003755,388.0384544003755,388.0384544003755,388.4723257003352,j,0.4174631000496447,None,right,0,11,1,3,36,1,None,24.583250700030476,24.58349459990859,388.4726343001239,388.488557100296,388.488557100296,391.988152500242,391.988152500242,391.97268070001155,28.083588999696076,28.08361929981038,391.9783869003877,391.988152500242,391.988152500242,392.97121460037306,stimuli/box_empty_transparent.png,29.082110399845988,29.082134100142866,392.9712693002075,392.98728230036795,394.9876397000626,394.9714196003042,31.0823133001104,392.98728230036795,392.98728230036795,,,,,,,,,,,,,,,,,22222,right,no,None,2025-05-07_14h07.02.934,RL_out-of-scanner,2024.2.4,60.5493277023731,2025-05-07 14h07.15.943248 -0500,
6,0,6,space,4.017373600043356,None,5,3.3375472999177873,None,31.08347859978676,k,0.3010029001161456,None,None,31.416254200041294,31.416448100004345,32.415919200051576,32.41594719979912,33.416434899903834,33.416459899861366,34.41566459974274,,,,,,,1,0,1,0,6,0,6,0,394.9876397000626,,,,,,,,,,,,,,,,,,,,,,,,,,,,,,31.08347859978676,394.9726181002334,394.9876397000626,394.9876397000626,394.9876397000626,394.9876397000626,395.3053300003521,k,0.3010029001161456,None,right,1,11,2,3,37,2,None,31.416254200041294,31.416448100004345,395.305598300416,395.3219562000595,395.3219562000595,396.3219830002636,396.3219830002636,396.30501110013574,32.415919200051576,32.41594719979912,396.3124962002039,396.3219830002636,396.3219830002636,397.3055244004354,stimuli/box_coin_transparent.png,33.416434899903834,33.416459899861366,397.3056076001376,397.3205096004531,398.3209746000357,398.3047675001435,34.41566459974274,,,,,,,,,,,,,,,,,,,22222,right,no,None,2025-05-07_14h07.02.934,RL_out-of-scanner,2024.2.4,60.5493277023731,2025-05-07 14h07.15.943248 -0500,
7,0,7,space,4.017373600043356,None,5,3.3375472999177873,None,34.416839299723506,k,0.5443937000818551,None,None,34.982466199900955,34.98267500009388,36.98295189999044,36.9829818001017,37.981934200040996,37.981958699878305,39.981860199943185,,,,,,,1,0,1,0,7,0,7,0,398.3209746000357,,,,,,,,,,,,,,,,,,,,,,,,,,,,,,34.416839299723506,398.3059784001671,398.3209746000357,398.3209746000357,398.3209746000357,398.3209746000357,398.87153460038826,k,0.5443937000818551,None,right,0,11,2,3,38,2,None,34.982466199900955,34.98267500009388,398.87181140016764,398.8883897000924,398.8883897000924,400.888377700001,400.888377700001,400.87204330042005,36.98295189999044,36.9829818001017,400.8779256003909,400.888377700001,400.888377700001,401.87103890022263,stimuli/box_empty_transparent.png,37.981934200040996,37.981958699878305,401.8710939004086,401.88683219999075,403.8873729002662,403.87096530012786,39.981860199943185,401.88683219999075,401.88683219999075,,,,,,,,,,,,,,,,,22222,right,no,None,2025-05-07_14h07.02.934,RL_out-of-scanner,2024.2.4,60.5493277023731,2025-05-07 14h07.15.943248 -0500,
8,0,8,space,4.017373600043356,None,5,3.3375472999177873,None,39.983039299957454,j,0.35027700010687113,None,None,40.34964559972286,40.349951500073075,43.34894619975239,43.348977299872786,44.34881439991295,44.34884160012007,45.84911529999226,,,,,,,1,0,1,0,8,0,8,0,403.8873729002662,,,,,,,,,,,,,,,,,,,,,,,,,,,,,,39.983039299957454,403.87217980017886,403.8873729002662,403.8873729002662,403.8873729002662,403.8873729002662,404.2387132002041,j,0.35027700010687113,None,right,0,11,2,3,38,2,None,40.34964559972286,40.349951500073075,404.23909730045125,404.2540815002285,404.2540815002285,407.25489670038223,407.25489670038223,407.23803430004045,43.34894619975239,43.348977299872786,407.244776500389,407.25489670038223,407.25489670038223,408.23791400017217,stimuli/box_empty_transparent.png,44.34881439991295,44.34884160012007,408.23798470012844,408.25355640007183,409.7539576003328,409.7382179000415,45.84911529999226,408.25355640007183,408.25355640007183,,,,,,,,,,,,,,,,,22222,right,no,None,2025-05-07_14h07.02.934,RL_out-of-scanner,2024.2.4,60.5493277023731,2025-05-07 14h07.15.943248 -0500,
9,0,9,space,4.017373600043356,None,5,3.3375472999177873,None,45.85038590012118,k,0.7550564003176987,None,None,46.632748699747026,46.632962699979544,48.13260889984667,48.13263709982857,49.13209109986201,49.132119100075215,51.13226509978995,,,,,,,1,0,1,0,9,0,9,0,409.7539576003328,,,,,,,,,,,,,,,,,,,,,,,,,,,,,,45.85038590012118,409.7395264003426,409.7539576003328,409.7539576003328,409.7539576003328,409.7539576003328,410.5218167002313,k,0.7550564003176987,None,right,1,11,3,3,39,3,None,46.632748699747026,46.632962699979544,410.5221028001979,410.5376011002809,410.5376011002809,412.038208800368,412.038208800368,412.0216997000389,48.13260889984667,48.13263709982857,412.02945380005985,412.038208800368,412.038208800368,413.0211900002323,stimuli/box_coin_transparent.png,49.13209109986201,49.132119100075215,413.02126010041684,413.0366629003547,415.03815690008923,415.0213725003414,51.13226509978995,413.0366629003547,413.0366629003547,,,,,,,,,,,,,,,,,22222,right,no,None,2025-05-07_14h07.02.934,RL_out-of-scanner,2024.2.4,60.5493277023731,2025-05-07 14h07.15.943248 -0500,
10,0,10,space,4.017373600043356,None,5,3.3375472999177873,None,51.13335159979761,j,0.3765231999568641,None,None,51.5320685999468,51.53231259994209,53.04870959976688,53.048741799779236,54.04865620005876,54.0486804000102,55.04802950005978,,,,,,,1,0,1,0,10,0,10,0,415.03815690008923,,,,,,,,,,,,,,,,,,,,,,,,,,,,,,51.13335159979761,415.022490600124,415.03815690008923,415.03815690008923,415.03815690008923,415.03815690008923,415.42114330036566,j,0.3765231999568641,None,right,1,11,3,3,39,3,None,51.5320685999468,51.53231259994209,415.4214528002776,415.4380486002192,415.4380486002192,416.9543087002821,416.9543087002821,416.937795100268,53.04870959976688,53.048741799779236,416.94401300000027,416.9543087002821,416.9543087002821,417.9377594999969,stimuli/box_empty_transparent.png,54.04865620005876,54.0486804000102,417.9378164000809,417.9535394003615,418.9550498002209,418.93713330011815,55.04802950005978,417.9535394003615,417.9535394003615,,,,,,,,,,,,,,,,,22222,right,no,None,2025-05-07_14h07.02.934,RL_out-of-scanner,2024.2.4,60.5493277023731,2025-05-07 14h07.15.943248 -0500,
11,0,11,space,4.017373600043356,None,5,3.3375472999177873,None,55.04918720014393,j,0.3766495999880135,None,None,55.44889959972352,55.449140599928796,57.44880749983713,57.448839500080794,58.44869010010734,58.44871369982138,59.94836199982092,,,,,,,1,0,1,0,11,0,11,0,418.9550498002209,,,,,,,,,,,,,,,,,,,,,,,,,,,,,,55.04918720014393,418.938326000236,418.9550498002209,418.9550498002209,418.9550498002209,418.9550498002209,419.3379749003798,j,0.3766495999880135,None,right,1,11,3,3,39,3,None,55.44889959972352,55.449140599928796,419.33827780000865,419.3538518003188,419.3538518003188,421.35473810043186,421.35473810043186,421.33789420034736,57.44880749983713,57.448839500080794,421.3440605001524,421.35473810043186,421.35473810043186,422.33779490040615,stimuli/box_empty_transparent.png,58.44869010010734,58.44871369982138,422.3378485003486,422.3529395000078,423.85436080023646,423.83746830001473,59.94836199982092,422.3529395000078,422.3529395000078,,,,,,,,,,,,,,,,,22222,right,no,None,2025-05-07_14h07.02.934,RL_out-of-scanner,2024.2.4,60.5493277023731,2025-05-07 14h07.15.943248 -0500,
12,0,12,space,4.017373600043356,None,5,3.3375472999177873,None,59.9495417997241,k,0.4706298001110554,None,None,60.44981059990823,60.4500198001042,61.44797080010176,61.448004299774766,62.4483472998254,62.44838159997016,65.44709339970723,,,,,,,1,0,1,0,12,0,12,0,423.85436080023646,,,,,,,,,,,,,,,,,,,,,,,,,,,,,,59.9495417997241,423.83868260029703,423.85436080023646,423.85436080023646,423.85436080023646,423.85436080023646,424.33888050029054,k,0.4706298001110554,None,right,1,11,4,3,40,4,None,60.44981059990823,60.4500198001042,424.33915850007907,424.35375730041414,424.35375730041414,425.3540971004404,425.3540971004404,425.33705950016156,61.44797080010176,61.448004299774766,425.34424630040303,425.3540971004404,425.3540971004404,426.33744820021093,stimuli/box_coin_transparent.png,62.4483472998254,62.44838159997016,426.33752160007134,426.35329390037805,429.3531328001991,429.33619670011103,65.44709339970723,,,,,,,,,,,,,,,,,,,22222,right,no,None,2025-05-07_14h07.02.934,RL_out-of-scanner,2024.2.4,60.5493277023731,2025-05-07 14h07.15.943248 -0500,
13,0,13,space,4.017373600043356,None,5,3.3375472999177873,None,65.44820530014113,k,0.3543445998802781,None,None,65.83166329981759,65.83186220005155,66.33150469977409,66.33153369976208,67.33152090013027,67.33154719974846,69.33179119974375,,,,,,,1,0,1,0,13,0,13,0,429.3531328001991,,,,,,,,,,,,,,,,,,,,,,,,,,,,,,65.44820530014113,429.3373409002088,429.3531328001991,429.3531328001991,429.3531328001991,429.3531328001991,429.72073200019076,k,0.3543445998802781,None,right,1,11,5,3,41,5,None,65.83166329981759,65.83186220005155,429.72100350027904,429.7366684000008,429.7366684000008,430.23791120015085,430.23791120015085,430.22059720009565,66.33150469977409,66.33153369976208,430.22817390039563,430.23791120015085,430.23791120015085,431.2206228002906,stimuli/box_coin_transparent.png,67.33152090013027,67.33154719974846,431.22068550018594,431.23609000025317,433.23749650036916,433.2208954002708,69.33179119974375,431.23609000025317,431.23609000025317,,,,,,,,,,,,,,,,,22222,right,no,None,2025-05-07_14h07.02.934,RL_out-of-scanner,2024.2.4,60.5493277023731,2025-05-07 14h07.15.943248 -0500,
14,0,14,space,4.017373600043356,None,5,3.3375472999177873,None,69.3330378998071,k,0.34866910008713603,None,None,69.69859739998356,69.69880020013079,71.19829710014164,71.19833269994706,72.19808160001412,72.19810799974948,73.19807290006429,,,,,,,1,0,1,0,14,0,14,0,433.23749650036916,,,,,,,,,,,,,,,,,,,,,,,,,,,,,,69.3330378998071,433.22217880003154,433.23749650036916,433.23749650036916,433.23749650036916,433.23749650036916,433.58767220005393,k,0.34866910008713603,None,right,1,11,6,3,42,6,None,69.69859739998356,69.69880020013079,433.5879375003278,433.6038594003767,433.6038594003767,435.10442260000855,435.10442260000855,435.087378800381,71.19829710014164,71.19833269994706,435.09361960040405,435.10442260000855,435.10442260000855,436.08718400029466,stimuli/box_coin_transparent.png,72.19808160001412,72.19810799974948,436.08724640030414,436.10259190015495,437.1036962000653,437.087176900357,73.19807290006429,436.10259190015495,436.10259190015495,,,,,,,,,,,,,,,,,22222,right,no,None,2025-05-07_14h07.02.934,RL_out-of-scanner,2024.2.4,60.5493277023731,2025-05-07 14h07.15.943248 -0500,
15,0,15,space,4.017373600043356,None,5,3.3375472999177873,None,73.19936090009287,k,0.5657779998145998,None,None,73.78159509971738,73.78185549983755,74.78096999973059,74.78100410010666,75.78129069972783,75.78131429990754,77.78047739993781,,,,,,,1,0,1,0,15,0,15,0,437.1036962000653,,,,,,,,,,,,,,,,,,,,,,,,,,,,,,73.19936090009287,437.08850250020623,437.1036962000653,437.1036962000653,437.1036962000653,437.1036962000653,437.67066080030054,k,0.5657779998145998,None,right,0,11,6,3,43,6,None,73.78159509971738,73.78185549983755,437.6709975004196,437.68688560044393,437.68688560044393,438.68727270001546,438.68727270001546,438.6700547002256,74.78096999973059,74.78100410010666,438.67613980034366,438.68727270001546,438.68727270001546,439.67039400013164,stimuli/box_empty_transparent.png,75.78129069972783,75.78131429990754,439.67045020032674,439.6860039001331,441.68625610042363,441.66958350036293,77.78047739993781,439.6860039001331,439.6860039001331,,,,,,,,,,,,,,,,,22222,right,no,None,2025-05-07_14h07.02.934,RL_out-of-scanner,2024.2.4,60.5493277023731,2025-05-07 14h07.15.943248 -0500,
16,0,16,space,4.017373600043356,None,5,3.3375472999177873,None,77.7816495001316,j,0.8621541997417808,None,None,78.6645852997899,78.66483919974416,80.6646734001115,80.66470449976623,81.68061659997329,81.68064059969038,82.68059499980882,,,,,,,1,0,1,0,16,0,16,0,441.68625610042363,,,,,,,,,,,,,,,,,,,,,,,,,,,,,,77.7816495001316,441.67079110024497,441.68625610042363,441.68625610042363,441.68625610042363,441.68625610042363,442.55366010032594,j,0.8621541997417808,None,right,0,11,6,3,43,6,None,78.6645852997899,78.66483919974416,442.5539771001786,442.5702574001625,442.5702574001625,444.5713917003013,444.5713917003013,444.55376240005717,80.6646734001115,80.66470449976623,444.5600122003816,444.5713917003013,444.5713917003013,445.56971790036187,stimuli/box_empty_transparent.png,81.68061659997329,81.68064059969038,445.56977690011263,445.5854489002377,446.58657320030034,446.5696984003298,82.68059499980882,,,,,,,,,,,,,,,,,,,22222,right,no,None,2025-05-07_14h07.02.934,RL_out-of-scanner,2024.2.4,60.5493277023731,2025-05-07 14h07.15.943248 -0500,
17,0,17,space,4.017373600043356,None,5,3.3375472999177873,None,82.68185620009899,k,0.3525592000223696,None,None,83.06502680014819,83.06522860005498,84.06429360015318,84.06432239990681,85.06506810011342,85.06509270006791,86.06401890004054,,,,,,,1,0,1,0,17,0,17,0,446.58657320030034,,,,,,,,,,,,,,,,,,,,,,,,,,,,,,82.68185620009899,446.57099680043757,446.58657320030034,446.58657320030034,446.58657320030034,446.58657320030034,446.95409960020334,k,0.3525592000223696,None,right,1,11,7,3,44,7,None,83.06502680014819,83.06522860005498,446.95436790026724,446.97011580038816,446.97011580038816,447.96985710039735,447.96985710039735,447.95338830025867,84.06429360015318,84.06432239990681,447.9605487002991,447.96985710039735,447.96985710039735,448.95417050039396,stimuli/box_coin_transparent.png,85.06506810011342,85.06509270006791,448.95422760024667,448.9687723000534,449.96981410030276,449.95312530035153,86.06401890004054,,,,,,,,,,,,,,,,,,,22222,right,no,None,2025-05-07_14h07.02.934,RL_out-of-scanner,2024.2.4,60.5493277023731,2025-05-07 14h07.15.943248 -0500,
18,0,18,space,4.017373600043356,None,5,3.3375472999177873,None,86.0651913001202,k,0.31407970003783703,None,None,86.39798899972811,86.39817490009591,89.89716409984976,89.89719259971753,90.89759449986741,90.89761930005625,92.89662609994411,,,,,,,1,0,1,0,18,0,18,0,449.96981410030276,,,,,,,,,,,,,,,,,,,,,,,,,,,,,,86.0651913001202,449.95433170022443,449.96981410030276,449.96981410030276,449.96981410030276,449.96981410030276,450.287063700147,k,0.31407970003783703,None,right,1,11,8,3,45,8,None,86.39798899972811,86.39817490009591,450.2873112000525,450.30320180021226,450.30320180021226,453.80352240009233,453.80352240009233,453.7862568004057,89.89716409984976,89.89719259971753,453.7934901001863,453.80352240009233,453.80352240009233,454.7866964000277,stimuli/box_coin_transparent.png,90.89759449986741,90.89761930005625,454.7867667004466,454.80238320026547,456.8026706003584,456.78573070000857,92.89662609994411,,,,,,,,,,,,,,,,,,,22222,right,no,None,2025-05-07_14h07.02.934,RL_out-of-scanner,2024.2.4,60.5493277023731,2025-05-07 14h07.15.943248 -0500,
19,0,19,space,4.017373600043356,None,5,3.3375472999177873,None,92.8978198999539,j,0.27308280020952225,None,None,93.19812309974805,93.1983969998546,94.1972996997647,94.19732909975573,95.1975086000748,95.1975353998132,96.69770479993895,,,,,,,1,0,1,0,19,0,19,0,456.8026706003584,,,,,,,,,,,,,,,,,,,,,,,,,,,,,,92.8978198999539,456.7869619000703,456.8026706003584,456.8026706003584,456.8026706003584,456.8026706003584,457.0871890000999,j,0.27308280020952225,None,right,1,11,8,3,45,8,None,93.19812309974805,93.1983969998546,457.087537500076,457.1030401000753,457.1030401000753,458.10348920011893,458.10348920011893,458.08639280032367,94.1972996997647,94.19732909975573,458.09265430038795,458.10348920011893,458.10348920011893,459.08660860033706,stimuli/box_empty_transparent.png,95.1975086000748,95.1975353998132,459.0866745002568,459.1027359003201,460.6033582002856,460.58681060001254,96.69770479993895,,,,,,,,,,,,,,,,,,,22222,right,no,None,2025-05-07_14h07.02.934,RL_out-of-scanner,2024.2.4,60.5493277023731,2025-05-07 14h07.15.943248 -0500,
20,0,20,space,4.017373600043356,None,5,3.3375472999177873,None,96.69888149993494,k,0.318038500379771,None,None,97.04783729976043,97.04804260004312,99.04767620004714,99.04770859982818,100.047737499699,100.04776499979198,102.04715659981593,,,,,,,1,0,1,0,20,0,20,0,460.6033582002856,,,,,,,,,,,,,,,,,,,,,,,,,,,,,,96.69888149993494,460.5880195000209,460.6033582002856,460.6033582002856,460.6033582002856,460.6033582002856,460.93690720014274,k,0.318038500379771,None,right,1,11,9,3,46,9,None,97.04783729976043,97.04804260004312,460.9371942002326,460.95293250028044,460.95293250028044,462.95385270006955,462.95385270006955,462.9367590001784,99.04767620004714,99.04770859982818,462.9440342001617,462.95385270006955,462.95385270006955,463.93683730019256,stimuli/box_coin_transparent.png,100.047737499699,100.04776499979198,463.9369044001214,463.9522781004198,465.9531305003911,465.9362618001178,102.04715659981593,463.9522781004198,463.9522781004198,,,,,,,,,,,,,,,,,22222,right,no,None,2025-05-07_14h07.02.934,RL_out-of-scanner,2024.2.4,60.5493277023731,2025-05-07 14h07.15.943248 -0500,
21,0,21,space,4.017373600043356,None,5,3.3375472999177873,None,102.0482340999879,k,0.5863593001849949,None,None,102.66456250008196,102.66478209989145,105.66339279990643,105.66342049976811,106.66374519979581,106.6637697997503,108.16395029984415,,,,,,,1,0,1,0,21,0,21,0,465.9531305003911,,,,,,,,,,,,,,,,,,,,,,,,,,,,,,102.0482340999879,465.9373723003082,465.9531305003911,465.9531305003911,465.9531305003911,465.9531305003911,466.5536170001142,k,0.5863593001849949,None,right,1,11,10,3,47,10,None,102.66456250008196,102.66478209989145,466.55392330000177,466.5695598004386,466.5695598004386,469.5695079001598,469.5695079001598,469.55248650023714,105.66339279990643,105.66342049976811,469.55969390040264,469.5695079001598,469.5695079001598,470.55284020025283,stimuli/box_coin_transparent.png,106.66374519979581,106.6637697997503,470.55290530016646,470.56923100026324,472.0697620003484,472.0530576002784,108.16395029984415,,,,,,,,,,,,,,,,,,,22222,right,no,None,2025-05-07_14h07.02.934,RL_out-of-scanner,2024.2.4,60.5493277023731,2025-05-07 14h07.15.943248 -0500,
22,0,22,space,4.017373600043356,None,5,3.3375472999177873,None,108.16506760008633,k,0.599210700020194,None,None,108.78149619977921,108.78167859977111,110.2800696999766,110.28010849980637,111.28024340001866,111.2802675999701,113.29590879986063,,,,,,,1,0,1,0,22,0,22,0,472.0697620003484,,,,,,,,,,,,,,,,,,,,,,,,,,,,,,108.16506760008633,472.0542060001753,472.0697620003484,472.0697620003484,472.0697620003484,472.0697620003484,472.67057230044156,k,0.599210700020194,None,right,0,11,10,3,48,10,None,108.78149619977921,108.78167859977111,472.6708148000762,472.68557560024783,472.68557560024783,474.1862693000585,474.1862693000585,474.1691481000744,110.2800696999766,110.28010849980637,474.17455620039254,474.1862693000585,474.1862693000585,475.1693480000831,stimuli/box_empty_transparent.png,111.28024340001866,111.2802675999701,475.1694027003832,475.1857863999903,477.2018860001117,477.1850147000514,113.29590879986063,475.1857863999903,475.1857863999903,,,,,,,,,,,,,,,,,22222,right,no,None,2025-05-07_14h07.02.934,RL_out-of-scanner,2024.2.4,60.5493277023731,2025-05-07 14h07.15.943248 -0500,
23,0,23,space,4.017373600043356,None,5,3.3375472999177873,None,113.29709309991449,k,0.3580732997506857,None,None,113.68130589975044,113.6815010998398,115.18017549999058,115.1802043998614,116.17963759973645,116.17966410005465,117.68032239982858,,,,,,,1,0,1,0,23,0,23,0,477.2018860001117,,,,,,,,,,,,,,,,,,,,,,,,,,,,,,113.29709309991449,477.18623480014503,477.2018860001117,477.2018860001117,477.2018860001117,477.2018860001117,477.5703517002985,k,0.3580732997506857,None,right,1,11,11,3,49,11,None,113.68130589975044,113.6815010998398,477.57063900027424,477.58563830005005,477.58563830005005,479.0855676000938,479.0855676000938,479.06926660006866,115.18017549999058,115.1802043998614,479.0766036002897,479.0855676000938,479.0855676000938,480.068740000017,stimuli/box_coin_transparent.png,116.17963759973645,116.17966410005465,480.0688028000295,480.08496340038255,481.5850912001915,481.5694278003648,117.68032239982858,480.08496340038255,480.08496340038255,,,,,,,,,,,,,,,,,22222,right,no,None,2025-05-07_14h07.02.934,RL_out-of-scanner,2024.2.4,60.5493277023731,2025-05-07 14h07.15.943248 -0500,
24,0,24,space,4.017373600043356,None,5,3.3375472999177873,None,117.68150770012289,k,0.517718399874866,None,None,118.23102669976652,118.23121300013736,120.22995790001005,120.22998469974846,121.22993699973449,121.22997630015016,122.72897549998015,,,,,,,1,0,1,0,24,0,24,0,481.5850912001915,,,,,,,,,,,,,,,,,,,,,,,,,,,,,,117.68150770012289,481.5706468001008,481.5850912001915,481.5850912001915,481.5850912001915,481.5850912001915,482.12009930005297,k,0.517718399874866,None,left,1,7,0,4,49,11,None,118.23102669976652,118.23121300013736,482.12035060022026,482.1353405001573,482.1353405001573,484.13587550027296,484.13587550027296,484.1190507002175,120.22995790001005,120.22998469974846,484.12535910028964,484.13587550027296,484.13587550027296,485.1190411001444,stimuli/box_empty_transparent.png,121.22993699973449,121.22997630015016,485.1191114000976,485.13487250031903,486.6349692000076,486.61807820014656,122.72897549998015,485.13487250031903,485.13487250031903,,,,,,,,,,,,,,,,,22222,right,no,None,2025-05-07_14h07.02.934,RL_out-of-scanner,2024.2.4,60.5493277023731,2025-05-07 14h07.15.943248 -0500,
25,0,25,space,4.017373600043356,None,5,3.3375472999177873,None,122.73021539999172,k,0.5860696998424828,None,None,123.3471888997592,123.34737790003419,124.34656010009348,124.34659009985626,125.36319629987702,125.36323209991679,128.86290329974145,,,,,,,1,0,1,0,25,0,25,0,486.6349692000076,,,,,,,,,,,,,,,,,,,,,,,,,,,,,,122.73021539999172,486.6193568003364,486.6349692000076,486.6349692000076,486.6349692000076,486.6349692000076,487.236263200175,k,0.5860696998424828,None,left,1,7,0,4,49,11,None,123.3471888997592,123.34737790003419,487.23651650035754,487.2520239003934,487.2520239003934,488.2528761001304,488.2528761001304,488.2356524001807,124.34656010009348,124.34659009985626,488.2420018003322,488.2528761001304,488.2528761001304,489.2522975001484,stimuli/box_empty_transparent.png,125.36319629987702,125.36323209991679,489.25236830022186,489.2680790000595,492.7686850000173,492.7520090001635,128.86290329974145,,,,,,,,,,,,,,,,,,,22222,right,no,None,2025-05-07_14h07.02.934,RL_out-of-scanner,2024.2.4,60.5493277023731,2025-05-07 14h07.15.943248 -0500,
26,0,26,space,4.017373600043356,None,5,3.3375472999177873,None,128.86419859994203,j,0.3366266000084579,None,None,129.23008479969576,129.2303512999788,129.72997999982908,129.73000939982012,130.72977600013837,130.72980009997264,134.2287274999544,,,,,,,1,0,1,0,26,0,26,0,492.7686850000173,,,,,,,,,,,,,,,,,,,,,,,,,,,,,,128.86419859994203,492.75333900004625,492.7686850000173,492.7686850000173,492.7686850000173,492.7686850000173,493.1191515000537,j,0.3366266000084579,None,left,1,7,1,4,50,12,None,129.23008479969576,129.2303512999788,493.11949220020324,493.1353116002865,493.1353116002865,493.63563700020313,493.63563700020313,493.61907150037587,129.72997999982908,129.73000939982012,493.6259087002836,493.63563700020313,493.63563700020313,494.6188816004433,stimuli/box_coin_transparent.png,130.72977600013837,130.72980009997264,494.6189356003888,494.6342718000524,498.1347373002209,498.1178326001391,134.2287274999544,494.6342718000524,494.6342718000524,,,,,,,,,,,,,,,,,22222,right,no,None,2025-05-07_14h07.02.934,RL_out-of-scanner,2024.2.4,60.5493277023731,2025-05-07 14h07.15.943248 -0500,
27,0,27,space,4.017373600043356,None,5,3.3375472999177873,None,134.22981429984793,j,0.4041554997675121,None,None,134.66340459976345,134.66363789979368,136.1658939998597,136.1659279000014,137.17913920013234,137.17916580010206,138.18027530005202,,,,,,,1,0,1,0,27,0,27,0,498.1347373002209,,,,,,,,,,,,,,,,,,,,,,,,,,,,,,134.22981429984793,498.1189535004087,498.1347373002209,498.1347373002209,498.1347373002209,498.1347373002209,498.55247670039535,j,0.4041554997675121,None,left,1,7,2,4,51,13,None,134.66340459976345,134.66363789979368,498.55277930013835,498.56845850031823,498.56845850031823,500.07071630004793,500.07071630004793,500.05497770011425,136.1658939998597,136.1659279000014,500.0619974001311,500.07071630004793,500.07071630004793,501.0682384003885,stimuli/box_coin_transparent.png,137.17913920013234,137.17916580010206,501.06830420019105,501.08436380000785,502.084633000195,502.0693801003508,138.18027530005202,,,,,,,,,,,,,,,,,,,22222,right,no,None,2025-05-07_14h07.02.934,RL_out-of-scanner,2024.2.4,60.5493277023731,2025-05-07 14h07.15.943248 -0500,
28,0,28,space,4.017373600043356,None,5,3.3375472999177873,None,138.18152019986883,j,0.5000066002830863,None,None,138.6971430000849,138.69737169984728,139.69623810006306,139.69626910006627,140.69819299969822,140.69822529982775,144.21176319988444,,,,,,,1,0,1,0,28,0,28,0,502.084633000195,,,,,,,,,,,,,,,,,,,,,,,,,,,,,,138.18152019986883,502.07066280022264,502.084633000195,502.084633000195,502.084633000195,502.084633000195,502.5862111002207,j,0.5000066002830863,None,left,0,7,2,4,52,13,None,138.6971430000849,138.69737169984728,502.5865098000504,502.6010323003866,502.6010323003866,503.6065686000511,503.6065686000511,503.585325000342,139.69623810006306,139.69626910006627,503.5908212000504,503.6065686000511,503.6065686000511,504.5872854003683,stimuli/box_empty_transparent.png,140.69819299969822,140.69822529982775,504.58737030019984,504.60419060010463,508.11946990014985,508.1008661002852,144.21176319988444,,,,,,,,,,,,,,,,,,,22222,right,no,None,2025-05-07_14h07.02.934,RL_out-of-scanner,2024.2.4,60.5493277023731,2025-05-07 14h07.15.943248 -0500,
29,0,29,space,4.017373600043356,None,5,3.3375472999177873,None,144.21299250004813,k,0.35551979998126626,None,None,144.59636269975454,144.59655370004475,146.61204889975488,146.6120873996988,147.612009299919,147.61203339975327,148.61541979992762,,,,,,,1,0,1,0,29,0,29,0,508.11946990014985,,,,,,,,,,,,,,,,,,,,,,,,,,,,,,144.21299250004813,508.1021439000033,508.11946990014985,508.11946990014985,508.11946990014985,508.11946990014985,508.4854375002906,k,0.35551979998126626,None,left,0,7,2,4,52,13,None,144.59636269975454,144.59655370004475,508.4856887003407,508.5034342003055,508.5034342003055,510.51836330024526,510.51836330024526,510.50112150004134,146.61204889975488,146.6120873996988,510.50651980005205,510.51836330024526,510.51836330024526,511.5011111004278,stimuli/box_empty_transparent.png,147.612009299919,147.61203339975327,511.5011691004038,511.5168770002201,512.52208600007,512.5045127002522,148.61541979992762,511.5168770002201,511.5168770002201,,,,,,,,,,,,,,,,,22222,right,no,None,2025-05-07_14h07.02.934,RL_out-of-scanner,2024.2.4,60.5493277023731,2025-05-07 14h07.15.943248 -0500,
30,0,30,space,4.017373600043356,None,5,3.3375472999177873,None,148.61732350010425,j,0.7725290996022522,None,None,149.41699449997395,149.4172573001124,150.4289838001132,150.42901689978316,151.4473966001533,151.44742280011997,152.4486460997723,,,,,,,1,0,1,0,30,0,30,0,512.52208600007,,,,,,,,,,,,,,,,,,,,,,,,,,,,,,148.61732350010425,512.5064798002131,512.52208600007,512.52208600007,512.52208600007,512.52208600007,513.3060395000502,j,0.7725290996022522,None,left,1,7,3,4,53,14,None,149.41699449997395,149.4172573001124,513.3064008001238,513.3215108001605,513.3215108001605,514.33586510038,514.33586510038,514.3180685001425,150.4289838001132,150.42901689978316,514.3248657002114,514.33586510038,514.33586510038,515.3364970004186,stimuli/box_coin_transparent.png,151.4473966001533,151.44742280011997,515.3365604002029,515.3506037001498,516.3550425004214,516.3377464003861,152.4486460997723,,,,,,,,,,,,,,,,,,,22222,right,no,None,2025-05-07_14h07.02.934,RL_out-of-scanner,2024.2.4,60.5493277023731,2025-05-07 14h07.15.943248 -0500,
31,0,31,space,4.017373600043356,None,5,3.3375472999177873,None,152.4498879997991,j,0.34901769971475005,None,None,152.81679840013385,152.81708890013397,155.8292371998541,155.8292704001069,156.82901360001415,156.8290371997282,159.3280457998626,,,,,,,1,0,1,0,31,0,31,0,516.3550425004214,,,,,,,,,,,,,,,,,,,,,,,,,,,,,,152.4498879997991,516.339033300057,516.3550425004214,516.3550425004214,516.3550425004214,516.3550425004214,516.7058663000353,j,0.34901769971475005,None,left,1,7,4,4,54,15,None,152.81679840013385,152.81708890013397,516.7062359000556,516.7214716002345,516.7214716002345,519.7346914000809,519.7346914000809,519.718322200235,155.8292371998541,155.8292704001069,519.7257802002132,519.7346914000809,519.7346914000809,520.7181166000664,stimuli/box_coin_transparent.png,156.82901360001415,156.8290371997282,520.7181719001383,520.7341182003729,523.234317000024,523.217145900242,159.3280457998626,520.7341182003729,520.7341182003729,,,,,,,,,,,,,,,,,22222,right,no,None,2025-05-07_14h07.02.934,RL_out-of-scanner,2024.2.4,60.5493277023731,2025-05-07 14h07.15.943248 -0500,
32,0,32,space,4.017373600043356,None,5,3.3375472999177873,None,159.32922879979014,j,0.7680271998979151,None,None,160.1296540000476,160.12993519986048,161.12881779996678,161.12884789984673,162.12897309986874,162.1289971000515,163.12769989995286,,,,,,,1,0,1,0,32,0,32,0,523.234317000024,,,,,,,,,,,,,,,,,,,,,,,,,,,,,,159.32922879979014,523.2183696003631,523.234317000024,523.234317000024,523.234317000024,523.234317000024,524.0187286003493,j,0.7680271998979151,None,left,1,7,5,4,55,16,None,160.1296540000476,160.12993519986048,524.019072800409,524.0346780000255,524.0346780000255,525.0345601001754,525.0345601001754,525.0179099002853,161.12881779996678,161.12884789984673,525.0256783002988,525.0345601001754,525.0345601001754,526.0180767001584,stimuli/box_coin_transparent.png,162.12897309986874,162.1289971000515,526.0181331001222,526.0333358002827,527.0336912004277,527.0168040003628,163.12769989995286,526.0333358002827,526.0333358002827,,,,,,,,,,,,,,,,,22222,right,no,None,2025-05-07_14h07.02.934,RL_out-of-scanner,2024.2.4,60.5493277023731,2025-05-07 14h07.15.943248 -0500,
33,0,33,space,4.017373600043356,None,5,3.3375472999177873,None,163.1289214999415,j,0.6322091999463737,None,None,163.77947979979217,163.7797449999489,165.77808680012822,165.77811610000208,166.77871239976957,166.7787485998124,168.2944030999206,,,,,,,1,0,1,0,33,0,33,0,527.0336912004277,,,,,,,,,,,,,,,,,,,,,,,,,,,,,,163.1289214999415,527.0180631000549,527.0336912004277,527.0336912004277,527.0336912004277,527.0336912004277,527.6685264003463,j,0.6322091999463737,None,left,1,7,6,4,56,17,None,163.77947979979217,163.7797449999489,527.6688850000501,527.6840670001693,527.6840670001693,529.6841862001456,529.6841862001456,529.6671776003204,165.77808680012822,165.77811610000208,529.6746191000566,529.6841862001456,529.6841862001456,530.6678113001399,stimuli/box_coin_transparent.png,166.77871239976957,166.7787485998124,530.6678842003457,530.6847529001534,532.2006289004348,532.1835057004355,168.2944030999206,,,,,,,,,,,,,,,,,,,22222,right,no,None,2025-05-07_14h07.02.934,RL_out-of-scanner,2024.2.4,60.5493277023731,2025-05-07 14h07.15.943248 -0500,
34,0,34,space,4.017373600043356,None,5,3.3375472999177873,None,168.29560749977827,k,0.5393663002178073,None,None,168.8621005997993,168.86230390006676,171.86267199972644,171.86270229984075,172.8624037001282,172.8624275997281,175.36096190009266,,,,,,,1,0,1,0,34,0,34,0,532.2006289004348,,,,,,,,,,,,,,,,,,,,,,,,,,,,,,168.29560749977827,532.1847465001047,532.2006289004348,532.2006289004348,532.2006289004348,532.2006289004348,532.7511615999974,k,0.5393663002178073,None,left,1,7,6,4,56,17,None,168.8621005997993,168.86230390006676,532.7514440002851,532.767042200081,532.767042200081,535.7673483002,535.7673483002,535.751761900261,171.86267199972644,171.86270229984075,535.7578364000656,535.7673483002,535.7673483002,536.7515077004209,stimuli/box_empty_transparent.png,172.8624037001282,172.8624275997281,536.7515629003756,536.7673249002546,539.2671026000753,539.2500665001571,175.36096190009266,536.7673249002546,536.7673249002546,,,,,,,,,,,,,,,,,22222,right,no,None,2025-05-07_14h07.02.934,RL_out-of-scanner,2024.2.4,60.5493277023731,2025-05-07 14h07.15.943248 -0500,
35,0,35,space,4.017373600043356,None,5,3.3375472999177873,None,175.36217729980126,j,0.3497802000492811,None,None,175.72950650006533,175.72982589993626,177.22841019975021,177.2284384998493,178.2282634000294,178.2282922999002,179.22792480001226,,,,,,,1,0,1,0,35,0,35,0,539.2671026000753,,,,,,,,,,,,,,,,,,,,,,,,,,,,,,175.36217729980126,539.2513267002068,539.2671026000753,539.2671026000753,539.2671026000753,539.2671026000753,539.6185779999942,j,0.3497802000492811,None,left,0,7,6,4,57,17,None,175.72950650006533,175.72982589993626,539.6189667000435,539.6335653001443,539.6335653001443,541.13381330017,541.13381330017,541.1175039000809,177.22841019975021,177.2284384998493,541.123735500034,541.13381330017,541.13381330017,542.1173640000634,stimuli/box_empty_transparent.png,178.2282634000294,178.2282922999002,542.1174308001064,542.1334890001453,543.133398400154,543.1170306000859,179.22792480001226,542.1334890001453,542.1334890001453,,,,,,,,,,,,,,,,,22222,right,no,None,2025-05-07_14h07.02.934,RL_out-of-scanner,2024.2.4,60.5493277023731,2025-05-07 14h07.15.943248 -0500,
36,0,36,space,4.017373600043356,None,5,3.3375472999177873,None,179.2291159001179,k,1.2753188000060618,None,['k'],180.52874600002542,180.52895209984854,182.0280431001447,182.02807010011747,183.0282168998383,183.02824140014127,186.52764549991116,[0.3833284000866115],[0.1191736999899149],,,,,1,0,1,0,36,0,36,0,543.133398400154,,,,,,,,,,,,,,,,,,,,,,,,,,,,,,179.2291159001179,543.1182567002252,543.133398400154,543.133398400154,543.133398400154,543.133398400154,544.4177936003543,k,1.2753188000060618,None,left,0,7,6,4,57,17,['k'],180.52874600002542,180.52895209984854,544.4180888002738,544.4343065000139,544.4343065000139,545.9341740002856,545.9341740002856,545.9171360000037,182.0280431001447,182.02807010011747,545.9233088004403,545.9341740002856,545.9341740002856,546.9173156004399,stimuli/box_empty_transparent.png,183.0282168998383,183.02824140014127,546.9173745000735,546.9332820000127,550.4330351999961,550.4167461004108,186.52764549991116,,,,,,,[0.3833284000866115],[0.1191736999899149],,,,,,,,,,,22222,right,no,None,2025-05-07_14h07.02.934,RL_out-of-scanner,2024.2.4,60.5493277023731,2025-05-07 14h07.15.943248 -0500,
37,0,37,space,4.017373600043356,None,5,3.3375472999177873,None,186.5290020997636,j,0.3272580998018384,None,None,186.87954129977152,186.87980100000277,188.8777100997977,188.87773940013722,189.87810799991712,189.8781384001486,190.87764299986884,,,,,,,1,0,1,0,37,0,37,0,550.4330351999961,,,,,,,,,,,,,,,,,,,,,,,,,,,,,,186.5290020997636,550.4181463001296,550.4330351999961,550.4330351999961,550.4330351999961,550.4330351999961,550.7686108001508,j,0.3272580998018384,None,left,1,7,7,4,58,18,None,186.87954129977152,186.87980100000277,550.76894180011,550.7836788003333,550.7836788003333,552.7836578004062,552.7836578004062,552.7668028003536,188.8777100997977,188.87773940013722,552.7740665003657,552.7836578004062,552.7836578004062,553.767157100141,stimuli/box_coin_transparent.png,189.87810799991712,189.8781384001486,553.7672771001235,553.7826449000277,554.7837779000401,554.7667461000383,190.87764299986884,,,,,,,,,,,,,,,,,,,22222,right,no,None,2025-05-07_14h07.02.934,RL_out-of-scanner,2024.2.4,60.5493277023731,2025-05-07 14h07.15.943248 -0500,
38,0,38,space,4.017373600043356,None,5,3.3375472999177873,None,190.87892979988828,j,0.8266698000952601,None,None,191.72896880004555,191.729218499735,192.72790589975193,192.7279356000945,193.74384350003675,193.7438781997189,195.24349469970912,,,,,,,1,0,1,0,38,0,38,0,554.7837779000401,,,,,,,,,,,,,,,,,,,,,,,,,,,,,,190.87892979988828,554.7680709999986,554.7837779000401,554.7837779000401,554.7837779000401,554.7837779000401,555.618035600055,j,0.8266698000952601,None,right,1,8,0,5,58,18,None,191.72896880004555,191.729218499735,555.6183661003597,555.6328695002012,555.6328695002012,556.6341312001459,556.6341312001459,556.6169971004128,192.72790589975193,192.7279356000945,556.6229083002545,556.6341312001459,556.6341312001459,557.6329369000159,stimuli/box_empty_transparent.png,193.74384350003675,193.7438781997189,557.633018700406,557.6489760000259,559.1500186002813,559.1325982003473,195.24349469970912,,,,,,,,,,,,,,,,,,,22222,right,no,None,2025-05-07_14h07.02.934,RL_out-of-scanner,2024.2.4,60.5493277023731,2025-05-07 14h07.15.943248 -0500,
39,0,39,space,4.017373600043356,None,5,3.3375472999177873,None,195.24472879990935,j,0.40162659995257854,None,None,195.67764650005847,195.67786860000342,196.6779704997316,196.67800169996917,197.69437590008602,197.69439940014854,198.6936599998735,,,,,,,1,0,1,0,39,0,39,0,559.1500186002813,,,,,,,,,,,,,,,,,,,,,,,,,,,,,,195.24472879990935,559.1338671999983,559.1500186002813,559.1500186002813,559.1500186002813,559.1500186002813,559.5667183999904,j,0.40162659995257854,None,right,1,8,0,5,58,18,None,195.67764650005847,195.67786860000342,559.5670061004348,559.5828138003126,559.5828138003126,560.5837887004018,560.5837887004018,560.5670585003681,196.6779704997316,196.67800169996917,560.5734516000375,560.5837887004018,560.5837887004018,561.5834783003666,stimuli/box_empty_transparent.png,197.69437590008602,197.69439940014854,561.5835350002162,561.5989114004187,562.5993591002189,562.5827652001753,198.6936599998735,,,,,,,,,,,,,,,,,,,22222,right,no,None,2025-05-07_14h07.02.934,RL_out-of-scanner,2024.2.4,60.5493277023731,2025-05-07 14h07.15.943248 -0500,
40,0,40,space,4.017373600043356,None,5,3.3375472999177873,None,198.69474119972438,j,0.46898300014436245,None,None,199.19449959974736,199.19474270008504,200.6946637998335,200.69469239981845,201.6943198000081,201.6943465997465,202.69360559992492,,,,,,,1,0,1,0,40,0,40,0,562.5993591002189,,,,,,,,,,,,,,,,,,,,,,,,,,,,,,198.69474119972438,562.5838802000508,562.5993591002189,562.5993591002189,562.5993591002189,562.5993591002189,563.0835737003945,j,0.46898300014436245,None,right,1,8,0,5,58,18,None,199.19449959974736,199.19474270008504,563.0838828003034,563.0995059004053,563.0995059004053,564.6006181002595,564.6006181002595,564.583757400047,200.6946637998335,200.69469239981845,564.5898351999931,564.6006181002595,564.6006181002595,565.5834219004028,stimuli/box_empty_transparent.png,201.6943198000081,201.6943465997465,565.5834854003042,565.5991376000457,566.5994594004005,566.5827103001066,202.69360559992492,565.5991376000457,565.5991376000457,,,,,,,,,,,,,,,,,22222,right,no,None,2025-05-07_14h07.02.934,RL_out-of-scanner,2024.2.4,60.5493277023731,2025-05-07 14h07.15.943248 -0500,
41,0,41,space,4.017373600043356,None,5,3.3375472999177873,None,202.69488260010257,k,0.6173227000981569,None,None,203.34546960005537,203.34567630011588,204.34453279990703,204.3445640001446,205.3437902997248,205.34381589991972,208.34362229984254,,,,,,,1,0,1,0,41,0,41,0,566.5994594004005,,,,,,,,,,,,,,,,,,,,,,,,,,,,,,202.69488260010257,566.5840242002159,566.5994594004005,566.5994594004005,566.5994594004005,566.5994594004005,567.2345368000679,k,0.6173227000981569,None,right,1,8,1,5,59,19,None,203.34546960005537,203.34567630011588,567.2348157004453,567.2491527004167,567.2491527004167,568.249990100041,568.249990100041,568.2336238003336,204.34453279990703,204.3445640001446,568.2409211001359,568.249990100041,568.249990100041,569.2328850002959,stimuli/box_coin_transparent.png,205.3437902997248,205.34381589991972,569.232951500453,569.2486655004323,572.250084000174,572.2327248002402,208.34362229984254,569.2486655004323,569.2486655004323,,,,,,,,,,,,,,,,,22222,right,no,None,2025-05-07_14h07.02.934,RL_out-of-scanner,2024.2.4,60.5493277023731,2025-05-07 14h07.15.943248 -0500,
42,0,42,space,4.017373600043356,None,5,3.3375472999177873,None,208.34477289998904,k,0.35340100014582276,None,None,208.72759199980646,208.72778780013323,210.72784709976986,210.72788080014288,211.72809709981084,211.72812430001795,215.22658160002902,,,,,,,1,0,1,0,42,0,42,0,572.250084000174,,,,,,,,,,,,,,,,,,,,,,,,,,,,,,208.34477289998904,572.2339120004326,572.250084000174,572.250084000174,572.250084000174,572.250084000174,572.616666899994,k,0.35340100014582276,None,right,0,8,1,5,60,19,None,208.72759199980646,208.72778780013323,572.6169262002222,572.6332089002244,572.6332089002244,574.6330825001933,574.6330825001933,574.6169317001477,210.72784709976986,210.72788080014288,574.6231005000882,574.6330825001933,574.6330825001933,575.6171979000792,stimuli/box_empty_transparent.png,211.72809709981084,211.72812430001795,575.617265000008,575.632967100013,579.1333638001233,579.1156864003278,215.22658160002902,575.632967100013,575.632967100013,,,,,,,,,,,,,,,,,22222,right,no,None,2025-05-07_14h07.02.934,RL_out-of-scanner,2024.2.4,60.5493277023731,2025-05-07 14h07.15.943248 -0500,
43,0,43,space,4.017373600043356,None,5,3.3375472999177873,None,215.22770419996232,j,0.46355289965867996,None,None,215.7109042997472,215.71118729980662,216.71040869969875,216.71044029993936,217.7106260000728,217.71065349970013,219.71049149986356,,,,,,,1,0,1,0,43,0,43,0,579.1333638001233,,,,,,,,,,,,,,,,,,,,,,,,,,,,,,215.22770419996232,579.1168431001715,579.1333638001233,579.1333638001233,579.1333638001233,579.1333638001233,579.5999723002315,j,0.46355289965867996,None,right,0,8,1,5,60,19,None,215.7109042997472,215.71118729980662,579.6003391002305,579.6156857004389,579.6156857004389,580.616473400034,580.616473400034,580.5995001001284,216.71040869969875,216.71044029993936,580.6056328001432,580.616473400034,580.616473400034,581.5997270001099,stimuli/box_empty_transparent.png,217.7106260000728,217.71065349970013,581.5997943002731,581.6153094000183,583.6167283002287,583.5995992003009,219.71049149986356,581.6153094000183,581.6153094000183,,,,,,,,,,,,,,,,,22222,right,no,None,2025-05-07_14h07.02.934,RL_out-of-scanner,2024.2.4,60.5493277023731,2025-05-07 14h07.15.943248 -0500,
44,0,44,space,4.017373600043356,None,5,3.3375472999177873,None,219.71160080004483,k,0.5133877000771463,None,None,220.24408910004422,220.244282099884,222.74315530015156,222.7431884999387,223.74320650007576,223.74323110003024,225.74330620002002,,,,,,,1,0,1,0,44,0,44,0,583.6167283002287,,,,,,,,,,,,,,,,,,,,,,,,,,,,,,219.71160080004483,583.6007394003682,583.6167283002287,583.6167283002287,583.6167283002287,583.6167283002287,584.1331602004357,k,0.5133877000771463,None,right,0,8,1,5,61,19,None,220.24408910004422,220.244282099884,584.133419400081,584.1491565001197,584.1491565001197,586.6489921002649,586.6489921002649,586.6322429003194,222.74315530015156,222.7431884999387,586.6375788003206,586.6489921002649,586.6489921002649,587.6323108002543,stimuli/box_empty_transparent.png,223.74320650007576,223.74323110003024,587.6323663000949,587.6486055003479,589.6493217004463,589.6324110003188,225.74330620002002,587.6486055003479,587.6486055003479,,,,,,,,,,,,,,,,,22222,right,no,None,2025-05-07_14h07.02.934,RL_out-of-scanner,2024.2.4,60.5493277023731,2025-05-07 14h07.15.943248 -0500,
45,0,45,space,4.017373600043356,None,5,3.3375472999177873,None,225.74441940011457,j,0.5065549998544157,None,None,226.27771689975634,226.2779824999161,227.27690629987046,227.27693889988586,228.2768333000131,228.27686169976369,229.27588309999555,,,,,,,1,0,1,0,45,0,45,0,589.6493217004463,,,,,,,,,,,,,,,,,,,,,,,,,,,,,,225.74441940011457,589.6335579003207,589.6493217004463,589.6493217004463,589.6493217004463,589.6493217004463,590.1667814003304,j,0.5065549998544157,None,right,0,8,1,5,61,19,None,226.27771689975634,226.2779824999161,590.1671195002273,590.1822429001331,590.1822429001331,591.1832568002865,591.1832568002865,591.1659957002848,227.27690629987046,227.27693889988586,591.1725318999961,591.1832568002865,591.1832568002865,592.1659336001612,stimuli/box_empty_transparent.png,228.2768333000131,228.27686169976369,592.1660036002286,592.1813580002636,593.1822060002014,593.1649900004268,229.27588309999555,592.1813580002636,592.1813580002636,,,,,,,,,,,,,,,,,22222,right,no,None,2025-05-07_14h07.02.934,RL_out-of-scanner,2024.2.4,60.5493277023731,2025-05-07 14h07.15.943248 -0500,
46,0,46,space,4.017373600043356,None,5,3.3375472999177873,None,229.27694949973375,k,0.4713906003162265,None,None,229.77760729985312,229.77782589988783,231.77633629972115,231.77636499982327,232.77670759987086,232.77673059981316,233.77597660012543,,,,,,,1,0,1,0,46,0,46,0,593.1822060002014,,,,,,,,,,,,,,,,,,,,,,,,,,,,,,229.27694949973375,593.1660880004056,593.1822060002014,593.1822060002014,593.1822060002014,593.1822060002014,593.6666747001,k,0.4713906003162265,None,right,1,8,2,5,62,20,None,229.77760729985312,229.77782589988783,593.6669652001001,593.6819653999992,593.6819653999992,595.6825163001195,595.6825163001195,595.665429700166,231.77633629972115,231.77636499982327,595.6725833001547,595.6825163001195,595.6825163001195,596.6658109002747,stimuli/box_coin_transparent.png,232.77670759987086,232.77673059981316,596.6658661002293,596.6816607001238,597.6819785004482,597.6650789002888,233.77597660012543,,,,,,,,,,,,,,,,,,,22222,right,no,None,2025-05-07_14h07.02.934,RL_out-of-scanner,2024.2.4,60.5493277023731,2025-05-07 14h07.15.943248 -0500,
47,0,47,space,4.017373600043356,None,5,3.3375472999177873,None,233.77716819988564,k,0.4794624000787735,None,None,234.27645919984207,234.27665039990097,237.27671999996528,237.27674939995632,238.29370140004903,238.29372519999743,239.7934066997841,,,,,,,1,0,1,0,47,0,47,0,597.6819785004482,,,,,,,,,,,,,,,,,,,,,,,,,,,,,,233.77716819988564,597.6663112002425,597.6819785004482,597.6819785004482,597.6819785004482,597.6819785004482,598.1655287002213,k,0.4794624000787735,None,right,0,8,2,5,63,20,None,234.27645919984207,234.27665039990097,598.1657891003415,598.1825100001879,598.1825100001879,601.1834592004307,601.1834592004307,601.1658131000586,237.27671999996528,237.27674939995632,601.1721726004034,601.1834592004307,601.1834592004307,602.1828031004407,stimuli/box_empty_transparent.png,238.29370140004903,238.29372519999743,602.1828614003025,602.1984888003208,603.699193100445,603.6825129003264,239.7934066997841,,,,,,,,,,,,,,,,,,,22222,right,no,None,2025-05-07_14h07.02.934,RL_out-of-scanner,2024.2.4,60.5493277023731,2025-05-07 14h07.15.943248 -0500,
48,0,48,space,4.017373600043356,None,5,3.3375472999177873,None,239.79459409974515,j,0.3859047000296414,None,None,240.2106268000789,240.21086530014873,241.7092544999905,241.70928369974717,242.7094747000374,242.70950079988688,246.2090986999683,,,,,,,1,0,1,0,48,0,48,0,603.699193100445,,,,,,,,,,,,,,,,,,,,,,,,,,,,,,239.79459409974515,603.6837349003181,603.699193100445,603.699193100445,603.699193100445,603.699193100445,604.0997018003836,j,0.3859047000296414,None,right,0,8,2,5,63,20,None,240.2106268000789,240.21086530014873,604.1000022003427,604.1149048004299,604.1149048004299,605.6157027003355,605.6157027003355,605.5983479004353,241.7092544999905,241.70928369974717,605.6043348000385,605.6157027003355,605.6157027003355,606.5985648999922,stimuli/box_empty_transparent.png,242.7094747000374,242.70950079988688,606.5986407003365,606.6146981003694,610.1149641000666,610.0982037000358,246.2090986999683,,,,,,,,,,,,,,,,,,,22222,right,no,None,2025-05-07_14h07.02.934,RL_out-of-scanner,2024.2.4,60.5493277023731,2025-05-07 14h07.15.943248 -0500,
49,0,49,space,4.017373600043356,None,5,3.3375472999177873,None,246.21032409975305,k,0.29944709967821836,None,None,246.52668070001528,246.52689140010625,248.02583519974723,248.02586840000004,249.02579269977286,249.02581649972126,249.02604219969362,,,,,,,1,0,1,0,49,0,49,0,610.1149641000666,,,,,,,,,,,,,,,,,,,,,,,,,,,,,,246.21032409975305,610.0994651000947,610.1149641000666,610.1149641000666,610.1149641000666,610.1149641000666,610.4157530004159,k,0.29944709967821836,None,right,1,8,3,5,64,21,None,246.52668070001528,246.52689140010625,610.4160285000689,610.4312266004272,610.4312266004272,611.9320071004331,611.9320071004331,611.9149215002544,248.02583519974723,248.02586840000004,611.922189200297,611.9320071004331,611.9320071004331,612.9148965002969,stimuli/box_coin_transparent.png,249.02579269977286,249.02581649972126,612.9149523000233,612.9321361002512,612.9321361002512,612.9151533003896,249.02604219969362,612.9321361002512,612.9321361002512,,,,,,,,,,,,,,,,,22222,right,no,None,2025-05-07_14h07.02.934,RL_out-of-scanner,2024.2.4,60.5493277023731,2025-05-07 14h07.15.943248 -0500,
1,0,1,space,4.017373600043356,None,5,3.3375472999177873,None,,,,,,,,,,,,,,,,,,,1,0,1,0,,,,,,,,,,,,,,,,,,,,,,,,,,,,,,,,,,,,,,,,,,,,,,,,,,,,,,,,,,,,,,,,,,,,,,,,,,,,,,,,,,,612.9248895002529,612.9321361002512,,616.93202460045,616.9320769002661,616.9477942003869,667.4296067003161,667.4127904004417,,,22222,right,no,None,2025-05-07_14h07.02.934,RL_out-of-scanner,2024.2.4,60.5493277023731,2025-05-07 14h07.15.943248 -0500,
0,0,0,space,9.785271199885756,None,5,0.7410017997026443,None,0.0013367999345064163,j,0.8775761001743376,None,None,0.9008460999466479,0.9011601000092924,1.9020698997192085,1.9020998999476433,2.901358400005847,2.9013823000714183,4.916478800121695,,,,,,,2,0,2,0,0,0,0,0,678.0124286003411,,,,,,,,,,,,,,,,667.4129651002586,667.4296067003161,667.4296067003161,677.2293314002454,space,9.785271199885756,None,677.2294029002078,677.2454535001889,677.2454535001889,677.9960299003869,5,0.7410017997026443,None,0.0013367999345064163,677.9974190001376,678.0124286003411,678.0124286003411,678.0124286003411,678.0124286003411,678.8968496001326,j,0.8775761001743376,None,right,1,15,0,6,64,0,None,0.9008460999466479,0.9011601000092924,678.8972497000359,678.912633900065,678.912633900065,679.9129430004396,679.9129430004396,679.8981025000103,1.9020698997192085,1.9020998999476433,679.903738300316,679.9129430004396,679.9129430004396,680.8974045002833,stimuli/box_empty_transparent.png,2.901358400005847,2.9013823000714183,680.8974589002319,680.9131915001199,682.9289742000401,682.9125243001617,4.916478800121695,680.9131915001199,680.9131915001199,,,,,,,,,,,,,,,,,22222,right,no,None,2025-05-07_14h07.02.934,RL_out-of-scanner,2024.2.4,60.5493277023731,2025-05-07 14h07.15.943248 -0500,
1,0,1,space,9.785271199885756,None,5,0.7410017997026443,None,4.917737899813801,j,0.9512787000276148,None,None,5.901368000078946,5.901612999849021,7.400207499973476,7.400241899769753,8.416872899979353,8.416898699942976,9.91665229992941,,,,,,,2,0,2,0,1,0,1,0,682.9289742000401,,,,,,,,,,,,,,,,,,,,,,,,,,,,,,4.917737899813801,682.9138199002482,682.9289742000401,682.9289742000401,682.9289742000401,682.9289742000401,683.8973864000291,j,0.9512787000276148,None,right,1,15,0,6,64,0,None,5.901368000078946,5.901612999849021,683.8976965001784,683.913134700153,683.913134700153,685.4177377000451,685.4177377000451,685.3962316000834,7.400207499973476,7.400241899769753,685.402266100049,685.4177377000451,685.4177377000451,686.4129154002294,stimuli/box_empty_transparent.png,8.416872899979353,8.416898699942976,686.4129806002602,686.4286135002039,687.9289156002924,687.9127013999969,9.91665229992941,,,,,,,,,,,,,,,,,,,22222,right,no,None,2025-05-07_14h07.02.934,RL_out-of-scanner,2024.2.4,60.5493277023731,2025-05-07 14h07.15.943248 -0500,
2,0,2,space,9.785271199885756,None,5,0.7410017997026443,None,9.918349999934435,k,0.43672379991039634,None,None,10.38468399969861,10.384885199833661,11.383967099711299,11.383996299933642,12.383444500155747,12.383469599764794,15.382733199745417,,,,,,,2,0,2,0,2,0,2,0,687.9289156002924,,,,,,,,,,,,,,,,,,,,,,,,,,,,,,9.918349999934435,687.9144327002577,687.9289156002924,687.9289156002924,687.9289156002924,687.9289156002924,688.3806993002072,k,0.43672379991039634,None,right,1,15,1,6,65,1,None,10.38468399969861,10.384885199833661,688.3809750000946,688.3955233003944,688.3955233003944,689.3963555004448,689.3963555004448,689.3800045000389,11.383967099711299,11.383996299933642,689.3871842999943,689.3963555004448,689.3963555004448,690.3794906004332,stimuli/box_coin_transparent.png,12.383444500155747,12.383469599764794,690.3795535000972,690.3954912000336,693.3956295000389,693.3787797000259,15.382733199745417,690.3954912000336,690.3954912000336,,,,,,,,,,,,,,,,,22222,right,no,None,2025-05-07_14h07.02.934,RL_out-of-scanner,2024.2.4,60.5493277023731,2025-05-07 14h07.15.943248 -0500,
3,0,3,space,9.785271199885756,None,5,0.7410017997026443,None,15.383914900012314,k,0.5229236003942788,None,None,15.938107199966908,15.9383668997325,17.93732579983771,17.93735869973898,18.94991170009598,18.949936399701983,19.949378199875355,,,,,,,2,0,2,0,3,0,3,0,693.3956295000389,,,,,,,,,,,,,,,,,,,,,,,,,,,,,,15.383914900012314,693.3799979002215,693.3956295000389,693.3956295000389,693.3956295000389,693.3956295000389,693.9341099001467,k,0.5229236003942788,None,right,1,15,2,6,66,2,None,15.938107199966908,15.9383668997325,693.9344583000056,693.949922000058,693.949922000058,695.9521906003356,695.9521906003356,695.93335200008,17.93732579983771,17.93735869973898,695.9414123999886,695.9521906003356,695.9521906003356,696.945955700241,stimuli/box_coin_transparent.png,18.94991170009598,18.949936399701983,696.9460172001272,696.9620507000946,697.9620924000628,697.9454219001345,19.949378199875355,,,,,,,,,,,,,,,,,,,22222,right,no,None,2025-05-07_14h07.02.934,RL_out-of-scanner,2024.2.4,60.5493277023731,2025-05-07 14h07.15.943248 -0500,
4,0,4,space,9.785271199885756,None,5,0.7410017997026443,None,19.95063820015639,k,0.9890919001773,None,None,20.970714999828488,20.97093220008537,21.983800599817187,21.98383399983868,22.98379629990086,22.98382159974426,25.482528400141746,,,,,,,2,0,2,0,4,0,4,0,697.9620924000628,,,,,,,,,,,,,,,,,,,,,,,,,,,,,,19.95063820015639,697.9467222001404,697.9620924000628,697.9620924000628,697.9620924000628,697.9620924000628,698.9667238001712,k,0.9890919001773,None,right,1,15,3,6,67,3,None,20.970714999828488,20.97093220008537,698.9670144002885,698.982722400222,698.982722400222,699.9963787002489,699.9963787002489,699.979826700408,21.983800599817187,21.98383399983868,699.9863209002651,699.9963787002489,699.9963787002489,700.9798284000717,stimuli/box_coin_transparent.png,22.98379629990086,22.98382159974426,700.9799025002867,700.9954717000946,703.4961942001246,703.4785753004253,25.482528400141746,700.9954717000946,700.9954717000946,,,,,,,,,,,,,,,,,22222,right,no,None,2025-05-07_14h07.02.934,RL_out-of-scanner,2024.2.4,60.5493277023731,2025-05-07 14h07.15.943248 -0500,
5,0,5,space,9.785271199885756,None,5,0.7410017997026443,None,25.483995699789375,k,1.0489480998367071,None,None,26.55094509990886,26.55117810005322,30.049824600107968,30.049861600156873,31.04967729980126,31.049701699987054,33.04899689974263,,,,,,,2,0,2,0,5,0,5,0,703.4961942001246,,,,,,,,,,,,,,,,,,,,,,,,,,,,,,25.483995699789375,703.4800806003623,703.4961942001246,703.4961942001246,703.4961942001246,703.4961942001246,704.5469397003762,k,1.0489480998367071,None,right,1,15,4,6,68,4,None,26.55094509990886,26.55117810005322,704.5472620003857,704.5620407001115,704.5620407001115,708.0624568001367,708.0624568001367,708.0458457004279,30.049824600107968,30.049861600156873,708.0523641002364,708.0624568001367,708.0624568001367,709.0457215001807,stimuli/box_coin_transparent.png,31.04967729980126,31.049701699987054,709.0457844003104,709.0614504003897,711.0615511001088,711.0450440002605,33.04899689974263,709.0614504003897,709.0614504003897,,,,,,,,,,,,,,,,,22222,right,no,None,2025-05-07_14h07.02.934,RL_out-of-scanner,2024.2.4,60.5493277023731,2025-05-07 14h07.15.943248 -0500,
6,0,6,space,9.785271199885756,None,5,0.7410017997026443,None,33.05014039995149,k,0.4650167999789119,None,None,33.53389939991757,33.53409679979086,34.53285950003192,34.53288919990882,35.53643660014495,35.536464400123805,36.549156699795276,,,,,,,2,0,2,0,6,0,6,0,711.0615511001088,,,,,,,,,,,,,,,,,,,,,,,,,,,,,,33.05014039995149,711.0462216003798,711.0615511001088,711.0615511001088,711.0615511001088,711.0615511001088,711.5299164000899,k,0.4650167999789119,None,right,1,15,5,6,69,5,None,33.53389939991757,33.53409679979086,711.5301802000031,711.5454382002354,711.5454382002354,712.5457679000683,712.5457679000683,712.5288934004493,34.53285950003192,34.53288919990882,712.5352271003649,712.5457679000683,712.5457679000683,713.5324782002717,stimuli/box_coin_transparent.png,35.53643660014495,35.536464400123805,713.5325455004349,713.5478414003737,714.5617149001919,714.5452040000819,36.549156699795276,,,,,,,,,,,,,,,,,,,22222,right,no,None,2025-05-07_14h07.02.934,RL_out-of-scanner,2024.2.4,60.5493277023731,2025-05-07 14h07.15.943248 -0500,
7,0,7,space,9.785271199885756,None,5,0.7410017997026443,None,36.550276699941605,k,0.5684594004414976,None,None,37.150360899977386,37.15058699995279,39.1493776999414,39.14941219985485,40.14899649983272,40.14903019974008,42.14868910005316,,,,,,,2,0,2,0,7,0,7,0,714.5617149001919,,,,,,,,,,,,,,,,,,,,,,,,,,,,,,36.550276699941605,714.5463618002832,714.5617149001919,714.5617149001919,714.5617149001919,714.5617149001919,715.1463653002866,k,0.5684594004414976,None,right,1,15,6,6,70,6,None,37.150360899977386,37.15058699995279,715.1466734004207,715.1618918003514,715.1618918003514,717.1622627000324,717.1622627000324,717.1453959001228,39.1493776999414,39.14941219985485,717.1528078000993,717.1622627000324,717.1622627000324,718.1450426001102,stimuli/box_coin_transparent.png,40.14899649983272,40.14903019974008,718.1451122001745,718.1611314001493,720.1614360003732,720.1447380003519,42.14868910005316,718.1611314001493,718.1611314001493,,,,,,,,,,,,,,,,,22222,right,no,None,2025-05-07_14h07.02.934,RL_out-of-scanner,2024.2.4,60.5493277023731,2025-05-07 14h07.15.943248 -0500,
8,0,8,space,9.785271199885756,None,5,0.7410017997026443,None,42.149766999762505,k,0.3631698000244796,None,None,42.53268889989704,42.53289090003818,45.53229229990393,45.53232319978997,46.53239589976147,46.532432599924505,48.0329078999348,,,,,,,2,0,2,0,8,0,8,0,720.1614360003732,,,,,,,,,,,,,,,,,,,,,,,,,,,,,,42.149766999762505,720.1458495003171,720.1614360003732,720.1614360003732,720.1614360003732,720.1614360003732,720.5286678001285,k,0.3631698000244796,None,right,1,15,7,6,71,7,None,42.53268889989704,42.53289090003818,720.5289761000313,720.5452270000242,720.5452270000242,723.5453816000372,723.5453816000372,723.5283244000748,45.53229229990393,45.53232319978997,723.534798100125,723.5453816000372,723.5453816000372,724.5284393001348,stimuli/box_coin_transparent.png,46.53239589976147,46.532432599924505,724.5285149002448,724.5447551002726,726.0458001000807,726.0289581003599,48.0329078999348,,,,,,,,,,,,,,,,,,,22222,right,no,None,2025-05-07_14h07.02.934,RL_out-of-scanner,2024.2.4,60.5493277023731,2025-05-07 14h07.15.943248 -0500,
9,0,9,space,9.785271199885756,None,5,0.7410017997026443,None,48.03402080014348,k,0.35801539989188313,None,None,48.41600239975378,48.416189999785274,49.91663559991866,49.91666459990665,50.91663599992171,50.91665989998728,52.931684100069106,,,,,,,2,0,2,0,9,0,9,0,726.0458001000807,,,,,,,,,,,,,,,,,,,,,,,,,,,,,,48.03402080014348,726.0301033002324,726.0458001000807,726.0458001000807,726.0458001000807,726.0458001000807,726.4120205002837,k,0.35801539989188313,None,right,1,15,8,6,72,8,None,48.41600239975378,48.416189999785274,726.4122695000842,726.4285597000271,726.4285597000271,727.9295075000264,727.9295075000264,727.9126716000028,49.91663559991866,49.91666459990665,727.919828500133,727.9295075000264,727.9295075000264,728.9126819004305,stimuli/box_coin_transparent.png,50.91663599992171,50.91665989998728,728.9127391004004,728.9284543003887,730.9449440999888,730.9277327000163,52.931684100069106,728.9284543003887,728.9284543003887,,,,,,,,,,,,,,,,,22222,right,no,None,2025-05-07_14h07.02.934,RL_out-of-scanner,2024.2.4,60.5493277023731,2025-05-07 14h07.15.943248 -0500,
10,0,10,space,9.785271199885756,None,5,0.7410017997026443,None,52.932828299701214,k,0.5628209998831153,None,None,53.5164147997275,53.516615599859506,55.015996700152755,55.016026800032705,56.0151482000947,56.015175899956375,57.01504819979891,,,,,,,2,0,2,0,10,0,10,0,730.9449440999888,,,,,,,,,,,,,,,,,,,,,,,,,,,,,,52.932828299701214,730.9289099001326,730.9449440999888,730.9449440999888,730.9449440999888,730.9449440999888,731.512428900227,k,0.5628209998831153,None,right,1,15,9,6,73,9,None,53.5164147997275,53.516615599859506,731.5126977004111,731.5283764000051,731.5283764000051,733.0281814001501,733.0281814001501,733.012033900246,55.015996700152755,55.016026800032705,733.0199281000532,733.0281814001501,733.0281814001501,734.0111913001165,stimuli/box_coin_transparent.png,56.0151482000947,56.015175899956375,734.0112579003908,734.0269806003198,735.0278622000478,735.0110887000337,57.01504819979891,734.0269806003198,734.0269806003198,,,,,,,,,,,,,,,,,22222,right,no,None,2025-05-07_14h07.02.934,RL_out-of-scanner,2024.2.4,60.5493277023731,2025-05-07 14h07.15.943248 -0500,
11,0,11,space,9.785271199885756,None,5,0.7410017997026443,None,57.01635479973629,k,0.9917350001633167,None,None,58.032665899954736,58.03285469999537,60.03240570006892,60.03243499994278,61.0323882997036,61.03241520002484,62.53192039998248,,,,,,,2,0,2,0,11,0,11,0,735.0278622000478,,,,,,,,,,,,,,,,,,,,,,,,,,,,,,57.01635479973629,735.0124404001981,735.0278622000478,735.0278622000478,735.0278622000478,735.0278622000478,736.0286828000098,k,0.9917350001633167,None,right,1,15,10,6,74,10,None,58.032665899954736,58.03285469999537,736.0289345001802,736.0442924001254,736.0442924001254,738.0451965001412,738.0451965001412,738.0284392000176,60.03240570006892,60.03243499994278,738.0356261003762,738.0451965001412,738.0451965001412,739.0284332004376,stimuli/box_coin_transparent.png,61.0323882997036,61.03241520002484,739.0284971999936,739.0439455001615,740.544488100335,740.5279670003802,62.53192039998248,739.0439455001615,739.0439455001615,,,,,,,,,,,,,,,,,22222,right,no,None,2025-05-07_14h07.02.934,RL_out-of-scanner,2024.2.4,60.5493277023731,2025-05-07 14h07.15.943248 -0500,
12,0,12,space,9.785271199885756,None,5,0.7410017997026443,None,62.533111500088125,k,0.4217802002094686,None,None,62.982890899758786,62.98308030003682,63.982048799749464,63.98208349989727,64.98230260005221,64.98232699977234,67.98177960002795,,,,,,,2,0,2,0,12,0,12,0,740.544488100335,,,,,,,,,,,,,,,,,,,,,,,,,,,,,,62.533111500088125,740.529192800168,740.544488100335,740.544488100335,740.544488100335,740.544488100335,740.9789066002704,k,0.4217802002094686,None,right,1,15,11,6,75,11,None,62.982890899758786,62.98308030003682,740.9791610003449,740.9947005002759,740.9947005002759,741.9946743003093,741.9946743003093,741.9780783001333,63.982048799749464,63.98208349989727,741.9855048004538,741.9946743003093,741.9946743003093,742.9783493001014,stimuli/box_coin_transparent.png,64.98230260005221,64.98232699977234,742.9784062001854,742.9939292003401,745.9947307002731,745.9778188001364,67.98177960002795,742.9939292003401,742.9939292003401,,,,,,,,,,,,,,,,,22222,right,no,None,2025-05-07_14h07.02.934,RL_out-of-scanner,2024.2.4,60.5493277023731,2025-05-07 14h07.15.943248 -0500,
13,0,13,space,9.785271199885756,None,5,0.7410017997026443,None,67.98306570015848,k,0.5232779998332262,None,None,68.53251399984583,68.53270730003715,69.03178709978238,69.03181509999558,70.03172289999202,70.03174619982019,72.03134199976921,,,,,,,2,0,2,0,13,0,13,0,745.9947307002731,,,,,,,,,,,,,,,,,,,,,,,,,,,,,,67.98306570015848,745.9791502002627,745.9947307002731,745.9947307002731,745.9947307002731,745.9947307002731,746.5285307001323,k,0.5232779998332262,None,right,1,15,12,6,76,12,None,68.53251399984583,68.53270730003715,746.5287896003574,746.5446506002918,746.5446506002918,747.0447826003656,747.0447826003656,747.0278214002028,69.03178709978238,69.03181509999558,747.0349675002508,747.0447826003656,747.0447826003656,748.0277688000351,stimuli/box_coin_transparent.png,70.03172289999202,70.03174619982019,748.0278242002241,748.043552600313,750.0436769002117,750.0273850001395,72.03134199976921,748.043552600313,748.043552600313,,,,,,,,,,,,,,,,,22222,right,no,None,2025-05-07_14h07.02.934,RL_out-of-scanner,2024.2.4,60.5493277023731,2025-05-07 14h07.15.943248 -0500,
14,0,14,space,9.785271199885756,None,5,0.7410017997026443,None,72.0326082999818,k,0.4700678000226617,None,None,72.53306159982458,72.53325239988044,74.03247589990497,74.03250839980319,75.04817260010168,75.048200099729,76.0485891001299,,,,,,,2,0,2,0,14,0,14,0,750.0436769002117,,,,,,,,,,,,,,,,,,,,,,,,,,,,,,72.0326082999818,750.028692800086,750.0436769002117,750.0436769002117,750.0436769002117,750.0436769002117,750.529079800006,k,0.4700678000226617,None,right,0,15,12,6,77,12,None,72.53306159982458,72.53325239988044,750.5293346000835,750.5443301000632,750.5443301000632,752.0453440002166,752.0453440002166,752.0285043003969,74.03247589990497,74.03250839980319,752.0345248002559,752.0453440002166,752.0453440002166,753.0442062001675,stimuli/box_empty_transparent.png,75.04817260010168,75.048200099729,753.0442801001482,753.0600477000698,754.0612576003186,754.0446364004165,76.0485891001299,,,,,,,,,,,,,,,,,,,22222,right,no,None,2025-05-07_14h07.02.934,RL_out-of-scanner,2024.2.4,60.5493277023731,2025-05-07 14h07.15.943248 -0500,
15,0,15,space,9.785271199885756,None,5,0.7410017997026443,None,76.04980809986591,j,0.4436464002355933,None,None,76.51539209997281,76.51564170001075,77.51508030015975,77.5151104000397,78.53207059996203,78.53209589980543,80.5320144998841,,,,,,,2,0,2,0,15,0,15,0,754.0612576003186,,,,,,,,,,,,,,,,,,,,,,,,,,,,,,76.04980809986591,754.0458926004358,754.0612576003186,754.0612576003186,754.0612576003186,754.0612576003186,754.5114096002653,j,0.4436464002355933,None,right,0,15,12,6,77,12,None,76.51539209997281,76.51564170001075,754.5117256999947,754.5279429000802,754.5279429000802,755.5281828003936,755.5281828003936,755.5111153000034,77.51508030015975,77.5151104000397,755.517177300062,755.5281828003936,755.5281828003936,756.5281150001101,stimuli/box_empty_transparent.png,78.53207059996203,78.53209589980543,756.5281753004529,756.5437989002094,758.5447115004063,758.5280623002909,80.5320144998841,,,,,,,,,,,,,,,,,,,22222,right,no,None,2025-05-07_14h07.02.934,RL_out-of-scanner,2024.2.4,60.5493277023731,2025-05-07 14h07.15.943248 -0500,
16,0,16,space,9.785271199885756,None,5,0.7410017997026443,None,80.5331911998801,k,0.5010735001415014,None,None,81.06582390004769,81.06601209985092,83.06508489977568,83.06511409999803,84.0806762999855,84.08070540009066,85.08157979976386,,,,,,,2,0,2,0,16,0,16,0,758.5447115004063,,,,,,,,,,,,,,,,,,,,,,,,,,,,,,80.5331911998801,758.5292733004317,758.5447115004063,758.5447115004063,758.5447115004063,758.5447115004063,759.061841300223,k,0.5010735001415014,None,right,0,15,12,6,78,12,None,81.06582390004769,81.06601209985092,759.0620941002853,759.0779076004401,759.0779076004401,761.0779675003141,761.0779675003141,761.0611188001931,83.06508489977568,83.06511409999803,761.0672421003692,761.0779675003141,761.0779675003141,762.076716999989,stimuli/box_empty_transparent.png,84.0806762999855,84.08070540009066,762.0767920003273,762.0928872004151,763.0934557002038,763.077627800405,85.08157979976386,,,,,,,,,,,,,,,,,,,22222,right,no,None,2025-05-07_14h07.02.934,RL_out-of-scanner,2024.2.4,60.5493277023731,2025-05-07 14h07.15.943248 -0500,
17,0,17,space,9.785271199885756,None,5,0.7410017997026443,None,85.08288969984278,j,0.9213677002117038,None,None,86.03174640005454,86.0319929998368,87.03112800000235,87.03115729987621,88.0473377997987,88.04737129993737,89.04753099987283,,,,,,,2,0,2,0,17,0,17,0,763.0934557002038,,,,,,,,,,,,,,,,,,,,,,,,,,,,,,85.08288969984278,763.0789741002955,763.0934557002038,763.0934557002038,763.0934557002038,763.0934557002038,764.0277642002329,j,0.9213677002117038,None,right,0,15,12,6,78,12,None,86.03174640005454,86.0319929998368,764.0280773001723,764.0436842003837,764.0436842003837,765.0450083999895,765.0450083999895,765.0271632000804,87.03112800000235,87.03115729987621,765.0331463003531,765.0450083999895,765.0450083999895,766.0433775000274,stimuli/box_empty_transparent.png,88.0473377997987,88.04737129993737,766.0434606000781,766.0604068003595,767.0604071002454,767.0435795001686,89.04753099987283,,,,,,,,,,,,,,,,,,,22222,right,no,None,2025-05-07_14h07.02.934,RL_out-of-scanner,2024.2.4,60.5493277023731,2025-05-07 14h07.15.943248 -0500,
18,0,18,space,9.785271199885756,None,5,0.7410017997026443,None,89.04869400011376,j,0.34766990039497614,None,None,89.4146750997752,89.41492839995772,92.91416689986363,92.9142004000023,93.91449749981984,93.91452409978956,95.91335689974949,,,,,,,2,0,2,0,18,0,18,0,767.0604071002454,,,,,,,,,,,,,,,,,,,,,,,,,,,,,,89.04869400011376,767.0447783004493,767.0604071002454,767.0604071002454,767.0604071002454,767.0604071002454,767.4106809003279,j,0.34766990039497614,None,right,0,15,12,6,78,12,None,89.4146750997752,89.41492839995772,767.4110145000741,767.426607800182,767.426607800182,770.9266540003009,770.9266540003009,770.9101998000406,92.91416689986363,92.9142004000023,770.9163187001832,770.9266540003009,770.9266540003009,771.910532000009,stimuli/box_empty_transparent.png,93.91449749981984,93.91452409978956,771.9106106003746,771.9266468002461,773.926221600268,773.9094029003754,95.91335689974949,,,,,,,,,,,,,,,,,,,22222,right,no,None,2025-05-07_14h07.02.934,RL_out-of-scanner,2024.2.4,60.5493277023731,2025-05-07 14h07.15.943248 -0500,
19,0,19,space,9.785271199885756,None,5,0.7410017997026443,None,95.9144977000542,j,1.3826187001541257,None,None,97.31483309995383,97.31508069997653,98.31434309994802,98.31437239982188,99.31427090009674,99.31430399976671,100.81331310002133,,,,,,,2,0,2,0,19,0,19,0,773.926221600268,,,,,,,,,,,,,,,,,,,,,,,,,,,,,,95.9144977000542,773.9105798001401,773.926221600268,773.926221600268,773.926221600268,773.926221600268,775.310847400222,j,1.3826187001541257,None,right,0,15,12,6,78,12,None,97.31483309995383,97.31508069997653,775.3111647004262,775.3273809002712,775.3273809002712,776.3274445002899,776.3274445002899,776.3103795000352,98.31434309994802,98.31437239982188,776.316568300128,776.3274445002899,776.3274445002899,777.3103121002205,stimuli/box_empty_transparent.png,99.31427090009674,99.31430399976671,777.3103945003822,777.3260881002061,778.8260787003674,778.8093617004342,100.81331310002133,777.3260881002061,777.3260881002061,,,,,,,,,,,,,,,,,22222,right,no,None,2025-05-07_14h07.02.934,RL_out-of-scanner,2024.2.4,60.5493277023731,2025-05-07 14h07.15.943248 -0500,
20,0,20,space,9.785271199885756,None,5,0.7410017997026443,None,100.81442660000175,k,0.31396419974043965,None,None,101.1477264999412,101.14792629983276,103.14809469971806,103.1481238999404,104.14759799977764,104.1476257997565,106.14702539984137,,,,,,,2,0,2,0,20,0,20,0,778.8260787003674,,,,,,,,,,,,,,,,,,,,,,,,,,,,,,100.81442660000175,778.8105102004483,778.8260787003674,778.8260787003674,778.8260787003674,778.8260787003674,779.1437421003357,k,0.31396419974043965,None,right,0,15,12,6,79,12,None,101.1477264999412,101.14792629983276,779.1440063002519,779.1595559003763,779.1595559003763,781.1604587002657,781.1604587002657,781.1441318001598,103.14809469971806,103.1481238999404,781.1502741002478,781.1604587002657,781.1604587002657,782.143641400151,stimuli/box_empty_transparent.png,104.14759799977764,104.1476257997565,782.143707500305,782.1595047004521,784.1595964003354,784.1430752002634,106.14702539984137,782.1595047004521,782.1595047004521,,,,,,,,,,,,,,,,,22222,right,no,None,2025-05-07_14h07.02.934,RL_out-of-scanner,2024.2.4,60.5493277023731,2025-05-07 14h07.15.943248 -0500,
21,0,21,space,9.785271199885756,None,5,0.7410017997026443,None,106.14803469972685,k,0.3344540996477008,None,None,106.51461629988626,106.51483180001378,109.51391409989446,109.51394440000877,110.514109400101,110.51414209976792,112.01400309987366,,,,,,,2,0,2,0,21,0,21,0,784.1595964003354,,,,,,,,,,,,,,,,,,,,,,,,,,,,,,106.14803469972685,784.1441167001612,784.1595964003354,784.1595964003354,784.1595964003354,784.1595964003354,784.5106268003583,k,0.3344540996477008,None,right,1,15,13,6,80,13,None,106.51461629988626,106.51483180001378,784.5109157999977,784.5260290000588,784.5260290000588,787.5272590001114,787.5272590001114,787.5099463001825,109.51391409989446,109.51394440000877,787.517243700102,787.5272590001114,787.5272590001114,788.5101498002186,stimuli/box_coin_transparent.png,110.514109400101,110.51414209976792,788.5102231004275,788.5261384001933,790.0270093004219,790.0100510003977,112.01400309987366,,,,,,,,,,,,,,,,,,,22222,right,no,None,2025-05-07_14h07.02.934,RL_out-of-scanner,2024.2.4,60.5493277023731,2025-05-07 14h07.15.943248 -0500,
22,0,22,space,9.785271199885756,None,5,0.7410017997026443,None,112.01519430009648,k,0.34869320038706064,None,None,112.38140249997377,112.38158799987286,113.88081819983199,113.88085109973326,114.88057659985498,114.88060089992359,116.88063240004703,,,,,,,2,0,2,0,22,0,22,0,790.0270093004219,,,,,,,,,,,,,,,,,,,,,,,,,,,,,,112.01519430009648,790.0112765002996,790.0270093004219,790.0270093004219,790.0270093004219,790.0270093004219,790.3774219001643,k,0.34869320038706064,None,right,1,15,14,6,81,14,None,112.38140249997377,112.38158799987286,790.377676800359,790.3926713000983,790.3926713000983,791.8938627000898,791.8938627000898,791.8768473002128,113.88081819983199,113.88085109973326,791.8843760001473,791.8938627000898,791.8938627000898,792.8766250000335,stimuli/box_coin_transparent.png,114.88057659985498,114.88060089992359,792.8766790004447,792.8932856000029,794.8928759000264,794.8766816002317,116.88063240004703,792.8932856000029,792.8932856000029,,,,,,,,,,,,,,,,,22222,right,no,None,2025-05-07_14h07.02.934,RL_out-of-scanner,2024.2.4,60.5493277023731,2025-05-07 14h07.15.943248 -0500,
23,0,23,space,9.785271199885756,None,5,0.7410017997026443,None,116.88173529971391,k,0.4301710003055632,None,None,117.330741699785,117.33096639998257,118.8475588997826,118.84759079990909,119.84751359978691,119.84753810008988,121.34683409985155,,,,,,,2,0,2,0,23,0,23,0,794.8928759000264,,,,,,,,,,,,,,,,,,,,,,,,,,,,,,116.88173529971391,794.8778183003888,794.8928759000264,794.8928759000264,794.8928759000264,794.8928759000264,795.3267512000166,k,0.4301710003055632,None,right,1,15,15,6,82,15,None,117.330741699785,117.33096639998257,795.3270496004261,795.3433289001696,795.3433289001696,796.8602303001098,796.8602303001098,796.8435912001878,118.8475588997826,118.84759079990909,796.8508732002228,796.8602303001098,796.8602303001098,797.8435602001846,stimuli/box_coin_transparent.png,119.84751359978691,119.84753810008988,797.8436171002686,797.8588031004183,799.3596816002391,799.3428818001412,121.34683409985155,797.8588031004183,797.8588031004183,,,,,,,,,,,,,,,,,22222,right,no,None,2025-05-07_14h07.02.934,RL_out-of-scanner,2024.2.4,60.5493277023731,2025-05-07 14h07.15.943248 -0500,
24,0,24,space,9.785271199885756,None,5,0.7410017997026443,None,121.34794009989128,k,0.39089850010350347,None,None,121.76469680014998,121.76487419987097,123.76334899989888,123.76337829977274,124.76361269969493,124.76363770011812,126.26339159999043,,,,,,,2,0,2,0,24,0,24,0,799.3596816002391,,,,,,,,,,,,,,,,,,,,,,,,,,,,,,121.34794009989128,799.3440225003287,799.3596816002391,799.3596816002391,799.3596816002391,799.3596816002391,799.7607083003968,k,0.39089850010350347,None,left,1,14,0,7,82,15,None,121.76469680014998,121.76487419987097,799.7609525001608,799.7756276000291,799.7756276000291,801.7761436002329,801.7761436002329,801.7593859001063,123.76334899989888,123.76337829977274,801.7653272002935,801.7761436002329,801.7761436002329,802.7596581000835,stimuli/box_empty_transparent.png,124.76361269969493,124.76363770011812,802.7597199003212,802.7754540001042,804.2762706000358,804.2594413002953,126.26339159999043,802.7754540001042,802.7754540001042,,,,,,,,,,,,,,,,,22222,right,no,None,2025-05-07_14h07.02.934,RL_out-of-scanner,2024.2.4,60.5493277023731,2025-05-07 14h07.15.943248 -0500,
25,0,25,space,9.785271199885756,None,5,0.7410017997026443,None,126.2646373999305,k,0.3897549998946488,None,None,126.68012689985335,126.6803155997768,127.68126419978216,127.68129689991474,128.68068140000105,128.68070979975164,132.17990260012448,,,,,,,2,0,2,0,25,0,25,0,804.2762706000358,,,,,,,,,,,,,,,,,,,,,,,,,,,,,,126.2646373999305,804.2607188001275,804.2762706000358,804.2762706000358,804.2762706000358,804.2762706000358,804.6761457002722,k,0.3897549998946488,None,left,1,14,0,7,82,15,None,126.68012689985335,126.6803155997768,804.6764073004015,804.6923742000945,804.6923742000945,805.6932296003215,805.6932296003215,805.6772921001539,127.68126419978216,127.68129689991474,805.6830073003657,805.6932296003215,805.6932296003215,806.6767254001461,stimuli/box_empty_transparent.png,128.68068140000105,128.68070979975164,806.676792500075,806.6917450004257,810.192703100387,810.1759526003152,132.17990260012448,806.6917450004257,806.6917450004257,,,,,,,,,,,,,,,,,22222,right,no,None,2025-05-07_14h07.02.934,RL_out-of-scanner,2024.2.4,60.5493277023731,2025-05-07 14h07.15.943248 -0500,
26,0,26,space,9.785271199885756,None,5,0.7410017997026443,None,132.18102229991928,k,0.36702929995954037,None,None,132.57985570002347,132.58006739988923,133.08022819971666,133.08027429971844,134.08016220014542,134.08018979988992,137.57972780009732,,,,,,,2,0,2,0,26,0,26,0,810.192703100387,,,,,,,,,,,,,,,,,,,,,,,,,,,,,,132.18102229991928,810.17710239999,810.192703100387,810.192703100387,810.192703100387,810.192703100387,810.5758611001074,k,0.36702929995954037,None,left,1,14,0,7,82,15,None,132.57985570002347,132.58006739988923,810.5761529002339,810.5920655000955,810.5920655000955,811.0925833000802,811.0925833000802,811.076248400379,133.08022819971666,133.08027429971844,811.0820156000555,811.0925833000802,811.0925833000802,812.0762075004168,stimuli/box_empty_transparent.png,134.08016220014542,134.08018979988992,812.0762730003335,812.0916408002377,815.592616900336,815.5757756000385,137.57972780009732,812.0916408002377,812.0916408002377,,,,,,,,,,,,,,,,,22222,right,no,None,2025-05-07_14h07.02.934,RL_out-of-scanner,2024.2.4,60.5493277023731,2025-05-07 14h07.15.943248 -0500,
27,0,27,space,9.785271199885756,None,5,0.7410017997026443,None,137.58102759998292,k,0.3871600003913045,None,None,137.99636449990794,137.99656540015712,139.49660259997472,139.49663570011035,140.51240979973227,140.5124391000718,141.51257089991122,,,,,,,2,0,2,0,27,0,27,0,815.592616900336,,,,,,,,,,,,,,,,,,,,,,,,,,,,,,137.58102759998292,815.577110200189,815.592616900336,815.592616900336,815.592616900336,815.592616900336,815.9923724001274,k,0.3871600003913045,None,left,1,14,0,7,82,15,None,137.99636449990794,137.99656540015712,815.9926507002674,816.0084358002059,816.0084358002059,817.5094964001328,817.5094964001328,817.4926329003647,139.49660259997472,139.49663570011035,817.4988458002917,817.5094964001328,817.5094964001328,818.5084503004327,stimuli/box_empty_transparent.png,140.51240979973227,140.5124391000718,818.5085276002064,818.5247750002891,819.52612530021,819.5086160004139,141.51257089991122,,,,,,,,,,,,,,,,,,,22222,right,no,None,2025-05-07_14h07.02.934,RL_out-of-scanner,2024.2.4,60.5493277023731,2025-05-07 14h07.15.943248 -0500,
28,0,28,space,9.785271199885756,None,5,0.7410017997026443,None,141.51383979991078,j,0.3375125997699797,None,None,141.88029559981078,141.8805638998747,142.8801011997275,142.88013069983572,143.88029809994623,143.880325099919,147.37940699979663,,,,,,,2,0,2,0,28,0,28,0,819.52612530021,,,,,,,,,,,,,,,,,,,,,,,,,,,,,,141.51383979991078,819.509923200123,819.52612530021,819.52612530021,819.52612530021,819.52612530021,819.876305800397,j,0.3375125997699797,None,left,1,14,1,7,83,16,None,141.88029559981078,141.8805638998747,819.8766476004384,819.8928650002927,819.8928650002927,820.8926660004072,820.8926660004072,820.8761372002773,142.8801011997275,142.88013069983572,820.8833158002235,820.8926660004072,820.8926660004072,821.8763407003134,stimuli/box_coin_transparent.png,143.88029809994623,143.880325099919,821.8764081001282,821.8915346004069,825.3924529002979,825.3754553003237,147.37940699979663,821.8915346004069,821.8915346004069,,,,,,,,,,,,,,,,,22222,right,no,None,2025-05-07_14h07.02.934,RL_out-of-scanner,2024.2.4,60.5493277023731,2025-05-07 14h07.15.943248 -0500,
29,0,29,space,9.785271199885756,None,5,0.7410017997026443,None,147.38061589980498,j,0.43927339976653457,None,None,147.84692079992965,147.84714259998873,149.84623049991205,149.84626099979505,150.8624386996962,150.86246880004182,151.86188989970833,,,,,,,2,0,2,0,29,0,29,0,825.3924529002979,,,,,,,,,,,,,,,,,,,,,,,,,,,,,,147.38061589980498,825.3766979002394,825.3924529002979,825.3924529002979,825.3924529002979,825.3924529002979,825.8429394001141,j,0.43927339976653457,None,left,1,14,2,7,84,17,None,147.84692079992965,147.84714259998873,825.8432227000594,825.8581526000053,825.8581526000053,827.8594913003035,827.8594913003035,827.8422639002092,149.84623049991205,149.84626099979505,827.8495763000101,827.8594913003035,827.8594913003035,828.8584845000878,stimuli/box_coin_transparent.png,150.8624386996962,150.86246880004182,828.8585475003347,828.8743921001442,829.8753193002194,829.8579375003465,151.86188989970833,,,,,,,,,,,,,,,,,,,22222,right,no,None,2025-05-07_14h07.02.934,RL_out-of-scanner,2024.2.4,60.5493277023731,2025-05-07 14h07.15.943248 -0500,
30,0,30,space,9.785271199885756,None,5,0.7410017997026443,None,151.86311569996178,j,0.5084690996445715,None,None,152.39676239993423,152.3970392998308,153.39654449978843,153.39657700015232,154.3959121000953,154.3959381999448,155.39559439988807,,,,,,,2,0,2,0,30,0,30,0,829.8753193002194,,,,,,,,,,,,,,,,,,,,,,,,,,,,,,151.86311569996178,829.8592017004266,829.8753193002194,829.8753193002194,829.8753193002194,829.8753193002194,830.3927702000365,j,0.5084690996445715,None,left,1,14,3,7,85,18,None,152.39676239993423,152.3970392998308,830.3931233002804,830.4079609001055,830.4079609001055,831.4088413002901,831.4088413002901,831.3925777003169,153.39654449978843,153.39657700015232,831.39990389999,831.4088413002901,831.4088413002901,832.3919577002525,stimuli/box_coin_transparent.png,154.3959121000953,154.3959381999448,832.3920196001418,832.4077623002231,833.4089142000303,833.3916440000758,155.39559439988807,832.4077623002231,832.4077623002231,,,,,,,,,,,,,,,,,22222,right,no,None,2025-05-07_14h07.02.934,RL_out-of-scanner,2024.2.4,60.5493277023731,2025-05-07 14h07.15.943248 -0500,
31,0,31,space,9.785271199885756,None,5,0.7410017997026443,None,155.39668759983033,j,0.37751200003549457,None,None,155.79594800015911,155.79618750000373,158.79593409970403,158.7959623001516,159.79874889971688,159.79877599980682,162.31172329979017,,,,,,,2,0,2,0,31,0,31,0,833.4089142000303,,,,,,,,,,,,,,,,,,,,,,,,,,,,,,155.39668759983033,833.3927697003819,833.4089142000303,833.4089142000303,833.4089142000303,833.4089142000303,833.7919647004455,j,0.37751200003549457,None,left,1,14,4,7,86,19,None,155.79594800015911,155.79618750000373,833.7922678003088,833.8081273003481,833.8081273003481,836.808917700313,836.808917700313,836.7919722003862,158.79593409970403,158.7959623001516,836.7992701004259,836.808917700313,836.808917700313,837.7947921003215,stimuli/box_coin_transparent.png,159.79874889971688,159.79877599980682,837.794859400019,837.8107553003356,840.3248718003742,840.3077717004344,162.31172329979017,,,,,,,,,,,,,,,,,,,22222,right,no,None,2025-05-07_14h07.02.934,RL_out-of-scanner,2024.2.4,60.5493277023731,2025-05-07 14h07.15.943248 -0500,
32,0,32,space,9.785271199885756,None,5,0.7410017997026443,None,162.31293280003592,k,0.4402037998661399,None,None,162.78022349998355,162.7804402001202,163.77929520001635,163.77932439977303,164.77925999974832,164.7792838998139,165.778355400078,,,,,,,2,0,2,0,32,0,32,0,840.3248718003742,,,,,,,,,,,,,,,,,,,,,,,,,,,,,,162.31293280003592,840.3090173001401,840.3248718003742,840.3248718003742,840.3248718003742,840.3248718003742,840.7762323003262,k,0.4402037998661399,None,left,1,14,4,7,86,19,None,162.78022349998355,162.7804402001202,840.7765235002153,840.7916840002872,840.7916840002872,841.7919477000833,841.7919477000833,841.775331100449,163.77929520001635,163.77932439977303,841.7817773004062,841.7919477000833,841.7919477000833,842.7753083002754,stimuli/box_empty_transparent.png,164.77925999974832,164.7792838998139,842.7753624999896,842.7911771000363,843.7910577002913,843.7744037001394,165.778355400078,842.7911771000363,842.7911771000363,,,,,,,,,,,,,,,,,22222,right,no,None,2025-05-07_14h07.02.934,RL_out-of-scanner,2024.2.4,60.5493277023731,2025-05-07 14h07.15.943248 -0500,
33,0,33,space,9.785271199885756,None,5,0.7410017997026443,None,165.77956279972568,j,0.447511900216341,None,None,166.24593740003183,166.2462172000669,168.2459903997369,168.24602499976754,169.24632130004466,169.24634689977393,170.74529739981517,,,,,,,2,0,2,0,33,0,33,0,843.7910577002913,,,,,,,,,,,,,,,,,,,,,,,,,,,,,,165.77956279972568,843.7756441002712,843.7910577002913,843.7910577002913,843.7910577002913,843.7910577002913,844.2419478003867,j,0.447511900216341,None,left,0,14,4,7,87,19,None,166.24593740003183,166.2462172000669,844.2423134003766,844.2583377002738,844.2583377002738,846.2580067003146,846.2580067003146,846.2420181003399,168.2459903997369,168.24602499976754,846.2481277002953,846.2580067003146,846.2580067003146,847.2423661001958,stimuli/box_empty_transparent.png,169.24632130004466,169.24634689977393,847.2424275004305,847.2580028004013,848.7583421003073,848.7413465003483,170.74529739981517,,,,,,,,,,,,,,,,,,,22222,right,no,None,2025-05-07_14h07.02.934,RL_out-of-scanner,2024.2.4,60.5493277023731,2025-05-07 14h07.15.943248 -0500,
34,0,34,space,9.785271199885756,None,5,0.7410017997026443,None,170.7464100997895,k,0.47367010032758117,None,None,171.24674850003794,171.24696270003915,174.24581180000678,174.24584010010585,175.2455758000724,175.24561400013044,177.7452815999277,,,,,,,2,0,2,0,34,0,34,0,848.7583421003073,,,,,,,,,,,,,,,,,,,,,,,,,,,,,,170.7464100997895,848.7424922003411,848.7583421003073,848.7583421003073,848.7583421003073,848.7583421003073,849.2427606000565,k,0.47367010032758117,None,left,0,14,4,7,87,19,None,171.24674850003794,171.24696270003915,849.2430450003594,849.2583451000974,849.2583451000974,852.2582597001456,852.2582597001456,852.2418480003253,174.24581180000678,174.24584010010585,852.2481636004522,852.2582597001456,852.2582597001456,853.2416233001277,stimuli/box_empty_transparent.png,175.2455758000724,175.24561400013044,853.2416927004233,853.2572793001309,855.7578197000548,855.7413308001123,177.7452815999277,853.2572793001309,853.2572793001309,,,,,,,,,,,,,,,,,22222,right,no,None,2025-05-07_14h07.02.934,RL_out-of-scanner,2024.2.4,60.5493277023731,2025-05-07 14h07.15.943248 -0500,
35,0,35,space,9.785271199885756,None,5,0.7410017997026443,None,177.7464255997911,k,0.3615274000912905,None,None,178.128735399805,178.12892309995368,179.62899759970605,179.62902570003644,180.62892749998719,180.62895159982145,181.6275424999185,,,,,,,2,0,2,0,35,0,35,0,855.7578197000548,,,,,,,,,,,,,,,,,,,,,,,,,,,,,,177.7464255997911,855.7425063000992,855.7578197000548,855.7578197000548,855.7578197000548,855.7578197000548,856.124754300341,k,0.3615274000912905,None,left,0,14,4,7,87,19,None,178.128735399805,178.12892309995368,856.1250041001476,856.1407415000722,856.1407415000722,857.6412333003245,857.6412333003245,857.6250326000154,179.62899759970605,179.62902570003644,857.6304702004418,857.6412333003245,857.6412333003245,858.6249742000364,stimuli/box_empty_transparent.png,180.62892749998719,180.62895159982145,858.6250297003426,858.6408545002341,859.6408536001109,859.623590100091,181.6275424999185,858.6408545002341,858.6408545002341,,,,,,,,,,,,,,,,,22222,right,no,None,2025-05-07_14h07.02.934,RL_out-of-scanner,2024.2.4,60.5493277023731,2025-05-07 14h07.15.943248 -0500,
36,0,36,space,9.785271199885756,None,5,0.7410017997026443,None,181.62866589985788,k,0.3832449000328779,None,None,182.02944159973413,182.02968969987705,183.5291710998863,183.52920230012387,184.52828259998932,184.52830770006403,188.02888739993796,,,,,,,2,0,2,0,36,0,36,0,859.6408536001109,,,,,,,,,,,,,,,,,,,,,,,,,,,,,,181.62866589985788,859.6247492004186,859.6408536001109,859.6408536001109,859.6408536001109,859.6408536001109,860.0254525002092,k,0.3832449000328779,None,left,0,14,4,7,87,19,None,182.02944159973413,182.02968969987705,860.0257847001776,860.0405965000391,860.0405965000391,861.5412353002466,861.5412353002466,861.5252023003995,183.5291710998863,183.52920230012387,861.5311910002492,861.5412353002466,861.5412353002466,862.5243289000355,stimuli/box_empty_transparent.png,184.52828259998932,184.52830770006403,862.5243867002428,862.5406640004367,866.0412619002163,866.0249358001165,188.02888739993796,862.5406640004367,862.5406640004367,,,,,,,,,,,,,,,,,22222,right,no,None,2025-05-07_14h07.02.934,RL_out-of-scanner,2024.2.4,60.5493277023731,2025-05-07 14h07.15.943248 -0500,
37,0,37,space,9.785271199885756,None,5,0.7410017997026443,None,188.0301000000909,j,0.29334820015355945,None,None,188.34608160005882,188.34634529985487,190.3451964999549,190.34523029997945,191.3454056000337,191.34543209988624,192.34433849994093,,,,,,,2,0,2,0,37,0,37,0,866.0412619002163,,,,,,,,,,,,,,,,,,,,,,,,,,,,,,188.0301000000909,866.0261847004294,866.0412619002163,866.0412619002163,866.0412619002163,866.0412619002163,866.3420913000591,j,0.29334820015355945,None,left,1,14,5,7,88,20,None,188.34608160005882,188.34634529985487,866.342426800169,866.357251400128,866.357251400128,868.3582589002326,868.3582589002326,868.3412209004164,190.3451964999549,190.34523029997945,868.3487513000146,868.3582589002326,868.3582589002326,869.3414497002959,stimuli/box_coin_transparent.png,191.3454056000337,191.34543209988624,869.3415141003206,869.357289200183,870.356915500015,870.3403866002336,192.34433849994093,869.357289200183,869.357289200183,,,,,,,,,,,,,,,,,22222,right,no,None,2025-05-07_14h07.02.934,RL_out-of-scanner,2024.2.4,60.5493277023731,2025-05-07 14h07.15.943248 -0500,
38,0,38,space,9.785271199885756,None,5,0.7410017997026443,None,192.3454419998452,j,0.4337924998253584,None,None,192.81253999983892,192.8128142999485,193.8116481998004,193.81167759979144,194.81143289990723,194.8114559999667,196.31113989977166,,,,,,,2,0,2,0,38,0,38,0,870.356915500015,,,,,,,,,,,,,,,,,,,,,,,,,,,,,,192.3454419998452,870.3415254000574,870.356915500015,870.356915500015,870.356915500015,870.356915500015,870.8085503000766,j,0.4337924998253584,None,left,0,14,5,7,89,20,None,192.81253999983892,192.8128142999485,870.808896700386,870.8237043004483,870.8237043004483,871.8247566004284,871.8247566004284,871.8076828001067,193.8116481998004,193.81167759979144,871.8137274002656,871.8247566004284,871.8247566004284,872.8074812004343,stimuli/box_empty_transparent.png,194.81143289990723,194.8114559999667,872.8075348003767,872.8237169003114,874.324127400294,874.3071887004189,196.31113989977166,872.8237169003114,872.8237169003114,,,,,,,,,,,,,,,,,22222,right,no,None,2025-05-07_14h07.02.934,RL_out-of-scanner,2024.2.4,60.5493277023731,2025-05-07 14h07.15.943248 -0500,
39,0,39,space,9.785271199885756,None,5,0.7410017997026443,None,196.31232600007206,k,0.31487080035731196,None,None,196.64601959986612,196.6462102998048,197.64749759994447,197.6475277999416,198.66133099980652,198.6613703998737,199.6609982000664,,,,,,,2,0,2,0,39,0,39,0,874.324127400294,,,,,,,,,,,,,,,,,,,,,,,,,,,,,,196.31232600007206,874.3084112000652,874.324127400294,874.324127400294,874.324127400294,874.324127400294,874.6420379001647,k,0.31487080035731196,None,left,0,14,5,7,89,20,None,196.64601959986612,196.6462102998048,874.6422899002209,874.6571195004508,874.6571195004508,875.6578705003485,875.6578705003485,875.6435295999981,197.64749759994447,197.6475277999416,875.6490942002274,875.6578705003485,875.6578705003485,876.6573763000779,stimuli/box_empty_transparent.png,198.66133099980652,198.6613703998737,876.6574499001727,876.6731400000863,877.6735559003428,877.6570467003621,199.6609982000664,,,,,,,,,,,,,,,,,,,22222,right,no,None,2025-05-07_14h07.02.934,RL_out-of-scanner,2024.2.4,60.5493277023731,2025-05-07 14h07.15.943248 -0500,
40,0,40,space,9.785271199885756,None,5,0.7410017997026443,None,199.66219080006704,j,0.40303019993007183,None,None,200.09482399979606,200.09506649989635,201.59505919972435,201.59508799994364,202.59516449971125,202.5951907997951,203.5936360997148,,,,,,,2,0,2,0,40,0,40,0,877.6735559003428,,,,,,,,,,,,,,,,,,,,,,,,,,,,,,199.66219080006704,877.6582757001743,877.6735559003428,877.6735559003428,877.6735559003428,877.6735559003428,878.0908407000825,j,0.40303019993007183,None,left,1,14,6,7,90,21,None,200.09482399979606,200.09506649989635,878.0911496002227,878.1069701001979,878.1069701001979,879.6079334001988,879.6079334001988,879.5910947001539,201.59505919972435,201.59508799994364,879.5986004001461,879.6079334001988,879.6079334001988,880.5912103001028,stimuli/box_coin_transparent.png,202.59516449971125,202.5951907997951,880.5912723001093,880.6066534002312,881.6067149001174,881.5896840002388,203.5936360997148,880.6066534002312,880.6066534002312,,,,,,,,,,,,,,,,,22222,right,no,None,2025-05-07_14h07.02.934,RL_out-of-scanner,2024.2.4,60.5493277023731,2025-05-07 14h07.15.943248 -0500,
41,0,41,space,9.785271199885756,None,5,0.7410017997026443,None,203.59480499988422,j,0.47380599984899163,None,None,204.0948266000487,204.09508420014754,205.09489780012518,205.09492950001732,206.09467809973285,206.09470289992169,209.09447159990668,,,,,,,2,0,2,0,41,0,41,0,881.6067149001174,,,,,,,,,,,,,,,,,,,,,,,,,,,,,,203.59480499988422,881.5908893002197,881.6067149001174,881.6067149001174,881.6067149001174,881.6067149001174,882.0908449003473,j,0.47380599984899163,None,left,1,14,7,7,91,22,None,204.0948266000487,204.09508420014754,882.0911683002487,882.1075400002301,882.1075400002301,883.1078513003886,883.1078513003886,883.0909286001697,205.09489780012518,205.09492950001732,883.0985513003543,883.1078513003886,883.1078513003886,884.0907258000225,stimuli/box_coin_transparent.png,206.09467809973285,206.09470289992169,884.0907813003287,884.1061630002223,887.1072019003332,887.0905181001872,209.09447159990668,884.1061630002223,884.1061630002223,,,,,,,,,,,,,,,,,22222,right,no,None,2025-05-07_14h07.02.934,RL_out-of-scanner,2024.2.4,60.5493277023731,2025-05-07 14h07.15.943248 -0500,
42,0,42,space,9.785271199885756,None,5,0.7410017997026443,None,209.09572799969465,j,0.3395900996401906,None,None,209.46386080002412,209.46419679978862,211.4608922000043,211.46092219976708,212.46113150008023,212.46115799993277,215.96077260002494,,,,,,,2,0,2,0,42,0,42,0,887.1072019003332,,,,,,,,,,,,,,,,,,,,,,,,,,,,,,209.09572799969465,887.0918126003817,887.1072019003332,887.1072019003332,887.1072019003332,887.1072019003332,887.4598587001674,j,0.3395900996401906,None,left,1,14,8,7,92,23,None,209.46386080002412,209.46419679978862,887.4602820002474,887.4741427004337,887.4741427004337,889.4743067002855,889.4743067002855,889.4569239001721,211.4608922000043,211.46092219976708,889.464500900358,889.4743067002855,889.4743067002855,890.4571770001203,stimuli/box_coin_transparent.png,212.46113150008023,212.46115799993277,890.4572402001359,890.4732590001076,894.024475000333,893.9568212004378,215.96077260002494,890.4732590001076,890.4732590001076,,,,,,,,,,,,,,,,,22222,right,no,None,2025-05-07_14h07.02.934,RL_out-of-scanner,2024.2.4,60.5493277023731,2025-05-07 14h07.15.943248 -0500,
43,0,43,space,9.785271199885756,None,5,0.7410017997026443,None,215.96192049980164,j,0.45708550000563264,None,None,216.49461109982803,216.49485930008814,217.4937749998644,217.4938054997474,218.4944911999628,218.4945223997347,220.49360779998824,,,,,,,2,0,2,0,43,0,43,0,894.024475000333,,,,,,,,,,,,,,,,,,,,,,,,,,,,,,215.96192049980164,893.9580034003593,894.024475000333,894.024475000333,894.024475000333,894.024475000333,894.4906287002377,j,0.45708550000563264,None,left,0,14,8,7,93,23,None,216.49461109982803,216.49485930008814,894.4909429000691,894.50657590013,894.50657590013,895.5063514001667,895.5063514001667,895.4898079000413,217.4937749998644,217.4938054997474,895.4958579000086,895.5063514001667,895.5063514001667,896.4905354003422,stimuli/box_empty_transparent.png,218.4944911999628,218.4945223997347,896.4906084001996,896.5065338001586,898.5072596003301,898.4896539002657,220.49360779998824,,,,,,,,,,,,,,,,,,,22222,right,no,None,2025-05-07_14h07.02.934,RL_out-of-scanner,2024.2.4,60.5493277023731,2025-05-07 14h07.15.943248 -0500,
44,0,44,space,9.785271199885756,None,5,0.7410017997026443,None,220.49482969986275,k,0.5723759001120925,None,None,221.09431320009753,221.09453509980813,223.59363749995828,223.5936707998626,224.59360420005396,224.59362789988518,226.59334719972685,,,,,,,2,0,2,0,44,0,44,0,898.5072596003301,,,,,,,,,,,,,,,,,,,,,,,,,,,,,,220.49482969986275,898.4909136001952,898.5072596003301,898.5072596003301,898.5072596003301,898.5072596003301,899.0903199003078,k,0.5723759001120925,None,left,0,14,8,7,93,23,None,221.09431320009753,221.09453509980813,899.0906174001284,899.1062469002791,899.1062469002791,901.6069074003026,901.6069074003026,901.5896693002433,223.59363749995828,223.5936707998626,901.5959196002223,901.6069074003026,901.6069074003026,902.5896527003497,stimuli/box_empty_transparent.png,224.59360420005396,224.59362789988518,902.5897069000639,902.6054040002637,904.6064283000305,904.5893949000165,226.59334719972685,902.6054040002637,902.6054040002637,,,,,,,,,,,,,,,,,22222,right,no,None,2025-05-07_14h07.02.934,RL_out-of-scanner,2024.2.4,60.5493277023731,2025-05-07 14h07.15.943248 -0500,
45,0,45,space,9.785271199885756,None,5,0.7410017997026443,None,226.59489740012214,j,0.31172299990430474,None,None,226.92718769982457,226.92746100015938,227.92705809976906,227.9270910997875,228.92691819975153,228.92694550007582,229.9269560999237,,,,,,,2,0,2,0,45,0,45,0,904.6064283000305,,,,,,,,,,,,,,,,,,,,,,,,,,,,,,226.59489740012214,904.5909826001152,904.6064283000305,904.6064283000305,904.6064283000305,904.6064283000305,904.9231990003027,j,0.31172299990430474,None,left,1,14,9,7,94,24,None,226.92718769982457,226.92746100015938,904.9235452003777,904.9400165001862,904.9400165001862,905.9401161000133,905.9401161000133,905.9230896001682,227.92705809976906,227.9270910997875,905.9304595002905,905.9401161000133,905.9401161000133,906.9229629002512,stimuli/box_coin_transparent.png,228.92691819975153,228.92694550007582,906.923027400393,906.9391094003804,907.9397835000418,907.9230044004507,229.9269560999237,906.9391094003804,906.9391094003804,,,,,,,,,,,,,,,,,22222,right,no,None,2025-05-07_14h07.02.934,RL_out-of-scanner,2024.2.4,60.5493277023731,2025-05-07 14h07.15.943248 -0500,
46,0,46,space,9.785271199885756,None,5,0.7410017997026443,None,229.9281401997432,j,0.38240120001137257,None,None,230.3283214000985,230.328569999896,232.32709999987856,232.3271603998728,233.32770110014826,233.3277246998623,234.32661370001733,,,,,,,2,0,2,0,46,0,46,0,907.9397835000418,,,,,,,,,,,,,,,,,,,,,,,,,,,,,,229.9281401997432,907.9242216004059,907.9397835000418,907.9397835000418,907.9397835000418,907.9397835000418,908.3243315001018,j,0.38240120001137257,None,left,1,14,10,7,95,25,None,230.3283214000985,230.328569999896,908.3246532003395,908.3396056001075,908.3396056001075,910.3395313001238,910.3395313001238,910.3231276003644,232.32709999987856,232.3271603998728,910.3303174003959,910.3395313001238,910.3395313001238,911.3237466001883,stimuli/box_coin_transparent.png,233.32770110014826,233.3277246998623,911.3238038001582,911.339127600193,912.3398747001775,912.3226627004333,234.32661370001733,,,,,,,,,,,,,,,,,,,22222,right,no,None,2025-05-07_14h07.02.934,RL_out-of-scanner,2024.2.4,60.5493277023731,2025-05-07 14h07.15.943248 -0500,
47,0,47,space,9.785271199885756,None,5,0.7410017997026443,None,234.32778939977288,j,0.38423920003697276,None,None,234.74480880005285,234.74513860000297,237.74418549984694,237.7442197999917,238.7598121999763,238.75984370009974,240.25974759971723,,,,,,,2,0,2,0,47,0,47,0,912.3398747001775,,,,,,,,,,,,,,,,,,,,,,,,,,,,,,234.32778939977288,912.3238729001023,912.3398747001775,912.3398747001775,912.3398747001775,912.3398747001775,912.740817700047,j,0.38423920003697276,None,left,0,14,10,7,96,25,None,234.74480880005285,234.74513860000297,912.7412241003476,912.7557096001692,912.7557096001692,915.7570505002514,915.7570505002514,915.740216600243,237.74418549984694,237.7442197999917,915.7464317004196,915.7570505002514,915.7570505002514,916.7558537004516,stimuli/box_empty_transparent.png,238.7598121999763,238.75984370009974,916.7559372000396,916.772848200053,918.2729306002147,918.2557922000997,240.25974759971723,,,,,,,,,,,,,,,,,,,22222,right,no,None,2025-05-07_14h07.02.934,RL_out-of-scanner,2024.2.4,60.5493277023731,2025-05-07 14h07.15.943248 -0500,
48,0,48,space,9.785271199885756,None,5,0.7410017997026443,None,240.26095200004056,j,0.42322719981893897,None,None,240.71119539998472,240.71141840005293,242.21014320012182,242.21017330000177,243.20988459978253,243.20990870008245,246.70966289984062,,,,,,,2,0,2,0,48,0,48,0,918.2729306002147,,,,,,,,,,,,,,,,,,,,,,,,,,,,,,240.26095200004056,918.257035900373,918.2729306002147,918.2729306002147,918.2729306002147,918.2729306002147,918.7072084001265,j,0.42322719981893897,None,left,1,14,11,7,97,26,None,240.71119539998472,240.71141840005293,918.7075024000369,918.7222282001749,918.7222282001749,920.2228206000291,920.2228206000291,920.2061676001176,242.21014320012182,242.21017330000177,920.2129446002655,920.2228206000291,920.2228206000291,921.2059322004206,stimuli/box_coin_transparent.png,243.20988459978253,243.20990870008245,921.2059884001501,921.2220392003655,924.7221819004044,924.7057111002505,246.70966289984062,921.2220392003655,921.2220392003655,,,,,,,,,,,,,,,,,22222,right,no,None,2025-05-07_14h07.02.934,RL_out-of-scanner,2024.2.4,60.5493277023731,2025-05-07 14h07.15.943248 -0500,
49,0,49,space,9.785271199885756,None,5,0.7410017997026443,None,246.7107987999916,j,0.4431203999556601,None,None,247.1763969999738,247.17662149993703,248.67675499990582,248.6767833000049,249.67703930009156,249.67707089986652,249.67738589970395,,,,,,,2,0,2,0,49,0,49,0,924.7221819004044,,,,,,,,,,,,,,,,,,,,,,,,,,,,,,246.7107987999916,924.7068841001019,924.7221819004044,924.7221819004044,924.7221819004044,924.7221819004044,925.1724142003804,j,0.4431203999556601,None,left,1,14,12,7,98,27,None,247.1763969999738,247.17662149993703,925.172701400239,925.1892521004193,925.1892521004193,926.6894116001204,926.6894116001204,926.6727901003323,248.67675499990582,248.6767833000049,926.6803602003492,926.6894116001204,926.6894116001204,927.6730803004466,stimuli/box_coin_transparent.png,249.67703930009156,249.67707089986652,927.673170900438,927.6885875002481,927.6885875002481,927.6734377001412,249.67738589970395,,,,,,,,,,,,,,,,,,,22222,right,no,None,2025-05-07_14h07.02.934,RL_out-of-scanner,2024.2.4,60.5493277023731,2025-05-07 14h07.15.943248 -0500,
2,0,2,space,9.785271199885756,None,5,0.7410017997026443,None,,,,,,,,,,,,,,,,,,,2,0,2,0,,,,,,,,,,,,,,,,,,,,,,,,,,,,,,,,,,,,,,,,,,,,,,,,,,,,,,,,,,,,,,,,,,,,,,,,,,,,,,,,,,,927.6853479002602,927.6885875002481,931.6879013003781,931.6715913000517,931.6716270004399,931.6879013003781,981.5867607002147,981.5705257002264,,,22222,right,no,None,2025-05-07_14h07.02.934,RL_out-of-scanner,2024.2.4,60.5493277023731,2025-05-07 14h07.15.943248 -0500,
,,,,,,,,,,,,,,,,,,,,,,,,,,,,,,,,,,,,,,,,,,,,,,,,,,,,,,,,,,,,,,,,,,,,,,,,,,,,,,,,,,,,,,,,,,,,,,,,,,,,,,,,,,,,,,,,,,,,,,,,,981.5706171002239,981.5708360001445,22222,right,no,None,2025-05-07_14h07.02.934,RL_out-of-scanner,2024.2.4,60.5493277023731,2025-05-07 14h07.15.943248 -0500,
