thisN,thisTrialN,thisRepN,advance_press.keys,advance_press.rt,advance_press.duration,trigger_value.keys,trigger_value.rt,trigger_value.duration,cueOnTime,cue_resp.keys,cue_resp.rt,cue_resp.duration,all_keys.keys,cueOffTime,cueRespOnTime,cueRespOffTime,outcomeOnTime,outcomeOffTime,fixOnTime,fixOffTime,practice_loop.thisRepN,practice_loop.thisTrialN,practice_loop.thisN,practice_loop.thisIndex,runs.thisRepN,runs.thisTrialN,runs.thisN,runs.thisIndex,trials.thisRepN,trials.thisTrialN,trials.thisN,trials.thisIndex,thisRow.t,notes,prac_dir.started,welcome_text.started,advance_press_pd.started,prac_dir.stopped,advance_press_pd.keys,advance_press_pd.rt,advance_press_pd.duration,summary_instructions.started,summary_text.started,advance_to_runs.started,summary_instructions.stopped,advance_to_runs.keys,advance_to_runs.rt,advance_to_runs.duration,get_ready.started,get_ready_text.started,advance_press.started,get_ready.stopped,runs.advance_press.keys,runs.advance_press.rt,runs.advance_press.duration,scanner_trigger.started,scanner_text.started,trigger_value.started,scanner_trigger.stopped,runs.trigger_value.keys,runs.trigger_value.rt,runs.trigger_value.duration,trials.cueOnTime,cue.started,left_box.started,right_box.started,cue_resp.started,all_keys.started,cue.stopped,trials.cue_resp.keys,trials.cue_resp.rt,trials.cue_resp.duration,good_side,probability_sequence_value,magic_number,num_rewarded,num_switch,total_correct,num_gold_coins,trials.all_keys.keys,trials.cueOffTime,trials.cueRespOnTime,cue_response.started,left_box_response.started,right_box_response.started,left_box_response.stopped,right_box_response.stopped,cue_response.stopped,trials.cueRespOffTime,trials.outcomeOnTime,outcome.started,outcome_left_box.started,outcome_right_box.started,outcome_left_box.stopped,outcome_right_box.stopped,outcome.stopped,outcome_image,trials.outcomeOffTime,trials.fixOnTime,fixation.started,fixation_cross.started,fixation_cross.stopped,fixation.stopped,trials.fixOffTime,run_feedback.started,coins_won_text.started,coins_won_text.stopped,run_feedback.stopped,leftover_time_break.started,fixation_end.started,fixation_end.stopped,leftover_time_break.stopped,end_exp.started,end_exp.stopped,participant,handedness,practice,restart_from_run,date,expName,psychopyVersion,frameRate,expStart,
,,,,,,,,,,,,,,,,,,,,,,,,,,,,,,,,,,,0.019478300120681524,0.026821200270205736,0.026821200270205736,6.524942200165242,j,6.481134500354528,None,,,,,,,,,,,,,,,,,,,,,,,,,,,,,,,,,,,,,,,,,,,,,,,,,,,,,,,,,,,,,,,,,,,,,,,,,,222222,right,no,None,2025-05-07_14h23.42.754,RL_out-of-scanner,2024.2.4,59.99268086513943,2025-05-07 14h23.54.505306 -0500,
,,,,,,,,,,,,,,,,,,,,,,,,,,,,,,,,,,,,,,,,,,6.525189999956638,6.536525200121105,6.536525200121105,10.903460499830544,j,4.350774999707937,None,,,,,,,,,,,,,,,,,,,,,,,,,,,,,,,,,,,,,,,,,,,,,,,,,,,,,,,,,,,,,,,,,,,222222,right,no,None,2025-05-07_14h23.42.754,RL_out-of-scanner,2024.2.4,59.99268086513943,2025-05-07 14h23.54.505306 -0500,
0,0,0,space,2.305732499808073,None,5,1.5967888003215194,None,0.0015926002524793148,j,0.5131001002155244,None,None,0.5333630000241101,0.5336107001639903,1.5341860000044107,1.5342138004489243,2.5338773000985384,2.53390230005607,4.532394300214946,,,,,0,0,0,0,0,0,0,0,14.868880399968475,,,,,,,,,,,,,,,,10.903756500221789,10.919447000138462,10.919447000138462,13.236702099908143,space,2.305732499808073,None,13.236759699881077,13.253006900195032,13.253006900195032,14.852768099866807,5,1.5967888003215194,None,0.0015926002524793148,14.854421800002456,14.868880399968475,14.868880399968475,14.868880399968475,14.868880399968475,15.386108300182968,j,0.5131001002155244,None,right,1,15,0,0,0,0,None,0.5333630000241101,0.5336107001639903,15.386441000271589,15.402549100108445,15.402549100108445,16.40362250013277,16.40362250013277,16.3869652999565,1.5341860000044107,1.5342138004489243,16.393266399856657,16.40362250013277,16.40362250013277,17.40245690010488,17.40245690010488,17.386670399922878,stimuli/box_empty_transparent.png,2.5338773000985384,2.53390230005607,17.386723400093615,17.40245690010488,19.402971900068223,19.385188800282776,4.532394300214946,,,,,,,,,,,222222,right,no,None,2025-05-07_14h23.42.754,RL_out-of-scanner,2024.2.4,59.99268086513943,2025-05-07 14h23.54.505306 -0500,
1,0,1,space,2.305732499808073,None,5,1.5967888003215194,None,4.533501000143588,k,0.31982559990137815,None,None,4.883806800004095,4.884014900308102,6.383136000018567,6.38316520024091,7.383016200270504,7.383044200018048,8.882810500450432,,,,,0,0,0,0,1,0,1,0,19.402971900068223,,,,,,,,,,,,,,,,,,,,,,,,,,,,,,4.533501000143588,19.386329100001603,19.402971900068223,19.402971900068223,19.402971900068223,19.402971900068223,19.736560699995607,k,0.31982559990137815,None,right,1,15,1,0,1,1,None,4.883806800004095,4.884014900308102,19.736846699845046,19.75301120011136,19.75301120011136,21.2529211002402,21.2529211002402,21.235917800106108,6.383136000018567,6.38316520024091,21.243616899941117,21.2529211002402,21.2529211002402,22.252881499938667,22.252881499938667,22.2358066001907,stimuli/box_coin_transparent.png,7.383016200270504,7.383044200018048,22.235870900098234,22.252881499938667,23.752663699910045,23.735603699926287,8.882810500450432,,,,,,,,,,,222222,right,no,None,2025-05-07_14h23.42.754,RL_out-of-scanner,2024.2.4,59.99268086513943,2025-05-07 14h23.54.505306 -0500,
2,0,2,space,2.305732499808073,None,5,1.5967888003215194,None,8.88405830040574,k,0.39497269969433546,None,None,9.300179700367153,9.300370400305837,10.299986000172794,10.30001650005579,11.300334100145847,11.300374500453472,14.299626000225544,,,,,0,0,0,0,2,0,2,0,23.752663699910045,,,,,,,,,,,,,,,,,,,,,,,,,,,,,,8.88405830040574,23.73688959982246,23.752663699910045,23.752663699910045,23.752663699910045,23.752663699910045,24.152940399944782,k,0.39497269969433546,None,right,1,15,2,0,2,2,None,9.300179700367153,9.300370400305837,24.153200400061905,24.16898509999737,24.16898509999737,25.169129400048405,25.169129400048405,25.152761899866164,10.299986000172794,10.30001650005579,25.160079900175333,25.169129400048405,25.169129400048405,,,26.15311329998076,stimuli/box_coin_transparent.png,11.300334100145847,11.300374500453472,26.15320139983669,26.169077000115067,29.169223399832845,29.152419799938798,14.299626000225544,,,,,,,,,,,222222,right,no,None,2025-05-07_14h23.42.754,RL_out-of-scanner,2024.2.4,59.99268086513943,2025-05-07 14h23.54.505306 -0500,
3,0,3,space,2.305732499808073,None,5,1.5967888003215194,None,14.300771600101143,k,0.37530940026044846,None,None,14.700513000134379,14.700695500243455,16.700110300444067,16.700152200181037,17.700295600108802,17.70032410044223,18.698932900093496,,,,,0,0,0,0,3,0,3,0,29.169223399832845,,,,,,,,,,,,,,,,,,,,,,,,,,,,,,14.300771600101143,29.15360359987244,29.169223399832845,29.169223399832845,29.169223399832845,29.169223399832845,29.553274999838322,k,0.37530940026044846,None,right,1,15,3,0,3,3,None,14.700513000134379,14.700695500243455,29.553520999848843,29.568938800133765,29.568938800133765,31.56958270026371,31.56958270026371,31.55287879984826,16.700110300444067,16.700152200181037,31.56059390027076,31.56958270026371,31.56958270026371,32.568845900241286,32.568845900241286,32.55308669991791,stimuli/box_coin_transparent.png,17.700295600108802,17.70032410044223,32.55315149994567,32.568845900241286,33.56846689991653,33.55172710027546,18.698932900093496,,,,,,,,,,,222222,right,no,None,2025-05-07_14h23.42.754,RL_out-of-scanner,2024.2.4,59.99268086513943,2025-05-07 14h23.54.505306 -0500,
4,0,4,space,2.305732499808073,None,5,1.5967888003215194,None,18.700074900407344,k,0.5268393997102976,None,None,19.250639100093395,19.250837000086904,20.250535600353032,20.250569200143218,21.24919080035761,21.249216900207102,23.749556800350547,,,,,0,0,0,0,4,0,4,0,33.56846689991653,,,,,,,,,,,,,,,,,,,,,,,,,,,,,,18.700074900407344,33.55290579982102,33.56846689991653,33.56846689991653,33.56846689991653,33.56846689991653,34.103399199899286,k,0.5268393997102976,None,right,1,15,4,0,4,4,None,19.250639100093395,19.250837000086904,34.10366709996015,34.118994399905205,34.118994399905205,35.11930450005457,35.11930450005457,35.103310300037265,20.250535600353032,20.250569200143218,35.11061319988221,35.11930450005457,35.11930450005457,36.11774450028315,36.11774450028315,36.10198209993541,stimuli/box_coin_transparent.png,21.24919080035761,21.249216900207102,36.102044499944896,36.11774450028315,38.61913930019364,38.602348200045526,23.749556800350547,,,,,,,,,,,222222,right,no,None,2025-05-07_14h23.42.754,RL_out-of-scanner,2024.2.4,59.99268086513943,2025-05-07 14h23.54.505306 -0500,
5,0,5,space,2.305732499808073,None,5,1.5967888003215194,None,23.750818600412458,k,0.448454599827528,None,None,24.216739700175822,24.216920900158584,27.716875300277025,27.716904600150883,28.716419100295752,28.71644390001893,30.716397300362587,,,,,0,0,0,0,5,0,5,0,38.61913930019364,,,,,,,,,,,,,,,,,,,,,,,,,,,,,,23.750818600412458,38.60364989982918,38.61913930019364,38.61913930019364,38.61913930019364,38.61913930019364,39.0694991000928,k,0.448454599827528,None,right,0,15,4,0,5,4,None,24.216739700175822,24.216920900158584,39.06974710011855,39.08544130017981,39.08544130017981,42.58596159983426,42.58596159983426,42.56965690013021,27.716875300277025,27.716904600150883,42.57572050020099,42.58596159983426,42.58596159983426,43.58524330006912,43.58524330006912,43.569212399888784,stimuli/box_empty_transparent.png,28.716419100295752,28.71644390001893,43.56926790019497,43.58524330006912,45.585814100224525,45.569191799964756,30.716397300362587,,,,,,,,,,,222222,right,no,None,2025-05-07_14h23.42.754,RL_out-of-scanner,2024.2.4,59.99268086513943,2025-05-07 14h23.54.505306 -0500,
6,0,6,space,2.305732499808073,None,5,1.5967888003215194,None,30.71748870005831,k,0.5311646000482142,None,None,31.266202400438488,31.266391900368035,32.265554500278085,32.265592200215906,33.2660416001454,33.26606670022011,34.26606420008466,,,,,0,0,0,0,6,0,6,0,45.585814100224525,,,,,,,,,,,,,,,,,,,,,,,,,,,,,,30.71748870005831,45.57031639991328,45.585814100224525,45.585814100224525,45.585814100224525,45.585814100224525,46.11896250024438,k,0.5311646000482142,None,right,1,15,5,0,6,5,None,31.266202400438488,31.266391900368035,46.11921809986234,46.13489119987935,46.13489119987935,47.13505550008267,47.13505550008267,47.118320300243795,32.265554500278085,32.265592200215906,47.125072800088674,47.13505550008267,47.13505550008267,,,48.11883210018277,stimuli/box_coin_transparent.png,33.2660416001454,33.26606670022011,48.11890270002186,48.135079300031066,49.1355179999955,49.11885630013421,34.26606420008466,,,,,,,,,,,222222,right,no,None,2025-05-07_14h23.42.754,RL_out-of-scanner,2024.2.4,59.99268086513943,2025-05-07 14h23.54.505306 -0500,
7,0,7,space,2.305732499808073,None,5,1.5967888003215194,None,34.267306399997324,k,0.4818671001121402,None,None,34.766950000077486,34.767136400099844,36.766027400270104,36.76606070017442,37.76858740020543,37.768617800436914,39.76578750042245,,,,,0,0,0,0,7,0,7,0,49.1355179999955,,,,,,,,,,,,,,,,,,,,,,,,,,,,,,34.267306399997324,49.120137699879706,49.1355179999955,49.1355179999955,49.1355179999955,49.1355179999955,49.619700100272894,k,0.4818671001121402,None,right,0,15,5,0,7,5,None,34.766950000077486,34.767136400099844,49.61996199982241,49.634976000059396,49.634976000059396,51.63571890024468,51.63571890024468,51.61880569998175,36.766027400270104,36.76606070017442,51.62494349991903,51.63571890024468,51.63571890024468,,,52.62137399986386,stimuli/box_empty_transparent.png,37.76858740020543,37.768617800436914,52.621446299832314,52.633680699858814,54.63555430015549,54.61857989989221,39.76578750042245,,,,,,,,,,,222222,right,no,None,2025-05-07_14h23.42.754,RL_out-of-scanner,2024.2.4,59.99268086513943,2025-05-07 14h23.54.505306 -0500,
8,0,8,space,2.305732499808073,None,5,1.5967888003215194,None,39.766942700371146,k,0.4593778997659683,None,None,40.249672000296414,40.249855500180274,43.249770500231534,43.24980610003695,44.24935370031744,44.249380900058895,45.748440800234675,,,,,0,0,0,0,8,0,8,0,54.63555430015549,,,,,,,,,,,,,,,,,,,,,,,,,,,,,,39.766942700371146,54.61977030010894,54.63555430015549,54.63555430015549,54.63555430015549,54.63555430015549,55.102432100102305,k,0.4593778997659683,None,right,1,15,6,0,8,6,None,40.249672000296414,40.249855500180274,55.10268140025437,55.11854529986158,55.11854529986158,58.11810170020908,58.11810170020908,58.10254679992795,43.249770500231534,43.24980610003695,58.10898600006476,58.11810170020908,58.11810170020908,59.118276100140065,59.118276100140065,59.102144999895245,stimuli/box_coin_transparent.png,44.24935370031744,44.249380900058895,59.102206599898636,59.118276100140065,60.617931299842894,60.60123310005292,45.748440800234675,,,,,,,,,,,222222,right,no,None,2025-05-07_14h23.42.754,RL_out-of-scanner,2024.2.4,59.99268086513943,2025-05-07 14h23.54.505306 -0500,
9,0,9,space,2.305732499808073,None,5,1.5967888003215194,None,45.74959660042077,k,0.3694142000749707,None,None,46.1499203001149,46.15011740010232,47.649094300344586,47.64912690035999,48.64924160018563,48.64927950035781,50.64912480022758,,,,,0,0,0,0,9,0,9,0,60.617931299842894,,,,,,,,,,,,,,,,,,,,,,,,,,,,,,45.74959660042077,60.60242549981922,60.617931299842894,60.617931299842894,60.617931299842894,60.617931299842894,61.00267940014601,k,0.3694142000749707,None,right,1,15,7,0,9,7,None,46.1499203001149,46.15011740010232,61.002943499945104,61.01830910006538,61.01830910006538,62.51783620007336,62.51783620007336,62.50186580000445,47.649094300344586,47.64912690035999,62.50911789992824,62.51783620007336,62.51783620007336,,,63.50203130021691,stimuli/box_coin_transparent.png,48.64924160018563,48.64927950035781,63.50210560020059,63.51790289999917,65.51809799997136,65.50191750004888,50.64912480022758,,,,,,,,,,,222222,right,no,None,2025-05-07_14h23.42.754,RL_out-of-scanner,2024.2.4,59.99268086513943,2025-05-07 14h23.54.505306 -0500,
10,0,10,space,2.305732499808073,None,5,1.5967888003215194,None,50.65022300044075,k,0.374781200196594,None,None,51.04915130045265,51.049357700161636,52.54886239999905,52.54889550013468,53.54861530009657,53.54864180041477,54.54856310039759,,,,,0,0,0,0,10,0,10,0,65.51809799997136,,,,,,,,,,,,,,,,,,,,,,,,,,,,,,50.65022300044075,65.50305909989402,65.51809799997136,65.51809799997136,65.51809799997136,65.51809799997136,65.90189660014585,k,0.374781200196594,None,right,1,15,8,0,10,8,None,51.04915130045265,51.049357700161636,65.90218529989943,65.91806410020217,65.91806410020217,67.4178475998342,67.4178475998342,67.40163500001654,52.54886239999905,52.54889550013468,67.4079618002288,67.4178475998342,67.4178475998342,68.41683060023934,68.41683060023934,68.40140550024807,stimuli/box_coin_transparent.png,53.54861530009657,53.54864180041477,68.40146870026365,68.41683060023934,69.4178764000535,69.4013535999693,54.54856310039759,,,,,,,,,,,222222,right,no,None,2025-05-07_14h23.42.754,RL_out-of-scanner,2024.2.4,59.99268086513943,2025-05-07 14h23.54.505306 -0500,
11,0,11,space,2.305732499808073,None,5,1.5967888003215194,None,54.54970300011337,k,0.4151286999695003,None,None,54.98219680041075,54.98240080010146,56.9819482001476,56.98197920015082,57.9816396003589,57.98166530020535,59.48154290020466,,,,,0,0,0,0,11,0,11,0,69.4178764000535,,,,,,,,,,,,,,,,,,,,,,,,,,,,,,54.54970300011337,69.40253059985116,69.4178764000535,69.4178764000535,69.4178764000535,69.4178764000535,69.83495339984074,k,0.4151286999695003,None,right,1,15,9,0,11,9,None,54.98219680041075,54.98240080010146,69.83522950019687,69.85124529991299,69.85124529991299,71.85097819985822,71.85097819985822,71.83473040023819,56.9819482001476,56.98197920015082,71.84203850012273,71.85097819985822,71.85097819985822,72.85001070005819,72.85001070005819,72.8344323001802,stimuli/box_coin_transparent.png,57.9816396003589,57.98166530020535,72.83448929991573,72.85001070005819,74.35060540027916,74.33432679995894,59.48154290020466,,,,,,,,,,,222222,right,no,None,2025-05-07_14h23.42.754,RL_out-of-scanner,2024.2.4,59.99268086513943,2025-05-07 14h23.54.505306 -0500,
12,0,12,space,2.305732499808073,None,5,1.5967888003215194,None,59.482778400182724,k,0.47323850030079484,None,None,59.98185500036925,59.982041800394654,60.981273100245744,60.98130690027028,61.98154340032488,61.98157190019265,64.9817746002227,,,,,0,0,0,0,12,0,12,0,74.35060540027916,,,,,,,,,,,,,,,,,,,,,,,,,,,,,,59.482778400182724,74.33561540022492,74.35060540027916,74.35060540027916,74.35060540027916,74.35060540027916,74.83461519982666,k,0.47323850030079484,None,right,0,15,9,0,12,9,None,59.98185500036925,59.982041800394654,74.83486740011722,74.85069430014119,74.85069430014119,75.85074760019779,75.85074760019779,75.83404960017651,60.981273100245744,60.98130690027028,75.84010110003874,75.85074760019779,75.85074760019779,76.84973919996992,76.84973919996992,76.83433269988745,stimuli/box_empty_transparent.png,61.98154340032488,61.98157190019265,76.83440829999745,76.84973919996992,79.85065639996901,79.83456110022962,64.9817746002227,,,,,,,,,,,222222,right,no,None,2025-05-07_14h23.42.754,RL_out-of-scanner,2024.2.4,59.99268086513943,2025-05-07 14h23.54.505306 -0500,
13,0,13,space,2.305732499808073,None,5,1.5967888003215194,None,64.98300160001963,k,0.2661206996999681,None,None,65.26552870031446,65.26574850035831,65.76520720031112,65.76523630041629,66.76527750026435,66.76530660036951,68.76419960008934,,,,,0,0,0,0,13,0,13,0,79.85065639996901,,,,,,,,,,,,,,,,,,,,,,,,,,,,,,64.98300160001963,79.83583600027487,79.85065639996901,79.85065639996901,79.85065639996901,79.85065639996901,80.11827180022374,k,0.2661206996999681,None,right,1,15,10,0,13,10,None,65.26552870031446,65.26574850035831,80.11858170013875,80.13380690012127,80.13380690012127,80.63508410006762,80.63508410006762,80.61798800015822,65.76520720031112,65.76523630041629,80.62541850004345,80.63508410006762,80.63508410006762,81.63394280010834,81.63394280010834,81.61806740006432,stimuli/box_coin_transparent.png,66.76527750026435,66.76530660036951,81.6181306000799,81.63394280010834,83.63436389993876,83.61699400004,68.76419960008934,,,,,,,,,,,222222,right,no,None,2025-05-07_14h23.42.754,RL_out-of-scanner,2024.2.4,59.99268086513943,2025-05-07 14h23.54.505306 -0500,
14,0,14,space,2.305732499808073,None,5,1.5967888003215194,None,68.76526220003143,k,0.6243024999275804,None,None,69.41603930015117,69.41621820023283,70.91522640036419,70.91526030004025,71.91508450033143,71.91511260019615,72.91483110003173,,,,,0,0,0,0,14,0,14,0,83.63436389993876,,,,,,,,,,,,,,,,,,,,,,,,,,,,,,68.76526220003143,83.61808949988335,83.63436389993876,83.63436389993876,83.63436389993876,83.63436389993876,84.2688004001975,k,0.6243024999275804,None,right,0,15,10,0,14,10,None,69.41603930015117,69.41621820023283,84.26904409984127,84.2842037002556,84.2842037002556,85.7846865998581,85.7846865998581,85.76799870003015,70.91522640036419,70.91526030004025,85.77410989999771,85.7846865998581,85.7846865998581,86.78376490017399,86.78376490017399,86.7678744001314,stimuli/box_empty_transparent.png,71.91508450033143,71.91511260019615,86.76794600021094,86.78376490017399,87.78390179993585,87.76762579986826,72.91483110003173,,,,,,,,,,,222222,right,no,None,2025-05-07_14h23.42.754,RL_out-of-scanner,2024.2.4,59.99268086513943,2025-05-07 14h23.54.505306 -0500,
15,0,15,space,2.305732499808073,None,5,1.5967888003215194,None,72.91589680034667,k,0.3639128999784589,None,None,73.29812220018357,73.29830360040069,74.29810590017587,74.29813910042867,75.31395220011473,75.31398930028081,77.31484550004825,,,,,0,0,0,0,15,0,15,0,87.78390179993585,,,,,,,,,,,,,,,,,,,,,,,,,,,,,,72.91589680034667,87.76872429996729,87.78390179993585,87.78390179993585,87.78390179993585,87.78390179993585,88.15088179986924,k,0.3639128999784589,None,right,1,15,11,0,15,11,None,73.29812220018357,73.29830360040069,88.15112939989194,88.16769050015137,88.16769050015137,89.16818160004914,89.16818160004914,89.1508797002025,74.29810590017587,74.29813910042867,89.15821669995785,89.16818160004914,89.16818160004914,,,90.16674140002578,stimuli/box_coin_transparent.png,75.31395220011473,75.31398930028081,90.16681910026819,90.18304659985006,92.18447080021724,92.16763829998672,77.31484550004825,,,,,,,,,,,222222,right,no,None,2025-05-07_14h23.42.754,RL_out-of-scanner,2024.2.4,59.99268086513943,2025-05-07 14h23.54.505306 -0500,
16,0,16,space,2.305732499808073,None,5,1.5967888003215194,None,77.31597850006074,k,0.40123810013756156,None,None,77.747952000238,77.74815600039437,79.748359200079,79.74838840030134,80.74721090029925,80.74724070029333,81.75065740011632,,,,,0,0,0,0,16,0,16,0,92.18447080021724,,,,,,,,,,,,,,,,,,,,,,,,,,,,,,77.31597850006074,92.16880610026419,92.18447080021724,92.18447080021724,92.18447080021724,92.18447080021724,92.60069929994643,k,0.40123810013756156,None,right,1,15,12,0,16,12,None,77.747952000238,77.74815600039437,92.60098019987345,92.61660350020975,92.61660350020975,94.61717840004712,94.61717840004712,94.60113610001281,79.748359200079,79.74838840030134,94.60832419991493,94.61717840004712,94.61717840004712,95.61706269998103,95.61706269998103,95.599998800084,stimuli/box_coin_transparent.png,80.74721090029925,80.74724070029333,95.6000736001879,95.61706269998103,96.6203823001124,96.60344689991325,81.75065740011632,,,,,,,,,,,222222,right,no,None,2025-05-07_14h23.42.754,RL_out-of-scanner,2024.2.4,59.99268086513943,2025-05-07 14h23.54.505306 -0500,
17,0,17,space,2.305732499808073,None,5,1.5967888003215194,None,81.7519669001922,k,1.0023727002553642,None,None,82.78414180036634,82.7843468002975,83.79732880042866,83.79736190009862,84.79724930040538,84.79727400001138,85.79632330033928,,,,,0,0,0,0,17,0,17,0,96.6203823001124,,,,,,,,,,,,,,,,,,,,,,,,,,,,,,81.7519669001922,96.60480450000614,96.6203823001124,96.6203823001124,96.6203823001124,96.6203823001124,97.63689230009913,k,1.0023727002553642,None,right,1,15,13,0,17,13,None,82.78414180036634,82.7843468002975,97.63717770017684,97.65353409992531,97.65353409992531,98.66646989993751,98.66646989993751,98.65010230010375,83.79732880042866,83.79736190009862,98.65677959984168,98.66646989993751,98.66646989993751,99.66555140027776,99.66555140027776,99.65004209987819,stimuli/box_coin_transparent.png,84.79724930040538,84.79727400001138,99.65009659994394,99.66555140027776,100.66612609988078,100.64911619992927,85.79632330033928,,,,,,,,,,,222222,right,no,None,2025-05-07_14h23.42.754,RL_out-of-scanner,2024.2.4,59.99268086513943,2025-05-07 14h23.54.505306 -0500,
18,0,18,space,2.305732499808073,None,5,1.5967888003215194,None,85.79743150016293,k,0.6863016998395324,None,None,86.51551020005718,86.51573060033843,90.01434019999579,90.01437310036272,91.01344940019771,91.01347720017657,93.01560920011252,,,,,0,0,0,0,18,0,18,0,100.66612609988078,,,,,,,,,,,,,,,,,,,,,,,,,,,,,,85.79743150016293,100.6502592000179,100.66612609988078,100.66612609988078,100.66612609988078,100.66612609988078,101.3682633000426,k,0.6863016998395324,None,right,1,15,14,0,18,14,None,86.51551020005718,86.51573060033843,101.36855990020558,101.38291980000213,101.38291980000213,104.8831565999426,104.8831565999426,104.86711979983374,90.01434019999579,90.01437310036272,104.87426949990913,104.8831565999426,104.8831565999426,105.88247960014269,105.88247960014269,105.86623929999769,stimuli/box_coin_transparent.png,91.01344940019771,91.01347720017657,105.8663043002598,105.88247960014269,107.88320290017873,107.8684041001834,93.01560920011252,,,,,,,,,,,222222,right,no,None,2025-05-07_14h23.42.754,RL_out-of-scanner,2024.2.4,59.99268086513943,2025-05-07 14h23.54.505306 -0500,
19,0,19,space,2.305732499808073,None,5,1.5967888003215194,None,93.01691510016099,k,0.5254275002516806,None,None,93.56372610013932,93.56391220027581,94.56414970010519,94.56417800020427,95.5639345003292,95.56395920040086,97.06414330005646,,,,,0,0,0,0,19,0,19,0,107.88320290017873,,,,,,,,,,,,,,,,,,,,,,,,,,,,,,93.01691510016099,107.86974330013618,107.88320290017873,107.88320290017873,107.88320290017873,107.88320290017873,108.41648609982803,k,0.5254275002516806,None,right,0,15,14,0,19,14,None,93.56372610013932,93.56391220027581,108.41673779999837,108.43277690000832,108.43277690000832,109.43387020006776,109.43387020006776,109.41693169996142,94.56414970010519,94.56417800020427,109.42300570011139,109.43387020006776,109.43387020006776,110.43222660012543,110.43222660012543,110.41672760015354,stimuli/box_empty_transparent.png,95.5639345003292,95.56395920040086,110.41678360011429,110.43222660012543,111.93372480012476,111.91693580010906,97.06414330005646,,,,,,,,,,,222222,right,no,None,2025-05-07_14h23.42.754,RL_out-of-scanner,2024.2.4,59.99268086513943,2025-05-07 14h23.54.505306 -0500,
20,0,20,space,2.305732499808073,None,5,1.5967888003215194,None,97.06520160008222,k,0.4925521998666227,None,None,97.58056390006095,97.58075900003314,99.58079250017181,99.58082480030134,100.58106390014291,100.58109200000763,102.57946310006082,,,,,0,0,0,0,20,0,20,0,111.93372480012476,,,,,,,,,,,,,,,,,,,,,,,,,,,,,,97.06520160008222,111.9180283001624,111.93372480012476,111.93372480012476,111.93372480012476,111.93372480012476,112.4333152002655,k,0.4925521998666227,None,right,1,15,15,0,20,15,None,97.58056390006095,97.58075900003314,112.43358490010723,112.44962739991024,112.44962739991024,114.45039949985221,114.45039949985221,114.43357039988041,99.58079250017181,99.58082480030134,114.44093229994178,114.45039949985221,114.45039949985221,115.44937779987231,115.44937779987231,115.43385470006615,stimuli/box_coin_transparent.png,100.58106390014291,100.58109200000763,115.43391889985651,115.44937779987231,117.44908179994673,117.43225690023974,102.57946310006082,,,,,,,,,,,222222,right,no,None,2025-05-07_14h23.42.754,RL_out-of-scanner,2024.2.4,59.99268086513943,2025-05-07 14h23.54.505306 -0500,
21,0,21,space,2.305732499808073,None,5,1.5967888003215194,None,102.58056760020554,k,0.4885002998635173,None,None,103.09702760027722,103.09724070038646,106.09685110021383,106.09687930019572,107.09725040011108,107.0972753004171,108.61317890044302,,,,,0,0,0,0,21,0,21,0,117.44908179994673,,,,,,,,,,,,,,,,,,,,,,,,,,,,,,102.58056760020554,117.4333938001655,117.44908179994673,117.44908179994673,117.44908179994673,117.44908179994673,117.94977940013632,k,0.4885002998635173,None,left,1,14,0,1,20,15,None,103.09702760027722,103.09724070038646,117.95007060002536,117.9662343999371,117.9662343999371,120.96699739992619,120.96699739992619,120.94963050028309,106.09685110021383,106.09687930019572,120.95603140024468,120.96699739992619,120.96699739992619,,,121.9500405001454,stimuli/box_empty_transparent.png,107.09725040011108,107.0972753004171,121.95010000001639,121.96621910016984,123.48292759992182,123.46597200026736,108.61317890044302,,,,,,,,,,,222222,right,no,None,2025-05-07_14h23.42.754,RL_out-of-scanner,2024.2.4,59.99268086513943,2025-05-07 14h23.54.505306 -0500,
22,0,22,space,2.305732499808073,None,5,1.5967888003215194,None,108.61441520042717,k,0.561196300201118,None,None,109.19631500029936,109.19652230013162,110.69628830021247,110.69631860032678,111.69655280001462,111.69659850001335,113.6966923000291,,,,,0,0,0,0,22,0,22,0,123.48292759992182,,,,,,,,,,,,,,,,,,,,,,,,,,,,,,108.61441520042717,123.46724270004779,123.48292759992182,123.48292759992182,123.48292759992182,123.48292759992182,124.04906849982217,k,0.561196300201118,None,left,1,14,0,1,20,15,None,109.19631500029936,109.19652230013162,124.04935140023008,124.06598410010338,124.06598410010338,125.56559270014986,125.56559270014986,125.54906910005957,110.69628830021247,110.69631860032678,125.55508740013465,125.56559270014986,125.56559270014986,,,126.54933279985562,stimuli/box_empty_transparent.png,111.69655280001462,111.69659850001335,126.54942410020158,126.56502730026841,128.56605770019814,128.54948800010607,113.6966923000291,,,,,,,,,,,222222,right,no,None,2025-05-07_14h23.42.754,RL_out-of-scanner,2024.2.4,59.99268086513943,2025-05-07 14h23.54.505306 -0500,
23,0,23,space,2.305732499808073,None,5,1.5967888003215194,None,113.69791450025514,k,0.5297953002154827,None,None,114.24687950033695,114.24707750044763,115.74713180027902,115.7471639001742,116.74657830037177,116.74660350009799,118.24600220005959,,,,,0,0,0,0,23,0,23,0,128.56605770019814,,,,,,,,,,,,,,,,,,,,,,,,,,,,,,113.69791450025514,128.55074719991535,128.56605770019814,128.56605770019814,128.56605770019814,128.56605770019814,129.09961580019444,k,0.5297953002154827,None,left,1,14,0,1,20,15,None,114.24687950033695,114.24707750044763,129.0999039998278,129.11510050017387,129.11510050017387,130.6166262999177,130.6166262999177,130.59990430017933,115.74713180027902,115.7471639001742,130.60588689986616,130.6166262999177,130.6166262999177,131.61484799999744,131.61484799999744,131.5993715999648,stimuli/box_empty_transparent.png,116.74657830037177,116.74660350009799,131.59942759992555,131.61484799999744,133.11531559983268,133.09879520023242,118.24600220005959,,,,,,,,,,,222222,right,no,None,2025-05-07_14h23.42.754,RL_out-of-scanner,2024.2.4,59.99268086513943,2025-05-07 14h23.54.505306 -0500,
24,0,24,space,2.305732499808073,None,5,1.5967888003215194,None,118.24720760015771,j,0.339440300129354,None,None,118.61333170020953,118.61355350026861,120.61327690025792,120.61330990027636,121.61306710029021,121.61309290025383,123.11227560043335,,,,,0,0,0,0,24,0,24,0,133.11531559983268,,,,,,,,,,,,,,,,,,,,,,,,,,,,,,118.24720760015771,133.10004079993814,133.11531559983268,133.11531559983268,133.11531559983268,133.11531559983268,133.4660785999149,j,0.339440300129354,None,left,1,14,1,1,21,16,None,118.61333170020953,118.61355350026861,133.4663825002499,133.4819451002404,133.4819451002404,135.4824598999694,135.4824598999694,135.46605300018564,120.61327690025792,120.61330990027636,135.4734203000553,135.4824598999694,135.4824598999694,136.48191229999065,136.48191229999065,136.4658606001176,stimuli/box_coin_transparent.png,121.61306710029021,121.61309290025383,136.46591740008444,136.48191229999065,137.98154280008748,137.96506890002638,123.11227560043335,,,,,,,,,,,222222,right,no,None,2025-05-07_14h23.42.754,RL_out-of-scanner,2024.2.4,59.99268086513943,2025-05-07 14h23.54.505306 -0500,
25,0,25,space,2.305732499808073,None,5,1.5967888003215194,None,123.11345890024677,j,0.44999800017103553,None,None,123.58005330013111,123.58029900025576,124.5809786003083,124.58102360041812,125.59620750043541,125.59624750027433,129.09582180017605,,,,,0,0,0,0,25,0,25,0,137.98154280008748,,,,,,,,,,,,,,,,,,,,,,,,,,,,,,123.11345890024677,137.96629039989784,137.98154280008748,137.98154280008748,137.98154280008748,137.98154280008748,138.432813399937,j,0.44999800017103553,None,left,1,14,2,1,22,17,None,123.58005330013111,123.58029900025576,138.4331284998916,138.4488447001204,138.4488447001204,139.44954690011218,139.44954690011218,139.43375519989058,124.5809786003083,124.58102360041812,139.44032379984856,139.44954690011218,139.44954690011218,,,140.44899700023234,stimuli/box_coin_transparent.png,125.59620750043541,125.59624750027433,140.4490804001689,140.46520970016718,143.9646254000254,143.948612799868,129.09582180017605,,,,,,,,,,,222222,right,no,None,2025-05-07_14h23.42.754,RL_out-of-scanner,2024.2.4,59.99268086513943,2025-05-07 14h23.54.505306 -0500,
26,0,26,space,2.305732499808073,None,5,1.5967888003215194,None,129.09703550022095,j,0.3615772002376616,None,None,129.47912950022146,129.47939110035077,129.98003320023417,129.98006460024044,130.9788484000601,130.9788743001409,134.47947160014883,,,,,0,0,0,0,26,0,26,0,143.9646254000254,,,,,,,,,,,,,,,,,,,,,,,,,,,,,,129.09703550022095,143.94986320007592,143.9646254000254,143.9646254000254,143.9646254000254,143.9646254000254,144.33186679985374,j,0.3615772002376616,None,left,1,14,3,1,23,18,None,129.47912950022146,129.47939110035077,144.3322280002758,144.34878880018368,144.34878880018368,144.84888740023598,144.84888740023598,144.8328137001954,129.98003320023417,129.98006460024044,144.83902270020917,144.84888740023598,144.84888740023598,145.84758970001712,145.84758970001712,145.83164020022377,stimuli/box_coin_transparent.png,130.9788484000601,130.9788743001409,145.83169970009476,145.84758970001712,149.34880409995094,149.3322644000873,134.47947160014883,,,,,,,,,,,222222,right,no,None,2025-05-07_14h23.42.754,RL_out-of-scanner,2024.2.4,59.99268086513943,2025-05-07 14h23.54.505306 -0500,
27,0,27,space,2.305732499808073,None,5,1.5967888003215194,None,134.48064800025895,j,0.45332089997828007,None,None,134.96246000006795,134.96273150015622,136.4627494001761,136.46278160018846,137.46300140023232,137.46303400024772,138.46231520036235,,,,,0,0,0,0,27,0,27,0,149.34880409995094,,,,,,,,,,,,,,,,,,,,,,,,,,,,,,134.48064800025895,149.33347570011392,149.34880409995094,149.34880409995094,149.34880409995094,149.34880409995094,149.81520509999245,j,0.45332089997828007,None,left,1,14,4,1,24,19,None,134.96246000006795,134.96273150015622,149.81556760007516,149.83133130008355,149.83133130008355,151.33226600009948,151.33226600009948,151.3155257999897,136.4627494001761,136.46278160018846,151.32318759988993,151.33226600009948,151.33226600009948,,,152.31578730000183,stimuli/box_coin_transparent.png,137.46300140023232,137.46303400024772,152.31586560001597,152.33181159989908,153.3312715999782,153.3151075001806,138.46231520036235,,,,,,,,,,,222222,right,no,None,2025-05-07_14h23.42.754,RL_out-of-scanner,2024.2.4,59.99268086513943,2025-05-07 14h23.54.505306 -0500,
28,0,28,space,2.305732499808073,None,5,1.5967888003215194,None,138.46360130002722,j,0.43766820011660457,None,None,138.92921580001712,138.92949720006436,139.92921390011907,139.92924380023032,140.9289572001435,140.92898250045255,144.42908950010315,,,,,0,0,0,0,28,0,28,0,153.3312715999782,,,,,,,,,,,,,,,,,,,,,,,,,,,,,,138.46360130002722,153.31643290026113,153.3312715999782,153.3312715999782,153.3312715999782,153.3312715999782,153.78196820011362,j,0.43766820011660457,None,left,1,14,5,1,25,20,None,138.92921580001712,138.92949720006436,153.7823271001689,153.79852640023455,153.79852640023455,154.79872950026765,154.79872950026765,154.78199600009248,139.92921390011907,139.92924380023032,154.78937559993938,154.79872950026765,154.79872950026765,155.79809070006013,155.79809070006013,155.78175000008196,stimuli/box_coin_transparent.png,140.9289572001435,140.92898250045255,155.78180640004575,155.79809070006013,159.2984370002523,159.2818808001466,144.42908950010315,,,,,,,,,,,222222,right,no,None,2025-05-07_14h23.42.754,RL_out-of-scanner,2024.2.4,59.99268086513943,2025-05-07 14h23.54.505306 -0500,
29,0,29,space,2.305732499808073,None,5,1.5967888003215194,None,144.43026840034872,j,0.3416327997110784,None,None,144.79629990039393,144.79654230037704,146.79546080017462,146.79549360042438,147.7958034002222,147.79584400029853,148.794796500355,,,,,0,0,0,0,29,0,29,0,159.2984370002523,,,,,,,,,,,,,,,,,,,,,,,,,,,,,,144.43026840034872,159.28309690020978,159.2984370002523,159.2984370002523,159.2984370002523,159.2984370002523,159.64905550004914,j,0.3416327997110784,None,left,0,14,5,1,26,20,None,144.79629990039393,144.79654230037704,159.6493693999946,159.6643391000107,159.6643391000107,161.66504890006036,161.66504890006036,161.64823839999735,146.79546080017462,146.79549360042438,161.65469600027427,161.66504890006036,161.66504890006036,,,162.6485939999111,stimuli/box_empty_transparent.png,147.7958034002222,147.79584400029853,162.64867060026154,162.66392240021378,163.66427579987794,163.64758530026302,148.794796500355,,,,,,,,,,,222222,right,no,None,2025-05-07_14h23.42.754,RL_out-of-scanner,2024.2.4,59.99268086513943,2025-05-07 14h23.54.505306 -0500,
30,0,30,space,2.305732499808073,None,5,1.5967888003215194,None,148.79590260004625,j,0.36179890017956495,None,None,149.17858840012923,149.17881970014423,150.1790496003814,150.17907940037549,151.17856120038778,151.1785870003514,152.17830270016566,,,,,0,0,0,0,30,0,30,0,163.66427579987794,,,,,,,,,,,,,,,,,,,,,,,,,,,,,,148.79590260004625,163.64873069990426,163.66427579987794,163.66427579987794,163.66427579987794,163.66427579987794,164.03134150011465,j,0.36179890017956495,None,left,0,14,5,1,27,20,None,149.17858840012923,149.17881970014423,164.03164900001138,164.04858880024403,164.04858880024403,165.04863040009513,165.04863040009513,165.03183160023764,150.1790496003814,150.17907940037549,165.03816580027342,165.04863040009513,165.04863040009513,166.04685339983553,166.04685339983553,166.0313530000858,stimuli/box_empty_transparent.png,151.17856120038778,151.1785870003514,166.03141930000857,166.04685339983553,167.04741739993915,167.03109390009195,152.17830270016566,,,,,,,,,,,222222,right,no,None,2025-05-07_14h23.42.754,RL_out-of-scanner,2024.2.4,59.99268086513943,2025-05-07 14h23.54.505306 -0500,
31,0,31,space,2.305732499808073,None,5,1.5967888003215194,None,152.17953510023654,k,0.424091599881649,None,None,152.62889380007982,152.62908810004592,155.62878450006247,155.62881420040503,156.62904020026326,156.62906840024516,159.12828530045226,,,,,0,0,0,0,31,0,31,0,167.04741739993915,,,,,,,,,,,,,,,,,,,,,,,,,,,,,,152.17953510023654,167.0323620000854,167.04741739993915,167.04741739993915,167.04741739993915,167.04741739993915,167.48165440000594,k,0.424091599881649,None,left,0,14,5,1,27,20,None,152.62889380007982,152.62908810004592,167.48191650025547,167.49814070016146,167.49814070016146,170.49831800023094,170.49831800023094,170.48156489990652,155.62878450006247,155.62881420040503,170.4875616002828,170.49831800023094,170.49831800023094,,,171.48182900017127,stimuli/box_empty_transparent.png,156.62904020026326,156.62906840024516,171.48190189991146,171.49699100013822,173.99791309982538,173.98107750015333,159.12828530045226,,,,,,,,,,,222222,right,no,None,2025-05-07_14h23.42.754,RL_out-of-scanner,2024.2.4,59.99268086513943,2025-05-07 14h23.54.505306 -0500,
32,0,32,space,2.305732499808073,None,5,1.5967888003215194,None,159.1294716000557,j,0.2941053002141416,None,None,159.44501930009574,159.44530260004103,160.4449468003586,160.44497750001028,161.44492360018194,161.44494660012424,162.44490040000528,,,,,0,0,0,0,32,0,32,0,173.99791309982538,,,,,,,,,,,,,,,,,,,,,,,,,,,,,,159.1294716000557,173.98229889990762,173.99791309982538,173.99791309982538,173.99791309982538,173.99791309982538,174.2977728000842,j,0.2941053002141416,None,left,1,14,6,1,28,21,None,159.44501930009574,159.44530260004103,174.29813480004668,174.31451709987596,174.31451709987596,175.31431249994785,175.31431249994785,175.2977240998298,160.4449468003586,160.44497750001028,175.30527909984812,175.31431249994785,175.31431249994785,176.3131893002428,176.3131893002428,176.29771619988605,stimuli/box_coin_transparent.png,161.44492360018194,161.44494660012424,176.29777000006288,176.3131893002428,177.31373579986393,177.29769269982353,162.44490040000528,,,,,,,,,,,222222,right,no,None,2025-05-07_14h23.42.754,RL_out-of-scanner,2024.2.4,59.99268086513943,2025-05-07 14h23.54.505306 -0500,
33,0,33,space,2.305732499808073,None,5,1.5967888003215194,None,162.4461146001704,j,0.38098410004749894,None,None,162.84562540007755,162.8458698000759,164.8455752003938,164.84560660040006,165.84520220011473,165.84522710042074,167.34455090016127,,,,,0,0,0,0,33,0,33,0,177.31373579986393,,,,,,,,,,,,,,,,,,,,,,,,,,,,,,162.4461146001704,177.2989457999356,177.31373579986393,177.31373579986393,177.31373579986393,177.31373579986393,177.69838519999757,j,0.38098410004749894,None,left,1,14,7,1,29,22,None,162.84562540007755,162.8458698000759,177.6987343998626,177.7137468000874,177.7137468000874,179.7147078998387,179.7147078998387,179.6983539001085,164.8455752003938,164.84560660040006,179.70578880002722,179.7147078998387,179.7147078998387,180.71370729990304,180.71370729990304,180.69799260003492,stimuli/box_coin_transparent.png,165.84520220011473,165.84522710042074,180.69805360026658,180.71370729990304,182.2139944001101,182.19734490010887,167.34455090016127,,,,,,,,,,,222222,right,no,None,2025-05-07_14h23.42.754,RL_out-of-scanner,2024.2.4,59.99268086513943,2025-05-07 14h23.54.505306 -0500,
34,0,34,space,2.305732499808073,None,5,1.5967888003215194,None,167.34560230001807,j,0.42374160001054406,None,None,167.79519500024617,167.7954596001655,170.79458060022444,170.79460930032656,171.79481920041144,171.7948427000083,174.29472070001066,,,,,0,0,0,0,34,0,34,0,182.2139944001101,,,,,,,,,,,,,,,,,,,,,,,,,,,,,,167.34560230001807,182.1984315002337,182.2139944001101,182.2139944001101,182.2139944001101,182.2139944001101,182.6479525002651,j,0.42374160001054406,None,left,1,14,8,1,30,23,None,167.79519500024617,167.7954596001655,182.64828930003569,182.6636176002212,182.6636176002212,185.66468570008874,185.66468570008874,185.64736140007153,170.79458060022444,170.79460930032656,185.6549161998555,185.66468570008874,185.66468570008874,,,186.64760959986597,stimuli/box_coin_transparent.png,171.79481920041144,171.7948427000083,186.64766689995304,186.662853800226,189.16439720010385,189.14751309994608,174.29472070001066,,,,,,,,,,,222222,right,no,None,2025-05-07_14h23.42.754,RL_out-of-scanner,2024.2.4,59.99268086513943,2025-05-07 14h23.54.505306 -0500,
35,0,35,space,2.305732499808073,None,5,1.5967888003215194,None,174.29593580029905,j,0.4879367998801172,None,None,174.81118340045214,174.81143780006096,176.311561900191,176.31159030040726,177.31183170014992,177.3118556002155,178.31054220022634,,,,,0,0,0,0,35,0,35,0,189.16439720010385,,,,,,,,,,,,,,,,,,,,,,,,,,,,,,174.29593580029905,189.14876569993794,189.16439720010385,189.16439720010385,189.16439720010385,189.16439720010385,189.66393980011344,j,0.4879367998801172,None,left,0,14,8,1,31,23,None,174.81118340045214,174.81143780006096,189.66426600003615,189.6805334999226,189.6805334999226,191.18071480002254,191.18071480002254,191.16434449981898,176.311561900191,176.31159030040726,191.17030660016462,191.18071480002254,191.18071480002254,192.17978810006753,192.17978810006753,192.16462500020862,stimuli/box_empty_transparent.png,177.31183170014992,177.3118556002155,192.16467940015718,192.17978810006753,193.18033860018477,193.16333470027894,178.31054220022634,,,,,,,,,,,222222,right,no,None,2025-05-07_14h23.42.754,RL_out-of-scanner,2024.2.4,59.99268086513943,2025-05-07 14h23.54.505306 -0500,
36,0,36,space,2.305732499808073,None,5,1.5967888003215194,None,178.3115374003537,j,0.7537141996435821,None,None,179.09448490012437,179.09472220018506,180.594411900267,180.5944411000237,181.59460660023615,181.59463260043412,185.09358210023493,,,,,0,0,0,0,36,0,36,0,193.18033860018477,,,,,,,,,,,,,,,,,,,,,,,,,,,,,,178.3115374003537,193.16436310019344,193.18033860018477,193.18033860018477,193.18033860018477,193.18033860018477,193.94724840018898,j,0.7537141996435821,None,left,1,14,9,1,32,24,None,179.09448490012437,179.09472220018506,193.9475479000248,193.96382289985195,193.96382289985195,195.46387890027836,195.46387890027836,195.44719329988584,180.594411900267,180.5944411000237,195.4546648999676,195.46387890027836,195.46387890027836,196.4634317001328,196.4634317001328,196.44739830028266,stimuli/box_coin_transparent.png,181.59460660023615,181.59463260043412,196.44745910027996,196.4634317001328,199.9632107000798,199.94637450017035,185.09358210023493,,,,,,,,,,,222222,right,no,None,2025-05-07_14h23.42.754,RL_out-of-scanner,2024.2.4,59.99268086513943,2025-05-07 14h23.54.505306 -0500,
37,0,37,space,2.305732499808073,None,5,1.5967888003215194,None,185.09475650032982,j,0.40281210001558065,None,None,185.52782850014046,185.52804850041866,187.52788940025494,187.5279171001166,188.52752740029246,188.52755340002477,189.5274662002921,,,,,0,0,0,0,37,0,37,0,199.9632107000798,,,,,,,,,,,,,,,,,,,,,,,,,,,,,,185.09475650032982,199.94758450007066,199.9632107000798,199.9632107000798,199.9632107000798,199.9632107000798,200.38059270009398,j,0.40281210001558065,None,left,0,14,9,1,33,24,None,185.52782850014046,185.52804850041866,200.38087370013818,200.39677970018238,200.39677970018238,202.39683380024508,202.39683380024508,202.38067159987986,187.52788940025494,187.5279171001166,202.386707900092,202.39683380024508,202.39683380024508,203.39599120011553,203.39599120011553,203.38031860021874,stimuli/box_empty_transparent.png,188.52752740029246,188.52755340002477,203.38038010010496,203.39599120011553,204.39673310006037,204.38025940023363,189.5274662002921,,,,,,,,,,,222222,right,no,None,2025-05-07_14h23.42.754,RL_out-of-scanner,2024.2.4,59.99268086513943,2025-05-07 14h23.54.505306 -0500,
38,0,38,space,2.305732499808073,None,5,1.5967888003215194,None,189.52858890034258,j,0.3739049001596868,None,None,189.9284297004342,189.92865540040657,190.92707780003548,190.9271057001315,191.92781430017203,191.92783700022846,193.426445200108,,,,,0,0,0,0,38,0,38,0,204.39673310006037,,,,,,,,,,,,,,,,,,,,,,,,,,,,,,189.52858890034258,204.38141610007733,204.39673310006037,204.39673310006037,204.39673310006037,204.39673310006037,204.78119540028274,j,0.3739049001596868,None,left,1,14,10,1,34,25,None,189.9284297004342,189.92865540040657,204.78148100012913,204.79604930011556,204.79604930011556,205.79672380024567,205.79672380024567,205.77985850023106,190.92707780003548,190.9271057001315,205.78714849986136,205.79672380024567,205.79672380024567,,,206.7806063001044,stimuli/box_coin_transparent.png,191.92781430017203,191.92783700022846,206.78066129982471,206.79578249994665,208.29615020006895,208.27923789992929,193.426445200108,,,,,,,,,,,222222,right,no,None,2025-05-07_14h23.42.754,RL_out-of-scanner,2024.2.4,59.99268086513943,2025-05-07 14h23.54.505306 -0500,
39,0,39,space,2.305732499808073,None,5,1.5967888003215194,None,193.4275305001065,j,0.3599299001507461,None,None,193.81050050025806,193.81072170007974,194.81079000001773,194.81081720022485,195.81136790011078,195.81140280002728,196.81044410029426,,,,,0,0,0,0,39,0,39,0,208.29615020006895,,,,,,,,,,,,,,,,,,,,,,,,,,,,,,193.4275305001065,208.28035760018975,208.29615020006895,208.29615020006895,208.29615020006895,208.29615020006895,208.66326510021463,j,0.3599299001507461,None,left,1,14,11,1,35,26,None,193.81050050025806,193.81072170007974,208.66354619991034,208.67991770012304,208.67991770012304,209.68063620012254,209.68063620012254,209.66356950020418,194.81079000001773,194.81081720022485,209.6708133998327,209.68063620012254,209.68063620012254,,,210.66416000016034,stimuli/box_coin_transparent.png,195.81136790011078,195.81140280002728,210.6642264998518,210.68022600002587,211.6804483998567,211.66323819989339,196.81044410029426,,,,,,,,,,,222222,right,no,None,2025-05-07_14h23.42.754,RL_out-of-scanner,2024.2.4,59.99268086513943,2025-05-07 14h23.54.505306 -0500,
40,0,40,space,2.305732499808073,None,5,1.5967888003215194,None,196.81160650029778,j,0.6127320001833141,None,None,197.4440265004523,197.44427990028635,198.9438984002918,198.9439297001809,199.94361870037392,199.94364600023255,200.94312150031328,,,,,0,0,0,0,40,0,40,0,211.6804483998567,,,,,,,,,,,,,,,,,,,,,,,,,,,,,,196.81160650029778,211.6644339999184,211.6804483998567,211.6804483998567,211.6804483998567,211.6804483998567,212.29678269987926,j,0.6127320001833141,None,left,1,14,12,1,36,27,None,197.4440265004523,197.44427990028635,212.2971121999435,212.31281100027263,212.31281100027263,213.8130041002296,213.8130041002296,213.79667659988627,198.9438984002918,198.9439297001809,213.80397520028055,213.8130041002296,213.8130041002296,214.81196189997718,214.81196189997718,214.79640820017084,stimuli/box_coin_transparent.png,199.94361870037392,199.94364600023255,214.79647519998252,214.81196189997718,215.81251309998333,215.79591399990022,200.94312150031328,,,,,,,,,,,222222,right,no,None,2025-05-07_14h23.42.754,RL_out-of-scanner,2024.2.4,59.99268086513943,2025-05-07 14h23.54.505306 -0500,
41,0,41,space,2.305732499808073,None,5,1.5967888003215194,None,200.94431870011613,j,0.5472475001588464,None,None,201.510382800363,201.5106201004237,202.51118490006775,202.5112141002901,203.51059740036726,203.5106208003126,206.51043100003153,,,,,0,0,0,0,41,0,41,0,215.81251309998333,,,,,,,,,,,,,,,,,,,,,,,,,,,,,,200.94431870011613,215.79714509984478,215.81251309998333,215.81251309998333,215.81251309998333,215.81251309998333,216.36314509995282,j,0.5472475001588464,None,left,1,14,13,1,37,28,None,201.510382800363,201.5106201004237,216.36344899982214,216.37989170011133,216.37989170011133,217.3800750002265,217.3800750002265,217.36396420001984,202.51118490006775,202.5112141002901,217.37111329985783,217.3800750002265,217.3800750002265,218.37863160017878,218.37863160017878,218.36339090019464,stimuli/box_coin_transparent.png,203.51059740036726,203.5106208003126,218.3634446999058,218.37863160017878,221.3796629998833,221.36322419997305,206.51043100003153,,,,,,,,,,,222222,right,no,None,2025-05-07_14h23.42.754,RL_out-of-scanner,2024.2.4,59.99268086513943,2025-05-07 14h23.54.505306 -0500,
42,0,42,space,2.305732499808073,None,5,1.5967888003215194,None,206.5115173002705,j,0.5692372000776231,None,None,207.11045980034396,207.11069520004094,209.1101875002496,209.11021549999714,210.1102720000781,210.110298700165,213.61005800031126,,,,,0,0,0,0,42,0,42,0,221.3796629998833,,,,,,,,,,,,,,,,,,,,,,,,,,,,,,206.5115173002705,221.3643449000083,221.3796629998833,221.3796629998833,221.3796629998833,221.3796629998833,221.9632247001864,j,0.5692372000776231,None,left,1,14,14,1,38,29,None,207.11045980034396,207.11069520004094,221.96352040022612,221.97985959984362,221.97985959984362,223.98009230010211,223.98009230010211,223.96296720020473,209.1101875002496,209.11021549999714,223.9701632000506,223.98009230010211,223.98009230010211,224.97881360026076,224.97881360026076,224.96306269988418,stimuli/box_coin_transparent.png,210.1102720000781,210.110298700165,224.96312600001693,224.97881360026076,228.4796980000101,228.46285100001842,213.61005800031126,,,,,,,,,,,222222,right,no,None,2025-05-07_14h23.42.754,RL_out-of-scanner,2024.2.4,59.99268086513943,2025-05-07 14h23.54.505306 -0500,
43,0,43,space,2.305732499808073,None,5,1.5967888003215194,None,213.61121120024472,j,0.5977813000790775,None,None,214.2272646999918,214.22749900026247,215.22716970043257,215.2271983004175,216.2263362002559,216.2263598004356,218.22718400042504,,,,,0,0,0,0,43,0,43,0,228.4796980000101,,,,,,,,,,,,,,,,,,,,,,,,,,,,,,213.61121120024472,228.46403900021687,228.4796980000101,228.4796980000101,228.4796980000101,228.4796980000101,229.0800275001675,j,0.5977813000790775,None,right,1,9,0,2,38,29,None,214.2272646999918,214.22749900026247,229.08032790012658,229.09581329999492,229.09581329999492,230.09637709986418,230.09637709986418,230.07994910003617,215.22716970043257,215.2271983004175,230.08588470006362,230.09637709986418,230.09637709986418,231.0950771998614,231.0950771998614,231.07912949984893,stimuli/box_empty_transparent.png,216.2263362002559,216.2263598004356,231.07918330002576,231.0950771998614,233.09681060025468,233.07997590024024,218.22718400042504,,,,,,,,,,,222222,right,no,None,2025-05-07_14h23.42.754,RL_out-of-scanner,2024.2.4,59.99268086513943,2025-05-07 14h23.54.505306 -0500,
44,0,44,space,2.305732499808073,None,5,1.5967888003215194,None,218.22836350044236,j,0.4626448000781238,None,None,218.71048080036417,218.71074180025607,221.21041130041704,221.21044070040807,222.2101464001462,222.21016950020567,224.20934930024669,,,,,0,0,0,0,44,0,44,0,233.09681060025468,,,,,,,,,,,,,,,,,,,,,,,,,,,,,,218.22836350044236,233.08119140006602,233.09681060025468,233.09681060025468,233.09681060025468,233.09681060025468,233.56323860026896,j,0.4626448000781238,None,right,1,9,0,2,38,29,None,218.71048080036417,218.71074180025607,233.56356790009886,233.57959649991244,233.57959649991244,236.0789866000414,236.0789866000414,236.06318600010127,221.21041130041704,221.21044070040807,236.06873740023002,236.0789866000414,236.0789866000414,237.0790073000826,237.0790073000826,237.0629396000877,stimuli/box_empty_transparent.png,222.2101464001462,222.21016950020567,237.06299349991605,237.0790073000826,239.07939750002697,239.06214139983058,224.20934930024669,,,,,,,,,,,222222,right,no,None,2025-05-07_14h23.42.754,RL_out-of-scanner,2024.2.4,59.99268086513943,2025-05-07 14h23.54.505306 -0500,
45,0,45,space,2.305732499808073,None,5,1.5967888003215194,None,224.21078360034153,k,0.3133501000702381,None,None,224.54376570042223,224.5439727003686,225.54330940032378,225.54335770010948,226.55902290018275,226.55904910014942,227.55897330027074,,,,,0,0,0,0,45,0,45,0,239.07939750002697,,,,,,,,,,,,,,,,,,,,,,,,,,,,,,224.21078360034153,239.0636121002026,239.07939750002697,239.07939750002697,239.07939750002697,239.07939750002697,239.39652250008658,k,0.3133501000702381,None,right,1,9,1,2,39,30,None,224.54376570042223,224.5439727003686,239.39679830009118,239.41303820023313,239.41303820023313,240.41311000008136,240.41311000008136,240.39608510024846,225.54330940032378,225.54335770010948,240.4032450998202,240.41311000008136,240.41311000008136,,,241.41181380022317,stimuli/box_coin_transparent.png,226.55902290018275,226.55904910014942,241.41188619984314,241.4280977002345,242.42829360021278,242.41176570020616,227.55897330027074,,,,,,,,,,,222222,right,no,None,2025-05-07_14h23.42.754,RL_out-of-scanner,2024.2.4,59.99268086513943,2025-05-07 14h23.54.505306 -0500,
46,0,46,space,2.305732499808073,None,5,1.5967888003215194,None,227.56014020042494,k,0.44061069982126355,None,None,228.0267071002163,228.0269094002433,230.02632200019434,230.02635060017928,231.02657110011205,231.02660250011832,232.02542580012232,,,,,0,0,0,0,46,0,46,0,242.42829360021278,,,,,,,,,,,,,,,,,,,,,,,,,,,,,,227.56014020042494,242.41296630026773,242.42829360021278,242.42829360021278,242.42829360021278,242.42829360021278,242.87946319999173,k,0.44061069982126355,None,right,0,9,1,2,40,30,None,228.0267071002163,228.0269094002433,242.87973670009524,242.89503390016034,242.89503390016034,244.89657399989665,244.89657399989665,244.8791038999334,230.02632200019434,230.02635060017928,244.88516330020502,244.89657399989665,244.89657399989665,,,245.87935690023005,stimuli/box_empty_transparent.png,231.02657110011205,231.02660250011832,245.87943339999765,245.8949386002496,246.89613280026242,246.8782192999497,232.02542580012232,,,,,,,,,,,222222,right,no,None,2025-05-07_14h23.42.754,RL_out-of-scanner,2024.2.4,59.99268086513943,2025-05-07 14h23.54.505306 -0500,
47,0,47,space,2.305732499808073,None,5,1.5967888003215194,None,232.02666360000148,k,0.28353810030966997,None,None,232.34282940020785,232.34301360044628,235.34364080009982,235.34367380011827,236.3425530004315,236.34257720038295,237.8420075001195,,,,,0,0,0,0,47,0,47,0,246.89613280026242,,,,,,,,,,,,,,,,,,,,,,,,,,,,,,232.02666360000148,246.87949139997363,246.89613280026242,246.89613280026242,246.89613280026242,246.89613280026242,247.19559310004115,k,0.28353810030966997,None,right,1,9,2,2,41,31,None,232.34282940020785,232.34301360044628,247.19583830004558,247.21158780017868,247.21158780017868,250.21229480020702,250.21229480020702,250.1964157000184,235.34364080009982,235.34367380011827,250.20386740006506,250.21229480020702,250.21229480020702,251.21107089985162,251.21107089985162,251.19534750003368,stimuli/box_coin_transparent.png,236.3425530004315,236.34257720038295,251.1953993998468,251.21107089985162,252.71175799984485,252.69480200018734,237.8420075001195,,,,,,,,,,,222222,right,no,None,2025-05-07_14h23.42.754,RL_out-of-scanner,2024.2.4,59.99268086513943,2025-05-07 14h23.54.505306 -0500,
48,0,48,space,2.305732499808073,None,5,1.5967888003215194,None,237.843179800082,k,0.3234522002749145,None,None,238.19347689999267,238.19367040041834,239.69276440003887,239.69279320025817,240.69290130026639,240.69292570045218,244.19269440043718,,,,,0,0,0,0,48,0,48,0,252.71175799984485,,,,,,,,,,,,,,,,,,,,,,,,,,,,,,237.843179800082,252.6960093001835,252.71175799984485,252.71175799984485,252.71175799984485,252.71175799984485,253.04623530013487,k,0.3234522002749145,None,right,1,9,3,2,42,32,None,238.19347689999267,238.19367040041834,253.04649510001764,253.06216249987483,253.06216249987483,254.5625415001996,254.5625415001996,254.54554650001228,239.69276440003887,239.69279320025817,254.55286619998515,254.5625415001996,254.5625415001996,255.56119990022853,255.56119990022853,255.54569419985637,stimuli/box_coin_transparent.png,240.69290130026639,240.69292570045218,255.5457494999282,255.56119990022853,259.0621327999979,259.04548740014434,244.19269440043718,,,,,,,,,,,222222,right,no,None,2025-05-07_14h23.42.754,RL_out-of-scanner,2024.2.4,59.99268086513943,2025-05-07 14h23.54.505306 -0500,
49,0,49,space,2.305732499808073,None,5,1.5967888003215194,None,244.1938723004423,k,0.4262666995637119,None,None,244.64287180034444,244.64305580034852,246.14270930038765,246.14273680001497,247.14213950000703,247.14216230018064,247.14245740044862,,,,,0,0,0,0,49,0,49,0,259.0621327999979,,,,,,,,,,,,,,,,,,,,,,,,,,,,,,244.1938723004423,259.0467014000751,259.0621327999979,259.0621327999979,259.0621327999979,259.0621327999979,259.49563479982316,k,0.4262666995637119,None,right,1,9,4,2,43,33,None,244.64287180034444,244.64305580034852,259.4958803001791,259.5117040001787,259.5117040001787,261.01175050018355,261.01175050018355,260.9954885998741,246.14270930038765,246.14273680001497,261.00298250000924,261.01175050018355,261.01175050018355,262.010522400029,262.010522400029,261.9949317998253,stimuli/box_coin_transparent.png,247.14213950000703,247.14216230018064,261.9949850002304,262.010522400029,262.010522400029,261.99524339986965,247.14245740044862,,,,,,,,,,,222222,right,no,None,2025-05-07_14h23.42.754,RL_out-of-scanner,2024.2.4,59.99268086513943,2025-05-07 14h23.54.505306 -0500,
0,0,0,space,2.305732499808073,None,5,1.5967888003215194,None,,,,,,,,,,,,,,,,,0,0,0,0,,,,,,,,,,,,,,,,,,,,,,,,,,,,,,,,,,,,,,,,,,,,,,,,,,,,,,,,,,,,,,,,,,,,,,,,,,,,,262.005793500226,262.010522400029,266.01110340002924,265.99529730016366,265.9973212000914,266.01110340002924,318.17620440013707,318.15997530007735,,,222222,right,no,None,2025-05-07_14h23.42.754,RL_out-of-scanner,2024.2.4,59.99268086513943,2025-05-07 14h23.54.505306 -0500,
0,0,0,space,3.228879999835044,None,5,2.282000800129026,None,0.0012869997881352901,k,0.43377699982374907,None,None,0.4683686997741461,0.4685627999715507,1.4671946996822953,1.4672237997874618,2.467635899782181,2.467659399844706,4.466647999826819,,,,,1,0,1,0,0,0,0,0,323.72609640005976,,,,,,,,,,,,,,,,318.16011760011315,318.17620440013707,318.17620440013707,321.40967940026894,space,3.228879999835044,None,321.4097493002191,321.42633449984714,321.42633449984714,323.7095412001945,5,2.282000800129026,None,0.0012869997881352901,323.7108847000636,323.72609640005976,323.72609640005976,323.72609640005976,323.72609640005976,324.1779012000188,k,0.43377699982374907,None,right,1,10,1,3,44,1,None,0.4683686997741461,0.4685627999715507,324.1781593998894,324.1934552001767,324.1934552001767,325.19346449989825,325.19346449989825,325.1767469998449,1.4671946996822953,1.4672237997874618,325.18394730007276,325.19346449989825,325.19346449989825,,,326.17719609988853,stimuli/box_coin_transparent.png,2.467635899782181,2.467659399844706,326.17725169984624,326.1925915000029,328.1933074002154,328.17621270008385,4.466647999826819,,,,,,,,,,,222222,right,no,None,2025-05-07_14h23.42.754,RL_out-of-scanner,2024.2.4,59.99268086513943,2025-05-07 14h23.54.505306 -0500,
1,0,1,space,3.228879999835044,None,5,2.282000800129026,None,4.46778369974345,k,0.3469564002007246,None,None,4.8335133995860815,4.83373189996928,6.33358129998669,6.333608699962497,7.333378199953586,7.333404599688947,8.832952899858356,,,,,1,0,1,0,1,0,1,0,328.1933074002154,,,,,,,,,,,,,,,,,,,,,,,,,,,,,,4.46778369974345,328.17738209990785,328.1933074002154,328.1933074002154,328.1933074002154,328.1933074002154,328.5430417000316,k,0.3469564002007246,None,right,0,10,1,3,45,1,None,4.8335133995860815,4.83373189996928,328.54333140002564,328.5591851999052,328.5591851999052,330.059778700117,330.059778700117,330.04313250025734,6.33358129998669,6.333608699962497,330.04845019988716,330.059778700117,330.059778700117,331.05865090014413,331.05865090014413,331.04293890018016,stimuli/box_empty_transparent.png,7.333378199953586,7.333404599688947,331.0430018999614,331.05865090014413,332.55958889983594,332.5425160001032,8.832952899858356,,,,,,,,,,,222222,right,no,None,2025-05-07_14h23.42.754,RL_out-of-scanner,2024.2.4,59.99268086513943,2025-05-07 14h23.54.505306 -0500,
2,0,2,space,3.228879999835044,None,5,2.282000800129026,None,8.834180699661374,k,0.31126780016347766,None,None,9.166789999697357,9.166999599896371,10.167057299986482,10.167088799644262,11.166348199825734,11.16637389967218,14.166674999985844,,,,,1,0,1,0,2,0,2,0,332.55958889983594,,,,,,,,,,,,,,,,,,,,,,,,,,,,,,8.834180699661374,332.5437789000571,332.55958889983594,332.55958889983594,332.55958889983594,332.55958889983594,332.8763092998415,k,0.31126780016347766,None,right,1,10,2,3,46,2,None,9.166789999697357,9.166999599896371,332.87661280017346,332.8924317001365,332.8924317001365,333.8930982002057,333.8930982002057,333.87660469999537,10.167057299986482,10.167088799644262,333.8842680999078,333.8930982002057,333.8930982002057,334.89178110007197,334.89178110007197,334.8759103999473,stimuli/box_coin_transparent.png,11.166348199825734,11.16637389967218,334.8759713000618,334.89178110007197,337.8922709999606,337.8762374999933,14.166674999985844,,,,,,,,,,,222222,right,no,None,2025-05-07_14h23.42.754,RL_out-of-scanner,2024.2.4,59.99268086513943,2025-05-07 14h23.54.505306 -0500,
3,0,3,space,3.228879999835044,None,5,2.282000800129026,None,14.167930899653584,k,0.31996560003608465,None,None,14.516734799835831,14.516946999821812,16.517229299992323,16.517259299755096,17.516968799754977,17.516996699851006,18.51573139987886,,,,,1,0,1,0,3,0,3,0,337.8922709999606,,,,,,,,,,,,,,,,,,,,,,,,,,,,,,14.167930899653584,337.87753160018474,337.8922709999606,337.8922709999606,337.8922709999606,337.8922709999606,338.22625220008194,k,0.31996560003608465,None,right,1,10,3,3,47,3,None,14.516734799835831,14.516946999821812,338.22656350024045,338.2420564000495,338.2420564000495,340.2436879002489,340.2436879002489,340.22678019991145,16.517229299992323,16.517259299755096,340.23406459996477,340.2436879002489,340.2436879002489,341.2421836000867,341.2421836000867,341.2265285998583,stimuli/box_coin_transparent.png,17.516968799754977,17.516996699851006,341.2265957999043,341.2421836000867,342.24213230004534,342.2252961001359,18.51573139987886,,,,,,,,,,,222222,right,no,None,2025-05-07_14h23.42.754,RL_out-of-scanner,2024.2.4,59.99268086513943,2025-05-07 14h23.54.505306 -0500,
4,0,4,space,3.228879999835044,None,5,2.282000800129026,None,18.516923899762332,k,0.4003592999652028,None,None,18.934054299723357,18.934243199881166,19.932792800012976,19.93282669968903,20.933492799755186,20.933531999588013,23.432678299956024,,,,,1,0,1,0,4,0,4,0,342.24213230004534,,,,,,,,,,,,,,,,,,,,,,,,,,,,,,18.516923899762332,342.2265240000561,342.24213230004534,342.24213230004534,342.24213230004534,342.24213230004534,342.6435869000852,k,0.4003592999652028,None,right,0,10,3,3,48,3,None,18.934054299723357,18.934243199881166,342.64384240005165,342.65935199987143,342.65935199987143,343.65895139984787,343.65895139984787,343.642339900136,19.932792800012976,19.93282669968903,343.6483142999932,343.65895139984787,343.65895139984787,,,344.64304220024496,stimuli/box_empty_transparent.png,20.933492799755186,20.933531999588013,344.64314550021663,344.65856500016525,347.1590362000279,347.1422407999635,23.432678299956024,,,,,,,,,,,222222,right,no,None,2025-05-07_14h23.42.754,RL_out-of-scanner,2024.2.4,59.99268086513943,2025-05-07 14h23.54.505306 -0500,
5,0,5,space,3.228879999835044,None,5,2.282000800129026,None,23.433872999623418,k,0.336015900131315,None,None,23.800687699578702,23.800875599961728,27.300511699635535,27.300543799996376,28.299812499899417,28.29983919998631,30.298861699644476,,,,,1,0,1,0,5,0,5,0,347.1590362000279,,,,,,,,,,,,,,,,,,,,,,,,,,,,,,23.433872999623418,347.1434720000252,347.1590362000279,347.1590362000279,347.1590362000279,347.1590362000279,347.510221300181,k,0.336015900131315,None,right,1,10,4,3,49,4,None,23.800687699578702,23.800875599961728,347.5104718999937,347.52584070013836,347.52584070013836,351.02636000001803,351.02636000001803,351.0100592998788,27.300511699635535,27.300543799996376,351.01753430021927,351.02636000001803,351.02636000001803,352.02507860027254,352.02507860027254,352.0093718999997,stimuli/box_coin_transparent.png,28.299812499899417,28.29983919998631,352.0094369002618,352.02507860027254,354.0259643001482,354.0084250001237,30.298861699644476,,,,,,,,,,,222222,right,no,None,2025-05-07_14h23.42.754,RL_out-of-scanner,2024.2.4,59.99268086513943,2025-05-07 14h23.54.505306 -0500,
6,0,6,space,3.228879999835044,None,5,2.282000800129026,None,30.300023899879307,k,0.7920087003149092,None,None,31.116079999599606,31.116262099705637,32.11745429970324,32.11748409969732,33.11646549962461,33.11648939969018,34.11543919984251,,,,,1,0,1,0,6,0,6,0,354.0259643001482,,,,,,,,,,,,,,,,,,,,,,,,,,,,,,30.300023899879307,354.0096215000376,354.0259643001482,354.0259643001482,354.0259643001482,354.0259643001482,354.8256151000969,k,0.7920087003149092,None,right,1,10,5,3,50,5,None,31.116079999599606,31.116262099705637,354.82585809985176,354.84246610011905,354.84246610011905,355.8432430000976,355.8432430000976,355.82700349995866,32.11745429970324,32.11748409969732,355.8334023002535,355.8432430000976,355.8432430000976,356.8418095000088,356.8418095000088,356.82602859986946,stimuli/box_coin_transparent.png,33.11646549962461,33.11648939969018,356.82608419982716,356.8418095000088,357.84180699987337,357.82500030007213,34.11543919984251,,,,,,,,,,,222222,right,no,None,2025-05-07_14h23.42.754,RL_out-of-scanner,2024.2.4,59.99268086513943,2025-05-07 14h23.54.505306 -0500,
7,0,7,space,3.228879999835044,None,5,2.282000800129026,None,34.116636499762535,k,0.4438090999610722,None,None,34.582845699973404,34.5830393997021,36.58321970002726,36.58324969979003,37.59893739968538,37.5989639996551,39.59869589982554,,,,,1,0,1,0,7,0,7,0,357.84180699987337,,,,,,,,,,,,,,,,,,,,,,,,,,,,,,34.116636499762535,357.82623639982194,357.84180699987337,357.84180699987337,357.84180699987337,357.84180699987337,358.29237269982696,k,0.4438090999610722,None,right,1,10,6,3,51,6,None,34.582845699973404,34.5830393997021,358.2926356000826,358.3089943001978,358.3089943001978,360.30979999992996,360.30979999992996,360.29277019994333,36.58321970002726,36.58324969979003,360.29895510012284,360.30979999992996,360.30979999992996,,,361.30849139997736,stimuli/box_coin_transparent.png,37.59893739968538,37.5989639996551,361.3085620002821,361.3242625002749,363.32468720013276,363.30825790017843,39.59869589982554,,,,,,,,,,,222222,right,no,None,2025-05-07_14h23.42.754,RL_out-of-scanner,2024.2.4,59.99268086513943,2025-05-07 14h23.54.505306 -0500,
8,0,8,space,3.228879999835044,None,5,2.282000800129026,None,39.599917999934405,k,0.5631684996187687,None,None,40.18369089998305,40.18387850001454,43.182356499601156,43.18238659994677,44.18266679998487,44.18269159970805,45.68174229981378,,,,,1,0,1,0,8,0,8,0,363.32468720013276,,,,,,,,,,,,,,,,,,,,,,,,,,,,,,39.599917999934405,363.30951389996335,363.32468720013276,363.32468720013276,363.32468720013276,363.32468720013276,363.8932230998762,k,0.5631684996187687,None,right,0,10,6,3,52,6,None,40.18369089998305,40.18387850001454,363.89348560012877,363.90858659986407,363.90858659986407,366.90899290004745,366.90899290004745,366.8919016998261,43.182356499601156,43.18238659994677,366.89794059982523,366.90899290004745,366.90899290004745,367.90778340026736,367.90778340026736,367.89222969999537,stimuli/box_empty_transparent.png,44.18266679998487,44.18269159970805,367.89228639984503,367.90778340026736,369.4080019001849,369.39130670018494,45.68174229981378,,,,,,,,,,,222222,right,no,None,2025-05-07_14h23.42.754,RL_out-of-scanner,2024.2.4,59.99268086513943,2025-05-07 14h23.54.505306 -0500,
9,0,9,space,3.228879999835044,None,5,2.282000800129026,None,45.68282189965248,k,0.31288670003414154,None,None,46.016810099594295,46.017054099589586,47.5163769996725,47.51640439964831,48.51555070001632,48.515576699748635,50.516138199716806,,,,,1,0,1,0,9,0,9,0,369.4080019001849,,,,,,,,,,,,,,,,,,,,,,,,,,,,,,45.68282189965248,369.39241970004514,369.4080019001849,369.4080019001849,369.4080019001849,369.4080019001849,369.72633760003373,k,0.31288670003414154,None,right,1,10,7,3,53,7,None,46.016810099594295,46.017054099589586,369.72667639981955,369.74180349987,369.74180349987,371.2421153001487,371.2421153001487,371.2259292998351,47.5163769996725,47.51640439964831,371.2332418002188,371.2421153001487,371.2421153001487,372.2406409000978,372.2406409000978,372.2251116000116,stimuli/box_coin_transparent.png,48.51555070001632,48.515576699748635,372.22517340024933,372.2406409000978,374.2425760999322,374.22570140007883,50.516138199716806,,,,,,,,,,,222222,right,no,None,2025-05-07_14h23.42.754,RL_out-of-scanner,2024.2.4,59.99268086513943,2025-05-07 14h23.54.505306 -0500,
10,0,10,space,3.228879999835044,None,5,2.282000800129026,None,50.51740140002221,k,0.41744079999625683,None,None,50.96651699999347,50.96670619957149,52.466160299722105,52.46619029995054,53.46586919995025,53.46589849982411,54.46582829998806,,,,,1,0,1,0,10,0,10,0,374.2425760999322,,,,,,,,,,,,,,,,,,,,,,,,,,,,,,50.51740140002221,374.22700330009684,374.2425760999322,374.2425760999322,374.2425760999322,374.2425760999322,374.67605199990794,k,0.41744079999625683,None,right,0,10,7,3,54,7,None,50.96651699999347,50.96670619957149,374.67630479997024,374.69194950023666,374.69194950023666,376.19246739987284,376.19246739987284,376.1757098999806,52.466160299722105,52.46619029995054,376.18169939983636,376.19246739987284,376.19246739987284,377.1913457000628,377.1913457000628,377.17542750015855,stimuli/box_empty_transparent.png,53.46586919995025,53.46589849982411,377.17550170002505,377.1913457000628,378.1912199999206,378.175392200239,54.46582829998806,,,,,,,,,,,222222,right,no,None,2025-05-07_14h23.42.754,RL_out-of-scanner,2024.2.4,59.99268086513943,2025-05-07 14h23.54.505306 -0500,
11,0,11,space,3.228879999835044,None,5,2.282000800129026,None,54.467014599591494,k,0.3577296999283135,None,None,54.8489898997359,54.84917339961976,56.848711899947375,56.84874109970406,57.86631809966639,57.86634399974719,59.36455019982532,,,,,1,0,1,0,11,0,11,0,378.1912199999206,,,,,,,,,,,,,,,,,,,,,,,,,,,,,,54.467014599591494,378.176617000252,378.1912199999206,378.1912199999206,378.1912199999206,378.1912199999206,378.5585250002332,k,0.3577296999283135,None,right,1,10,8,3,55,8,None,54.8489898997359,54.84917339961976,378.5587726002559,378.5747075001709,378.5747075001709,380.5758755002171,380.5758755002171,380.55826380010694,56.848711899947375,56.84874109970406,380.56554970005527,380.5758755002171,380.5758755002171,,,381.5758783998899,stimuli/box_coin_transparent.png,57.86631809966639,57.86634399974719,381.575941500254,381.5908874999732,383.09149739984423,383.07411340018734,59.36455019982532,,,,,,,,,,,222222,right,no,None,2025-05-07_14h23.42.754,RL_out-of-scanner,2024.2.4,59.99268086513943,2025-05-07 14h23.54.505306 -0500,
12,0,12,space,3.228879999835044,None,5,2.282000800129026,None,59.36567989969626,k,0.3409720999188721,None,None,59.732783999759704,59.73297239979729,60.732375300023705,60.73240489978343,61.73228819994256,61.73231509979814,64.7312439000234,,,,,1,0,1,0,12,0,12,0,383.09149739984423,,,,,,,,,,,,,,,,,,,,,,,,,,,,,,59.36567989969626,383.07527759997174,383.09149739984423,383.09149739984423,383.09149739984423,383.09149739984423,383.4423154001124,k,0.3409720999188721,None,right,1,10,9,3,56,9,None,59.732783999759704,59.73297239979729,383.44257109984756,383.4581575002521,383.4581575002521,384.4589750999585,384.4589750999585,384.4419269999489,60.732375300023705,60.73240489978343,384.44935599993914,384.4589750999585,384.4589750999585,385.45801200019196,385.45801200019196,385.44184890016913,stimuli/box_coin_transparent.png,61.73228819994256,61.73231509979814,385.44191189995036,385.45801200019196,388.4576825001277,388.4408054999076,64.7312439000234,,,,,,,,,,,222222,right,no,None,2025-05-07_14h23.42.754,RL_out-of-scanner,2024.2.4,59.99268086513943,2025-05-07 14h23.54.505306 -0500,
13,0,13,space,3.228879999835044,None,5,2.282000800129026,None,64.73239339981228,k,0.3157524997368455,None,None,65.06549909990281,65.0656918999739,65.56592629989609,65.56595849990845,66.56518769962713,66.56521359970793,68.58104790002108,,,,,1,0,1,0,13,0,13,0,388.4576825001277,,,,,,,,,,,,,,,,,,,,,,,,,,,,,,64.73239339981228,388.44199259998277,388.4576825001277,388.4576825001277,388.4576825001277,388.4576825001277,388.7750321999192,k,0.3157524997368455,None,right,1,10,10,3,57,10,None,65.06549909990281,65.0656918999739,388.77528830012307,388.79077180009335,388.79077180009335,389.2919689998962,389.2919689998962,389.275474099908,65.56592629989609,65.56595849990845,389.2826437000185,389.2919689998962,389.2919689998962,390.29303020006046,390.29303020006046,390.27473820000887,stimuli/box_coin_transparent.png,66.56518769962713,66.56521359970793,390.2748120999895,390.29303020006046,392.3075354001485,392.29061090014875,68.58104790002108,,,,,,,,,,,222222,right,no,None,2025-05-07_14h23.42.754,RL_out-of-scanner,2024.2.4,59.99268086513943,2025-05-07 14h23.54.505306 -0500,
14,0,14,space,3.228879999835044,None,5,2.282000800129026,None,68.58227129979059,k,0.5055860998108983,None,None,69.11527899978682,69.11549169989303,70.61520029976964,70.61522979987785,71.61518629966304,71.61521409964189,72.61491849971935,,,,,1,0,1,0,14,0,14,0,392.3075354001485,,,,,,,,,,,,,,,,,,,,,,,,,,,,,,68.58227129979059,392.29187070019543,392.3075354001485,392.3075354001485,392.3075354001485,392.3075354001485,392.82480520009995,k,0.5055860998108983,None,left,1,13,0,4,57,10,None,69.11527899978682,69.11549169989303,392.825093800202,392.84120649984106,392.84120649984106,394.3416911000386,394.3416911000386,394.3247520001605,70.61520029976964,70.61522979987785,394.33096519997343,394.3416911000386,394.3416911000386,395.34040280012414,395.34040280012414,395.324746100232,stimuli/box_empty_transparent.png,71.61518629966304,71.61521409964189,395.3248121999204,395.34040280012414,396.34104930004105,396.3244801000692,72.61491849971935,,,,,,,,,,,222222,right,no,None,2025-05-07_14h23.42.754,RL_out-of-scanner,2024.2.4,59.99268086513943,2025-05-07 14h23.54.505306 -0500,
15,0,15,space,3.228879999835044,None,5,2.282000800129026,None,72.61620999965817,k,0.38704829989001155,None,None,73.03172749979421,73.03191389981657,74.032121299766,74.03215490002185,75.0317541998811,75.03178019961342,77.03070869995281,,,,,1,0,1,0,15,0,15,0,396.34104930004105,,,,,,,,,,,,,,,,,,,,,,,,,,,,,,72.61620999965817,396.32581060007215,396.34104930004105,396.34104930004105,396.34104930004105,396.34104930004105,396.741259700153,k,0.38704829989001155,None,left,1,13,0,4,57,10,None,73.03172749979421,73.03191389981657,396.7415120000951,396.75734869996086,396.75734869996086,397.7582646999508,397.7582646999508,397.74166740011424,74.032121299766,74.03215490002185,397.7475533001125,397.7582646999508,397.7582646999508,398.7568449000828,398.7568449000828,398.7413155999966,stimuli/box_empty_transparent.png,75.0317541998811,75.03178019961342,398.74137740023434,398.7568449000828,400.7578755002469,400.74027279997244,77.03070869995281,,,,,,,,,,,222222,right,no,None,2025-05-07_14h23.42.754,RL_out-of-scanner,2024.2.4,59.99268086513943,2025-05-07 14h23.54.505306 -0500,
16,0,16,space,3.228879999835044,None,5,2.282000800129026,None,77.03190319985151,j,0.5757636995986104,None,None,77.63225969998166,77.63255079975352,79.63113299990073,79.63116229977459,80.63140409998596,80.631429199595,81.63156679971144,,,,,1,0,1,0,16,0,16,0,400.7578755002469,,,,,,,,,,,,,,,,,,,,,,,,,,,,,,77.03190319985151,400.74150360003114,400.7578755002469,400.7578755002469,400.7578755002469,400.7578755002469,401.3417854998261,j,0.5757636995986104,None,left,1,13,1,4,58,11,None,77.63225969998166,77.63255079975352,401.3421521000564,401.3570699999109,401.3570699999109,403.3575285002589,403.3575285002589,403.34068469982594,79.63113299990073,79.63116229977459,403.34786819992587,403.3575285002589,403.3575285002589,404.3572825002484,404.3572825002484,404.34096710011363,stimuli/box_coin_transparent.png,80.63140409998596,80.631429199595,404.3410236001946,404.3572825002484,405.35789240011945,405.34113000007346,81.63156679971144,,,,,,,,,,,222222,right,no,None,2025-05-07_14h23.42.754,RL_out-of-scanner,2024.2.4,59.99268086513943,2025-05-07 14h23.54.505306 -0500,
17,0,17,space,3.228879999835044,None,5,2.282000800129026,None,81.6328006000258,j,0.4012476000934839,None,None,82.0649453997612,82.06517999991775,83.06456589978188,83.0645947996527,84.06466619996354,84.06468979967758,85.06417030002922,,,,,1,0,1,0,17,0,17,0,405.35789240011945,,,,,,,,,,,,,,,,,,,,,,,,,,,,,,81.6328006000258,405.34239869983867,405.35789240011945,405.35789240011945,405.35789240011945,405.35789240011945,405.77448040014133,j,0.4012476000934839,None,left,0,13,1,4,59,11,None,82.0649453997612,82.06517999991775,405.7747773001902,405.7908538002521,405.7908538002521,406.7905218000524,406.7905218000524,406.77411630004644,83.06456589978188,83.0645947996527,406.7800421002321,406.7905218000524,406.7905218000524,,,407.7742277998477,stimuli/box_empty_transparent.png,84.06466619996354,84.06468979967758,407.77428380027413,407.7902985000983,408.790661000181,408.77373340027407,85.06417030002922,,,,,,,,,,,222222,right,no,None,2025-05-07_14h23.42.754,RL_out-of-scanner,2024.2.4,59.99268086513943,2025-05-07 14h23.54.505306 -0500,
18,0,18,space,3.228879999835044,None,5,2.282000800129026,None,85.06531999958679,j,0.2675453000701964,None,None,85.36537349969149,85.36560649983585,88.86452039983124,88.86454769968987,89.86450119968504,89.86452719988301,91.86447329958901,,,,,1,0,1,0,18,0,18,0,408.790661000181,,,,,,,,,,,,,,,,,,,,,,,,,,,,,,85.06531999958679,408.77491760021076,408.790661000181,408.790661000181,408.790661000181,408.790661000181,409.0749070998281,j,0.2675453000701964,None,left,1,13,2,4,60,12,None,85.36537349969149,85.36560649983585,409.0752035002224,409.09072980005294,409.09072980005294,412.59066740004346,412.59066740004346,412.574072800111,88.86452039983124,88.86454769968987,412.5816072002053,412.59066740004346,412.59066740004346,413.58959610015154,413.58959610015154,413.57406149990857,stimuli/box_coin_transparent.png,89.86450119968504,89.86452719988301,413.5741248000413,413.58959610015154,415.5908389999531,415.5740367998369,91.86447329958901,,,,,,,,,,,222222,right,no,None,2025-05-07_14h23.42.754,RL_out-of-scanner,2024.2.4,59.99268086513943,2025-05-07 14h23.54.505306 -0500,
19,0,19,space,3.228879999835044,None,5,2.282000800129026,None,91.86564929969609,j,0.4299429999664426,None,None,92.31429889984429,92.31452949997038,93.3142951996997,93.31432579969987,94.33104639966041,94.33108539972454,95.83107259962708,,,,,1,0,1,0,19,0,19,0,415.5908389999531,,,,,,,,,,,,,,,,,,,,,,,,,,,,,,91.86564929969609,415.57524699997157,415.5908389999531,415.5908389999531,415.5908389999531,415.5908389999531,416.02383239986375,j,0.4299429999664426,None,left,1,13,3,4,61,13,None,92.31429889984429,92.31452949997038,416.0241263001226,416.0399921000935,416.0399921000935,417.0415345998481,417.0415345998481,417.0238438001834,93.3142951996997,93.31432579969987,417.0311000999063,417.0415345998481,417.0415345998481,,,418.04060639999807,stimuli/box_coin_transparent.png,94.33104639966041,94.33108539972454,418.040684199892,418.056395099964,419.55733049986884,419.5406356998719,95.83107259962708,,,,,,,,,,,222222,right,no,None,2025-05-07_14h23.42.754,RL_out-of-scanner,2024.2.4,59.99268086513943,2025-05-07 14h23.54.505306 -0500,
20,0,20,space,3.228879999835044,None,5,2.282000800129026,None,95.83229970000684,j,0.36042969999834895,None,None,96.2145654996857,96.21480089984834,98.21488519990817,98.2149147996679,99.21469109971076,99.21471449965611,101.21356959966943,,,,,1,0,1,0,20,0,20,0,419.55733049986884,,,,,,,,,,,,,,,,,,,,,,,,,,,,,,95.83229970000684,419.54189819982275,419.55733049986884,419.55733049986884,419.55733049986884,419.55733049986884,419.9240912999958,j,0.36042969999834895,None,left,1,13,4,4,62,14,None,96.2145654996857,96.21480089984834,419.9244038001634,419.93964549992234,419.93964549992234,421.9412110000849,421.9412110000849,421.9244367000647,98.21488519990817,98.2149147996679,421.9315809998661,421.9412110000849,421.9412110000849,422.9399247998372,422.9399247998372,422.92425409983844,stimuli/box_coin_transparent.png,99.21469109971076,99.21471449965611,422.92430870002136,422.9399247998372,424.939815599937,424.9231310002506,101.21356959966943,,,,,,,,,,,222222,right,no,None,2025-05-07_14h23.42.754,RL_out-of-scanner,2024.2.4,59.99268086513943,2025-05-07 14h23.54.505306 -0500,
21,0,21,space,3.228879999835044,None,5,2.282000800129026,None,101.21477289963514,j,0.6977767003700137,None,None,101.93107960000634,101.93132969969884,104.93021509982646,104.93024699995294,105.93010009964928,105.93012529984117,107.42979349987581,,,,,1,0,1,0,21,0,21,0,424.939815599937,,,,,,,,,,,,,,,,,,,,,,,,,,,,,,101.21477289963514,424.92437179991975,424.939815599937,424.939815599937,424.939815599937,424.939815599937,425.64060259982944,j,0.6977767003700137,None,left,1,13,5,4,63,15,None,101.93107960000634,101.93132969969884,425.6409348002635,425.6562840999104,425.6562840999104,428.65674640005454,428.65674640005454,428.63976169982925,104.93021509982646,104.93024699995294,428.6469672000967,428.65674640005454,428.65674640005454,429.65550890006125,429.65550890006125,429.63966319989413,stimuli/box_coin_transparent.png,105.93010009964928,105.93012529984117,429.639719999861,429.65550890006125,431.15789250005037,431.13935690000653,107.42979349987581,,,,,,,,,,,222222,right,no,None,2025-05-07_14h23.42.754,RL_out-of-scanner,2024.2.4,59.99268086513943,2025-05-07 14h23.54.505306 -0500,
22,0,22,space,3.228879999835044,None,5,2.282000800129026,None,107.43090279959142,j,0.5763098001480103,None,None,108.03067649994045,108.03091540001333,109.53032469982281,109.53035509958863,110.53020559996367,110.53023129981011,112.52970009995624,,,,,1,0,1,0,22,0,22,0,431.15789250005037,,,,,,,,,,,,,,,,,,,,,,,,,,,,,,107.43090279959142,431.14050430012867,431.15789250005037,431.15789250005037,431.15789250005037,431.15789250005037,431.74020820017904,j,0.5763098001480103,None,left,0,13,5,4,64,15,None,108.03067649994045,108.03091540001333,431.7405161000788,431.7560811000876,431.7560811000876,433.25698389997706,433.25698389997706,433.2398704998195,109.53032469982281,109.53035509958863,433.2463364000432,433.25698389997706,433.25698389997706,434.2554986998439,434.2554986998439,434.2397553999908,stimuli/box_empty_transparent.png,110.53020559996367,110.53023129981011,434.239826799836,434.2554986998439,436.2561755999923,436.23926440021023,112.52970009995624,,,,,,,,,,,222222,right,no,None,2025-05-07_14h23.42.754,RL_out-of-scanner,2024.2.4,59.99268086513943,2025-05-07 14h23.54.505306 -0500,
23,0,23,space,3.228879999835044,None,5,2.282000800129026,None,112.53077119961381,j,0.29805600037798285,None,None,112.84904999984428,112.84925600001588,114.34801739966497,114.34806209988892,115.34726279973984,115.34728949982673,116.84684069966897,,,,,1,0,1,0,23,0,23,0,436.2561755999923,,,,,,,,,,,,,,,,,,,,,,,,,,,,,,112.53077119961381,436.2403665999882,436.2561755999923,436.2561755999923,436.2561755999923,436.2561755999923,436.558585899882,j,0.29805600037798285,None,left,0,13,5,4,65,15,None,112.84904999984428,112.84925600001588,436.5588537999429,436.57436260022223,436.57436260022223,438.07346929982305,438.07346929982305,438.0575470998883,114.34801739966497,114.34806209988892,438.06414930010214,438.07346929982305,438.07346929982305,439.07220710022375,439.07220710022375,439.05682320008054,stimuli/box_empty_transparent.png,115.34726279973984,115.34728949982673,439.05688699986786,439.07220710022375,440.5731224999763,440.5564044001512,116.84684069966897,,,,,,,,,,,222222,right,no,None,2025-05-07_14h23.42.754,RL_out-of-scanner,2024.2.4,59.99268086513943,2025-05-07 14h23.54.505306 -0500,
24,0,24,space,3.228879999835044,None,5,2.282000800129026,None,116.84798299986869,k,0.32783429976552725,None,None,117.1969977999106,117.19718289980665,119.1974908998236,119.19752449961379,120.1974122999236,120.19743679976091,121.69693359965459,,,,,1,0,1,0,24,0,24,0,440.5731224999763,,,,,,,,,,,,,,,,,,,,,,,,,,,,,,116.84798299986869,440.5575835001655,440.5731224999763,440.5731224999763,440.5731224999763,440.5731224999763,440.9065308002755,k,0.32783429976552725,None,left,0,13,5,4,65,15,None,117.1969977999106,117.19718289980665,440.90678060008213,440.9225051999092,440.9225051999092,442.9232846000232,442.9232846000232,442.9070337000303,119.1974908998236,119.19752449961379,442.9131451002322,442.9232846000232,442.9232846000232,443.92256770003587,443.92256770003587,443.9069758001715,stimuli/box_empty_transparent.png,120.1974122999236,120.19743679976091,443.907031300012,443.92256770003587,445.4227626998909,445.40649650013074,121.69693359965459,,,,,,,,,,,222222,right,no,None,2025-05-07_14h23.42.754,RL_out-of-scanner,2024.2.4,59.99268086513943,2025-05-07 14h23.54.505306 -0500,
25,0,25,space,3.228879999835044,None,5,2.282000800129026,None,121.69824749976397,k,0.2079296000301838,None,None,121.93111359979957,121.93133269995451,122.93073549959809,122.9307699999772,123.9304475998506,123.9304712000303,127.43042709957808,,,,,1,0,1,0,25,0,25,0,445.4227626998909,,,,,,,,,,,,,,,,,,,,,,,,,,,,,,121.69824749976397,445.40784819982946,445.4227626998909,445.4227626998909,445.4227626998909,445.4227626998909,445.64063990022987,k,0.2079296000301838,None,left,0,13,5,4,65,15,None,121.93111359979957,121.93133269995451,445.64093230012804,445.65585360024124,445.65585360024124,446.6558897998184,446.6558897998184,446.64027820015326,122.93073549959809,122.9307699999772,446.6463390002027,446.6558897998184,446.6558897998184,447.65560830011964,447.65560830011964,447.64001120021567,stimuli/box_empty_transparent.png,123.9304475998506,123.9304712000303,447.6400660001673,447.65560830011964,451.15658680023625,451.1399893001653,127.43042709957808,,,,,,,,,,,222222,right,no,None,2025-05-07_14h23.42.754,RL_out-of-scanner,2024.2.4,59.99268086513943,2025-05-07 14h23.54.505306 -0500,
26,0,26,space,3.228879999835044,None,5,2.282000800129026,None,127.43165249982849,k,0.284682699944824,None,None,127.74774209968746,127.74794939998537,128.2471486995928,128.247178199701,129.2472982998006,129.24732449976727,132.74674549978226,,,,,1,0,1,0,26,0,26,0,451.15658680023625,,,,,,,,,,,,,,,,,,,,,,,,,,,,,,127.43165249982849,451.14125039987266,451.15658680023625,451.15658680023625,451.15658680023625,451.15658680023625,451.45727080013603,k,0.284682699944824,None,left,0,13,5,4,65,15,None,127.74774209968746,127.74794939998537,451.4575491999276,451.47340200003237,451.47340200003237,451.973309900146,451.973309900146,451.95670119998977,128.2471486995928,128.247178199701,451.96271870005876,451.973309900146,451.973309900146,452.9725669999607,452.9725669999607,452.95685849990696,stimuli/box_empty_transparent.png,129.2472982998006,129.24732449976727,452.9569239001721,452.9725669999607,456.47318550013006,456.4563071001321,132.74674549978226,,,,,,,,,,,222222,right,no,None,2025-05-07_14h23.42.754,RL_out-of-scanner,2024.2.4,59.99268086513943,2025-05-07 14h23.54.505306 -0500,
27,0,27,space,3.228879999835044,None,5,2.282000800129026,None,132.74793039960787,j,0.333973899949342,None,None,133.11395159969106,133.11421429971233,134.6134469998069,134.61348239984363,135.61322699999437,135.6132544996217,136.6126751997508,,,,,1,0,1,0,27,0,27,0,456.47318550013006,,,,,,,,,,,,,,,,,,,,,,,,,,,,,,132.74793039960787,456.4575283001177,456.47318550013006,456.47318550013006,456.47318550013006,456.47318550013006,456.8234784002416,j,0.333973899949342,None,left,1,13,6,4,66,16,None,133.11395159969106,133.11421429971233,456.8238106998615,456.83975479984656,456.83975479984656,458.33944190014154,458.33944190014154,458.3229899001308,134.6134469998069,134.61348239984363,458.32959040021524,458.33944190014154,458.33944190014154,459.33882800024,459.33882800024,459.3227886999957,stimuli/box_coin_transparent.png,135.61322699999437,135.6132544996217,459.32285130023956,459.33882800024,460.3388076000847,460.32224139990285,136.6126751997508,,,,,,,,,,,222222,right,no,None,2025-05-07_14h23.42.754,RL_out-of-scanner,2024.2.4,59.99268086513943,2025-05-07 14h23.54.505306 -0500,
28,0,28,space,3.228879999835044,None,5,2.282000800129026,None,136.61380699975416,j,0.34518259996548295,None,None,136.98027599975467,136.98053189972416,137.97982509993017,137.97985399980098,138.9963173996657,138.9963417998515,142.4954372998327,,,,,1,0,1,0,28,0,28,0,460.3388076000847,,,,,,,,,,,,,,,,,,,,,,,,,,,,,,136.61380699975416,460.3234049999155,460.3388076000847,460.3388076000847,460.3388076000847,460.3388076000847,460.68980830023065,j,0.34518259996548295,None,left,1,13,7,4,67,17,None,136.98027599975467,136.98053189972416,460.69012930011377,460.7059467998333,460.7059467998333,461.7066460000351,461.7066460000351,461.6893667001277,137.97982509993017,137.97985399980098,461.6965797999874,461.7066460000351,461.7066460000351,,,462.7058780998923,stimuli/box_coin_transparent.png,138.9963173996657,138.9963417998515,462.7059454000555,462.7221924001351,466.22209729999304,466.2049938002601,142.4954372998327,,,,,,,,,,,222222,right,no,None,2025-05-07_14h23.42.754,RL_out-of-scanner,2024.2.4,59.99268086513943,2025-05-07 14h23.54.505306 -0500,
29,0,29,space,3.228879999835044,None,5,2.282000800129026,None,142.49662649957463,j,0.44952329993247986,None,None,142.96378719992936,142.96404989995062,144.96236619958654,144.96239829994738,145.96285519981757,145.96287859976292,146.96191729977727,,,,,1,0,1,0,29,0,29,0,466.22209729999304,,,,,,,,,,,,,,,,,,,,,,,,,,,,,,142.49662649957463,466.2062242999673,466.22209729999304,466.22209729999304,466.22209729999304,466.22209729999304,466.6733178999275,j,0.44952329993247986,None,left,1,13,8,4,68,18,None,142.96378719992936,142.96404989995062,466.67365190014243,466.68920770008117,466.68920770008117,468.68846550025046,468.68846550025046,468.67191450018436,144.96236619958654,144.96239829994738,468.67814340023324,468.68846550025046,468.68846550025046,,,469.67241670005023,stimuli/box_coin_transparent.png,145.96285519981757,145.96287859976292,469.67248700000346,469.68847970012575,470.68855920014903,470.6714818999171,146.96191729977727,,,,,,,,,,,222222,right,no,None,2025-05-07_14h23.42.754,RL_out-of-scanner,2024.2.4,59.99268086513943,2025-05-07 14h23.54.505306 -0500,
30,0,30,space,3.228879999835044,None,5,2.282000800129026,None,146.96307209972292,j,0.4346588999032974,None,None,147.42961719958112,147.4298403998837,148.43026709975675,148.43029999965802,149.44565239967778,149.4456781996414,150.44558729976416,,,,,1,0,1,0,30,0,30,0,470.68855920014903,,,,,,,,,,,,,,,,,,,,,,,,,,,,,,146.96307209972292,470.67267249990255,470.68855920014903,470.68855920014903,470.68855920014903,470.68855920014903,471.13915009982884,j,0.4346588999032974,None,left,1,13,9,4,69,19,None,147.42961719958112,147.4298403998837,471.13944069994614,471.1549829998985,471.1549829998985,472.1566762002185,472.1566762002185,472.1398152001202,148.43026709975675,148.43029999965802,472.1470635002479,472.1566762002185,472.1566762002185,,,473.15521380025893,stimuli/box_coin_transparent.png,149.44565239967778,149.4456781996414,473.15528589999303,473.17093440005556,474.17187520023435,474.15515029989183,150.44558729976416,,,,,,,,,,,222222,right,no,None,2025-05-07_14h23.42.754,RL_out-of-scanner,2024.2.4,59.99268086513943,2025-05-07 14h23.54.505306 -0500,
31,0,31,space,3.228879999835044,None,5,2.282000800129026,None,150.44674919964746,j,0.40585009986534715,None,None,150.8800305998884,150.88027439964935,153.87900879979134,153.87903779977933,154.8795612999238,154.87958699977025,157.37821169989184,,,,,1,0,1,0,31,0,31,0,474.17187520023435,,,,,,,,,,,,,,,,,,,,,,,,,,,,,,150.44674919964746,474.1563539998606,474.17187520023435,474.17187520023435,474.17187520023435,474.17187520023435,474.58956350013614,j,0.40585009986534715,None,left,1,13,10,4,70,20,None,150.8800305998884,150.88027439964935,474.58987639984116,474.60508619993925,474.60508619993925,477.6059607998468,477.6059607998468,477.5885586999357,153.87900879979134,153.87903779977933,477.59605750022456,477.6059607998468,477.6059607998468,,,478.5891205002554,stimuli/box_coin_transparent.png,154.8795612999238,154.87958699977025,478.5891960998997,478.604736499954,481.1057365001179,481.0877745002508,157.37821169989184,,,,,,,,,,,222222,right,no,None,2025-05-07_14h23.42.754,RL_out-of-scanner,2024.2.4,59.99268086513943,2025-05-07 14h23.54.505306 -0500,
32,0,32,space,3.228879999835044,None,5,2.282000800129026,None,157.37944039981812,j,0.324138100259006,None,None,157.72980370000005,157.7300326996483,158.72889059968293,158.72892499994487,159.7291427999735,159.72916609980166,160.7291286997497,,,,,1,0,1,0,32,0,32,0,481.1057365001179,,,,,,,,,,,,,,,,,,,,,,,,,,,,,,157.37944039981812,481.08903770009056,481.1057365001179,481.1057365001179,481.1057365001179,481.1057365001179,481.4393410002813,j,0.324138100259006,None,left,1,13,11,4,71,21,None,157.72980370000005,157.7300326996483,481.4396293000318,481.4556531002745,481.4556531002745,482.45524360006675,482.45524360006675,482.4384399000555,158.72889059968293,158.72892499994487,482.4456854001619,482.45524360006675,482.45524360006675,,,483.438704600092,stimuli/box_coin_transparent.png,159.7291427999735,159.72916609980166,483.4387610000558,483.45538900000975,484.4554774998687,484.4386924998835,160.7291286997497,,,,,,,,,,,222222,right,no,None,2025-05-07_14h23.42.754,RL_out-of-scanner,2024.2.4,59.99268086513943,2025-05-07 14h23.54.505306 -0500,
33,0,33,space,3.228879999835044,None,5,2.282000800129026,None,160.7302161999978,j,0.7648804001510143,None,None,161.51268799975514,161.5129085998051,163.512640199624,163.51267369976267,164.51258989982307,164.51261399965733,166.01324829971418,,,,,1,0,1,0,33,0,33,0,484.4554774998687,,,,,,,,,,,,,,,,,,,,,,,,,,,,,,160.7302161999978,484.439814100042,484.4554774998687,484.4554774998687,484.4554774998687,484.4554774998687,485.22221289994195,j,0.7648804001510143,None,left,0,13,11,4,72,21,None,161.51268799975514,161.5129085998051,485.22251160023734,485.2385537000373,485.2385537000373,487.2389235999435,487.2389235999435,487.22218389995396,163.512640199624,163.51267369976267,487.228277400136,487.2389235999435,487.2389235999435,488.2387085999362,488.2387085999362,488.22215340007097,stimuli/box_empty_transparent.png,164.51258989982307,164.51261399965733,488.22220830013976,488.2387085999362,489.7382236998528,489.722810999956,166.01324829971418,,,,,,,,,,,222222,right,no,None,2025-05-07_14h23.42.754,RL_out-of-scanner,2024.2.4,59.99268086513943,2025-05-07 14h23.54.505306 -0500,
34,0,34,space,3.228879999835044,None,5,2.282000800129026,None,166.01451919972897,j,0.3022467000409961,None,None,166.34608959965408,166.3463585996069,169.34596959967166,169.3460003999062,170.34587169997394,170.34589839959517,172.8454584996216,,,,,1,0,1,0,34,0,34,0,489.7382236998528,,,,,,,,,,,,,,,,,,,,,,,,,,,,,,166.01451919972897,489.72411900013685,489.7382236998528,489.7382236998528,489.7382236998528,489.7382236998528,490.0556164998561,j,0.3022467000409961,None,left,0,13,11,4,73,21,None,166.34608959965408,166.3463585996069,490.055961899925,490.07125960011035,490.07125960011035,493.07228140020743,493.07228140020743,493.05551820015535,169.34596959967166,169.3460003999062,493.0614359001629,493.07228140020743,493.07228140020743,494.07123890006915,494.07123890006915,494.0554333999753,stimuli/box_empty_transparent.png,170.34587169997394,170.34589839959517,494.05549600021914,494.07123890006915,496.57169200014323,496.5550069999881,172.8454584996216,,,,,,,,,,,222222,right,no,None,2025-05-07_14h23.42.754,RL_out-of-scanner,2024.2.4,59.99268086513943,2025-05-07 14h23.54.505306 -0500,
35,0,35,space,3.228879999835044,None,5,2.282000800129026,None,172.8465860998258,k,0.3569344002753496,None,None,173.22951739979908,173.22973100002855,174.7289501996711,174.72897859988734,175.72885969979689,175.72888379963115,176.72885039960966,,,,,1,0,1,0,35,0,35,0,496.57169200014323,,,,,,,,,,,,,,,,,,,,,,,,,,,,,,172.8465860998258,496.55618399987,496.57169200014323,496.57169200014323,496.57169200014323,496.57169200014323,496.9390413002111,k,0.3569344002753496,None,left,0,13,11,4,73,21,None,173.22951739979908,173.22973100002855,496.93933100020513,496.95475330017507,496.95475330017507,498.4550717002712,498.4550717002712,498.43850289983675,174.7289501996711,174.72897859988734,498.4450187999755,498.4550717002712,498.4550717002712,499.45355620002374,499.45355620002374,499.43842250015587,stimuli/box_empty_transparent.png,175.72885969979689,175.72888379963115,499.4384778998792,499.45355620002374,500.4543083002791,500.43841220019385,176.72885039960966,,,,,,,,,,,222222,right,no,None,2025-05-07_14h23.42.754,RL_out-of-scanner,2024.2.4,59.99268086513943,2025-05-07 14h23.54.505306 -0500,
36,0,36,space,3.228879999835044,None,5,2.282000800129026,None,176.73005679994822,k,0.34576529962942004,None,None,177.0954205999151,177.09560849983245,178.5954582998529,178.59549139998853,179.5957839996554,179.59581169998273,183.1107386997901,,,,,1,0,1,0,36,0,36,0,500.4543083002791,,,,,,,,,,,,,,,,,,,,,,,,,,,,,,176.73005679994822,500.4396545002237,500.4543083002791,500.4543083002791,500.4543083002791,500.4543083002791,500.8049528002739,k,0.34576529962942004,None,left,0,13,11,4,73,21,None,177.0954205999151,177.09560849983245,500.80520740011707,500.82144130021334,500.82144130021334,502.32215230027214,502.32215230027214,502.3050033999607,178.5954582998529,178.59549139998853,502.31115829991177,502.32215230027214,502.32215230027214,503.32127080019563,503.32127080019563,503.30534349987283,stimuli/box_empty_transparent.png,179.5957839996554,179.59581169998273,503.3054090999067,503.32127080019563,506.8388475999236,506.8202988002449,183.1107386997901,,,,,,,,,,,222222,right,no,None,2025-05-07_14h23.42.754,RL_out-of-scanner,2024.2.4,59.99268086513943,2025-05-07 14h23.54.505306 -0500,
37,0,37,space,3.228879999835044,None,5,2.282000800129026,None,183.11198259983212,j,0.3330796998925507,None,None,183.47862689988688,183.4788662996143,185.47821779968217,185.47825099993497,186.47877919999883,186.4788106996566,187.47784419963136,,,,,1,0,1,0,37,0,37,0,506.8388475999236,,,,,,,,,,,,,,,,,,,,,,,,,,,,,,183.11198259983212,506.8215803001076,506.8388475999236,506.8388475999236,506.8388475999236,506.8388475999236,507.18816070025787,j,0.3330796998925507,None,left,1,13,12,4,74,22,None,183.47862689988688,183.4788662996143,507.18846270022914,507.2044541002251,507.2044541002251,509.2050052001141,509.2050052001141,509.1877600001171,185.47821779968217,185.47825099993497,509.1956425001845,509.2050052001141,509.2050052001141,,,510.1883350000717,stimuli/box_coin_transparent.png,186.47877919999883,186.4788106996566,510.18841380020604,510.2039566002786,511.20461110025644,511.18740520020947,187.47784419963136,,,,,,,,,,,222222,right,no,None,2025-05-07_14h23.42.754,RL_out-of-scanner,2024.2.4,59.99268086513943,2025-05-07 14h23.54.505306 -0500,
38,0,38,space,3.228879999835044,None,5,2.282000800129026,None,187.47913609957322,j,0.3465491998940706,None,None,187.84505070000887,187.84531629970297,188.84563669981435,188.84566439967602,189.84556089993566,189.84558689966798,191.34448199998587,,,,,1,0,1,0,38,0,38,0,511.20461110025644,,,,,,,,,,,,,,,,,,,,,,,,,,,,,,187.47913609957322,511.1887353998609,511.20461110025644,511.20461110025644,511.20461110025644,511.20461110025644,511.55457889987156,j,0.3465491998940706,None,left,1,13,13,4,75,23,None,187.84505070000887,187.84531629970297,511.5549209001474,511.5704561001621,511.5704561001621,512.5708461999893,512.5708461999893,512.5551825002767,188.84563669981435,188.84566439967602,512.5627498002723,512.5708461999893,512.5708461999893,513.5705670998432,513.5705670998432,513.5551224998198,stimuli/box_coin_transparent.png,189.84556089993566,189.84558689966798,513.5551844998263,513.5705670998432,515.0707052000798,515.0540446001105,191.34448199998587,,,,,,,,,,,222222,right,no,None,2025-05-07_14h23.42.754,RL_out-of-scanner,2024.2.4,59.99268086513943,2025-05-07 14h23.54.505306 -0500,
39,0,39,space,3.228879999835044,None,5,2.282000800129026,None,191.34571619983763,j,0.35018760012462735,None,None,191.7127694999799,191.71300839958712,192.71195699973032,192.7119896998629,193.7121402998455,193.71217740001157,194.7112045995891,,,,,1,0,1,0,39,0,39,0,515.0707052000798,,,,,,,,,,,,,,,,,,,,,,,,,,,,,,191.34571619983763,515.0553164999001,515.0707052000798,515.0707052000798,515.0707052000798,515.0707052000798,515.4223035001196,j,0.35018760012462735,None,right,1,11,0,5,75,23,None,191.7127694999799,191.71300839958712,515.4226079001091,515.436977500096,515.436977500096,516.4381006001495,516.4381006001495,516.4215005999431,192.71195699973032,192.7119896998629,516.4276279001497,516.4381006001495,516.4381006001495,,,517.4217007001862,stimuli/box_empty_transparent.png,193.7121402998455,193.71217740001157,517.4217754001729,517.4376849001274,518.4373591998592,518.4207667000592,194.7112045995891,,,,,,,,,,,222222,right,no,None,2025-05-07_14h23.42.754,RL_out-of-scanner,2024.2.4,59.99268086513943,2025-05-07 14h23.54.505306 -0500,
40,0,40,space,3.228879999835044,None,5,2.282000800129026,None,194.71246489975601,k,0.32243189960718155,None,None,195.0623919996433,195.06258149957284,196.56142239971086,196.56145109981298,197.5616349996999,197.56166099989787,198.56148909963667,,,,,1,0,1,0,40,0,40,0,518.4373591998592,,,,,,,,,,,,,,,,,,,,,,,,,,,,,,194.71246489975601,518.4220741000026,518.4373591998592,518.4373591998592,518.4373591998592,518.4373591998592,518.7719256998971,k,0.32243189960718155,None,right,1,11,1,5,76,24,None,195.0623919996433,195.06258149957284,518.7721779998392,518.7877724999562,518.7877724999562,520.2881215000525,520.2881215000525,520.2709718998522,196.56142239971086,196.56145109981298,520.2786452998407,520.2881215000525,520.2881215000525,,,521.2711951001547,stimuli/box_coin_transparent.png,197.5616349996999,197.56166099989787,521.2712583998218,521.2864568000659,522.2873235000297,522.2710522999987,198.56148909963667,,,,,,,,,,,222222,right,no,None,2025-05-07_14h23.42.754,RL_out-of-scanner,2024.2.4,59.99268086513943,2025-05-07 14h23.54.505306 -0500,
41,0,41,space,3.228879999835044,None,5,2.282000800129026,None,198.5627523995936,k,0.30492959963157773,None,None,198.89457609970123,198.8947926997207,199.89519349997863,199.89522149972618,200.89471089979634,200.89473469974473,203.8936574999243,,,,,1,0,1,0,41,0,41,0,522.2873235000297,,,,,,,,,,,,,,,,,,,,,,,,,,,,,,198.5627523995936,522.2723530000076,522.2873235000297,522.2873235000297,522.2873235000297,522.2873235000297,522.6040946999565,k,0.30492959963157773,None,right,1,11,2,5,77,25,None,198.89457609970123,198.8947926997207,522.6043994999491,522.6199242998846,522.6199242998846,523.6213074000552,523.6213074000552,523.6047466001473,199.89519349997863,199.89522149972618,523.6119368001819,523.6213074000552,523.6213074000552,524.6199135999195,524.6199135999195,524.604273499921,stimuli/box_coin_transparent.png,200.89471089979634,200.89473469974473,524.6043318999,524.6199135999195,527.6203095000237,527.6032226998359,203.8936574999243,,,,,,,,,,,222222,right,no,None,2025-05-07_14h23.42.754,RL_out-of-scanner,2024.2.4,59.99268086513943,2025-05-07 14h23.54.505306 -0500,
42,0,42,space,3.228879999835044,None,5,2.282000800129026,None,203.89485319983214,j,0.33219539979472756,None,None,204.2445074999705,204.24471629969776,206.24421969987452,206.2442532996647,207.2443762999028,207.2444036998786,210.74417369998991,,,,,1,0,1,0,42,0,42,0,527.6203095000237,,,,,,,,,,,,,,,,,,,,,,,,,,,,,,203.89485319983214,527.6044534002431,527.6203095000237,527.6203095000237,527.6203095000237,527.6203095000237,527.9540393999778,j,0.33219539979472756,None,right,1,11,2,5,77,25,None,204.2445074999705,204.24471629969776,527.9543117000721,527.9700211002491,527.9700211002491,529.970540500246,529.970540500246,529.9537617000751,206.24421969987452,206.2442532996647,529.9598882999271,529.970540500246,529.970540500246,530.9696825998835,530.9696825998835,530.9539373000152,stimuli/box_empty_transparent.png,207.2443762999028,207.2444036998786,530.9540007999167,530.9696825998835,534.4706430998631,534.4537386000156,210.74417369998991,,,,,,,,,,,222222,right,no,None,2025-05-07_14h23.42.754,RL_out-of-scanner,2024.2.4,59.99268086513943,2025-05-07 14h23.54.505306 -0500,
43,0,43,space,3.228879999835044,None,5,2.282000800129026,None,210.74530469998717,j,0.33588230004534125,None,None,211.11138359969482,211.11163659999147,212.11165749980137,212.11168590001762,213.11054599983618,213.11057399958372,215.10977809969336,,,,,1,0,1,0,43,0,43,0,534.4706430998631,,,,,,,,,,,,,,,,,,,,,,,,,,,,,,210.74530469998717,534.4549143998884,534.4706430998631,534.4706430998631,534.4706430998631,534.4706430998631,534.820910600014,j,0.33588230004534125,None,right,1,11,2,5,77,25,None,211.11138359969482,211.11163659999147,534.8212370001711,534.8369146999903,534.8369146999903,535.8372618998401,535.8372618998401,535.8212075000629,212.11165749980137,212.11168590001762,535.8271508002654,535.8372618998401,535.8372618998401,536.8361283000559,536.8361283000559,536.8201061999425,stimuli/box_empty_transparent.png,213.11054599983618,213.11057399958372,536.8201721999794,536.8361283000559,538.8363017002121,538.8193418001756,215.10977809969336,,,,,,,,,,,222222,right,no,None,2025-05-07_14h23.42.754,RL_out-of-scanner,2024.2.4,59.99268086513943,2025-05-07 14h23.54.505306 -0500,
44,0,44,space,3.228879999835044,None,5,2.282000800129026,None,215.11091019958258,k,0.3244810001924634,None,None,215.46070860000327,215.46089019998908,217.96069039963186,217.96072059962898,218.96103189978749,218.96105869999155,220.96009569987655,,,,,1,0,1,0,44,0,44,0,538.8363017002121,,,,,,,,,,,,,,,,,,,,,,,,,,,,,,215.11091019958258,538.8205110998824,538.8363017002121,538.8363017002121,538.8363017002121,538.8363017002121,539.170243400149,k,0.3244810001924634,None,right,1,11,3,5,78,26,None,215.46070860000327,215.46089019998908,539.1704875002615,539.1870027999394,539.1870027999394,541.6872947998345,541.6872947998345,541.6702379002236,217.96069039963186,217.96072059962898,541.6767895999365,541.6872947998345,541.6872947998345,,,542.670590700116,stimuli/box_coin_transparent.png,218.96103189978749,218.96105869999155,542.6706570000388,542.6862745000981,544.6865567001514,544.6696568001062,220.96009569987655,,,,,,,,,,,222222,right,no,None,2025-05-07_14h23.42.754,RL_out-of-scanner,2024.2.4,59.99268086513943,2025-05-07 14h23.54.505306 -0500,
45,0,45,space,3.228879999835044,None,5,2.282000800129026,None,220.96129919961095,k,0.33135080011561513,None,None,221.31050749961287,221.31069499999285,222.31071039987728,222.31074339989573,223.31060009961948,223.31062809983268,224.31053569959477,,,,,1,0,1,0,45,0,45,0,544.6865567001514,,,,,,,,,,,,,,,,,,,,,,,,,,,,,,220.96129919961095,544.6709032999352,544.6865567001514,544.6865567001514,544.6865567001514,544.6865567001514,545.0200380999595,k,0.33135080011561513,None,right,1,11,4,5,79,27,None,221.31050749961287,221.31069499999285,545.0202930001542,545.0370730999857,545.0370730999857,546.0372342001647,546.0372342001647,546.0202581002377,222.31071039987728,222.31074339989573,546.0274940999225,546.0372342001647,546.0372342001647,547.0354518000968,547.0354518000968,547.0201599001884,stimuli/box_coin_transparent.png,223.31060009961948,223.31062809983268,547.020226799883,547.0354518000968,548.0368869001977,548.0200757002458,224.31053569959477,,,,,,,,,,,222222,right,no,None,2025-05-07_14h23.42.754,RL_out-of-scanner,2024.2.4,59.99268086513943,2025-05-07 14h23.54.505306 -0500,
46,0,46,space,3.228879999835044,None,5,2.282000800129026,None,224.31169269979,k,0.40927329985424876,None,None,224.74475319962949,224.74497959995642,226.74376209964976,226.74379169987515,227.7440791996196,227.74410649994388,228.7434333995916,,,,,1,0,1,0,46,0,46,0,548.0368869001977,,,,,,,,,,,,,,,,,,,,,,,,,,,,,,224.31169269979,548.0212902999483,548.0368869001977,548.0368869001977,548.0368869001977,548.0368869001977,548.4542800998315,k,0.40927329985424876,None,right,0,11,4,5,80,27,None,224.74475319962949,224.74497959995642,548.4545816001482,548.4705556002446,548.4705556002446,550.4705221001059,550.4705221001059,550.4533134000376,226.74376209964976,226.74379169987515,550.4597273999825,550.4705221001059,550.4705221001059,551.4690363998525,551.4690363998525,551.4536406998523,stimuli/box_empty_transparent.png,227.7440791996196,227.74410649994388,551.4537034002133,551.4690363998525,552.4692925000563,552.4529980001971,228.7434333995916,,,,,,,,,,,222222,right,no,None,2025-05-07_14h23.42.754,RL_out-of-scanner,2024.2.4,59.99268086513943,2025-05-07 14h23.54.505306 -0500,
47,0,47,space,3.228879999835044,None,5,2.282000800129026,None,228.74459929997101,k,0.7269342001527548,None,None,229.49448999995366,229.4946882999502,232.49331779964268,232.49334659986198,233.49366869963706,233.49371609976515,234.993135899771,,,,,1,0,1,0,47,0,47,0,552.4692925000563,,,,,,,,,,,,,,,,,,,,,,,,,,,,,,228.74459929997101,552.4542001001537,552.4692925000563,552.4692925000563,552.4692925000563,552.4692925000563,553.204020800069,k,0.7269342001527548,None,right,1,11,5,5,81,28,None,229.49448999995366,229.4946882999502,553.2042876002379,553.2196122002788,553.2196122002788,556.2197278002277,556.2197278002277,556.2028693999164,232.49331779964268,232.49334659986198,556.2103522000834,556.2197278002277,556.2197278002277,,,557.2032157001086,stimuli/box_coin_transparent.png,233.49366869963706,233.49371609976515,557.2033114000224,557.2187238000333,558.7198574002832,558.7026988002472,234.993135899771,,,,,,,,,,,222222,right,no,None,2025-05-07_14h23.42.754,RL_out-of-scanner,2024.2.4,59.99268086513943,2025-05-07 14h23.54.505306 -0500,
48,0,48,space,3.228879999835044,None,5,2.282000800129026,None,234.99437289964408,k,0.3504275996237993,None,None,235.37769779982045,235.37789659993723,236.8776774997823,236.8777084997855,237.87692940002307,237.87695849966258,241.3759224996902,,,,,1,0,1,0,48,0,48,0,558.7198574002832,,,,,,,,,,,,,,,,,,,,,,,,,,,,,,234.99437289964408,558.7039736001752,558.7198574002832,558.7198574002832,558.7198574002832,558.7198574002832,559.0872292998247,k,0.3504275996237993,None,right,1,11,6,5,82,29,None,235.37769779982045,235.37789659993723,559.0874936999753,559.1034244000912,559.1034244000912,560.6027199998498,560.6027199998498,560.5872205002233,236.8776774997823,236.8777084997855,560.5937624000944,560.6027199998498,560.6027199998498,561.6020827000029,561.6020827000029,561.5864889002405,stimuli/box_coin_transparent.png,237.87692940002307,237.87695849966258,561.5865572001785,561.6020827000029,565.1023932001553,565.0854861000553,241.3759224996902,,,,,,,,,,,222222,right,no,None,2025-05-07_14h23.42.754,RL_out-of-scanner,2024.2.4,59.99268086513943,2025-05-07 14h23.54.505306 -0500,
49,0,49,space,3.228879999835044,None,5,2.282000800129026,None,241.37706669978797,k,0.38073719991371036,None,None,241.77713979966938,241.77732509979978,243.27722399961203,243.27725629974157,244.2768222996965,244.27684849966317,244.27716269996017,,,,,1,0,1,0,49,0,49,0,565.1023932001553,,,,,,,,,,,,,,,,,,,,,,,,,,,,,,241.37706669978797,565.0866645001806,565.1023932001553,565.1023932001553,565.1023932001553,565.1023932001553,565.4866706999019,k,0.38073719991371036,None,right,1,11,7,5,83,30,None,241.77713979966938,241.77732509979978,565.4869213998318,565.5021875998937,565.5021875998937,567.0035663000308,567.0035663000308,566.9867692999542,243.27722399961203,243.27725629974157,566.9944782000966,567.0035663000308,567.0035663000308,568.0014498000965,568.0014498000965,567.9863839000463,stimuli/box_coin_transparent.png,244.2768222996965,244.27684849966317,567.9864459000528,568.0014498000965,568.0014498000965,567.9867301001213,244.27716269996017,,,,,,,,,,,222222,right,no,None,2025-05-07_14h23.42.754,RL_out-of-scanner,2024.2.4,59.99268086513943,2025-05-07 14h23.54.505306 -0500,
1,0,1,space,3.228879999835044,None,5,2.282000800129026,None,,,,,,,,,,,,,,,,,1,0,1,0,,,,,,,,,,,,,,,,,,,,,,,,,,,,,,,,,,,,,,,,,,,,,,,,,,,,,,,,,,,,,,,,,,,,,,,,,,,,,567.9975264999084,568.0014498000965,572.0019824998453,571.9855567999184,571.9855949999765,572.0019824998453,627.0835426999256,627.0676259002648,,,222222,right,no,None,2025-05-07_14h23.42.754,RL_out-of-scanner,2024.2.4,59.99268086513943,2025-05-07 14h23.54.505306 -0500,
0,0,0,space,2.68742260010913,None,5,0.899944799952209,None,0.0013552000746130943,j,0.5205724001862109,None,None,0.5510638998821378,0.5513006001710892,1.5504319998435676,1.5504638999700546,2.5505233998410404,2.550547800026834,4.549278500024229,,,,,2,0,2,0,0,0,0,0,630.7174035999924,,,,,,,,,,,,,,,,627.0677604000084,627.0835426999256,627.0835426999256,629.7839228999801,space,2.68742260010913,None,629.78398009995,629.7999070999213,629.7999070999213,630.7007698002271,5,0.899944799952209,None,0.0013552000746130943,630.7021826999262,630.7174035999924,630.7174035999924,630.7174035999924,630.7174035999924,631.2518270001747,j,0.5205724001862109,None,right,1,12,0,6,83,0,None,0.5510638998821378,0.5513006001710892,631.252128300257,631.2677457001992,631.2677457001992,632.2673474000767,632.2673474000767,632.2512079002336,1.5504319998435676,1.5504638999700546,632.2572256000713,632.2673474000767,632.2673474000767,,,633.2513152002357,stimuli/box_empty_transparent.png,2.5505233998410404,2.550547800026834,633.2513708001934,633.2670090999454,635.2673292998224,635.2500714999624,4.549278500024229,,,,,,,,,,,222222,right,no,None,2025-05-07_14h23.42.754,RL_out-of-scanner,2024.2.4,59.99268086513943,2025-05-07 14h23.54.505306 -0500,
1,0,1,space,2.68742260010913,None,5,0.899944799952209,None,4.550566699821502,k,0.29880789993330836,None,None,4.867030899971724,4.867230699863285,6.367134599946439,6.367166799958795,7.367112999781966,7.367138000205159,8.866614200174809,,,,,2,0,2,0,1,0,1,0,635.2673292998224,,,,,,,,,,,,,,,,,,,,,,,,,,,,,,4.550566699821502,635.2513982001692,635.2673292998224,635.2673292998224,635.2673292998224,635.2673292998224,635.5677976999432,k,0.29880789993330836,None,right,1,12,1,6,84,1,None,4.867030899971724,4.867230699863285,635.5680578001775,635.5840437998995,635.5840437998995,637.0840483000502,637.0840483000502,637.0679104002193,6.367134599946439,6.367166799958795,637.0754480999894,637.0840483000502,637.0840483000502,638.0834949999116,638.0834949999116,638.0679047000594,stimuli/box_coin_transparent.png,7.367112999781966,7.367138000205159,638.0679644001648,638.0834949999116,639.5841064001434,639.567407600116,8.866614200174809,,,,,,,,,,,222222,right,no,None,2025-05-07_14h23.42.754,RL_out-of-scanner,2024.2.4,59.99268086513943,2025-05-07 14h23.54.505306 -0500,
2,0,2,space,2.68742260010913,None,5,0.899944799952209,None,8.867896500043571,k,0.32741659972816706,None,None,9.217412900179625,9.217611299827695,10.216221800073981,10.216255699750036,11.21644590003416,11.216471099760383,14.215832800138742,,,,,2,0,2,0,2,0,2,0,639.5841064001434,,,,,,,,,,,,,,,,,,,,,,,,,,,,,,8.867896500043571,639.5687283002771,639.5841064001434,639.5841064001434,639.5841064001434,639.5841064001434,639.9181766002439,k,0.32741659972816706,None,right,0,12,1,6,85,1,None,9.217412900179625,9.217611299827695,639.9184393999167,639.9335246998817,639.9335246998817,640.9342300998978,640.9342300998978,640.9169923998415,10.216221800073981,10.216255699750036,640.9234507000074,640.9342300998978,640.9342300998978,641.9327921001241,641.9327921001241,641.9172388999723,stimuli/box_empty_transparent.png,11.21644590003416,11.216471099760383,641.9172971998341,641.9327921001241,644.933256899938,644.9166251998395,14.215832800138742,,,,,,,,,,,222222,right,no,None,2025-05-07_14h23.42.754,RL_out-of-scanner,2024.2.4,59.99268086513943,2025-05-07 14h23.54.505306 -0500,
3,0,3,space,2.68742260010913,None,5,0.899944799952209,None,14.216933299787343,k,0.34042449994012713,None,None,14.583397299982607,14.583611099980772,16.583220399916172,16.58325369982049,17.583042699843645,17.583066000137478,18.582702099811286,,,,,2,0,2,0,3,0,3,0,644.933256899938,,,,,,,,,,,,,,,,,,,,,,,,,,,,,,14.216933299787343,644.9177622999996,644.933256899938,644.933256899938,644.933256899938,644.933256899938,645.2841620999388,k,0.34042449994012713,None,right,1,12,2,6,86,2,None,14.583397299982607,14.583611099980772,645.2844413002022,645.2998520000838,645.2998520000838,647.3009990998544,647.3009990998544,647.2839982998557,16.583220399916172,16.58325369982049,647.2911431998946,647.3009990998544,647.3009990998544,648.3000882002525,648.3000882002525,648.2838369999081,stimuli/box_coin_transparent.png,17.583042699843645,17.583066000137478,648.2838913998567,648.3000882002525,649.3004343002103,649.2834944999777,18.582702099811286,,,,,,,,,,,222222,right,no,None,2025-05-07_14h23.42.754,RL_out-of-scanner,2024.2.4,59.99268086513943,2025-05-07 14h23.54.505306 -0500,
4,0,4,space,2.68742260010913,None,5,0.899944799952209,None,18.58392979996279,k,0.4044619002379477,None,None,19.01709710014984,19.017279699910432,20.016109299845994,20.016141700092703,21.016231500077993,21.01625770004466,23.516313599888235,,,,,2,0,2,0,4,0,4,0,649.3004343002103,,,,,,,,,,,,,,,,,,,,,,,,,,,,,,18.58392979996279,649.2847615000792,649.3004343002103,649.3004343002103,649.3004343002103,649.3004343002103,649.7178628998809,k,0.4044619002379477,None,right,1,12,3,6,87,3,None,19.01709710014984,19.017279699910432,649.7181060002185,649.7333331000991,649.7333331000991,650.7341714999638,650.7341714999638,650.7168875001371,20.016109299845994,20.016141700092703,650.7240106998943,650.7341714999638,650.7341714999638,,,651.717021800112,stimuli/box_coin_transparent.png,21.016231500077993,21.01625770004466,651.7170831002295,651.7326449998654,654.2339937998913,654.2171085998416,23.516313599888235,,,,,,,,,,,222222,right,no,None,2025-05-07_14h23.42.754,RL_out-of-scanner,2024.2.4,59.99268086513943,2025-05-07 14h23.54.505306 -0500,
5,0,5,space,2.68742260010913,None,5,0.899944799952209,None,23.51751000015065,k,0.36149509996175766,None,None,23.899669100064784,23.899853100068867,27.39999770000577,27.40002579987049,28.399536499753594,28.399560099933296,30.39877189975232,,,,,2,0,2,0,5,0,5,0,654.2339937998913,,,,,,,,,,,,,,,,,,,,,,,,,,,,,,23.51751000015065,654.2183381002396,654.2339937998913,654.2339937998913,654.2339937998913,654.2339937998913,654.6004312001169,k,0.36149509996175766,None,right,0,12,3,6,88,3,None,23.899669100064784,23.899853100068867,654.6006793999113,654.6167946001515,654.6167946001515,658.1173021998256,658.1173021998256,658.100778600201,27.39999770000577,27.40002579987049,658.1071445001289,658.1173021998256,658.1173021998256,659.1162558002397,659.1162558002397,659.1003312999383,stimuli/box_empty_transparent.png,28.399536499753594,28.399560099933296,659.1003845999949,659.1162558002397,661.11614440009,661.0995640000328,30.39877189975232,,,,,,,,,,,222222,right,no,None,2025-05-07_14h23.42.754,RL_out-of-scanner,2024.2.4,59.99268086513943,2025-05-07 14h23.54.505306 -0500,
6,0,6,space,2.68742260010913,None,5,0.899944799952209,None,30.399955399800092,k,0.3705561999231577,None,None,30.799765899777412,30.799949899781495,31.7997177997604,31.799751699902117,32.799682000186294,32.799705599900335,33.798189300112426,,,,,2,0,2,0,6,0,6,0,661.11614440009,,,,,,,,,,,,,,,,,,,,,,,,,,,,,,30.399955399800092,661.1007842002437,661.11614440009,661.11614440009,661.11614440009,661.11614440009,661.500532399863,k,0.3705561999231577,None,right,1,12,4,6,89,4,None,30.799765899777412,30.799949899781495,661.5007834001444,661.5168510000221,661.5168510000221,662.5167445000261,662.5167445000261,662.5004934002645,31.7997177997604,31.799751699902117,662.5076657999307,662.5167445000261,662.5167445000261,663.5152806001715,663.5152806001715,663.500474399887,stimuli/box_coin_transparent.png,32.799682000186294,32.799705599900335,663.5005316999741,663.5152806001715,664.5165333999321,664.4989824998192,33.798189300112426,,,,,,,,,,,222222,right,no,None,2025-05-07_14h23.42.754,RL_out-of-scanner,2024.2.4,59.99268086513943,2025-05-07 14h23.54.505306 -0500,
7,0,7,space,2.68742260010913,None,5,0.899944799952209,None,33.7994618001394,k,0.3926344998180866,None,None,34.215774700045586,34.21596339996904,36.21618189988658,36.21621159976348,37.215925300028175,37.21595029998571,39.231535700149834,,,,,2,0,2,0,7,0,7,0,664.5165333999321,,,,,,,,,,,,,,,,,,,,,,,,,,,,,,33.7994618001394,664.5002934001386,664.5165333999321,664.5165333999321,664.5165333999321,664.5165333999321,664.9165320000611,k,0.3926344998180866,None,right,1,12,5,6,90,5,None,34.215774700045586,34.21596339996904,664.9167903000489,664.9326523002237,664.9326523002237,666.9337475001812,666.9337475001812,666.916964800097,36.21618189988658,36.21621159976348,666.9241344998591,666.9337475001812,666.9337475001812,667.9330541002564,667.9330541002564,667.9167188000865,stimuli/box_coin_transparent.png,37.215925300028175,37.21595029998571,667.9167764000595,667.9330541002564,669.9497183002532,669.9323284002021,39.231535700149834,,,,,,,,,,,222222,right,no,None,2025-05-07_14h23.42.754,RL_out-of-scanner,2024.2.4,59.99268086513943,2025-05-07 14h23.54.505306 -0500,
8,0,8,space,2.68742260010913,None,5,0.899944799952209,None,39.23263869993389,k,0.32042880030348897,None,None,39.582204800099134,39.58239190001041,42.582409100141376,42.58243419975042,43.58236250001937,43.58238579984754,45.09781489986926,,,,,2,0,2,0,8,0,8,0,669.9497183002532,,,,,,,,,,,,,,,,,,,,,,,,,,,,,,39.23263869993389,669.9334678999148,669.9497183002532,669.9497183002532,669.9497183002532,669.9497183002532,670.2829697998241,k,0.32042880030348897,None,right,1,12,6,6,91,6,None,39.582204800099134,39.58239190001041,670.2832209998742,670.2992886002176,670.2992886002176,673.3002785998397,673.3002785998397,673.2831931998953,42.582409100141376,42.58243419975042,673.2904229001142,673.3002785998397,673.3002785998397,674.2997750998475,674.2997750998475,674.2831573998556,stimuli/box_coin_transparent.png,43.58236250001937,43.58238579984754,674.2832109001465,674.2997750998475,675.8154370002449,675.798608600162,45.09781489986926,,,,,,,,,,,222222,right,no,None,2025-05-07_14h23.42.754,RL_out-of-scanner,2024.2.4,59.99268086513943,2025-05-07 14h23.54.505306 -0500,
9,0,9,space,2.68742260010913,None,5,0.899944799952209,None,45.098967500030994,k,0.3657001997344196,None,None,45.48255799990147,45.482749400194734,46.9817488999106,46.9817821001634,47.981922700069845,47.98194570001215,49.98177050007507,,,,,2,0,2,0,9,0,9,0,675.8154370002449,,,,,,,,,,,,,,,,,,,,,,,,,,,,,,45.098967500030994,675.7997957002372,675.8154370002449,675.8154370002449,675.8154370002449,675.8154370002449,676.183320700191,k,0.3657001997344196,None,right,1,12,7,6,92,7,None,45.48255799990147,45.482749400194734,676.1835771002807,676.1990546002053,676.1990546002053,677.6993149002083,677.6993149002083,677.6825230000541,46.9817488999106,46.9817821001634,677.6900197002105,677.6993149002083,677.6993149002083,678.6992806000635,678.6992806000635,678.682717599906,stimuli/box_coin_transparent.png,47.981922700069845,47.98194570001215,678.6827710000798,678.6992806000635,680.699169700034,680.6825613002293,49.98177050007507,,,,,,,,,,,222222,right,no,None,2025-05-07_14h23.42.754,RL_out-of-scanner,2024.2.4,59.99268086513943,2025-05-07 14h23.54.505306 -0500,
10,0,10,space,2.68742260010913,None,5,0.899944799952209,None,49.98293930012733,k,0.33264510007575154,None,None,50.33287320006639,50.333058199845254,51.83252419997007,51.83255340019241,52.832362100016326,52.8323874999769,53.83457679999992,,,,,2,0,2,0,10,0,10,0,680.699169700034,,,,,,,,,,,,,,,,,,,,,,,,,,,,,,49.98293930012733,680.6837724000216,680.699169700034,680.699169700034,680.699169700034,680.699169700034,681.0336370002478,k,0.33264510007575154,None,right,0,12,7,6,93,7,None,50.33287320006639,50.333058199845254,681.0338848000392,681.0488114999607,681.0488114999607,682.5499514001422,682.5499514001422,682.5333048002794,51.83252419997007,51.83255340019241,682.5392423002049,682.5499514001422,682.5499514001422,683.5482832998969,683.5482832998969,683.5331541998312,stimuli/box_empty_transparent.png,52.832362100016326,52.8323874999769,683.5332150999457,683.5482832998969,684.5526467999443,684.5353688001633,53.83457679999992,,,,,,,,,,,222222,right,no,None,2025-05-07_14h23.42.754,RL_out-of-scanner,2024.2.4,59.99268086513943,2025-05-07 14h23.54.505306 -0500,
11,0,11,space,2.68742260010913,None,5,0.899944799952209,None,53.835727400146425,k,0.3522840002551675,None,None,54.2156418999657,54.21581399999559,56.21547619998455,56.21550519997254,57.21591279981658,57.21593619976193,58.71422669989988,,,,,2,0,2,0,11,0,11,0,684.5526467999443,,,,,,,,,,,,,,,,,,,,,,,,,,,,,,53.835727400146425,684.536560700275,684.5526467999443,684.5526467999443,684.5526467999443,684.5526467999443,684.9164046999067,k,0.3522840002551675,None,right,1,12,8,6,94,8,None,54.2156418999657,54.21581399999559,684.9166417000815,684.9330572001636,684.9330572001636,686.9323762999848,686.9323762999848,686.9162558000535,56.21547619998455,56.21550519997254,686.9235105998814,686.9323762999848,686.9323762999848,,,687.916705199983,stimuli/box_coin_transparent.png,57.21591279981658,57.21593619976193,687.9167618001811,687.9322429001331,689.4331382000819,689.4150211000815,58.71422669989988,,,,,,,,,,,222222,right,no,None,2025-05-07_14h23.42.754,RL_out-of-scanner,2024.2.4,59.99268086513943,2025-05-07 14h23.54.505306 -0500,
12,0,12,space,2.68742260010913,None,5,0.899944799952209,None,58.7152963001281,k,0.455175600014627,None,None,59.1984576000832,59.19864250021055,60.198034199886024,60.19806439988315,61.19833299983293,61.19836110016331,64.19847579998896,,,,,2,0,2,0,12,0,12,0,689.4331382000819,,,,,,,,,,,,,,,,,,,,,,,,,,,,,,58.7152963001281,689.4161249999888,689.4331382000819,689.4331382000819,689.4331382000819,689.4331382000819,689.8992165001109,k,0.455175600014627,None,right,1,12,9,6,95,9,None,59.1984576000832,59.19864250021055,689.8994737002067,689.915294600185,689.915294600185,690.9159551002085,690.9159551002085,690.898816099856,60.198034199886024,60.19806439988315,690.9067583000287,690.9159551002085,690.9159551002085,691.914793800097,691.914793800097,691.8991251001135,stimuli/box_coin_transparent.png,61.19833299983293,61.19836110016331,691.8991890000179,691.914793800097,694.9159347000532,694.8992693000473,64.19847579998896,,,,,,,,,,,222222,right,no,None,2025-05-07_14h23.42.754,RL_out-of-scanner,2024.2.4,59.99268086513943,2025-05-07 14h23.54.505306 -0500,
13,0,13,space,2.68742260010913,None,5,0.899944799952209,None,64.1996750999242,k,0.3398392996750772,None,None,64.5650394000113,64.56533739995211,65.06499700015411,65.06502729980275,66.06529380008578,66.0653197998181,68.06497409986332,,,,,2,0,2,0,13,0,13,0,694.9159347000532,,,,,,,,,,,,,,,,,,,,,,,,,,,,,,64.1996750999242,694.9005073001608,694.9159347000532,694.9159347000532,694.9159347000532,694.9159347000532,695.2657729000784,k,0.3398392996750772,None,right,1,12,10,6,96,10,None,64.5650394000113,64.56533739995211,695.266181900166,695.2816487001255,695.2816487001255,695.782416800037,695.782416800037,695.7657721000724,65.06499700015411,65.06502729980275,695.7727998001501,695.782416800037,695.782416800037,696.7824316001497,696.7824316001497,696.7660840000026,stimuli/box_coin_transparent.png,66.06529380008578,66.0653197998181,696.766147499904,696.7824316001497,698.7818964002654,698.7657683002762,68.06497409986332,,,,,,,,,,,222222,right,no,None,2025-05-07_14h23.42.754,RL_out-of-scanner,2024.2.4,59.99268086513943,2025-05-07 14h23.54.505306 -0500,
14,0,14,space,2.68742260010913,None,5,0.899944799952209,None,68.06605530017987,k,0.36448309989646077,None,None,68.44852680014446,68.44877590006217,69.94872129987925,69.94875669991598,70.94816819997504,70.94819340016693,71.94826060021296,,,,,2,0,2,0,14,0,14,0,698.7818964002654,,,,,,,,,,,,,,,,,,,,,,,,,,,,,,68.06605530017987,698.766884200275,698.7818964002654,698.7818964002654,698.7818964002654,698.7818964002654,699.1492830999196,k,0.36448309989646077,None,right,0,12,10,6,97,10,None,68.44852680014446,68.44877590006217,699.1496104998514,699.1657620002516,699.1657620002516,700.6661910000257,700.6661910000257,700.649496700149,69.94872129987925,69.94875669991598,700.6547870002687,700.6661910000257,700.6661910000257,701.6646320000291,701.6646320000291,701.6489583002403,stimuli/box_empty_transparent.png,70.94816819997504,70.94819340016693,701.6490195998922,701.6646320000291,702.6658272002824,702.6490557002835,71.94826060021296,,,,,,,,,,,222222,right,no,None,2025-05-07_14h23.42.754,RL_out-of-scanner,2024.2.4,59.99268086513943,2025-05-07 14h23.54.505306 -0500,
15,0,15,space,2.68742260010913,None,5,0.899944799952209,None,71.94936490012333,k,0.47449970012530684,None,None,72.44814840005711,72.44835630012676,73.44833739986643,73.44836750021204,74.44822040013969,74.44824350019917,76.44717250019312,,,,,2,0,2,0,15,0,15,0,702.6658272002824,,,,,,,,,,,,,,,,,,,,,,,,,,,,,,71.94936490012333,702.6501933000982,702.6658272002824,702.6658272002824,702.6658272002824,702.6658272002824,703.1489066001959,k,0.47449970012530684,None,right,1,12,11,6,98,11,None,72.44814840005711,72.44835630012676,703.1491865999997,703.1653407001868,703.1653407001868,704.1657417998649,704.1657417998649,704.1491163000464,73.44833739986643,73.44836750021204,704.1566572999582,704.1657417998649,704.1657417998649,705.1644052001648,705.1644052001648,705.1490147002041,stimuli/box_coin_transparent.png,74.44822040013969,74.44824350019917,705.1490682000294,705.1644052001648,707.1652982998639,707.1479640998878,76.44717250019312,,,,,,,,,,,222222,right,no,None,2025-05-07_14h23.42.754,RL_out-of-scanner,2024.2.4,59.99268086513943,2025-05-07 14h23.54.505306 -0500,
16,0,16,space,2.68742260010913,None,5,0.899944799952209,None,76.44833090016618,k,0.33885369962081313,None,None,76.8150067999959,76.8152382997796,78.81465659989044,78.81468609999865,79.81432159990072,79.81434979988262,80.81364609999582,,,,,2,0,2,0,16,0,16,0,707.1652982998639,,,,,,,,,,,,,,,,,,,,,,,,,,,,,,76.44833090016618,707.1491594002582,707.1652982998639,707.1652982998639,707.1652982998639,707.1652982998639,707.5157641000114,k,0.33885369962081313,None,right,0,12,11,6,99,11,None,76.8150067999959,76.8152382997796,707.5160697000101,707.5316269001924,707.5316269001924,709.5321492999792,709.5321492999792,709.5154380998574,78.81465659989044,78.81468609999865,709.5214840001427,709.5321492999792,709.5321492999792,710.530940100085,710.530940100085,710.515113200061,stimuli/box_empty_transparent.png,79.81432159990072,79.81434979988262,710.5151777002029,710.530940100085,711.5313614001498,711.5144381001592,80.81364609999582,,,,,,,,,,,222222,right,no,None,2025-05-07_14h23.42.754,RL_out-of-scanner,2024.2.4,59.99268086513943,2025-05-07 14h23.54.505306 -0500,
17,0,17,space,2.68742260010913,None,5,0.899944799952209,None,80.81482810014859,k,0.3706504004076123,None,None,81.21530470019206,81.21555999992415,82.21481729997322,82.21484800009057,83.21518769999966,83.21522600017488,84.21403050003573,,,,,2,0,2,0,17,0,17,0,711.5313614001498,,,,,,,,,,,,,,,,,,,,,,,,,,,,,,80.81482810014859,711.5156592000276,711.5313614001498,711.5313614001498,711.5313614001498,711.5313614001498,711.9160555000417,k,0.3706504004076123,None,right,1,12,12,6,100,12,None,81.21530470019206,81.21555999992415,711.9163954001851,711.9314129999839,711.9314129999839,712.932475599926,712.932475599926,712.91559829982,82.21481729997322,82.21484800009057,712.9228917001747,712.932475599926,712.932475599926,,,713.9159780000336,stimuli/box_coin_transparent.png,83.21518769999966,83.21522600017488,713.9160549999215,713.9316334002651,714.9316111002117,714.9148222999647,84.21403050003573,,,,,,,,,,,222222,right,no,None,2025-05-07_14h23.42.754,RL_out-of-scanner,2024.2.4,59.99268086513943,2025-05-07 14h23.54.505306 -0500,
18,0,18,space,2.68742260010913,None,5,0.899944799952209,None,84.21522390004247,k,0.4232997000217438,None,None,84.66533630015329,84.66552070016041,88.16451419983059,88.16454550018534,89.16463229991496,89.16465590009466,91.16328039998189,,,,,2,0,2,0,18,0,18,0,714.9316111002117,,,,,,,,,,,,,,,,,,,,,,,,,,,,,,84.21522390004247,714.9160515000112,714.9316111002117,714.9316111002117,714.9316111002117,714.9316111002117,715.3660988998599,k,0.4232997000217438,None,left,1,7,0,7,100,12,None,84.66533630015329,84.66552070016041,715.3663476998918,715.3814607001841,715.3814607001841,718.8812454999425,718.8812454999425,718.8652929998934,88.16451419983059,88.16454550018534,718.871430200059,718.8812454999425,718.8812454999425,,,719.8654252998531,stimuli/box_empty_transparent.png,89.16463229991496,89.16465590009466,719.8654865999706,719.8813702999614,721.881095699966,721.864072300028,91.16328039998189,,,,,,,,,,,222222,right,no,None,2025-05-07_14h23.42.754,RL_out-of-scanner,2024.2.4,59.99268086513943,2025-05-07 14h23.54.505306 -0500,
19,0,19,space,2.68742260010913,None,5,0.899944799952209,None,91.16452129976824,k,0.3307566000148654,None,None,91.51451129978523,91.51472169999033,92.51392460009083,92.51395610021427,93.5316570000723,93.53168509993702,95.03113960009068,,,,,2,0,2,0,19,0,19,0,721.881095699966,,,,,,,,,,,,,,,,,,,,,,,,,,,,,,91.16452129976824,721.8653501002118,721.881095699966,721.881095699966,721.881095699966,721.881095699966,722.2152635999955,k,0.3307566000148654,None,left,1,7,0,7,100,12,None,91.51451129978523,91.51472169999033,722.2155535998754,722.2319443998858,722.2319443998858,723.2327888999134,723.2327888999134,723.2147035002708,92.51392460009083,92.51395610021427,723.22075460013,723.2327888999134,723.2327888999134,,,724.2324467999861,stimuli/box_empty_transparent.png,93.5316570000723,93.53168509993702,724.2325122999027,724.2474728999659,725.7487293998711,725.7319328002632,95.03113960009068,,,,,,,,,,,222222,right,no,None,2025-05-07_14h23.42.754,RL_out-of-scanner,2024.2.4,59.99268086513943,2025-05-07 14h23.54.505306 -0500,
20,0,20,space,2.68742260010913,None,5,0.899944799952209,None,95.03236769977957,j,0.2472685002721846,None,None,95.29824770009145,95.29851539991796,97.2970210001804,97.29705179994926,98.29738090001047,98.29740760009736,100.2968580997549,,,,,2,0,2,0,20,0,20,0,725.7487293998711,,,,,,,,,,,,,,,,,,,,,,,,,,,,,,95.03236769977957,725.7331993002445,725.7487293998711,725.7487293998711,725.7487293998711,725.7487293998711,725.9990058001131,j,0.2472685002721846,None,left,1,7,1,7,101,13,None,95.29824770009145,95.29851539991796,725.9993431000039,726.0142017998733,726.0142017998733,728.0145878000185,728.0145878000185,727.99779890012,97.2970210001804,97.29705179994926,728.004484700039,728.0145878000185,728.0145878000185,,,728.9981729998253,stimuli/box_coin_transparent.png,98.29738090001047,98.29740760009736,728.9982440001331,729.0143766999245,731.0150538999587,730.997639699839,100.2968580997549,,,,,,,,,,,222222,right,no,None,2025-05-07_14h23.42.754,RL_out-of-scanner,2024.2.4,59.99268086513943,2025-05-07 14h23.54.505306 -0500,
21,0,21,space,2.68742260010913,None,5,0.899944799952209,None,100.2980160000734,j,0.3706583003513515,None,None,100.69822790008038,100.69847089983523,103.69698389992118,103.69701249990612,104.69705369975418,104.69708030018955,106.19675129977986,,,,,2,0,2,0,21,0,21,0,731.0150538999587,,,,,,,,,,,,,,,,,,,,,,,,,,,,,,100.2980160000734,730.9988456000574,731.0150538999587,731.0150538999587,731.0150538999587,731.0150538999587,731.3989806999452,j,0.3706583003513515,None,left,0,7,1,7,102,13,None,100.69822790008038,100.69847089983523,731.3992984001525,731.4147208002396,731.4147208002396,734.4147970001213,734.4147970001213,734.3977675000206,103.69698389992118,103.69701249990612,734.4038253999315,734.4147970001213,734.4147970001213,735.4135306999087,735.4135306999087,735.397846000269,stimuli/box_empty_transparent.png,104.69705369975418,104.69708030018955,735.3979083001614,735.4135306999087,736.9144811001606,736.8975454000756,106.19675129977986,,,,,,,,,,,222222,right,no,None,2025-05-07_14h23.42.754,RL_out-of-scanner,2024.2.4,59.99268086513943,2025-05-07 14h23.54.505306 -0500,
22,0,22,space,2.68742260010913,None,5,0.899944799952209,None,106.19793060002849,j,0.3122208002023399,None,None,106.53133489983156,106.53156949998811,108.03027259977534,108.03030460001901,109.02979760011658,109.02982100006193,111.03006529994309,,,,,2,0,2,0,22,0,22,0,736.9144811001606,,,,,,,,,,,,,,,,,,,,,,,,,,,,,,106.19793060002849,736.8987588998862,736.9144811001606,736.9144811001606,736.9144811001606,736.9144811001606,737.2320937002078,j,0.3122208002023399,None,left,1,7,2,7,103,14,None,106.53133489983156,106.53156949998811,737.2323973998427,737.2479695002548,737.2479695002548,738.7476110998541,738.7476110998541,738.7310494999401,108.03027259977534,108.03030460001901,738.7376509001479,738.7476110998541,738.7476110998541,739.7471223999746,739.7471223999746,739.7305918000638,stimuli/box_coin_transparent.png,109.02979760011658,109.02982100006193,739.7306459001265,739.7471223999746,741.7473507998511,741.7308574002236,111.03006529994309,,,,,,,,,,,222222,right,no,None,2025-05-07_14h23.42.754,RL_out-of-scanner,2024.2.4,59.99268086513943,2025-05-07 14h23.54.505306 -0500,
23,0,23,space,2.68742260010913,None,5,0.899944799952209,None,111.03138000005856,j,0.4160438999533653,None,None,111.46421540016308,111.46444950019941,112.96407049987465,112.96409900020808,113.96397399995476,113.9639988001436,115.46269079996273,,,,,2,0,2,0,23,0,23,0,741.7473507998511,,,,,,,,,,,,,,,,,,,,,,,,,,,,,,111.03138000005856,741.7322110999376,741.7473507998511,741.7473507998511,741.7473507998511,741.7473507998511,742.1649739001878,j,0.4160438999533653,None,left,1,7,3,7,104,15,None,111.46421540016308,111.46444950019941,742.1652771001682,742.1808286998421,742.1808286998421,743.6812765998766,743.6812765998766,743.6648542000912,112.96407049987465,112.96409900020808,743.67203840008,743.6812765998766,743.6812765998766,744.6802201000974,744.6802201000974,744.6647671000101,stimuli/box_coin_transparent.png,113.96397399995476,113.9639988001436,744.6648241002113,744.6802201000974,746.1807042998262,746.1634868001565,115.46269079996273,,,,,,,,,,,222222,right,no,None,2025-05-07_14h23.42.754,RL_out-of-scanner,2024.2.4,59.99268086513943,2025-05-07 14h23.54.505306 -0500,
24,0,24,space,2.68742260010913,None,5,0.899944799952209,None,115.4637712999247,j,0.5321667003445327,None,None,116.01434849994257,116.01462179981172,118.01300199981779,118.01303099980578,119.01312140002847,119.0131508000195,120.5135786999017,,,,,2,0,2,0,24,0,24,0,746.1807042998262,,,,,,,,,,,,,,,,,,,,,,,,,,,,,,115.4637712999247,746.164599600248,746.1807042998262,746.1807042998262,746.1807042998262,746.1807042998262,746.7151060001925,j,0.5321667003445327,None,left,1,7,4,7,105,16,None,116.01434849994257,116.01462179981172,746.7154537001625,746.7302212999202,746.7302212999202,748.7309924000874,748.7309924000874,748.7137839002535,118.01300199981779,118.01303099980578,748.72132290015,748.7309924000874,748.7309924000874,749.7294172998518,749.7294172998518,749.7139102001674,stimuli/box_coin_transparent.png,119.01312140002847,119.0131508000195,749.7139834999107,749.7294172998518,751.2311170999892,751.2143720001914,120.5135786999017,,,,,,,,,,,222222,right,no,None,2025-05-07_14h23.42.754,RL_out-of-scanner,2024.2.4,59.99268086513943,2025-05-07 14h23.54.505306 -0500,
25,0,25,space,2.68742260010913,None,5,0.899944799952209,None,120.5148272998631,j,0.5311036999337375,None,None,121.06386190000921,121.064100000076,122.0631686002016,122.06319670006633,123.063486199826,123.06351279979572,126.56269210018218,,,,,2,0,2,0,25,0,25,0,751.2311170999892,,,,,,,,,,,,,,,,,,,,,,,,,,,,,,120.5148272998631,751.2156587000936,751.2311170999892,751.2311170999892,751.2311170999892,751.2311170999892,751.7646261001937,j,0.5311036999337375,None,left,1,7,5,7,106,17,None,121.06386190000921,121.064100000076,751.7649278002791,751.7803647001274,751.7803647001274,752.7807753002271,752.7807753002271,752.7639501001686,122.0631686002016,122.06319670006633,752.7713764002547,752.7807753002271,752.7807753002271,,,753.7642769999802,stimuli/box_coin_transparent.png,123.063486199826,123.06351279979572,753.764341100119,753.7796634999104,757.2805174998939,757.263485299889,126.56269210018218,,,,,,,,,,,222222,right,no,None,2025-05-07_14h23.42.754,RL_out-of-scanner,2024.2.4,59.99268086513943,2025-05-07 14h23.54.505306 -0500,
26,0,26,space,2.68742260010913,None,5,0.899944799952209,None,126.56390189984813,j,0.6204953999258578,None,None,127.21307880012318,127.21329549979419,127.71289339987561,127.71292359987274,128.71341719990596,128.71344400011003,132.21246670000255,,,,,2,0,2,0,26,0,26,0,757.2805174998939,,,,,,,,,,,,,,,,,,,,,,,,,,,,,,126.56390189984813,757.2647337000817,757.2805174998939,757.2805174998939,757.2805174998939,757.2805174998939,757.9138361001387,j,0.6204953999258578,None,left,1,7,6,7,107,18,None,127.21307880012318,127.21329549979419,757.9141262001358,757.9295433000661,757.9295433000661,758.4311124002561,758.4311124002561,758.4136729999445,127.71289339987561,127.71292359987274,758.4211181998253,758.4311124002561,758.4311124002561,,,759.4142070999369,stimuli/box_coin_transparent.png,128.71341719990596,128.71344400011003,759.4142741002142,759.4300571000203,762.9309248002246,762.9132618000731,132.21246670000255,,,,,,,,,,,222222,right,no,None,2025-05-07_14h23.42.754,RL_out-of-scanner,2024.2.4,59.99268086513943,2025-05-07 14h23.54.505306 -0500,
27,0,27,space,2.68742260010913,None,5,0.899944799952209,None,132.21363830007613,j,0.31732850009575486,None,None,132.56336789997295,132.563602599781,134.06297700013965,134.06300539989024,135.06312849977985,135.0631531998515,136.06259019998834,,,,,2,0,2,0,27,0,27,0,762.9309248002246,,,,,,,,,,,,,,,,,,,,,,,,,,,,,,132.21363830007613,762.9144700001925,762.9309248002246,762.9309248002246,762.9309248002246,762.9309248002246,763.2641328000464,j,0.31732850009575486,None,left,0,7,6,7,108,18,None,132.56336789997295,132.563602599781,763.2644341001287,763.2805437999777,763.2805437999777,764.780583600048,764.780583600048,764.7637590998784,134.06297700013965,134.06300539989024,764.7700343001634,764.780583600048,764.780583600048,,,765.7639202000573,stimuli/box_empty_transparent.png,135.06312849977985,135.0631531998515,765.7639823998325,765.7794292001054,766.7796915001236,766.7633825000376,136.06259019998834,,,,,,,,,,,222222,right,no,None,2025-05-07_14h23.42.754,RL_out-of-scanner,2024.2.4,59.99268086513943,2025-05-07 14h23.54.505306 -0500,
28,0,28,space,2.68742260010913,None,5,0.899944799952209,None,136.06378149986267,j,0.3866865001618862,None,None,136.47982699982822,136.48007400007918,137.47956930007786,137.47960129985586,138.4791568000801,138.47918159980327,141.9785310998559,,,,,2,0,2,0,28,0,28,0,766.7796915001236,,,,,,,,,,,,,,,,,,,,,,,,,,,,,,136.06378149986267,766.7646103999577,766.7796915001236,766.7796915001236,766.7796915001236,766.7796915001236,767.1805857000872,j,0.3866865001618862,None,left,1,7,7,7,109,19,None,136.47982699982822,136.48007400007918,767.1809017001651,767.1971558001824,767.1971558001824,768.1971851000562,768.1971851000562,768.1803481001407,137.47956930007786,137.47960129985586,768.1876224000007,768.1971851000562,768.1971851000562,769.1964199999347,769.1964199999347,769.1799495001324,stimuli/box_coin_transparent.png,138.4791568000801,138.47918159980327,769.1800064998679,769.1964199999347,772.6962075000629,772.6793247000314,141.9785310998559,,,,,,,,,,,222222,right,no,None,2025-05-07_14h23.42.754,RL_out-of-scanner,2024.2.4,59.99268086513943,2025-05-07 14h23.54.505306 -0500,
29,0,29,space,2.68742260010913,None,5,0.899944799952209,None,141.97966710012406,j,0.48077129991725087,None,None,142.4793103998527,142.47954439977184,144.47992079984397,144.47995219985023,145.49547600001097,145.49550580000505,146.49570610001683,,,,,2,0,2,0,29,0,29,0,772.6962075000629,,,,,,,,,,,,,,,,,,,,,,,,,,,,,,141.97966710012406,772.6805034000427,772.6962075000629,772.6962075000629,772.6962075000629,772.6962075000629,773.1800732002594,j,0.48077129991725087,None,right,1,8,0,8,109,19,None,142.4793103998527,142.47954439977184,773.1803720002063,773.196400300134,773.196400300134,775.1970179001801,775.1970179001801,775.1806985000148,144.47992079984397,144.47995219985023,775.1871028998867,775.1970179001801,775.1970179001801,,,776.1962620001286,stimuli/box_empty_transparent.png,145.49547600001097,145.49550580000505,776.1963408999145,776.2123504001647,777.213340099901,777.19650059985,146.49570610001683,,,,,,,,,,,222222,right,no,None,2025-05-07_14h23.42.754,RL_out-of-scanner,2024.2.4,59.99268086513943,2025-05-07 14h23.54.505306 -0500,
30,0,30,space,2.68742260010913,None,5,0.899944799952209,None,146.49697470013052,j,0.37737359991297126,None,None,146.89586200006306,146.8961391998455,147.89620329998434,147.8962451000698,148.89570860005915,148.89573210012168,149.89548920001835,,,,,2,0,2,0,30,0,30,0,777.213340099901,,,,,,,,,,,,,,,,,,,,,,,,,,,,,,146.49697470013052,777.1978054000065,777.213340099901,777.213340099901,777.213340099901,777.213340099901,777.5966190001927,j,0.37737359991297126,None,right,1,8,0,8,109,19,None,146.89586200006306,146.8961391998455,777.5969704999588,777.6128571000881,777.6128571000881,778.613673500251,778.613673500251,778.5969742001034,147.89620329998434,147.8962451000698,778.603017100133,778.613673500251,778.613673500251,779.6121145999059,779.6121145999059,779.5965013001114,stimuli/box_empty_transparent.png,148.89570860005915,148.89573210012168,779.5965591999702,779.6121145999059,780.6131867999211,780.5962839000858,149.89548920001835,,,,,,,,,,,222222,right,no,None,2025-05-07_14h23.42.754,RL_out-of-scanner,2024.2.4,59.99268086513943,2025-05-07 14h23.54.505306 -0500,
31,0,31,space,2.68742260010913,None,5,0.899944799952209,None,149.89722999976948,k,0.36975769978016615,None,None,150.29577670013532,150.29596620006487,153.2962639001198,153.29629349987954,154.29627729998901,154.29631019989029,156.79514349997044,,,,,2,0,2,0,31,0,31,0,780.6131867999211,,,,,,,,,,,,,,,,,,,,,,,,,,,,,,149.89722999976948,780.5980583000928,780.6131867999211,780.6131867999211,780.6131867999211,780.6131867999211,780.9965391000733,k,0.36975769978016615,None,right,1,8,1,8,110,20,None,150.29577670013532,150.29596620006487,780.9967927001417,781.0133457998745,781.0133457998745,784.0135258999653,784.0135258999653,783.9970463998616,153.2962639001198,153.29629349987954,784.0043040001765,784.0135258999653,784.0135258999653,785.0124955000356,785.0124955000356,784.9970662998967,stimuli/box_coin_transparent.png,154.29627729998901,154.29631019989029,784.9971353001893,785.0124955000356,787.5126764001325,787.4959391001612,156.79514349997044,,,,,,,,,,,222222,right,no,None,2025-05-07_14h23.42.754,RL_out-of-scanner,2024.2.4,59.99268086513943,2025-05-07 14h23.54.505306 -0500,
32,0,32,space,2.68742260010913,None,5,0.899944799952209,None,156.79617869993672,k,0.39818349992856383,None,None,157.21271790005267,157.2129290997982,158.2121239998378,158.2121526999399,159.21181809995323,159.2118449001573,160.2111888001673,,,,,2,0,2,0,32,0,32,0,787.5126764001325,,,,,,,,,,,,,,,,,,,,,,,,,,,,,,156.79617869993672,787.4970056000166,787.5126764001325,787.5126764001325,787.5126764001325,787.5126764001325,787.91348200012,k,0.39818349992856383,None,right,1,8,2,8,111,21,None,157.21271790005267,157.2129290997982,787.9137567002326,787.929455100093,787.929455100093,788.9291777000763,788.9291777000763,788.9129051002674,158.2121239998378,158.2121526999399,788.9201620002277,788.9291777000763,788.9291777000763,789.9283977998421,789.9283977998421,789.9126090998761,stimuli/box_coin_transparent.png,159.21181809995323,159.2118449001573,789.9126730002463,789.9283977998421,790.9285565000027,790.9119831002317,160.2111888001673,,,,,,,,,,,222222,right,no,None,2025-05-07_14h23.42.754,RL_out-of-scanner,2024.2.4,59.99268086513943,2025-05-07 14h23.54.505306 -0500,
33,0,33,space,2.68742260010913,None,5,0.899944799952209,None,160.21228379989043,k,0.3949568998068571,None,None,160.62889649998397,160.62910850020126,162.62843629997224,162.62846609996632,163.62827910017222,163.6283060000278,165.12788450019434,,,,,2,0,2,0,33,0,33,0,790.9285565000027,,,,,,,,,,,,,,,,,,,,,,,,,,,,,,160.21228379989043,790.9131128001027,790.9285565000027,790.9285565000027,790.9285565000027,790.9285565000027,791.3296528002247,k,0.3949568998068571,None,right,1,8,3,8,112,22,None,160.62889649998397,160.62910850020126,791.3299392000772,791.345341600012,791.345341600012,793.3459021998569,793.3459021998569,793.3292195000686,162.62843629997224,162.62846609996632,793.336358900182,793.3459021998569,793.3459021998569,794.3446553000249,794.3446553000249,794.3290706002153,stimuli/box_coin_transparent.png,163.62827910017222,163.6283060000278,794.3291334998794,794.3446553000249,795.8458556998521,795.828674999997,165.12788450019434,,,,,,,,,,,222222,right,no,None,2025-05-07_14h23.42.754,RL_out-of-scanner,2024.2.4,59.99268086513943,2025-05-07 14h23.54.505306 -0500,
34,0,34,space,2.68742260010913,None,5,0.899944799952209,None,165.12914959993213,k,0.40755699994042516,None,None,165.5622745999135,165.56247630016878,168.5619928999804,168.56202729977667,169.56222900003195,169.5622523999773,172.0777667001821,,,,,2,0,2,0,34,0,34,0,795.8458556998521,,,,,,,,,,,,,,,,,,,,,,,,,,,,,,165.12914959993213,795.8299811999314,795.8458556998521,795.8458556998521,795.8458556998521,795.8458556998521,796.263031499926,k,0.40755699994042516,None,right,1,8,4,8,113,23,None,165.5622745999135,165.56247630016878,796.2633064999245,796.2789381002076,796.2789381002076,799.2802293002605,799.2802293002605,799.262768200133,168.5619928999804,168.56202729977667,799.2699326002039,799.2802293002605,799.2802293002605,800.2792454999872,800.2792454999872,800.2630246998742,stimuli/box_coin_transparent.png,169.56222900003195,169.5622523999773,800.2630757000297,800.2792454999872,802.7957886001095,802.778560299892,172.0777667001821,,,,,,,,,,,222222,right,no,None,2025-05-07_14h23.42.754,RL_out-of-scanner,2024.2.4,59.99268086513943,2025-05-07 14h23.54.505306 -0500,
35,0,35,space,2.68742260010913,None,5,0.899944799952209,None,172.0789598999545,k,0.433731900062412,None,None,172.545052499976,172.5452386001125,174.04546440020204,174.0454930998385,175.0626853001304,175.06271259998903,176.06134490016848,,,,,2,0,2,0,35,0,35,0,802.7957886001095,,,,,,,,,,,,,,,,,,,,,,,,,,,,,,172.0789598999545,802.7797925998457,802.7957886001095,802.7957886001095,802.7957886001095,802.7957886001095,803.2458103001118,k,0.433731900062412,None,right,1,8,5,8,114,24,None,172.545052499976,172.5452386001125,803.2460679002106,803.2618030998856,803.2618030998856,804.7631975999102,804.7631975999102,804.7462472999468,174.04546440020204,174.0454930998385,804.7536125001498,804.7631975999102,804.7631975999102,,,805.7634761999361,stimuli/box_coin_transparent.png,175.0626853001304,175.06271259998903,805.7635420998558,805.7780275000259,806.7792453002185,806.7621376998723,176.06134490016848,,,,,,,,,,,222222,right,no,None,2025-05-07_14h23.42.754,RL_out-of-scanner,2024.2.4,59.99268086513943,2025-05-07 14h23.54.505306 -0500,
36,0,36,space,2.68742260010913,None,5,0.899944799952209,None,176.06253879982978,k,0.43412029976025224,None,None,176.5287839998491,176.52899499982595,178.02827760018408,178.02831210009754,179.02830869983882,179.0283361999318,182.5278365998529,,,,,2,0,2,0,36,0,36,0,806.7792453002185,,,,,,,,,,,,,,,,,,,,,,,,,,,,,,176.06253879982978,806.7633675001562,806.7792453002185,806.7792453002185,806.7792453002185,806.7792453002185,807.2295404998586,k,0.43412029976025224,None,right,0,8,5,8,115,24,None,176.5287839998491,176.52899499982595,807.2298254002817,807.2450438002124,807.2450438002124,808.7454305002466,808.7454305002466,808.7290492998436,178.02827760018408,178.02831210009754,808.7343311002478,808.7454305002466,808.7454305002466,809.74442490004,809.74442490004,809.7291008001193,stimuli/box_empty_transparent.png,179.02830869983882,179.0283361999318,809.7291641002521,809.74442490004,813.2451714002527,813.2286308002658,182.5278365998529,,,,,,,,,,,222222,right,no,None,2025-05-07_14h23.42.754,RL_out-of-scanner,2024.2.4,59.99268086513943,2025-05-07 14h23.54.505306 -0500,
37,0,37,space,2.68742260010913,None,5,0.899944799952209,None,182.52903490001336,k,0.37115459982305765,None,None,182.9286843999289,182.92888989998028,184.928356599994,184.92839010013267,185.9285768000409,185.92860199976712,186.9273860999383,,,,,2,0,2,0,37,0,37,0,813.2451714002527,,,,,,,,,,,,,,,,,,,,,,,,,,,,,,182.52903490001336,813.2298635002226,813.2451714002527,813.2451714002527,813.2451714002527,813.2451714002527,813.629447599873,k,0.37115459982305765,None,right,1,8,6,8,116,25,None,182.9286843999289,182.92888989998028,813.6297178999521,813.6451115999371,813.6451115999371,815.6459074998274,815.6459074998274,815.6291245999746,184.928356599994,184.92839010013267,815.6358969002031,815.6459074998274,815.6459074998274,816.6452191001736,816.6452191001736,816.6293688002042,stimuli/box_coin_transparent.png,185.9285768000409,185.92860199976712,816.6294275000691,816.6452191001736,817.645242200233,817.6281777000986,186.9273860999383,,,,,,,,,,,222222,right,no,None,2025-05-07_14h23.42.754,RL_out-of-scanner,2024.2.4,59.99268086513943,2025-05-07 14h23.54.505306 -0500,
38,0,38,space,2.68742260010913,None,5,0.899944799952209,None,186.92861060006544,k,0.6236387998797,None,None,187.57906740019098,187.57924980018288,188.57759709982201,188.57762760017067,189.5775549998507,189.57758209994063,191.0777831999585,,,,,2,0,2,0,38,0,38,0,817.645242200233,,,,,,,,,,,,,,,,,,,,,,,,,,,,,,186.92861060006544,817.6294455998577,817.645242200233,817.645242200233,817.645242200233,817.645242200233,818.279831300024,k,0.6236387998797,None,right,0,8,6,8,117,25,None,187.57906740019098,187.57924980018288,818.2800763999112,818.2948277001269,818.2948277001269,819.2950956998393,819.2950956998393,819.2783766002394,188.57759709982201,188.57762760017067,819.284009499941,819.2950956998393,819.2950956998393,820.2940203002654,820.2940203002654,820.2783445999958,stimuli/box_empty_transparent.png,189.5775549998507,189.57758209994063,820.2784112999216,820.2940203002654,821.7947241999209,821.7785760001279,191.0777831999585,,,,,,,,,,,222222,right,no,None,2025-05-07_14h23.42.754,RL_out-of-scanner,2024.2.4,59.99268086513943,2025-05-07 14h23.54.505306 -0500,
39,0,39,space,2.68742260010913,None,5,0.899944799952209,None,191.07894580019638,k,0.5367322000674903,None,None,191.64528020005673,191.64546249993145,192.64470419986174,192.64473300008103,193.64470349997282,193.64472729992121,194.64362839981914,,,,,2,0,2,0,39,0,39,0,821.7947241999209,,,,,,,,,,,,,,,,,,,,,,,,,,,,,,191.07894580019638,821.7797745000571,821.7947241999209,821.7947241999209,821.7947241999209,821.7947241999209,822.3460444002412,k,0.5367322000674903,None,right,1,8,7,8,118,26,None,191.64528020005673,191.64546249993145,822.3462894000113,822.3614505999722,822.3614505999722,823.3619972998276,823.3619972998276,823.345486599952,192.64470419986174,192.64473300008103,823.3530549998395,823.3619972998276,823.3619972998276,824.3611416001804,824.3611416001804,824.3454978000373,stimuli/box_coin_transparent.png,193.64470349997282,193.64472729992121,824.3455517999828,824.3611416001804,825.3610936999321,825.3444228000008,194.64362839981914,,,,,,,,,,,222222,right,no,None,2025-05-07_14h23.42.754,RL_out-of-scanner,2024.2.4,59.99268086513943,2025-05-07 14h23.54.505306 -0500,
40,0,40,space,2.68742260010913,None,5,0.899944799952209,None,194.6447919998318,k,0.38617199985310435,None,None,195.06148569984362,195.0617066998966,196.56131959985942,196.5613516997546,197.57760429987684,197.57762910006568,198.5770596000366,,,,,2,0,2,0,40,0,40,0,825.3610936999321,,,,,,,,,,,,,,,,,,,,,,,,,,,,,,194.6447919998318,825.3456251998432,825.3610936999321,825.3610936999321,825.3610936999321,825.3610936999321,825.7622433998622,k,0.38617199985310435,None,right,1,8,8,8,119,27,None,195.06148569984362,195.0617066998966,825.7625372000039,825.7784628998488,825.7784628998488,827.2790973000228,827.2790973000228,827.2620979999192,196.56131959985942,196.5613516997546,827.2697343998589,827.2790973000228,827.2790973000228,,,828.2783957002684,stimuli/box_coin_transparent.png,197.57760429987684,197.57762910006568,828.278454199899,828.2945143999532,829.2947076000273,829.2778536998667,198.5770596000366,,,,,,,,,,,222222,right,no,None,2025-05-07_14h23.42.754,RL_out-of-scanner,2024.2.4,59.99268086513943,2025-05-07 14h23.54.505306 -0500,
41,0,41,space,2.68742260010913,None,5,0.899944799952209,None,198.5781486001797,k,0.4468443999066949,None,None,199.0446492000483,199.04483480006456,200.04511249996722,200.04514410020784,201.0608828999102,201.0609066002071,204.0766897997819,,,,,2,0,2,0,41,0,41,0,829.2947076000273,,,,,,,,,,,,,,,,,,,,,,,,,,,,,,198.5781486001797,829.2789771999232,829.2947076000273,829.2947076000273,829.2947076000273,829.2947076000273,829.7454127999954,k,0.4468443999066949,None,left,1,15,0,9,119,27,None,199.0446492000483,199.04483480006456,829.7456733002327,829.7614520001225,829.7614520001225,830.7621410000138,830.7621410000138,830.7458927999251,200.04511249996722,200.04514410020784,830.751956500113,830.7621410000138,830.7621410000138,,,831.7616750998423,stimuli/box_empty_transparent.png,201.0608828999102,201.0609066002071,831.7617323999293,831.7785101002082,834.7944153002463,834.7774848002009,204.0766897997819,,,,,,,,,,,222222,right,no,None,2025-05-07_14h23.42.754,RL_out-of-scanner,2024.2.4,59.99268086513943,2025-05-07 14h23.54.505306 -0500,
42,0,42,space,2.68742260010913,None,5,0.899944799952209,None,204.07776950020343,k,0.3460583998821676,None,None,204.44495530007407,204.44514379976317,206.44432300003245,206.44435219978914,207.44400859996676,207.44403469981626,210.94316639984027,,,,,2,0,2,0,42,0,42,0,834.7944153002463,,,,,,,,,,,,,,,,,,,,,,,,,,,,,,204.07776950020343,834.7785979998298,834.7944153002463,834.7944153002463,834.7944153002463,834.7944153002463,835.1457203999162,k,0.3460583998821676,None,left,1,15,0,9,119,27,None,204.44495530007407,204.44514379976317,835.1459707999602,835.1620228998363,835.1620228998363,837.1620102999732,837.1620102999732,837.1451028999873,206.44432300003245,206.44435219978914,837.1512493998744,837.1620102999732,837.1620102999732,838.160553699825,838.160553699825,838.1448010001332,stimuli/box_empty_transparent.png,207.44400859996676,207.44403469981626,838.1448606001213,838.160553699825,841.713267300278,841.6439561001025,210.94316639984027,,,,,,,,,,,222222,right,no,None,2025-05-07_14h23.42.754,RL_out-of-scanner,2024.2.4,59.99268086513943,2025-05-07 14h23.54.505306 -0500,
43,0,43,space,2.68742260010913,None,5,0.899944799952209,None,210.94441669993103,j,0.32169899996370077,None,None,211.34446159983054,211.34471570001915,212.34404370002449,212.3440740997903,213.3439162997529,213.34394080005586,215.3427883000113,,,,,2,0,2,0,43,0,43,0,841.713267300278,,,,,,,,,,,,,,,,,,,,,,,,,,,,,,210.94441669993103,841.6452478999272,841.713267300278,841.713267300278,841.713267300278,841.713267300278,842.0452247001231,j,0.32169899996370077,None,left,1,15,1,9,120,28,None,211.34446159983054,211.34471570001915,842.0455471002497,842.0606964998879,842.0606964998879,843.061438600067,843.061438600067,843.0448239999823,212.34404370002449,212.3440740997903,843.0520811998285,843.061438600067,843.061438600067,844.0601511001587,844.0601511001587,844.0447102999315,stimuli/box_coin_transparent.png,213.3439162997529,213.34394080005586,844.0447660000063,844.0601511001587,846.0612690001726,846.0435839998536,215.3427883000113,,,,,,,,,,,222222,right,no,None,2025-05-07_14h23.42.754,RL_out-of-scanner,2024.2.4,59.99268086513943,2025-05-07 14h23.54.505306 -0500,
44,0,44,space,2.68742260010913,None,5,0.899944799952209,None,215.34388450020924,j,0.3437370997853577,None,None,215.71118329977617,215.71139909978956,218.21043130010366,218.21046030009165,219.21013880008832,219.21016609994695,221.22600159980357,,,,,2,0,2,0,44,0,44,0,846.0612690001726,,,,,,,,,,,,,,,,,,,,,,,,,,,,,,215.34388450020924,846.0447129001841,846.0612690001726,846.0612690001726,846.0612690001726,846.0612690001726,846.4119358002208,j,0.3437370997853577,None,left,0,15,1,9,121,28,None,215.71118329977617,215.71139909978956,846.4122262001038,846.4274699999951,846.4274699999951,848.9278390002437,848.9278390002437,848.9112136000767,218.21043130010366,218.21046030009165,848.9172028000467,848.9278390002437,848.9278390002437,849.9276971998625,849.9276971998625,849.9109306000173,stimuli/box_empty_transparent.png,219.21013880008832,219.21016609994695,849.9109944999218,849.9276971998625,851.9440319002606,851.9267975999974,221.22600159980357,,,,,,,,,,,222222,right,no,None,2025-05-07_14h23.42.754,RL_out-of-scanner,2024.2.4,59.99268086513943,2025-05-07 14h23.54.505306 -0500,
45,0,45,space,2.68742260010913,None,5,0.899944799952209,None,221.22725549992174,j,0.2895980002358556,None,None,221.5445269998163,221.54477360006422,222.54500370007008,222.54503710009158,223.54362720018253,223.5436563999392,224.54331280011684,,,,,2,0,2,0,45,0,45,0,851.9440319002606,,,,,,,,,,,,,,,,,,,,,,,,,,,,,,221.22725549992174,851.9280825001188,851.9440319002606,851.9440319002606,851.9440319002606,851.9440319002606,852.2452882998623,j,0.2895980002358556,None,left,0,15,1,9,122,28,None,221.5445269998163,221.54477360006422,852.2456069001928,852.2609550999478,852.2609550999478,853.2611309001222,853.2611309001222,853.2457809001207,222.54500370007008,222.54503710009158,853.2522467998788,853.2611309001222,853.2611309001222,854.2599714999087,854.2599714999087,854.2444184999913,stimuli/box_empty_transparent.png,223.54362720018253,223.5436563999392,854.2444817000069,854.2599714999087,855.2606660998426,855.2441070000641,224.54331280011684,,,,,,,,,,,222222,right,no,None,2025-05-07_14h23.42.754,RL_out-of-scanner,2024.2.4,59.99268086513943,2025-05-07 14h23.54.505306 -0500,
46,0,46,space,2.68742260010913,None,5,0.899944799952209,None,224.54447859991342,k,0.2808845001272857,None,None,224.84384439978749,224.84406250016764,226.8432554998435,226.84328750008717,227.86066929996014,227.86070990003645,228.85922850016505,,,,,2,0,2,0,46,0,46,0,855.2606660998426,,,,,,,,,,,,,,,,,,,,,,,,,,,,,,224.54447859991342,855.2453069002368,855.2606660998426,855.2606660998426,855.2606660998426,855.2606660998426,855.5446025999263,k,0.2808845001272857,None,left,0,15,1,9,122,28,None,224.84384439978749,224.84406250016764,855.5448953998275,855.5607091998681,855.5607091998681,857.561447400134,857.561447400134,857.5440345001407,226.8432554998435,226.84328750008717,857.5497628999874,857.561447400134,857.561447400134,,,858.5614518001676,stimuli/box_empty_transparent.png,227.86066929996014,227.86070990003645,858.5615528002381,858.5765219000168,859.5767367999069,859.560018800199,228.85922850016505,,,,,,,,,,,222222,right,no,None,2025-05-07_14h23.42.754,RL_out-of-scanner,2024.2.4,59.99268086513943,2025-05-07 14h23.54.505306 -0500,
47,0,47,space,2.68742260010913,None,5,0.899944799952209,None,228.86040699994192,j,0.7087996997870505,None,None,229.5942496000789,229.5944996001199,232.5940739000216,232.5941038997844,233.59408409986645,233.59410770004615,235.0931369997561,,,,,2,0,2,0,47,0,47,0,859.5767367999069,,,,,,,,,,,,,,,,,,,,,,,,,,,,,,228.86040699994192,859.5612383000553,859.5767367999069,859.5767367999069,859.5767367999069,859.5767367999069,860.2950050001964,j,0.7087996997870505,None,left,1,15,2,9,123,29,None,229.5942496000789,229.5944996001199,860.2953305998817,860.3102343999781,860.3102343999781,863.3108538002707,863.3108538002707,863.2948548998684,232.5940739000216,232.5941038997844,863.3023975999095,863.3108538002707,863.3108538002707,864.3097788998857,864.3097788998857,864.2948775999248,stimuli/box_coin_transparent.png,233.59408409986645,233.59410770004615,864.2949331998825,864.3097788998857,865.8101413999684,865.7939303000458,235.0931369997561,,,,,,,,,,,222222,right,no,None,2025-05-07_14h23.42.754,RL_out-of-scanner,2024.2.4,59.99268086513943,2025-05-07 14h23.54.505306 -0500,
48,0,48,space,2.68742260010913,None,5,0.899944799952209,None,235.09440749976784,j,0.3524404000490904,None,None,235.47706090006977,235.4773009000346,236.99367830017582,236.9937081998214,237.99340829998255,237.9934316999279,241.49234159989282,,,,,2,0,2,0,48,0,48,0,865.8101413999684,,,,,,,,,,,,,,,,,,,,,,,,,,,,,,235.09440749976784,865.7952415999025,865.8101413999684,865.8101413999684,865.8101413999684,865.8101413999684,866.177813900169,j,0.3524404000490904,None,left,1,15,3,9,124,30,None,235.47706090006977,235.4773009000346,866.1781357000582,866.1955689000897,866.1955689000897,867.710703600198,867.710703600198,867.6944595002569,236.99367830017582,236.9937081998214,867.7017498998903,867.710703600198,867.710703600198,868.7098051998764,868.7098051998764,868.6942035998218,stimuli/box_coin_transparent.png,237.99340829998255,237.9934316999279,868.6942568002269,868.7098051998764,872.2107763001695,872.1931357001886,241.49234159989282,,,,,,,,,,,222222,right,no,None,2025-05-07_14h23.42.754,RL_out-of-scanner,2024.2.4,59.99268086513943,2025-05-07 14h23.54.505306 -0500,
49,0,49,space,2.68742260010913,None,5,0.899944799952209,None,241.49354329984635,j,0.41898590000346303,None,None,241.94377460004762,241.94401009986177,243.45964770019054,243.45967729995027,244.45992260007188,244.4599469001405,244.46019859984517,,,,,2,0,2,0,49,0,49,0,872.2107763001695,,,,,,,,,,,,,,,,,,,,,,,,,,,,,,241.49354329984635,872.1943752001971,872.2107763001695,872.2107763001695,872.2107763001695,872.2107763001695,872.6445396998897,j,0.41898590000346303,None,left,1,15,4,9,125,31,None,241.94377460004762,241.94401009986177,872.6448375000618,872.6608929000795,872.6608929000795,874.1765176001936,874.1765176001936,874.1604222999886,243.45964770019054,243.45967729995027,874.1675908998586,874.1765176001936,874.1765176001936,875.1761604999192,875.1761604999192,875.160716699902,stimuli/box_coin_transparent.png,244.45992260007188,244.4599469001405,875.160772100091,875.1761604999192,875.1761604999192,875.1609995001927,244.46019859984517,,,,,,,,,,,222222,right,no,None,2025-05-07_14h23.42.754,RL_out-of-scanner,2024.2.4,59.99268086513943,2025-05-07 14h23.54.505306 -0500,
2,0,2,space,2.68742260010913,None,5,0.899944799952209,None,,,,,,,,,,,,,,,,,2,0,2,0,,,,,,,,,,,,,,,,,,,,,,,,,,,,,,,,,,,,,,,,,,,,,,,,,,,,,,,,,,,,,,,,,,,,,,,,,,,,,875.1705419998616,875.1761604999192,879.176437899936,879.1600096002221,879.1600538999774,879.176437899936,934.2410889002495,934.2247704002075,,,222222,right,no,None,2025-05-07_14h23.42.754,RL_out-of-scanner,2024.2.4,59.99268086513943,2025-05-07 14h23.54.505306 -0500,
,,,,,,,,,,,,,,,,,,,,,,,,,,,,,,,,,,,,,,,,,,,,,,,,,,,,,,,,,,,,,,,,,,,,,,,,,,,,,,,,,,,,,,,,,,,,,,,,,,,,,,,,,,,,,,,,,934.2248607999645,934.2250636001118,222222,right,no,None,2025-05-07_14h23.42.754,RL_out-of-scanner,2024.2.4,59.99268086513943,2025-05-07 14h23.54.505306 -0500,
