thisN,thisTrialN,thisRepN,cue_resp_lp.keys,cue_resp_lp.rt,cue_resp_lp.duration,cue_resp_rp.keys,cue_resp_rp.rt,cue_resp_rp.duration,advance_press.keys,advance_press.rt,advance_press.duration,trigger_value.keys,trigger_value.rt,trigger_value.duration,cueOnTime,cue_resp.keys,cue_resp.rt,cue_resp.duration,all_keys.keys,cueOffTime,cueRespOnTime,cueRespOffTime,outcomeOnTime,outcomeOffTime,fixOnTime,fixOffTime,all_keys.rt,all_keys.duration,practice_loop.thisRepN,practice_loop.thisTrialN,practice_loop.thisN,practice_loop.thisIndex,runs.thisRepN,runs.thisTrialN,runs.thisN,runs.thisIndex,trials.thisRepN,trials.thisTrialN,trials.thisN,trials.thisIndex,thisRow.t,notes,prac_dir.started,welcome_text.started,advance_press_pd.started,prac_dir.stopped,advance_press_pd.keys,advance_press_pd.rt,advance_press_pd.duration,prac_left.started,left_box_lp.started,right_box_lp.started,cue_resp_lp.started,prac_left_text.started,prac_left.stopped,practice_loop.cue_resp_lp.keys,practice_loop.cue_resp_lp.rt,practice_loop.cue_resp_lp.duration,prac_left_response.started,left_box_lr.started,right_box_lr.started,prac_left_response.stopped,prac_right.started,left_box_rp.started,right_box_rp.started,cue_resp_rp.started,prac_right_text.started,prac_right.stopped,practice_loop.cue_resp_rp.keys,practice_loop.cue_resp_rp.rt,practice_loop.cue_resp_rp.duration,prac_right_response.started,left_box_rr.started,right_box_rr.started,prac_right_response.stopped,summary_instructions.started,summary_text.started,advance_to_runs.started,summary_instructions.stopped,advance_to_runs.keys,advance_to_runs.rt,advance_to_runs.duration,get_ready.started,get_ready_text.started,advance_press.started,get_ready.stopped,runs.advance_press.keys,runs.advance_press.rt,runs.advance_press.duration,scanner_trigger.started,scanner_text.started,trigger_value.started,scanner_trigger.stopped,runs.trigger_value.keys,runs.trigger_value.rt,runs.trigger_value.duration,trials.cueOnTime,cue.started,left_box.started,right_box.started,cue_resp.started,all_keys.started,cue.stopped,trials.cue_resp.keys,trials.cue_resp.rt,trials.cue_resp.duration,good_side,probability_sequence_value,magic_number,num_rewarded,num_switch,total_correct,num_gold_coins,trials.all_keys.keys,trials.cueOffTime,trials.cueRespOnTime,cue_response.started,left_box_response.started,right_box_response.started,left_box_response.stopped,right_box_response.stopped,cue_response.stopped,trials.cueRespOffTime,trials.outcomeOnTime,outcome.started,outcome_left_box.started,outcome_right_box.started,outcome_left_box.stopped,outcome_right_box.stopped,outcome.stopped,outcome_image,trials.outcomeOffTime,trials.fixOnTime,fixation.started,fixation_cross.started,fixation_cross.stopped,fixation.stopped,trials.fixOffTime,left_box.stopped,right_box.stopped,cue_resp.stopped,all_keys.stopped,trials.all_keys.rt,trials.all_keys.duration,run_feedback.started,coins_won_text.started,run_feedback.stopped,leftover_time_break.started,fixation_end.started,fixation_end.stopped,leftover_time_break.stopped,end_exp.started,end_exp.stopped,participant,handedness,practice,restart_from_run,date,expName,psychopyVersion,frameRate,expStart,
,,,,,,,,,,,,,,,,,,,,,,,,,,,,,,,,,,,,,,,,,,,0.03136129991617054,0.03688599995803088,0.03688599995803088,122.39520359993912,j,122.3484661000548,None,,,,,,,,,,,,,,,,,,,,,,,,,,,,,,,,,,,,,,,,,,,,,,,,,,,,,,,,,,,,,,,,,,,,,,,,,,,,,,,,,,,,,,,,,,,,,,,,,,,,,,,,,783274,right,yes,None,2025-05-07_14h20.23.612,RL_out-of-scanner,2024.2.4,60.05039428312538,2025-05-07 14h20.32.862098 -0700,
0,0,0,j,5.338997600018047,None,k,4.402769100037403,None,,,,,,,,,,,,,,,,,,,,,0,0,0,0,,,,,,,,,122.41813149990048,,,,,,,,,122.4080699000042,122.41813149990048,122.41813149990048,122.41813149990048,122.41813149990048,127.76869299996179,j,5.338997600018047,None,127.76920839992817,127.78364779998083,127.78364779998083,130.28170179994777,130.28694449993782,130.2983416999923,130.2983416999923,130.2983416999923,130.2983416999923,134.71310959989205,k,4.402769100037403,None,134.71357809996698,134.72796459996607,134.72796459996607,137.2260281998897,,,,,,,,,,,,,,,,,,,,,,,,,,,,,,,,,,,,,,,,,,,,,,,,,,,,,,,,,,,,,,,,,,,,,,,,,,,,,,,783274,right,yes,None,2025-05-07_14h20.23.612,RL_out-of-scanner,2024.2.4,60.05039428312538,2025-05-07 14h20.32.862098 -0700,
,,,,,,,,,,,,,,,,,,,,,,,,,,,,,,,,,,,,,,,,,,,,,,,,,,,,,,,,,,,,,,,,,,,,,,,,,,,,137.22625059995335,137.24287819990423,137.24287819990423,160.69178399990778,j,23.438227899954654,None,,,,,,,,,,,,,,,,,,,,,,,,,,,,,,,,,,,,,,,,,,,,,,,,,,,,,,,,,,,,,,,,,,,,,,,,783274,right,yes,None,2025-05-07_14h20.23.612,RL_out-of-scanner,2024.2.4,60.05039428312538,2025-05-07 14h20.32.862098 -0700,
0,0,0,,,,,,,space,17.306750599993393,None,5,0.8932407000102103,None,0.0023211000952869654,j,1.1118136999430135,None,None,1.132621300057508,1.1329403000418097,2.147663800045848,2.14769780007191,3.1475197999970987,3.147547100088559,5.16163200000301,,,,,,,0,0,0,0,0,0,0,0,178.95926569995936,,,,,,,,,,,,,,,,,,,,,,,,,,,,,,,,,,,,,,,,,,160.6923629998928,160.70672169991303,160.70672169991303,178.0282955999719,space,17.306750599993393,None,178.02843379997648,178.0433192999335,178.0433192999335,178.9436252999585,5,0.8932407000102103,None,0.0023211000952869654,178.94605309993494,178.95926569995936,178.95926569995936,178.95926569995936,178.95926569995936,180.07622369995806,j,1.1118136999430135,None,right,1,9,0,0,0,0,None,1.132621300057508,1.1329403000418097,180.07665019994602,180.092019099975,180.092019099975,181.1078225999372,181.1078225999372,181.09129809995648,2.147663800045848,2.14769780007191,181.09994069999084,181.1078225999372,181.1078225999372,182.10669419995975,182.10669419995975,182.09117319993675,stimuli/box_empty_transparent.png,3.1475197999970987,3.147547100088559,182.0912454999052,182.10669419995975,184.12175259995274,184.10527409997303,5.16163200000301,,,,,,,,,,,,,,,,783274,right,yes,None,2025-05-07_14h20.23.612,RL_out-of-scanner,2024.2.4,60.05039428312538,2025-05-07 14h20.32.862098 -0700,
1,0,1,,,,,,,space,17.306750599993393,None,5,0.8932407000102103,None,5.163258500047959,j,0.3751324999611825,None,None,5.562241800012998,5.562522700056434,7.077525100088678,7.07758260006085,8.092982100090012,8.093012300087139,9.608095900039189,,,,,,,0,0,0,0,1,0,1,0,184.12175259995274,,,,,,,,,,,,,,,,,,,,,,,,,,,,,,,,,,,,,,,,,,,,,,,,,,,,,,,,5.163258500047959,184.1069754998898,184.12175259995274,184.12175259995274,184.12175259995274,184.12175259995274,184.50584809994325,j,0.3751324999611825,None,right,1,9,0,0,0,0,None,5.562241800012998,5.562522700056434,184.5062308999477,184.5219326999504,184.5219326999504,186.03778159990907,186.03778159990907,186.02112619997934,7.077525100088678,7.07758260006085,186.02957269991748,186.03778159990907,186.03778159990907,,,187.03663489990868,stimuli/box_empty_transparent.png,8.092982100090012,8.093012300087139,187.03671469993424,187.05232799996156,188.56816419993993,188.551733899978,9.608095900039189,,,,,,,,,,,,,,,,783274,right,yes,None,2025-05-07_14h20.23.612,RL_out-of-scanner,2024.2.4,60.05039428312538,2025-05-07 14h20.32.862098 -0700,
2,0,2,,,,,,,space,17.306750599993393,None,5,0.8932407000102103,None,9.60955090005882,j,0.3278602999635041,None,None,9.959505500039086,9.959844700060785,10.957971900003031,10.958008300047368,11.972844700096175,11.972873900085688,14.986832600086927,,,,,,,0,0,0,0,2,0,2,0,188.56816419993993,,,,,,,,,,,,,,,,,,,,,,,,,,,,,,,,,,,,,,,,,,,,,,,,,,,,,,,,9.60955090005882,188.55327029991895,188.56816419993993,188.56816419993993,188.56816419993993,188.56816419993993,188.90310839994345,j,0.3278602999635041,None,right,1,9,0,0,0,0,None,9.959505500039086,9.959844700060785,188.90355439996347,188.91826999990735,188.91826999990735,189.91785679990426,189.91785679990426,189.90160369989462,10.957971900003031,10.958008300047368,189.91065019997768,189.91785679990426,189.91785679990426,,,190.91649919992778,stimuli/box_empty_transparent.png,11.972844700096175,11.972873900085688,190.91657489992213,190.93280299997423,193.94697029993404,193.9304840998957,14.986832600086927,,,,,,,,,,,,,,,,783274,right,yes,None,2025-05-07_14h20.23.612,RL_out-of-scanner,2024.2.4,60.05039428312538,2025-05-07 14h20.32.862098 -0700,
3,0,3,,,,,,,space,17.306750599993393,None,5,0.8932407000102103,None,14.987984300008975,k,0.3041411000303924,None,None,15.321380800101906,15.321572200045921,17.335490700090304,17.33551880007144,18.350985000026412,18.351023400085978,19.366727400105447,,,,,,,0,0,0,0,3,0,3,0,193.94697029993404,,,,,,,,,,,,,,,,,,,,,,,,,,,,,,,,,,,,,,,,,,,,,,,,,,,,,,,,14.987984300008975,193.93169169989415,193.94697029993404,193.94697029993404,193.94697029993404,193.94697029993404,194.265003999928,k,0.3041411000303924,None,right,1,9,1,0,1,1,None,15.321380800101906,15.321572200045921,194.2652676999569,194.2803842999274,194.2803842999274,196.30786639999133,196.30786639999133,196.27913509996142,17.335490700090304,17.33551880007144,196.30177429993637,196.30786639999133,196.30786639999133,,,197.2946309999097,stimuli/box_coin_transparent.png,18.350985000026412,18.351023400085978,197.29473199998029,197.3111568999011,198.3268134999089,198.31038419995457,19.366727400105447,,,,,,,,,,,,,,,,783274,right,yes,None,2025-05-07_14h20.23.612,RL_out-of-scanner,2024.2.4,60.05039428312538,2025-05-07 14h20.32.862098 -0700,
4,0,4,,,,,,,space,17.306750599993393,None,5,0.8932407000102103,None,19.367813999997452,k,0.32140909996815026,None,None,19.7170745000476,19.717280100099742,20.716356300050393,20.716384100029245,21.73193040001206,21.731967500061728,24.246075100032613,,,,,,,0,0,0,0,4,0,4,0,198.3268134999089,,,,,,,,,,,,,,,,,,,,,,,,,,,,,,,,,,,,,,,,,,,,,,,,,,,,,,,,19.367813999997452,198.3115286999382,198.3268134999089,198.3268134999089,198.3268134999089,198.3268134999089,198.66069709998555,k,0.32140909996815026,None,right,0,9,1,0,2,1,None,19.7170745000476,19.717280100099742,198.6609768999042,198.67680209991522,198.67680209991522,199.67912399990018,199.67912399990018,199.66000029991847,20.716356300050393,20.716384100029245,199.6739196999697,199.67912399990018,199.67912399990018,,,200.6755783999106,stimuli/box_empty_transparent.png,21.73193040001206,21.731967500061728,200.6756766999606,200.69156939990353,203.20650279999245,203.18973739992362,24.246075100032613,,,,,,,,,,,,,,,,783274,right,yes,None,2025-05-07_14h20.23.612,RL_out-of-scanner,2024.2.4,60.05039428312538,2025-05-07 14h20.32.862098 -0700,
5,0,5,,,,,,,space,17.306750599993393,None,5,0.8932407000102103,None,24.24703990004491,j,0.3262616000138223,None,None,24.59705149999354,24.59726579999551,28.11026770004537,28.110304800095037,29.110408800072037,29.110454600071535,31.124589700018987,,,,,,,0,0,0,0,5,0,5,0,203.20650279999245,,,,,,,,,,,,,,,,,,,,,,,,,,,,,,,,,,,,,,,,,,,,,,,,,,,,,,,,24.24703990004491,203.19074379990343,203.20650279999245,203.20650279999245,203.20650279999245,203.20650279999245,203.54067939997185,j,0.3262616000138223,None,right,0,9,1,0,2,1,None,24.59705149999354,24.59726579999551,203.54096219991334,203.55616029992234,203.55616029992234,207.0706547999289,207.0706547999289,207.05389909993391,28.11026770004537,28.110304800095037,207.062451899983,207.0706547999289,207.0706547999289,208.06912069988903,208.06912069988903,208.05404879990965,stimuli/box_empty_transparent.png,29.110408800072037,29.110454600071535,208.05417239991948,208.06912069988903,210.0844877999043,210.0682366999099,31.124589700018987,,,,,,,,,,,,,,,,783274,right,yes,None,2025-05-07_14h20.23.612,RL_out-of-scanner,2024.2.4,60.05039428312538,2025-05-07 14h20.32.862098 -0700,
6,0,6,,,,,,,space,17.306750599993393,None,5,0.8932407000102103,None,31.127069500042126,k,0.3014858999522403,None,None,31.45907740003895,31.459366800030693,32.45790979999583,32.45796640007757,33.47268560004886,33.47273200005293,34.4885493000038,,,,,,,0,0,0,0,6,0,6,0,210.0844877999043,,,,,,,,,,,,,,,,,,,,,,,,,,,,,,,,,,,,,,,,,,,,,,,,,,,,,,,,31.127069500042126,210.07081229996402,210.0844877999043,210.0844877999043,210.0844877999043,210.0844877999043,210.40262979990803,k,0.3014858999522403,None,right,0,9,1,0,3,1,None,31.45907740003895,31.459366800030693,210.40307129989378,210.4176939999452,210.4176939999452,211.42222239996772,211.42222239996772,211.40151469991542,32.45790979999583,32.45796640007757,211.4152792999521,211.42222239996772,211.42222239996772,,,212.41632459999528,stimuli/box_empty_transparent.png,33.47268560004886,33.47273200005293,212.41645139991306,212.43329999991693,213.44907339999918,213.43219829990994,34.4885493000038,,,,,,,,,,,,,,,,783274,right,yes,None,2025-05-07_14h20.23.612,RL_out-of-scanner,2024.2.4,60.05039428312538,2025-05-07 14h20.32.862098 -0700,
7,0,7,,,,,,,space,17.306750599993393,None,5,0.8932407000102103,None,34.49102200008929,k,0.45759510004427284,None,None,34.97271230001934,34.973105600103736,36.98705900006462,36.987114700023085,38.002500000060536,38.00255810003728,40.01804420002736,,,,,,,0,0,0,0,7,0,7,0,213.44907339999918,,,,,,,,,,,,,,,,,,,,,,,,,,,,,,,,,,,,,,,,,,,,,,,,,,,,,,,,34.49102200008929,213.43476229999214,213.44907339999918,213.44907339999918,213.44907339999918,213.44907339999918,213.9162753999699,k,0.45759510004427284,None,right,1,9,2,0,4,2,None,34.97271230001934,34.973105600103736,213.91682969999965,213.93164069997147,213.93164069997147,215.95415609993506,215.95415609993506,215.93066789989825,36.98705900006462,36.987114700023085,215.94771739991847,215.95415609993506,215.95415609993506,,,216.94613699999172,stimuli/box_coin_transparent.png,38.002500000060536,38.00255810003728,216.94627759989817,216.96228609990794,218.977909399895,218.9616887999,40.01804420002736,,,,,,,,,,,,,,,,783274,right,yes,None,2025-05-07_14h20.23.612,RL_out-of-scanner,2024.2.4,60.05039428312538,2025-05-07 14h20.32.862098 -0700,
8,0,8,,,,,,,space,17.306750599993393,None,5,0.8932407000102103,None,40.02042940002866,j,0.3007366000674665,None,None,40.35286870005075,40.35331999999471,43.36544770002365,43.36550250009168,44.38092740008142,44.38098000001628,45.879919800092466,,,,,,,0,0,0,0,8,0,8,0,218.977909399895,,,,,,,,,,,,,,,,,,,,,,,,,,,,,,,,,,,,,,,,,,,,,,,,,,,,,,,,40.02042940002866,218.9641676999163,218.977909399895,218.977909399895,218.977909399895,218.977909399895,219.2964307999937,j,0.3007366000674665,None,right,1,9,2,0,4,2,None,40.35286870005075,40.35331999999471,219.2970459999051,219.31066399998963,219.31066399998963,222.33048619993497,222.33048619993497,222.30905599996913,43.36544770002365,43.36550250009168,222.3233372999821,222.33048619993497,222.33048619993497,,,223.3245671999175,stimuli/box_empty_transparent.png,44.38092740008142,44.38098000001628,223.32469809998292,223.3403106998885,224.83971199998632,224.8235630999552,45.879919800092466,,,,,,,,,,,,,,,,783274,right,yes,None,2025-05-07_14h20.23.612,RL_out-of-scanner,2024.2.4,60.05039428312538,2025-05-07 14h20.32.862098 -0700,
9,0,9,,,,,,,space,17.306750599993393,None,5,0.8932407000102103,None,45.88232150010299,j,0.6577165999915451,None,None,46.56458280002698,46.565035800100304,48.07868870010134,48.07874340005219,49.093405800056644,49.09345290006604,51.108737500035204,,,,,,,0,0,0,0,9,0,9,0,224.83971199998632,,,,,,,,,,,,,,,,,,,,,,,,,,,,,,,,,,,,,,,,,,,,,,,,,,,,,,,,45.88232150010299,224.82606179988943,224.83971199998632,224.83971199998632,224.83971199998632,224.83971199998632,225.5081397999311,j,0.6577165999915451,None,right,1,9,2,0,4,2,None,46.56458280002698,46.565035800100304,225.50876309990417,225.52264509990346,225.52264509990346,227.04277659999207,227.04277659999207,227.02229549991898,48.07868870010134,48.07874340005219,227.0361238999758,227.04277659999207,227.04277659999207,,,228.03704509988893,stimuli/box_empty_transparent.png,49.093405800056644,49.09345290006604,228.037170699914,228.05306389997713,230.06862009991892,230.05238359991927,51.108737500035204,,,,,,,,,,,,,,,,783274,right,yes,None,2025-05-07_14h20.23.612,RL_out-of-scanner,2024.2.4,60.05039428312538,2025-05-07 14h20.32.862098 -0700,
10,0,10,,,,,,,space,17.306750599993393,None,5,0.8932407000102103,None,51.11112300003879,k,0.3095030999975279,None,None,51.44371890008915,51.444152700016275,52.958204000024125,52.95826080010738,53.973235700046644,53.97328410006594,54.97258030006196,,,,,,,0,0,0,0,10,0,10,0,230.06862009991892,,,,,,,,,,,,,,,,,,,,,,,,,,,,,,,,,,,,,,,,,,,,,,,,,,,,,,,,51.11112300003879,230.05486449995078,230.06862009991892,230.06862009991892,230.06862009991892,230.06862009991892,230.38728079991415,k,0.3095030999975279,None,right,1,9,3,0,5,3,None,51.44371890008915,51.444152700016275,230.3878782999236,230.40196429996286,230.40196429996286,231.92604579997715,231.92604579997715,231.90181199996732,52.958204000024125,52.95826080010738,231.9192716999678,231.92604579997715,231.92604579997715,,,232.9168727999786,stimuli/box_coin_transparent.png,53.973235700046644,53.97328410006594,232.9170028999215,232.9329657999333,233.93235929997172,233.91622369992547,54.97258030006196,,,,,,,,,,,,,,,,783274,right,yes,None,2025-05-07_14h20.23.612,RL_out-of-scanner,2024.2.4,60.05039428312538,2025-05-07 14h20.32.862098 -0700,
11,0,11,,,,,,,space,17.306750599993393,None,5,0.8932407000102103,None,54.975444100098684,k,0.31277049996424466,None,None,55.30718970007729,55.30758280004375,57.321354900021106,57.321411200100556,58.33603330003098,58.33608030003961,59.851759100100026,,,,,,,0,0,0,0,11,0,11,0,233.93235929997172,,,,,,,,,,,,,,,,,,,,,,,,,,,,,,,,,,,,,,,,,,,,,,,,,,,,,,,,54.975444100098684,233.9191893999232,233.93235929997172,233.93235929997172,233.93235929997172,233.93235929997172,234.25074960000347,k,0.31277049996424466,None,right,1,9,4,0,6,4,None,55.30718970007729,55.30758280004375,234.2513080999488,234.26551169995219,234.26551169995219,236.2887369999662,236.2887369999662,236.26496169995517,57.321354900021106,57.321411200100556,236.2822061999468,236.2887369999662,236.2887369999662,,,237.27967269998044,stimuli/box_coin_transparent.png,58.33603330003098,58.33608030003961,237.27979739999864,237.29575989989098,238.81193249998614,238.79540219996125,59.851759100100026,,,,,,,,,,,,,,,,783274,right,yes,None,2025-05-07_14h20.23.612,RL_out-of-scanner,2024.2.4,60.05039428312538,2025-05-07 14h20.32.862098 -0700,
12,0,12,,,,,,,space,17.306750599993393,None,5,0.8932407000102103,None,59.85416590003297,j,0.30295670009218156,None,None,60.18662370007951,60.187095000059344,61.20101680001244,61.201093600015156,62.21615540003404,62.21618660003878,65.23098380002193,,,,,,,0,0,0,0,12,0,12,0,238.81193249998614,,,,,,,,,,,,,,,,,,,,,,,,,,,,,,,,,,,,,,,,,,,,,,,,,,,,,,,,59.85416590003297,238.79790879995562,238.81193249998614,238.81193249998614,238.81193249998614,238.81193249998614,239.13018569990527,j,0.30295670009218156,None,right,1,9,4,0,6,4,None,60.18662370007951,60.187095000059344,239.13082169997506,239.14511199994013,239.14511199994013,240.1652184999548,240.1652184999548,240.14462639996782,61.20101680001244,61.201093600015156,240.15866499999538,240.1652184999548,240.1652184999548,,,241.15980829996988,stimuli/box_empty_transparent.png,62.21615540003404,62.21618660003878,241.15988929988816,241.1759286999004,244.1907461999217,244.1746282998938,65.23098380002193,,,,,,,,,,,,,,,,783274,right,yes,None,2025-05-07_14h20.23.612,RL_out-of-scanner,2024.2.4,60.05039428312538,2025-05-07 14h20.32.862098 -0700,
13,0,13,,,,,,,space,17.306750599993393,None,5,0.8932407000102103,None,65.233496400062,k,0.308710900018923,None,None,65.56512570008636,65.56554760003928,66.06415730004665,66.06421229999978,67.07914580008946,67.07919380010571,69.0939865000546,,,,,,,0,0,0,0,13,0,13,0,244.1907461999217,,,,,,,,,,,,,,,,,,,,,,,,,,,,,,,,,,,,,,,,,,,,,,,,,,,,,,,,65.233496400062,244.1772388999816,244.1907461999217,244.1907461999217,244.1907461999217,244.1907461999217,244.50868999992963,k,0.308710900018923,None,right,1,9,5,0,7,5,None,65.56512570008636,65.56554760003928,244.50927329994738,244.52374709991273,244.52374709991273,245.03160849993583,245.03160849993583,245.00776449998375,66.06415730004665,66.06421229999978,245.02482429996599,245.03160849993583,245.03160849993583,,,246.0227846999187,stimuli/box_coin_transparent.png,67.07914580008946,67.07919380010571,246.0229119999567,246.03875919990242,248.05389539990574,248.03762839990668,69.0939865000546,,,,,,,,,,,,,,,,783274,right,yes,None,2025-05-07_14h20.23.612,RL_out-of-scanner,2024.2.4,60.05039428312538,2025-05-07 14h20.32.862098 -0700,
14,0,14,,,,,,,space,17.306750599993393,None,5,0.8932407000102103,None,69.09555740002543,k,0.5236135999439284,None,None,69.64451660006307,69.64477300003637,71.15947820001747,71.15951380005572,72.17527820006944,72.1753130001016,73.17438990005758,,,,,,,0,0,0,0,14,0,14,0,248.05389539990574,,,,,,,,,,,,,,,,,,,,,,,,,,,,,,,,,,,,,,,,,,,,,,,,,,,,,,,,69.09555740002543,248.0392751999898,248.05389539990574,248.05389539990574,248.05389539990574,248.05389539990574,248.58812019997276,k,0.5236135999439284,None,right,1,9,6,0,8,6,None,69.64451660006307,69.64477300003637,248.5884783999063,248.6035533999093,248.6035533999093,250.11940929992124,250.11940929992124,250.10311289993115,71.15947820001747,71.15951380005572,250.11327699990943,250.11940929992124,250.11940929992124,,,251.11893070000224,stimuli/box_coin_transparent.png,72.17527820006944,72.1753130001016,251.1190153999487,251.1347805999685,252.13431139988825,252.11803839995991,73.17438990005758,,,,,,,,,,,,,,,,783274,right,yes,None,2025-05-07_14h20.23.612,RL_out-of-scanner,2024.2.4,60.05039428312538,2025-05-07 14h20.32.862098 -0700,
15,0,15,,,,,,,space,17.306750599993393,None,5,0.8932407000102103,None,73.17685490008444,k,0.4046987999463454,None,None,73.60874240007252,73.60913640004583,74.60702610004228,74.60708300000988,75.62219250004273,75.62223950005136,77.63762240007054,,,,,,,0,0,0,0,15,0,15,0,252.13431139988825,,,,,,,,,,,,,,,,,,,,,,,,,,,,,,,,,,,,,,,,,,,,,,,,,,,,,,,,73.17685490008444,252.12059639999643,252.13431139988825,252.13431139988825,252.13431139988825,252.13431139988825,252.55228529998567,k,0.4046987999463454,None,right,1,9,7,0,9,7,None,73.60874240007252,73.60913640004583,252.55286099994555,252.56733229989186,252.56733229989186,253.57430469989777,253.57430469989777,253.55063389998395,74.60702610004228,74.60708300000988,253.5680312999757,253.57430469989777,253.57430469989777,,,254.5658320999937,stimuli/box_coin_transparent.png,75.62219250004273,75.62223950005136,254.5659583999077,254.58221819996834,256.59752439998556,256.5812400999712,77.63762240007054,,,,,,,,,,,,,,,,783274,right,yes,None,2025-05-07_14h20.23.612,RL_out-of-scanner,2024.2.4,60.05039428312538,2025-05-07 14h20.32.862098 -0700,
16,0,16,,,,,,,space,17.306750599993393,None,5,0.8932407000102103,None,77.64015430002473,k,0.40361219993792474,None,None,78.07263480010442,78.07303289999254,80.08597900008317,80.08603440003935,81.10132150002755,81.10136800003238,82.10037250001915,,,,,,,0,0,0,0,16,0,16,0,256.59752439998556,,,,,,,,,,,,,,,,,,,,,,,,,,,,,,,,,,,,,,,,,,,,,,,,,,,,,,,,77.64015430002473,256.58389829995576,256.59752439998556,256.59752439998556,256.59752439998556,256.59752439998556,257.01619639992714,k,0.40361219993792474,None,right,1,9,8,0,10,8,None,78.07263480010442,78.07303289999254,257.01676639996003,257.03053029999137,257.03053029999137,259.12002139992546,259.12002139992546,259.029594099964,80.08597900008317,80.08603440003935,259.04705079994164,259.12002139992546,259.12002139992546,,,260.04495949996635,stimuli/box_coin_transparent.png,81.10132150002755,81.10136800003238,260.045086099999,260.0609444999136,261.0603245999664,261.0440250999527,82.10037250001915,,,,,,,,,,,,,,,,783274,right,yes,None,2025-05-07_14h20.23.612,RL_out-of-scanner,2024.2.4,60.05039428312538,2025-05-07 14h20.32.862098 -0700,
17,0,17,,,,,,,space,17.306750599993393,None,5,0.8932407000102103,None,82.10185750003438,k,0.3402559000533074,None,None,82.46776800008956,82.46802750008646,83.466294700047,83.46633030008525,84.46601490001194,84.46606090001296,85.48135280003771,,,,,,,0,0,0,0,17,0,17,0,261.0603245999664,,,,,,,,,,,,,,,,,,,,,,,,,,,,,,,,,,,,,,,,,,,,,,,,,,,,,,,,82.10185750003438,261.0455864999676,261.0603245999664,261.0603245999664,261.0603245999664,261.0603245999664,261.41137289989274,k,0.3402559000533074,None,right,1,9,9,0,11,9,None,82.46776800008956,82.46802750008646,261.4117323999526,261.4266152998898,261.4266152998898,262.4263196999673,262.4263196999673,262.4099259999348,83.466294700047,83.46633030008525,262.4201132999733,262.4263196999673,262.4263196999673,263.4253763000015,263.4253763000015,263.4096544999629,stimuli/box_coin_transparent.png,84.46601490001194,84.46606090001296,263.40981149999425,263.4253763000015,264.4412607999984,264.4249956998974,85.48135280003771,,,,,,,,,,,,,,,,783274,right,yes,None,2025-05-07_14h20.23.612,RL_out-of-scanner,2024.2.4,60.05039428312538,2025-05-07 14h20.32.862098 -0700,
18,0,18,,,,,,,space,17.306750599993393,None,5,0.8932407000102103,None,85.48380330007058,k,0.31859719997737557,None,None,85.83285810006782,85.83325390005484,89.34541310009081,89.3454677000409,90.360533600091,90.3605807001004,92.37620400008745,,,,,,,0,0,0,0,18,0,18,0,264.4412607999984,,,,,,,,,,,,,,,,,,,,,,,,,,,,,,,,,,,,,,,,,,,,,,,,,,,,,,,,85.48380330007058,264.4275464999955,264.4412607999984,264.4412607999984,264.4412607999984,264.4412607999984,264.7764055998996,k,0.31859719997737557,None,left,1,13,0,1,11,9,None,85.83285810006782,85.83325390005484,264.7769798999652,264.79173419997096,264.79173419997096,268.3097144999774,268.3097144999774,268.2890236999374,89.34541310009081,89.3454677000409,268.30317359999754,268.3097144999774,268.3097144999774,,,269.30417089990806,stimuli/box_empty_transparent.png,90.360533600091,90.3605807001004,269.30429899995215,269.3202097999165,271.3360018999083,271.31984849995933,92.37620400008745,,,,,,,,,,,,,,,,783274,right,yes,None,2025-05-07_14h20.23.612,RL_out-of-scanner,2024.2.4,60.05039428312538,2025-05-07 14h20.32.862098 -0700,
19,0,19,,,,,,,space,17.306750599993393,None,5,0.8932407000102103,None,92.3786923000589,j,0.3162056999281049,None,None,92.71129940007813,92.71175040001981,93.72514300001785,93.72519770008512,94.7402331000194,94.74026370001957,96.23970410006586,,,,,,,0,0,0,0,19,0,19,0,271.3360018999083,,,,,,,,,,,,,,,,,,,,,,,,,,,,,,,,,,,,,,,,,,,,,,,,,,,,,,,,92.3786923000589,271.32243059994653,271.3360018999083,271.3360018999083,271.3360018999083,271.3360018999083,271.65484909992665,j,0.3162056999281049,None,left,1,13,1,1,12,10,None,92.71129940007813,92.71175040001981,271.65547629992943,271.66929119999986,271.66929119999986,272.6935605999315,272.6935605999315,272.66876059991773,93.72514300001785,93.72519770008512,272.686441799975,272.6935605999315,272.6935605999315,,,273.6838850999484,stimuli/box_coin_transparent.png,94.7402331000194,94.74026370001957,273.6839662999846,273.7001027999213,275.1995720999548,275.18334879993927,96.23970410006586,,,,,,,,,,,,,,,,783274,right,yes,None,2025-05-07_14h20.23.612,RL_out-of-scanner,2024.2.4,60.05039428312538,2025-05-07 14h20.32.862098 -0700,
20,0,20,,,,,,,space,17.306750599993393,None,5,0.8932407000102103,None,96.24220850004349,j,0.2941909999353811,None,None,96.55726500006858,96.55769950000104,98.57161470002029,98.57166860008147,99.58692770008929,99.5869745000964,101.60174230008852,,,,,,,0,0,0,0,20,0,20,0,275.1995720999548,,,,,,,,,,,,,,,,,,,,,,,,,,,,,,,,,,,,,,,,,,,,,,,,,,,,,,,,96.24220850004349,275.1859481999418,275.1995720999548,275.1995720999548,275.1995720999548,275.1995720999548,275.5008291999111,j,0.2941909999353811,None,left,0,13,1,1,13,10,None,96.55726500006858,96.55769950000104,275.5014267999213,275.51568739989307,275.51568739989307,277.53577629989013,277.53577629989013,277.5152216999559,98.57161470002029,98.57166860008147,277.5289930999279,277.53577629989013,277.53577629989013,,,278.53056679992005,stimuli/box_empty_transparent.png,99.58692770008929,99.5869745000964,278.5306929999497,278.54621329996735,280.5617692999076,280.5453875999665,101.60174230008852,,,,,,,,,,,,,,,,783274,right,yes,None,2025-05-07_14h20.23.612,RL_out-of-scanner,2024.2.4,60.05039428312538,2025-05-07 14h20.32.862098 -0700,
21,0,21,,,,,,,space,17.306750599993393,None,5,0.8932407000102103,None,101.60457860003226,j,0.3195774999912828,None,None,101.95351670007221,101.95397050003521,104.96639450010844,104.96645130007528,105.98173360002693,105.9817849000683,107.49711110000499,,,,,,,0,0,0,0,21,0,21,0,280.5617692999076,,,,,,,,,,,,,,,,,,,,,,,,,,,,,,,,,,,,,,,,,,,,,,,,,,,,,,,,101.60457860003226,280.54832399997395,280.5617692999076,280.5617692999076,280.5617692999076,280.5617692999076,280.89707929990254,j,0.3195774999912828,None,left,0,13,1,1,14,10,None,101.95351670007221,101.95397050003521,280.89769739995245,280.91168049990665,280.91168049990665,283.9303665999323,283.9303665999323,283.90999829990324,104.96639450010844,104.96645130007528,283.92380140000023,283.9303665999323,283.9303665999323,,,284.9253578999778,stimuli/box_empty_transparent.png,105.98173360002693,105.9817849000683,284.9255030999193,284.9414090999635,286.457024000003,286.4407569000032,107.49711110000499,,,,,,,,,,,,,,,,783274,right,yes,None,2025-05-07_14h20.23.612,RL_out-of-scanner,2024.2.4,60.05039428312538,2025-05-07 14h20.32.862098 -0700,
22,0,22,,,,,,,space,17.306750599993393,None,5,0.8932407000102103,None,107.499569500098,k,0.307380500016734,None,None,107.83201060001738,107.83240350009874,109.34618430002593,109.34623860009015,110.36141490004957,110.36147460003849,112.37684870010708,,,,,,,0,0,0,0,22,0,22,0,286.457024000003,,,,,,,,,,,,,,,,,,,,,,,,,,,,,,,,,,,,,,,,,,,,,,,,,,,,,,,,107.499569500098,286.44331029988825,286.457024000003,286.457024000003,286.457024000003,286.457024000003,286.77557059994433,k,0.307380500016734,None,left,0,13,1,1,14,10,None,107.83201060001738,107.83240350009874,286.776128700003,286.7904631999554,286.7904631999554,288.3103454998927,288.3103454998927,288.2897957999958,109.34618430002593,109.34623860009015,288.3039198999759,288.3103454998927,288.3103454998927,,,289.3050051999744,stimuli/box_empty_transparent.png,110.36141490004957,110.36147460003849,289.3051973999245,289.32094389991835,291.3367594999727,291.3204932999797,112.37684870010708,,,,,,,,,,,,,,,,783274,right,yes,None,2025-05-07_14h20.23.612,RL_out-of-scanner,2024.2.4,60.05039428312538,2025-05-07 14h20.32.862098 -0700,
23,0,23,,,,,,,space,17.306750599993393,None,5,0.8932407000102103,None,112.37973360007163,j,0.48693839996121824,None,None,112.89483590004966,112.89527830004226,114.40901730000041,114.4090735000791,115.42389970005024,115.42394580005202,116.94020090007689,,,,,,,0,0,0,0,23,0,23,0,291.3367594999727,,,,,,,,,,,,,,,,,,,,,,,,,,,,,,,,,,,,,,,,,,,,,,,,,,,,,,,,112.37973360007163,291.3234779998893,291.3367594999727,291.3367594999727,291.3367594999727,291.3367594999727,291.83839059993625,j,0.48693839996121824,None,left,1,13,2,1,15,11,None,112.89483590004966,112.89527830004226,291.8390046999557,291.8529540000018,291.8529540000018,293.37666399998125,293.37666399998125,293.35262419993524,114.40901730000041,114.4090735000791,293.3699477999471,293.37666399998125,293.37666399998125,,,294.36753899999894,stimuli/box_coin_transparent.png,115.42389970005024,115.42394580005202,294.36766419990454,294.3836240998935,295.899453699938,295.88384129991755,116.94020090007689,,,,,,,,,,,,,,,,783274,right,yes,None,2025-05-07_14h20.23.612,RL_out-of-scanner,2024.2.4,60.05039428312538,2025-05-07 14h20.32.862098 -0700,
24,0,24,,,,,,,space,17.306750599993393,None,5,0.8932407000102103,None,116.9427127999952,j,0.3051999999443069,None,None,117.27387940010522,117.27431610005442,119.28812959999777,119.28818450006656,120.3037142000394,120.30376380006783,121.8188965000445,,,,,,,0,0,0,0,24,0,24,0,295.899453699938,,,,,,,,,,,,,,,,,,,,,,,,,,,,,,,,,,,,,,,,,,,,,,,,,,,,,,,,116.9427127999952,295.8864630999742,295.899453699938,295.899453699938,295.899453699938,295.899453699938,296.2174448999576,j,0.3051999999443069,None,left,1,13,3,1,16,12,None,117.27387940010522,117.27431610005442,296.21804279997014,296.2326342999004,296.2326342999004,298.25593609991483,298.25593609991483,298.2317467998946,119.28812959999777,119.28818450006656,298.2491120999912,298.25593609991483,298.25593609991483,,,299.247345999931,stimuli/box_coin_transparent.png,120.3037142000394,120.30376380006783,299.24748499994166,299.2630231999792,300.7790517999092,300.76254599995445,121.8188965000445,,,,,,,,,,,,,,,,783274,right,yes,None,2025-05-07_14h20.23.612,RL_out-of-scanner,2024.2.4,60.05039428312538,2025-05-07 14h20.32.862098 -0700,
25,0,25,,,,,,,space,17.306750599993393,None,5,0.8932407000102103,None,121.82134710007813,j,0.3743477000389248,None,None,122.2208443999989,122.2213241000427,123.21836840000469,123.21842320007272,124.23371850000694,124.23376640002243,127.74763230001554,,,,,,,0,0,0,0,25,0,25,0,300.7790517999092,,,,,,,,,,,,,,,,,,,,,,,,,,,,,,,,,,,,,,,,,,,,,,,,,,,,,,,,121.82134710007813,300.7650862999726,300.7790517999092,300.7790517999092,300.7790517999092,300.7790517999092,301.16439659998287,j,0.3743477000389248,None,left,1,13,4,1,17,13,None,122.2208443999989,122.2213241000427,301.16505689988844,301.17868299991824,301.17868299991824,302.1861770999385,302.1861770999385,302.161956399912,123.21836840000469,123.21842320007272,302.17945299996063,302.1861770999385,302.1861770999385,,,303.1773576999549,stimuli/box_coin_transparent.png,124.23371850000694,124.23376640002243,303.17748509999365,303.1933774999343,306.70751719991677,306.69127799989656,127.74763230001554,,,,,,,,,,,,,,,,783274,right,yes,None,2025-05-07_14h20.23.612,RL_out-of-scanner,2024.2.4,60.05039428312538,2025-05-07 14h20.32.862098 -0700,
26,0,26,,,,,,,space,17.306750599993393,None,5,0.8932407000102103,None,127.75007100007497,j,0.3301258999854326,None,None,128.09886470006313,128.0992958000861,128.597489100066,128.59754300001077,129.6128489000257,129.61289610003587,133.1265987000661,,,,,,,0,0,0,0,26,0,26,0,306.70751719991677,,,,,,,,,,,,,,,,,,,,,,,,,,,,,,,,,,,,,,,,,,,,,,,,,,,,,,,,127.75007100007497,306.6938138999976,306.70751719991677,306.70751719991677,306.70751719991677,306.70751719991677,307.0424284999026,j,0.3301258999854326,None,left,1,13,5,1,18,14,None,128.09886470006313,128.0992958000861,307.04305039998144,307.05721539992373,307.05721539992373,307.56481129990425,307.56481129990425,307.5411009999225,128.597489100066,128.59754300001077,307.558433799888,307.56481129990425,307.56481129990425,,,308.55648989998735,stimuli/box_coin_transparent.png,129.6128489000257,129.61289610003587,308.5566162999021,308.5724882999202,312.08644649991766,312.0702472999692,133.1265987000661,,,,,,,,,,,,,,,,783274,right,yes,None,2025-05-07_14h20.23.612,RL_out-of-scanner,2024.2.4,60.05039428312538,2025-05-07 14h20.32.862098 -0700,
27,0,27,,,,,,,space,17.306750599993393,None,5,0.8932407000102103,None,133.12906780000776,j,0.33907560002990067,None,None,133.49506770004518,133.4955833000131,135.00949240010232,135.00954720005393,136.02428610005882,136.02433810010552,137.02386770001613,,,,,,,0,0,0,0,27,0,27,0,312.08644649991766,,,,,,,,,,,,,,,,,,,,,,,,,,,,,,,,,,,,,,,,,,,,,,,,,,,,,,,,133.12906780000776,312.07280909991823,312.08644649991766,312.08644649991766,312.08644649991766,312.08644649991766,312.4386300999904,j,0.33907560002990067,None,left,0,13,5,1,19,14,None,133.49506770004518,133.4955833000131,312.4393130999524,312.4529763999162,312.4529763999162,313.9744312999537,313.9744312999537,313.9530980999116,135.00949240010232,135.00954720005393,313.967260299949,313.9744312999537,313.9744312999537,,,314.96792629989795,stimuli/box_empty_transparent.png,136.02428610005882,136.02433810010552,314.9680570999626,314.9842952999752,315.98372499994,315.96751029998995,137.02386770001613,,,,,,,,,,,,,,,,783274,right,yes,None,2025-05-07_14h20.23.612,RL_out-of-scanner,2024.2.4,60.05039428312538,2025-05-07 14h20.32.862098 -0700,
28,0,28,,,,,,,space,17.306750599993393,None,5,0.8932407000102103,None,137.02626370009966,k,0.31690059998072684,None,None,137.37532000010833,137.37575180002023,138.3734492000658,138.37350570003036,139.38808350008912,139.38813100010157,142.90218299999833,,,,,,,0,0,0,0,28,0,28,0,315.98372499994,,,,,,,,,,,,,,,,,,,,,,,,,,,,,,,,,,,,,,,,,,,,,,,,,,,,,,,,137.02626370009966,315.9700063999044,315.98372499994,315.98372499994,315.98372499994,315.98372499994,316.31876489997376,k,0.31690059998072684,None,left,0,13,5,1,19,14,None,137.37532000010833,137.37575180002023,316.31947739992756,316.33338809991255,316.33338809991255,317.33833469997626,317.33833469997626,317.3170562000014,138.3734492000658,138.37350570003036,317.33086220000405,317.33833469997626,317.33833469997626,,,318.33172189991456,stimuli/box_empty_transparent.png,139.38808350008912,139.38813100010157,318.33184769994114,318.3478150999872,321.86212569999043,321.8458331999136,142.90218299999833,,,,,,,,,,,,,,,,783274,right,yes,None,2025-05-07_14h20.23.612,RL_out-of-scanner,2024.2.4,60.05039428312538,2025-05-07 14h20.32.862098 -0700,
29,0,29,,,,,,,space,17.306750599993393,None,5,0.8932407000102103,None,142.90465969999786,k,0.32393949991092086,None,None,143.25306220003404,143.25331650010776,145.26732990005985,145.2673846000107,146.28253660001792,146.28258390002884,147.2816886000801,,,,,,,0,0,0,0,29,0,29,0,321.86212569999043,,,,,,,,,,,,,,,,,,,,,,,,,,,,,,,,,,,,,,,,,,,,,,,,,,,,,,,,142.90465969999786,321.8484036999289,321.86212569999043,321.86212569999043,321.86212569999043,321.86212569999043,322.19667039997876,k,0.32393949991092086,None,left,0,13,5,1,19,14,None,143.25306220003404,143.25331650010776,322.1970215999754,322.2122582999291,322.2122582999291,324.23155519994907,324.23155519994907,324.21094489993993,145.26732990005985,145.2673846000107,324.22512540000025,324.23155519994907,324.23155519994907,,,325.2261751999613,stimuli/box_empty_transparent.png,146.28253660001792,146.28258390002884,325.2263014999917,325.24238729989156,326.24189029994886,326.22534219990484,147.2816886000801,,,,,,,,,,,,,,,,783274,right,yes,None,2025-05-07_14h20.23.612,RL_out-of-scanner,2024.2.4,60.05039428312538,2025-05-07 14h20.32.862098 -0700,
30,0,30,,,,,,,space,17.306750599993393,None,5,0.8932407000102103,None,147.28322820004541,j,0.35270340007264167,None,None,147.66704030008987,147.66749310004525,148.68090550007764,148.68094089999795,149.68054200010374,149.6805884001078,150.67930860002525,,,,,,,0,0,0,0,30,0,30,0,326.24189029994886,,,,,,,,,,,,,,,,,,,,,,,,,,,,,,,,,,,,,,,,,,,,,,,,,,,,,,,,147.28322820004541,326.22695099993143,326.24189029994886,326.24189029994886,326.24189029994886,326.24189029994886,326.6106018999126,j,0.35270340007264167,None,left,1,13,6,1,20,15,None,147.66704030008987,147.66749310004525,326.6112207999686,326.62533670000266,326.62533670000266,327.64091329998337,327.64091329998337,327.62454549991526,148.68090550007764,148.68094089999795,327.63475440000184,327.64091329998337,327.64091329998337,328.6396313000005,328.6396313000005,328.6241826999467,stimuli/box_coin_transparent.png,149.68054200010374,149.6805884001078,328.62430619995575,328.6396313000005,329.6397365999874,329.6229525998933,150.67930860002525,,,,,,,,,,,,,,,,783274,right,yes,None,2025-05-07_14h20.23.612,RL_out-of-scanner,2024.2.4,60.05039428312538,2025-05-07 14h20.32.862098 -0700,
31,0,31,,,,,,,space,17.306750599993393,None,5,0.8932407000102103,None,150.68176579999272,j,0.2953709999565035,None,None,150.99801110010594,150.99846000003163,154.0108026000671,154.0108585000271,155.02583679999225,155.0258667001035,157.54049980000127,,,,,,,0,0,0,0,31,0,31,0,329.6397365999874,,,,,,,,,,,,,,,,,,,,,,,,,,,,,,,,,,,,,,,,,,,,,,,,,,,,,,,,150.68176579999272,329.625505499891,329.6397365999874,329.6397365999874,329.6397365999874,329.6397365999874,329.94155619991943,j,0.2953709999565035,None,left,0,13,6,1,21,15,None,150.99801110010594,150.99846000003163,329.94218669994734,329.9558273999719,329.9558273999719,332.9752449999796,332.9752449999796,332.95440869999584,154.0108026000671,154.0108585000271,332.9681874999078,332.9752449999796,332.9752449999796,,,333.9694911999395,stimuli/box_empty_transparent.png,155.02583679999225,155.0258667001035,333.9695695999544,333.9851966999704,336.50064589991234,336.48415359994397,157.54049980000127,,,,,,,,,,,,,,,,783274,right,yes,None,2025-05-07_14h20.23.612,RL_out-of-scanner,2024.2.4,60.05039428312538,2025-05-07 14h20.32.862098 -0700,
32,0,32,,,,,,,space,17.306750599993393,None,5,0.8932407000102103,None,157.54200590006076,k,0.3187715000240132,None,None,157.89098370005377,157.89127020002343,158.89025390008464,158.8903112000553,159.8892732000677,159.88930350006558,160.88798100000713,,,,,,,0,0,0,0,32,0,32,0,336.50064589991234,,,,,,,,,,,,,,,,,,,,,,,,,,,,,,,,,,,,,,,,,,,,,,,,,,,,,,,,157.54200590006076,336.4857304999605,336.50064589991234,336.50064589991234,336.50064589991234,336.50064589991234,336.83458599995356,k,0.3187715000240132,None,left,0,13,6,1,21,15,None,157.89098370005377,157.89127020002343,336.8349773999071,336.8499844999751,336.8499844999751,337.84993159992155,337.84993159992155,337.83385509997606,158.89025390008464,158.8903112000553,337.8428073999239,337.84993159992155,337.84993159992155,338.84792459988967,338.84792459988967,338.8329255999997,stimuli/box_empty_transparent.png,159.8892732000677,159.88930350006558,338.8330050999066,338.84792459988967,339.84785039990675,339.8316200999543,160.88798100000713,,,,,,,,,,,,,,,,783274,right,yes,None,2025-05-07_14h20.23.612,RL_out-of-scanner,2024.2.4,60.05039428312538,2025-05-07 14h20.32.862098 -0700,
33,0,33,,,,,,,space,17.306750599993393,None,5,0.8932407000102103,None,160.8905549000483,j,0.32344529998954386,None,None,161.2384844000917,161.23877630010247,163.25272810005117,163.2527645000955,164.26811070006806,164.26814100006595,165.76732230000198,,,,,,,0,0,0,0,33,0,33,0,339.84785039990675,,,,,,,,,,,,,,,,,,,,,,,,,,,,,,,,,,,,,,,,,,,,,,,,,,,,,,,,160.8905549000483,339.83430170000065,339.84785039990675,339.84785039990675,339.84785039990675,339.84785039990675,340.1820835999679,j,0.32344529998954386,None,left,1,13,7,1,22,16,None,161.2384844000917,161.23877630010247,340.182484799996,340.19762559991796,340.19762559991796,342.21304619999137,342.21304619999137,342.19635250000283,163.25272810005117,163.2527645000955,342.20721819996834,342.21304619999137,342.21304619999137,,,343.2117638998898,stimuli/box_coin_transparent.png,164.26811070006806,164.26814100006595,343.21184239990544,343.22789399989415,344.7270599999465,344.7109832999995,165.76732230000198,,,,,,,,,,,,,,,,783274,right,yes,None,2025-05-07_14h20.23.612,RL_out-of-scanner,2024.2.4,60.05039428312538,2025-05-07 14h20.32.862098 -0700,
34,0,34,,,,,,,space,17.306750599993393,None,5,0.8932407000102103,None,165.76831690000836,j,0.31980970001313835,None,None,166.11757800006308,166.1178861000808,169.1319489000598,169.13200280000456,170.1468570000725,170.14690360007808,172.6618217000505,,,,,,,0,0,0,0,34,0,34,0,344.7270599999465,,,,,,,,,,,,,,,,,,,,,,,,,,,,,,,,,,,,,,,,,,,,,,,,,,,,,,,,165.76831690000836,344.71202739991713,344.7270599999465,344.7270599999465,344.7270599999465,344.7270599999465,345.0611674999818,j,0.31980970001313835,None,left,0,13,7,1,23,16,None,166.11757800006308,166.1178861000808,345.0615899999393,345.0766409999924,345.0766409999924,348.0959219998913,348.0959219998913,348.07555029995274,169.1319489000598,169.13200280000456,348.08936439990066,348.0959219998913,348.0959219998913,,,349.09049689990934,stimuli/box_empty_transparent.png,170.1468570000725,170.14690360007808,349.0906208999222,349.10663519997615,351.62172439997084,351.60547199996654,172.6618217000505,,,,,,,,,,,,,,,,783274,right,yes,None,2025-05-07_14h20.23.612,RL_out-of-scanner,2024.2.4,60.05039428312538,2025-05-07 14h20.32.862098 -0700,
35,0,35,,,,,,,space,17.306750599993393,None,5,0.8932407000102103,None,172.66433560010046,j,0.3453343999572098,None,None,173.03012800007127,173.03057820000686,174.5280744000338,174.52812910010107,175.5424283000175,175.54250890004914,176.54235960007645,,,,,,,0,0,0,0,35,0,35,0,351.62172439997084,,,,,,,,,,,,,,,,,,,,,,,,,,,,,,,,,,,,,,,,,,,,,,,,,,,,,,,,172.66433560010046,351.6080768998945,351.62172439997084,351.62172439997084,351.62172439997084,351.62172439997084,351.97369409992825,j,0.3453343999572098,None,left,1,13,8,1,24,17,None,173.03012800007127,173.03057820000686,351.9743034999119,351.988257399993,351.988257399993,353.49557879997883,353.49557879997883,353.4716729999054,174.5280744000338,174.52812910010107,353.4887531999266,353.49557879997883,353.49557879997883,,,354.48606849997304,stimuli/box_coin_transparent.png,175.5424283000175,175.54250890004914,354.4862467999337,354.5021910999203,355.50223629991524,355.4860022999346,176.54235960007645,,,,,,,,,,,,,,,,783274,right,yes,None,2025-05-07_14h20.23.612,RL_out-of-scanner,2024.2.4,60.05039428312538,2025-05-07 14h20.32.862098 -0700,
36,0,36,,,,,,,space,17.306750599993393,None,5,0.8932407000102103,None,176.54473439999856,j,0.39298630005214363,None,None,176.96047890000045,176.96095650002826,178.47469550010283,178.47475320007652,179.4895151000237,179.48955930001102,183.00399640004616,,,,,,,0,0,0,0,36,0,36,0,355.50223629991524,,,,,,,,,,,,,,,,,,,,,,,,,,,,,,,,,,,,,,,,,,,,,,,,,,,,,,,,176.54473439999856,355.48847280000336,355.50223629991524,355.50223629991524,355.50223629991524,355.50223629991524,355.9040447999723,j,0.39298630005214363,None,left,1,13,9,1,25,18,None,176.96047890000045,176.96095650002826,355.90468269994017,355.91876859997865,355.91876859997865,357.4426967999898,357.4426967999898,357.41829329996835,178.47469550010283,178.47475320007652,357.43582669994794,357.4426967999898,357.4426967999898,,,358.4331551999785,stimuli/box_coin_transparent.png,179.4895151000237,179.48955930001102,358.43332319997717,358.4491764999693,361.96355979994405,361.9476402999135,183.00399640004616,,,,,,,,,,,,,,,,783274,right,yes,None,2025-05-07_14h20.23.612,RL_out-of-scanner,2024.2.4,60.05039428312538,2025-05-07 14h20.32.862098 -0700,
37,0,37,,,,,,,space,17.306750599993393,None,5,0.8932407000102103,None,183.00636790005956,j,0.34131489996798337,None,None,183.37202150002122,183.372469700058,185.38549410004634,185.38555120001547,186.40018270001747,186.40026350005064,187.39998930005822,,,,,,,0,0,0,0,37,0,37,0,361.96355979994405,,,,,,,,,,,,,,,,,,,,,,,,,,,,,,,,,,,,,,,,,,,,,,,,,,,,,,,,183.00636790005956,361.950108799967,361.96355979994405,361.96355979994405,361.96355979994405,361.96355979994405,362.31558489997406,j,0.34131489996798337,None,left,1,13,10,1,26,19,None,183.37202150002122,183.372469700058,362.3161958999699,362.33018229994923,362.33018229994923,364.3452530999202,364.3452530999202,364.3290949999355,185.38549410004634,185.38555120001547,364.33960889989976,364.3452530999202,364.3452530999202,,,365.3438229999738,stimuli/box_coin_transparent.png,186.40018270001747,186.40026350005064,365.34400179993827,365.3602101999568,366.36005089990795,366.34363809996285,187.39998930005822,,,,,,,,,,,,,,,,783274,right,yes,None,2025-05-07_14h20.23.612,RL_out-of-scanner,2024.2.4,60.05039428312538,2025-05-07 14h20.32.862098 -0700,
38,0,38,,,,,,,space,17.306750599993393,None,5,0.8932407000102103,None,187.40243530005682,j,0.34231290000025183,None,None,187.76751600007992,187.76780000003055,188.76562340010423,188.76565830002073,189.76528410008177,189.7653270000592,191.28023200004827,,,,,,,0,0,0,0,38,0,38,0,366.36005089990795,,,,,,,,,,,,,,,,,,,,,,,,,,,,,,,,,,,,,,,,,,,,,,,,,,,,,,,,187.40243530005682,366.3461759999627,366.36005089990795,366.36005089990795,366.36005089990795,366.36005089990795,366.71112569991965,j,0.34231290000025183,None,left,1,13,11,1,27,20,None,187.76751600007992,187.76780000003055,366.71150599990506,366.72625029995106,366.72625029995106,367.7256882999791,367.7256882999791,367.70926309993956,188.76562340010423,188.76565830002073,367.7194974999875,367.7256882999791,367.7256882999791,368.7248080999125,368.7248080999125,368.7089284999529,stimuli/box_coin_transparent.png,189.76528410008177,189.7653270000592,368.7090409999946,368.7248080999125,370.24018559989054,370.2238804999506,191.28023200004827,,,,,,,,,,,,,,,,783274,right,yes,None,2025-05-07_14h20.23.612,RL_out-of-scanner,2024.2.4,60.05039428312538,2025-05-07 14h20.32.862098 -0700,
39,0,39,,,,,,,space,17.306750599993393,None,5,0.8932407000102103,None,191.28267930005677,j,0.39930779999122024,None,None,191.69846099999268,191.69889880006667,192.69693390000612,192.69698810006958,193.7115303000901,193.71157690009568,194.7105008000508,,,,,,,0,0,0,0,39,0,39,0,370.24018559989054,,,,,,,,,,,,,,,,,,,,,,,,,,,,,,,,,,,,,,,,,,,,,,,,,,,,,,,,191.28267930005677,370.22641949995887,370.24018559989054,370.24018559989054,370.24018559989054,370.24018559989054,370.64202659996226,j,0.39930779999122024,None,left,1,13,12,1,28,21,None,191.69846099999268,191.69889880006667,370.6426251999801,370.6566005999921,370.6566005999921,371.66467319999356,371.66467319999356,371.64053819992114,192.69693390000612,192.69698810006958,371.65749979997054,371.66467319999356,371.66467319999356,,,372.65517099993303,stimuli/box_coin_transparent.png,193.7115303000901,193.71157690009568,372.6552942999406,372.6711949999444,373.67065989994444,373.6541556000011,194.7105008000508,,,,,,,,,,,,,,,,783274,right,yes,None,2025-05-07_14h20.23.612,RL_out-of-scanner,2024.2.4,60.05039428312538,2025-05-07 14h20.32.862098 -0700,
40,0,40,,,,,,,space,17.306750599993393,None,5,0.8932407000102103,None,194.71202400000766,j,0.2967214999953285,None,None,195.02831860003062,195.02860860002693,196.54287650005426,196.5429124000948,197.55853410006966,197.55858280009124,198.55779720004648,,,,,,,0,0,0,0,40,0,40,0,373.67065989994444,,,,,,,,,,,,,,,,,,,,,,,,,,,,,,,,,,,,,,,,,,,,,,,,,,,,,,,,194.71202400000766,373.65574709989596,373.67065989994444,373.67065989994444,373.67065989994444,373.67065989994444,373.9719234999502,j,0.2967214999953285,None,left,1,13,13,1,29,22,None,195.02831860003062,195.02860860002693,373.9723154999083,373.9873311999254,373.9873311999254,375.50346579996403,375.50346579996403,375.48649749998003,196.54287650005426,196.5429124000948,375.49688549991697,375.50346579996403,375.50346579996403,,,376.50216849998105,stimuli/box_coin_transparent.png,197.55853410006966,197.55858280009124,376.502303199959,376.51812419993803,377.5178062999621,377.50144539994653,198.55779720004648,,,,,,,,,,,,,,,,783274,right,yes,None,2025-05-07_14h20.23.612,RL_out-of-scanner,2024.2.4,60.05039428312538,2025-05-07 14h20.32.862098 -0700,
41,0,41,,,,,,,space,17.306750599993393,None,5,0.8932407000102103,None,198.5602398000192,j,0.2820505000418052,None,None,198.8598984000273,198.86036380007863,199.8580871000886,199.8581453000661,200.87284940003883,200.8729002000764,203.8864383000182,,,,,,,0,0,0,0,41,0,41,0,377.5178062999621,,,,,,,,,,,,,,,,,,,,,,,,,,,,,,,,,,,,,,,,,,,,,,,,,,,,,,,,198.5602398000192,377.5039791999152,377.5178062999621,377.5178062999621,377.5178062999621,377.5178062999621,377.8034543999238,j,0.2820505000418052,None,right,1,10,0,2,29,22,None,198.8598984000273,198.86036380007863,377.80409379990306,377.81763459998183,377.81763459998183,378.82364009995945,378.82364009995945,378.801685799961,199.8580871000886,199.8581453000661,378.81643139990047,378.82364009995945,378.82364009995945,,,379.8164908000035,stimuli/box_empty_transparent.png,200.87284940003883,200.8729002000764,379.8166177999228,379.83234339999035,382.8467992999358,382.83009429997765,203.8864383000182,,,,,,,,,,,,,,,,783274,right,yes,None,2025-05-07_14h20.23.612,RL_out-of-scanner,2024.2.4,60.05039428312538,2025-05-07 14h20.32.862098 -0700,
42,0,42,,,,,,,space,17.306750599993393,None,5,0.8932407000102103,None,203.88789970008656,j,0.5449503000127152,None,None,204.4540973000694,204.4543892000802,206.46911490010098,206.46916960005183,207.48384950007312,207.4838956000749,210.99750380008481,,,,,,,0,0,0,0,42,0,42,0,382.8467992999358,,,,,,,,,,,,,,,,,,,,,,,,,,,,,,,,,,,,,,,,,,,,,,,,,,,,,,,,203.88789970008656,382.831619799952,382.8467992999358,382.8467992999358,382.8467992999358,382.8467992999358,383.39770359999966,j,0.5449503000127152,None,right,1,10,0,2,29,22,None,204.4540973000694,204.4543892000802,383.39809659996536,383.412841299898,383.412841299898,385.4329870999791,385.4329870999791,385.41271849989425,206.46911490010098,206.46916960005183,385.4267198999878,385.4329870999791,385.4329870999791,,,386.42749019991606,stimuli/box_empty_transparent.png,207.48384950007312,207.4838956000749,386.4276139999274,386.44354369991925,389.9577631999273,389.9411569999065,210.99750380008481,,,,,,,,,,,,,,,,783274,right,yes,None,2025-05-07_14h20.23.612,RL_out-of-scanner,2024.2.4,60.05039428312538,2025-05-07 14h20.32.862098 -0700,
43,0,43,,,,,,,space,17.306750599993393,None,5,0.8932407000102103,None,210.99896310002077,k,0.349080300075002,None,None,211.36501890001819,211.36527130007744,212.36362760001794,212.36366190004628,213.37916330003645,213.37920890003443,215.39497540006414,,,,,,,0,0,0,0,43,0,43,0,389.9577631999273,,,,,,,,,,,,,,,,,,,,,,,,,,,,,,,,,,,,,,,,,,,,,,,,,,,,,,,,210.99896310002077,389.94268469989765,389.9577631999273,389.9577631999273,389.9577631999273,389.9577631999273,390.3086275999667,k,0.349080300075002,None,right,1,10,1,2,30,23,None,211.36501890001819,211.36527130007744,390.3089758999413,390.3239902999485,390.3239902999485,391.3237412999151,391.3237412999151,391.3072578998981,212.36362760001794,212.36366190004628,391.31768449989613,391.3237412999151,391.3237412999151,,,392.3228051000042,stimuli/box_coin_transparent.png,213.37916330003645,213.37920890003443,392.3229260999942,392.3388289998984,394.3545202999376,394.3386211999459,215.39497540006414,,,,,,,,,,,,,,,,783274,right,yes,None,2025-05-07_14h20.23.612,RL_out-of-scanner,2024.2.4,60.05039428312538,2025-05-07 14h20.32.862098 -0700,
44,0,44,,,,,,,space,17.306750599993393,None,5,0.8932407000102103,None,215.39744309999514,k,0.3286630999064073,None,None,215.7463828000473,215.74678180005867,218.25962400005665,218.25967910001054,219.2746023000218,219.27464930003043,221.29014180006925,,,,,,,0,0,0,0,44,0,44,0,394.3545202999376,,,,,,,,,,,,,,,,,,,,,,,,,,,,,,,,,,,,,,,,,,,,,,,,,,,,,,,,215.39744309999514,394.3411846999079,394.3545202999376,394.3545202999376,394.3545202999376,394.3545202999376,394.68994839990046,k,0.3286630999064073,None,right,0,10,1,2,31,23,None,215.7463828000473,215.74678180005867,394.6905057999538,394.7041663998971,394.7041663998971,397.2244561999105,397.2244561999105,397.2032315999968,218.25962400005665,218.25967910001054,397.21745539992116,397.2244561999105,397.2244561999105,,,398.21824349998496,stimuli/box_empty_transparent.png,219.2746023000218,219.27464930003043,398.21836979989894,398.23415259993635,400.25006579991896,400.2337852999335,221.29014180006925,,,,,,,,,,,,,,,,783274,right,yes,None,2025-05-07_14h20.23.612,RL_out-of-scanner,2024.2.4,60.05039428312538,2025-05-07 14h20.32.862098 -0700,
45,0,45,,,,,,,space,17.306750599993393,None,5,0.8932407000102103,None,221.29265100008342,j,0.28234839998185635,None,None,221.59202490001917,221.59248049999587,222.58942870004103,222.5894826001022,223.60449230007362,223.6045397000853,224.60420790000353,,,,,,,0,0,0,0,45,0,45,0,400.25006579991896,,,,,,,,,,,,,,,,,,,,,,,,,,,,,,,,,,,,,,,,,,,,,,,,,,,,,,,,221.29265100008342,400.23639340000227,400.25006579991896,400.25006579991896,400.25006579991896,400.25006579991896,400.5355920000002,j,0.28234839998185635,None,right,0,10,1,2,31,23,None,221.59202490001917,221.59248049999587,400.5362084999215,400.5495561999269,400.5495561999269,401.55362739996053,401.55362739996053,401.53303559997585,222.58942870004103,222.5894826001022,401.54729239991866,401.55362739996053,401.55362739996053,,,402.5481271999888,stimuli/box_empty_transparent.png,223.60449230007362,223.6045397000853,402.54825899994466,402.56399739999324,403.5636740999762,403.54785099998116,224.60420790000353,,,,,,,,,,,,,,,,783274,right,yes,None,2025-05-07_14h20.23.612,RL_out-of-scanner,2024.2.4,60.05039428312538,2025-05-07 14h20.32.862098 -0700,
46,0,46,,,,,,,space,17.306750599993393,None,5,0.8932407000102103,None,224.6068258000305,None,,,['k'],226.10383190005086,226.1039500000188,228.1180990000721,228.11815520003438,229.13344940007664,229.133496100083,230.14974620006979,[0.3169281000737101],[0.18220989999826998],,,,,0,0,0,0,46,0,46,0,403.5636740999762,,,,,,,,,,,,,,,,,,,,,,,,,,,,,,,,,,,,,,,,,,,,,,,,,,,,,,,,224.6068258000305,403.55057769990526,403.5636740999762,403.5636740999762,403.5636740999762,403.5636740999762,405.04735889995936,None,,,right,0,10,1,2,31,23,['k'],226.10383190005086,226.1039500000188,405.04766729997937,405.062787199975,405.062787199975,407.0825017999159,407.0825017999159,407.06171329994686,228.1180990000721,228.11815520003438,407.0762530999491,407.0825017999159,407.0825017999159,,,408.07708889991045,no selection made,229.13344940007664,229.133496100083,408.0772092998959,408.09329919994343,409.10955829999875,409.0933911999455,230.14974620006979,405.062787199975,405.062787199975,405.062787199975,405.062787199975,[0.3169281000737101],[0.18220989999826998],,,,,,,,,,783274,right,yes,None,2025-05-07_14h20.23.612,RL_out-of-scanner,2024.2.4,60.05039428312538,2025-05-07 14h20.32.862098 -0700,
47,0,47,,,,,,,space,17.306750599993393,None,5,0.8932407000102103,None,230.15225700009614,k,0.34541680000256747,None,None,230.5177810000023,230.51819550001528,233.53032800008077,233.5303825000301,234.54566100006923,234.5457066000672,236.06184920005035,,,,,,,0,0,0,0,47,0,47,0,409.10955829999875,,,,,,,,,,,,,,,,,,,,,,,,,,,,,,,,,,,,,,,,,,,,,,,,,,,,,,,,230.15225700009614,409.09599669999443,409.10955829999875,409.10955829999875,409.10955829999875,409.10955829999875,409.4613172999816,k,0.34541680000256747,None,right,1,10,2,2,32,24,None,230.5177810000023,230.51819550001528,409.4619206999196,409.47600499994587,409.47600499994587,412.498546399991,412.498546399991,412.47394419997,233.53032800008077,233.5303825000301,412.491483699996,412.498546399991,412.498546399991,,,413.4893005999038,stimuli/box_coin_transparent.png,234.54566100006923,234.5457066000672,413.4894239999121,413.50531799998134,415.0216428999556,415.0054942999268,236.06184920005035,,,,,,,,,,,,,,,,783274,right,yes,None,2025-05-07_14h20.23.612,RL_out-of-scanner,2024.2.4,60.05039428312538,2025-05-07 14h20.32.862098 -0700,
48,0,48,,,,,,,space,17.306750599993393,None,5,0.8932407000102103,None,236.06423080002423,k,0.3399712999816984,None,None,236.42906750005204,236.4294888000004,237.94359810010064,237.9436336000217,238.95894570008386,238.95899720001034,242.47313190007117,,,,,,,0,0,0,0,48,0,48,0,415.0216428999556,,,,,,,,,,,,,,,,,,,,,,,,,,,,,,,,,,,,,,,,,,,,,,,,,,,,,,,,236.06423080002423,415.0079713999294,415.0216428999556,415.0216428999556,415.0216428999556,415.0216428999556,415.37263689993415,k,0.3399712999816984,None,right,1,10,3,2,33,25,None,236.42906750005204,236.4294888000004,415.3732128998963,415.3875817999942,415.3875817999942,416.90371299989056,416.90371299989056,416.88722389994655,237.94359810010064,237.9436336000217,416.8979523999151,416.90371299989056,416.90371299989056,,,417.9025860999245,stimuli/box_coin_transparent.png,238.95894570008386,238.95899720001034,417.902715299977,417.9186535999179,421.43328649993055,421.4167764999438,242.47313190007117,,,,,,,,,,,,,,,,783274,right,yes,None,2025-05-07_14h20.23.612,RL_out-of-scanner,2024.2.4,60.05039428312538,2025-05-07 14h20.32.862098 -0700,
49,0,49,,,,,,,space,17.306750599993393,None,5,0.8932407000102103,None,242.475515200058,k,0.2879863000707701,None,None,242.79049490008038,242.79088740004227,244.30516480002552,244.30521910008974,245.3204271000577,245.32047280005645,245.32125100004487,,,,,,,0,0,0,0,49,0,49,0,421.43328649993055,,,,,,,,,,,,,,,,,,,,,,,,,,,,,,,,,,,,,,,,,,,,,,,,,,,,,,,,242.475515200058,421.4192553999601,421.43328649993055,421.43328649993055,421.43328649993055,421.43328649993055,421.7340660999762,k,0.2879863000707701,None,right,1,10,4,2,34,26,None,242.79049490008038,242.79088740004227,421.7346111999359,421.7491468999069,421.7491468999069,423.27324229991063,423.27324229991063,423.2487720999634,244.30516480002552,244.30521910008974,423.2663110999856,423.27324229991063,423.27324229991063,,,424.2640676998999,stimuli/box_coin_transparent.png,245.3204271000577,245.32047280005645,424.26421249995474,424.30095499998424,424.30095499998424,424.264907799894,245.32125100004487,,,,,,,,,,,,,,,,783274,right,yes,None,2025-05-07_14h20.23.612,RL_out-of-scanner,2024.2.4,60.05039428312538,2025-05-07 14h20.32.862098 -0700,
0,0,0,,,,,,,space,17.306750599993393,None,5,0.8932407000102103,None,,,,,,,,,,,,,,,,,,,0,0,0,0,,,,,,,,,,,,,,,,,,,,,,,,,,,,,,,,,,,,,,,,,,,,,,,,,,,,,,,,,,,,,,,,,,,,,,,,,,,,,,,,,,,,,,,,,,,,,,,,,,,,,,,,,,,,,424.29487439990044,424.30095499998424,428.27749729994684,428.2822630999144,428.29356499994174,483.88284129998647,483.86709109996445,,,783274,right,yes,None,2025-05-07_14h20.23.612,RL_out-of-scanner,2024.2.4,60.05039428312538,2025-05-07 14h20.32.862098 -0700,
0,0,0,,,,,,,space,68.83658080000896,None,5,2.534737900015898,None,0.002978399978019297,j,0.713550699991174,None,None,0.7341815999243408,0.7346766999689862,1.7323016999289393,1.7323584998957813,2.747177299926989,2.7472451999783516,4.7626552999718115,,,,,,,1,0,1,0,0,0,0,0,555.3094109999947,,,,,,,,,,,,,,,,,,,,,,,,,,,,,,,,,,,,,,,,,,483.8674989999272,483.88284129998647,483.88284129998647,552.7291070999345,space,68.83658080000896,None,552.7292383000022,552.7445945999352,552.7445945999352,555.29363989993,5,2.534737900015898,None,0.002978399978019297,555.2967490999727,555.3094109999947,555.3094109999947,555.3094109999947,555.3094109999947,556.0277780999895,j,0.713550699991174,None,right,1,11,0,3,34,0,None,0.7341815999243408,0.7346766999689862,556.0284358999925,556.0424414000008,556.0424414000008,557.0467500999803,557.0467500999803,557.0259074999485,1.7323016999289393,1.7323584998957813,557.040396999917,557.0467500999803,557.0467500999803,,,558.0408483999781,stimuli/box_empty_transparent.png,2.747177299926989,2.7472451999783516,558.0409914999036,558.0568068999564,560.0723459000001,560.0563315999461,4.7626552999718115,,,,,,,,,,,,,,,,783274,right,yes,None,2025-05-07_14h20.23.612,RL_out-of-scanner,2024.2.4,60.05039428312538,2025-05-07 14h20.32.862098 -0700,
1,0,1,,,,,,,space,68.83658080000896,None,5,2.534737900015898,None,4.7651665000012144,k,0.3347214999375865,None,None,5.129945399938151,5.130340199917555,6.644662299891934,6.644713599933311,7.660386199946515,7.660432599950582,9.175432699965313,,,,,,,1,0,1,0,1,0,1,0,560.0723459000001,,,,,,,,,,,,,,,,,,,,,,,,,,,,,,,,,,,,,,,,,,,,,,,,,,,,,,,,4.7651665000012144,560.0589361999882,560.0723459000001,560.0723459000001,560.0723459000001,560.0723459000001,560.4235256999964,k,0.3347214999375865,None,right,1,11,1,3,35,1,None,5.129945399938151,5.130340199917555,560.4240946999053,560.4386868999572,560.4386868999572,561.9630784998881,561.9630784998881,561.9383104000008,6.644662299891934,6.644713599933311,561.9559778999537,561.9630784998881,561.9630784998881,,,562.9540571999969,stimuli/box_coin_transparent.png,7.660386199946515,7.660432599950582,562.9541822999017,562.9698608999606,564.4853788999608,564.4691118999617,9.175432699965313,,,,,,,,,,,,,,,,783274,right,yes,None,2025-05-07_14h20.23.612,RL_out-of-scanner,2024.2.4,60.05039428312538,2025-05-07 14h20.32.862098 -0700,
2,0,2,,,,,,,space,68.83658080000896,None,5,2.534737900015898,None,9.177936799940653,None,,,['k'],10.675334299914539,10.675446199951693,11.674167199991643,11.674221199937165,12.689091299893335,12.689140199916437,15.703873899998143,[0.35028909996617585],[0.1739540999988094],,,,,1,0,1,0,2,0,2,0,564.4853788999608,,,,,,,,,,,,,,,,,,,,,,,,,,,,,,,,,,,,,,,,,,,,,,,,,,,,,,,,9.177936799940653,564.4717136999825,564.4853788999608,564.4853788999608,564.4853788999608,564.4853788999608,565.9688982999651,None,,,right,1,11,1,3,35,1,['k'],10.675334299914539,10.675446199951693,565.9691942998907,565.9845189999323,565.9845189999323,566.9887289999751,566.9887289999751,566.9678096999414,11.674167199991643,11.674221199937165,566.9819765998982,566.9887289999751,566.9887289999751,,,567.9827577999095,no selection made,12.689091299893335,12.689140199916437,567.9828849999467,567.9990349999862,571.0137055999367,570.9975453999359,15.703873899998143,565.9845189999323,565.9845189999323,565.9845189999323,565.9845189999323,[0.35028909996617585],[0.1739540999988094],,,,,,,,,,783274,right,yes,None,2025-05-07_14h20.23.612,RL_out-of-scanner,2024.2.4,60.05039428312538,2025-05-07 14h20.32.862098 -0700,
3,0,3,,,,,,,space,68.83658080000896,None,5,2.534737900015898,None,15.706311199930497,j,0.28069619997404516,None,None,16.005318299983628,16.005777399986982,18.01946479990147,18.01951759995427,19.03448449994903,19.03453119995538,20.034073899965733,,,,,,,1,0,1,0,3,0,3,0,571.0137055999367,,,,,,,,,,,,,,,,,,,,,,,,,,,,,,,,,,,,,,,,,,,,,,,,,,,,,,,,15.706311199930497,571.0000817999244,571.0137055999367,571.0137055999367,571.0137055999367,571.0137055999367,571.2989181999583,j,0.28069619997404516,None,right,1,11,1,3,35,1,None,16.005318299983628,16.005777399986982,571.2995362998918,571.3136663999176,571.3136663999176,573.3341556999367,573.3341556999367,573.3131046999479,18.01946479990147,18.01951759995427,573.3273370999377,573.3341556999367,573.3341556999367,,,574.3281533999834,stimuli/box_empty_transparent.png,19.03448449994903,19.03453119995538,574.3282805999042,574.3440144999186,575.3436708999798,575.3277256999863,20.034073899965733,,,,,,,,,,,,,,,,783274,right,yes,None,2025-05-07_14h20.23.612,RL_out-of-scanner,2024.2.4,60.05039428312538,2025-05-07 14h20.32.862098 -0700,
4,0,4,,,,,,,space,68.83658080000896,None,5,2.534737900015898,None,20.036576099926606,k,0.30845020001288503,None,None,20.36846379993949,20.368859999929555,21.366769399959594,21.366824899916537,22.381719499942847,22.381766099948436,24.89685839996673,,,,,,,1,0,1,0,4,0,4,0,575.3436708999798,,,,,,,,,,,,,,,,,,,,,,,,,,,,,,,,,,,,,,,,,,,,,,,,,,,,,,,,20.036576099926606,575.3303499999456,575.3436708999798,575.3436708999798,575.3436708999798,575.3436708999798,575.6620640999172,k,0.30845020001288503,None,right,0,11,1,3,36,1,None,20.36846379993949,20.368859999929555,575.6626475999365,575.6764592999825,575.6764592999825,576.681811699993,576.681811699993,576.6603967999108,21.366769399959594,21.366824899916537,576.6746083999751,576.681811699993,576.681811699993,,,577.6753915000008,stimuli/box_empty_transparent.png,22.381719499942847,22.381766099948436,577.6755159999011,577.6914695999585,580.2066589999013,580.1905345999403,24.89685839996673,,,,,,,,,,,,,,,,783274,right,yes,None,2025-05-07_14h20.23.612,RL_out-of-scanner,2024.2.4,60.05039428312538,2025-05-07 14h20.32.862098 -0700,
5,0,5,,,,,,,space,68.83658080000896,None,5,2.534737900015898,None,24.899572899914347,j,0.29649700003210455,None,None,25.21422729990445,25.214666299987584,28.727258099941537,28.72731359989848,29.742113999905996,29.74216019990854,31.758117599994875,,,,,,,1,0,1,0,5,0,5,0,580.2066589999013,,,,,,,,,,,,,,,,,,,,,,,,,,,,,,,,,,,,,,,,,,,,,,,,,,,,,,,,24.899572899914347,580.1933454999235,580.2066589999013,580.2066589999013,580.2066589999013,580.2066589999013,580.5078237999696,j,0.29649700003210455,None,right,0,11,1,3,36,1,None,25.21422729990445,25.214666299987584,580.5084232999943,580.5227968998952,580.5227968998952,584.0420086999657,584.0420086999657,584.0208964999765,28.727258099941537,28.72731359989848,584.0347684998997,584.0420086999657,584.0420086999657,,,585.0357870999724,stimuli/box_empty_transparent.png,29.742113999905996,29.74216019990854,585.03590909997,585.05219629989,587.0674414999085,587.0517920999555,31.758117599994875,,,,,,,,,,,,,,,,783274,right,yes,None,2025-05-07_14h20.23.612,RL_out-of-scanner,2024.2.4,60.05039428312538,2025-05-07 14h20.32.862098 -0700,
6,0,6,,,,,,,space,68.83658080000896,None,5,2.534737900015898,None,31.760516099981032,j,0.29004889994394034,None,None,32.076056999969296,32.07658779993653,33.090391799923964,33.090450699906796,34.089821100002155,34.08986589999404,35.088433599914424,,,,,,,1,0,1,0,6,0,6,0,587.0674414999085,,,,,,,,,,,,,,,,,,,,,,,,,,,,,,,,,,,,,,,,,,,,,,,,,,,,,,,,31.760516099981032,587.054284999962,587.0674414999085,587.0674414999085,587.0674414999085,587.0674414999085,587.3696557999356,j,0.29004889994394034,None,right,0,11,1,3,36,1,None,32.076056999969296,32.07658779993653,587.3703468999593,587.3839853999671,587.3839853999671,588.4001461999724,588.4001461999724,588.3840193999931,33.090391799923964,33.090450699906796,588.3931030998938,588.4001461999724,588.4001461999724,589.3988666998921,589.3988666998921,589.3834913999308,stimuli/box_empty_transparent.png,34.089821100002155,34.08986589999404,589.3836149999406,589.3988666998921,590.3984574999195,590.382109799888,35.088433599914424,,,,,,,,,,,,,,,,783274,right,yes,None,2025-05-07_14h20.23.612,RL_out-of-scanner,2024.2.4,60.05039428312538,2025-05-07 14h20.32.862098 -0700,
7,0,7,,,,,,,space,68.83658080000896,None,5,2.534737900015898,None,35.09102999989409,k,0.27982190006878227,None,None,35.39049909997266,35.39091659989208,37.40330769994762,37.40336459991522,38.41892669990193,38.41897399991285,40.43437669996638,,,,,,,1,0,1,0,7,0,7,0,590.3984574999195,,,,,,,,,,,,,,,,,,,,,,,,,,,,,,,,,,,,,,,,,,,,,,,,,,,,,,,,35.09102999989409,590.3848038999131,590.3984574999195,590.3984574999195,590.3984574999195,590.3984574999195,590.6840967999306,k,0.27982190006878227,None,right,1,11,2,3,37,2,None,35.39049909997266,35.39091659989208,590.6846741999034,590.6980190000031,590.6980190000031,592.7144042999716,592.7144042999716,592.6969379999209,37.40330769994762,37.40336459991522,592.70878789993,592.7144042999716,592.7144042999716,,,593.7125971999485,stimuli/box_coin_transparent.png,38.41892669990193,38.41897399991285,593.7127228999743,593.7286292999052,595.7440195999807,595.7280509999255,40.43437669996638,,,,,,,,,,,,,,,,783274,right,yes,None,2025-05-07_14h20.23.612,RL_out-of-scanner,2024.2.4,60.05039428312538,2025-05-07 14h20.32.862098 -0700,
8,0,8,,,,,,,space,68.83658080000896,None,5,2.534737900015898,None,40.43705139996018,k,0.2788464999757707,None,None,40.735923099913634,40.736464599962346,43.7487712999573,43.74882739991881,44.76362240000162,44.76366820000112,46.26296769990586,,,,,,,1,0,1,0,8,0,8,0,595.7440195999807,,,,,,,,,,,,,,,,,,,,,,,,,,,,,,,,,,,,,,,,,,,,,,,,,,,,,,,,40.43705139996018,595.7308244999731,595.7440195999807,595.7440195999807,595.7440195999807,595.7440195999807,596.0295142999385,k,0.2788464999757707,None,right,1,11,3,3,38,3,None,40.735923099913634,40.736464599962346,596.0302206999622,596.0443633999676,596.0443633999676,599.0671542999335,599.0671542999335,599.0423766999738,43.7487712999573,43.74882739991881,599.0603165999055,599.0671542999335,599.0671542999335,,,600.0572935999371,stimuli/box_coin_transparent.png,44.76362240000162,44.76366820000112,600.0574174999492,600.0733242999995,601.5731597999111,601.5566434999928,46.26296769990586,,,,,,,,,,,,,,,,783274,right,yes,None,2025-05-07_14h20.23.612,RL_out-of-scanner,2024.2.4,60.05039428312538,2025-05-07 14h20.32.862098 -0700,
9,0,9,,,,,,,space,68.83658080000896,None,5,2.534737900015898,None,46.26551249995828,k,0.3255208999617025,None,None,46.614361799904145,46.6147709999932,48.12877309997566,48.128858399926685,49.143607599893585,49.14365389989689,51.159253699937835,,,,,,,1,0,1,0,9,0,9,0,601.5731597999111,,,,,,,,,,,,,,,,,,,,,,,,,,,,,,,,,,,,,,,,,,,,,,,,,,,,,,,,46.26551249995828,601.5592821999453,601.5731597999111,601.5731597999111,601.5731597999111,601.5731597999111,601.9079599999823,k,0.3255208999617025,None,right,1,11,4,3,39,4,None,46.614361799904145,46.6147709999932,601.9085257999832,601.9223313999828,601.9223313999828,603.4467130999546,603.4467130999546,603.4224089999916,48.12877309997566,48.128858399926685,603.4398173999507,603.4467130999546,603.4467130999546,,,604.4372798999539,stimuli/box_coin_transparent.png,49.143607599893585,49.14365389989689,604.4374046999728,604.4536195999244,606.4689339000033,606.4529297999106,51.159253699937835,,,,,,,,,,,,,,,,783274,right,yes,None,2025-05-07_14h20.23.612,RL_out-of-scanner,2024.2.4,60.05039428312538,2025-05-07 14h20.32.862098 -0700,
10,0,10,,,,,,,space,68.83658080000896,None,5,2.534737900015898,None,51.1617852000054,k,0.7893035999732092,None,None,51.97671059996355,51.97714929992799,53.49078429990914,53.49087039998267,54.50602619990241,54.50607179990038,55.505738999927416,,,,,,,1,0,1,0,10,0,10,0,606.4689339000033,,,,,,,,,,,,,,,,,,,,,,,,,,,,,,,,,,,,,,,,,,,,,,,,,,,,,,,,51.1617852000054,606.455553799984,606.4689339000033,606.4689339000033,606.4689339000033,606.4689339000033,607.2703073999146,k,0.7893035999732092,None,right,0,11,4,3,40,4,None,51.97671059996355,51.97714929992799,607.2709063999355,607.2846682999516,607.2846682999516,608.8057956999401,608.8057956999401,608.7844275999814,53.49078429990914,53.49087039998267,608.7991532000015,608.8057956999401,608.8057956999401,,,609.7996971999528,stimuli/box_empty_transparent.png,54.50602619990241,54.50607179990038,609.7998211999657,609.8158039998962,610.8155770999147,610.7994145998964,55.505738999927416,,,,,,,,,,,,,,,,783274,right,yes,None,2025-05-07_14h20.23.612,RL_out-of-scanner,2024.2.4,60.05039428312538,2025-05-07 14h20.32.862098 -0700,
11,0,11,,,,,,,space,68.83658080000896,None,5,2.534737900015898,None,55.50812459993176,j,0.6448912000050768,None,None,56.1734681999078,56.173917199950665,58.186928499955684,58.187004199950024,59.20227319991682,59.2023205999285,60.71799229993485,,,,,,,1,0,1,0,11,0,11,0,610.8155770999147,,,,,,,,,,,,,,,,,,,,,,,,,,,,,,,,,,,,,,,,,,,,,,,,,,,,,,,,55.50812459993176,610.8018926999066,610.8155770999147,610.8155770999147,610.8155770999147,610.8155770999147,611.4670622999547,j,0.6448912000050768,None,right,0,11,4,3,40,4,None,56.1734681999078,56.173917199950665,611.4676736999536,611.4817431999836,611.4817431999836,613.5021213999717,613.5021213999717,613.4805755999405,58.186928499955684,58.187004199950024,613.4951458999421,613.5021213999717,613.5021213999717,,,614.495946399984,stimuli/box_empty_transparent.png,59.20227319991682,59.2023205999285,614.4960720998934,614.5119567998918,616.0280681999866,616.0116673999,60.71799229993485,,,,,,,,,,,,,,,,783274,right,yes,None,2025-05-07_14h20.23.612,RL_out-of-scanner,2024.2.4,60.05039428312538,2025-05-07 14h20.32.862098 -0700,
12,0,12,,,,,,,space,68.83658080000896,None,5,2.534737900015898,None,60.72035699989647,k,0.38428910006769,None,None,61.1360881999135,61.136484299902804,62.15048739989288,62.15054069994949,63.16595069994219,63.16600369999651,66.18022089998703,,,,,,,1,0,1,0,12,0,12,0,616.0280681999866,,,,,,,,,,,,,,,,,,,,,,,,,,,,,,,,,,,,,,,,,,,,,,,,,,,,,,,,60.72035699989647,616.0141260999953,616.0280681999866,616.0280681999866,616.0280681999866,616.0280681999866,616.4296838999726,k,0.38428910006769,None,right,0,11,4,3,41,4,None,61.1360881999135,61.136484299902804,616.4302392998943,616.4443028999958,616.4443028999958,617.465729199932,617.465729199932,617.4441274999408,62.15048739989288,62.15054069994949,617.45882109995,617.465729199932,617.465729199932,,,618.4596074000001,stimuli/box_empty_transparent.png,63.16595069994219,63.16600369999651,618.4597530999454,618.4755974999862,621.4899705999997,621.473896099953,66.18022089998703,,,,,,,,,,,,,,,,783274,right,yes,None,2025-05-07_14h20.23.612,RL_out-of-scanner,2024.2.4,60.05039428312538,2025-05-07 14h20.32.862098 -0700,
13,0,13,,,,,,,space,68.83658080000896,None,5,2.534737900015898,None,66.18269819999114,j,0.3192593000130728,None,None,66.53174059989396,66.53222910000477,67.03041499992833,67.03047090000473,68.0453414999647,68.04538789996877,70.06059979996644,,,,,,,1,0,1,0,13,0,13,0,621.4899705999997,,,,,,,,,,,,,,,,,,,,,,,,,,,,,,,,,,,,,,,,,,,,,,,,,,,,,,,,66.18269819999114,621.4765045999084,621.4899705999997,621.4899705999997,621.4899705999997,621.4899705999997,621.8253388999728,j,0.3192593000130728,None,right,0,11,4,3,41,4,None,66.53174059989396,66.53222910000477,621.825987399905,621.8398820000002,621.8398820000002,622.3459344999865,622.3459344999865,622.3240428999998,67.03041499992833,67.03047090000473,622.3391140999738,622.3459344999865,622.3459344999865,,,623.3390081999823,stimuli/box_empty_transparent.png,68.0453414999647,68.04538789996877,623.3391371999169,623.3548964998918,625.3707263999386,625.3542761999415,70.06059979996644,,,,,,,,,,,,,,,,783274,right,yes,None,2025-05-07_14h20.23.612,RL_out-of-scanner,2024.2.4,60.05039428312538,2025-05-07 14h20.32.862098 -0700,
14,0,14,,,,,,,space,68.83658080000896,None,5,2.534737900015898,None,70.06301209994126,k,0.28167049994226545,None,None,70.36104049999267,70.3612980999751,71.87639200000558,71.87644589995034,72.89143869990949,72.8914898999501,73.89078969997354,,,,,,,1,0,1,0,14,0,14,0,625.3707263999386,,,,,,,,,,,,,,,,,,,,,,,,,,,,,,,,,,,,,,,,,,,,,,,,,,,,,,,,70.06301209994126,625.3567859999603,625.3707263999386,625.3707263999386,625.3707263999386,625.3707263999386,625.6546800999204,k,0.28167049994226545,None,right,1,11,5,3,42,5,None,70.36104049999267,70.3612980999751,625.6550367999589,625.6700492999516,625.6700492999516,627.1962088999571,627.1962088999571,627.1700380999828,71.87639200000558,71.87644589995034,627.1892338999314,627.1962088999571,627.1962088999571,,,628.1851091999561,stimuli/box_coin_transparent.png,72.89143869990949,72.8914898999501,628.1852386998944,628.2011646999745,629.2006405999418,629.1844662999501,73.89078969997354,,,,,,,,,,,,,,,,783274,right,yes,None,2025-05-07_14h20.23.612,RL_out-of-scanner,2024.2.4,60.05039428312538,2025-05-07 14h20.32.862098 -0700,
15,0,15,,,,,,,space,68.83658080000896,None,5,2.534737900015898,None,73.89315969997551,k,0.33383270003832877,None,None,74.25894799991511,74.25935569999274,75.2571172999451,75.25717080000322,76.27195179997943,76.27199829998426,78.27110469993204,,,,,,,1,0,1,0,15,0,15,0,629.2006405999418,,,,,,,,,,,,,,,,,,,,,,,,,,,,,,,,,,,,,,,,,,,,,,,,,,,,,,,,73.89315969997551,629.1869302999694,629.2006405999418,629.2006405999418,629.2006405999418,629.2006405999418,629.5525110999588,k,0.33383270003832877,None,right,1,11,6,3,43,6,None,74.25894799991511,74.25935569999274,629.5531118999934,629.5671366999159,629.5671366999159,630.5752928999718,630.5752928999718,630.5507562999846,75.2571172999451,75.25717080000322,630.5683453999227,630.5752928999718,630.5752928999718,,,631.565623399918,stimuli/box_coin_transparent.png,76.27195179997943,76.27199829998426,631.5657474999316,631.5815314999782,633.5806918999879,633.5647810999071,78.27110469993204,,,,,,,,,,,,,,,,783274,right,yes,None,2025-05-07_14h20.23.612,RL_out-of-scanner,2024.2.4,60.05039428312538,2025-05-07 14h20.32.862098 -0700,
16,0,16,,,,,,,space,68.83658080000896,None,5,2.534737900015898,None,78.27347849996295,k,0.3138428999809548,None,None,78.60538289998658,78.60591759998351,80.61953399993945,80.61958830000367,81.63432709989138,81.6343730998924,82.63364339992404,,,,,,,1,0,1,0,16,0,16,0,633.5806918999879,,,,,,,,,,,,,,,,,,,,,,,,,,,,,,,,,,,,,,,,,,,,,,,,,,,,,,,,78.27347849996295,633.5672474999446,633.5806918999879,633.5806918999879,633.5806918999879,633.5806918999879,633.8989774999209,k,0.3138428999809548,None,right,0,11,6,3,44,6,None,78.60538289998658,78.60591759998351,633.8996785999043,633.913626399939,633.913626399939,635.934948299895,635.934948299895,635.9131694999523,80.61953399993945,80.61958830000367,635.9276393000036,635.934948299895,635.934948299895,,,636.9279984999448,stimuli/box_empty_transparent.png,81.63432709989138,81.6343730998924,636.9281217999524,636.9440430999966,637.9434392999392,637.9273191998946,82.63364339992404,,,,,,,,,,,,,,,,783274,right,yes,None,2025-05-07_14h20.23.612,RL_out-of-scanner,2024.2.4,60.05039428312538,2025-05-07 14h20.32.862098 -0700,
17,0,17,,,,,,,space,68.83658080000896,None,5,2.534737900015898,None,82.63611939991824,j,0.2940964999143034,None,None,82.95223569998052,82.95271139999386,83.94998609996401,83.9500411999179,84.96488579991274,84.96493179991376,85.96475159993861,,,,,,,1,0,1,0,17,0,17,0,637.9434392999392,,,,,,,,,,,,,,,,,,,,,,,,,,,,,,,,,,,,,,,,,,,,,,,,,,,,,,,,82.63611939991824,637.9298899999121,637.9434392999392,637.9434392999392,637.9434392999392,637.9434392999392,638.245833999943,j,0.2940964999143034,None,right,0,11,6,3,44,6,None,82.95223569998052,82.95271139999386,638.2464684000006,638.2603166999761,638.2603166999761,639.265333599993,639.265333599993,639.2436242999975,83.94998609996401,83.9500411999179,639.2583863999462,639.265333599993,639.265333599993,,,640.2585574999684,stimuli/box_empty_transparent.png,84.96488579991274,84.96493179991376,640.2586804999737,640.2745693000033,641.2746587999864,641.2584238999989,85.96475159993861,,,,,,,,,,,,,,,,783274,right,yes,None,2025-05-07_14h20.23.612,RL_out-of-scanner,2024.2.4,60.05039428312538,2025-05-07 14h20.32.862098 -0700,
18,0,18,,,,,,,space,68.83658080000896,None,5,2.534737900015898,None,85.96719070000108,k,0.25064430001657456,None,None,86.24953939998522,86.24997239990626,89.76177489990368,89.76182829996105,90.777090699994,90.77714119991288,92.79247059999034,,,,,,,1,0,1,0,18,0,18,0,641.2746587999864,,,,,,,,,,,,,,,,,,,,,,,,,,,,,,,,,,,,,,,,,,,,,,,,,,,,,,,,85.96719070000108,641.2609675999265,641.2746587999864,641.2746587999864,641.2746587999864,641.2746587999864,641.5431388999568,k,0.25064430001657456,None,right,1,11,7,3,45,7,None,86.24953939998522,86.24997239990626,641.5437306999229,641.5575767999981,641.5575767999981,645.0802581999451,645.0802581999451,645.0553986999439,89.76177489990368,89.76182829996105,645.0736376999412,645.0802581999451,645.0802581999451,,,646.0707626999356,stimuli/box_coin_transparent.png,90.777090699994,90.77714119991288,646.0708907999797,646.0868219999829,648.1024293999653,648.0861442999449,92.79247059999034,,,,,,,,,,,,,,,,783274,right,yes,None,2025-05-07_14h20.23.612,RL_out-of-scanner,2024.2.4,60.05039428312538,2025-05-07 14h20.32.862098 -0700,
19,0,19,,,,,,,space,68.83658080000896,None,5,2.534737900015898,None,92.79494239995256,k,0.32397689996287227,None,None,93.1441666999599,93.14456829999108,94.1419568998972,94.14201049995609,95.15674839995336,95.15679489995819,96.67277859989554,,,,,,,1,0,1,0,19,0,19,0,648.1024293999653,,,,,,,,,,,,,,,,,,,,,,,,,,,,,,,,,,,,,,,,,,,,,,,,,,,,,,,,92.79494239995256,648.0887121999403,648.1024293999653,648.1024293999653,648.1024293999653,648.1024293999653,648.4377647999208,k,0.32397689996287227,None,right,1,11,8,3,46,8,None,93.1441666999599,93.14456829999108,648.4383241999894,648.4520338999573,648.4520338999573,649.4604207999073,649.4604207999073,649.4356042,94.1419568998972,94.14201049995609,649.4536009998992,649.4604207999073,649.4604207999073,,,650.4504174999893,stimuli/box_coin_transparent.png,95.15674839995336,95.15679489995819,650.4505446999101,650.4667014000006,651.9825265998952,651.9664537999779,96.67277859989554,,,,,,,,,,,,,,,,783274,right,yes,None,2025-05-07_14h20.23.612,RL_out-of-scanner,2024.2.4,60.05039428312538,2025-05-07 14h20.32.862098 -0700,
20,0,20,,,,,,,space,68.83658080000896,None,5,2.534737900015898,None,96.67532129993197,k,0.3696757999714464,None,None,97.07419579999987,97.07463059993461,99.0874390999088,99.0874965999974,100.10298429999966,100.10303019999992,102.11842039995827,,,,,,,1,0,1,0,20,0,20,0,651.9825265998952,,,,,,,,,,,,,,,,,,,,,,,,,,,,,,,,,,,,,,,,,,,,,,,,,,,,,,,,96.67532129993197,651.9691236999352,651.9825265998952,651.9825265998952,651.9825265998952,651.9825265998952,652.3677863999037,k,0.3696757999714464,None,right,1,11,9,3,47,9,None,97.07419579999987,97.07463059993461,652.3683863999322,652.3825498999795,652.3825498999795,654.4056835999945,654.4056835999945,654.3810650999658,99.0874390999088,99.0874965999974,654.3998807999305,654.4056835999945,654.4056835999945,,,655.3966552999336,stimuli/box_coin_transparent.png,100.10298429999966,100.10303019999992,655.3967793999473,655.4127239999361,657.4281155999051,657.4120947999181,102.11842039995827,,,,,,,,,,,,,,,,783274,right,yes,None,2025-05-07_14h20.23.612,RL_out-of-scanner,2024.2.4,60.05039428312538,2025-05-07 14h20.32.862098 -0700,
21,0,21,,,,,,,space,68.83658080000896,None,5,2.534737900015898,None,102.12141119991429,k,0.3373282999964431,None,None,102.48646949999966,102.48703359998763,105.49956279993057,105.49961729999632,106.51437899994198,106.51442789996509,108.03016159997787,,,,,,,1,0,1,0,21,0,21,0,657.4281155999051,,,,,,,,,,,,,,,,,,,,,,,,,,,,,,,,,,,,,,,,,,,,,,,,,,,,,,,,102.12141119991429,657.4151838999242,657.4281155999051,657.4281155999051,657.4281155999051,657.4281155999051,657.7800677999621,k,0.3373282999964431,None,right,1,11,10,3,48,10,None,102.48646949999966,102.48703359998763,657.7808030999731,657.7948762999149,657.7948762999149,660.8179943999276,660.8179943999276,660.7932022999739,105.49956279993057,105.49961729999632,660.8108930999879,660.8179943999276,660.8179943999276,,,661.8080461999634,stimuli/box_coin_transparent.png,106.51437899994198,106.51442789996509,661.8081775999162,661.8241552999243,663.3399764999049,663.3238426999887,108.03016159997787,,,,,,,,,,,,,,,,783274,right,yes,None,2025-05-07_14h20.23.612,RL_out-of-scanner,2024.2.4,60.05039428312538,2025-05-07 14h20.32.862098 -0700,
22,0,22,,,,,,,space,68.83658080000896,None,5,2.534737900015898,None,108.0326535999775,k,1.055326799978502,None,['k'],109.11479099991266,109.11523309990298,110.61229259998072,110.61234529991634,111.62755059998017,111.62759859999642,113.64233529998455,[0.28349589998833835],[0.1578064999775961],,,,,1,0,1,0,22,0,22,0,663.3399764999049,,,,,,,,,,,,,,,,,,,,,,,,,,,,,,,,,,,,,,,,,,,,,,,,,,,,,,,,108.0326535999775,663.3264265999896,663.3399764999049,663.3399764999049,663.3399764999049,663.3399764999049,664.4083353999304,k,1.055326799978502,None,right,1,11,11,3,49,11,['k'],109.11479099991266,109.11523309990298,664.4089918999234,664.4225942998892,664.4225942998892,665.9303932999028,665.9303932999028,665.9059256999753,110.61229259998072,110.61234529991634,665.9234707999276,665.9303932999028,665.9303932999028,,,666.9212187998928,stimuli/box_coin_transparent.png,111.62755059998017,111.62759859999642,666.9213437999133,666.9369235999184,668.9522784999572,668.9360118999612,113.64233529998455,,,,,[0.28349589998833835],[0.1578064999775961],,,,,,,,,,783274,right,yes,None,2025-05-07_14h20.23.612,RL_out-of-scanner,2024.2.4,60.05039428312538,2025-05-07 14h20.32.862098 -0700,
23,0,23,,,,,,,space,68.83658080000896,None,5,2.534737900015898,None,113.64547210000455,k,0.3400617999723181,None,None,114.01076989993453,114.01121539995074,115.5250443998957,115.52509729994927,116.53992709994782,116.53997529996559,118.05567429994699,,,,,,,1,0,1,0,23,0,23,0,668.9522784999572,,,,,,,,,,,,,,,,,,,,,,,,,,,,,,,,,,,,,,,,,,,,,,,,,,,,,,,,113.64547210000455,668.9392495999346,668.9522784999572,668.9522784999572,668.9522784999572,668.9522784999572,669.3043661999982,k,0.3400617999723181,None,left,1,14,0,4,49,11,None,114.01076989993453,114.01121539995074,669.304977199994,669.3189224998932,669.3189224998932,670.8404447999783,670.8404447999783,670.8186808999162,115.5250443998957,115.52509729994927,670.8330112999538,670.8404447999783,670.8404447999783,,,671.8335988998879,stimuli/box_empty_transparent.png,116.53992709994782,116.53997529996559,671.8337265999289,671.8497252999805,673.3655467999633,673.3493485999061,118.05567429994699,,,,,,,,,,,,,,,,783274,right,yes,None,2025-05-07_14h20.23.612,RL_out-of-scanner,2024.2.4,60.05039428312538,2025-05-07 14h20.32.862098 -0700,
24,0,24,,,,,,,space,68.83658080000896,None,5,2.534737900015898,None,118.0581106999889,j,0.3460820000618696,None,None,118.42356749996543,118.4240130999824,120.43800389999524,120.43805789994076,121.45280579989776,121.45285139989574,122.96818319999147,,,,,,,1,0,1,0,24,0,24,0,673.3655467999633,,,,,,,,,,,,,,,,,,,,,,,,,,,,,,,,,,,,,,,,,,,,,,,,,,,,,,,,118.0581106999889,673.3518863999052,673.3655467999633,673.3655467999633,673.3655467999633,673.3655467999633,673.7171681999462,j,0.3460820000618696,None,left,1,14,1,4,50,12,None,118.42356749996543,118.4240130999824,673.7177703999914,673.7319553999696,673.7319553999696,675.7556622999255,675.7556622999255,675.7316405999009,120.43800389999524,120.43805789994076,675.7486960999668,675.7556622999255,675.7556622999255,,,676.7464764999459,stimuli/box_coin_transparent.png,121.45280579989776,121.45285139989574,676.7466009999625,676.7623867999064,678.2780987999868,678.2618632999947,122.96818319999147,,,,,,,,,,,,,,,,783274,right,yes,None,2025-05-07_14h20.23.612,RL_out-of-scanner,2024.2.4,60.05039428312538,2025-05-07 14h20.32.862098 -0700,
25,0,25,,,,,,,space,68.83658080000896,None,5,2.534737900015898,None,122.97086879995186,j,0.3226398000260815,None,None,123.3197504999116,123.32020239997655,124.33425919990987,124.3343139999779,125.34968789992854,125.3497425999958,128.86363609996624,,,,,,,1,0,1,0,25,0,25,0,678.2780987999868,,,,,,,,,,,,,,,,,,,,,,,,,,,,,,,,,,,,,,,,,,,,,,,,,,,,,,,,122.97086879995186,678.2646400999511,678.2780987999868,678.2780987999868,678.2780987999868,678.2780987999868,678.6133495999966,j,0.3226398000260815,None,left,1,14,2,4,51,13,None,123.3197504999116,123.32020239997655,678.6139601999894,678.628163299989,678.628163299989,679.6515626999317,679.6515626999317,679.6278971999418,124.33425919990987,124.3343139999779,679.644845899893,679.6515626999317,679.6515626999317,,,680.6433569999645,stimuli/box_coin_transparent.png,125.34968789992854,125.3497425999958,680.6434921999462,680.6591685999883,684.1734967998927,684.157311799936,128.86363609996624,,,,,,,,,,,,,,,,783274,right,yes,None,2025-05-07_14h20.23.612,RL_out-of-scanner,2024.2.4,60.05039428312538,2025-05-07 14h20.32.862098 -0700,
26,0,26,,,,,,,space,68.83658080000896,None,5,2.534737900015898,None,128.86605309997685,j,0.4579657999565825,None,None,129.34829160000663,129.34874229994603,129.8467224999331,129.84677669999655,130.86154329997953,130.86158879997674,134.3759295999771,,,,,,,1,0,1,0,26,0,26,0,684.1734967998927,,,,,,,,,,,,,,,,,,,,,,,,,,,,,,,,,,,,,,,,,,,,,,,,,,,,,,,,128.86605309997685,684.1598245999776,684.1734967998927,684.1734967998927,684.1734967998927,684.1734967998927,684.641884499928,j,0.4579657999565825,None,left,1,14,3,4,52,14,None,129.34829160000663,129.34874229994603,684.6425035999855,684.6565155999269,684.6565155999269,685.1653299999889,685.1653299999889,685.1403619999764,129.8467224999331,129.84677669999655,685.1582734999247,685.1653299999889,685.1653299999889,,,686.1552152999211,stimuli/box_coin_transparent.png,130.86154329997953,130.86158879997674,686.155336799915,686.1714727999642,689.6861181999557,689.6696040999377,134.3759295999771,,,,,,,,,,,,,,,,783274,right,yes,None,2025-05-07_14h20.23.612,RL_out-of-scanner,2024.2.4,60.05039428312538,2025-05-07 14h20.32.862098 -0700,
27,0,27,,,,,,,space,68.83658080000896,None,5,2.534737900015898,None,134.37866749998648,j,0.3835793000180274,None,None,134.79418649990112,134.79465169995092,136.30841870000586,136.30850659997668,137.32331919996068,137.32336459995713,138.3397013999056,,,,,,,1,0,1,0,27,0,27,0,689.6861181999557,,,,,,,,,,,,,,,,,,,,,,,,,,,,,,,,,,,,,,,,,,,,,,,,,,,,,,,,134.37866749998648,689.6724397999933,689.6861181999557,689.6861181999557,689.6861181999557,689.6861181999557,690.0877777999267,j,0.3835793000180274,None,left,0,14,3,4,53,14,None,134.79418649990112,134.79465169995092,690.0884136999957,690.1021764999023,690.1021764999023,691.6236382999923,691.6236382999923,691.6020531998947,136.30841870000586,136.30850659997668,691.616585599957,691.6236382999923,691.6236382999923,,,692.6169913999038,stimuli/box_empty_transparent.png,137.32331919996068,137.32336459995713,692.6171137999045,692.6332991999807,693.6494652999099,693.6333735999651,138.3397013999056,,,,,,,,,,,,,,,,783274,right,yes,None,2025-05-07_14h20.23.612,RL_out-of-scanner,2024.2.4,60.05039428312538,2025-05-07 14h20.32.862098 -0700,
28,0,28,,,,,,,space,68.83658080000896,None,5,2.534737900015898,None,138.34230799996294,k,0.29835840000305325,None,None,138.65747519989964,138.6580110999057,139.65550679992884,139.6555640998995,140.6705888999859,140.670633599977,144.18461459991522,,,,,,,1,0,1,0,28,0,28,0,693.6494652999099,,,,,,,,,,,,,,,,,,,,,,,,,,,,,,,,,,,,,,,,,,,,,,,,,,,,,,,,138.34230799996294,693.6360866999021,693.6494652999099,693.6494652999099,693.6494652999099,693.6494652999099,693.9509493999649,k,0.29835840000305325,None,left,0,14,3,4,53,14,None,138.65747519989964,138.6580110999057,693.9517729999498,693.9656285999808,693.9656285999808,694.97039329994,694.97039329994,694.949142199941,139.65550679992884,139.6555640998995,694.9634598999983,694.97039329994,694.97039329994,,,695.9642594999168,stimuli/box_empty_transparent.png,140.6705888999859,140.670633599977,695.9643822999205,695.9803721999051,699.4944632999832,699.4782922999002,144.18461459991522,,,,,,,,,,,,,,,,783274,right,yes,None,2025-05-07_14h20.23.612,RL_out-of-scanner,2024.2.4,60.05039428312538,2025-05-07 14h20.32.862098 -0700,
29,0,29,,,,,,,space,68.83658080000896,None,5,2.534737900015898,None,144.18741029989906,j,0.33213470003101975,None,None,144.5365830999799,144.53703419992235,146.55014799989294,146.55023209995124,147.56514979992062,147.56519569992088,148.56479340000078,,,,,,,1,0,1,0,29,0,29,0,699.4944632999832,,,,,,,,,,,,,,,,,,,,,,,,,,,,,,,,,,,,,,,,,,,,,,,,,,,,,,,,144.18741029989906,699.4811838999158,699.4944632999832,699.4944632999832,699.4944632999832,699.4944632999832,699.830180699937,j,0.33213470003101975,None,left,1,14,4,4,54,15,None,144.5365830999799,144.53703419992235,699.830794599955,699.8443106999621,699.8443106999621,701.8680184999248,701.8680184999248,701.8437880999409,146.55014799989294,146.55023209995124,701.8612863000017,701.8680184999248,701.8680184999248,,,702.85882329999,stimuli/box_coin_transparent.png,147.56514979992062,147.56519569992088,702.8589470000006,702.8749474999495,703.874982999987,703.8584686999675,148.56479340000078,,,,,,,,,,,,,,,,783274,right,yes,None,2025-05-07_14h20.23.612,RL_out-of-scanner,2024.2.4,60.05039428312538,2025-05-07 14h20.32.862098 -0700,
30,0,30,,,,,,,space,68.83658080000896,None,5,2.534737900015898,None,148.56736190000083,j,0.3808697999920696,None,None,148.9660488999216,148.96650019998197,149.9641244999366,149.9641800998943,150.97910839994438,150.9791603999911,151.97847329999786,,,,,,,1,0,1,0,30,0,30,0,703.874982999987,,,,,,,,,,,,,,,,,,,,,,,,,,,,,,,,,,,,,,,,,,,,,,,,,,,,,,,,148.56736190000083,703.8611344998935,703.874982999987,703.874982999987,703.874982999987,703.874982999987,704.2596467999974,j,0.3808697999920696,None,left,0,14,4,4,55,15,None,148.9660488999216,148.96650019998197,704.2602590000024,704.274422199931,704.274422199931,705.2798122999957,705.2798122999957,705.2577628999716,149.9641244999366,149.9641800998943,705.2720299999928,705.2798122999957,705.2798122999957,,,706.2727684999118,stimuli/box_empty_transparent.png,150.97910839994438,150.9791603999911,706.272911899956,706.2887432998978,707.2886986999074,707.2721510999836,151.97847329999786,,,,,,,,,,,,,,,,783274,right,yes,None,2025-05-07_14h20.23.612,RL_out-of-scanner,2024.2.4,60.05039428312538,2025-05-07 14h20.32.862098 -0700,
31,0,31,,,,,,,space,68.83658080000896,None,5,2.534737900015898,None,151.98126159992535,j,0.377041699946858,None,None,152.380189999938,152.3806573000038,155.39304909994826,155.39310549991205,156.40772349992767,156.40778019989375,158.92312759999186,,,,,,,1,0,1,0,31,0,31,0,707.2886986999074,,,,,,,,,,,,,,,,,,,,,,,,,,,,,,,,,,,,,,,,,,,,,,,,,,,,,,,,151.98126159992535,707.2750363999512,707.2886986999074,707.2886986999074,707.2886986999074,707.2886986999074,707.6737796999514,j,0.377041699946858,None,left,1,14,5,4,56,16,None,152.380189999938,152.3806573000038,707.6744177999208,707.6880481999833,707.6880481999833,710.7103927999269,710.7103927999269,710.6866862999741,155.39304909994826,155.39310549991205,710.7037538998993,710.7103927999269,710.7103927999269,,,711.7013718999224,stimuli/box_coin_transparent.png,156.40772349992767,156.40778019989375,711.7015314999735,711.7179086999968,714.2328254999593,714.2168032999616,158.92312759999186,,,,,,,,,,,,,,,,783274,right,yes,None,2025-05-07_14h20.23.612,RL_out-of-scanner,2024.2.4,60.05039428312538,2025-05-07 14h20.32.862098 -0700,
32,0,32,,,,,,,space,68.83658080000896,None,5,2.534737900015898,None,158.92553459992632,j,0.3294331000652164,None,None,159.27432839991525,159.2747829,160.27252999995835,160.272585199913,161.28754369996022,161.28759329998866,162.28701739991084,,,,,,,1,0,1,0,32,0,32,0,714.2328254999593,,,,,,,,,,,,,,,,,,,,,,,,,,,,,,,,,,,,,,,,,,,,,,,,,,,,,,,,158.92553459992632,714.2193072999362,714.2328254999593,714.2328254999593,714.2328254999593,714.2328254999593,714.5679267999949,j,0.3294331000652164,None,left,1,14,6,4,57,17,None,159.27432839991525,159.2747829,714.5685398998903,714.5824642999796,714.5824642999796,715.5900196000002,715.5900196000002,715.5661697000032,160.27252999995835,160.272585199913,715.5832165000029,715.5900196000002,715.5900196000002,,,716.5812084999634,stimuli/box_coin_transparent.png,161.28754369996022,161.28759329998866,716.5813450999558,716.5973101999843,717.596984499949,717.5806944998913,162.28701739991084,,,,,,,,,,,,,,,,783274,right,yes,None,2025-05-07_14h20.23.612,RL_out-of-scanner,2024.2.4,60.05039428312538,2025-05-07 14h20.32.862098 -0700,
33,0,33,,,,,,,space,68.83658080000896,None,5,2.534737900015898,None,162.28951269993559,j,0.28796570003032684,None,None,162.60533009993378,162.60579329996835,164.61905449989717,164.6191084999591,165.6340827998938,165.63412879989482,167.14975549990777,,,,,,,1,0,1,0,33,0,33,0,717.596984499949,,,,,,,,,,,,,,,,,,,,,,,,,,,,,,,,,,,,,,,,,,,,,,,,,,,,,,,,162.28951269993559,717.5832830999279,717.596984499949,717.596984499949,717.596984499949,717.596984499949,717.8988082999131,j,0.28796570003032684,None,left,1,14,7,4,58,18,None,162.60533009993378,162.60579329996835,717.8995716999052,717.9134866999229,717.9134866999229,719.9370028999401,719.9370028999401,719.912693399936,164.61905449989717,164.6191084999591,719.9297680999152,719.9370028999401,719.9370028999401,,,720.927754699951,stimuli/box_coin_transparent.png,165.6340827998938,165.63412879989482,720.9278777999571,720.9437427999219,722.4597176999087,722.443431599997,167.14975549990777,,,,,,,,,,,,,,,,783274,right,yes,None,2025-05-07_14h20.23.612,RL_out-of-scanner,2024.2.4,60.05039428312538,2025-05-07 14h20.32.862098 -0700,
34,0,34,,,,,,,space,68.83658080000896,None,5,2.534737900015898,None,167.15223599993624,j,0.2657173000043258,None,None,167.43503709998913,167.43549859989434,170.44794129999354,170.44799479993526,171.46284529997502,171.46289379999507,173.97788619995117,,,,,,,1,0,1,0,34,0,34,0,722.4597176999087,,,,,,,,,,,,,,,,,,,,,,,,,,,,,,,,,,,,,,,,,,,,,,,,,,,,,,,,167.15223599993624,722.4460066999309,722.4597176999087,722.4597176999087,722.4597176999087,722.4597176999087,722.7286256999942,j,0.2657173000043258,None,left,1,14,8,4,59,19,None,167.43503709998913,167.43549859989434,722.7292608999414,722.7429481999716,722.7429481999716,725.7653150999686,725.7653150999686,725.741570299957,170.44794129999354,170.44799479993526,725.7585706999525,725.7653150999686,725.7653150999686,,,726.7565013999119,stimuli/box_coin_transparent.png,171.46284529997502,171.46289379999507,726.7566468999721,726.7724527999526,729.2877340998966,729.2715322999284,173.97788619995117,,,,,,,,,,,,,,,,783274,right,yes,None,2025-05-07_14h20.23.612,RL_out-of-scanner,2024.2.4,60.05039428312538,2025-05-07 14h20.32.862098 -0700,
35,0,35,,,,,,,space,68.83658080000896,None,5,2.534737900015898,None,173.9803541000001,j,0.37469210010021925,None,None,174.3794487999985,174.37992529990152,175.89310399990063,175.89315569994505,176.90838899998926,176.90843819989823,177.9079453999875,,,,,,,1,0,1,0,35,0,35,0,729.2877340998966,,,,,,,,,,,,,,,,,,,,,,,,,,,,,,,,,,,,,,,,,,,,,,,,,,,,,,,,173.9803541000001,729.2741258000024,729.2877340998966,729.2877340998966,729.2877340998966,729.2877340998966,729.6730461999541,j,0.37469210010021925,None,left,0,14,8,4,60,19,None,174.3794487999985,174.37992529990152,729.6736843999242,729.6874130999204,729.6874130999204,731.2080034998944,731.2080034998944,731.1867521998938,175.89310399990063,175.89315569994505,731.2012665999355,731.2080034998944,731.2080034998944,,,732.2020613999339,stimuli/box_empty_transparent.png,176.90838899998926,176.90843819989823,732.2021892999765,732.2182530999416,733.2177839999786,733.201621199958,177.9079453999875,,,,,,,,,,,,,,,,783274,right,yes,None,2025-05-07_14h20.23.612,RL_out-of-scanner,2024.2.4,60.05039428312538,2025-05-07 14h20.32.862098 -0700,
36,0,36,,,,,,,space,68.83658080000896,None,5,2.534737900015898,None,177.91030429990496,j,0.34602189995348454,None,None,178.27567629993428,178.27613009989727,179.79015059990343,179.79020769998897,180.80525299999863,180.80530359991826,184.31944899994414,,,,,,,1,0,1,0,36,0,36,0,733.2177839999786,,,,,,,,,,,,,,,,,,,,,,,,,,,,,,,,,,,,,,,,,,,,,,,,,,,,,,,,177.91030429990496,733.2040782999247,733.2177839999786,733.2177839999786,733.2177839999786,733.2177839999786,733.5692720999941,j,0.34602189995348454,None,left,0,14,8,4,61,19,None,178.27567629993428,178.27613009989727,733.5698892999208,733.5842033999506,733.5842033999506,735.1046255999245,735.1046255999245,735.0837804999901,179.79015059990343,179.79020769998897,735.0979953999631,735.1046255999245,735.1046255999245,,,736.098925499944,stimuli/box_empty_transparent.png,180.80525299999863,180.80530359991826,736.0990533999866,736.1153970999876,739.6291332999244,739.6131246999139,184.31944899994414,,,,,,,,,,,,,,,,783274,right,yes,None,2025-05-07_14h20.23.612,RL_out-of-scanner,2024.2.4,60.05039428312538,2025-05-07 14h20.32.862098 -0700,
37,0,37,,,,,,,space,68.83658080000896,None,5,2.534737900015898,None,184.32213429990225,j,0.33974640001542866,None,None,184.6874008999439,184.68785129999742,186.70120169990696,186.70125379995443,187.71654729999136,187.71660079993308,188.71597839996684,,,,,,,1,0,1,0,37,0,37,0,739.6291332999244,,,,,,,,,,,,,,,,,,,,,,,,,,,,,,,,,,,,,,,,,,,,,,,,,,,,,,,,184.32213429990225,739.6159119999502,739.6291332999244,739.6291332999244,739.6291332999244,739.6291332999244,739.9809977998957,j,0.33974640001542866,None,left,1,14,9,4,62,20,None,184.6874008999439,184.68785129999742,739.9816097998992,739.9957818998955,739.9957818998955,742.0201350999996,742.0201350999996,741.9948495998979,186.70120169990696,186.70125379995443,742.0129893999547,742.0201350999996,742.0201350999996,,,743.0102172999177,stimuli/box_coin_transparent.png,187.71654729999136,187.71660079993308,743.0103501999984,743.0262793999864,744.0259133999934,744.0096541999374,188.71597839996684,,,,,,,,,,,,,,,,783274,right,yes,None,2025-05-07_14h20.23.612,RL_out-of-scanner,2024.2.4,60.05039428312538,2025-05-07 14h20.32.862098 -0700,
38,0,38,,,,,,,space,68.83658080000896,None,5,2.534737900015898,None,188.71835999994073,j,0.3299774000188336,None,None,189.0676523000002,189.0681155999191,190.06580799992662,190.0658626999939,191.0803657999495,191.08041539997794,192.5964862999972,,,,,,,1,0,1,0,38,0,38,0,744.0259133999934,,,,,,,,,,,,,,,,,,,,,,,,,,,,,,,,,,,,,,,,,,,,,,,,,,,,,,,,188.71835999994073,744.0121315999422,744.0259133999934,744.0259133999934,744.0259133999934,744.0259133999934,744.3612004999304,j,0.3299774000188336,None,left,1,14,10,4,63,21,None,189.0676523000002,189.0681155999191,744.3618730999297,744.3757758999709,744.3757758999709,745.3836338999681,745.3836338999681,745.3594443999464,190.06580799992662,190.0658626999939,745.3766422999324,745.3836338999681,745.3836338999681,,,746.3740346999839,stimuli/box_coin_transparent.png,191.0803657999495,191.08041539997794,746.3741650999291,746.3901675998932,747.9060249999166,747.8901567999274,192.5964862999972,,,,,,,,,,,,,,,,783274,right,yes,None,2025-05-07_14h20.23.612,RL_out-of-scanner,2024.2.4,60.05039428312538,2025-05-07 14h20.32.862098 -0700,
39,0,39,,,,,,,space,68.83658080000896,None,5,2.534737900015898,None,192.59888009994756,j,0.36734840006101876,None,None,192.9975826999871,192.99807109998073,194.01202329993248,194.01208099990617,195.02696319995448,195.02699379995465,196.02695809991565,,,,,,,1,0,1,0,39,0,39,0,747.9060249999166,,,,,,,,,,,,,,,,,,,,,,,,,,,,,,,,,,,,,,,,,,,,,,,,,,,,,,,,192.59888009994756,747.8926500999369,747.9060249999166,747.9060249999166,747.9060249999166,747.9060249999166,748.2911806999473,j,0.36734840006101876,None,left,1,14,11,4,64,22,None,192.9975826999871,192.99807109998073,748.2918296999997,748.3059983999701,748.3059983999701,749.3309506999794,749.3309506999794,749.3056581999408,194.01202329993248,194.01208099990617,749.3247872999636,749.3309506999794,749.3309506999794,,,750.3206485999981,stimuli/box_coin_transparent.png,195.02696319995448,195.02699379995465,750.3207276999019,750.336618399946,751.3368825999787,751.3206317999866,196.02695809991565,,,,,,,,,,,,,,,,783274,right,yes,None,2025-05-07_14h20.23.612,RL_out-of-scanner,2024.2.4,60.05039428312538,2025-05-07 14h20.32.862098 -0700,
40,0,40,,,,,,,space,68.83658080000896,None,5,2.534737900015898,None,196.02937119989656,j,0.3595325000351295,None,None,196.41195789992344,196.41242409998085,197.92553679994307,197.9255917998962,198.94103119999636,198.94107909989543,199.94057059998158,,,,,,,1,0,1,0,40,0,40,0,751.3368825999787,,,,,,,,,,,,,,,,,,,,,,,,,,,,,,,,,,,,,,,,,,,,,,,,,,,,,,,,196.02937119989656,751.3231414998882,751.3368825999787,751.3368825999787,751.3368825999787,751.3368825999787,751.7055485999444,j,0.3595325000351295,None,left,1,14,12,4,65,23,None,196.41195789992344,196.41242409998085,751.7061854999047,751.7196506999899,751.7196506999899,753.2439047999214,753.2439047999214,753.2191755999811,197.92553679994307,197.9255917998962,753.2371589998947,753.2439047999214,753.2439047999214,,,754.2346966000041,stimuli/box_coin_transparent.png,198.94103119999636,198.94107909989543,754.2348351998953,754.2508096999954,755.2504800999304,755.2342461999506,199.94057059998158,,,,,,,,,,,,,,,,783274,right,yes,None,2025-05-07_14h20.23.612,RL_out-of-scanner,2024.2.4,60.05039428312538,2025-05-07 14h20.32.862098 -0700,
41,0,41,,,,,,,space,68.83658080000896,None,5,2.534737900015898,None,199.9430560999317,j,0.4551620000274852,None,None,200.42519069998525,200.42570529994555,201.43993479991332,201.4399857999524,202.45499489991926,202.4550423999317,205.4693395999493,,,,,,,1,0,1,0,41,0,41,0,755.2504800999304,,,,,,,,,,,,,,,,,,,,,,,,,,,,,,,,,,,,,,,,,,,,,,,,,,,,,,,,199.9430560999317,755.2368252999149,755.2504800999304,755.2504800999304,755.2504800999304,755.2504800999304,755.7187873999355,j,0.4551620000274852,None,left,1,14,13,4,66,24,None,200.42519069998525,200.42570529994555,755.719463699963,755.7332462999038,755.7332462999038,756.7583554999437,756.7583554999437,756.7335746999597,201.43993479991332,201.4399857999524,756.7511043999111,756.7583554999437,756.7583554999437,,,757.7486600999255,stimuli/box_coin_transparent.png,202.45499489991926,202.4550423999317,757.7487928998889,757.7643727998948,760.7790111999493,760.7630139999092,205.4693395999493,,,,,,,,,,,,,,,,783274,right,yes,None,2025-05-07_14h20.23.612,RL_out-of-scanner,2024.2.4,60.05039428312538,2025-05-07 14h20.32.862098 -0700,
42,0,42,,,,,,,space,68.83658080000896,None,5,2.534737900015898,None,205.47182320000138,j,0.3467016000067815,None,None,205.8370502999751,205.83754049998242,207.85110979992896,207.85116399999242,208.86638629995286,208.8664324999554,212.38032309990376,,,,,,,1,0,1,0,42,0,42,0,760.7790111999493,,,,,,,,,,,,,,,,,,,,,,,,,,,,,,,,,,,,,,,,,,,,,,,,,,,,,,,,205.47182320000138,760.7655931999907,760.7790111999493,760.7790111999493,760.7790111999493,760.7790111999493,761.1305813998915,j,0.3467016000067815,None,left,1,14,14,4,67,25,None,205.8370502999751,205.83754049998242,761.131299899891,761.1454943999415,761.1454943999415,763.1685765999136,763.1685765999136,763.1447480999632,207.85110979992896,207.85116399999242,763.161781599978,763.1685765999136,763.1685765999136,,,764.1600594999036,stimuli/box_coin_transparent.png,208.86638629995286,208.8664324999554,764.1601816999028,764.1761358999647,767.6902917999541,767.6739975999808,212.38032309990376,,,,,,,,,,,,,,,,783274,right,yes,None,2025-05-07_14h20.23.612,RL_out-of-scanner,2024.2.4,60.05039428312538,2025-05-07 14h20.32.862098 -0700,
43,0,43,,,,,,,space,68.83658080000896,None,5,2.534737900015898,None,212.38273259997368,j,0.3329218999715522,None,None,212.73229979991447,212.7328740999801,213.7300601999741,213.73011409991886,214.74492719990667,214.7449723999016,216.76055619993713,,,,,,,1,0,1,0,43,0,43,0,767.6902917999541,,,,,,,,,,,,,,,,,,,,,,,,,,,,,,,,,,,,,,,,,,,,,,,,,,,,,,,,212.38273259997368,767.67650089995,767.6902917999541,767.6902917999541,767.6902917999541,767.6902917999541,768.0258965999819,j,0.3329218999715522,None,right,1,8,0,5,67,25,None,212.73229979991447,212.7328740999801,768.0266433999641,768.0402164999396,768.0402164999396,769.044396799989,769.044396799989,769.0236919999588,213.7300601999741,213.73011409991886,769.0375382999191,769.044396799989,769.044396799989,,,770.0385978999548,stimuli/box_empty_transparent.png,214.74492719990667,214.7449723999016,770.0387214999646,770.0545518998988,772.0701987999491,772.0542346999282,216.76055619993713,,,,,,,,,,,,,,,,783274,right,yes,None,2025-05-07_14h20.23.612,RL_out-of-scanner,2024.2.4,60.05039428312538,2025-05-07 14h20.32.862098 -0700,
44,0,44,,,,,,,space,68.83658080000896,None,5,2.534737900015898,None,216.76295999996364,k,0.27010369999334216,None,None,217.06210899993312,217.06263909989502,219.57532109995373,219.5753746998962,220.59058469999582,220.5906351999147,222.60575190000236,,,,,,,1,0,1,0,44,0,44,0,772.0701987999491,,,,,,,,,,,,,,,,,,,,,,,,,,,,,,,,,,,,,,,,,,,,,,,,,,,,,,,,216.76295999996364,772.0567302999552,772.0701987999491,772.0701987999491,772.0701987999491,772.0701987999491,772.3557049999945,k,0.27010369999334216,None,right,1,8,1,5,68,26,None,217.06210899993312,217.06263909989502,772.3563991999254,772.3700287999818,772.3700287999818,774.8938563999254,774.8938563999254,774.8689586999826,219.57532109995373,219.5753746998962,774.8868020999944,774.8938563999254,774.8938563999254,,,775.8842565999366,stimuli/box_coin_transparent.png,220.59058469999582,220.5906351999147,775.8843834999716,775.9000762999058,777.9156101999106,777.8994274999714,222.60575190000236,,,,,,,,,,,,,,,,783274,right,yes,None,2025-05-07_14h20.23.612,RL_out-of-scanner,2024.2.4,60.05039428312538,2025-05-07 14h20.32.862098 -0700,
45,0,45,,,,,,,space,68.83658080000896,None,5,2.534737900015898,None,222.6081959999865,k,0.33971179998479784,None,None,222.973656999995,222.97408939991146,223.971976300003,223.97203179995995,224.98688869993202,224.9869391999673,226.00288019992877,,,,,,,1,0,1,0,45,0,45,0,777.9156101999106,,,,,,,,,,,,,,,,,,,,,,,,,,,,,,,,,,,,,,,,,,,,,,,,,,,,,,,,222.6081959999865,777.9019684999948,777.9156101999106,777.9156101999106,777.9156101999106,777.9156101999106,778.2672563999658,k,0.33971179998479784,None,right,1,8,2,5,69,27,None,222.973656999995,222.97408939991146,778.2678451999091,778.2820216999389,778.2820216999389,779.2904680999927,779.2904680999927,779.265578999999,223.971976300003,223.97203179995995,779.2836950999917,779.2904680999927,779.2904680999927,,,780.28041389992,stimuli/box_coin_transparent.png,224.98688869993202,224.9869391999673,780.280689499923,780.2966897999868,781.3130462999688,781.2965544000035,226.00288019992877,,,,,,,,,,,,,,,,783274,right,yes,None,2025-05-07_14h20.23.612,RL_out-of-scanner,2024.2.4,60.05039428312538,2025-05-07 14h20.32.862098 -0700,
46,0,46,,,,,,,space,68.83658080000896,None,5,2.534737900015898,None,226.00528169993777,k,0.9477459999034181,None,['k'],226.970755099901,226.97116059996188,228.9856119999895,228.98566269990988,229.99952700000722,229.9996053999057,231.01539459999185,[0.366368499933742],[0.1806583000579849],,,,,1,0,1,0,46,0,46,0,781.3130462999688,,,,,,,,,,,,,,,,,,,,,,,,,,,,,,,,,,,,,,,,,,,,,,,,,,,,,,,,226.00528169993777,781.2990547999507,781.3130462999688,781.3130462999688,781.3130462999688,781.3130462999688,782.2643026999431,k,0.9477459999034181,None,right,0,8,2,5,70,27,['k'],226.970755099901,226.97116059996188,782.2649157999549,782.2787870999891,782.2787870999891,784.3002162999474,784.3002162999474,784.2792437999742,228.9856119999895,228.98566269990988,784.293336499948,784.3002162999474,784.3002162999474,,,785.2931944999145,stimuli/box_empty_transparent.png,229.99952700000722,229.9996053999057,785.2933538999641,785.3093047000002,786.3254446999636,786.3090732999844,231.01539459999185,,,,,[0.366368499933742],[0.1806583000579849],,,,,,,,,,783274,right,yes,None,2025-05-07_14h20.23.612,RL_out-of-scanner,2024.2.4,60.05039428312538,2025-05-07 14h20.32.862098 -0700,
47,0,47,,,,,,,space,68.83658080000896,None,5,2.534737900015898,None,231.0179079999216,j,0.30784610006958246,None,None,231.35070779989474,231.35120009991806,234.3636972999666,234.36375299992505,235.37841529992875,235.3784650999587,236.89424209995195,,,,,,,1,0,1,0,47,0,47,0,786.3254446999636,,,,,,,,,,,,,,,,,,,,,,,,,,,,,,,,,,,,,,,,,,,,,,,,,,,,,,,,231.0179079999216,786.3116759998957,786.3254446999636,786.3254446999636,786.3254446999636,786.3254446999636,786.6443049999652,j,0.30784610006958246,None,right,0,8,2,5,70,27,None,231.35070779989474,231.35120009991806,786.6449576999294,786.6584896999411,786.6584896999411,789.6778152999468,789.6778152999468,789.657335099997,234.3636972999666,234.36375299992505,789.6710998999188,789.6778152999468,789.6778152999468,,,790.6720782999182,stimuli/box_empty_transparent.png,235.37841529992875,235.3784650999587,790.6722176999319,790.6882007999811,792.2042616999242,792.187916399911,236.89424209995195,,,,,,,,,,,,,,,,783274,right,yes,None,2025-05-07_14h20.23.612,RL_out-of-scanner,2024.2.4,60.05039428312538,2025-05-07 14h20.32.862098 -0700,
48,0,48,,,,,,,space,68.83658080000896,None,5,2.534737900015898,None,236.8966387999244,k,0.3371972000459209,None,None,237.26183380000293,237.2622449999908,238.77669470000546,238.77674989996012,239.79186120000668,239.79190779989585,243.30612510000356,,,,,,,1,0,1,0,48,0,48,0,792.2042616999242,,,,,,,,,,,,,,,,,,,,,,,,,,,,,,,,,,,,,,,,,,,,,,,,,,,,,,,,236.8966387999244,792.1904176999815,792.2042616999242,792.2042616999242,792.2042616999242,792.2042616999242,792.5554338999791,k,0.3371972000459209,None,right,1,8,3,5,71,28,None,237.26183380000293,237.2622449999908,792.5560047999024,792.5706390999258,792.5706390999258,794.094880699995,794.094880699995,794.0703300999012,238.77669470000546,238.77674989996012,794.0873833999503,794.094880699995,794.094880699995,,,795.0855259998934,stimuli/box_coin_transparent.png,239.79186120000668,239.79190779989585,795.0856577999657,795.1013349998975,798.6156323999166,798.5998003999703,243.30612510000356,,,,,,,,,,,,,,,,783274,right,yes,None,2025-05-07_14h20.23.612,RL_out-of-scanner,2024.2.4,60.05039428312538,2025-05-07 14h20.32.862098 -0700,
49,0,49,,,,,,,space,68.83658080000896,None,5,2.534737900015898,None,243.30851449992042,k,0.29253639990929514,None,None,243.62426049995702,243.62465759995393,245.13840269995853,245.13845749991015,246.15359249990433,246.1536383999046,246.15438759990502,,,,,,,1,0,1,0,49,0,49,0,798.6156323999166,,,,,,,,,,,,,,,,,,,,,,,,,,,,,,,,,,,,,,,,,,,,,,,,,,,,,,,,243.30851449992042,798.6022883999394,798.6156323999166,798.6156323999166,798.6156323999166,798.6156323999166,798.9178229999961,k,0.29253639990929514,None,right,0,8,3,5,72,28,None,243.62426049995702,243.62465759995393,798.9184137999546,798.9321672999067,798.9321672999067,800.4524510999909,800.4524510999909,800.4320397999836,245.13840269995853,245.13845749991015,800.4458404999459,800.4524510999909,800.4524510999909,,,801.4472639999585,stimuli/box_empty_transparent.png,246.15359249990433,246.1536383999046,801.4473876999691,801.4837470999919,801.4837470999919,801.4480755999684,246.15438759990502,,,,,,,,,,,,,,,,783274,right,yes,None,2025-05-07_14h20.23.612,RL_out-of-scanner,2024.2.4,60.05039428312538,2025-05-07 14h20.32.862098 -0700,
1,0,1,,,,,,,space,68.83658080000896,None,5,2.534737900015898,None,,,,,,,,,,,,,,,,,,,1,0,1,0,,,,,,,,,,,,,,,,,,,,,,,,,,,,,,,,,,,,,,,,,,,,,,,,,,,,,,,,,,,,,,,,,,,,,,,,,,,,,,,,,,,,,,,,,,,,,,,,,,,,,,,,,,,,,801.4784714999842,801.4837470999919,805.4601006999146,805.4601860999828,805.4764562998898,860.315953399986,860.3000926999375,,,783274,right,yes,None,2025-05-07_14h20.23.612,RL_out-of-scanner,2024.2.4,60.05039428312538,2025-05-07 14h20.32.862098 -0700,
0,0,0,,,,,,,space,4.284126999904402,None,5,1.183463599998504,None,0.001824400038458407,j,0.9872478999895975,None,None,1.0175376000115648,1.01800780009944,2.032134300097823,2.032189100049436,3.047239200095646,3.047286199987866,5.0625582000939175,,,,,,,2,0,2,0,0,0,0,0,865.8452582999598,,,,,,,,,,,,,,,,,,,,,,,,,,,,,,,,,,,,,,,,,,860.3003757999977,860.315953399986,860.315953399986,864.6143281999975,space,4.284126999904402,None,864.6144615999656,864.6294492000015,864.6294492000015,865.8293920999859,5,1.183463599998504,None,0.001824400038458407,865.8313087999122,865.8452582999598,865.8452582999598,865.8452582999598,865.8452582999598,866.8468470999505,j,0.9872478999895975,None,right,0,12,0,6,72,0,None,1.0175376000115648,1.01800780009944,866.8474980999017,866.8615400999552,866.8615400999552,867.8824506999226,867.8824506999226,867.8615068999352,2.032134300097823,2.032189100049436,867.875566200004,867.8824506999226,867.8824506999226,,,868.8766431999393,stimuli/box_empty_transparent.png,3.047239200095646,3.047286199987866,868.8767641999293,868.8927502000006,870.9079842999345,870.8919662999688,5.0625582000939175,,,,,,,,,,,,,,,,783274,right,yes,None,2025-05-07_14h20.23.612,RL_out-of-scanner,2024.2.4,60.05039428312538,2025-05-07 14h20.32.862098 -0700,
1,0,1,,,,,,,space,4.284126999904402,None,5,1.183463599998504,None,5.065579500049353,j,0.2958562000421807,None,None,5.380729200085625,5.3812123000388965,6.895063300034963,6.895118999993429,7.909847000031732,7.909893700038083,9.425569200073369,,,,,,,2,0,2,0,1,0,1,0,870.9079842999345,,,,,,,,,,,,,,,,,,,,,,,,,,,,,,,,,,,,,,,,,,,,,,,,,,,,,,,,5.065579500049353,870.8950847999658,870.9079842999345,870.9079842999345,870.9079842999345,870.9079842999345,871.2100574999349,j,0.2958562000421807,None,right,0,12,0,6,72,0,None,5.380729200085625,5.3812123000388965,871.210704099969,871.2243670999305,871.2243670999305,872.7454699999653,872.7454699999653,872.7244344999781,6.895063300034963,6.895118999993429,872.7385259999428,872.7454699999653,872.7454699999653,,,873.7392494999804,stimuli/box_empty_transparent.png,7.909847000031732,7.909893700038083,873.7393755998928,873.7551623999607,875.2711785999127,875.2549805999734,9.425569200073369,,,,,,,,,,,,,,,,783274,right,yes,None,2025-05-07_14h20.23.612,RL_out-of-scanner,2024.2.4,60.05039428312538,2025-05-07 14h20.32.862098 -0700,
2,0,2,,,,,,,space,4.284126999904402,None,5,1.183463599998504,None,9.428092800080776,k,0.27156749996356666,None,None,9.727300300030038,9.727697000023909,10.741948500042781,10.742005200008862,11.757028800086118,11.757082200027071,14.771122800069861,,,,,,,2,0,2,0,2,0,2,0,875.2711785999127,,,,,,,,,,,,,,,,,,,,,,,,,,,,,,,,,,,,,,,,,,,,,,,,,,,,,,,,9.428092800080776,875.2575974999927,875.2711785999127,875.2711785999127,875.2711785999127,875.2711785999127,875.5566286999965,k,0.27156749996356666,None,right,1,12,1,6,73,1,None,9.727300300030038,9.727697000023909,875.5572180999443,875.5712632999057,875.5712632999057,876.5951632999349,876.5951632999349,876.5713002999546,10.741948500042781,10.742005200008862,876.5884172999067,876.5951632999349,876.5951632999349,,,877.5864258999936,stimuli/box_coin_transparent.png,11.757028800086118,11.757082200027071,877.5865652998909,877.6023290999001,880.6167724999832,880.6005360999843,14.771122800069861,,,,,,,,,,,,,,,,783274,right,yes,None,2025-05-07_14h20.23.612,RL_out-of-scanner,2024.2.4,60.05039428312538,2025-05-07 14h20.32.862098 -0700,
3,0,3,,,,,,,space,4.284126999904402,None,5,1.183463599998504,None,14.773629300063476,k,0.3182531000347808,None,None,15.12294540007133,15.12334060005378,17.137218500021845,17.137273600092158,18.1518121000845,18.15186340000946,19.15105039998889,,,,,,,2,0,2,0,3,0,3,0,880.6167724999832,,,,,,,,,,,,,,,,,,,,,,,,,,,,,,,,,,,,,,,,,,,,,,,,,,,,,,,,14.773629300063476,880.603130399948,880.6167724999832,880.6167724999832,880.6167724999832,880.6167724999832,880.9522752999328,k,0.3182531000347808,None,right,1,12,2,6,74,2,None,15.12294540007133,15.12334060005378,880.9528288999572,880.9668212999823,880.9668212999823,882.9907341999933,882.9907341999933,882.9665870999452,17.137218500021845,17.137273600092158,882.9840024999576,882.9907341999933,882.9907341999933,,,883.9812163999304,stimuli/box_coin_transparent.png,18.1518121000845,18.15186340000946,883.9813444999745,883.997146599926,884.9968936999794,884.9804585999809,19.15105039998889,,,,,,,,,,,,,,,,783274,right,yes,None,2025-05-07_14h20.23.612,RL_out-of-scanner,2024.2.4,60.05039428312538,2025-05-07 14h20.32.862098 -0700,
4,0,4,,,,,,,space,4.284126999904402,None,5,1.183463599998504,None,19.153729300014675,k,0.35828429996035993,None,None,19.536087000044063,19.536520500085317,20.53373670007568,20.533790400018916,21.548817200004123,21.548863200005144,24.06396820000373,,,,,,,2,0,2,0,4,0,4,0,884.9968936999794,,,,,,,,,,,,,,,,,,,,,,,,,,,,,,,,,,,,,,,,,,,,,,,,,,,,,,,,19.153729300014675,884.9832341999281,884.9968936999794,884.9968936999794,884.9968936999794,884.9968936999794,885.3654159998987,k,0.35828429996035993,None,right,1,12,3,6,75,3,None,19.536087000044063,19.536520500085317,885.3660110998899,885.3798398999497,885.3798398999497,886.3874396999599,886.3874396999599,886.363113099942,20.53373670007568,20.533790400018916,886.3807265999494,886.3874396999599,886.3874396999599,,,887.378221699968,stimuli/box_coin_transparent.png,21.548817200004123,21.548863200005144,887.3783442999702,887.3943986999802,889.9096060999436,889.8933742999798,24.06396820000373,,,,,,,,,,,,,,,,783274,right,yes,None,2025-05-07_14h20.23.612,RL_out-of-scanner,2024.2.4,60.05039428312538,2025-05-07 14h20.32.862098 -0700,
5,0,5,,,,,,,space,4.284126999904402,None,5,1.183463599998504,None,24.06633729999885,k,0.2779216000344604,None,None,24.365708200028166,24.36611850000918,27.878255699994043,27.87831110006664,28.893103800015524,28.8931494000135,30.90873140003532,,,,,,,2,0,2,0,5,0,5,0,889.9096060999436,,,,,,,,,,,,,,,,,,,,,,,,,,,,,,,,,,,,,,,,,,,,,,,,,,,,,,,,24.06633729999885,889.8958371999906,889.9096060999436,889.9096060999436,889.9096060999436,889.9096060999436,890.195001999964,k,0.2779216000344604,None,right,1,12,4,6,76,4,None,24.365708200028166,24.36611850000918,890.1956062999088,890.2093136999756,890.2093136999756,893.7320911999559,893.7320911999559,893.7076181999873,27.878255699994043,27.87831110006664,893.7249516999582,893.7320911999559,893.7320911999559,,,894.7225079999771,stimuli/box_coin_transparent.png,28.893103800015524,28.8931494000135,894.7226305999793,894.7386022999417,896.754755999893,896.7381370998919,30.90873140003532,,,,,,,,,,,,,,,,783274,right,yes,None,2025-05-07_14h20.23.612,RL_out-of-scanner,2024.2.4,60.05039428312538,2025-05-07 14h20.32.862098 -0700,
6,0,6,,,,,,,space,4.284126999904402,None,5,1.183463599998504,None,30.91121120005846,k,0.33715360006317496,None,None,31.276834100019187,31.27723290002905,32.27458700002171,32.274641600088216,33.289730000076815,33.28977939998731,34.289332000073045,,,,,,,2,0,2,0,6,0,6,0,896.754755999893,,,,,,,,,,,,,,,,,,,,,,,,,,,,,,,,,,,,,,,,,,,,,,,,,,,,,,,,30.91121120005846,896.7407159999711,896.754755999893,896.754755999893,896.754755999893,896.754755999893,897.1061464999802,k,0.33715360006317496,None,right,1,12,5,6,77,5,None,31.276834100019187,31.27723290002905,897.1067206999287,897.1206225999631,897.1206225999631,898.1289653999265,898.1289653999265,898.1039670999162,32.27458700002171,32.274641600088216,898.1221702999901,898.1289653999265,898.1289653999265,,,899.1191339999205,stimuli/box_coin_transparent.png,33.289730000076815,33.28977939998731,899.1192627999699,899.1350823999383,900.1349228000036,900.1187409999548,34.289332000073045,,,,,,,,,,,,,,,,783274,right,yes,None,2025-05-07_14h20.23.612,RL_out-of-scanner,2024.2.4,60.05039428312538,2025-05-07 14h20.32.862098 -0700,
7,0,7,,,,,,,space,4.284126999904402,None,5,1.183463599998504,None,34.2917693000054,k,0.39948220003861934,None,None,34.707726099994034,34.70812269998714,36.7213515000185,36.72140570008196,37.73613650002517,37.73618280002847,39.75140230008401,,,,,,,2,0,2,0,7,0,7,0,900.1349228000036,,,,,,,,,,,,,,,,,,,,,,,,,,,,,,,,,,,,,,,,,,,,,,,,,,,,,,,,34.2917693000054,900.1212761999341,900.1349228000036,900.1349228000036,900.1349228000036,900.1349228000036,900.5370512999361,k,0.39948220003861934,None,right,1,12,6,6,78,6,None,34.707726099994034,34.70812269998714,900.5376104000024,900.5512400999432,900.5512400999432,902.5745879999595,902.5745879999595,902.5507225999609,36.7213515000185,36.72140570008196,902.5678381999023,902.5745879999595,902.5745879999595,,,903.5655401999829,stimuli/box_coin_transparent.png,37.73613650002517,37.73618280002847,903.5656643999973,903.5815201998921,905.5972539999057,905.5808103999589,39.75140230008401,,,,,,,,,,,,,,,,783274,right,yes,None,2025-05-07_14h20.23.612,RL_out-of-scanner,2024.2.4,60.05039428312538,2025-05-07 14h20.32.862098 -0700,
8,0,8,,,,,,,space,4.284126999904402,None,5,1.183463599998504,None,39.75379009998869,k,0.37911540002096444,None,None,40.15296460001264,40.15337600000203,43.16575380007271,43.16580529999919,44.18117470003199,44.18122500006575,45.69691550009884,,,,,,,2,0,2,0,8,0,8,0,905.5972539999057,,,,,,,,,,,,,,,,,,,,,,,,,,,,,,,,,,,,,,,,,,,,,,,,,,,,,,,,39.75379009998869,905.5832938998938,905.5972539999057,905.5972539999057,905.5972539999057,905.5972539999057,905.9822537999135,k,0.37911540002096444,None,right,0,12,6,6,79,6,None,40.15296460001264,40.15337600000203,905.9828645999078,905.9968621999724,905.9968621999724,909.0169609999284,909.0169609999284,908.9951252999017,43.16575380007271,43.16580529999919,909.0103528999025,909.0169609999284,909.0169609999284,,,910.0105787999928,stimuli/box_empty_transparent.png,44.18117470003199,44.18122500006575,910.0107075999258,910.026680199895,911.5425272999564,911.5263231999706,45.69691550009884,,,,,,,,,,,,,,,,783274,right,yes,None,2025-05-07_14h20.23.612,RL_out-of-scanner,2024.2.4,60.05039428312538,2025-05-07 14h20.32.862098 -0700,
9,0,9,,,,,,,space,4.284126999904402,None,5,1.183463599998504,None,45.69979750004131,k,0.3503451000433415,None,None,46.081528400070965,46.08197070006281,47.59574130002875,47.59579749999102,48.61105090007186,48.61109760007821,50.62609410006553,,,,,,,2,0,2,0,9,0,9,0,911.5425272999564,,,,,,,,,,,,,,,,,,,,,,,,,,,,,,,,,,,,,,,,,,,,,,,,,,,,,,,,45.69979750004131,911.5293069999898,911.5425272999564,911.5425272999564,911.5425272999564,911.5425272999564,911.9108577999286,k,0.3503451000433415,None,right,0,12,6,6,80,6,None,46.081528400070965,46.08197070006281,911.9114593999693,911.9254926999565,911.9254926999565,913.4459981999826,913.4459981999826,913.4251117999665,47.59574130002875,47.59579749999102,913.4390511999372,913.4459981999826,913.4459981999826,,,914.4404551999178,stimuli/box_empty_transparent.png,48.61105090007186,48.61109760007821,914.4405814999482,914.4563139999518,916.471798799932,916.4554979999084,50.62609410006553,,,,,,,,,,,,,,,,783274,right,yes,None,2025-05-07_14h20.23.612,RL_out-of-scanner,2024.2.4,60.05039428312538,2025-05-07 14h20.32.862098 -0700,
10,0,10,,,,,,,space,4.284126999904402,None,5,1.183463599998504,None,50.628521600039676,j,0.6013221000321209,None,None,51.26070250000339,51.261187600088306,52.77494680008385,52.77500070002861,53.790085099986754,53.79013760003727,54.78940750006586,,,,,,,2,0,2,0,10,0,10,0,916.471798799932,,,,,,,,,,,,,,,,,,,,,,,,,,,,,,,,,,,,,,,,,,,,,,,,,,,,,,,,50.628521600039676,916.458030299982,916.471798799932,916.471798799932,916.471798799932,916.471798799932,917.0900344999973,j,0.6013221000321209,None,right,0,12,6,6,80,6,None,51.26070250000339,51.261187600088306,917.0906779998913,917.104815699975,917.104815699975,918.6249605999328,918.6249605999328,918.6043179999106,52.77494680008385,52.77500070002861,918.6181500999955,918.6249605999328,918.6249605999328,,,919.619488599943,stimuli/box_empty_transparent.png,53.790085099986754,53.79013760003727,919.6196193998912,919.6353660000023,920.6353176999837,920.6188152999384,54.78940750006586,,,,,,,,,,,,,,,,783274,right,yes,None,2025-05-07_14h20.23.612,RL_out-of-scanner,2024.2.4,60.05039428312538,2025-05-07 14h20.32.862098 -0700,
11,0,11,,,,,,,space,4.284126999904402,None,5,1.183463599998504,None,54.791811100090854,k,0.4022144000045955,None,None,55.22435770009179,55.224793900037184,57.237989900051616,57.238068900071084,58.253424900001846,58.253472100012004,59.7683199000312,,,,,,,2,0,2,0,11,0,11,0,920.6353176999837,,,,,,,,,,,,,,,,,,,,,,,,,,,,,,,,,,,,,,,,,,,,,,,,,,,,,,,,54.791811100090854,920.6213156000013,920.6353176999837,920.6353176999837,920.6353176999837,920.6353176999837,921.053687699954,k,0.4022144000045955,None,right,1,12,7,6,81,7,None,55.22435770009179,55.224793900037184,921.0542815999361,921.068068799912,921.068068799912,923.0924699999159,923.0924699999159,923.0673620000016,57.237989900051616,57.238068900071084,923.0855181999505,923.0924699999159,923.0924699999159,,,924.0828058999032,stimuli/box_coin_transparent.png,58.253424900001846,58.253472100012004,924.0829539999831,924.098527999944,925.6141402999638,925.5977164999349,59.7683199000312,,,,,,,,,,,,,,,,783274,right,yes,None,2025-05-07_14h20.23.612,RL_out-of-scanner,2024.2.4,60.05039428312538,2025-05-07 14h20.32.862098 -0700,
12,0,12,,,,,,,space,4.284126999904402,None,5,1.183463599998504,None,59.769928300054744,j,0.3156400000443682,None,None,60.10397030005697,60.10442490002606,61.101789500098675,61.10184310004115,62.116450200090185,62.11648530000821,65.13128090009559,,,,,,,2,0,2,0,12,0,12,0,925.6141402999638,,,,,,,,,,,,,,,,,,,,,,,,,,,,,,,,,,,,,,,,,,,,,,,,,,,,,,,,59.769928300054744,925.5994133999338,925.6141402999638,925.6141402999638,925.6141402999638,925.6141402999638,925.9333013999276,j,0.3156400000443682,None,right,1,12,7,6,81,7,None,60.10397030005697,60.10442490002606,925.9339141999371,925.9475996999536,925.9475996999536,926.9520094000036,926.9520094000036,926.93116129993,61.101789500098675,61.10184310004115,926.9451707999688,926.9520094000036,926.9520094000036,,,927.945865699905,stimuli/box_empty_transparent.png,62.116450200090185,62.11648530000821,927.9459512999747,927.9618873998988,930.9768461999483,930.9606883999659,65.13128090009559,,,,,,,,,,,,,,,,783274,right,yes,None,2025-05-07_14h20.23.612,RL_out-of-scanner,2024.2.4,60.05039428312538,2025-05-07 14h20.32.862098 -0700,
13,0,13,,,,,,,space,4.284126999904402,None,5,1.183463599998504,None,65.1336645000847,k,0.31703679997008294,None,None,65.48241450008936,65.4828087000642,65.98119830002543,65.98125190008432,66.99612620007247,66.99617470009252,69.01204000005964,,,,,,,2,0,2,0,13,0,13,0,930.9768461999483,,,,,,,,,,,,,,,,,,,,,,,,,,,,,,,,,,,,,,,,,,,,,,,,,,,,,,,,65.1336645000847,930.9631661999738,930.9768461999483,930.9768461999483,930.9768461999483,930.9768461999483,931.3117430999409,k,0.31703679997008294,None,right,1,12,8,6,82,8,None,65.48241450008936,65.4828087000642,931.3122964999638,931.3264936999185,931.3264936999185,931.8349290000042,931.8349290000042,931.8105674999533,65.98119830002543,65.98125190008432,931.8276819000021,931.8349290000042,931.8349290000042,,,932.8255317999283,stimuli/box_coin_transparent.png,66.99612620007247,66.99617470009252,932.8256569999503,932.8414656999521,934.8572855999228,934.8414484999375,69.01204000005964,,,,,,,,,,,,,,,,783274,right,yes,None,2025-05-07_14h20.23.612,RL_out-of-scanner,2024.2.4,60.05039428312538,2025-05-07 14h20.32.862098 -0700,
14,0,14,,,,,,,space,4.284126999904402,None,5,1.183463599998504,None,69.01457230001688,k,0.3437105999328196,None,None,69.37982680008281,69.38032060000114,70.8778843000764,70.87793840002269,71.89241610001773,71.89246320002712,72.89183590002358,,,,,,,2,0,2,0,14,0,14,0,934.8572855999228,,,,,,,,,,,,,,,,,,,,,,,,,,,,,,,,,,,,,,,,,,,,,,,,,,,,,,,,69.01457230001688,934.8440765999258,934.8572855999228,934.8572855999228,934.8572855999228,934.8572855999228,935.2091561999405,k,0.3437105999328196,None,right,1,12,9,6,83,9,None,69.37982680008281,69.38032060000114,935.2098112999229,935.2236164999194,935.2236164999194,936.7310473999241,936.7310473999241,936.707246099948,70.8778843000764,70.87793840002269,936.7243411999661,936.7310473999241,936.7310473999241,,,937.7218205999816,stimuli/box_coin_transparent.png,71.89241610001773,71.89246320002712,937.7219458000036,937.7378500999184,938.7374603999779,938.7212429998908,72.89183590002358,,,,,,,,,,,,,,,,783274,right,yes,None,2025-05-07_14h20.23.612,RL_out-of-scanner,2024.2.4,60.05039428312538,2025-05-07 14h20.32.862098 -0700,
15,0,15,,,,,,,space,4.284126999904402,None,5,1.183463599998504,None,72.89422750007361,k,0.4291677000001073,None,None,73.34326430002693,73.3436597000109,74.35751510004047,74.3575911000371,75.37270579999313,75.37275199999567,77.3881984000327,,,,,,,2,0,2,0,15,0,15,0,938.7374603999779,,,,,,,,,,,,,,,,,,,,,,,,,,,,,,,,,,,,,,,,,,,,,,,,,,,,,,,,72.89422750007361,938.723731999984,938.7374603999779,938.7374603999779,938.7374603999779,938.7374603999779,939.1725933999987,k,0.4291677000001073,None,right,1,12,10,6,84,10,None,73.34326430002693,73.3436597000109,939.1731812999351,939.1871043998981,939.1871043998981,940.212128299987,940.212128299987,940.1868943999289,74.35751510004047,74.3575911000371,940.2048605999444,940.212128299987,940.212128299987,,,941.202108599944,stimuli/box_coin_transparent.png,75.37270579999313,75.37275199999567,941.2022324999562,941.2184225999517,943.2338244999992,943.2176053998992,77.3881984000327,,,,,,,,,,,,,,,,783274,right,yes,None,2025-05-07_14h20.23.612,RL_out-of-scanner,2024.2.4,60.05039428312538,2025-05-07 14h20.32.862098 -0700,
16,0,16,,,,,,,space,4.284126999904402,None,5,1.183463599998504,None,77.39068489999045,k,0.42214609996881336,None,None,77.83956490003038,77.83996210002806,79.85328050004318,79.85333410010207,80.86836950003635,80.86841640004423,81.86811320006382,,,,,,,2,0,2,0,16,0,16,0,943.2338244999992,,,,,,,,,,,,,,,,,,,,,,,,,,,,,,,,,,,,,,,,,,,,,,,,,,,,,,,,77.39068489999045,943.2201934999321,943.2338244999992,943.2338244999992,943.2338244999992,943.2338244999992,943.6688948998926,k,0.42214609996881336,None,right,1,12,11,6,85,11,None,77.83956490003038,77.83996210002806,943.6694494999247,943.6834533999208,943.6834533999208,945.707548599923,945.707548599923,945.6826599999331,79.85328050004318,79.85333410010207,945.7007593999151,945.707548599923,945.707548599923,,,946.6977743000025,stimuli/box_coin_transparent.png,80.86836950003635,80.86841640004423,946.6978980998974,946.7138586998917,947.7135016999673,947.6975216999417,81.86811320006382,,,,,,,,,,,,,,,,783274,right,yes,None,2025-05-07_14h20.23.612,RL_out-of-scanner,2024.2.4,60.05039428312538,2025-05-07 14h20.32.862098 -0700,
17,0,17,,,,,,,space,4.284126999904402,None,5,1.183463599998504,None,81.87078400002792,k,0.3941517999628559,None,None,82.28538180002943,82.28580710000824,83.2839056000812,83.28396050003357,84.29929830005858,84.29934670007788,85.29858060006518,,,,,,,2,0,2,0,17,0,17,0,947.7135016999673,,,,,,,,,,,,,,,,,,,,,,,,,,,,,,,,,,,,,,,,,,,,,,,,,,,,,,,,81.87078400002792,947.7002915999619,947.7135016999673,947.7135016999673,947.7135016999673,947.7135016999673,948.1147163999267,k,0.3941517999628559,None,right,1,12,12,6,86,12,None,82.28538180002943,82.28580710000824,948.1152949999087,948.1297616999364,948.1297616999364,949.1371848999988,949.1371848999988,949.1132729999954,83.2839056000812,83.28396050003357,949.1304526999593,949.1371848999988,949.1371848999988,,,950.1286952999653,stimuli/box_coin_transparent.png,84.29929830005858,84.29934670007788,950.1288294999395,950.1444403999485,951.1443184999516,951.1279881999362,85.29858060006518,,,,,,,,,,,,,,,,783274,right,yes,None,2025-05-07_14h20.23.612,RL_out-of-scanner,2024.2.4,60.05039428312538,2025-05-07 14h20.32.862098 -0700,
18,0,18,,,,,,,space,4.284126999904402,None,5,1.183463599998504,None,85.30097960005514,k,0.5260847000172362,None,None,85.84975920000579,85.85017140000127,89.36271910008509,89.3627757000504,90.37736570008565,90.37741100008134,92.39332550007384,,,,,,,2,0,2,0,18,0,18,0,951.1443184999516,,,,,,,,,,,,,,,,,,,,,,,,,,,,,,,,,,,,,,,,,,,,,,,,,,,,,,,,85.30097960005514,951.1304877999937,951.1443184999516,951.1443184999516,951.1443184999516,951.1443184999516,951.6790304000024,k,0.5260847000172362,None,left,1,15,0,7,86,12,None,85.84975920000579,85.85017140000127,951.6796625999268,951.693598599988,951.693598599988,955.2132131999824,955.2132131999824,955.1920909999171,89.36271910008509,89.3627757000504,955.2064369999571,955.2132131999824,955.2132131999824,,,956.206769399927,stimuli/box_empty_transparent.png,90.37736570008565,90.37741100008134,956.2068917999277,956.2228839999298,958.238631599932,958.2227330999449,92.39332550007384,,,,,,,,,,,,,,,,783274,right,yes,None,2025-05-07_14h20.23.612,RL_out-of-scanner,2024.2.4,60.05039428312538,2025-05-07 14h20.32.862098 -0700,
19,0,19,,,,,,,space,4.284126999904402,None,5,1.183463599998504,None,92.39581790007651,j,0.27417260000947863,None,None,92.69465379999019,92.69510180002544,93.70880000002217,93.70885510009248,94.72364520002156,94.72372690006159,96.22309930005576,,,,,,,2,0,2,0,19,0,19,0,958.238631599932,,,,,,,,,,,,,,,,,,,,,,,,,,,,,,,,,,,,,,,,,,,,,,,,,,,,,,,,92.39581790007651,958.2253211999778,958.238631599932,958.238631599932,958.238631599932,958.238631599932,958.5239836999681,j,0.27417260000947863,None,left,1,15,1,7,87,13,None,92.69465379999019,92.69510180002544,958.5245917999418,958.5385842999676,958.5385842999676,959.5621799998917,959.5621799998917,959.5381721999729,93.70880000002217,93.70885510009248,959.5554747999413,959.5621799998917,959.5621799998917,,,960.5530450999504,stimuli/box_coin_transparent.png,94.72364520002156,94.72372690006159,960.5532251999248,960.5691427999409,962.0687293999363,962.0525083999382,96.22309930005576,,,,,,,,,,,,,,,,783274,right,yes,None,2025-05-07_14h20.23.612,RL_out-of-scanner,2024.2.4,60.05039428312538,2025-05-07 14h20.32.862098 -0700,
20,0,20,,,,,,,space,4.284126999904402,None,5,1.183463599998504,None,96.2258598000044,j,0.34645209996961057,None,None,96.59146770008374,96.59193300001789,98.60530470008962,98.60536290006712,99.62007400009315,99.62012040009722,101.63537320005707,,,,,,,2,0,2,0,20,0,20,0,962.0687293999363,,,,,,,,,,,,,,,,,,,,,,,,,,,,,,,,,,,,,,,,,,,,,,,,,,,,,,,,96.2258598000044,962.0554008999607,962.0687293999363,962.0687293999363,962.0687293999363,962.0687293999363,962.4207759998972,j,0.34645209996961057,None,left,0,15,1,7,88,13,None,96.59146770008374,96.59193300001789,962.4214259999571,962.4354330999777,962.4354330999777,964.456238099956,964.456238099956,964.4346703999909,98.60530470008962,98.60536290006712,964.4495134999743,964.456238099956,964.456238099956,,,965.4494777999353,stimuli/box_empty_transparent.png,99.62007400009315,99.62012040009722,965.4496012999443,965.4655910999281,967.480902899988,967.4647835999494,101.63537320005707,,,,,,,,,,,,,,,,783274,right,yes,None,2025-05-07_14h20.23.612,RL_out-of-scanner,2024.2.4,60.05039428312538,2025-05-07 14h20.32.862098 -0700,
21,0,21,,,,,,,space,4.284126999904402,None,5,1.183463599998504,None,101.63791130005848,j,0.33382209995761514,None,None,102.00360980001278,102.0042958999984,105.01673750008922,105.01680020010099,106.03212860005442,106.03218930005096,107.54752640007064,,,,,,,2,0,2,0,21,0,21,0,967.480902899988,,,,,,,,,,,,,,,,,,,,,,,,,,,,,,,,,,,,,,,,,,,,,,,,,,,,,,,,101.63791130005848,967.4674162999727,967.480902899988,967.480902899988,967.480902899988,967.480902899988,967.8329385999823,j,0.33382209995761514,None,left,1,15,2,7,89,14,None,102.00360980001278,102.0042958999984,967.8338043999393,967.8476884999545,967.8476884999545,970.8698534999276,970.8698534999276,970.8461059998954,105.01673750008922,105.01680020010099,970.8632281000027,970.8698534999276,970.8698534999276,,,971.861503199907,stimuli/box_coin_transparent.png,106.03212860005442,106.03218930005096,971.861676099943,971.8772476000013,973.3933605999919,973.3769335999386,107.54752640007064,,,,,,,,,,,,,,,,783274,right,yes,None,2025-05-07_14h20.23.612,RL_out-of-scanner,2024.2.4,60.05039428312538,2025-05-07 14h20.32.862098 -0700,
22,0,22,,,,,,,space,4.284126999904402,None,5,1.183463599998504,None,107.5500131000299,j,0.3088867000769824,None,None,107.88278340001125,107.88325549999718,109.39624920010101,109.39630420005415,110.41156320006121,110.41161050007213,112.42705769999884,,,,,,,2,0,2,0,22,0,22,0,973.3933605999919,,,,,,,,,,,,,,,,,,,,,,,,,,,,,,,,,,,,,,,,,,,,,,,,,,,,,,,,107.5500131000299,973.3795194999548,973.3933605999919,973.3933605999919,973.3933605999919,973.3933605999919,973.712105799932,j,0.3088867000769824,None,left,0,15,2,7,90,14,None,107.88278340001125,107.88325549999718,973.7127440999029,973.7261312999763,973.7261312999763,975.2469395999797,975.2469395999797,975.2256239999551,109.39624920010101,109.39630420005415,975.240287899971,975.2469395999797,975.2469395999797,,,976.2409608999733,stimuli/box_empty_transparent.png,110.41156320006121,110.41161050007213,976.2411392999347,976.2570096999407,978.2725911999587,978.2564652999863,112.42705769999884,,,,,,,,,,,,,,,,783274,right,yes,None,2025-05-07_14h20.23.612,RL_out-of-scanner,2024.2.4,60.05039428312538,2025-05-07 14h20.32.862098 -0700,
23,0,23,,,,,,,space,4.284126999904402,None,5,1.183463599998504,None,112.42972280003596,j,0.2980950000928715,None,None,112.7455274000531,112.74597749998793,114.25940540002193,114.25945960008539,115.27451600006316,115.27456380007789,116.78990640002303,,,,,,,2,0,2,0,23,0,23,0,978.2725911999587,,,,,,,,,,,,,,,,,,,,,,,,,,,,,,,,,,,,,,,,,,,,,,,,,,,,,,,,112.42972280003596,978.2592313999776,978.2725911999587,978.2725911999587,978.2725911999587,978.2725911999587,978.5748559999047,j,0.2980950000928715,None,left,0,15,2,7,91,14,None,112.7455274000531,112.74597749998793,978.5754743999569,978.5892259998946,978.5892259998946,980.1094808999915,980.1094808999915,980.0887771999696,114.25940540002193,114.25945960008539,980.102638399927,980.1094808999915,980.1094808999915,,,981.1039216999197,stimuli/box_empty_transparent.png,115.27451600006316,115.27456380007789,981.1040470999433,981.119900599937,982.635697199963,982.6193161999108,116.78990640002303,,,,,,,,,,,,,,,,783274,right,yes,None,2025-05-07_14h20.23.612,RL_out-of-scanner,2024.2.4,60.05039428312538,2025-05-07 14h20.32.862098 -0700,
24,0,24,,,,,,,space,4.284126999904402,None,5,1.183463599998504,None,116.79239660000894,j,0.3513720000628382,None,None,117.17468689999077,117.17512310005259,119.18889570003375,119.18895060010254,120.20410470000934,120.20415560004767,121.71972809999716,,,,,,,2,0,2,0,24,0,24,0,982.635697199963,,,,,,,,,,,,,,,,,,,,,,,,,,,,,,,,,,,,,,,,,,,,,,,,,,,,,,,,116.79239660000894,982.6218976998935,982.635697199963,982.635697199963,982.635697199963,982.635697199963,983.0040177999763,j,0.3513720000628382,None,left,1,15,3,7,92,15,None,117.17468689999077,117.17512310005259,983.0046131999698,983.0186697999015,983.0186697999015,985.0422382999677,985.0422382999677,985.0182671999792,119.18889570003375,119.18895060010254,985.0353138999781,985.0422382999677,985.0422382999677,,,986.0335081999656,stimuli/box_coin_transparent.png,120.20410470000934,120.20415560004767,986.0336371999001,986.0493666999973,987.5654295999557,987.5491360999877,121.71972809999716,,,,,,,,,,,,,,,,783274,right,yes,None,2025-05-07_14h20.23.612,RL_out-of-scanner,2024.2.4,60.05039428312538,2025-05-07 14h20.32.862098 -0700,
25,0,25,,,,,,,space,4.284126999904402,None,5,1.183463599998504,None,121.72215829999186,j,0.3175066999392584,None,None,122.0702776000835,122.07056650007144,123.08533370005898,123.08538699999917,124.10061740002129,124.10066320002079,127.61498700000811,,,,,,,2,0,2,0,25,0,25,0,987.5654295999557,,,,,,,,,,,,,,,,,,,,,,,,,,,,,,,,,,,,,,,,,,,,,,,,,,,,,,,,121.72215829999186,987.5516650999198,987.5654295999557,987.5654295999557,987.5654295999557,987.5654295999557,987.8996486999094,j,0.3175066999392584,None,left,1,15,4,7,93,16,None,122.0702776000835,122.07056650007144,987.900036499952,987.9149069999112,987.9149069999112,988.9396125999046,988.9396125999046,988.9147133999504,123.08533370005898,123.08538699999917,988.9332273999462,988.9396125999046,988.9396125999046,,,989.9300209999783,stimuli/box_coin_transparent.png,124.10061740002129,124.10066320002079,989.9301480998984,989.946295099915,993.4604674999136,993.4442822999554,127.61498700000811,,,,,,,,,,,,,,,,783274,right,yes,None,2025-05-07_14h20.23.612,RL_out-of-scanner,2024.2.4,60.05039428312538,2025-05-07 14h20.32.862098 -0700,
26,0,26,,,,,,,space,4.284126999904402,None,5,1.183463599998504,None,127.61746750003658,j,0.347447199979797,None,None,127.98304680001456,127.9835017999867,128.4813094000565,128.48136380000506,129.49640310008544,129.496449300088,133.01064630004112,,,,,,,2,0,2,0,26,0,26,0,993.4604674999136,,,,,,,,,,,,,,,,,,,,,,,,,,,,,,,,,,,,,,,,,,,,,,,,,,,,,,,,127.61746750003658,993.4469713999424,993.4604674999136,993.4604674999136,993.4604674999136,993.4604674999136,993.8123474000022,j,0.347447199979797,None,left,1,15,5,7,94,17,None,127.98304680001456,127.9835017999867,993.8129925999092,993.8268633999396,993.8268633999396,994.3343808999052,994.3343808999052,994.3106805999996,128.4813094000565,128.48136380000506,994.3277544999728,994.3343808999052,994.3343808999052,,,995.3258006999968,stimuli/box_coin_transparent.png,129.49640310008544,129.496449300088,995.3259312999435,995.3416750999168,998.8562122998992,998.840054399916,133.01064630004112,,,,,,,,,,,,,,,,783274,right,yes,None,2025-05-07_14h20.23.612,RL_out-of-scanner,2024.2.4,60.05039428312538,2025-05-07 14h20.32.862098 -0700,
27,0,27,,,,,,,space,4.284126999904402,None,5,1.183463599998504,None,133.01318620005623,j,0.33169340004678816,None,None,133.36167670006398,133.36211450002156,134.87601820006967,134.87607280001976,135.89136190002318,135.89141280006152,136.90694230003282,,,,,,,2,0,2,0,27,0,27,0,998.8562122998992,,,,,,,,,,,,,,,,,,,,,,,,,,,,,,,,,,,,,,,,,,,,,,,,,,,,,,,,133.01318620005623,998.8426970998989,998.8562122998992,998.8562122998992,998.8562122998992,998.8562122998992,999.1910041999072,j,0.33169340004678816,None,left,1,15,6,7,95,18,None,133.36167670006398,133.36211450002156,999.191602799925,999.2061371000018,999.2061371000018,1000.7301030999515,1000.7301030999515,1000.7053939999314,134.87601820006967,134.87607280001976,1000.7232801999198,1000.7301030999515,1000.7301030999515,,,1001.7207657999825,stimuli/box_coin_transparent.png,135.89136190002318,135.89141280006152,1001.7208949999185,1001.7367951999186,1002.7527489999775,1002.7363643998979,136.90694230003282,,,,,,,,,,,,,,,,783274,right,yes,None,2025-05-07_14h20.23.612,RL_out-of-scanner,2024.2.4,60.05039428312538,2025-05-07 14h20.32.862098 -0700,
28,0,28,,,,,,,space,4.284126999904402,None,5,1.183463599998504,None,136.9084727000445,j,0.3359059999929741,None,None,137.27537630009465,137.27583659999073,138.2898661000654,138.2899194000056,139.30529070005286,139.30534180009272,142.81955620006192,,,,,,,2,0,2,0,28,0,28,0,1002.7527489999775,,,,,,,,,,,,,,,,,,,,,,,,,,,,,,,,,,,,,,,,,,,,,,,,,,,,,,,,136.9084727000445,1002.7379513999913,1002.7527489999775,1002.7527489999775,1002.7527489999775,1002.7527489999775,1003.1047056999523,j,0.3359059999929741,None,left,0,15,6,7,96,18,None,137.27537630009465,137.27583659999073,1003.1053305999376,1003.1195138999028,1003.1195138999028,1004.1409123999765,1004.1409123999765,1004.119244499947,138.2898661000654,138.2899194000056,1004.1339794999221,1004.1409123999765,1004.1409123999765,,,1005.1346953999018,stimuli/box_empty_transparent.png,139.30529070005286,139.30534180009272,1005.1348231999436,1005.15089109994,1008.6650521999691,1008.6489624999231,142.81955620006192,,,,,,,,,,,,,,,,783274,right,yes,None,2025-05-07_14h20.23.612,RL_out-of-scanner,2024.2.4,60.05039428312538,2025-05-07 14h20.32.862098 -0700,
29,0,29,,,,,,,space,4.284126999904402,None,5,1.183463599998504,None,142.82209940010216,j,0.3254086999222636,None,None,143.17076760006603,143.1712215000298,145.18444069998804,145.1844957000576,146.19997570000123,146.20002190000378,147.19925960002,,,,,,,2,0,2,0,29,0,29,0,1008.6650521999691,,,,,,,,,,,,,,,,,,,,,,,,,,,,,,,,,,,,,,,,,,,,,,,,,,,,,,,,142.82209940010216,1008.6516020999989,1008.6650521999691,1008.6650521999691,1008.6650521999691,1008.6650521999691,1009.0000959999161,j,0.3254086999222636,None,left,1,15,7,7,97,19,None,143.17076760006603,143.1712215000298,1009.0007109999424,1009.0146236999426,1009.0146236999426,1011.038713799906,1011.038713799906,1011.0138142999494,145.18444069998804,145.1844957000576,1011.031935499981,1011.038713799906,1011.038713799906,,,1012.0293798999628,stimuli/box_coin_transparent.png,146.19997570000123,146.20002190000378,1012.0295034999726,1012.0453242999502,1013.0449199998984,1013.0286657999968,147.19925960002,,,,,,,,,,,,,,,,783274,right,yes,None,2025-05-07_14h20.23.612,RL_out-of-scanner,2024.2.4,60.05039428312538,2025-05-07 14h20.32.862098 -0700,
30,0,30,,,,,,,space,4.284126999904402,None,5,1.183463599998504,None,147.2017188000027,j,0.41393190005328506,None,None,147.6338953000959,147.63434630003758,148.63199760008138,148.6320521000307,149.64692830003332,149.64697280002292,150.64644849998876,,,,,,,2,0,2,0,30,0,30,0,1013.0449199998984,,,,,,,,,,,,,,,,,,,,,,,,,,,,,,,,,,,,,,,,,,,,,,,,,,,,,,,,147.2017188000027,1013.0312226999085,1013.0449199998984,1013.0449199998984,1013.0449199998984,1013.0449199998984,1013.4632238999475,j,0.41393190005328506,None,left,1,15,8,7,98,20,None,147.6338953000959,147.63434630003758,1013.4638364999555,1013.4779820999829,1013.4779820999829,1014.4850679999217,1014.4850679999217,1014.4613631999819,148.63199760008138,148.6320521000307,1014.4784339999314,1014.4850679999217,1014.4850679999217,,,1015.4763329999987,stimuli/box_coin_transparent.png,149.64692830003332,149.64697280002292,1015.4764552999986,1015.4923360999674,1016.4921283998992,1016.4758566999808,150.64644849998876,,,,,,,,,,,,,,,,783274,right,yes,None,2025-05-07_14h20.23.612,RL_out-of-scanner,2024.2.4,60.05039428312538,2025-05-07 14h20.32.862098 -0700,
31,0,31,,,,,,,space,4.284126999904402,None,5,1.183463599998504,None,150.6488993000239,j,0.3378919999813661,None,None,151.01484720001463,151.0154028000543,154.02767720003612,154.02773319999687,155.0426229001023,155.04266820009798,157.5574639000697,,,,,,,2,0,2,0,31,0,31,0,1016.4921283998992,,,,,,,,,,,,,,,,,,,,,,,,,,,,,,,,,,,,,,,,,,,,,,,,,,,,,,,,150.6488993000239,1016.4784053999465,1016.4921283998992,1016.4921283998992,1016.4921283998992,1016.4921283998992,1016.8441778999986,j,0.3378919999813661,None,left,1,15,9,7,99,21,None,151.01484720001463,151.0154028000543,1016.8448997999076,1016.8584883000003,1016.8584883000003,1019.8819591999054,1019.8819591999054,1019.857014899957,154.02767720003612,154.02773319999687,1019.8750054999255,1019.8819591999054,1019.8819591999054,,,1020.8720266999444,stimuli/box_coin_transparent.png,155.0426229001023,155.04266820009798,1020.872150399955,1020.8880108000012,1023.403133799904,1023.3868743999628,157.5574639000697,,,,,,,,,,,,,,,,783274,right,yes,None,2025-05-07_14h20.23.612,RL_out-of-scanner,2024.2.4,60.05039428312538,2025-05-07 14h20.32.862098 -0700,
32,0,32,,,,,,,space,4.284126999904402,None,5,1.183463599998504,None,157.55999510001857,j,0.36932039994280785,None,None,157.9580614999868,157.95835150009952,158.95717270008754,158.9572289000498,159.97203910001554,159.9720907000592,160.9715880000731,,,,,,,2,0,2,0,32,0,32,0,1023.403133799904,,,,,,,,,,,,,,,,,,,,,,,,,,,,,,,,,,,,,,,,,,,,,,,,,,,,,,,,157.55999510001857,1023.3894984999206,1023.403133799904,1023.403133799904,1023.403133799904,1023.403133799904,1023.7874339999398,j,0.36932039994280785,None,left,0,15,9,7,100,21,None,157.9580614999868,157.95835150009952,1023.7878215999808,1023.8029101999709,1023.8029101999709,1024.8082094999263,1024.8082094999263,1024.7865404998884,158.95717270008754,158.9572289000498,1024.8012602999806,1024.8082094999263,1024.8082094999263,,,1025.801443799981,stimuli/box_empty_transparent.png,159.97203910001554,159.9720907000592,1025.8015718999086,1025.8176275999285,1026.8171942998888,1026.800880900002,160.9715880000731,,,,,,,,,,,,,,,,783274,right,yes,None,2025-05-07_14h20.23.612,RL_out-of-scanner,2024.2.4,60.05039428312538,2025-05-07 14h20.32.862098 -0700,
33,0,33,,,,,,,space,4.284126999904402,None,5,1.183463599998504,None,160.974155300064,j,0.3755935999797657,None,None,161.37308940000366,161.37354200007394,163.38614330010023,163.38617940002587,164.38609640009236,164.38617330009583,165.90104880009312,,,,,,,2,0,2,0,33,0,33,0,1026.8171942998888,,,,,,,,,,,,,,,,,,,,,,,,,,,,,,,,,,,,,,,,,,,,,,,,,,,,,,,,160.974155300064,1026.803659999976,1026.8171942998888,1026.8171942998888,1026.8171942998888,1026.8171942998888,1027.202410299913,j,0.3755935999797657,None,left,1,15,10,7,101,22,None,161.37308940000366,161.37354200007394,1027.2030319999903,1027.2169134999858,1027.2169134999858,1029.2318483999697,1029.2318483999697,1029.2155414998997,163.38614330010023,163.38617940002587,1029.225713599939,1029.2318483999697,1029.2318483999697,1030.2307441999437,1030.2307441999437,1030.2155013999436,stimuli/box_coin_transparent.png,164.38609640009236,164.38617330009583,1030.2156561999582,1030.2307441999437,1031.746712799999,1031.7304558999604,165.90104880009312,,,,,,,,,,,,,,,,783274,right,yes,None,2025-05-07_14h20.23.612,RL_out-of-scanner,2024.2.4,60.05039428312538,2025-05-07 14h20.32.862098 -0700,
34,0,34,,,,,,,space,4.284126999904402,None,5,1.183463599998504,None,165.90351430000737,j,0.3277373999590054,None,None,166.2521706999978,166.25264710001647,169.26516290009022,169.26521680003498,170.28024400002323,170.2802746000234,172.79525910003576,,,,,,,2,0,2,0,34,0,34,0,1031.746712799999,,,,,,,,,,,,,,,,,,,,,,,,,,,,,,,,,,,,,,,,,,,,,,,,,,,,,,,,165.90351430000737,1031.733017899911,1031.746712799999,1031.746712799999,1031.746712799999,1031.746712799999,1032.0815019999864,j,0.3277373999590054,None,left,1,15,11,7,102,23,None,166.2521706999978,166.25264710001647,1032.0821373999352,1032.0960833999561,1032.0960833999561,1035.120218899916,1035.120218899916,1035.0945387999527,169.26516290009022,169.26521680003498,1035.112929899944,1035.120218899916,1035.120218899916,,,1036.1096615999704,stimuli/box_coin_transparent.png,170.28024400002323,170.2802746000234,1036.1097404999891,1036.125779199996,1038.6411585999886,1038.6246692999266,172.79525910003576,,,,,,,,,,,,,,,,783274,right,yes,None,2025-05-07_14h20.23.612,RL_out-of-scanner,2024.2.4,60.05039428312538,2025-05-07 14h20.32.862098 -0700,
35,0,35,,,,,,,space,4.284126999904402,None,5,1.183463599998504,None,172.7978786000749,j,0.30459280009381473,None,None,173.13036380009726,173.13082850002684,174.64472179999575,174.64477790007368,175.65942839998752,175.65947290009353,176.65901880001184,,,,,,,2,0,2,0,35,0,35,0,1038.6411585999886,,,,,,,,,,,,,,,,,,,,,,,,,,,,,,,,,,,,,,,,,,,,,,,,,,,,,,,,172.7978786000749,1038.6273851000005,1038.6411585999886,1038.6411585999886,1038.6411585999886,1038.6411585999886,1038.9596831999952,j,0.30459280009381473,None,left,1,15,12,7,103,24,None,173.13036380009726,173.13082850002684,1038.96032069996,1038.9741245999467,1038.9741245999467,1040.4986965999706,1040.4986965999706,1040.4740938999457,174.64472179999575,174.64477790007368,1040.4917293000035,1040.4986965999706,1040.4986965999706,,,1041.4888323999476,stimuli/box_coin_transparent.png,175.65942839998752,175.65947290009353,1041.4889550999505,1041.5049107999075,1042.5045393999899,1042.488428399898,176.65901880001184,,,,,,,,,,,,,,,,783274,right,yes,None,2025-05-07_14h20.23.612,RL_out-of-scanner,2024.2.4,60.05039428312538,2025-05-07 14h20.32.862098 -0700,
36,0,36,,,,,,,space,4.284126999904402,None,5,1.183463599998504,None,176.66153470007703,j,0.3255911000305787,None,None,177.01023220003117,177.0106678000884,178.5241731000133,178.52420860005077,179.52407210005913,179.52411650004797,183.03743130003568,,,,,,,2,0,2,0,36,0,36,0,1042.5045393999899,,,,,,,,,,,,,,,,,,,,,,,,,,,,,,,,,,,,,,,,,,,,,,,,,,,,,,,,176.66153470007703,1042.4910457999213,1042.5045393999899,1042.5045393999899,1042.5045393999899,1042.5045393999899,1042.8395023999037,j,0.3255911000305787,None,left,1,15,13,7,104,25,None,177.01023220003117,177.0106678000884,1042.8401563999942,1042.854278099956,1042.854278099956,1044.3699795999564,1044.3699795999564,1044.353568399907,178.5241731000133,178.52420860005077,1044.3640648999717,1044.3699795999564,1044.3699795999564,1045.3687522999244,1045.3687522999244,1045.353476399905,stimuli/box_coin_transparent.png,179.52407210005913,179.52411650004797,1045.3536303999135,1045.3687522999244,1048.8828540999675,1048.8668385999044,183.03743130003568,,,,,,,,,,,,,,,,783274,right,yes,None,2025-05-07_14h20.23.612,RL_out-of-scanner,2024.2.4,60.05039428312538,2025-05-07 14h20.32.862098 -0700,
37,0,37,,,,,,,space,4.284126999904402,None,5,1.183463599998504,None,183.04001140000764,j,0.36923800001386553,None,None,183.4386045000283,183.4390632000286,185.45252670010086,185.45258150005247,186.4676335999975,186.46768140001222,187.46719900006428,,,,,,,2,0,2,0,37,0,37,0,1048.8828540999675,,,,,,,,,,,,,,,,,,,,,,,,,,,,,,,,,,,,,,,,,,,,,,,,,,,,,,,,183.04001140000764,1048.8695199999493,1048.8828540999675,1048.8828540999675,1048.8828540999675,1048.8828540999675,1049.2679301999742,j,0.36923800001386553,None,left,1,15,14,7,105,26,None,183.4386045000283,183.4390632000286,1049.2685558999656,1049.2825746999588,1049.2825746999588,1051.3057814999484,1051.3057814999484,1051.28189689992,185.45252670010086,185.45258150005247,1051.2990171998972,1051.3057814999484,1051.3057814999484,,,1052.297036199947,stimuli/box_coin_transparent.png,186.4676335999975,186.46768140001222,1052.2971636999864,1052.31307309994,1053.3126216999954,1053.2966059999308,187.46719900006428,,,,,,,,,,,,,,,,783274,right,yes,None,2025-05-07_14h20.23.612,RL_out-of-scanner,2024.2.4,60.05039428312538,2025-05-07 14h20.32.862098 -0700,
38,0,38,,,,,,,space,4.284126999904402,None,5,1.183463599998504,None,187.46958989999257,j,0.6091203999239951,None,None,188.1019585999893,188.10241920000408,189.09945860004518,189.0995119001018,190.1148411000613,190.11487510008737,191.62980230001267,,,,,,,2,0,2,0,38,0,38,0,1053.3126216999954,,,,,,,,,,,,,,,,,,,,,,,,,,,,,,,,,,,,,,,,,,,,,,,,,,,,,,,,187.46958989999257,1053.2990914999973,1053.3126216999954,1053.3126216999954,1053.3126216999954,1053.3126216999954,1053.9312874999596,j,0.6091203999239951,None,left,0,15,14,7,106,26,None,188.1019585999893,188.10241920000408,1053.9319111999357,1053.9455889998935,1053.9455889998935,1054.9508130999748,1054.9508130999748,1054.928833099897,189.09945860004518,189.0995119001018,1054.9436612999998,1054.9508130999748,1054.9508130999748,,,1055.9442557999864,stimuli/box_empty_transparent.png,190.1148411000613,190.11487510008737,1055.9443409999367,1055.9602126999525,1057.4761857999256,1057.4592203999637,191.62980230001267,,,,,,,,,,,,,,,,783274,right,yes,None,2025-05-07_14h20.23.612,RL_out-of-scanner,2024.2.4,60.05039428312538,2025-05-07 14h20.32.862098 -0700,
39,0,39,,,,,,,space,4.284126999904402,None,5,1.183463599998504,None,191.63125100010075,j,0.29921460000332445,None,None,191.94763800001238,191.9479241000954,192.94616960000712,192.94622720009647,193.96154230006505,193.9615882000653,194.96094160003122,,,,,,,2,0,2,0,39,0,39,0,1057.4761857999256,,,,,,,,,,,,,,,,,,,,,,,,,,,,,,,,,,,,,,,,,,,,,,,,,,,,,,,,191.63125100010075,1057.4607357999776,1057.4761857999256,1057.4761857999256,1057.4761857999256,1057.4761857999256,1057.7770101999631,j,0.29921460000332445,None,left,1,15,15,7,107,27,None,191.94763800001238,191.9479241000954,1057.7773951999843,1057.7922660999466,1057.7922660999466,1058.7919506999897,1058.7919506999897,1058.7755339998985,192.94616960000712,192.94622720009647,1058.7860666998895,1058.7919506999897,1058.7919506999897,,,1059.7909470999148,stimuli/box_coin_transparent.png,193.96154230006505,193.9615882000653,1059.7910695999162,1059.807054099976,1060.806842799997,1060.7903529999312,194.96094160003122,,,,,,,,,,,,,,,,783274,right,yes,None,2025-05-07_14h20.23.612,RL_out-of-scanner,2024.2.4,60.05039428312538,2025-05-07 14h20.32.862098 -0700,
40,0,40,,,,,,,space,4.284126999904402,None,5,1.183463599998504,None,194.96371300006285,j,0.3591550999553874,None,None,195.3445883000968,195.34487040003296,196.84331700007897,196.84337220003363,197.85896189999767,197.85900860000402,198.85806700005196,,,,,,,2,0,2,0,40,0,40,0,1060.806842799997,,,,,,,,,,,,,,,,,,,,,,,,,,,,,,,,,,,,,,,,,,,,,,,,,,,,,,,,194.96371300006285,1060.7932229998987,1060.806842799997,1060.806842799997,1060.806842799997,1060.806842799997,1061.173961399938,j,0.3591550999553874,None,right,1,7,0,8,107,27,None,195.3445883000968,195.34487040003296,1061.1743404999143,1061.1893768999726,1061.1893768999726,1062.6936874999665,1062.6936874999665,1062.6726873998996,196.84331700007897,196.84337220003363,1062.6866341999266,1062.6936874999665,1062.6936874999665,,,1063.6883663999615,stimuli/box_empty_transparent.png,197.85896189999767,197.85900860000402,1063.6884902999736,1063.7038717999822,1064.7035040999763,1064.68747419992,198.85806700005196,,,,,,,,,,,,,,,,783274,right,yes,None,2025-05-07_14h20.23.612,RL_out-of-scanner,2024.2.4,60.05039428312538,2025-05-07 14h20.32.862098 -0700,
41,0,41,,,,,,,space,4.284126999904402,None,5,1.183463599998504,None,198.86053040006664,j,0.2981789999175817,None,None,199.1765942000784,199.17704610002693,200.1742121001007,200.1742680000607,201.18934220005758,201.1893916000845,204.2040078000864,,,,,,,2,0,2,0,41,0,41,0,1064.7035040999763,,,,,,,,,,,,,,,,,,,,,,,,,,,,,,,,,,,,,,,,,,,,,,,,,,,,,,,,198.86053040006664,1064.6900380000006,1064.7035040999763,1064.7035040999763,1064.7035040999763,1064.7035040999763,1065.0059241999406,j,0.2981789999175817,None,right,1,7,0,8,107,27,None,199.1765942000784,199.17704610002693,1065.0065367999487,1065.020056999987,1065.020056999987,1066.0242830999196,1066.0242830999196,1066.0035807999084,200.1742121001007,200.1742680000607,1066.0174545999616,1066.0242830999196,1066.0242830999196,,,1067.0187467999058,stimuli/box_empty_transparent.png,201.18934220005758,201.1893916000845,1067.018873999943,1067.0346324999118,1070.0494356999407,1070.0334153999574,204.2040078000864,,,,,,,,,,,,,,,,783274,right,yes,None,2025-05-07_14h20.23.612,RL_out-of-scanner,2024.2.4,60.05039428312538,2025-05-07 14h20.32.862098 -0700,
42,0,42,,,,,,,space,4.284126999904402,None,5,1.183463599998504,None,204.20642090006731,k,0.27081610006280243,None,None,204.5052848000778,204.5056806000648,206.51900080009364,206.51906110008713,207.53407080005854,207.53411760006566,211.04833490005694,,,,,,,2,0,2,0,42,0,42,0,1070.0494356999407,,,,,,,,,,,,,,,,,,,,,,,,,,,,,,,,,,,,,,,,,,,,,,,,,,,,,,,,204.20642090006731,1070.0359268999891,1070.0494356999407,1070.0494356999407,1070.0494356999407,1070.0494356999407,1070.3346154999454,k,0.27081610006280243,None,right,1,7,1,8,108,28,None,204.5052848000778,204.5056806000648,1070.3351684999652,1070.3491975999204,1070.3491975999204,1072.3729301999556,1072.3729301999556,1072.348372099921,206.51900080009364,206.51906110008713,1072.3660797999473,1072.3729301999556,1072.3729301999556,,,1073.3634740998968,stimuli/box_coin_transparent.png,207.53407080005854,207.53411760006566,1073.3635989999166,1073.3796622999944,1076.8938051000005,1076.8777444999432,211.04833490005694,,,,,,,,,,,,,,,,783274,right,yes,None,2025-05-07_14h20.23.612,RL_out-of-scanner,2024.2.4,60.05039428312538,2025-05-07 14h20.32.862098 -0700,
43,0,43,,,,,,,space,4.284126999904402,None,5,1.183463599998504,None,211.05080259998795,k,0.2774072999600321,None,None,211.35000540001784,211.35040170000866,212.34799350006506,212.3480458999984,213.3628086000681,213.36285680008586,215.37792740005534,,,,,,,2,0,2,0,43,0,43,0,1076.8938051000005,,,,,,,,,,,,,,,,,,,,,,,,,,,,,,,,,,,,,,,,,,,,,,,,,,,,,,,,211.05080259998795,1076.880423399969,1076.8938051000005,1076.8938051000005,1076.8938051000005,1076.8938051000005,1077.1793290999485,k,0.2774072999600321,None,right,0,7,1,8,109,28,None,211.35000540001784,211.35040170000866,1077.1798902999144,1077.1937980999937,1077.1937980999937,1078.1982674999163,1078.1982674999163,1078.1773625999922,212.34799350006506,212.3480458999984,1078.1913507999852,1078.1982674999163,1078.1982674999163,,,1079.1922053999733,stimuli/box_empty_transparent.png,213.3628086000681,213.36285680008586,1079.1923400999513,1079.208185399999,1081.223747799988,1081.2073416999774,215.37792740005534,,,,,,,,,,,,,,,,783274,right,yes,None,2025-05-07_14h20.23.612,RL_out-of-scanner,2024.2.4,60.05039428312538,2025-05-07 14h20.32.862098 -0700,
44,0,44,,,,,,,space,4.284126999904402,None,5,1.183463599998504,None,215.3806149000302,j,0.28313850006088614,None,None,215.68018190003932,215.68063740001526,218.19334770005662,218.19340530002955,219.2083865000168,219.20843370002694,221.22344870003872,,,,,,,2,0,2,0,44,0,44,0,1081.223747799988,,,,,,,,,,,,,,,,,,,,,,,,,,,,,,,,,,,,,,,,,,,,,,,,,,,,,,,,215.3806149000302,1081.2101419999963,1081.223747799988,1081.223747799988,1081.223747799988,1081.223747799988,1081.5095069999807,j,0.28313850006088614,None,right,0,7,1,8,109,28,None,215.68018190003932,215.68063740001526,1081.5101268999279,1081.5237159999087,1081.5237159999087,1084.0386643999955,1084.0386643999955,1084.0227121999487,218.19334770005662,218.19340530002955,1084.0313813999528,1084.0386643999955,1084.0386643999955,,,1085.0377926999936,stimuli/box_empty_transparent.png,219.2083865000168,219.20843370002694,1085.0379176998977,1085.0537223999854,1087.0688953999197,1087.0528431999264,221.22344870003872,,,,,,,,,,,,,,,,783274,right,yes,None,2025-05-07_14h20.23.612,RL_out-of-scanner,2024.2.4,60.05039428312538,2025-05-07 14h20.32.862098 -0700,
45,0,45,,,,,,,space,4.284126999904402,None,5,1.183463599998504,None,221.22590880002826,k,0.26547830004710704,None,None,221.5085328000132,221.50893110001925,222.50625440001022,222.50630850007292,223.5215786000481,223.52162530005444,224.52100940002128,,,,,,,2,0,2,0,45,0,45,0,1087.0688953999197,,,,,,,,,,,,,,,,,,,,,,,,,,,,,,,,,,,,,,,,,,,,,,,,,,,,,,,,221.22590880002826,1087.0554130999371,1087.0688953999197,1087.0688953999197,1087.0688953999197,1087.0688953999197,1087.3378611999797,k,0.26547830004710704,None,right,1,7,2,8,110,29,None,221.5085328000132,221.50893110001925,1087.3384187999181,1087.3524611999746,1087.3524611999746,1088.360605099937,1088.360605099937,1088.3355961999623,222.50625440001022,222.50630850007292,1088.3540238999994,1088.360605099937,1088.360605099937,,,1089.350982899894,stimuli/box_coin_transparent.png,223.5215786000481,223.52162530005444,1089.3511070999084,1089.366789199994,1090.3665986999404,1090.3504132999806,224.52100940002128,,,,,,,,,,,,,,,,783274,right,yes,None,2025-05-07_14h20.23.612,RL_out-of-scanner,2024.2.4,60.05039428312538,2025-05-07 14h20.32.862098 -0700,
46,0,46,,,,,,,space,4.284126999904402,None,5,1.183463599998504,None,224.52360820001923,k,0.3254588000709191,None,None,224.87154770002235,224.87196950009093,226.88616760005243,226.8862228000071,227.90117850003298,227.9012253000401,228.9010095000267,,,,,,,2,0,2,0,46,0,46,0,1090.3665986999404,,,,,,,,,,,,,,,,,,,,,,,,,,,,,,,,,,,,,,,,,,,,,,,,,,,,,,,,224.52360820001923,1090.3531119999243,1090.3665986999404,1090.3665986999404,1090.3665986999404,1090.3665986999404,1090.700861099991,k,0.3254588000709191,None,right,0,7,2,8,111,29,None,224.87154770002235,224.87196950009093,1090.7014702999732,1090.716106699896,1090.716106699896,1092.73717759992,1092.73717759992,1092.7155375999864,226.88616760005243,226.8862228000071,1092.729974299902,1092.73717759992,1092.73717759992,,,1093.73058209999,stimuli/box_empty_transparent.png,227.90117850003298,227.9012253000401,1093.7307063998887,1093.746619499987,1094.746527499985,1094.7304172998993,228.9010095000267,,,,,,,,,,,,,,,,783274,right,yes,None,2025-05-07_14h20.23.612,RL_out-of-scanner,2024.2.4,60.05039428312538,2025-05-07 14h20.32.862098 -0700,
47,0,47,,,,,,,space,4.284126999904402,None,5,1.183463599998504,None,228.90256870002486,k,0.2780273000244051,None,None,229.20244780008215,229.20286750001833,232.2153731000144,232.21543089998886,233.23037000000477,233.23041630000807,234.74535920005292,,,,,,,2,0,2,0,47,0,47,0,1094.746527499985,,,,,,,,,,,,,,,,,,,,,,,,,,,,,,,,,,,,,,,,,,,,,,,,,,,,,,,,228.90256870002486,1094.7320486999815,1094.746527499985,1094.746527499985,1094.746527499985,1094.746527499985,1095.0317705998896,k,0.2780273000244051,None,right,1,7,3,8,112,30,None,229.20244780008215,229.20286750001833,1095.032364499988,1095.0461774999276,1095.0461774999276,1098.0702193999896,1098.0702193999896,1098.0447400999255,232.2153731000144,232.21543089998886,1098.062981499941,1098.0702193999896,1098.0702193999896,,,1099.0597735999618,stimuli/box_coin_transparent.png,233.23037000000477,233.23041630000807,1099.0598971999716,1099.0758313999977,1100.5913650000002,1100.574777300004,234.74535920005292,,,,,,,,,,,,,,,,783274,right,yes,None,2025-05-07_14h20.23.612,RL_out-of-scanner,2024.2.4,60.05039428312538,2025-05-07 14h20.32.862098 -0700,
48,0,48,,,,,,,space,4.284126999904402,None,5,1.183463599998504,None,234.74690910009667,k,0.3094295000191778,None,None,235.08095980004873,235.08139499998651,236.59535790001974,236.59541410009842,237.61064960004296,237.6106953000417,241.1243162000319,,,,,,,2,0,2,0,48,0,48,0,1100.5913650000002,,,,,,,,,,,,,,,,,,,,,,,,,,,,,,,,,,,,,,,,,,,,,,,,,,,,,,,,234.74690910009667,1100.5763959999895,1100.5913650000002,1100.5913650000002,1100.5913650000002,1100.5913650000002,1100.910289399908,k,0.3094295000191778,None,right,0,7,3,8,113,30,None,235.08095980004873,235.08139499998651,1100.9108837998938,1100.9250883999048,1100.9250883999048,1102.4459901999217,1102.4459901999217,1102.4247286999598,236.59535790001974,236.59541410009842,1102.438614899991,1102.4459901999217,1102.4459901999217,,,1103.4400533000007,stimuli/box_empty_transparent.png,237.61064960004296,237.6106953000417,1103.4402065000031,1103.4560899999924,1106.9701948999427,1106.9537221998908,241.1243162000319,,,,,,,,,,,,,,,,783274,right,yes,None,2025-05-07_14h20.23.612,RL_out-of-scanner,2024.2.4,60.05039428312538,2025-05-07 14h20.32.862098 -0700,
49,0,49,,,,,,,space,4.284126999904402,None,5,1.183463599998504,None,241.1268171000993,j,1.141617799992673,None,None,242.29191150004044,242.29235620005056,243.8060580000747,243.80611370003317,244.82101690000854,244.82106470002327,244.82181500003207,,,,,,,2,0,2,0,49,0,49,0,1106.9701948999427,,,,,,,,,,,,,,,,,,,,,,,,,,,,,,,,,,,,,,,,,,,,,,,,,,,,,,,,241.1268171000993,1106.9563249999192,1106.9701948999427,1106.9701948999427,1106.9701948999427,1106.9701948999427,1108.1212431999156,j,1.141617799992673,None,right,0,7,3,8,113,30,None,242.29191150004044,242.29235620005056,1108.1218453999609,1108.1358359999722,1108.1358359999722,1109.6569915999426,1109.6569915999426,1109.6354278998915,243.8060580000747,243.80611370003317,1109.6502972999588,1109.6569915999426,1109.6569915999426,,,1110.6504204999655,stimuli/box_empty_transparent.png,244.82101690000854,244.82106470002327,1110.6505461999914,1110.6855059999507,1110.6855059999507,1110.6512349999975,244.82181500003207,,,,,,,,,,,,,,,,783274,right,yes,None,2025-05-07_14h20.23.612,RL_out-of-scanner,2024.2.4,60.05039428312538,2025-05-07 14h20.32.862098 -0700,
2,0,2,,,,,,,space,4.284126999904402,None,5,1.183463599998504,None,,,,,,,,,,,,,,,,,,,2,0,2,0,,,,,,,,,,,,,,,,,,,,,,,,,,,,,,,,,,,,,,,,,,,,,,,,,,,,,,,,,,,,,,,,,,,,,,,,,,,,,,,,,,,,,,,,,,,,,,,,,,,,,,,,,,,,,1110.6813697000034,1110.6855059999507,1114.6634915999603,1114.663575299899,1114.6799524999224,1170.852026199922,1170.836101599969,,,783274,right,yes,None,2025-05-07_14h20.23.612,RL_out-of-scanner,2024.2.4,60.05039428312538,2025-05-07 14h20.32.862098 -0700,
,,,,,,,,,,,,,,,,,,,,,,,,,,,,,,,,,,,,,,,,,,,,,,,,,,,,,,,,,,,,,,,,,,,,,,,,,,,,,,,,,,,,,,,,,,,,,,,,,,,,,,,,,,,,,,,,,,,,,,,,,,,,,,,,,,,,,,,,,,,,,,,,,,,,,,,,1170.8362892000005,1170.836749299895,783274,right,yes,None,2025-05-07_14h20.23.612,RL_out-of-scanner,2024.2.4,60.05039428312538,2025-05-07 14h20.32.862098 -0700,
