thisN,thisTrialN,thisRepN,advance_press.keys,advance_press.rt,advance_press.duration,trigger_value.keys,trigger_value.rt,trigger_value.duration,cueOnTime,cue_resp.keys,all_keys.keys,cueOffTime,cueRespOnTime,cueRespOffTime,outcomeOnTime,outcomeOffTime,fixOnTime,fixOffTime,cue_resp.rt,cue_resp.duration,all_keys.rt,all_keys.duration,practice_loop.thisRepN,practice_loop.thisTrialN,practice_loop.thisN,practice_loop.thisIndex,runs.thisRepN,runs.thisTrialN,runs.thisN,runs.thisIndex,trials.thisRepN,trials.thisTrialN,trials.thisN,trials.thisIndex,thisRow.t,notes,prac_dir.started,welcome_text.started,advance_press_pd.started,prac_dir.stopped,advance_press_pd.keys,advance_press_pd.rt,advance_press_pd.duration,summary_instructions.started,summary_text.started,advance_to_runs.started,summary_instructions.stopped,advance_to_runs.keys,advance_to_runs.rt,advance_to_runs.duration,get_ready.started,get_ready_text.started,advance_press.started,get_ready.stopped,runs.advance_press.keys,runs.advance_press.rt,runs.advance_press.duration,scanner_trigger.started,scanner_text.started,trigger_value.started,scanner_trigger.stopped,runs.trigger_value.keys,runs.trigger_value.rt,runs.trigger_value.duration,trials.cueOnTime,cue.started,left_box.started,right_box.started,cue_resp.started,all_keys.started,left_box.stopped,right_box.stopped,cue_resp.stopped,all_keys.stopped,cue.stopped,trials.cue_resp.keys,good_side,probability_sequence_value,magic_number,num_rewarded,num_switch,total_correct,num_gold_coins,trials.all_keys.keys,trials.cueOffTime,trials.cueRespOnTime,cue_response.started,left_box_response.started,right_box_response.started,left_box_response.stopped,right_box_response.stopped,cue_response.stopped,trials.cueRespOffTime,trials.outcomeOnTime,outcome.started,outcome_left_box.started,outcome_right_box.started,outcome.stopped,outcome_image,trials.outcomeOffTime,trials.fixOnTime,fixation.started,fixation_cross.started,fixation_cross.stopped,fixation.stopped,trials.fixOffTime,trials.cue_resp.rt,trials.cue_resp.duration,run_feedback.started,coins_won_text.started,run_feedback.stopped,leftover_time_break.started,fixation_end.started,fixation_end.stopped,leftover_time_break.stopped,outcome_left_box.stopped,outcome_right_box.stopped,trials.all_keys.rt,trials.all_keys.duration,end_exp.started,end_exp.stopped,participant,handedness,practice,restart_from_run,date,expName,psychopyVersion,frameRate,expStart,
,,,,,,,,,,,,,,,,,,,,,,,,,,,,,,,,,,,,,0.018149208975955844,0.0235943750012666,0.0235943750012666,1.7895639169728383,j,1.737156750052236,None,,,,,,,,,,,,,,,,,,,,,,,,,,,,,,,,,,,,,,,,,,,,,,,,,,,,,,,,,,,,,,,,,,,,,,,,,,,,,,,99999,right,no,None,2025-06-02_10h42.27.065,RL_out-of-scanner,2024.2.4,None,2025-06-02 10h42.35.213685 -0700,
,,,,,,,,,,,,,,,,,,,,,,,,,,,,,,,,,,,,,,,,,,,,1.7901313749607652,1.800502708996646,1.800502708996646,2.452596209011972,j,0.6501688749995083,None,,,,,,,,,,,,,,,,,,,,,,,,,,,,,,,,,,,,,,,,,,,,,,,,,,,,,,,,,,,,,,,,,,,,,,,,99999,right,no,None,2025-06-02_10h42.27.065,RL_out-of-scanner,2024.2.4,None,2025-06-02 10h42.35.213685 -0700,
0,0,0,space,1.9801714579807594,None,space,9.543473541969433,None,0.003192916978150606,None,None,1.4976577499182895,1.4977892918977886,2.4984247079119086,2.4984591669635847,3.51134424994234,3.511371999979019,5.557026791968383,,,,,,,,,0,0,0,0,0,0,0,0,14.036304833949544,,,,,,,,,,,,,,,,2.4537182500353083,2.462385084014386,2.462385084014386,4.456758624990471,space,1.9801714579807594,None,4.457002874929458,4.464693791931495,4.464693791931495,14.023632458993234,space,9.543473541969433,None,0.003192916978150606,14.026908208965324,14.036304833949544,14.036304833949544,14.036304833949544,14.036304833949544,15.529124959022738,15.529124959022738,15.529124959022738,15.529124959022738,15.521249459008686,None,right,1,10,0,0,0,0,None,1.4976577499182895,1.4977892918977886,15.52151024993509,15.529124959022738,15.529124959022738,16.545404625008814,16.545404625008814,16.522081875009462,2.4984247079119086,2.4984591669635847,16.54027970903553,16.545404625008814,16.545404625008814,17.53500966692809,no selection made,3.51134424994234,3.511371999979019,17.53507991693914,17.59310433396604,19.59553191694431,19.580634541925974,5.557026791968383,,,,,,,,,,,,,,,,99999,right,no,None,2025-06-02_10h42.27.065,RL_out-of-scanner,2024.2.4,None,2025-06-02 10h42.35.213685 -0700,
1,0,1,space,1.9801714579807594,None,space,9.543473541969433,None,5.5596554999938235,k,None,5.824148166924715,5.824442332959734,7.32384445797652,7.323950416990556,8.33998145791702,8.340050666942261,9.842311582993716,0.23642608395311981,None,,,,,,,0,0,0,0,1,0,1,0,19.59553191694431,,,,,,,,,,,,,,,,,,,,,,,,,,,,,,5.5596554999938235,19.583395416964777,19.59553191694431,19.59553191694431,19.59553191694431,19.59553191694431,,,,,19.847769999993034,k,right,1,10,1,0,1,1,None,5.824148166924715,5.824442332959734,19.848153749946505,19.857233249931596,19.857233249931596,21.37223412503954,21.37223412503954,21.347454917035066,7.32384445797652,7.323950416990556,21.36795904196333,21.37223412503954,21.37223412503954,22.363606541999616,stimuli/box_coin_transparent.png,8.33998145791702,8.340050666942261,22.36378729203716,22.379633208969608,23.872406541951932,23.865984583972022,9.842311582993716,0.23642608395311981,None,,,,,,,,,,,,,,99999,right,no,None,2025-06-02_10h42.27.065,RL_out-of-scanner,2024.2.4,None,2025-06-02 10h42.35.213685 -0700,
2,0,2,space,1.9801714579807594,None,space,9.543473541969433,None,9.844046707963571,k,None,10.2711177499732,10.271385332918726,11.273651666939259,11.273799916962162,12.280413792002946,12.280440874979831,15.281826582970098,0.4173143330262974,None,,,,,,,0,0,0,0,2,0,2,0,23.872406541951932,,,,,,,,,,,,,,,,,,,,,,,,,,,,,,9.844046707963571,23.867767959018238,23.872406541951932,23.872406541951932,23.872406541951932,23.872406541951932,,,,,24.294717874960043,k,right,1,10,2,0,2,2,None,10.2711177499732,10.271385332918726,24.29509762499947,24.30231850000564,24.30231850000564,25.318823499954306,25.318823499954306,25.29725487495307,11.273651666939259,11.273799916962162,25.314425208955072,25.318823499954306,25.318823499954306,26.304084167000838,stimuli/box_coin_transparent.png,12.280413792002946,12.280440874979831,26.30415316694416,26.308403959032148,29.311508083948866,29.305504333926365,15.281826582970098,0.4173143330262974,None,,,,,,,,,,,,,,99999,right,no,None,2025-06-02_10h42.27.065,RL_out-of-scanner,2024.2.4,None,2025-06-02 10h42.35.213685 -0700,
3,0,3,space,1.9801714579807594,None,space,9.543473541969433,None,15.28331949992571,k,None,15.564596749958582,15.564824874978513,17.55664774996694,17.556684707989916,18.563840374932624,18.56389541691169,19.559054582961835,0.2627089589368552,None,,,,,,,0,0,0,0,3,0,3,0,29.311508083948866,,,,,,,,,,,,,,,,,,,,,,,,,,,,,,15.28331949992571,29.307038167025894,29.311508083948866,29.311508083948866,29.311508083948866,29.311508083948866,,,,,29.588223041966558,k,right,1,10,3,0,3,3,None,15.564596749958582,15.564824874978513,29.588536708964966,29.595712124952115,29.595712124952115,31.602423875010572,31.602423875010572,31.580302666989155,17.55664774996694,17.556684707989916,31.597558624926023,31.602423875010572,31.602423875010572,32.587493458995596,stimuli/box_coin_transparent.png,18.563840374932624,18.56389541691169,32.587620834005065,32.59328579204157,33.58981749997474,33.58270812500268,19.559054582961835,0.2627089589368552,None,,,,,,,,,,,,,,99999,right,no,None,2025-06-02_10h42.27.065,RL_out-of-scanner,2024.2.4,None,2025-06-02 10h42.35.213685 -0700,
4,0,4,space,1.9801714579807594,None,space,9.543473541969433,None,19.56127058295533,k,None,20.23262441693805,20.23288083297666,21.227970249950886,21.22800258290954,22.236709957942367,22.23676841694396,24.728284249897115,0.6607350000413135,None,,,,,,,0,0,0,0,4,0,4,0,33.58981749997474,,,,,,,,,,,,,,,,,,,,,,,,,,,,,,19.56127058295533,33.58500283397734,33.58981749997474,33.58981749997474,33.58981749997474,33.58981749997474,,,,,34.25624787493143,k,right,1,10,4,0,4,4,None,20.23262441693805,20.23288083297666,34.256592334015295,34.2644720840035,34.2644720840035,35.27184025000315,35.27184025000315,35.251629124977626,21.227970249950886,21.22800258290954,35.26748929196037,35.27184025000315,35.27184025000315,36.26035724999383,stimuli/box_coin_transparent.png,22.236709957942367,22.23676841694396,36.26051537494641,36.265593874966726,38.75784554192796,38.751961583970115,24.728284249897115,0.6607350000413135,None,,,,,,,,,,,,,,99999,right,no,None,2025-06-02_10h42.27.065,RL_out-of-scanner,2024.2.4,None,2025-06-02 10h42.35.213685 -0700,
5,0,5,space,1.9801714579807594,None,space,9.543473541969433,None,24.729839999927208,k,None,25.05734824994579,25.057720999931917,28.546007499913685,28.546042832895182,29.555913332966156,29.55596279189922,31.55668399995193,0.3128249170258641,None,,,,,,,0,0,0,0,5,0,5,0,38.75784554192796,,,,,,,,,,,,,,,,,,,,,,,,,,,,,,24.729839999927208,38.75355716701597,38.75784554192796,38.75784554192796,38.75784554192796,38.75784554192796,,,,,39.0809383749729,k,right,1,10,5,0,5,5,None,25.05734824994579,25.057720999931917,39.08142937498633,39.086408041999675,39.086408041999675,42.59050216700416,42.59050216700416,42.56966616702266,28.546007499913685,28.546042832895182,42.58622854202986,42.59050216700416,42.59050216700416,43.57956866698805,stimuli/box_coin_transparent.png,29.555913332966156,29.55596279189922,43.57970470900182,43.58482191700023,45.58790033403784,45.58035549998749,31.55668399995193,0.3128249170258641,None,,,,,,,,,,,,,,99999,right,no,None,2025-06-02_10h42.27.065,RL_out-of-scanner,2024.2.4,None,2025-06-02 10h42.35.213685 -0700,
6,0,6,space,1.9801714579807594,None,space,9.543473541969433,None,31.55935875000432,k,None,31.983777082990855,31.984137124964036,32.98886537493672,32.988900832948275,33.989656124962494,33.98968399991281,34.98681608296465,0.41545374994166195,None,,,,,,,0,0,0,0,6,0,6,0,45.58790033403784,,,,,,,,,,,,,,,,,,,,,,,,,,,,,,31.55935875000432,45.58308000001125,45.58790033403784,45.58790033403784,45.58790033403784,45.58790033403784,,,,,46.00738733401522,k,right,1,10,6,0,6,6,None,31.983777082990855,31.984137124964036,46.00785137503408,46.01594254199881,46.01594254199881,47.03387212497182,47.03387212497182,47.01252237497829,32.98886537493672,32.988900832948275,47.02930537494831,47.03387212497182,47.03387212497182,48.013327624998055,stimuli/box_coin_transparent.png,33.989656124962494,33.98968399991281,48.01339491701219,48.01630183402449,49.016459958977066,49.01049408398103,34.98681608296465,0.41545374994166195,None,,,,,,,,,,,,,,99999,right,no,None,2025-06-02_10h42.27.065,RL_out-of-scanner,2024.2.4,None,2025-06-02 10h42.35.213685 -0700,
7,0,7,space,1.9801714579807594,None,space,9.543473541969433,None,34.98834316700231,k,None,35.688166707986966,35.688406291999854,37.68853562499862,37.68856933293864,38.689824124914594,38.689870374975726,40.689220874919556,0.6882830410031602,None,,,,,,,0,0,0,0,7,0,7,0,49.016459958977066,,,,,,,,,,,,,,,,,,,,,,,,,,,,,,34.98834316700231,49.01206183398608,49.016459958977066,49.016459958977066,49.016459958977066,49.016459958977066,,,,,49.711789041990414,k,right,0,10,6,0,7,6,None,35.688166707986966,35.688406291999854,49.712117666960694,49.71955108398106,49.71955108398106,51.73214312503114,51.73214312503114,51.71219495893456,37.68853562499862,37.68856933293864,51.72790112497751,51.73214312503114,51.73214312503114,52.71347679197788,stimuli/box_empty_transparent.png,38.689824124914594,38.689870374975726,52.71359087503515,52.71872083400376,54.71873466693796,54.71289645903744,40.689220874919556,0.6882830410031602,None,,,,,,,,,,,,,,99999,right,no,None,2025-06-02_10h42.27.065,RL_out-of-scanner,2024.2.4,None,2025-06-02 10h42.35.213685 -0700,
8,0,8,space,1.9801714579807594,None,space,9.543473541969433,None,40.69064345792867,j,None,40.99872641696129,40.99936533300206,43.99276283290237,43.992837041965686,44.99644045799505,44.99647358292714,46.485396957956254,0.2911647919099778,None,,,,,,,0,0,0,0,8,0,8,0,54.71873466693796,,,,,,,,,,,,,,,,,,,,,,,,,,,,,,40.69064345792867,54.71436345903203,54.71873466693796,54.71873466693796,54.71873466693796,54.71873466693796,,,,,55.02230608393438,j,right,0,10,6,0,7,6,None,40.99872641696129,40.99936533300206,55.02310337498784,55.030934417038225,55.030934417038225,58.03342570899986,58.03342570899986,58.016407374991104,43.99276283290237,43.992837041965686,58.02934791694861,58.03342570899986,58.03342570899986,59.02008683397435,stimuli/box_empty_transparent.png,44.99644045799505,44.99647358292714,59.02020341693424,59.02382962498814,60.51536004198715,60.50906974996906,46.485396957956254,0.2911647919099778,None,,,,,,,,,,,,,,99999,right,no,None,2025-06-02_10h42.27.065,RL_out-of-scanner,2024.2.4,None,2025-06-02 10h42.35.213685 -0700,
9,0,9,space,1.9801714579807594,None,space,9.543473541969433,None,46.487171041895635,j,None,46.98923291696701,46.98951466695871,48.48221458296757,48.48224937496707,49.494971166946925,49.494999499991536,51.48383229190949,0.4945015830453485,None,,,,,,,0,0,0,0,9,0,9,0,60.51536004198715,,,,,,,,,,,,,,,,,,,,,,,,,,,,,,46.487171041895635,60.510896541993134,60.51536004198715,60.51536004198715,60.51536004198715,60.51536004198715,,,,,61.012848834041506,j,right,0,10,6,0,7,6,None,46.98923291696701,46.98951466695871,61.013223459012806,61.01776299998164,61.01776299998164,62.52491629193537,62.52491629193537,62.50587216694839,48.48221458296757,48.48224937496707,62.52018400002271,62.52491629193537,62.52491629193537,63.51863774994854,stimuli/box_empty_transparent.png,49.494971166946925,49.494999499991536,63.518711459008045,63.52200191700831,65.51390670903493,65.50750720896758,51.48383229190949,0.4945015830453485,None,,,,,,,,,,,,,,99999,right,no,None,2025-06-02_10h42.27.065,RL_out-of-scanner,2024.2.4,None,2025-06-02 10h42.35.213685 -0700,
10,0,10,space,1.9801714579807594,None,space,9.543473541969433,None,51.485519749927334,k,None,51.78372995799873,51.78409887489397,53.281329249963164,53.28138366690837,54.28935845789965,54.28941120789386,55.289119874942116,0.2863265839405358,None,,,,,,,0,0,0,0,10,0,10,0,65.51390670903493,,,,,,,,,,,,,,,,,,,,,,,,,,,,,,51.485519749927334,65.50923712493386,65.51390670903493,65.51390670903493,65.51390670903493,65.51390670903493,,,,,65.80732804199215,k,right,0,10,6,0,8,6,None,51.78372995799873,51.78409887489397,65.80781199992634,65.81530250003561,65.81530250003561,67.32662204199005,67.32662204199005,67.30497754202224,53.281329249963164,53.28138366690837,67.32160179200582,67.32662204199005,67.32662204199005,68.31300383398775,stimuli/box_empty_transparent.png,54.28935845789965,54.28941120789386,68.31313587503973,68.31906395894475,69.31901358393952,69.31279350002296,55.289119874942116,0.2863265839405358,None,,,,,,,,,,,,,,99999,right,no,None,2025-06-02_10h42.27.065,RL_out-of-scanner,2024.2.4,None,2025-06-02 10h42.35.213685 -0700,
11,0,11,space,1.9801714579807594,None,space,9.543473541969433,None,55.29068708291743,j,None,55.653653082903475,55.654092124896124,57.65431983291637,57.65436679194681,58.6624383329181,58.66247833298985,60.1500189579092,0.3558396660955623,None,,,,,,,0,0,0,0,11,0,11,0,69.31901358393952,,,,,,,,,,,,,,,,,,,,,,,,,,,,,,55.29068708291743,69.31440662499517,69.31901358393952,69.31901358393952,69.31901358393952,69.31901358393952,,,,,69.67723791697063,j,right,0,10,6,0,8,6,None,55.653653082903475,55.654092124896124,69.677804499981,69.68630445899907,69.68630445899907,71.69601233396679,71.69601233396679,71.67794604203664,57.65431983291637,57.65436679194681,71.69179991702549,71.69601233396679,71.69601233396679,72.68610395898577,stimuli/box_empty_transparent.png,58.6624383329181,58.66247833298985,72.68619766703341,72.68911195895635,74.18017787497956,74.17369633400813,60.1500189579092,0.3558396660955623,None,,,,,,,,,,,,,,99999,right,no,None,2025-06-02_10h42.27.065,RL_out-of-scanner,2024.2.4,None,2025-06-02 10h42.35.213685 -0700,
12,0,12,space,1.9801714579807594,None,space,9.543473541969433,None,60.151544166961685,k,None,60.46302008291241,60.463269707979634,61.46563991694711,61.46567829197738,62.472172042005695,62.472204499994405,65.45975829195231,0.30010916700121015,None,,,,,,,0,0,0,0,12,0,12,0,74.18017787497956,,,,,,,,,,,,,,,,,,,,,,,,,,,,,,60.151544166961685,74.17526162497234,74.18017787497956,74.18017787497956,74.18017787497956,74.18017787497956,,,,,74.48664104193449,k,right,1,10,7,0,9,7,None,60.46302008291241,60.463269707979634,74.48697833402548,74.4940400000196,74.4940400000196,75.514505750034,75.514505750034,75.48929487494752,61.46563991694711,61.46567829197738,75.50957279198337,75.514505750034,75.514505750034,76.4958364169579,stimuli/box_coin_transparent.png,62.472172042005695,62.472204499994405,76.49591612501536,76.49938583397307,79.48984191694763,79.48343416699208,65.45975829195231,0.30010916700121015,None,,,,,,,,,,,,,,99999,right,no,None,2025-06-02_10h42.27.065,RL_out-of-scanner,2024.2.4,None,2025-06-02 10h42.35.213685 -0700,
13,0,13,space,1.9801714579807594,None,space,9.543473541969433,None,65.46140095789451,k,None,65.75874958292115,65.75905741692986,66.25115837494377,66.25120358297136,67.25164079200476,67.25167783291545,69.24038987490349,0.2886430829530582,None,,,,,,,0,0,0,0,13,0,13,0,79.48984191694763,,,,,,,,,,,,,,,,,,,,,,,,,,,,,,65.46140095789451,79.48512312502135,79.48984191694763,79.48984191694763,79.48984191694763,79.48984191694763,,,,,79.78236179193482,k,right,1,10,8,0,10,8,None,65.75874958292115,65.75905741692986,79.78276658395771,79.78997924993746,79.78997924993746,80.29577529197559,80.29577529197559,80.27481283398811,66.25115837494377,66.25120358297136,80.29056737502106,80.29577529197559,80.29577529197559,81.2753030420281,stimuli/box_coin_transparent.png,67.25164079200476,67.25167783291545,81.27539558394346,81.28108833392616,83.2782443750184,83.26406220893841,69.24038987490349,0.2886430829530582,None,,,,,,,,,,,,,,99999,right,no,None,2025-06-02_10h42.27.065,RL_out-of-scanner,2024.2.4,None,2025-06-02 10h42.35.213685 -0700,
14,0,14,space,1.9801714579807594,None,space,9.543473541969433,None,69.24190329189878,k,None,69.54478633299004,69.54509774991311,71.04794899991248,71.04800099995919,72.04815508297179,72.04818929196335,73.05416441697162,0.2852739159716293,None,,,,,,,0,0,0,0,14,0,14,0,83.2782443750184,,,,,,,,,,,,,,,,,,,,,,,,,,,,,,69.24190329189878,83.26562487496994,83.2782443750184,83.2782443750184,83.2782443750184,83.2782443750184,,,,,83.56839516700711,k,right,0,10,8,0,11,8,None,69.54478633299004,69.54509774991311,83.56880887493026,83.57622912502848,83.57622912502848,85.09339170902967,85.09339170902967,85.07159225002397,71.04794899991248,71.04800099995919,85.08820587501395,85.09339170902967,85.09339170902967,86.07181741693057,stimuli/box_empty_transparent.png,72.04815508297179,72.04818929196335,86.07190137496218,86.0863749589771,87.08138145902194,87.0778439999558,73.05416441697162,0.2852739159716293,None,,,,,,,,,,,,,,99999,right,no,None,2025-06-02_10h42.27.065,RL_out-of-scanner,2024.2.4,None,2025-06-02 10h42.35.213685 -0700,
15,0,15,space,1.9801714579807594,None,space,9.543473541969433,None,73.05504720797762,j,None,73.44225299998652,73.44255454197992,74.44254145794548,74.44266629195772,75.45574699994177,75.45577662496362,77.44789845799096,0.38220170803833753,None,,,,,,,0,0,0,0,15,0,15,0,87.08138145902194,,,,,,,,,,,,,,,,,,,,,,,,,,,,,,73.05504720797762,87.07875041698571,87.08138145902194,87.08138145902194,87.08138145902194,87.08138145902194,,,,,87.46587558393367,j,right,0,10,8,0,11,8,None,73.44225299998652,73.44255454197992,87.4662647920195,87.47319220902864,87.47319220902864,88.48844716697931,88.48844716697931,88.4661429169355,74.44254145794548,74.44266629195772,88.482636583969,88.48844716697931,88.48844716697931,89.47941212495789,stimuli/box_empty_transparent.png,75.45574699994177,75.45577662496362,89.4794885419542,89.48369233403355,91.47890408395324,91.4715665000258,77.44789845799096,0.38220170803833753,None,,,,,,,,,,,,,,99999,right,no,None,2025-06-02_10h42.27.065,RL_out-of-scanner,2024.2.4,None,2025-06-02 10h42.35.213685 -0700,
16,0,16,space,1.9801714579807594,None,space,9.543473541969433,None,77.45039549993817,k,None,77.70937774993945,77.70965133293066,79.70000129193068,79.70004554197658,80.70513145800214,80.70519233297091,81.69762029196136,0.2508591249352321,None,,,,,,,0,0,0,0,16,0,16,0,91.47890408395324,,,,,,,,,,,,,,,,,,,,,,,,,,,,,,77.45039549993817,91.47419974999502,91.47890408395324,91.47890408395324,91.47890408395324,91.47890408395324,,,,,91.73299345897976,k,right,1,10,9,0,12,9,None,77.70937774993945,77.70965133293066,91.73336033395026,91.74031899997499,91.74031899997499,93.74472966697067,93.74472966697067,93.72365379193798,79.70000129193068,79.70004554197658,93.74040400004014,93.74472966697067,93.74472966697067,94.72879783401731,stimuli/box_coin_transparent.png,80.70513145800214,80.70519233297091,94.72898300003726,94.7340059169801,95.7274548340356,95.72129237500485,81.69762029196136,0.2508591249352321,None,,,,,,,,,,,,,,99999,right,no,None,2025-06-02_10h42.27.065,RL_out-of-scanner,2024.2.4,None,2025-06-02 10h42.35.213685 -0700,
17,0,17,space,1.9801714579807594,None,space,9.543473541969433,None,81.69917129189707,k,None,81.99603974993806,81.99648862495087,82.9987073749071,82.99875349993818,83.99889024998993,83.99892508296762,84.99706520792097,0.28813004109542817,None,,,,,,,0,0,0,0,17,0,17,0,95.7274548340356,,,,,,,,,,,,,,,,,,,,,,,,,,,,,,81.69917129189707,95.72289270895999,95.7274548340356,95.7274548340356,95.7274548340356,95.7274548340356,,,,,96.01963504194282,k,right,0,10,9,0,13,9,None,81.99603974993806,81.99648862495087,96.020201583975,96.02831358392723,96.02831358392723,97.04187679197639,97.04187679197639,97.02236070903018,82.9987073749071,82.99875349993818,97.03766737494152,97.04187679197639,97.04187679197639,98.0225554589415,stimuli/box_empty_transparent.png,83.99889024998993,83.99892508296762,98.02264216693584,98.03770412493031,99.02671045903116,99.02074245898984,84.99706520792097,0.28813004109542817,None,,,,,,,,,,,,,,99999,right,no,None,2025-06-02_10h42.27.065,RL_out-of-scanner,2024.2.4,None,2025-06-02 10h42.35.213685 -0700,
18,0,18,space,1.9801714579807594,None,space,9.543473541969433,None,84.99854274990503,j,None,85.30055166699458,85.3008577079745,88.79288341698702,88.79291929199826,89.80672566697467,89.80675316695124,91.79981112491805,0.2858139160089195,None,,,,,,,0,0,0,0,18,0,18,0,99.02671045903116,,,,,,,,,,,,,,,,,,,,,,,,,,,,,,84.99854274990503,99.02226033399347,99.02671045903116,99.02671045903116,99.02671045903116,99.02671045903116,,,,,99.32417191693094,j,right,0,10,9,0,13,9,None,85.30055166699458,85.3008577079745,99.3245691669872,99.33198112493847,99.33198112493847,102.8340591249289,102.8340591249289,102.8165411669761,88.79288341698702,88.79291929199826,102.8299003749853,102.8340591249289,102.8340591249289,103.8303966249805,stimuli/box_empty_transparent.png,89.80672566697467,89.80675316695124,103.83046412502881,103.83404391701333,105.83001120900735,105.82348716701381,91.79981112491805,0.2858139160089195,None,,,,,,,,,,,,,,99999,right,no,None,2025-06-02_10h42.27.065,RL_out-of-scanner,2024.2.4,None,2025-06-02 10h42.35.213685 -0700,
19,0,19,space,1.9801714579807594,None,space,9.543473541969433,None,91.80146758293267,k,None,92.08488474995829,92.08527341694571,93.0782212499762,93.07828870799858,94.081148999976,94.08117166697048,95.57720695796888,0.27089658402837813,None,,,,,,,0,0,0,0,19,0,19,0,105.83001120900735,,,,,,,,,,,,,,,,,,,,,,,,,,,,,,91.80146758293267,105.82518641697243,105.83001120900735,105.83001120900735,105.83001120900735,105.83001120900735,,,,,106.10848070902284,k,right,1,10,10,0,14,10,None,92.08488474995829,92.08527341694571,106.10899174993392,106.11662437499035,106.11662437499035,107.12676754198037,107.12676754198037,107.10184858401772,93.0782212499762,93.07828870799858,107.12175591697451,107.12676754198037,107.12676754198037,108.10482354194392,stimuli/box_coin_transparent.png,94.081148999976,94.08117166697048,108.1048793749651,108.11796312499791,109.60680458403658,109.60088320903014,95.57720695796888,0.27089658402837813,None,,,,,,,,,,,,,,99999,right,no,None,2025-06-02_10h42.27.065,RL_out-of-scanner,2024.2.4,None,2025-06-02 10h42.35.213685 -0700,
20,0,20,space,1.9801714579807594,None,space,9.543473541969433,None,95.57891724992078,k,None,95.8990735419793,95.89935133291874,97.8895232079085,97.88954354193993,98.8961315829074,98.89616070792545,100.8871828749543,0.30736224993597716,None,,,,,,,0,0,0,0,20,0,20,0,109.60680458403658,,,,,,,,,,,,,,,,,,,,,,,,,,,,,,95.57891724992078,109.60263520898297,109.60680458403658,109.60680458403658,109.60680458403658,109.60680458403658,,,,,109.92269683396444,k,left,1,14,0,1,14,10,None,95.8990735419793,95.89935133291874,109.9230667919619,109.93058620893862,109.93058620893862,111.92365933395922,111.92365933395922,111.91319445893168,97.8895232079085,97.88954354193993,111.92094324994832,111.92365933395922,111.92365933395922,112.91980183403939,stimuli/box_empty_transparent.png,98.8961315829074,98.89616070792545,112.91987162502483,112.9226938339416,114.91676937497687,114.91085983393714,100.8871828749543,0.30736224993597716,None,,,,,,,,,,,,,,99999,right,no,None,2025-06-02_10h42.27.065,RL_out-of-scanner,2024.2.4,None,2025-06-02 10h42.35.213685 -0700,
21,0,21,space,1.9801714579807594,None,space,9.543473541969433,None,100.88865866698325,j,None,101.19790224998724,101.19818416691851,104.19162137492094,104.19164212490432,105.19640766689554,105.19644341699313,106.69570141693112,0.30129624996334314,None,,,,,,,0,0,0,0,21,0,21,0,114.91676937497687,,,,,,,,,,,,,,,,,,,,,,,,,,,,,,100.88865866698325,114.91237629193347,114.91676937497687,114.91676937497687,114.91676937497687,114.91676937497687,,,,,115.22152504196856,j,left,1,14,1,1,15,11,None,101.19790224998724,101.19818416691851,115.2218968749512,115.22922641702462,115.22922641702462,118.22698325000238,118.22698325000238,118.21529541700147,104.19162137492094,104.19164212490432,118.22433624998666,118.22698325000238,118.22698325000238,119.22006291698199,stimuli/box_coin_transparent.png,105.19640766689554,105.19644341699313,119.22016020899173,119.22378541703802,120.72557999996934,120.71937674994115,106.69570141693112,0.30129624996334314,None,,,,,,,,,,,,,,99999,right,no,None,2025-06-02_10h42.27.065,RL_out-of-scanner,2024.2.4,None,2025-06-02 10h42.35.213685 -0700,
22,0,22,space,1.9801714579807594,None,space,9.543473541969433,None,106.69734704191796,j,None,106.9631895829225,106.96351491694804,108.45578583294991,108.45582608296536,109.45753945794422,109.45757504191715,111.45231062499806,0.24705166602507234,None,,,,,,,0,0,0,0,22,0,22,0,120.72557999996934,,,,,,,,,,,,,,,,,,,,,,,,,,,,,,106.69734704191796,120.72106395894662,120.72557999996934,120.72557999996934,120.72557999996934,120.72557999996934,,,,,120.98679737502243,j,left,1,14,2,1,16,12,None,106.9631895829225,106.96351491694804,120.98722687503323,120.99504900001921,120.99504900001921,122.50210733397398,122.50210733397398,122.47944308398291,108.45578583294991,108.45582608296536,122.49672537494916,122.50210733397398,122.50210733397398,123.48120337503497,stimuli/box_coin_transparent.png,109.45753945794422,109.45757504191715,123.48129462497309,123.48687725001946,125.48362137493677,125.47597933397628,111.45231062499806,0.24705166602507234,None,,,,,,,,,,,,,,99999,right,no,None,2025-06-02_10h42.27.065,RL_out-of-scanner,2024.2.4,None,2025-06-02 10h42.35.213685 -0700,
23,0,23,space,1.9801714579807594,None,space,9.543473541969433,None,111.45523550000507,j,None,111.72455704200547,111.72495770792011,113.21802549995482,113.21807245793752,114.22171166690532,114.22174429195002,115.70822762500029,0.2611239170655608,None,,,,,,,0,0,0,0,23,0,23,0,125.48362137493677,,,,,,,,,,,,,,,,,,,,,,,,,,,,,,111.45523550000507,125.47898483392783,125.48362137493677,125.48362137493677,125.48362137493677,125.48362137493677,,,,,125.74816083395854,j,left,0,14,2,1,17,12,None,111.72455704200547,111.72495770792011,125.74866904201917,125.75282937497832,125.75282937497832,127.26117483398411,127.26117483398411,127.24167708400637,113.21802549995482,113.21807245793752,127.25682220899034,127.26117483398411,127.26117483398411,128.24537687492557,stimuli/box_empty_transparent.png,114.22171166690532,114.22174429195002,128.2454572089482,128.2484059999697,129.73889612499624,129.73189883399755,115.70822762500029,0.2611239170655608,None,,,,,,,,,,,,,,99999,right,no,None,2025-06-02_10h42.27.065,RL_out-of-scanner,2024.2.4,None,2025-06-02 10h42.35.213685 -0700,
24,0,24,space,1.9801714579807594,None,space,9.543473541969433,None,115.71022137498949,k,None,115.96741133299656,115.96770591696259,117.97066683298908,117.97072466695681,118.97334516700357,118.97339141694829,120.46171008294914,0.241196500021033,None,,,,,,,0,0,0,0,24,0,24,0,129.73889612499624,,,,,,,,,,,,,,,,,,,,,,,,,,,,,,115.71022137498949,129.73397349996958,129.73889612499624,129.73889612499624,129.73889612499624,129.73889612499624,,,,,129.9910189169459,k,left,0,14,2,1,17,12,None,115.96741133299656,115.96770591696259,129.99141920893453,129.99900824995711,129.99900824995711,132.0144796250388,132.0144796250388,131.99430291703902,117.97066683298908,117.97072466695681,132.0095880420413,132.0144796250388,132.0144796250388,132.99701549997553,stimuli/box_empty_transparent.png,118.97334516700357,118.97339141694829,132.99710570892785,133.00130070897285,134.49836258403957,134.48538258404005,120.46171008294914,0.241196500021033,None,,,,,,,,,,,,,,99999,right,no,None,2025-06-02_10h42.27.065,RL_out-of-scanner,2024.2.4,None,2025-06-02 10h42.35.213685 -0700,
25,0,25,space,1.9801714579807594,None,space,9.543473541969433,None,120.46327387494966,j,None,120.75885129196104,120.75918754190207,121.749761291896,121.74980737490114,122.75205391691998,122.75207974994555,126.25050995789934,0.28135637496598065,None,,,,,,,0,0,0,0,25,0,25,0,134.49836258403957,,,,,,,,,,,,,,,,,,,,,,,,,,,,,,120.46327387494966,134.4869919589255,134.49836258403957,134.49836258403957,134.49836258403957,134.49836258403957,,,,,134.78246754198335,j,left,1,14,3,1,18,13,None,120.75885129196104,120.75918754190207,134.7828993749572,134.79032979195472,134.79032979195472,135.79519916698337,135.79519916698337,135.77341458399314,121.749761291896,121.74980737490114,135.7904443750158,135.79519916698337,135.79519916698337,136.7757269589929,stimuli/box_coin_transparent.png,122.75205391691998,122.75207974994555,136.7757908339845,136.77902745897882,140.28031774994452,140.27417737501673,126.25050995789934,0.28135637496598065,None,,,,,,,,,,,,,,99999,right,no,None,2025-06-02_10h42.27.065,RL_out-of-scanner,2024.2.4,None,2025-06-02 10h42.35.213685 -0700,
26,0,26,space,1.9801714579807594,None,space,9.543473541969433,None,126.25216683291364,j,None,126.62561141699553,126.62586808297783,127.12810758291744,127.12815129198134,128.13193616690114,128.13196908298414,131.62450799997896,0.359308333019726,None,,,,,,,0,0,0,0,26,0,26,0,140.28031774994452,,,,,,,,,,,,,,,,,,,,,,,,,,,,,,126.25216683291364,140.27588216692675,140.28031774994452,140.28031774994452,140.28031774994452,140.28031774994452,,,,,140.64923308393918,j,left,1,14,4,1,19,14,None,126.62561141699553,126.62586808297783,140.64957699994557,140.65691087499727,140.65691087499727,141.17120145901572,141.17120145901572,141.15175970899872,127.12810758291744,127.12815129198134,141.16681399999652,141.17120145901572,141.17120145901572,142.155602541985,stimuli/box_coin_transparent.png,128.13193616690114,128.13196908298414,142.1556835839292,142.15903516695835,145.65457625000272,145.64818054193165,131.62450799997896,0.359308333019726,None,,,,,,,,,,,,,,99999,right,no,None,2025-06-02_10h42.27.065,RL_out-of-scanner,2024.2.4,None,2025-06-02 10h42.35.213685 -0700,
27,0,27,space,1.9801714579807594,None,space,9.543473541969433,None,131.62614574993495,j,None,131.9245381669607,131.92487929190975,133.41773204191122,133.4177782079205,134.41968304198235,134.41973341698758,135.41796483297367,0.2880208749556914,None,,,,,,,0,0,0,0,27,0,27,0,145.65457625000272,,,,,,,,,,,,,,,,,,,,,,,,,,,,,,131.62614574993495,145.64986666699406,145.65457625000272,145.65457625000272,145.65457625000272,145.65457625000272,,,,,145.94814641703852,j,left,1,14,5,1,20,15,None,131.9245381669607,131.92487929190975,145.948591375025,145.95623212493956,145.95623212493956,147.46163333393633,147.46163333393633,147.44138966698665,133.41773204191122,133.4177782079205,147.45729179203045,147.46163333393633,147.46163333393633,148.44332950003445,stimuli/box_coin_transparent.png,134.41968304198235,134.41973341698758,148.44345675001387,148.44920974993147,149.44966216699686,149.44164237496443,135.41796483297367,0.2880208749556914,None,,,,,,,,,,,,,,99999,right,no,None,2025-06-02_10h42.27.065,RL_out-of-scanner,2024.2.4,None,2025-06-02 10h42.35.213685 -0700,
28,0,28,space,1.9801714579807594,None,space,9.543473541969433,None,135.41946545790415,j,None,135.83671487495303,135.83721341693308,136.83372241689358,136.83376583294012,137.84087262500543,137.84090433293022,141.32840441691224,0.39469783403910697,None,,,,,,,0,0,0,0,28,0,28,0,149.44966216699686,,,,,,,,,,,,,,,,,,,,,,,,,,,,,,135.41946545790415,149.44318370893598,149.44966216699686,149.44966216699686,149.44966216699686,149.44966216699686,,,,,149.86029670899734,j,left,1,14,6,1,21,16,None,135.83671487495303,135.83721341693308,149.86092970892787,149.86980391701218,149.86980391701218,150.87773333396763,150.87773333396763,150.85737362504005,136.83372241689358,136.83376583294012,150.8734042920405,150.87773333396763,150.87773333396763,151.86454020894598,stimuli/box_coin_transparent.png,137.84087262500543,137.84090433293022,151.86461537494324,151.86752233398147,155.36665766697843,155.35208233399317,141.32840441691224,0.39469783403910697,None,,,,,,,,,,,,,,99999,right,no,None,2025-06-02_10h42.27.065,RL_out-of-scanner,2024.2.4,None,2025-06-02 10h42.35.213685 -0700,
29,0,29,space,1.9801714579807594,None,space,9.543473541969433,None,141.3299016249366,j,None,141.81720062496606,141.8174462079769,143.81115504191257,143.81119270797353,144.8190921669593,144.8191185418982,145.80909858294763,0.46966729196719825,None,,,,,,,0,0,0,0,29,0,29,0,155.36665766697843,,,,,,,,,,,,,,,,,,,,,,,,,,,,,,141.3299016249366,155.3536193750333,155.36665766697843,155.36665766697843,155.36665766697843,155.36665766697843,,,,,155.84083004202694,j,left,1,14,7,1,22,17,None,141.81720062496606,141.8174462079769,155.8411607919261,155.8485007500276,155.8485007500276,157.8551492090337,157.8551492090337,157.83481399994344,143.81115504191257,143.81119270797353,157.85042495897505,157.8551492090337,157.8551492090337,158.8427644999465,stimuli/box_coin_transparent.png,144.8190921669593,144.8191185418982,158.84285000001546,158.8458767499542,159.84005591704044,159.83273708401248,145.80909858294763,0.46966729196719825,None,,,,,,,,,,,,,,99999,right,no,None,2025-06-02_10h42.27.065,RL_out-of-scanner,2024.2.4,None,2025-06-02 10h42.35.213685 -0700,
30,0,30,space,1.9801714579807594,None,space,9.543473541969433,None,145.81187937490176,j,None,146.50583116698544,146.50613649992738,147.50204349996056,147.50210804189555,148.50897645798977,148.5090072499588,149.49806749995332,0.6874524999875575,None,,,,,,,0,0,0,0,30,0,30,0,159.84005591704044,,,,,,,,,,,,,,,,,,,,,,,,,,,,,,145.81187937490176,159.83560583402868,159.84005591704044,159.84005591704044,159.84005591704044,159.84005591704044,,,,,160.52944199997,j,left,0,14,7,1,23,17,None,146.50583116698544,146.50613649992738,160.52984829200432,160.53527608397417,160.53527608397417,161.54538249992765,161.54538249992765,161.5256798339542,147.50204349996056,147.50210804189555,161.54113908403087,161.54538249992765,161.54538249992765,162.5326419590274,stimuli/box_empty_transparent.png,148.50897645798977,148.5090072499588,162.5327169999946,162.53572899999563,163.52728333394043,163.52174474997446,149.49806749995332,0.6874524999875575,None,,,,,,,,,,,,,,99999,right,no,None,2025-06-02_10h42.27.065,RL_out-of-scanner,2024.2.4,None,2025-06-02 10h42.35.213685 -0700,
31,0,31,space,1.9801714579807594,None,space,9.543473541969433,None,149.49947745795362,k,None,149.78009049990214,149.78036612493452,152.77939087490086,152.7794238749193,153.79064062493853,153.7906688329531,156.28693733294494,0.2675370000069961,None,,,,,,,0,0,0,0,31,0,31,0,163.52728333394043,,,,,,,,,,,,,,,,,,,,,,,,,,,,,,149.49947745795362,163.5231924590189,163.52728333394043,163.52728333394043,163.52728333394043,163.52728333394043,,,,,163.80370141693857,k,left,0,14,7,1,23,17,None,149.78009049990214,149.78036612493452,163.80407683399972,163.81129412492737,163.81129412492737,166.8213391249301,166.8213391249301,166.8030494999839,152.77939087490086,152.7794238749193,166.81702091696206,166.8213391249301,166.8213391249301,167.8143118339358,stimuli/box_empty_transparent.png,153.79064062493853,153.7906688329531,167.8143798749661,167.81731549999677,170.31740125000942,170.31061329203658,156.28693733294494,0.2675370000069961,None,,,,,,,,,,,,,,99999,right,no,None,2025-06-02_10h42.27.065,RL_out-of-scanner,2024.2.4,None,2025-06-02 10h42.35.213685 -0700,
32,0,32,space,1.9801714579807594,None,space,9.543473541969433,None,156.28856966691092,j,None,156.65076799993403,156.65101470798254,157.64656712498982,157.64664749999065,158.6510975419078,158.6511403749464,159.64434537489433,0.34545937506482005,None,,,,,,,0,0,0,0,32,0,32,0,170.31740125000942,,,,,,,,,,,,,,,,,,,,,,,,,,,,,,156.28856966691092,170.31228737498168,170.31740125000942,170.31740125000942,170.31740125000942,170.31740125000942,,,,,170.67439391696826,j,left,1,14,8,1,24,18,None,156.65076799993403,156.65101470798254,170.6747253339272,170.68198166694492,170.68198166694492,171.69274662493262,171.69274662493262,171.67016858397983,157.64656712498982,157.64664749999065,171.68848487501964,171.69274662493262,171.69274662493262,172.67476608394645,stimuli/box_coin_transparent.png,158.6510975419078,158.6511403749464,172.67485054198187,172.6789379590191,173.6741096249316,173.66802474996075,159.64434537489433,0.34545937506482005,None,,,,,,,,,,,,,,99999,right,no,None,2025-06-02_10h42.27.065,RL_out-of-scanner,2024.2.4,None,2025-06-02 10h42.35.213685 -0700,
33,0,33,space,1.9801714579807594,None,space,9.543473541969433,None,159.64583387493622,j,None,160.00413395790383,160.0044202079298,162.00249979190994,162.0025335829705,163.00369016698096,163.0037147499388,164.5098870419897,0.3482482909457758,None,,,,,,,0,0,0,0,33,0,33,0,173.6741096249316,,,,,,,,,,,,,,,,,,,,,,,,,,,,,,159.64583387493622,173.66954895900562,173.6741096249316,173.6741096249316,173.6741096249316,173.6741096249316,,,,,174.0277611670317,j,left,1,14,9,1,25,19,None,160.00413395790383,160.0044202079298,174.02813004201744,174.03306012495887,174.03306012495887,176.04639812500682,176.04639812500682,176.02615583396982,162.00249979190994,162.0025335829705,176.0420531249838,176.04639812500682,176.04639812500682,177.02736524993088,stimuli/box_coin_transparent.png,163.00369016698096,163.0037147499388,177.02742454200052,177.04059500002768,178.54064854199532,178.5335470000282,164.5098870419897,0.3482482909457758,None,,,,,,,,,,,,,,99999,right,no,None,2025-06-02_10h42.27.065,RL_out-of-scanner,2024.2.4,None,2025-06-02 10h42.35.213685 -0700,
34,0,34,space,1.9801714579807594,None,space,9.543473541969433,None,164.51262049993966,j,None,164.8510077079991,164.85127529199235,167.84566408290993,167.84569499990903,168.8522692079423,168.8522958329413,171.3518747499911,0.3286991659551859,None,,,,,,,0,0,0,0,34,0,34,0,178.54064854199532,,,,,,,,,,,,,,,,,,,,,,,,,,,,,,164.51262049993966,178.53634566697292,178.54064854199532,178.54064854199532,178.54064854199532,178.54064854199532,,,,,178.8746391669847,j,left,1,14,10,1,26,20,None,164.8510077079991,164.85127529199235,178.8749862499535,178.8821537499316,178.8821537499316,181.8900851670187,181.8900851670187,181.86932449997403,167.84566408290993,167.84569499990903,181.885353541933,181.8900851670187,181.8900851670187,182.87594337493647,stimuli/box_coin_transparent.png,168.8522692079423,168.8522958329413,182.8760055419989,182.87872054195032,185.38254825002514,185.3755453339545,171.3518747499911,0.3286991659551859,None,,,,,,,,,,,,,,99999,right,no,None,2025-06-02_10h42.27.065,RL_out-of-scanner,2024.2.4,None,2025-06-02 10h42.35.213685 -0700,
35,0,35,space,1.9801714579807594,None,space,9.543473541969433,None,171.35395654197782,j,None,171.71307379193604,171.71340683300514,173.2068450419465,173.20687670796178,174.21745433297474,174.217487124959,175.20472966693342,0.3483833749778569,None,,,,,,,0,0,0,0,35,0,35,0,185.38254825002514,,,,,,,,,,,,,,,,,,,,,,,,,,,,,,171.35395654197782,185.37770045897923,185.38254825002514,185.38254825002514,185.38254825002514,185.38254825002514,,,,,185.73668570898008,j,left,0,14,10,1,27,20,None,171.71307379193604,171.71340683300514,185.73711758397985,185.7445752499625,185.7445752499625,187.2493786669802,187.2493786669802,187.23050441697706,173.2068450419465,173.20687670796178,187.24469674995635,187.2493786669802,187.2493786669802,188.2411219170317,stimuli/box_empty_transparent.png,174.21745433297474,174.217487124959,188.24119695893023,188.24401695898268,189.23507066699676,189.22838320897426,175.20472966693342,0.3483833749778569,None,,,,,,,,,,,,,,99999,right,no,None,2025-06-02_10h42.27.065,RL_out-of-scanner,2024.2.4,None,2025-06-02 10h42.35.213685 -0700,
36,0,36,space,1.9801714579807594,None,space,9.543473541969433,None,175.2069864999503,k,None,175.57020354189444,175.5704747919226,177.06805929192342,177.06809229194187,178.07468720793258,178.0747140418971,181.56339083297644,0.3457952500320971,None,,,,,,,0,0,0,0,36,0,36,0,189.23507066699676,,,,,,,,,,,,,,,,,,,,,,,,,,,,,,175.2069864999503,189.23071470903233,189.23507066699676,189.23507066699676,189.23507066699676,189.23507066699676,,,,,189.59382633399218,k,left,0,14,10,1,27,20,None,175.57020354189444,175.5704747919226,189.5941862090258,189.60190529201645,189.60190529201645,191.1098755840212,191.1098755840212,191.09171787498053,177.06805929192342,177.06809229194187,191.10557424998842,191.1098755840212,191.1098755840212,192.09836208401248,stimuli/box_empty_transparent.png,178.07468720793258,178.0747140418971,192.09842399996705,192.10123849997763,195.5954671249492,195.587042417028,181.56339083297644,0.3457952500320971,None,,,,,,,,,,,,,,99999,right,no,None,2025-06-02_10h42.27.065,RL_out-of-scanner,2024.2.4,None,2025-06-02 10h42.35.213685 -0700,
37,0,37,space,1.9801714579807594,None,space,9.543473541969433,None,181.56687145796604,j,None,181.90583458298352,181.90613062493503,183.91097037494183,183.91103779198602,184.91897549992427,184.91901554190554,185.91105433297344,0.329773582983762,None,,,,,,,0,0,0,0,37,0,37,0,195.5954671249492,,,,,,,,,,,,,,,,,,,,,,,,,,,,,,181.56687145796604,195.5906116249971,195.5954671249492,195.5954671249492,195.5954671249492,195.5954671249492,,,,,195.92945883399807,j,left,1,14,11,1,28,21,None,181.90583458298352,181.90613062493503,195.92984074994456,195.93669212493114,195.93669212493114,197.95655212493148,197.95655212493148,197.934608999989,183.91097037494183,183.91103779198602,197.9517709169304,197.95655212493148,197.95655212493148,198.94263633398805,stimuli/box_coin_transparent.png,184.91897549992427,184.91901554190554,198.94273316697218,198.94768600002863,199.94123970903456,199.9347311250167,185.91105433297344,0.329773582983762,None,,,,,,,,,,,,,,99999,right,no,None,2025-06-02_10h42.27.065,RL_out-of-scanner,2024.2.4,None,2025-06-02 10h42.35.213685 -0700,
38,0,38,space,1.9801714579807594,None,space,9.543473541969433,None,185.9126443329733,j,None,186.27036720793694,186.2706180419773,187.2648602919653,187.264915207983,188.27781474997755,188.27784116694238,189.7685201249551,0.34252833400387317,None,,,,,,,0,0,0,0,38,0,38,0,199.94123970903456,,,,,,,,,,,,,,,,,,,,,,,,,,,,,,185.9126443329733,199.93635970901232,199.94123970903456,199.94123970903456,199.94123970903456,199.94123970903456,,,,,200.29400045902003,j,left,1,14,12,1,29,22,None,186.27036720793694,186.2706180419773,200.29432891693432,200.3021936250152,200.3021936250152,201.3112203340279,201.3112203340279,201.2884970420273,187.2648602919653,187.264915207983,201.30622937495355,201.3112203340279,201.3112203340279,202.3014874169603,stimuli/box_coin_transparent.png,188.27781474997755,188.27784116694238,202.30155124992598,202.3068993339548,203.79839841695502,203.79219112498686,189.7685201249551,0.34252833400387317,None,,,,,,,,,,,,,,99999,right,no,None,2025-06-02_10h42.27.065,RL_out-of-scanner,2024.2.4,None,2025-06-02 10h42.35.213685 -0700,
39,0,39,space,1.9801714579807594,None,space,9.543473541969433,None,189.7701572079677,j,None,190.12387579190545,190.12416412495077,191.1252481249394,191.12529133295175,192.1275142079685,192.12754374998622,193.12765754200518,0.3430556249804795,None,,,,,,,0,0,0,0,39,0,39,0,203.79839841695502,,,,,,,,,,,,,,,,,,,,,,,,,,,,,,189.7701572079677,203.7938724589767,203.79839841695502,203.79839841695502,203.79839841695502,203.79839841695502,,,,,204.14749979192857,j,left,1,14,13,1,30,23,None,190.12387579190545,190.12416412495077,204.1478745000204,204.1554327920312,204.1554327920312,205.16890470893122,205.16890470893122,205.148899834021,191.1252481249394,191.12529133295175,205.16457316698506,205.16890470893122,205.16890470893122,206.15118295897264,stimuli/box_coin_transparent.png,192.1275142079685,192.12754374998622,206.1512569169281,206.16500570892822,207.15872229193337,207.15131874999497,193.12765754200518,0.3430556249804795,None,,,,,,,,,,,,,,99999,right,no,None,2025-06-02_10h42.27.065,RL_out-of-scanner,2024.2.4,None,2025-06-02 10h42.35.213685 -0700,
40,0,40,space,1.9801714579807594,None,space,9.543473541969433,None,193.13007033290341,j,None,193.4811019579647,193.4814840418985,194.97678487491794,194.97682862496004,195.98499954200815,195.9850342499558,196.9765861670021,0.3413110829424113,None,,,,,,,0,0,0,0,40,0,40,0,207.15872229193337,,,,,,,,,,,,,,,,,,,,,,,,,,,,,,193.13007033290341,207.15381183393765,207.15872229193337,207.15872229193337,207.15872229193337,207.15872229193337,,,,,207.50471029197797,j,left,1,14,14,1,31,24,None,193.4811019579647,193.4814840418985,207.50519666692708,207.5119810840115,207.5119810840115,209.0201914589852,209.0201914589852,209.00043570902199,194.97678487491794,194.97682862496004,209.01642100000754,209.0201914589852,209.0201914589852,210.00866795901675,stimuli/box_coin_transparent.png,195.98499954200815,195.9850342499558,210.00874583399855,210.0121117089875,211.0071149589494,211.00024349999148,196.9765861670021,0.3413110829424113,None,,,,,,,,,,,,,,99999,right,no,None,2025-06-02_10h42.27.065,RL_out-of-scanner,2024.2.4,None,2025-06-02 10h42.35.213685 -0700,
41,0,41,space,1.9801714579807594,None,space,9.543473541969433,None,196.97877283289563,j,None,197.32347008294892,197.32386295800097,198.31699412490707,198.31704666698352,199.32600683299825,199.32607379194815,202.31792449997738,0.3345929579809308,None,,,,,,,0,0,0,0,41,0,41,0,211.0071149589494,,,,,,,,,,,,,,,,,,,,,,,,,,,,,,196.97877283289563,211.00249620899558,211.0071149589494,211.0071149589494,211.0071149589494,211.0071149589494,,,,,211.34706766693853,j,right,1,8,0,2,31,24,None,197.32347008294892,197.32386295800097,211.34757570899092,211.35459141700994,211.35459141700994,212.3588453750126,212.3588453750126,212.3406425419962,198.31699412490707,198.31704666698352,212.3546655839309,212.3588453750126,212.3588453750126,213.34964695898816,stimuli/box_empty_transparent.png,199.32600683299825,199.32607379194815,213.34983754192945,213.3560542500345,216.34771424997598,216.34159900003579,202.31792449997738,0.3345929579809308,None,,,,,,,,,,,,,,99999,right,no,None,2025-06-02_10h42.27.065,RL_out-of-scanner,2024.2.4,None,2025-06-02 10h42.35.213685 -0700,
42,0,42,space,1.9801714579807594,None,space,9.543473541969433,None,202.31949124997482,k,None,202.66781508293934,202.66810258291662,204.66044054192025,204.66048500000034,205.661401249934,205.6614308329299,209.1646357079735,0.32936887501273304,None,,,,,,,0,0,0,0,42,0,42,0,216.34771424997598,,,,,,,,,,,,,,,,,,,,,,,,,,,,,,202.31949124997482,216.34320799994748,216.34771424997598,216.34771424997598,216.34771424997598,216.34771424997598,,,,,216.69143758399878,k,right,1,8,1,2,32,25,None,202.66781508293934,202.66810258291662,216.69181316695176,216.69947554194368,216.69947554194368,218.70552666694857,218.70552666694857,218.6840876250062,204.66044054192025,204.66048500000034,218.70112920901738,218.70552666694857,218.70552666694857,219.68506891699508,stimuli/box_coin_transparent.png,205.661401249934,205.6614308329299,219.68514304200653,219.6994332500035,223.1941482500406,223.188307250035,209.1646357079735,0.32936887501273304,None,,,,,,,,,,,,,,99999,right,no,None,2025-06-02_10h42.27.065,RL_out-of-scanner,2024.2.4,None,2025-06-02 10h42.35.213685 -0700,
43,0,43,space,1.9801714579807594,None,space,9.543473541969433,None,209.16660295799375,k,None,209.50298204191495,209.50327124993782,210.49452733295038,210.49456620798446,211.4995583749842,211.4995882079238,213.492044582963,0.3285600000526756,None,,,,,,,0,0,0,0,43,0,43,0,223.1941482500406,,,,,,,,,,,,,,,,,,,,,,,,,,,,,,209.16660295799375,223.19031800003722,223.1941482500406,223.1941482500406,223.1941482500406,223.1941482500406,,,,,223.52659041702282,k,right,1,8,2,2,33,26,None,209.50298204191495,209.50327124993782,223.52698212501127,223.53491658403073,223.53491658403073,224.53896658401936,224.53896658401936,224.51818187499885,210.49452733295038,210.49456620798446,224.53417541703675,224.53896658401936,224.53896658401936,225.52322670898866,stimuli/box_coin_transparent.png,211.4995583749842,211.4995882079238,225.52330379199702,225.5278312920127,227.52178091695532,227.51571629196405,213.492044582963,0.3285600000526756,None,,,,,,,,,,,,,,99999,right,no,None,2025-06-02_10h42.27.065,RL_out-of-scanner,2024.2.4,None,2025-06-02 10h42.35.213685 -0700,
44,0,44,space,1.9801714579807594,None,space,9.543473541969433,None,213.4936230829917,k,None,213.83667620795313,213.83701841696166,216.33643529191613,216.3364757919917,217.3382302079117,217.3382607079111,219.34253070794512,0.3319276670226827,None,,,,,,,0,0,0,0,44,0,44,0,227.52178091695532,,,,,,,,,,,,,,,,,,,,,,,,,,,,,,213.4936230829917,227.5173403340159,227.52178091695532,227.52178091695532,227.52178091695532,227.52178091695532,,,,,227.86027616693173,k,right,0,8,2,2,34,26,None,213.83667620795313,213.83701841696166,227.86072841694113,227.86826329200994,227.86826329200994,230.37850629200693,230.37850629200693,230.36008445895277,216.33643529191613,216.3364757919917,230.37398116698023,230.37850629200693,230.37850629200693,231.3619027090026,stimuli/box_empty_transparent.png,217.3382302079117,217.3382607079111,231.3619735420216,231.37576045899186,233.3721802920336,233.3661785000004,219.34253070794512,0.3319276670226827,None,,,,,,,,,,,,,,99999,right,no,None,2025-06-02_10h42.27.065,RL_out-of-scanner,2024.2.4,None,2025-06-02 10h42.35.213685 -0700,
45,0,45,space,1.9801714579807594,None,space,9.543473541969433,None,219.34414362499956,j,None,219.67898291698657,219.67932899994776,220.67744245799258,220.67750458291266,221.68218733300455,221.6822188749211,222.67013999994379,0.324189041974023,None,,,,,,,0,0,0,0,45,0,45,0,233.3721802920336,,,,,,,,,,,,,,,,,,,,,,,,,,,,,,219.34414362499956,233.3678580840351,233.3721802920336,233.3721802920336,233.3721802920336,233.3721802920336,,,,,233.7025979589671,j,right,0,8,2,2,34,26,None,219.67898291698657,219.67932899994776,233.70304249995388,233.7123650839785,233.7123650839785,234.7209870419465,234.7209870419465,234.7010746669257,220.67744245799258,220.67750458291266,234.71626054192893,234.7209870419465,234.7209870419465,235.70585066697095,stimuli/box_empty_transparent.png,221.68218733300455,221.6822188749211,235.7059388749767,235.71041470894124,236.70462312502787,236.69381712493487,222.67013999994379,0.324189041974023,None,,,,,,,,,,,,,,99999,right,no,None,2025-06-02_10h42.27.065,RL_out-of-scanner,2024.2.4,None,2025-06-02 10h42.35.213685 -0700,
46,0,46,space,1.9801714579807594,None,space,9.543473541969433,None,222.6714551670011,k,None,223.29599837493151,223.29628816689365,225.28684204199817,225.28687274991535,226.2939231249038,226.29395074991044,227.28310479200445,0.6115004169987515,None,,,,,,,0,0,0,0,46,0,46,0,236.70462312502787,,,,,,,,,,,,,,,,,,,,,,,,,,,,,,222.6714551670011,236.6951659169281,236.70462312502787,236.70462312502787,236.70462312502787,236.70462312502787,,,,,237.3196239999961,k,right,1,8,3,2,35,27,None,223.29599837493151,223.29628816689365,237.3199987920234,237.3273650839692,237.3273650839692,239.33164020895492,239.33164020895492,239.31049958395306,225.28684204199817,225.28687274991535,239.32695274997968,239.33164020895492,239.33164020895492,240.31759554194286,stimuli/box_coin_transparent.png,226.2939231249038,226.29395074991044,240.31766187492758,240.321857834002,241.3127814999316,241.30678337498102,227.28310479200445,0.6115004169987515,None,,,,,,,,,,,,,,99999,right,no,None,2025-06-02_10h42.27.065,RL_out-of-scanner,2024.2.4,None,2025-06-02 10h42.35.213685 -0700,
47,0,47,space,1.9801714579807594,None,space,9.543473541969433,None,227.28459045791533,k,None,227.6391698749503,227.6394525829237,230.63118212495465,230.63121324998792,231.64078566699754,231.6408114579972,233.12961399997585,0.3482077920343727,None,,,,,,,0,0,0,0,47,0,47,0,241.3127814999316,,,,,,,,,,,,,,,,,,,,,,,,,,,,,,227.28459045791533,241.30830487504136,241.3127814999316,241.3127814999316,241.3127814999316,241.3127814999316,,,,,241.66279208404012,k,right,1,8,4,2,36,28,None,227.6391698749503,227.6394525829237,241.6631623340072,241.66862441704143,241.66862441704143,244.67554562503938,244.67554562503938,244.65484266693238,230.63118212495465,230.63121324998792,244.67049070901703,244.67554562503938,244.67554562503938,245.66445966693573,stimuli/box_coin_transparent.png,231.64078566699754,231.6408114579972,245.66452108393423,245.66818745899945,247.16587229201104,247.15329783398192,233.12961399997585,0.3482077920343727,None,,,,,,,,,,,,,,99999,right,no,None,2025-06-02_10h42.27.065,RL_out-of-scanner,2024.2.4,None,2025-06-02 10h42.35.213685 -0700,
48,0,48,space,1.9801714579807594,None,space,9.543473541969433,None,233.13031370798126,k,None,233.4763867079746,233.47663708298933,234.9715692079626,234.97164079197682,235.97584191698115,235.97587187495083,239.46808729192708,0.33186837495304644,None,,,,,,,0,0,0,0,48,0,48,0,247.16587229201104,,,,,,,,,,,,,,,,,,,,,,,,,,,,,,233.13031370798126,247.1540148749482,247.16587229201104,247.16587229201104,247.16587229201104,247.16587229201104,,,,,247.50001370895188,k,right,0,8,4,2,37,28,None,233.4763867079746,233.47663708298933,247.5003482500324,247.50498129194602,247.50498129194602,249.0152757919859,249.0152757919859,248.99519175000023,234.9715692079626,234.97164079197682,249.01061337499414,249.0152757919859,249.0152757919859,249.99951041699387,stimuli/box_empty_transparent.png,235.97584191698115,235.97587187495083,249.9995849999832,250.0029194999952,253.49852170899976,253.4917376670055,239.46808729192708,0.33186837495304644,None,,,,,,,,,,,,,,99999,right,no,None,2025-06-02_10h42.27.065,RL_out-of-scanner,2024.2.4,None,2025-06-02 10h42.35.213685 -0700,
49,0,49,space,1.9801714579807594,None,space,9.543473541969433,None,239.47029304190073,j,None,239.7465520419646,239.746764457901,241.23744774993975,241.23748166696168,242.24194820795674,242.24197266693227,242.24233191693202,0.26887050003279,None,,,,,,,0,0,0,0,49,0,49,0,253.49852170899976,,,,,,,,,,,,,,,,,,,,,,,,,,,,,,239.47029304190073,253.49402062501758,253.49852170899976,253.49852170899976,253.49852170899976,253.49852170899976,,,,,253.7701930840267,j,right,0,8,4,2,37,28,None,239.7465520419646,239.746764457901,253.77047166693956,253.77775112492964,253.77775112492964,255.27851687499788,255.27851687499788,255.26110704196617,241.23744774993975,241.23748166696168,255.2742266249843,255.27851687499788,255.27851687499788,256.2656223339727,stimuli/box_empty_transparent.png,242.24194820795674,242.24197266693227,256.2656821249984,256.2865757920081,256.2865757920081,256.26601329201367,242.24233191693202,0.26887050003279,None,,,,,,,,,,,,,,99999,right,no,None,2025-06-02_10h42.27.065,RL_out-of-scanner,2024.2.4,None,2025-06-02 10h42.35.213685 -0700,
0,0,0,space,1.9801714579807594,None,space,9.543473541969433,None,,,,,,,,,,,,,,,,,,,0,0,0,0,,,,,,,,,,,,,,,,,,,,,,,,,,,,,,,,,,,,,,,,,,,,,,,,,,,,,,,,,,,,,,,,,,,,,,,,,,,,,,,256.28164699999616,256.2865757920081,260.26819945895113,260.2711842090357,260.2762138339458,316.6109617089387,316.6071207500063,,,,,,,99999,right,no,None,2025-06-02_10h42.27.065,RL_out-of-scanner,2024.2.4,None,2025-06-02 10h42.35.213685 -0700,
0,0,0,space,11.399146832991391,None,space,2.998517790925689,None,0.0020308749517425895,None,None,1.4961625839350745,1.4962167920311913,2.4856966249644756,2.4857402499765158,3.48771112493705,3.487745292019099,5.480976999970153,,,,,,,,,1,0,1,0,0,0,0,0,331.0278987500351,,,,,,,,,,,,,,,,316.60735520895105,316.6109617089387,316.6109617089387,328.0138769169571,space,11.399146832991391,None,328.01397062500473,328.0183002499398,328.0183002499398,331.0190688750008,space,2.998517790925689,None,0.0020308749517425895,331.0211679589702,331.0278987500351,331.0278987500351,331.0278987500351,331.0278987500351,332.51886387495324,332.51886387495324,332.51886387495324,332.51886387495324,332.5152285839431,None,right,0,15,0,3,37,0,None,1.4961625839350745,1.4962167920311913,332.515346167027,332.51886387495324,332.51886387495324,333.5234727920033,333.5234727920033,333.5047574589262,2.4856966249644756,2.4857402499765158,333.5191237919498,333.5234727920033,333.5234727920033,334.5067979999585,no selection made,3.48771112493705,3.487745292019099,334.5068775420077,334.5097839169903,336.5061960419407,336.50007462501526,5.480976999970153,,,,,,,,,,,,,,,,99999,right,no,None,2025-06-02_10h42.27.065,RL_out-of-scanner,2024.2.4,None,2025-06-02 10h42.35.213685 -0700,
1,0,1,space,11.399146832991391,None,space,2.998517790925689,None,5.482471624971367,k,None,5.807158791925758,5.807444958947599,7.298457333934493,7.298486249987036,8.298668583971448,8.298694749944843,9.806179250008427,0.30722904193680733,None,,,,,,,1,0,1,0,1,0,1,0,336.5061960419407,,,,,,,,,,,,,,,,,,,,,,,,,,,,,,5.482471624971367,336.5016079170164,336.5061960419407,336.5061960419407,336.5061960419407,336.5061960419407,,,,,336.8262016669614,k,right,1,15,1,3,38,1,None,5.807158791925758,5.807444958947599,336.82657533395104,336.83367970900144,336.83367970900144,338.33855849993415,338.33855849993415,338.3175395419821,7.298457333934493,7.298486249987036,338.33392112492584,338.33855849993415,338.33855849993415,339.3177634589374,stimuli/box_coin_transparent.png,8.298668583971448,8.298694749944843,339.3178246669704,339.3336472089868,340.83196191699244,340.8252560000401,9.806179250008427,0.30722904193680733,None,,,,,,,,,,,,,,99999,right,no,None,2025-06-02_10h42.27.065,RL_out-of-scanner,2024.2.4,None,2025-06-02 10h42.35.213685 -0700,
2,0,2,space,11.399146832991391,None,space,2.998517790925689,None,9.808340749936178,k,None,10.105405499925837,10.105645583942533,11.097292458987795,11.09732720896136,12.105774458963424,12.105812042020261,15.095923791988753,0.28587220795452595,None,,,,,,,1,0,1,0,2,0,2,0,340.83196191699244,,,,,,,,,,,,,,,,,,,,,,,,,,,,,,9.808340749936178,340.8274887499865,340.83196191699244,340.83196191699244,340.83196191699244,340.83196191699244,,,,,341.1244557920145,k,right,0,15,1,3,39,1,None,10.105405499925837,10.105645583942533,341.12477716698777,341.1319894590415,341.1319894590415,342.13504366693087,342.13504366693087,342.1163698339369,11.097292458987795,11.09732720896136,342.1309002919588,342.13504366693087,342.13504366693087,343.1248586670263,stimuli/box_empty_transparent.png,12.105774458963424,12.105812042020261,343.1249482500134,343.12860575004015,346.1210394590162,346.1150208340259,15.095923791988753,0.28587220795452595,None,,,,,,,,,,,,,,99999,right,no,None,2025-06-02_10h42.27.065,RL_out-of-scanner,2024.2.4,None,2025-06-02 10h42.35.213685 -0700,
3,0,3,space,11.399146832991391,None,space,2.998517790925689,None,15.09741320903413,j,None,15.410829124972224,15.411187333986163,17.401761166984215,17.401792541961186,18.412209208938293,18.412237209035084,19.413160874973983,0.2918624170124531,None,,,,,,,1,0,1,0,3,0,3,0,346.1210394590162,,,,,,,,,,,,,,,,,,,,,,,,,,,,,,15.09741320903413,346.1165499589406,346.1210394590162,346.1210394590162,346.1210394590162,346.1210394590162,,,,,346.4297413750319,j,right,0,15,1,3,39,1,None,15.410829124972224,15.411187333986163,346.4303291669348,346.4380230419338,346.4380230419338,348.438141333987,348.438141333987,348.4208350420231,17.401761166984215,17.401792541961186,348.43385191704147,348.438141333987,348.438141333987,349.43130308401305,stimuli/box_empty_transparent.png,18.412209208938293,18.412237209035084,349.43136741698254,349.43684158392716,350.43815333396196,350.43225912493654,19.413160874973983,0.2918624170124531,None,,,,,,,,,,,,,,99999,right,no,None,2025-06-02_10h42.27.065,RL_out-of-scanner,2024.2.4,None,2025-06-02 10h42.35.213685 -0700,
4,0,4,space,11.399146832991391,None,space,2.998517790925689,None,19.414687459007837,k,None,19.905417209025472,19.90565600001719,20.896733958972618,20.896762833930552,21.902378791943192,21.90240374999121,24.39963766699657,0.4832462500780821,None,,,,,,,1,0,1,0,4,0,4,0,350.43815333396196,,,,,,,,,,,,,,,,,,,,,,,,,,,,,,19.414687459007837,350.43382237502374,350.43815333396196,350.43815333396196,350.43815333396196,350.43815333396196,,,,,350.9244612919865,k,right,1,15,2,3,40,2,None,19.905417209025472,19.90565600001719,350.9247867920203,350.932136666961,350.932136666961,351.9367463339586,351.9367463339586,351.9158141249791,20.896733958972618,20.896762833930552,351.9324410420377,351.9367463339586,351.9367463339586,352.9214727500221,stimuli/box_coin_transparent.png,21.902378791943192,21.90240374999121,352.92153358401265,352.9296261250274,355.42664137494285,355.41871683392674,24.39963766699657,0.4832462500780821,None,,,,,,,,,,,,,,99999,right,no,None,2025-06-02_10h42.27.065,RL_out-of-scanner,2024.2.4,None,2025-06-02 10h42.35.213685 -0700,
5,0,5,space,11.399146832991391,None,space,2.998517790925689,None,24.402778542018496,j,None,24.681780333979987,24.68202524993103,28.172745959018357,28.17279312503524,29.175472917035222,29.175522292032838,31.165502374991775,0.27009445906151086,None,,,,,,,1,0,1,0,5,0,5,0,355.42664137494285,,,,,,,,,,,,,,,,,,,,,,,,,,,,,,24.402778542018496,355.42193141696043,355.42664137494285,355.42664137494285,355.42664137494285,355.42664137494285,,,,,355.7008364589419,j,right,1,15,2,3,40,2,None,24.681780333979987,24.68202524993103,355.7011561669642,355.7054538340308,355.7054538340308,359.20605962502304,359.20605962502304,359.19180583395064,28.172745959018357,28.17279312503524,359.20259429200087,359.20605962502304,359.20605962502304,360.1945438339608,stimuli/box_empty_transparent.png,29.175472917035222,29.175522292032838,360.19468724995386,360.20019687502645,362.1905043339357,362.18459366692696,31.165502374991775,0.27009445906151086,None,,,,,,,,,,,,,,99999,right,no,None,2025-06-02_10h42.27.065,RL_out-of-scanner,2024.2.4,None,2025-06-02 10h42.35.213685 -0700,
6,0,6,space,11.399146832991391,None,space,2.998517790925689,None,31.16707441699691,k,None,31.42918616696261,31.429485250031576,32.42659004195593,32.426636875025,33.43309791700449,33.433139791944996,34.425316959037445,0.2527408330934122,None,,,,,,,1,0,1,0,6,0,6,0,362.1905043339357,,,,,,,,,,,,,,,,,,,,,,,,,,,,,,31.16707441699691,362.1862070839852,362.1905043339357,362.1905043339357,362.1905043339357,362.1905043339357,,,,,362.44822070898954,k,right,1,15,3,3,41,3,None,31.42918616696261,31.429485250031576,362.4486175000202,362.45624637498986,362.45624637498986,363.4672899999423,363.4672899999423,363.4456626250176,32.42659004195593,32.426636875025,363.46243045898154,363.4672899999423,363.4672899999423,364.4521832920145,stimuli/box_coin_transparent.png,33.43309791700449,33.433139791944996,364.4522792500211,364.4578301250003,365.4510308339959,365.4444136249367,34.425316959037445,0.2527408330934122,None,,,,,,,,,,,,,,99999,right,no,None,2025-06-02_10h42.27.065,RL_out-of-scanner,2024.2.4,None,2025-06-02 10h42.35.213685 -0700,
7,0,7,space,11.399146832991391,None,space,2.998517790925689,None,34.42694274999667,k,None,34.780764624942094,34.78108366695233,36.77538933395408,36.775423916988075,37.777678124955855,37.77771191694774,39.771081542014144,0.3432344999164343,None,,,,,,,1,0,1,0,7,0,7,0,365.4510308339959,,,,,,,,,,,,,,,,,,,,,,,,,,,,,,34.42694274999667,365.44607995892875,365.4510308339959,365.4510308339959,365.4510308339959,365.4510308339959,,,,,365.7997877090238,k,right,1,15,4,3,42,4,None,34.780764624942094,34.78108366695233,365.80021666700486,365.8083410420222,365.8083410420222,367.8144327499904,367.8144327499904,367.79445854201913,36.77538933395408,36.775423916988075,367.80976437497884,367.8144327499904,367.8144327499904,368.79676149995066,stimuli/box_coin_transparent.png,37.777678124955855,37.77771191694774,368.7968506249599,368.8016622499563,370.7962466250174,370.7901766250143,39.771081542014144,0.3432344999164343,None,,,,,,,,,,,,,,99999,right,no,None,2025-06-02_10h42.27.065,RL_out-of-scanner,2024.2.4,None,2025-06-02 10h42.35.213685 -0700,
8,0,8,space,11.399146832991391,None,space,2.998517790925689,None,39.77278312493581,k,None,40.03519966697786,40.03549216699321,43.03172079194337,43.031761583988555,44.03967887500767,44.039710583980195,45.529267208999954,0.25461866601835936,None,,,,,,,1,0,1,0,8,0,8,0,370.7962466250174,,,,,,,,,,,,,,,,,,,,,,,,,,,,,,39.77278312493581,370.7919183749473,370.7962466250174,370.7962466250174,370.7962466250174,370.7962466250174,,,,,371.05423637502827,k,right,1,15,5,3,43,5,None,40.03519966697786,40.03549216699321,371.05462395900395,371.0624668749515,371.0624668749515,374.0697547500022,374.0697547500022,374.05078862502705,43.03172079194337,43.031761583988555,374.06545683403965,374.0697547500022,374.0697547500022,375.05876587494276,stimuli/box_coin_transparent.png,44.03967887500767,44.039710583980195,375.05883912497666,375.0614239589777,376.5544782090001,376.54836079198867,45.529267208999954,0.25461866601835936,None,,,,,,,,,,,,,,99999,right,no,None,2025-06-02_10h42.27.065,RL_out-of-scanner,2024.2.4,None,2025-06-02 10h42.35.213685 -0700,
9,0,9,space,11.399146832991391,None,space,2.998517790925689,None,45.53087733394932,k,None,45.81766787497327,45.81795770896133,47.31575620896183,47.31581591698341,48.32319995900616,48.32323629199527,50.31377695896663,0.2759155830135569,None,,,,,,,1,0,1,0,9,0,9,0,376.5544782090001,,,,,,,,,,,,,,,,,,,,,,,,,,,,,,45.53087733394932,376.55001279199496,376.5544782090001,376.5544782090001,376.5544782090001,376.5544782090001,,,,,376.8367105840007,k,right,1,15,6,3,44,6,None,45.81766787497327,45.81795770896133,376.83708491700236,376.84507733397186,376.84507733397186,378.35791483393405,378.35791483393405,378.3348160419846,47.31575620896183,47.31581591698341,378.3523665840039,378.35791483393405,378.35791483393405,379.34228833403904,stimuli/box_coin_transparent.png,48.32319995900616,48.32323629199527,379.3423704999732,379.34672933397815,381.33902133395895,381.33286574995145,50.31377695896663,0.2759155830135569,None,,,,,,,,,,,,,,99999,right,no,None,2025-06-02_10h42.27.065,RL_out-of-scanner,2024.2.4,None,2025-06-02 10h42.35.213685 -0700,
10,0,10,space,11.399146832991391,None,space,2.998517790925689,None,50.315376541926526,k,None,50.60867450002115,50.60898849996738,52.10739308397751,52.10745504195802,53.113334459019825,53.1133593339473,54.10790399997495,0.2863604580052197,None,,,,,,,1,0,1,0,10,0,10,0,381.33902133395895,,,,,,,,,,,,,,,,,,,,,,,,,,,,,,50.315376541926526,381.334509416949,381.33902133395895,381.33902133395895,381.33902133395895,381.33902133395895,,,,,381.6277180840261,k,right,1,15,7,3,45,7,None,50.60867450002115,50.60898849996738,381.6281222499674,381.63603012496606,381.63603012496606,383.1496733749518,383.1496733749518,383.126441875007,52.10739308397751,52.10745504195802,383.1442259999458,383.1496733749518,383.1496733749518,384.1324291250203,stimuli/box_coin_transparent.png,53.113334459019825,53.1133593339473,384.1324898339808,384.13622816698626,385.13328245899174,385.12699770904146,54.10790399997495,0.2863604580052197,None,,,,,,,,,,,,,,99999,right,no,None,2025-06-02_10h42.27.065,RL_out-of-scanner,2024.2.4,None,2025-06-02 10h42.35.213685 -0700,
11,0,11,space,11.399146832991391,None,space,2.998517790925689,None,54.10948541702237,k,None,54.6079280419508,54.6082866670331,56.60063891694881,56.60069474996999,57.60582408402115,57.60588183393702,59.105829749954864,0.48330987500958145,None,,,,,,,1,0,1,0,11,0,11,0,385.13328245899174,,,,,,,,,,,,,,,,,,,,,,,,,,,,,,54.10948541702237,385.1286205840297,385.13328245899174,385.13328245899174,385.13328245899174,385.13328245899174,,,,,385.6269562089583,k,right,1,15,8,3,46,8,None,54.6079280419508,54.6082866670331,385.6274184170179,385.6355949169956,385.6355949169956,387.64211870892905,387.64211870892905,387.6196919590002,56.60063891694881,56.60069474996999,387.63712900003884,387.64211870892905,387.64211870892905,388.624889708939,stimuli/box_coin_transparent.png,57.60582408402115,57.60588183393702,388.625021749991,388.6305367919849,390.1312415419379,390.1249242089689,59.105829749954864,0.48330987500958145,None,,,,,,,,,,,,,,99999,right,no,None,2025-06-02_10h42.27.065,RL_out-of-scanner,2024.2.4,None,2025-06-02 10h42.35.213685 -0700,
12,0,12,space,11.399146832991391,None,space,2.998517790925689,None,59.107404791982844,k,None,59.38454995898064,59.38483679201454,60.38387070898898,60.38391495903488,61.38419695897028,61.3842304169666,64.3900239589857,0.2552958750165999,None,,,,,,,1,0,1,0,12,0,12,0,390.1312415419379,,,,,,,,,,,,,,,,,,,,,,,,,,,,,,59.107404791982844,390.1265399589902,390.1312415419379,390.1312415419379,390.1312415419379,390.1312415419379,,,,,390.40357800002676,k,right,1,15,9,3,47,9,None,59.38454995898064,59.38483679201454,390.40396808402147,390.4117367499275,390.4117367499275,391.42358349997085,391.42358349997085,391.4029425419867,60.38387070898898,60.38391495903488,391.418795375037,391.42358349997085,391.42358349997085,392.40328829200007,stimuli/box_coin_transparent.png,61.38419695897028,61.3842304169666,392.40336516697425,392.41754637495615,395.41499854193535,395.4091165839927,64.3900239589857,0.2552958750165999,None,,,,,,,,,,,,,,99999,right,no,None,2025-06-02_10h42.27.065,RL_out-of-scanner,2024.2.4,None,2025-06-02 10h42.35.213685 -0700,
13,0,13,space,11.399146832991391,None,space,2.998517790925689,None,64.39158783399034,k,None,64.72586079197936,64.72618383402005,65.22133550001308,65.22137187502813,66.23161100002471,66.23165949992836,68.2226608749479,0.32095308403950185,None,,,,,,,1,0,1,0,13,0,13,0,395.41499854193535,,,,,,,,,,,,,,,,,,,,,,,,,,,,,,64.39158783399034,395.41072249994613,395.41499854193535,395.41499854193535,395.41499854193535,395.41499854193535,,,,,395.744898083969,k,right,0,15,9,3,48,9,None,64.72586079197936,64.72618383402005,395.7453120839782,395.75265604199376,395.75265604199376,396.260715084034,396.260715084034,396.2404160000151,65.22133550001308,65.22137187502813,396.25571433396544,396.260715084034,396.260715084034,397.2506887919735,stimuli/box_empty_transparent.png,66.23161100002471,66.23165949992836,397.25079650001135,397.25711391703226,399.247830749955,399.2417533750413,68.2226608749479,0.32095308403950185,None,,,,,,,,,,,,,,99999,right,no,None,2025-06-02_10h42.27.065,RL_out-of-scanner,2024.2.4,None,2025-06-02 10h42.35.213685 -0700,
14,0,14,space,11.399146832991391,None,space,2.998517790925689,None,68.22421599994414,j,None,68.53352850000374,68.53388962498866,70.03058470902033,70.03062370896805,71.04014270904008,71.04019516694825,72.03848708397709,0.2969010000815615,None,,,,,,,1,0,1,0,14,0,14,0,399.247830749955,,,,,,,,,,,,,,,,,,,,,,,,,,,,,,68.22421599994414,399.24335112492554,399.247830749955,399.247830749955,399.247830749955,399.247830749955,,,,,399.55253908399027,j,right,0,15,9,3,48,9,None,68.53352850000374,68.53388962498866,399.5530233340105,399.56031454203185,399.56031454203185,401.06805616698693,401.06805616698693,401.0496568749659,70.03058470902033,70.03062370896805,401.0633856669301,401.06805616698693,401.06805616698693,402.0592169170268,stimuli/box_empty_transparent.png,71.04014270904008,71.04019516694825,402.05933558393735,402.0648962089326,403.06378600001335,403.05757783399895,72.03848708397709,0.2969010000815615,None,,,,,,,,,,,,,,99999,right,no,None,2025-06-02_10h42.27.065,RL_out-of-scanner,2024.2.4,None,2025-06-02 10h42.35.213685 -0700,
15,0,15,space,11.399146832991391,None,space,2.998517790925689,None,72.0400818339549,k,None,72.44981454196386,72.4501265840372,73.44824812503066,73.44827833399177,74.45566800003871,74.4556977499742,76.45183729194105,0.38954708306118846,None,,,,,,,1,0,1,0,15,0,15,0,403.06378600001335,,,,,,,,,,,,,,,,,,,,,,,,,,,,,,72.0400818339549,403.05921804194804,403.06378600001335,403.06378600001335,403.06378600001335,403.06378600001335,,,,,403.4688503339421,k,right,0,15,9,3,49,9,None,72.44981454196386,72.4501265840372,403.4692570839543,403.47728858399205,403.47728858399205,404.4852702920325,404.4852702920325,404.46732587495353,73.44824812503066,73.44827833399177,404.48100495897233,404.4852702920325,404.4852702920325,405.4747563749552,stimuli/box_empty_transparent.png,74.45566800003871,74.4556977499742,405.4748277090257,405.47773729194887,407.4772462089313,407.47089404193684,76.45183729194105,0.38954708306118846,None,,,,,,,,,,,,,,99999,right,no,None,2025-06-02_10h42.27.065,RL_out-of-scanner,2024.2.4,None,2025-06-02 10h42.35.213685 -0700,
16,0,16,space,11.399146832991391,None,space,2.998517790925689,None,76.4531210840214,j,None,76.74089366698172,76.74116229196079,78.73391670896672,78.73401941696648,79.74858279200271,79.74863579194061,80.74567374994513,0.2736890419619158,None,,,,,,,1,0,1,0,16,0,16,0,407.4772462089313,,,,,,,,,,,,,,,,,,,,,,,,,,,,,,76.4531210840214,407.4722552499734,407.4772462089313,407.4772462089313,407.4772462089313,407.4772462089313,,,,,407.7599433340365,j,right,0,15,9,3,49,9,None,76.74089366698172,76.74116229196079,407.76029320899397,407.76778791693505,407.76778791693505,409.7723581249593,409.7723581249593,409.7529195420211,78.73391670896672,78.73401941696648,409.76750520896167,409.7723581249593,409.7723581249593,410.7676517920336,stimuli/box_empty_transparent.png,79.74858279200271,79.74863579194061,410.7677807499422,410.7729462919524,411.7707335000159,411.7647706249263,80.74567374994513,0.2736890419619158,None,,,,,,,,,,,,,,99999,right,no,None,2025-06-02_10h42.27.065,RL_out-of-scanner,2024.2.4,None,2025-06-02 10h42.35.213685 -0700,
17,0,17,space,11.399146832991391,None,space,2.998517790925689,None,80.74718058400322,k,None,81.03027524997015,81.03051033394877,82.02464133396279,82.02473816694692,83.03223200002685,83.03228675003629,84.02395612502005,0.26786758308298886,None,,,,,,,1,0,1,0,17,0,17,0,411.7707335000159,,,,,,,,,,,,,,,,,,,,,,,,,,,,,,80.74718058400322,411.76631674997043,411.7707335000159,411.7707335000159,411.7707335000159,411.7707335000159,,,,,412.0493256249465,k,right,1,15,10,3,50,10,None,81.03027524997015,81.03051033394877,412.0496407089522,412.0571854589507,412.0571854589507,413.0666524169501,413.0666524169501,413.0436751670204,82.02464133396279,82.02473816694692,413.0619394170353,413.0666524169501,413.0666524169501,414.05130558402743,stimuli/box_coin_transparent.png,83.03223200002685,83.03228675003629,414.05143504193984,414.0579168749973,415.05706787493546,415.0430536669446,84.02395612502005,0.26786758308298886,None,,,,,,,,,,,,,,99999,right,no,None,2025-06-02_10h42.27.065,RL_out-of-scanner,2024.2.4,None,2025-06-02 10h42.35.213685 -0700,
18,0,18,space,11.399146832991391,None,space,2.998517790925689,None,84.02542283397634,k,None,84.3453033339465,84.34555670898408,87.83379487495404,87.8338291249238,88.83798787498381,88.83803741703741,90.82966429193038,0.3037687500473112,None,,,,,,,1,0,1,0,18,0,18,0,415.05706787493546,,,,,,,,,,,,,,,,,,,,,,,,,,,,,,84.02542283397634,415.0445574999321,415.05706787493546,415.05706787493546,415.05706787493546,415.05706787493546,,,,,415.364351416938,k,right,1,15,11,3,51,11,None,84.3453033339465,84.34555670898408,415.36468695895746,415.3693396250019,415.3693396250019,418.87296766694635,418.87296766694635,418.85287266701926,87.83379487495404,87.8338291249238,418.86860675003845,418.87296766694635,418.87296766694635,419.8570639169775,stimuli/box_coin_transparent.png,88.83798787498381,88.83803741703741,419.8571734590223,419.86260608397424,421.85465216694865,421.8487623339752,90.82966429193038,0.3037687500473112,None,,,,,,,,,,,,,,99999,right,no,None,2025-06-02_10h42.27.065,RL_out-of-scanner,2024.2.4,None,2025-06-02 10h42.35.213685 -0700,
19,0,19,space,11.399146832991391,None,space,2.998517790925689,None,90.83111958403606,k,None,91.1504810419865,91.15075887495186,92.14878175000194,92.14882220898289,93.14276054198854,93.14278541703243,94.6422632499598,0.303381166071631,None,,,,,,,1,0,1,0,19,0,19,0,421.85465216694865,,,,,,,,,,,,,,,,,,,,,,,,,,,,,,90.83111958403606,421.8502550419653,421.85465216694865,421.85465216694865,421.85465216694865,421.85465216694865,,,,,422.1695235000225,k,right,0,15,11,3,52,11,None,91.1504810419865,91.15075887495186,422.1698894590372,422.17751245899126,422.17751245899126,423.1785998339765,423.1785998339765,423.1678361670347,92.14878175000194,92.14882220898289,423.17577308393084,423.1785998339765,423.1785998339765,424.1618549589766,stimuli/box_empty_transparent.png,93.14276054198854,93.14278541703243,424.16191554197576,424.1750433749985,425.66752141702455,425.6613607920008,94.6422632499598,0.303381166071631,None,,,,,,,,424.1750433749985,424.1750433749985,,,,,99999,right,no,None,2025-06-02_10h42.27.065,RL_out-of-scanner,2024.2.4,None,2025-06-02 10h42.35.213685 -0700,
20,0,20,space,11.399146832991391,None,space,2.998517790925689,None,94.64386950002518,j,None,94.95180237502791,94.95209958392661,96.9446488339454,96.94467895897105,97.9548277920112,97.9548522089608,99.94311400002334,0.2889849579660222,None,,,,,,,1,0,1,0,20,0,20,0,425.66752141702455,,,,,,,,,,,,,,,,,,,,,,,,,,,,,,94.64386950002518,425.6630046250066,425.66752141702455,425.66752141702455,425.66752141702455,425.66752141702455,,,,,425.97084691701457,j,right,0,15,11,3,52,11,None,94.95180237502791,94.95209958392661,425.9712303340202,425.9788795839995,425.9788795839995,427.98136562493164,427.98136562493164,427.9637290840037,96.9446488339454,96.94467895897105,427.97742649994325,427.98136562493164,427.98136562493164,428.97392291703727,stimuli/box_empty_transparent.png,97.9548277920112,97.9548522089608,428.9739822919946,428.97684174997266,430.96856249996927,430.96221091703046,99.94311400002334,0.2889849579660222,None,,,,,,,,,,,,,,99999,right,no,None,2025-06-02_10h42.27.065,RL_out-of-scanner,2024.2.4,None,2025-06-02 10h42.35.213685 -0700,
21,0,21,space,11.399146832991391,None,space,2.998517790925689,None,99.94462049996946,k,None,100.22641662496608,100.22694912494626,103.22503458394203,103.22506837500259,104.23064104199875,104.23066599993035,105.72404504194856,0.26500883302651346,None,,,,,,,1,0,1,0,21,0,21,0,430.96856249996927,,,,,,,,,,,,,,,,,,,,,,,,,,,,,,99.94462049996946,430.9637566249585,430.96856249996927,430.96856249996927,430.96856249996927,430.96856249996927,,,,,431.2454153749859,k,right,0,15,11,3,53,11,None,100.22641662496608,100.22694912494626,431.24608424992766,431.2540527919773,431.2540527919773,434.26181220903527,434.26181220903527,434.2441144170007,103.22503458394203,103.22506837500259,434.2575614589732,434.26181220903527,434.26181220903527,435.2497360840207,stimuli/box_empty_transparent.png,104.23064104199875,104.23066599993035,435.24979645898566,435.2525921249762,436.7508434589254,436.74313129193615,105.72404504194856,0.26500883302651346,None,,,,,,,,,,,,,,99999,right,no,None,2025-06-02_10h42.27.065,RL_out-of-scanner,2024.2.4,None,2025-06-02 10h42.35.213685 -0700,
22,0,22,space,11.399146832991391,None,space,2.998517790925689,None,105.72675999999046,j,None,106.0350244169822,106.03535662498325,107.53273266693577,107.53279358393047,108.53982587496284,108.53985312499572,110.53388379199896,0.28814320801757276,None,,,,,,,1,0,1,0,22,0,22,0,436.7508434589254,,,,,,,,,,,,,,,,,,,,,,,,,,,,,,105.72675999999046,436.7459232499823,436.7508434589254,436.7508434589254,436.7508434589254,436.7508434589254,,,,,437.0540624590358,j,right,0,15,11,3,53,11,None,106.0350244169822,106.03535662498325,437.0544874169864,437.06212983396836,437.06212983396836,438.57175970904063,438.57175970904063,438.55178066703957,107.53273266693577,107.53279358393047,438.56685683398973,438.57175970904063,438.57175970904063,439.5589183339616,stimuli/box_empty_transparent.png,108.53982587496284,108.53985312499572,439.5589828339871,439.5634163339855,441.55937279202044,441.55298016697634,110.53388379199896,0.28814320801757276,None,,,,,,,,,,,,,,99999,right,no,None,2025-06-02_10h42.27.065,RL_out-of-scanner,2024.2.4,None,2025-06-02 10h42.35.213685 -0700,
23,0,23,space,11.399146832991391,None,space,2.998517790925689,None,110.53545099997427,k,None,110.81017404200975,110.8104914999567,112.30622758402023,112.30625720892567,113.31081199995242,113.31083624996245,114.80590449995361,0.25275566696655005,None,,,,,,,1,0,1,0,23,0,23,0,441.55937279202044,,,,,,,,,,,,,,,,,,,,,,,,,,,,,,110.53545099997427,441.55458654195536,441.55937279202044,441.55937279202044,441.55937279202044,441.55937279202044,,,,,441.82921291701496,k,right,1,15,12,3,54,12,None,110.81017404200975,110.8104914999567,441.8296244170051,441.83676466695033,441.83676466695033,443.34635362494737,443.34635362494737,443.325306624989,112.30622758402023,112.30625720892567,443.3415560419671,443.34635362494737,443.34635362494737,444.3299071670044,stimuli/box_coin_transparent.png,113.31081199995242,113.31083624996245,444.3299661249621,444.34231404203456,445.8313192499336,445.8249868749408,114.80590449995361,0.25275566696655005,None,,,,,,,,,,,,,,99999,right,no,None,2025-06-02_10h42.27.065,RL_out-of-scanner,2024.2.4,None,2025-06-02 10h42.35.213685 -0700,
24,0,24,space,11.399146832991391,None,space,2.998517790925689,None,114.80760499997996,k,None,115.17475766700227,115.17520658392459,117.17384854203556,117.17388704197947,118.18203129200265,118.18207149999216,119.67133249994367,0.35706320800818503,None,,,,,,,1,0,1,0,24,0,24,0,445.8313192499336,,,,,,,,,,,,,,,,,,,,,,,,,,,,,,114.80760499997996,445.826740583987,445.8313192499336,445.8313192499336,445.8313192499336,445.8313192499336,,,,,446.19375895895064,k,right,0,15,12,3,55,12,None,115.17475766700227,115.17520658392459,446.1943465420045,446.20332333398983,446.20332333398983,448.21189045894425,448.21189045894425,448.1929165419424,117.17384854203556,117.17388704197947,448.2076190839289,448.21189045894425,448.21189045894425,449.20110791700426,stimuli/box_empty_transparent.png,118.18203129200265,118.18207149999216,449.20121133397333,449.2065109999385,450.69753920903895,450.6904212089721,119.67133249994367,0.35706320800818503,None,,,,,,,,,,,,,,99999,right,no,None,2025-06-02_10h42.27.065,RL_out-of-scanner,2024.2.4,None,2025-06-02 10h42.35.213685 -0700,
25,0,25,space,11.399146832991391,None,space,2.998517790925689,None,119.67303666693624,j,['j'],120.71741241693962,120.71766954194754,121.71013120899443,121.71016995899845,122.71336941700429,122.71340304194018,126.20681775000412,1.0328927079681307,None,[0.27491066697984934],[0.1169229579390958],,,,,1,0,1,0,25,0,25,0,450.69753920903895,,,,,,,,,,,,,,,,,,,,,,,,,,,,,,119.67303666693624,450.6921747919405,450.69753920903895,450.69753920903895,450.69753920903895,450.69753920903895,,,,,451.7364282499766,j,right,0,15,12,3,55,12,['j'],120.71741241693962,120.71766954194754,451.73679841693956,451.7443126250291,451.7443126250291,452.74709924997296,452.74709924997296,452.7292072499404,121.71013120899443,121.71016995899845,452.7423639589688,452.74709924997296,452.74709924997296,453.7324552499922,stimuli/box_empty_transparent.png,122.71336941700429,122.71340304194018,453.7325304589467,453.7353842499433,457.23270470893476,457.22591279202607,126.20681775000412,1.0328927079681307,None,,,,,,,,,,[0.27491066697984934],[0.1169229579390958],,,99999,right,no,None,2025-06-02_10h42.27.065,RL_out-of-scanner,2024.2.4,None,2025-06-02 10h42.35.213685 -0700,
26,0,26,space,11.399146832991391,None,space,2.998517790925689,None,126.20842099993024,k,None,126.50116766698193,126.5016212919727,126.99536162498407,126.9953996669501,128.0066719589522,128.00672125001438,131.50654004199896,0.2815209589898586,None,,,,,,,1,0,1,0,26,0,26,0,457.23270470893476,,,,,,,,,,,,,,,,,,,,,,,,,,,,,,126.20842099993024,457.2275566669414,457.23270470893476,457.23270470893476,457.23270470893476,457.23270470893476,,,,,457.5201746249804,k,right,1,15,13,3,56,13,None,126.50116766698193,126.5016212919727,457.52075645898003,457.52921958395746,457.52921958395746,458.03615349996835,458.03615349996835,458.0144336250378,126.99536162498407,126.9953996669501,458.0314729589736,458.03615349996835,458.03615349996835,459.0257452499354,stimuli/box_coin_transparent.png,128.0066719589522,128.00672125001438,459.02586037502624,459.0314709589584,462.5337349999463,462.5256222919561,131.50654004199896,0.2815209589898586,None,,,,,,,,,,,,,,99999,right,no,None,2025-06-02_10h42.27.065,RL_out-of-scanner,2024.2.4,None,2025-06-02 10h42.35.213685 -0700,
27,0,27,space,11.399146832991391,None,space,2.998517790925689,None,131.50939062493853,k,None,131.80912066693418,131.80943695898168,133.3020756249316,133.30211195896845,134.30718200001866,134.30723079200834,135.29815849999432,0.2820574580691755,None,,,,,,,1,0,1,0,27,0,27,0,462.5337349999463,,,,,,,,,,,,,,,,,,,,,,,,,,,,,,131.50939062493853,462.52853737503756,462.5337349999463,462.5337349999463,462.5337349999463,462.5337349999463,,,,,462.8281622499926,k,right,1,15,14,3,57,14,None,131.80912066693418,131.80943695898168,462.82857033400796,462.83649770903867,462.83649770903867,464.3414732499514,464.3414732499514,464.32115187495947,133.3020756249316,133.30211195896845,464.3366380840307,464.3414732499514,464.3414732499514,465.32625954202376,stimuli/box_coin_transparent.png,134.30718200001866,134.30723079200834,465.32636929198634,465.33173704193905,466.3247594999848,466.3172425419325,135.29815849999432,0.2820574580691755,None,,,,,,,,,,,,,,99999,right,no,None,2025-06-02_10h42.27.065,RL_out-of-scanner,2024.2.4,None,2025-06-02 10h42.35.213685 -0700,
28,0,28,space,11.399146832991391,None,space,2.998517790925689,None,135.30067104194313,k,None,135.89275374996942,135.89310445892625,136.88779649999924,136.88783887494355,137.90092225000262,137.9009482919937,141.39359445893206,0.5845528340432793,None,,,,,,,1,0,1,0,28,0,28,0,466.3247594999848,,,,,,,,,,,,,,,,,,,,,,,,,,,,,,135.30067104194313,466.31982412503567,466.3247594999848,466.3247594999848,466.3247594999848,466.3247594999848,,,,,466.9117727499688,k,right,1,15,15,3,58,15,None,135.89275374996942,135.89310445892625,466.91223595896736,466.9193675420247,466.9193675420247,467.9274922499899,467.9274922499899,467.90687108400743,136.88779649999924,136.88783887494355,467.92311841703486,467.9274922499899,467.9274922499899,468.92001654196065,stimuli/box_coin_transparent.png,137.90092225000262,137.9009482919937,468.92007941694465,468.92326879198663,472.419084916939,472.4126821249956,141.39359445893206,0.5845528340432793,None,,,,,,,,,,,,,,99999,right,no,None,2025-06-02_10h42.27.065,RL_out-of-scanner,2024.2.4,None,2025-06-02 10h42.35.213685 -0700,
29,0,29,space,11.399146832991391,None,space,2.998517790925689,None,141.39517104194965,k,None,141.85737350001,141.8576779590221,143.84907358395867,143.84910620900337,144.85641087498516,144.8564515420003,145.85704004194122,0.453074665972963,None,,,,,,,1,0,1,0,29,0,29,0,472.419084916939,,,,,,,,,,,,,,,,,,,,,,,,,,,,,,141.39517104194965,472.4143059590133,472.419084916939,472.419084916939,472.419084916939,472.419084916939,,,,,472.8764057919616,k,left,1,12,0,4,58,15,None,141.85737350001,141.8576779590221,472.87681004195474,472.88167983398307,472.88167983398307,474.8860062499298,474.8860062499298,474.8681494590128,143.84907358395867,143.84910620900337,474.88178470893763,474.8860062499298,474.8860062499298,475.8754882089561,stimuli/box_empty_transparent.png,144.85641087498516,144.8564515420003,475.87559362500906,475.88065291696694,476.88355041702744,476.8761179590365,145.85704004194122,0.453074665972963,None,,,,,,,,,,,,,,99999,right,no,None,2025-06-02_10h42.27.065,RL_out-of-scanner,2024.2.4,None,2025-06-02 10h42.35.213685 -0700,
30,0,30,space,11.399146832991391,None,space,2.998517790925689,None,145.85965783393476,j,['j'],146.6105527089676,146.61092858400661,147.6052516249474,147.60529945895541,148.61448666697834,148.61451237497386,149.60829304193612,0.7423642500070855,None,[0.3530974999302998],[0.09906224999576807],,,,,1,0,1,0,30,0,30,0,476.88355041702744,,,,,,,,,,,,,,,,,,,,,,,,,,,,,,145.85965783393476,476.87880283396225,476.88355041702744,476.88355041702744,476.88355041702744,476.88355041702744,,,,,477.62953895900864,j,left,1,12,1,4,59,16,['j'],146.6105527089676,146.61092858400661,477.6300612499472,477.63787745893933,477.63787745893933,478.645422584028,478.645422584028,478.62432508403435,147.6052516249474,147.60529945895541,478.64105191698764,478.645422584028,478.645422584028,479.63357820897363,stimuli/box_coin_transparent.png,148.61448666697834,148.61451237497386,479.6336398749845,479.6367197090294,480.6347203749465,480.62735154200345,149.60829304193612,0.7423642500070855,None,,,,,,,,,,[0.3530974999302998],[0.09906224999576807],,,99999,right,no,None,2025-06-02_10h42.27.065,RL_out-of-scanner,2024.2.4,None,2025-06-02 10h42.35.213685 -0700,
31,0,31,space,11.399146832991391,None,space,2.998517790925689,None,149.61071395897307,j,None,150.00179941696115,150.00231520901434,152.99688641703688,152.99692841700744,153.997026041965,153.9970608339645,156.49609899998177,0.3827885000500828,None,,,,,,,1,0,1,0,31,0,31,0,480.6347203749465,,,,,,,,,,,,,,,,,,,,,,,,,,,,,,149.61071395897307,480.6298603749601,480.6347203749465,480.6347203749465,480.6347203749465,480.6347203749465,,,,,481.0208152499981,j,left,1,12,2,4,60,17,None,150.00179941696115,150.00231520901434,481.02145087497775,481.0304497500183,481.0304497500183,484.0364645420341,484.0364645420341,484.0159432919463,152.99688641703688,152.99692841700744,484.0317503339611,484.0364645420341,484.0364645420341,485.01611804193817,stimuli/box_coin_transparent.png,153.997026041965,153.9970608339645,485.01619491702877,485.0197914999444,487.520145958988,487.51519554201514,156.49609899998177,0.3827885000500828,None,,,,,,,,,,,,,,99999,right,no,None,2025-06-02_10h42.27.065,RL_out-of-scanner,2024.2.4,None,2025-06-02 10h42.35.213685 -0700,
32,0,32,space,11.399146832991391,None,space,2.998517790925689,None,156.49758408393245,j,None,156.84901666699443,156.84967208397575,157.84233366698027,157.8423668750329,158.85008779203054,158.85011250001844,159.8417687920155,0.33683654200285673,None,,,,,,,1,0,1,0,32,0,32,0,487.520145958988,,,,,,,,,,,,,,,,,,,,,,,,,,,,,,156.49758408393245,487.51671966700815,487.520145958988,487.520145958988,487.520145958988,487.520145958988,,,,,487.867989875027,j,left,1,12,3,4,61,18,None,156.84901666699443,156.84967208397575,487.8688182500191,487.8766546669649,487.8766546669649,488.8812896249583,488.8812896249583,488.86139183398336,157.84233366698027,157.8423668750329,488.8769823339535,488.8812896249583,488.8812896249583,489.8691839169478,stimuli/box_coin_transparent.png,158.85008779203054,158.85011250001844,489.86924208397977,489.87219270900823,490.86792541702744,490.8608539169654,159.8417687920155,0.33683654200285673,None,,,,,,,,,,,,,,99999,right,no,None,2025-06-02_10h42.27.065,RL_out-of-scanner,2024.2.4,None,2025-06-02 10h42.35.213685 -0700,
33,0,33,space,11.399146832991391,None,space,2.998517790925689,None,159.84396066702902,j,None,160.1994844590081,160.1997360419482,162.19290649995673,162.19293549994472,163.2045615420211,163.20461637503468,164.69688962493092,0.33417420892510563,None,,,,,,,1,0,1,0,33,0,33,0,490.86792541702744,,,,,,,,,,,,,,,,,,,,,,,,,,,,,,159.84396066702902,490.86311495897826,490.86792541702744,490.86792541702744,490.86792541702744,490.86792541702744,,,,,491.2185359169962,j,left,1,12,4,4,62,19,None,160.1994844590081,160.1997360419482,491.2188665419817,491.2265249589691,491.2265249589691,493.2320281249704,493.2320281249704,493.2119878339581,162.19290649995673,162.19293549994472,493.2277885839576,493.2320281249704,493.2320281249704,494.2236276669428,stimuli/box_coin_transparent.png,163.2045615420211,163.20461637503468,494.2237617089413,494.2274525419343,495.72190662496723,495.71598750003614,164.69688962493092,0.33417420892510563,None,,,,,,,,,,,,,,99999,right,no,None,2025-06-02_10h42.27.065,RL_out-of-scanner,2024.2.4,None,2025-06-02 10h42.35.213685 -0700,
34,0,34,space,11.399146832991391,None,space,2.998517790925689,None,164.69831283402164,j,None,165.07453633402474,165.074833458988,168.06494391697925,168.06497679196764,169.07360479200725,169.07365849998314,171.56685712502804,0.362717334064655,None,,,,,,,1,0,1,0,34,0,34,0,495.72190662496723,,,,,,,,,,,,,,,,,,,,,,,,,,,,,,164.69831283402164,495.7174475840293,495.72190662496723,495.72190662496723,495.72190662496723,495.72190662496723,,,,,496.0935792500386,j,left,0,12,4,4,63,19,None,165.07453633402474,165.074833458988,496.09396462503355,496.10098337498493,496.10098337498493,499.10288404196035,499.10288404196035,499.08401574997697,168.06494391697925,168.06497679196764,499.09856304200366,499.10288404196035,499.10288404196035,500.0926793339895,stimuli/box_empty_transparent.png,169.07360479200725,169.07365849998314,500.0928035839461,500.09881141700316,502.59244949999265,502.5859542499529,171.56685712502804,0.362717334064655,None,,,,,,,,,,,,,,99999,right,no,None,2025-06-02_10h42.27.065,RL_out-of-scanner,2024.2.4,None,2025-06-02 10h42.35.213685 -0700,
35,0,35,space,11.399146832991391,None,space,2.998517790925689,None,171.56842233403586,k,None,171.85073570895474,171.85097704199143,173.35669916693587,173.35673833393957,174.3575480839936,174.3576003749622,175.35798424994573,0.27416945807635784,None,,,,,,,1,0,1,0,35,0,35,0,502.59244949999265,,,,,,,,,,,,,,,,,,,,,,,,,,,,,,171.56842233403586,502.5875573339872,502.59244949999265,502.59244949999265,502.59244949999265,502.59244949999265,,,,,502.8697858749656,k,left,0,12,4,4,63,19,None,171.85073570895474,171.85097704199143,502.8701074590208,502.8780035839882,502.8780035839882,504.3936299169436,504.3936299169436,504.3757782919565,173.35669916693587,173.35673833393957,504.38941349997185,504.3936299169436,504.3936299169436,505.3766229170142,stimuli/box_empty_transparent.png,174.3575480839936,174.3576003749622,505.3767446249258,505.3827725839801,506.3831474999897,506.3770785839297,175.35798424994573,0.27416945807635784,None,,,,,,,,,,,,,,99999,right,no,None,2025-06-02_10h42.27.065,RL_out-of-scanner,2024.2.4,None,2025-06-02 10h42.35.213685 -0700,
36,0,36,space,11.399146832991391,None,space,2.998517790925689,None,175.35945508396253,j,['j'],176.83084270893596,176.831112749991,178.3293811249314,178.32941170898266,179.3421180419391,179.34218362497631,182.8420190840261,1.455834334017709,None,[0.5594911250518635],[0.09256308397743851],,,,,1,0,1,0,36,0,36,0,506.3831474999897,,,,,,,,,,,,,,,,,,,,,,,,,,,,,,175.35945508396253,506.3785901670344,506.3831474999897,506.3831474999897,506.3831474999897,506.3831474999897,,,,,507.849859375041,j,left,1,12,5,4,64,20,['j'],176.83084270893596,176.831112749991,507.850243291934,507.8571412919555,507.8571412919555,509.36958641698584,509.36958641698584,509.3484605839476,178.3293811249314,178.32941170898266,509.36556608392857,509.36958641698584,509.36958641698584,510.36117995902896,stimuli/box_coin_transparent.png,179.3421180419391,179.34218362497631,510.3613258750411,510.36805900000036,513.8685354590416,513.8610917499755,182.8420190840261,1.455834334017709,None,,,,,,,,,,[0.5594911250518635],[0.09256308397743851],,,99999,right,no,None,2025-06-02_10h42.27.065,RL_out-of-scanner,2024.2.4,None,2025-06-02 10h42.35.213685 -0700,
37,0,37,space,11.399146832991391,None,space,2.998517790925689,None,182.84456270898227,k,None,183.1402225419879,183.1404890839476,185.1339931669645,185.1340235839598,186.14352262497414,186.1435496249469,187.13004666694906,0.2853920829948038,None,,,,,,,1,0,1,0,37,0,37,0,513.8685354590416,,,,,,,,,,,,,,,,,,,,,,,,,,,,,,182.84456270898227,513.8637245419668,513.8685354590416,513.8685354590416,513.8685354590416,513.8685354590416,,,,,514.1592720419867,k,left,1,12,5,4,64,20,None,183.1402225419879,183.1404890839476,514.1596197090112,514.1673840839649,514.1673840839649,516.1718552500242,516.1718552500242,516.153063167003,185.1339931669645,185.1340235839598,516.1674079169752,516.1718552500242,516.1718552500242,517.1626162499888,stimuli/box_empty_transparent.png,186.14352262497414,186.1435496249469,517.1626797500066,517.1664619169896,518.1554788339417,518.1491458750097,187.13004666694906,0.2853920829948038,None,,,,,,,,,,,,,,99999,right,no,None,2025-06-02_10h42.27.065,RL_out-of-scanner,2024.2.4,None,2025-06-02 10h42.35.213685 -0700,
38,0,38,space,11.399146832991391,None,space,2.998517790925689,None,187.13186704192776,j,None,188.00655387493316,188.0067256250186,188.99799183395226,188.99802375002764,190.00925279199146,190.0093194169458,191.50673320901114,0.8621915000258014,None,,,,,,,1,0,1,0,38,0,38,0,518.1554788339417,,,,,,,,,,,,,,,,,,,,,,,,,,,,,,187.13186704192776,518.1510020419955,518.1554788339417,518.1554788339417,518.1554788339417,518.1554788339417,,,,,519.0256310839904,j,left,1,12,6,4,65,21,None,188.00655387493316,188.0067256250186,519.0258452920243,519.0318279589992,519.0318279589992,520.0375232499791,520.0375232499791,520.0170729169622,188.99799183395226,188.99802375002764,520.0331241670065,520.0375232499791,520.0375232499791,521.0283119169762,stimuli/box_coin_transparent.png,190.00925279199146,190.0093194169458,521.028482374968,521.0341080420185,522.5319887090009,522.5258313339436,191.50673320901114,0.8621915000258014,None,,,,,,,,,,,,,,99999,right,no,None,2025-06-02_10h42.27.065,RL_out-of-scanner,2024.2.4,None,2025-06-02 10h42.35.213685 -0700,
39,0,39,space,11.399146832991391,None,space,2.998517790925689,None,191.50821695895866,j,None,192.13515487499535,192.13547045900486,193.139982416993,193.1400181669742,194.14195912494324,194.1419863749761,195.13855525001418,0.6182953329989687,None,,,,,,,1,0,1,0,39,0,39,0,522.5319887090009,,,,,,,,,,,,,,,,,,,,,,,,,,,,,,191.50821695895866,522.5273520839401,522.5319887090009,522.5319887090009,522.5319887090009,522.5319887090009,,,,,523.1542027089745,j,left,1,12,7,4,66,22,None,192.13515487499535,192.13547045900486,523.1546013340121,523.1614028749755,523.1614028749755,524.1788524589501,524.1788524589501,524.1590618749615,193.139982416993,193.1400181669742,524.1746143340133,524.1788524589501,524.1788524589501,525.1610522499541,stimuli/box_coin_transparent.png,194.14195912494324,194.1419863749761,525.1611181669869,525.1664242090192,526.1635810839944,526.1576534169726,195.13855525001418,0.6182953329989687,None,,,,,,,,,,,,,,99999,right,no,None,2025-06-02_10h42.27.065,RL_out-of-scanner,2024.2.4,None,2025-06-02 10h42.35.213685 -0700,
40,0,40,space,11.399146832991391,None,space,2.998517790925689,None,195.1400595420273,j,None,196.43024262494873,196.4305094589945,197.92227012501098,197.9223223750014,198.92442129203118,198.92444758396596,199.92143041698728,1.2714935840340331,None,,,,,,,1,0,1,0,40,0,40,0,526.1635810839944,,,,,,,,,,,,,,,,,,,,,,,,,,,,,,195.1400595420273,526.1591950419825,526.1635810839944,526.1635810839944,526.1635810839944,526.1635810839944,,,,,527.4492920000339,j,left,1,12,8,4,67,23,None,196.43024262494873,196.4305094589945,527.4496427919948,527.4570677919546,527.4570677919546,528.9620872499654,528.9620872499654,528.9412519589532,197.92227012501098,197.9223223750014,528.9572011249838,528.9620872499654,528.9620872499654,529.9435120419366,stimuli/box_coin_transparent.png,198.92442129203118,198.92444758396596,529.9435819589999,529.957619459019,530.9467867499916,530.9405230419943,199.92143041698728,1.2714935840340331,None,,,,,,,,,,,,,,99999,right,no,None,2025-06-02_10h42.27.065,RL_out-of-scanner,2024.2.4,None,2025-06-02 10h42.35.213685 -0700,
41,0,41,space,11.399146832991391,None,space,2.998517790925689,None,199.92302562494297,j,None,200.8662629169412,200.86653170897625,201.85971354192588,201.85974445892498,202.87187775003258,202.8719118339941,205.85807608393952,0.933344249962829,None,,,,,,,1,0,1,0,41,0,41,0,530.9467867499916,,,,,,,,,,,,,,,,,,,,,,,,,,,,,,199.92302562494297,530.9421608339762,530.9467867499916,530.9467867499916,530.9467867499916,530.9467867499916,,,,,531.8853045420256,j,left,0,12,8,4,68,23,None,200.8662629169412,200.86653170897625,531.8856629169313,531.8936512919609,531.8936512919609,532.8998627919937,532.8998627919937,532.8787932089763,201.85971354192588,201.85974445892498,532.8941622920102,532.8998627919937,532.8998627919937,533.8909672920126,stimuli/box_empty_transparent.png,202.87187775003258,202.8719118339941,533.8910420419415,533.8938729169313,536.8839872500394,536.877168542007,205.85807608393952,0.933344249962829,None,,,,,,,,,,,,,,99999,right,no,None,2025-06-02_10h42.27.065,RL_out-of-scanner,2024.2.4,None,2025-06-02 10h42.35.213685 -0700,
42,0,42,space,11.399146832991391,None,space,2.998517790925689,None,205.85966333397664,k,None,206.18520487495698,206.18563929200172,208.17712845897768,208.17716908396687,209.187596208998,209.1876260000281,212.67432391701732,0.31629945803433657,None,,,,,,,1,0,1,0,42,0,42,0,536.8839872500394,,,,,,,,,,,,,,,,,,,,,,,,,,,,,,205.85966333397664,536.8787984999362,536.8839872500394,536.8839872500394,536.8839872500394,536.8839872500394,,,,,537.2042158340337,k,left,0,12,8,4,68,23,None,206.18520487495698,206.18563929200172,537.2047769590281,537.2132525419584,537.2132525419584,539.214098708937,539.214098708937,539.1961889589438,208.17712845897768,208.17716908396687,539.209769041976,539.214098708937,539.214098708937,540.206686749938,stimuli/box_empty_transparent.png,209.187596208998,209.1876260000281,540.2067536249524,540.2094708749792,543.707633791957,543.6934163749684,212.67432391701732,0.31629945803433657,None,,,,,,,,,,,,,,99999,right,no,None,2025-06-02_10h42.27.065,RL_out-of-scanner,2024.2.4,None,2025-06-02 10h42.35.213685 -0700,
43,0,43,space,11.399146832991391,None,space,2.998517790925689,None,212.6758931670338,k,None,213.12588837498333,213.12619920901489,214.11922929203138,214.11926791700535,215.12240724998992,215.12243320897687,217.1278280839324,0.4352789589902386,None,,,,,,,1,0,1,0,43,0,43,0,543.707633791957,,,,,,,,,,,,,,,,,,,,,,,,,,,,,,212.6758931670338,543.6950285839848,543.707633791957,543.707633791957,543.707633791957,543.707633791957,,,,,544.1449248749996,k,left,0,12,8,4,68,23,None,213.12588837498333,213.12619920901489,544.1453309999779,544.1528281669598,544.1528281669598,545.1548146249261,545.1548146249261,545.1383066669805,214.11922929203138,214.11926791700535,545.1512482919497,545.1548146249261,545.1548146249261,546.1415010419441,stimuli/box_empty_transparent.png,215.12240724998992,215.12243320897687,546.1415647499962,546.155124999932,548.1529610420112,548.1469233749667,217.1278280839324,0.4352789589902386,None,,,,,,,,,,,,,,99999,right,no,None,2025-06-02_10h42.27.065,RL_out-of-scanner,2024.2.4,None,2025-06-02 10h42.35.213685 -0700,
44,0,44,space,11.399146832991391,None,space,2.998517790925689,None,217.1293776249513,j,None,217.43392608396243,217.43418424995616,219.933801208972,219.9338254169561,220.93331633403432,220.93335895903874,222.93525866698474,0.2936618340900168,None,,,,,,,1,0,1,0,44,0,44,0,548.1529610420112,,,,,,,,,,,,,,,,,,,,,,,,,,,,,,217.1293776249513,548.1485122089507,548.1529610420112,548.1529610420112,548.1529610420112,548.1529610420112,,,,,548.4529812090332,j,left,1,12,9,4,69,24,None,217.43392608396243,217.43418424995616,548.4533131249482,548.4605355840176,548.4605355840176,550.9676027919631,550.9676027919631,550.9528870419599,219.933801208972,219.9338254169561,550.9628908749437,550.9676027919631,550.9676027919631,551.952385541983,stimuli/box_coin_transparent.png,220.93331633403432,220.93335895903874,551.9524950840278,551.9570557499537,553.9615631669294,553.9543388340389,222.93525866698474,0.2936618340900168,None,,,,,,,,551.9570557499537,551.9570557499537,,,,,99999,right,no,None,2025-06-02_10h42.27.065,RL_out-of-scanner,2024.2.4,None,2025-06-02 10h42.35.213685 -0700,
45,0,45,space,11.399146832991391,None,space,2.998517790925689,None,222.93787612498272,j,None,223.25999108399265,223.26033204200212,224.2631932089571,224.26323691697326,225.27686308394186,225.27689574996475,226.26996962493286,0.30472995806485415,None,,,,,,,1,0,1,0,45,0,45,0,553.9615631669294,,,,,,,,,,,,,,,,,,,,,,,,,,,,,,222.93787612498272,553.9570350419963,553.9615631669294,553.9615631669294,553.9615631669294,553.9615631669294,,,,,554.2790190839441,j,left,1,12,10,4,70,25,None,223.25999108399265,223.26033204200212,554.2794660000363,554.2874259169912,554.2874259169912,555.3039161670022,555.3039161670022,555.282235583989,224.2631932089571,224.26323691697326,555.2986770420102,555.3039161670022,555.3039161670022,556.2959522919264,stimuli/box_coin_transparent.png,225.27686308394186,225.27689574996475,556.29602620902,556.2993712089956,557.2947581670014,557.2890538750216,226.26996962493286,0.30472995806485415,None,,,,,,,,,,,,,,99999,right,no,None,2025-06-02_10h42.27.065,RL_out-of-scanner,2024.2.4,None,2025-06-02 10h42.35.213685 -0700,
46,0,46,space,11.399146832991391,None,space,2.998517790925689,None,226.2713595420355,j,None,226.63314466702286,226.63352916692384,228.62901204195805,228.62904812500346,229.63061212503817,229.63064608396962,230.63556883402634,0.3499451669631526,None,,,,,,,1,0,1,0,46,0,46,0,557.2947581670014,,,,,,,,,,,,,,,,,,,,,,,,,,,,,,226.2713595420355,557.2904963749461,557.2947581670014,557.2947581670014,557.2947581670014,557.2947581670014,,,,,557.6521669169888,j,left,1,12,11,4,71,26,None,226.63314466702286,226.63352916692384,557.652660791995,557.6600663749268,557.6600663749268,559.6669677089667,559.6669677089667,559.6480897089932,228.62901204195805,228.62904812500346,559.6627025000053,559.6669677089667,559.6669677089667,560.6497024999699,stimuli/box_coin_transparent.png,229.63061212503817,229.63064608396962,560.6497786670225,560.6641119170235,561.6623565839836,561.6546663750196,230.63556883402634,0.3499451669631526,None,,,,,,,,,,,,,,99999,right,no,None,2025-06-02_10h42.27.065,RL_out-of-scanner,2024.2.4,None,2025-06-02 10h42.35.213685 -0700,
47,0,47,space,11.399146832991391,None,space,2.998517790925689,None,230.6371210840298,j,None,230.95085254195146,230.95115595893003,233.95073516701814,233.95077629201114,234.96096212498378,234.9609901669901,236.45205754193012,0.30422991688828915,None,,,,,,,1,0,1,0,47,0,47,0,561.6623565839836,,,,,,,,,,,,,,,,,,,,,,,,,,,,,,230.6371210840298,561.6562562499894,561.6623565839836,561.6623565839836,561.6623565839836,561.6623565839836,,,,,561.9698937500361,j,left,0,12,11,4,72,26,None,230.95085254195146,230.95115595893003,561.9702851669863,561.9780557500198,561.9780557500198,564.9885038339999,564.9885038339999,564.9698104170384,233.95073516701814,233.95077629201114,564.9842222919688,564.9885038339999,564.9885038339999,565.9800497089745,stimuli/box_empty_transparent.png,234.96096212498378,234.9609901669901,565.980121291941,565.9838897499721,567.4769632499665,567.4711504169973,236.45205754193012,0.30422991688828915,None,,,,,,,,,,,,,,99999,right,no,None,2025-06-02_10h42.27.065,RL_out-of-scanner,2024.2.4,None,2025-06-02 10h42.35.213685 -0700,
48,0,48,space,11.399146832991391,None,space,2.998517790925689,None,236.4534997920273,k,None,237.11319020902738,237.11350608395878,238.6129402089864,238.61297200003173,239.6249269589316,239.62495095899794,243.11805816693231,0.6434314999496564,None,,,,,,,1,0,1,0,48,0,48,0,567.4769632499665,,,,,,,,,,,,,,,,,,,,,,,,,,,,,,236.4534997920273,567.4726342499489,567.4769632499665,567.4769632499665,567.4769632499665,567.4769632499665,,,,,568.1322292500408,k,left,0,12,11,4,72,26,None,237.11319020902738,237.11350608395878,568.132637541974,568.1403464169707,568.1403464169707,569.6495240000077,569.6495240000077,569.6320156250149,238.6129402089864,238.61297200003173,569.6453583750408,569.6495240000077,569.6495240000077,570.6440220000222,stimuli/box_empty_transparent.png,239.6249269589316,239.62495095899794,570.6440804169979,570.6468508340186,574.1432081669336,574.1371530840406,243.11805816693231,0.6434314999496564,None,,,,,,,,,,,,,,99999,right,no,None,2025-06-02_10h42.27.065,RL_out-of-scanner,2024.2.4,None,2025-06-02 10h42.35.213685 -0700,
49,0,49,space,11.399146832991391,None,space,2.998517790925689,None,243.11962433403824,j,None,243.43999220896512,243.440290333936,244.94263808394317,244.94266804202925,245.95059833396226,245.95062420901377,245.95107691700105,0.31183670891914517,None,,,,,,,1,0,1,0,49,0,49,0,574.1432081669336,,,,,,,,,,,,,,,,,,,,,,,,,,,,,,243.11962433403824,574.1387601250317,574.1432081669336,574.1432081669336,574.1432081669336,574.1432081669336,,,,,574.4590402089525,j,left,1,12,12,4,73,27,None,243.43999220896512,243.440290333936,574.4594210420037,574.4659672499401,574.4659672499401,575.9818184589967,575.9818184589967,575.9617177919718,244.94263808394317,244.94266804202925,575.9775596249383,575.9818184589967,575.9818184589967,576.9696923339507,stimuli/box_coin_transparent.png,245.95059833396226,245.95062420901377,576.9697534589795,576.9903222089633,576.9903222089633,576.9701782920165,245.95107691700105,0.31183670891914517,None,,,,,,,,,,,,,,99999,right,no,None,2025-06-02_10h42.27.065,RL_out-of-scanner,2024.2.4,None,2025-06-02 10h42.35.213685 -0700,
1,0,1,space,11.399146832991391,None,space,2.998517790925689,None,,,,,,,,,,,,,,,,,,,1,0,1,0,,,,,,,,,,,,,,,,,,,,,,,,,,,,,,,,,,,,,,,,,,,,,,,,,,,,,,,,,,,,,,,,,,,,,,,,,,,,,,,576.9860404169885,576.9903222089633,580.9807795420056,580.9808197920211,580.9837433749344,633.6237084589666,633.6179421249544,,,,,,,99999,right,no,None,2025-06-02_10h42.27.065,RL_out-of-scanner,2024.2.4,None,2025-06-02 10h42.35.213685 -0700,
0,0,0,space,6.922664875048213,None,space,3.459444958018139,None,0.002289000083692372,None,None,1.500298917060718,1.5003545420477167,2.500754125067033,2.500810125027783,3.5034933750284836,3.5035322500625625,5.497130250092596,,,,,,,,,2,0,2,0,0,0,0,0,644.0325787919573,,,,,,,,,,,,,,,,633.6181581669953,633.6237084589666,633.6237084589666,640.5537411669502,space,6.922664875048213,None,640.5538296250161,640.5604354590178,640.5604354590178,644.0218926250236,space,3.459444958018139,None,0.002289000083692372,644.0242724589771,644.0325787919573,644.0325787919573,644.0325787919573,644.0325787919573,645.5267331249779,645.5267331249779,645.5267331249779,645.5267331249779,645.5222217499977,None,right,1,13,0,5,73,0,None,1.500298917060718,1.5003545420477167,645.5223208749667,645.5267331249779,645.5267331249779,646.5445273339283,646.5445273339283,646.5226573339896,2.500754125067033,2.500810125027783,646.5390749169746,646.5445273339283,646.5445273339283,647.5254240839276,no selection made,3.5034933750284836,3.5035322500625625,647.525511667016,647.5314396249596,649.5255734589882,649.519063084037,5.497130250092596,,,,,,,,,,,,,,,,99999,right,no,None,2025-06-02_10h42.27.065,RL_out-of-scanner,2024.2.4,None,2025-06-02 10h42.35.213685 -0700,
1,0,1,space,6.922664875048213,None,space,3.459444958018139,None,5.499068708042614,j,None,5.803701125085354,5.804058167035691,7.295940417097881,7.295979208080098,8.298290708102286,8.298326958087273,9.788603667053394,0.2868129999842495,None,,,,,,,2,0,2,0,1,0,1,0,649.5255734589882,,,,,,,,,,,,,,,,,,,,,,,,,,,,,,5.499068708042614,649.5210535420338,649.5255734589882,649.5255734589882,649.5255734589882,649.5255734589882,,,,,649.8255634169327,j,right,1,13,0,5,73,0,None,5.803701125085354,5.804058167035691,649.8260376669932,649.8338055419736,649.8338055419736,651.3344059999799,651.3344059999799,651.3178607500158,7.295940417097881,7.295979208080098,651.3300996249309,651.3344059999799,651.3344059999799,652.3202245839639,stimuli/box_empty_transparent.png,8.298290708102286,8.298326958087273,652.320316834026,652.3255886669504,653.8161382089602,653.8105458749924,9.788603667053394,0.2868129999842495,None,,,,,,,,,,,,,,99999,right,no,None,2025-06-02_10h42.27.065,RL_out-of-scanner,2024.2.4,None,2025-06-02 10h42.35.213685 -0700,
2,0,2,space,6.922664875048213,None,space,3.459444958018139,None,9.790057333069853,k,None,10.043794500059448,10.044063792098314,11.033498750068247,11.033557333052158,12.034094875096343,12.034119833027944,15.033613625098951,0.2477730839746073,None,,,,,,,2,0,2,0,2,0,2,0,653.8161382089602,,,,,,,,,,,,,,,,,,,,,,,,,,,,,,9.790057333069853,653.8120382919442,653.8161382089602,653.8161382089602,653.8161382089602,653.8161382089602,,,,,654.0656905840151,k,right,1,13,1,5,74,1,None,10.043794500059448,10.044063792098314,654.0660414169542,654.0708249169402,654.0708249169402,655.0780825419351,655.0780825419351,655.0554034999805,11.033498750068247,11.033557333052158,655.0732695839833,655.0780825419351,655.0780825419351,656.0560357089853,stimuli/box_coin_transparent.png,12.034094875096343,12.034119833027944,656.0560959590366,656.0698022090364,659.0613136669854,659.0555577499326,15.033613625098951,0.2477730839746073,None,,,,,,,,,,,,,,99999,right,no,None,2025-06-02_10h42.27.065,RL_out-of-scanner,2024.2.4,None,2025-06-02 10h42.35.213685 -0700,
3,0,3,space,6.922664875048213,None,space,3.459444958018139,None,15.035110792028718,k,None,15.316196750034578,15.316439792048186,17.307666458073072,17.30773087509442,18.310514750075527,18.310586458072066,19.30941554205492,0.27040608401875943,None,,,,,,,2,0,2,0,3,0,3,0,659.0613136669854,,,,,,,,,,,,,,,,,,,,,,,,,,,,,,15.035110792028718,659.0570920839673,659.0613136669854,659.0613136669854,659.0613136669854,659.0613136669854,,,,,659.338093874976,k,right,0,13,1,5,75,1,None,15.316196750034578,15.316439792048186,659.3384162499569,659.3459130419651,659.3459130419651,661.3422810839256,661.3422810839256,661.3295697920257,17.307666458073072,17.30773087509442,661.3382952499669,661.3422810839256,661.3422810839256,662.3324277090142,stimuli/box_empty_transparent.png,18.310514750075527,18.310586458072066,662.3325896250317,662.3376994589344,663.3392550420249,663.3313450840069,19.30941554205492,0.27040608401875943,None,,,,,,,,,,,,,,99999,right,no,None,2025-06-02_10h42.27.065,RL_out-of-scanner,2024.2.4,None,2025-06-02 10h42.35.213685 -0700,
4,0,4,space,6.922664875048213,None,space,3.459444958018139,None,19.31201662507374,j,None,19.605631250073202,19.60594308306463,20.600421542068943,20.600452042068355,21.60141604207456,21.60144241701346,24.10106362507213,0.2817959579406306,None,,,,,,,2,0,2,0,4,0,4,0,663.3392550420249,,,,,,,,,,,,,,,,,,,,,,,,,,,,,,19.31201662507374,663.3340275420342,663.3392550420249,663.3392550420249,663.3392550420249,663.3392550420249,,,,,663.6275240839459,j,right,0,13,1,5,75,1,None,19.605631250073202,19.60594308306463,663.6279215000104,663.6346827090019,663.6346827090019,664.6395993749611,664.6395993749611,664.6223489589756,20.600421542068943,20.600452042068355,664.6353357919725,664.6395993749611,664.6395993749611,665.623356666998,stimuli/box_empty_transparent.png,21.60141604207456,21.60144241701346,665.6234180839965,665.6322077499935,668.1300670839846,668.1229941670317,24.10106362507213,0.2817959579406306,None,,,,,,,,,,,,,,99999,right,no,None,2025-06-02_10h42.27.065,RL_out-of-scanner,2024.2.4,None,2025-06-02 10h42.35.213685 -0700,
5,0,5,space,6.922664875048213,None,space,3.459444958018139,None,24.10339450009633,k,None,24.370660167071037,24.37095862510614,27.866685583023354,27.86672766704578,28.875951250083745,28.87600408308208,30.867488333024085,0.2503716250648722,None,,,,,,,2,0,2,0,5,0,5,0,668.1300670839846,,,,,,,,,,,,,,,,,,,,,,,,,,,,,,24.10339450009633,668.1254002499627,668.1300670839846,668.1300670839846,668.1300670839846,668.1300670839846,,,,,668.3925359999994,k,right,1,13,2,5,76,2,None,24.370660167071037,24.37095862510614,668.3929357499583,668.400596249965,668.400596249965,671.9099434169475,671.9099434169475,671.8886043339735,27.866685583023354,27.86672766704578,671.9050649589626,671.9099434169475,671.9099434169475,672.8978636249667,stimuli/box_coin_transparent.png,28.875951250083745,28.87600408308208,672.8979977919953,672.90411170898,674.8952448340133,674.8894316250226,30.867488333024085,0.2503716250648722,None,,,,,,,,,,,,,,99999,right,no,None,2025-06-02_10h42.27.065,RL_out-of-scanner,2024.2.4,None,2025-06-02 10h42.35.213685 -0700,
6,0,6,space,6.922664875048213,None,space,3.459444958018139,None,30.868935417034663,k,None,31.17207791702822,31.172313542105258,32.164323000004515,32.16435287508648,33.166997375083156,33.16702316701412,34.16549454210326,0.2945451659616083,None,,,,,,,2,0,2,0,6,0,6,0,674.8952448340133,,,,,,,,,,,,,,,,,,,,,,,,,,,,,,30.868935417034663,674.8909168749815,674.8952448340133,674.8952448340133,674.8952448340133,674.8952448340133,,,,,675.1939754999476,k,right,1,13,3,5,77,3,None,31.17207791702822,31.172313542105258,675.1942895839456,675.2008828750113,675.2008828750113,676.2064033339266,676.2064033339266,676.1862490419298,32.164323000004515,32.16435287508648,676.2022517499281,676.2064033339266,676.2064033339266,677.18893879198,stimuli/box_coin_transparent.png,33.166997375083156,33.16702316701412,677.1889992499491,677.2033230839297,678.193327124929,678.1874388749711,34.16549454210326,0.2945451659616083,None,,,,,,,,,,,,,,99999,right,no,None,2025-06-02_10h42.27.065,RL_out-of-scanner,2024.2.4,None,2025-06-02 10h42.35.213685 -0700,
7,0,7,space,6.922664875048213,None,space,3.459444958018139,None,34.16684775007889,k,None,34.50605854205787,34.50634029204957,36.50187779206317,36.50190933304839,37.50854141707532,37.50860029202886,39.50609541707672,0.3313382080523297,None,,,,,,,2,0,2,0,7,0,7,0,678.193327124929,,,,,,,,,,,,,,,,,,,,,,,,,,,,,,34.16684775007889,678.1888280420098,678.193327124929,678.193327124929,678.193327124929,678.193327124929,,,,,678.5279449999798,k,right,0,13,3,5,78,3,None,34.50605854205787,34.50634029204957,678.528317874996,678.5325269999448,678.5325269999448,680.542765500024,680.542765500024,680.5238024169812,36.50187779206317,36.50190933304839,680.5385332090082,680.542765500024,680.542765500024,681.5304581669625,stimuli/box_empty_transparent.png,37.50854141707532,37.50860029202886,681.5305930839386,681.5369032089366,683.533958791988,683.5280386669328,39.50609541707672,0.3313382080523297,None,,,,,,,,,,,,,,99999,right,no,None,2025-06-02_10h42.27.065,RL_out-of-scanner,2024.2.4,None,2025-06-02 10h42.35.213685 -0700,
8,0,8,space,6.922664875048213,None,space,3.459444958018139,None,39.50762545806356,k,None,39.8021283330163,39.802386708091944,42.80138270801399,42.80144804203883,43.808161042048596,43.80821391707286,45.29933420801535,0.2882340420037508,None,,,,,,,2,0,2,0,8,0,8,0,683.533958791988,,,,,,,,,,,,,,,,,,,,,,,,,,,,,,39.50762545806356,683.529606541968,683.533958791988,683.533958791988,683.533958791988,683.533958791988,,,,,683.8240234999685,k,right,1,13,4,5,79,4,None,39.8021283330163,39.802386708091944,683.824363166932,683.8359090000158,683.8359090000158,686.8458193340339,686.8458193340339,686.8232727920404,42.80138270801399,42.80144804203883,686.8408667920157,686.8458193340339,686.8458193340339,687.8300817919662,stimuli/box_coin_transparent.png,43.808161042048596,43.80821391707286,687.8302052919753,687.8349279590184,689.3270712089725,689.3212773340056,45.29933420801535,0.2882340420037508,None,,,,,,,,,,,,,,99999,right,no,None,2025-06-02_10h42.27.065,RL_out-of-scanner,2024.2.4,None,2025-06-02 10h42.35.213685 -0700,
9,0,9,space,6.922664875048213,None,space,3.459444958018139,None,45.300822417018935,k,None,45.56798558309674,45.56827237503603,47.05891875002999,47.058963625109755,48.07240262511186,48.07242712506559,50.06343512504827,0.25741908291820437,None,,,,,,,2,0,2,0,9,0,9,0,689.3270712089725,,,,,,,,,,,,,,,,,,,,,,,,,,,,,,45.300822417018935,689.3228029999882,689.3270712089725,689.3270712089725,689.3270712089725,689.3270712089725,,,,,689.5898710000329,k,right,1,13,5,5,80,5,None,45.56798558309674,45.56827237503603,689.590251000016,689.5978369170334,689.5978369170334,691.100941666984,691.100941666984,691.0808383339318,47.05891875002999,47.058963625109755,691.0966444170335,691.100941666984,691.100941666984,692.0943442499265,stimuli/box_coin_transparent.png,48.07240262511186,48.07242712506559,692.0944024169585,692.0976814590394,694.0908021249343,694.0853790839901,50.06343512504827,0.25741908291820437,None,,,,,,,,,,,,,,99999,right,no,None,2025-06-02_10h42.27.065,RL_out-of-scanner,2024.2.4,None,2025-06-02 10h42.35.213685 -0700,
10,0,10,space,6.922664875048213,None,space,3.459444958018139,None,50.06476408301387,k,None,50.36973770800978,50.36995566706173,51.86279762501363,51.862830875092186,52.86451566708274,52.8645682920469,53.857038417016156,0.2978984999936074,None,,,,,,,2,0,2,0,10,0,10,0,694.0908021249343,,,,,,,,,,,,,,,,,,,,,,,,,,,,,,50.06476408301387,694.0867444999749,694.0908021249343,694.0908021249343,694.0908021249343,694.0908021249343,,,,,694.3916381669696,k,right,0,13,5,5,81,5,None,50.36973770800978,50.36995566706173,694.3919317920227,694.3989102089545,694.3989102089545,695.9037608749932,695.9037608749932,695.8847238339949,51.86279762501363,51.862830875092186,695.8989521249896,695.9037608749932,695.9037608749932,696.8864268750185,stimuli/box_empty_transparent.png,52.86451566708274,52.8645682920469,696.88655770896,696.8916134999599,697.8851518749725,697.878963541938,53.857038417016156,0.2978984999936074,None,,,,,,,,,,,,,,99999,right,no,None,2025-06-02_10h42.27.065,RL_out-of-scanner,2024.2.4,None,2025-06-02 10h42.35.213685 -0700,
11,0,11,space,6.922664875048213,None,space,3.459444958018139,None,53.85861983301584,k,None,54.15113883302547,54.151421250076964,56.14975012501236,56.14978670806158,57.15917108301073,57.159225000068545,58.65904500009492,0.2786365000065416,None,,,,,,,2,0,2,0,11,0,11,0,697.8851518749725,,,,,,,,,,,,,,,,,,,,,,,,,,,,,,53.85861983301584,697.8806012499845,697.8851518749725,697.8851518749725,697.8851518749725,697.8851518749725,,,,,698.1730214590207,k,right,1,13,6,5,82,6,None,54.15113883302547,54.151421250076964,698.1733984999591,698.1809689590009,698.1809689590009,700.193041624967,700.193041624967,700.1716685419669,56.14975012501236,56.14978670806158,700.1882467919495,700.193041624967,700.193041624967,701.181090750033,stimuli/box_coin_transparent.png,57.15917108301073,57.159225000068545,701.1812140840339,701.1870447919937,702.6881930000382,702.6809658749262,58.65904500009492,0.2786365000065416,None,,,,,,,,,,,,,,99999,right,no,None,2025-06-02_10h42.27.065,RL_out-of-scanner,2024.2.4,None,2025-06-02 10h42.35.213685 -0700,
12,0,12,space,6.922664875048213,None,space,3.459444958018139,None,58.66134591703303,k,None,59.06156900001224,59.061850125086494,60.06075054209214,60.06082912511192,61.065162792103365,61.06519058300182,64.05822633299977,0.3921118750004098,None,,,,,,,2,0,2,0,12,0,12,0,702.6881930000382,,,,,,,,,,,,,,,,,,,,,,,,,,,,,,58.66134591703303,702.6833404590143,702.6881930000382,702.6881930000382,702.6881930000382,702.6881930000382,,,,,703.0834554589819,k,right,1,13,7,5,83,7,None,59.06156900001224,59.061850125086494,703.0838254169794,703.0906875840155,703.0906875840155,704.105444084038,704.105444084038,704.0825891250279,60.06075054209214,60.06082912511192,704.0998385419371,704.105444084038,704.105444084038,705.087102041929,stimuli/box_coin_transparent.png,61.065162792103365,61.06519058300182,705.0871684169397,705.0900499999989,708.0858937499579,708.080167624983,64.05822633299977,0.3921118750004098,None,,,,,,,,,,,,,,99999,right,no,None,2025-06-02_10h42.27.065,RL_out-of-scanner,2024.2.4,None,2025-06-02 10h42.35.213685 -0700,
13,0,13,space,6.922664875048213,None,space,3.459444958018139,None,64.05962466704659,k,None,64.3464801250957,64.34681637503672,64.84992195805535,64.84998787508812,65.85956879204605,65.8595962501131,67.85085708310362,0.2785963340429589,None,,,,,,,2,0,2,0,13,0,13,0,708.0858937499579,,,,,,,,,,,,,,,,,,,,,,,,,,,,,,64.05962466704659,708.0816053749295,708.0858937499579,708.0858937499579,708.0858937499579,708.0858937499579,,,,,708.3683581249788,k,right,0,13,7,5,84,7,None,64.3464801250957,64.34681637503672,708.3687960419338,708.3756709169829,708.3756709169829,708.8934549170081,708.8934549170081,708.871825417038,64.84992195805535,64.84998787508812,708.8884757499909,708.8934549170081,708.8934549170081,709.8815006669611,stimuli/box_empty_transparent.png,65.85956879204605,65.8595962501131,709.8815752499504,709.8862497089431,711.8815104999812,711.8727897090139,67.85085708310362,0.2785963340429589,None,,,,,,,,,,,,,,99999,right,no,None,2025-06-02_10h42.27.065,RL_out-of-scanner,2024.2.4,None,2025-06-02 10h42.35.213685 -0700,
14,0,14,space,6.922664875048213,None,space,3.459444958018139,None,67.8534488750156,k,None,68.33230829203967,68.33259341702797,69.82515558309387,69.82519745803438,70.83072425005957,70.8307504580589,71.81656966707669,0.45916474994737655,None,,,,,,,2,0,2,0,14,0,14,0,711.8815104999812,,,,,,,,,,,,,,,,,,,,,,,,,,,,,,67.8534488750156,711.8754557089414,711.8815104999812,711.8815104999812,711.8815104999812,711.8815104999812,,,,,712.3541931250365,k,right,1,13,8,5,85,8,None,68.33230829203967,68.33259341702797,712.3545734169893,712.3620444169501,712.3620444169501,713.8684534589993,713.8684534589993,713.8470640419982,69.82515558309387,69.82519745803438,713.8641288339859,713.8684534589993,713.8684534589993,714.8526557920268,stimuli/box_coin_transparent.png,70.83072425005957,70.8307504580589,714.8527282919968,714.855598708964,715.8465745419962,715.8385129999369,71.81656966707669,0.45916474994737655,None,,,,,,,,,,,,,,99999,right,no,None,2025-06-02_10h42.27.065,RL_out-of-scanner,2024.2.4,None,2025-06-02 10h42.35.213685 -0700,
15,0,15,space,6.922664875048213,None,space,3.459444958018139,None,71.81807129201479,k,None,72.34452520799823,72.34478854201734,73.34873904206324,73.34878100000788,74.35836654203013,74.35841508302838,76.34670595801435,0.5126829999499023,None,,,,,,,2,0,2,0,15,0,15,0,715.8465745419962,,,,,,,,,,,,,,,,,,,,,,,,,,,,,,71.81807129201479,715.8400524590397,715.8465745419962,715.8465745419962,715.8465745419962,715.8465745419962,,,,,716.3664167090319,k,right,1,13,9,5,86,9,None,72.34452520799823,72.34478854201734,716.3667662499938,716.3745595000219,716.3745595000219,717.391123584006,717.391123584006,717.3706419590162,73.34873904206324,73.34878100000788,717.386837417027,717.391123584006,717.391123584006,718.3802878749557,stimuli/box_coin_transparent.png,74.35836654203013,74.35841508302838,718.3803992919857,718.384943958954,720.3739055419574,720.3686454589479,76.34670595801435,0.5126829999499023,None,,,,,,,,,,,,,,99999,right,no,None,2025-06-02_10h42.27.065,RL_out-of-scanner,2024.2.4,None,2025-06-02 10h42.35.213685 -0700,
16,0,16,space,6.922664875048213,None,space,3.459444958018139,None,76.3481853751,k,None,76.7776776670944,76.77810645801947,78.76897495810408,78.76900958304759,79.78210491710342,79.78214125009254,80.76951808307786,0.41871524997986853,None,,,,,,,2,0,2,0,16,0,16,0,720.3739055419574,,,,,,,,,,,,,,,,,,,,,,,,,,,,,,76.3481853751,720.3701654589968,720.3739055419574,720.3739055419574,720.3739055419574,720.3739055419574,,,,,720.7995263339253,k,right,1,13,10,5,87,10,None,76.7776776670944,76.77810645801947,720.8000866250368,720.8080686249305,720.8080686249305,722.8108811669517,722.8108811669517,722.7908944169758,78.76897495810408,78.76900958304759,722.8064591670409,722.8108811669517,722.8108811669517,723.8040382500039,stimuli/box_coin_transparent.png,79.78210491710342,79.78214125009254,723.8041186250048,723.8071520419326,724.7997444589855,724.7914589169668,80.76951808307786,0.41871524997986853,None,,,,,,,,,,,,,,99999,right,no,None,2025-06-02_10h42.27.065,RL_out-of-scanner,2024.2.4,None,2025-06-02 10h42.35.213685 -0700,
17,0,17,space,6.922664875048213,None,space,3.459444958018139,None,80.77148854208644,k,None,81.05623087508138,81.056507792091,82.04735087510198,82.04739937500563,83.0561600830406,83.0561825420009,84.04202500008978,0.2732743330998346,None,,,,,,,2,0,2,0,17,0,17,0,724.7997444589855,,,,,,,,,,,,,,,,,,,,,,,,,,,,,,80.77148854208644,724.7934969170019,724.7997444589855,724.7997444589855,724.7997444589855,724.7997444589855,,,,,725.0781222919468,k,right,1,13,11,5,88,11,None,81.05623087508138,81.056507792091,725.0784803340212,725.0851631249534,725.0851631249534,726.0900353749748,726.0900353749748,726.069236209034,82.04735087510198,82.04739937500563,726.0851859590039,726.0900353749748,726.0900353749748,727.0781022090232,stimuli/box_coin_transparent.png,83.0561600830406,83.0561825420009,727.0781498749275,727.0808589590015,728.0701950839721,728.063963084016,84.04202500008978,0.2732743330998346,None,,,,,,,,,,,,,,99999,right,no,None,2025-06-02_10h42.27.065,RL_out-of-scanner,2024.2.4,None,2025-06-02 10h42.35.213685 -0700,
18,0,18,space,6.922664875048213,None,space,3.459444958018139,None,84.04361225001048,k,None,84.40995362505782,84.41030162503012,87.901549500064,87.90158729208633,88.90256425004918,88.90259879210498,90.90088766708504,0.3579182910034433,None,,,,,,,2,0,2,0,18,0,18,0,728.0701950839721,,,,,,,,,,,,,,,,,,,,,,,,,,,,,,84.04361225001048,728.0655933340313,728.0701950839721,728.0701950839721,728.0701950839721,728.0701950839721,,,,,728.431826208951,k,right,1,13,12,5,89,12,None,84.40995362505782,84.41030162503012,728.4322809999576,728.4404773749411,728.4404773749411,731.9423313339939,731.9423313339939,731.9234621250071,87.901549500064,87.90158729208633,731.9380118339323,731.9423313339939,731.9423313339939,732.9244984999532,stimuli/box_coin_transparent.png,88.90256425004918,88.90259879210498,732.9245835419279,732.9387082919711,734.9307488339255,734.9228154999437,90.90088766708504,0.3579182910034433,None,,,,,,,,,,,,,,99999,right,no,None,2025-06-02_10h42.27.065,RL_out-of-scanner,2024.2.4,None,2025-06-02 10h42.35.213685 -0700,
19,0,19,space,6.922664875048213,None,space,3.459444958018139,None,90.90356245799921,k,None,91.23444104206283,91.2351472080918,92.23999070806894,92.24003041710239,93.25015179207548,93.2502006670693,94.750488000107,0.311869915924035,None,,,,,,,2,0,2,0,19,0,19,0,734.9307488339255,,,,,,,,,,,,,,,,,,,,,,,,,,,,,,90.90356245799921,734.9255682920339,734.9307488339255,734.9307488339255,734.9307488339255,734.9307488339255,,,,,735.2562532499433,k,right,1,13,13,5,90,13,None,91.23444104206283,91.2351472080918,735.2571483339416,735.2648843339412,735.2648843339412,736.282461249968,736.282461249968,736.2619086669292,92.23999070806894,92.24003041710239,736.2781588339712,736.282461249968,736.282461249968,737.2720764169935,stimuli/box_coin_transparent.png,93.25015179207548,93.2502006670693,737.2721833339892,737.2775799590163,738.779242916964,738.7723947089398,94.750488000107,0.311869915924035,None,,,,,,,,,,,,,,99999,right,no,None,2025-06-02_10h42.27.065,RL_out-of-scanner,2024.2.4,None,2025-06-02 10h42.35.213685 -0700,
20,0,20,space,6.922664875048213,None,space,3.459444958018139,None,94.75268220808357,k,None,95.1605233750306,95.16075000003912,97.15155737509485,97.15162866702303,98.15532866702415,98.15535524999723,100.1503715000581,0.4008988750865683,None,,,,,,,2,0,2,0,20,0,20,0,738.779242916964,,,,,,,,,,,,,,,,,,,,,,,,,,,,,,94.75268220808357,738.7746716249967,738.779242916964,738.779242916964,738.779242916964,738.779242916964,,,,,739.1824220840354,k,left,1,7,0,6,90,13,None,95.1605233750306,95.16075000003912,739.182726167026,739.1901811249554,739.1901811249554,741.1937454589643,741.1937454589643,741.1734585419763,97.15155737509485,97.15162866702303,741.1894249169854,741.1937454589643,741.1937454589643,742.1772694999818,stimuli/box_empty_transparent.png,98.15532866702415,98.15535524999723,742.177331999992,742.180756042013,744.1781647499884,744.1723150840262,100.1503715000581,0.4008988750865683,None,,,,,,,,,,,,,,99999,right,no,None,2025-06-02_10h42.27.065,RL_out-of-scanner,2024.2.4,None,2025-06-02 10h42.35.213685 -0700,
21,0,21,space,6.922664875048213,None,space,3.459444958018139,None,100.15184562501963,k,None,100.46836420800537,100.4685995420441,103.46510100003798,103.46514000010211,104.47285479202401,104.47291579202283,105.97488054202404,0.3102953329216689,None,,,,,,,2,0,2,0,21,0,21,0,744.1781647499884,,,,,,,,,,,,,,,,,,,,,,,,,,,,,,100.15184562501963,744.1738267919281,744.1781647499884,744.1781647499884,744.1781647499884,744.1781647499884,,,,,744.4902640419314,k,left,1,7,0,6,90,13,None,100.46836420800537,100.4685995420441,744.4905763749266,744.4980571250198,744.4980571250198,747.5041072500171,747.5041072500171,747.4870128339389,103.46510100003798,103.46514000010211,747.4998423339566,747.5041072500171,747.5041072500171,748.4947711669374,stimuli/box_empty_transparent.png,104.47285479202401,104.47291579202283,748.4949081250234,748.5009617919568,750.0034734170185,749.9968230419327,105.97488054202404,0.3102953329216689,None,,,,,,,,,,,,,,99999,right,no,None,2025-06-02_10h42.27.065,RL_out-of-scanner,2024.2.4,None,2025-06-02 10h42.35.213685 -0700,
22,0,22,space,6.922664875048213,None,space,3.459444958018139,None,105.97632687503938,k,None,106.33450016705319,106.33473766699899,107.82599183300044,107.82602412509732,108.833018208039,108.83307025011163,110.83102966705337,0.33996691601350904,None,,,,,,,2,0,2,0,22,0,22,0,750.0034734170185,,,,,,,,,,,,,,,,,,,,,,,,,,,,,,105.97632687503938,749.9983083340339,750.0034734170185,750.0034734170185,750.0034734170185,750.0034734170185,,,,,750.3563965000212,k,left,1,7,0,6,90,13,None,106.33450016705319,106.33473766699899,750.3567137919599,750.3644785840297,750.3644785840297,751.8650297499262,751.8650297499262,751.8479167920304,107.82599183300044,107.82602412509732,751.8605921670096,751.8650297499262,751.8650297499262,752.8549413749715,stimuli/box_empty_transparent.png,108.833018208039,108.83307025011163,752.855054124957,752.8596495839301,754.8592222499428,754.8529736249475,110.83102966705337,0.33996691601350904,None,,,,,,,,,,,,,,99999,right,no,None,2025-06-02_10h42.27.065,RL_out-of-scanner,2024.2.4,None,2025-06-02 10h42.35.213685 -0700,
23,0,23,space,6.922664875048213,None,space,3.459444958018139,None,110.83266891702078,j,None,111.11273045802955,111.11301220802125,112.60997233306989,112.61008550005499,113.61145070800558,113.61147525010165,115.1145864170976,0.27130516699980944,None,,,,,,,2,0,2,0,23,0,23,0,754.8592222499428,,,,,,,,,,,,,,,,,,,,,,,,,,,,,,110.83266891702078,754.8546497089555,754.8592222499428,754.8592222499428,754.8592222499428,754.8592222499428,,,,,755.1346210419433,j,left,1,7,1,6,91,14,None,111.11273045802955,111.11301220802125,755.1349894169252,755.1414718340384,755.1414718340384,756.6540213749977,756.6540213749977,756.6318466250086,112.60997233306989,112.61008550005499,756.6499354999978,756.6540213749977,756.6540213749977,757.6333929169923,stimuli/box_coin_transparent.png,113.61145070800558,113.61147525010165,757.6334511250025,757.6477954169968,759.1419186249841,759.1365209999494,115.1145864170976,0.27130516699980944,None,,,,,,,,,,,,,,99999,right,no,None,2025-06-02_10h42.27.065,RL_out-of-scanner,2024.2.4,None,2025-06-02 10h42.35.213685 -0700,
24,0,24,space,6.922664875048213,None,space,3.459444958018139,None,115.11630983301438,j,None,115.4052499170648,115.40559912507888,117.39712766709272,117.39716737507842,118.40895408310462,118.40897445799783,119.91129862505477,0.2804959580535069,None,,,,,,,2,0,2,0,24,0,24,0,759.1419186249841,,,,,,,,,,,,,,,,,,,,,,,,,,,,,,115.11630983301438,759.138297958998,759.1419186249841,759.1419186249841,759.1419186249841,759.1419186249841,,,,,759.4271416249685,j,left,0,7,1,6,92,14,None,115.4052499170648,115.40559912507888,759.4275770839304,759.4342506249668,759.4342506249668,761.4348585000262,761.4348585000262,761.419046166935,117.39712766709272,117.39716737507842,761.430179374991,761.4348585000262,761.4348585000262,762.430898624938,stimuli/box_empty_transparent.png,118.40895408310462,118.40897445799783,762.4309435419273,762.4348940419732,763.9414561250014,763.9332276670029,119.91129862505477,0.2804959580535069,None,,,,,,,,,,,,,,99999,right,no,None,2025-06-02_10h42.27.065,RL_out-of-scanner,2024.2.4,None,2025-06-02 10h42.35.213685 -0700,
25,0,25,space,6.922664875048213,None,space,3.459444958018139,None,119.91409787500743,j,None,120.24731566710398,120.2475827500457,121.23886308306828,121.23889495804906,122.24280066706706,122.24282700009644,125.72966754203662,0.3208520410116762,None,,,,,,,2,0,2,0,25,0,25,0,763.9414561250014,,,,,,,,,,,,,,,,,,,,,,,,,,,,,,119.91409787500743,763.9360930839321,763.9414561250014,763.9414561250014,763.9414561250014,763.9414561250014,,,,,764.2692137919366,j,left,0,7,1,6,93,14,None,120.24731566710398,120.2475827500457,764.2695598750142,764.2766439999687,764.2766439999687,765.2785147089744,765.2785147089744,765.2607883339515,121.23886308306828,121.23889495804906,765.2738889589673,765.2785147089744,765.2785147089744,766.264742208994,stimuli/box_empty_transparent.png,122.24280066706706,122.24282700009644,766.2648033750011,766.268452999997,769.7578359589679,769.7516114999307,125.72966754203662,0.3208520410116762,None,,,,,,,,,,,,,,99999,right,no,None,2025-06-02_10h42.27.065,RL_out-of-scanner,2024.2.4,None,2025-06-02 10h42.35.213685 -0700,
26,0,26,space,6.922664875048213,None,space,3.459444958018139,None,125.73118954210076,j,None,126.01382904208731,126.01413054205477,126.50327266706154,126.50337183300871,127.50945141701959,127.50949779211078,130.99764050007798,0.27526104100979865,None,,,,,,,2,0,2,0,26,0,26,0,769.7578359589679,,,,,,,,,,,,,,,,,,,,,,,,,,,,,,125.73118954210076,769.7531708750175,769.7578359589679,769.7578359589679,769.7578359589679,769.7578359589679,,,,,770.0357158340048,j,left,1,7,2,6,94,15,None,126.01382904208731,126.01413054205477,770.0361071670195,770.0411294589285,770.0411294589285,770.547342624981,770.547342624981,770.5251319590025,126.50327266706154,126.50337183300871,770.5424606249435,770.547342624981,770.547342624981,771.5313760419376,stimuli/box_coin_transparent.png,127.50945141701959,127.50949779211078,771.5314892919268,771.5363295839634,775.0230439170264,775.0195886249421,130.99764050007798,0.27526104100979865,None,,,,,,,,,,,,,,99999,right,no,None,2025-06-02_10h42.27.065,RL_out-of-scanner,2024.2.4,None,2025-06-02 10h42.35.213685 -0700,
27,0,27,space,6.922664875048213,None,space,3.459444958018139,None,130.99836933310144,j,None,131.2998034170596,131.2999947500648,132.80026204208843,132.80029450007714,133.800524875056,133.80054966709577,134.80899950000457,0.2897866669809446,None,,,,,,,2,0,2,0,27,0,27,0,775.0230439170264,,,,,,,,,,,,,,,,,,,,,,,,,,,,,,130.99836933310144,775.0203371669631,775.0230439170264,775.0230439170264,775.0230439170264,775.0230439170264,,,,,775.32171745901,j,left,1,7,3,6,95,16,None,131.2998034170596,131.2999947500648,775.3219636669382,775.3287951670354,775.3287951670354,776.8424952089554,776.8424952089554,776.8221885840176,132.80026204208843,132.80029450007714,776.8375163340243,776.8424952089554,776.8424952089554,777.8224659999833,stimuli/box_coin_transparent.png,133.800524875056,133.80054966709577,777.8225258339662,777.8366047090385,778.8380737500265,778.8309431249509,134.80899950000457,0.2897866669809446,None,,,,,,,,,,,,,,99999,right,no,None,2025-06-02_10h42.27.065,RL_out-of-scanner,2024.2.4,None,2025-06-02 10h42.35.213685 -0700,
28,0,28,space,6.922664875048213,None,space,3.459444958018139,None,134.8105729580857,j,None,135.13836525008082,135.13866333302576,136.1394370420603,136.1394672500901,137.14195675007068,137.14199129201006,140.63384725002106,0.3170899999095127,None,,,,,,,2,0,2,0,28,0,28,0,778.8380737500265,,,,,,,,,,,,,,,,,,,,,,,,,,,,,,134.8105729580857,778.8325541670201,778.8380737500265,778.8380737500265,778.8380737500265,778.8380737500265,,,,,779.1602541250177,j,left,1,7,4,6,96,17,None,135.13836525008082,135.13866333302576,779.1606410419336,779.1673847089987,779.1673847089987,780.1815400419291,780.1815400419291,780.1613641249714,136.1394370420603,136.1394672500901,780.177377291955,780.1815400419291,780.1815400419291,781.163886958966,stimuli/box_coin_transparent.png,137.14195675007068,137.14199129201006,781.1639754170319,781.1682094170246,784.6644041249529,784.6557874589926,140.63384725002106,0.3170899999095127,None,,,,,,,,,,,,,,99999,right,no,None,2025-06-02_10h42.27.065,RL_out-of-scanner,2024.2.4,None,2025-06-02 10h42.35.213685 -0700,
29,0,29,space,6.922664875048213,None,space,3.459444958018139,None,140.63530683307908,j,None,140.91044433310162,140.91072829207405,142.90313387510832,142.90318516700063,143.9142643751111,143.91429841704667,144.90794179204386,0.25126925006043166,None,,,,,,,2,0,2,0,29,0,29,0,784.6644041249529,,,,,,,,,,,,,,,,,,,,,,,,,,,,,,140.63530683307908,784.6572890839307,784.6644041249529,784.6644041249529,784.6644041249529,784.6644041249529,,,,,784.9323315420188,j,left,0,7,4,6,97,17,None,140.91044433310162,140.91072829207405,784.9327063339297,784.9403254169738,784.9403254169738,786.9458899169695,786.9458899169695,786.9250371250091,142.90313387510832,142.90318516700063,786.9405457919929,786.9458899169695,786.9458899169695,787.9362022919813,stimuli/box_empty_transparent.png,143.9142643751111,143.91429841704667,787.9362759590149,787.9393378749955,788.937099291943,788.9298580839531,144.90794179204386,0.25126925006043166,None,,,,,,,,,,,,,,99999,right,no,None,2025-06-02_10h42.27.065,RL_out-of-scanner,2024.2.4,None,2025-06-02 10h42.35.213685 -0700,
30,0,30,space,6.922664875048213,None,space,3.459444958018139,None,144.91058700007852,j,None,145.2123257080093,145.2128025420243,146.2086292920867,146.2086827920284,147.20875491702463,147.20878883299883,148.2129852080252,0.2909071249887347,None,,,,,,,2,0,2,0,30,0,30,0,788.937099291943,,,,,,,,,,,,,,,,,,,,,,,,,,,,,,144.91058700007852,788.9325799170183,788.937099291943,788.937099291943,788.937099291943,788.937099291943,,,,,789.2341896250146,j,left,1,7,5,6,98,18,None,145.2123257080093,145.2128025420243,789.2348127090372,789.2437822499778,789.2437822499778,790.2542918749386,790.2542918749386,790.2305274170358,146.2086292920867,146.2086827920284,790.2490834170021,790.2542918749386,790.2542918749386,791.2306894590147,stimuli/box_coin_transparent.png,147.20875491702463,147.20878883299883,791.2307671669405,791.2442479999736,792.2407522499561,792.2349270000122,148.2129852080252,0.2909071249887347,None,,,,,,,,,,,,,,99999,right,no,None,2025-06-02_10h42.27.065,RL_out-of-scanner,2024.2.4,None,2025-06-02 10h42.35.213685 -0700,
31,0,31,space,6.922664875048213,None,space,3.459444958018139,None,148.2151815420948,j,None,148.53290608304087,148.5331854580436,151.5249668750912,151.52501183305867,152.52982700010762,152.52986383310053,155.01968595804647,0.2995139160193503,None,,,,,,,2,0,2,0,31,0,31,0,792.2407522499561,,,,,,,,,,,,,,,,,,,,,,,,,,,,,,148.2151815420948,792.2371590839466,792.2407522499561,792.2407522499561,792.2407522499561,792.2407522499561,,,,,792.5547961669508,j,left,1,7,6,6,99,19,None,148.53290608304087,148.5331854580436,792.5551597499289,792.5625107919332,792.5625107919332,795.5687962500378,795.5687962500378,795.5468599169981,151.5249668750912,151.52501183305867,795.5637763339328,795.5687962500378,795.5687962500378,796.5517603339395,stimuli/box_coin_transparent.png,152.52982700010762,152.52986383310053,796.5518484170316,796.5569803749677,799.048716209014,799.0416265840176,155.01968595804647,0.2995139160193503,None,,,,,,,,,,,,,,99999,right,no,None,2025-06-02_10h42.27.065,RL_out-of-scanner,2024.2.4,None,2025-06-02 10h42.35.213685 -0700,
32,0,32,space,6.922664875048213,None,space,3.459444958018139,None,155.02146825008094,j,None,155.39177250000648,155.39206183305942,156.39251354208682,156.39258575008716,157.39487183303572,157.39490466704592,158.40126200008672,0.3563505419297144,None,,,,,,,2,0,2,0,32,0,32,0,799.048716209014,,,,,,,,,,,,,,,,,,,,,,,,,,,,,,155.02146825008094,799.0434497089591,799.048716209014,799.048716209014,799.048716209014,799.048716209014,,,,,799.4136578339385,j,left,1,7,7,6,100,20,None,155.39177250000648,155.39206183305942,799.4140394589631,799.4221047919709,799.4221047919709,800.4369944999926,800.4369944999926,800.4144152499503,156.39251354208682,156.39258575008716,800.431790667004,800.4369944999926,800.4369944999926,801.4168053750182,stimuli/box_coin_transparent.png,157.39487183303572,157.39490466704592,801.4168837500038,801.4281973339384,802.4304814999923,802.4231859589927,158.40126200008672,0.3563505419297144,None,,,,,,,,,,,,,,99999,right,no,None,2025-06-02_10h42.27.065,RL_out-of-scanner,2024.2.4,None,2025-06-02 10h42.35.213685 -0700,
33,0,33,space,6.922664875048213,None,space,3.459444958018139,None,158.4038855000399,j,None,158.77491141704377,158.77524191699922,160.76793187507428,160.76797479204834,161.76816391700413,161.7681904580677,163.25904454209376,0.3576816669665277,None,,,,,,,2,0,2,0,33,0,33,0,802.4304814999923,,,,,,,,,,,,,,,,,,,,,,,,,,,,,,158.4038855000399,802.4258802919649,802.4304814999923,802.4304814999923,802.4304814999923,802.4304814999923,,,,,802.7967870839639,j,right,1,11,0,7,100,20,None,158.77491141704377,158.77524191699922,802.7972212919267,802.8057939589489,802.8057939589489,804.8086120840162,804.8086120840162,804.7898509999504,160.76793187507428,160.76797479204834,804.8041461670073,804.8086120840162,804.8086120840162,805.7901022499427,stimuli/box_empty_transparent.png,161.76816391700413,161.7681904580677,805.7901672919979,805.7964659170248,807.286856333958,807.2809757089708,163.25904454209376,0.3576816669665277,None,,,,,,,,,,,,,,99999,right,no,None,2025-06-02_10h42.27.065,RL_out-of-scanner,2024.2.4,None,2025-06-02 10h42.35.213685 -0700,
34,0,34,space,6.922664875048213,None,space,3.459444958018139,None,163.26109370810445,j,None,163.6746999170864,163.67498883302324,166.66567524999846,166.66571420803666,167.6660953750834,167.66614808305167,170.16609679209068,0.40712791692931205,None,,,,,,,2,0,2,0,34,0,34,0,807.286856333958,,,,,,,,,,,,,,,,,,,,,,,,,,,,,,163.26109370810445,807.2830877499655,807.286856333958,807.286856333958,807.286856333958,807.286856333958,,,,,807.6965865000384,j,right,1,11,0,7,100,20,None,163.6746999170864,163.67498883302324,807.696966708987,807.7016943339258,807.7016943339258,810.705000750022,810.705000750022,810.6875946669606,166.66567524999846,166.66571420803666,810.7008349589305,810.705000750022,810.705000750022,811.6880176670384,stimuli/box_empty_transparent.png,167.6660953750834,167.66614808305167,811.6881329589523,811.6937272089999,814.1957374999765,814.1880338339834,170.16609679209068,0.40712791692931205,None,,,,,,,,,,,,,,99999,right,no,None,2025-06-02_10h42.27.065,RL_out-of-scanner,2024.2.4,None,2025-06-02 10h42.35.213685 -0700,
35,0,35,space,6.922664875048213,None,space,3.459444958018139,None,170.16748929210007,j,None,170.5349958750885,170.5353480000049,172.0348101670388,172.0348935420625,173.05009791709017,173.05015045800246,174.04381116700824,0.35106637503486127,None,,,,,,,2,0,2,0,35,0,35,0,814.1957374999765,,,,,,,,,,,,,,,,,,,,,,,,,,,,,,170.16748929210007,814.1894697919488,814.1957374999765,814.1957374999765,814.1957374999765,814.1957374999765,,,,,814.5568625000305,j,right,1,11,0,7,100,20,None,170.5349958750885,170.5353480000049,814.5573259169469,814.5651762919733,814.5651762919733,816.0777954589576,816.0777954589576,816.0566460420378,172.0348101670388,172.0348935420625,816.0720946249785,816.0777954589576,816.0777954589576,817.0720112919807,stimuli/box_empty_transparent.png,173.05009791709017,173.05015045800246,817.0721347089857,817.0778745419811,818.0732087090146,818.0657484999392,174.04381116700824,0.35106637503486127,None,,,,,,,,,,,,,,99999,right,no,None,2025-06-02_10h42.27.065,RL_out-of-scanner,2024.2.4,None,2025-06-02 10h42.35.213685 -0700,
36,0,36,space,6.922664875048213,None,space,3.459444958018139,None,174.04560204211157,k,None,174.38416254206095,174.38442720810417,175.87721437506843,175.87725000001956,176.88116695801727,176.88121870800387,180.3769250831101,0.32780729199294,None,,,,,,,2,0,2,0,36,0,36,0,818.0732087090146,,,,,,,,,,,,,,,,,,,,,,,,,,,,,,174.04560204211157,818.0675865419907,818.0732087090146,818.0732087090146,818.0732087090146,818.0732087090146,,,,,818.4060626670253,k,right,1,11,1,7,101,21,None,174.38416254206095,174.38442720810417,818.406402542023,818.4142987499945,818.4142987499945,819.9196616669651,819.9196616669651,819.8991388339782,175.87721437506843,175.87725000001956,819.9148372089257,819.9196616669651,819.9196616669651,820.9030828749528,stimuli/box_coin_transparent.png,176.88116695801727,176.88121870800387,820.9032033339608,820.908192666946,824.4051773339743,824.3988660839386,180.3769250831101,0.32780729199294,None,,,,,,,,,,,,,,99999,right,no,None,2025-06-02_10h42.27.065,RL_out-of-scanner,2024.2.4,None,2025-06-02 10h42.35.213685 -0700,
37,0,37,space,6.922664875048213,None,space,3.459444958018139,None,180.37853079207707,k,None,180.7665074580582,180.76674558303785,182.75898437504657,182.75905087508727,183.75933620810974,183.75936133309733,184.74797229201067,0.3805045420303941,None,,,,,,,2,0,2,0,37,0,37,0,824.4051773339743,,,,,,,,,,,,,,,,,,,,,,,,,,,,,,180.37853079207707,824.4005115840118,824.4051773339743,824.4051773339743,824.4051773339743,824.4051773339743,,,,,824.788404708961,k,right,0,11,1,7,102,21,None,180.7665074580582,180.76674558303785,824.7887227500323,824.7934142919257,824.7934142919257,826.8004688340006,826.8004688340006,826.7808847499546,182.75898437504657,182.75905087508727,826.7962229589466,826.8004688340006,826.8004688340006,827.7812768339645,stimuli/box_empty_transparent.png,183.75933620810974,183.75936133309733,827.7813374169637,827.7853181250393,828.7758743340382,828.7699158339528,184.74797229201067,0.3805045420303941,None,,,,,,,,,,,,,,99999,right,no,None,2025-06-02_10h42.27.065,RL_out-of-scanner,2024.2.4,None,2025-06-02 10h42.35.213685 -0700,
38,0,38,space,6.922664875048213,None,space,3.459444958018139,None,184.7494853750104,k,None,185.1101647920441,185.11039704200812,186.10426391707733,186.10429283301346,187.10596058308147,187.10598612506874,188.59220200008713,0.35358166706282645,None,,,,,,,2,0,2,0,38,0,38,0,828.7758743340382,,,,,,,,,,,,,,,,,,,,,,,,,,,,,,184.7494853750104,828.7714663749794,828.7758743340382,828.7758743340382,828.7758743340382,828.7758743340382,,,,,829.1320631250273,k,right,1,11,2,7,103,22,None,185.1101647920441,185.11039704200812,829.1323770419694,829.139933333965,829.139933333965,830.1470946669579,830.1470946669579,830.1261921669357,186.10426391707733,186.10429283301346,830.1426382089267,830.1470946669579,830.1470946669579,831.1279009169666,stimuli/box_coin_transparent.png,187.10596058308147,187.10598612506874,831.1279627089389,831.1310777500039,832.6282513339538,832.6141462919768,188.59220200008713,0.35358166706282645,None,,,,,,,,,,,,,,99999,right,no,None,2025-06-02_10h42.27.065,RL_out-of-scanner,2024.2.4,None,2025-06-02 10h42.35.213685 -0700,
39,0,39,space,6.922664875048213,None,space,3.459444958018139,None,188.59362287505064,k,None,188.96092575008515,188.96111783303786,189.9624055000022,189.96250779205002,190.97531416709535,190.9753494580509,191.96554854209535,0.3527952500153333,None,,,,,,,2,0,2,0,39,0,39,0,832.6282513339538,,,,,,,,,,,,,,,,,,,,,,,,,,,,,,188.59362287505064,832.6156036669854,832.6282513339538,832.6282513339538,832.6282513339538,832.6282513339538,,,,,832.9828350000316,k,right,1,11,3,7,104,23,None,188.96092575008515,188.96111783303786,832.9830917089712,832.9902671249583,832.9902671249583,834.0054473340278,834.0054473340278,833.9842718340224,189.9624055000022,189.96250779205002,834.0013618749799,834.0054473340278,834.0054473340278,834.9972555419663,stimuli/box_coin_transparent.png,190.97531416709535,190.9753494580509,834.9973255839432,835.00146708393,835.9934504589764,835.987493542023,191.96554854209535,0.3527952500153333,None,,,,,,,,,,,,,,99999,right,no,None,2025-06-02_10h42.27.065,RL_out-of-scanner,2024.2.4,None,2025-06-02 10h42.35.213685 -0700,
40,0,40,space,6.922664875048213,None,space,3.459444958018139,None,191.96696895803325,k,None,192.33752608310897,192.3377716250252,193.83439908304717,193.83442929200828,194.83593591710087,194.83595937502105,195.8269363750005,0.3621736670611426,None,,,,,,,2,0,2,0,40,0,40,0,835.9934504589764,,,,,,,,,,,,,,,,,,,,,,,,,,,,,,191.96696895803325,835.9889498749981,835.9934504589764,835.9934504589764,835.9934504589764,835.9934504589764,,,,,836.3594199590152,k,right,1,11,4,7,105,24,None,192.33752608310897,192.3377716250252,836.359747834038,836.3664702089736,836.3664702089736,837.8767940419493,837.8767940419493,837.8563239589566,193.83439908304717,193.83442929200828,837.871987291961,837.8767940419493,837.8767940419493,838.8578780000098,stimuli/box_coin_transparent.png,194.83593591710087,194.83595937502105,838.8579346670303,838.8619419169845,839.8548603749368,839.8488776669838,195.8269363750005,0.3621736670611426,None,,,,,,,,,,,,,,99999,right,no,None,2025-06-02_10h42.27.065,RL_out-of-scanner,2024.2.4,None,2025-06-02 10h42.35.213685 -0700,
41,0,41,space,6.922664875048213,None,space,3.459444958018139,None,195.82839691708796,k,None,196.1805849170778,196.18083387508523,197.17018579202704,197.17020587506704,198.16825050010812,198.16827379202005,201.17679812503047,0.33849358395673335,None,,,,,,,2,0,2,0,41,0,41,0,839.8548603749368,,,,,,,,,,,,,,,,,,,,,,,,,,,,,,195.82839691708796,839.8503777920268,839.8548603749368,839.8548603749368,839.8548603749368,839.8548603749368,,,,,840.2024828339927,k,right,1,11,5,7,106,25,None,196.1805849170778,196.18083387508523,840.202811416937,840.2093624169938,840.2093624169938,841.2055586669594,841.2055586669594,841.1921250419691,197.17018579202704,197.17020587506704,841.201203249977,841.2055586669594,841.2055586669594,842.1901922499528,stimuli/box_coin_transparent.png,198.16825050010812,198.16827379202005,842.1902487919433,842.2051084999694,845.2059615419712,845.1987291249679,201.17679812503047,0.33849358395673335,None,,,,,,,,842.2051084999694,842.2051084999694,,,,,99999,right,no,None,2025-06-02_10h42.27.065,RL_out-of-scanner,2024.2.4,None,2025-06-02 10h42.35.213685 -0700,
42,0,42,space,6.922664875048213,None,space,3.459444958018139,None,201.17906545801088,k,None,201.49414287507534,201.494380832999,203.48700737510808,203.48704016709235,204.50020937505178,204.50023608305492,207.99244641710538,0.29560945904813707,None,,,,,,,2,0,2,0,42,0,42,0,845.2059615419712,,,,,,,,,,,,,,,,,,,,,,,,,,,,,,201.17906545801088,845.2010593749583,845.2059615419712,845.2059615419712,845.2059615419712,845.2059615419712,,,,,845.5160333339591,k,right,1,11,6,7,107,26,None,201.49414287507534,201.494380832999,845.5163569590077,845.5239427499473,845.5239427499473,847.5288899589796,847.5288899589796,847.508931874996,203.48700737510808,203.48704016709235,847.5242738749366,847.5288899589796,847.5288899589796,848.5221493749414,stimuli/box_coin_transparent.png,204.50020937505178,204.50023608305492,848.522213249933,848.5254380420083,852.0224522090284,852.014376624953,207.99244641710538,0.29560945904813707,None,,,,,,,,,,,,,,99999,right,no,None,2025-06-02_10h42.27.065,RL_out-of-scanner,2024.2.4,None,2025-06-02 10h42.35.213685 -0700,
43,0,43,space,6.922664875048213,None,space,3.459444958018139,None,207.99552279210184,k,None,208.31883733300492,208.31958233308978,209.31056095811073,209.3105912921019,210.32028000010177,210.32031987502705,212.31623870809563,0.3094962079776451,None,,,,,,,2,0,2,0,43,0,43,0,852.0224522090284,,,,,,,,,,,,,,,,,,,,,,,,,,,,,,207.99552279210184,852.0175216250354,852.0224522090284,852.0224522090284,852.0224522090284,852.0224522090284,,,,,852.3405822089408,k,right,1,11,7,7,108,27,None,208.31883733300492,208.31958233308978,852.3415722090285,852.3493960000342,852.3493960000342,853.3526957919821,853.3526957919821,853.3324881669832,209.31056095811073,209.3105912921019,853.3478754999815,853.3526957919821,853.3526957919821,854.342221125029,stimuli/box_coin_transparent.png,210.32028000010177,210.32031987502705,854.3423036669847,854.3451964169508,856.3443537499988,856.3381804999663,212.31623870809563,0.3094962079776451,None,,,,,,,,,,,,,,99999,right,no,None,2025-06-02_10h42.27.065,RL_out-of-scanner,2024.2.4,None,2025-06-02 10h42.35.213685 -0700,
44,0,44,space,6.922664875048213,None,space,3.459444958018139,None,212.3177388330223,k,None,212.85832329210825,212.85856933309697,215.35102416703012,215.35105400008615,216.35573175002355,216.3557572501013,218.35273575002793,0.5285602500662208,None,,,,,,,2,0,2,0,44,0,44,0,856.3443537499988,,,,,,,,,,,,,,,,,,,,,,,,,,,,,,212.3177388330223,856.3397210419644,856.3443537499988,856.3443537499988,856.3443537499988,856.3443537499988,,,,,856.8802149590338,k,right,0,11,7,7,109,27,None,212.85832329210825,212.85856933309697,856.880546667031,856.8876854999689,856.8876854999689,859.3913765419275,859.3913765419275,859.3729493339779,215.35102416703012,215.35105400008615,859.3872443339787,859.3913765419275,859.3913765419275,860.3776727919467,stimuli/box_empty_transparent.png,216.35573175002355,216.3557572501013,860.3777329589939,860.3815409590025,862.3807650839444,862.3746814590413,218.35273575002793,0.5285602500662208,None,,,,,,,,,,,,,,99999,right,no,None,2025-06-02_10h42.27.065,RL_out-of-scanner,2024.2.4,None,2025-06-02 10h42.35.213685 -0700,
45,0,45,space,6.922664875048213,None,space,3.459444958018139,None,218.35391070810147,k,None,218.69153916707728,218.69181187509093,219.68657945806626,219.6866603330709,220.70031908305828,220.70035254210234,221.69898795802146,0.32569854194298387,None,,,,,,,2,0,2,0,45,0,45,0,862.3807650839444,,,,,,,,,,,,,,,,,,,,,,,,,,,,,,218.35391070810147,862.3758864999982,862.3807650839444,862.3807650839444,862.3807650839444,862.3807650839444,,,,,862.7134291669354,k,right,1,11,8,7,110,28,None,218.69153916707728,218.69181187509093,862.7137889999431,862.721540458966,862.721540458966,863.733589084004,863.733589084004,863.7084574169712,219.68657945806626,219.6866603330709,863.7277677919483,863.733589084004,863.733589084004,864.7222481670324,stimuli/box_coin_transparent.png,220.70031908305828,220.70035254210234,864.7223347499967,864.7258319170214,865.7277854999993,865.7209282499971,221.69898795802146,0.32569854194298387,None,,,,,,,,,,,,,,99999,right,no,None,2025-06-02_10h42.27.065,RL_out-of-scanner,2024.2.4,None,2025-06-02 10h42.35.213685 -0700,
46,0,46,space,6.922664875048213,None,space,3.459444958018139,None,221.70056187501177,k,None,222.13363625004422,222.13392520800699,224.1332245420199,224.13328320800792,225.13338241702877,225.13341725000646,226.13151083304547,0.42469033296220005,None,,,,,,,2,0,2,0,46,0,46,0,865.7277854999993,,,,,,,,,,,,,,,,,,,,,,,,,,,,,,221.70056187501177,865.7225423749769,865.7277854999993,865.7277854999993,865.7277854999993,865.7277854999993,,,,,866.1555229999358,k,right,1,11,9,7,111,29,None,222.13363625004422,222.13392520800699,866.1559027920011,866.1611318340292,866.1611318340292,868.1778396249283,868.1778396249283,868.1551182089606,224.1332245420199,224.13328320800792,868.1723450419959,868.1778396249283,868.1778396249283,869.155314667034,stimuli/box_coin_transparent.png,225.13338241702877,225.13341725000646,869.1553972499678,869.1598706670338,870.1595727920067,870.1534507919569,226.13151083304547,0.42469033296220005,None,,,,,,,,,,,,,,99999,right,no,None,2025-06-02_10h42.27.065,RL_out-of-scanner,2024.2.4,None,2025-06-02 10h42.35.213685 -0700,
47,0,47,space,6.922664875048213,None,space,3.459444958018139,None,226.13310504204128,k,None,226.43942716706078,226.4397464171052,229.43413020810112,229.43419675005134,230.4374119170243,230.43744429200888,231.92942029202823,0.2916118330322206,None,,,,,,,2,0,2,0,47,0,47,0,870.1595727920067,,,,,,,,,,,,,,,,,,,,,,,,,,,,,,226.13310504204128,870.1550854999805,870.1595727920067,870.1595727920067,870.1595727920067,870.1595727920067,,,,,870.4613055839436,k,right,1,11,10,7,112,30,None,226.43942716706078,226.4397464171052,870.4617217089981,870.4690204999642,870.4690204999642,873.4800967919873,873.4800967919873,873.4560287919594,229.43413020810112,229.43419675005134,873.4748430839973,873.4800967919873,873.4800967919873,874.4593398750294,stimuli/box_coin_transparent.png,230.4374119170243,230.43744429200888,874.4594305419596,874.4650442500133,875.9569971249439,875.9513622089289,231.92942029202823,0.2916118330322206,None,,,,,,,,,,,,,,99999,right,no,None,2025-06-02_10h42.27.065,RL_out-of-scanner,2024.2.4,None,2025-06-02 10h42.35.213685 -0700,
48,0,48,space,6.922664875048213,None,space,3.459444958018139,None,231.93080341711175,k,None,232.30204741703346,232.3023735000752,233.7970055830665,233.79704962507822,234.79998129210435,234.80001341702882,238.2907684580423,0.3563785000005737,None,,,,,,,2,0,2,0,48,0,48,0,875.9569971249439,,,,,,,,,,,,,,,,,,,,,,,,,,,,,,231.93080341711175,875.952780792024,875.9569971249439,875.9569971249439,875.9569971249439,875.9569971249439,,,,,876.3239312089281,k,right,0,11,10,7,113,30,None,232.30204741703346,232.3023735000752,876.3243525000289,876.3324084170163,876.3324084170163,877.8379191249842,877.8379191249842,877.8189285419649,233.7970055830665,233.79704962507822,877.8333094170084,877.8379191249842,877.8379191249842,878.8219171250239,stimuli/box_empty_transparent.png,234.79998129210435,234.80001341702882,878.8219907500315,878.8258629590273,882.3187502089422,882.3127055419609,238.2907684580423,0.3563785000005737,None,,,,,,,,,,,,,,99999,right,no,None,2025-06-02_10h42.27.065,RL_out-of-scanner,2024.2.4,None,2025-06-02 10h42.35.213685 -0700,
49,0,49,space,6.922664875048213,None,space,3.459444958018139,None,238.2923730830662,k,None,238.7203891670797,238.72074220806826,240.21263920806814,240.21268316707574,241.22686558309942,241.22690675000194,241.2275608330965,0.42052641697227955,None,,,,,,,2,0,2,0,49,0,49,0,882.3187502089422,,,,,,,,,,,,,,,,,,,,,,,,,,,,,,238.2923730830662,882.3143562090117,882.3187502089422,882.3187502089422,882.3187502089422,882.3187502089422,,,,,882.7422680000309,k,right,0,11,10,7,114,30,None,238.7203891670797,238.72074220806826,882.7427205840359,882.7498826249503,882.7498826249503,884.252228208934,884.252228208934,884.2345582499402,240.21263920806814,240.21268316707574,884.2479074170114,884.252228208934,884.252228208934,885.2487955419347,stimuli/box_empty_transparent.png,241.22686558309942,241.22690675000194,885.248889834038,885.2700639589457,885.2700639589457,885.2495073749451,241.2275608330965,0.42052641697227955,None,,,,,,,,,,,,,,99999,right,no,None,2025-06-02_10h42.27.065,RL_out-of-scanner,2024.2.4,None,2025-06-02 10h42.35.213685 -0700,
2,0,2,space,6.922664875048213,None,space,3.459444958018139,None,,,,,,,,,,,,,,,,,,,2,0,2,0,,,,,,,,,,,,,,,,,,,,,,,,,,,,,,,,,,,,,,,,,,,,,,,,,,,,,,,,,,,,,,,,,,,,,,,,,,,,,,,885.265036249999,885.2700639589457,889.2559074999299,889.2559491249267,889.2611389589729,946.4764169999398,946.4675180419581,,,,,,,99999,right,no,None,2025-06-02_10h42.27.065,RL_out-of-scanner,2024.2.4,None,2025-06-02 10h42.35.213685 -0700,
,,,,,,,,,,,,,,,,,,,,,,,,,,,,,,,,,,,,,,,,,,,,,,,,,,,,,,,,,,,,,,,,,,,,,,,,,,,,,,,,,,,,,,,,,,,,,,,,,,,,,,,,,,,,,,,,,,,,,,,,946.4676412090193,946.4678778749658,99999,right,no,None,2025-06-02_10h42.27.065,RL_out-of-scanner,2024.2.4,None,2025-06-02 10h42.35.213685 -0700,
