thisN,thisTrialN,thisRepN,advance_press.keys,advance_press.rt,advance_press.duration,trigger_value.keys,trigger_value.rt,trigger_value.duration,cueOnTime,cue_resp.keys,cue_resp.rt,cue_resp.duration,all_keys.keys,cueOffTime,cueRespOnTime,cueRespOffTime,outcomeOnTime,outcomeOffTime,fixOnTime,fixOffTime,all_keys.rt,all_keys.duration,practice_loop.thisRepN,practice_loop.thisTrialN,practice_loop.thisN,practice_loop.thisIndex,runs.thisRepN,runs.thisTrialN,runs.thisN,runs.thisIndex,trials.thisRepN,trials.thisTrialN,trials.thisN,trials.thisIndex,thisRow.t,notes,prac_dir.started,welcome_text.started,advance_press_pd.started,prac_dir.stopped,advance_press_pd.keys,advance_press_pd.rt,advance_press_pd.duration,summary_instructions.started,summary_text.started,advance_to_runs.started,summary_instructions.stopped,advance_to_runs.keys,advance_to_runs.rt,advance_to_runs.duration,get_ready.started,get_ready_text.started,advance_press.started,get_ready.stopped,runs.advance_press.keys,runs.advance_press.rt,runs.advance_press.duration,scanner_trigger.started,scanner_text.started,trigger_value.started,scanner_trigger.stopped,runs.trigger_value.keys,runs.trigger_value.rt,runs.trigger_value.duration,trials.cueOnTime,cue.started,left_box.started,right_box.started,cue_resp.started,all_keys.started,cue.stopped,trials.cue_resp.keys,trials.cue_resp.rt,trials.cue_resp.duration,good_side,probability_sequence_value,magic_number,num_rewarded,num_switch,total_correct,num_gold_coins,trials.all_keys.keys,trials.cueOffTime,trials.cueRespOnTime,cue_response.started,left_box_response.started,right_box_response.started,left_box_response.stopped,right_box_response.stopped,cue_response.stopped,trials.cueRespOffTime,trials.outcomeOnTime,outcome.started,outcome_left_box.started,outcome_right_box.started,outcome.stopped,outcome_image,trials.outcomeOffTime,trials.fixOnTime,fixation.started,fixation_cross.started,fixation_cross.stopped,fixation.stopped,trials.fixOffTime,outcome_left_box.stopped,outcome_right_box.stopped,left_box.stopped,right_box.stopped,cue_resp.stopped,all_keys.stopped,trials.all_keys.rt,trials.all_keys.duration,run_feedback.started,coins_won_text.started,run_feedback.stopped,leftover_time_break.started,fixation_end.started,fixation_end.stopped,leftover_time_break.stopped,end_exp.started,end_exp.stopped,participant,handedness,practice,restart_from_run,date,expName,psychopyVersion,frameRate,expStart,
,,,,,,,,,,,,,,,,,,,,,,,,,,,,,,,,,,,,,0.017753374995663762,0.021699792006984353,0.021699792006984353,2.3170294580049813,j,2.2617250829935074,None,,,,,,,,,,,,,,,,,,,,,,,,,,,,,,,,,,,,,,,,,,,,,,,,,,,,,,,,,,,,,,,,,,,,,,,,,,,,,,,999999,right,no,None,2025-06-02_10h58.35.526,RL_out-of-scanner,2024.2.4,None,2025-06-02 10h58.45.743274 -0700,
,,,,,,,,,,,,,,,,,,,,,,,,,,,,,,,,,,,,,,,,,,,,2.317552583059296,2.3278476670384407,2.3278476670384407,4.942472042050213,j,2.6064744170289487,None,,,,,,,,,,,,,,,,,,,,,,,,,,,,,,,,,,,,,,,,,,,,,,,,,,,,,,,,,,,,,,,,,,,,,,,,999999,right,no,None,2025-06-02_10h58.35.526,RL_out-of-scanner,2024.2.4,None,2025-06-02 10h58.45.743274 -0700,
0,0,0,space,0.9080768340500072,None,space,1.9251783749787137,None,0.00294991594273597,j,0.7710533749777824,None,None,0.7847035409649834,0.7850069579435512,1.7765887910500169,1.7766194159630686,2.7843372500501573,2.784367582993582,4.784960750024766,,,,,,,0,0,0,0,0,0,0,0,7.812705042073503,,,,,,,,,,,,,,,,4.943202208029106,4.951352917007171,4.951352917007171,5.867897708085366,space,0.9080768340500072,None,5.867980750044808,5.875516333035193,5.875516333035193,7.801951458095573,space,1.9251783749787137,None,0.00294991594273597,7.804968500044197,7.812705042073503,7.812705042073503,7.812705042073503,7.812705042073503,8.58662733307574,j,0.7710533749777824,None,right,1,14,0,0,0,0,None,0.7847035409649834,0.7850069579435512,8.587024083011784,8.59488125005737,8.59488125005737,9.599653250072151,9.599653250072151,9.578552542021498,1.7765887910500169,1.7766194159630686,9.594873708090745,9.599653250072151,9.599653250072151,10.586296583060175,stimuli/box_empty_transparent.png,2.7843372500501573,2.784367582993582,10.586380292079411,10.600748750031926,12.59886033309158,12.586940083070658,4.784960750024766,,,,,,,,,,,,,,,,,,999999,right,no,None,2025-06-02_10h58.35.526,RL_out-of-scanner,2024.2.4,None,2025-06-02 10h58.45.743274 -0700,
1,0,1,space,0.9080768340500072,None,space,1.9251783749787137,None,4.78591424995102,k,0.23930920904967934,None,None,5.050887749996036,5.051212624995969,6.548740708036348,6.5487787909805775,7.54926333297044,7.549318499979563,9.050639541004784,,,,,,,0,0,0,0,1,0,1,0,12.59886033309158,,,,,,,,,,,,,,,,,,,,,,,,,,,,,,4.78591424995102,12.58792220801115,12.59886033309158,12.59886033309158,12.59886033309158,12.59886033309158,12.85279687505681,k,0.23930920904967934,None,right,1,14,1,0,1,1,None,5.050887749996036,5.051212624995969,12.853229292086326,12.860742625081912,12.860742625081912,14.372713292017579,14.372713292017579,14.350701333023608,6.548740708036348,6.5487787909805775,14.368353542056866,14.372713292017579,14.372713292017579,15.351230458007194,stimuli/box_coin_transparent.png,7.54926333297044,7.549318499979563,15.351343958056532,15.357245333027095,16.858453167020343,16.852621417026967,9.050639541004784,,,,,,,,,,,,,,,,,,999999,right,no,None,2025-06-02_10h58.35.526,RL_out-of-scanner,2024.2.4,None,2025-06-02 10h58.45.743274 -0700,
2,0,2,space,0.9080768340500072,None,space,1.9251783749787137,None,9.052232624962926,k,0.23977670806925744,None,None,9.299217290943488,9.299436416011304,10.290895125013776,10.290930332965218,11.291500707971863,11.291528375004418,14.287788290996104,,,,,,,0,0,0,0,2,0,2,0,16.858453167020343,,,,,,,,,,,,,,,,,,,,,,,,,,,,,,9.052232624962926,16.854253333061934,16.858453167020343,16.858453167020343,16.858453167020343,16.858453167020343,17.101154875010252,k,0.23977670806925744,None,right,0,14,1,0,2,1,None,9.299217290943488,9.299436416011304,17.10145250009373,17.10896587499883,17.10896587499883,18.111934125074185,18.111934125074185,18.092850833083503,10.290895125013776,10.290930332965218,18.10761408309918,18.111934125074185,18.111934125074185,19.093479750095867,stimuli/box_empty_transparent.png,11.291500707971863,11.291528375004418,19.09354312508367,19.09752216702327,22.09527370799333,22.08971570804715,14.287788290996104,,,,,,,,,,,,,,,,,,999999,right,no,None,2025-06-02_10h58.35.526,RL_out-of-scanner,2024.2.4,None,2025-06-02 10h58.45.743274 -0700,
3,0,3,space,0.9080768340500072,None,space,1.9251783749787137,None,14.289668999961577,k,0.2561205830425024,None,None,14.565623790957034,14.56620845803991,16.55729245801922,16.557329750037752,17.559158415999264,17.559226665995084,18.556677374988794,,,,,,,0,0,0,0,3,0,3,0,22.09527370799333,,,,,,,,,,,,,,,,,,,,,,,,,,,,,,14.289668999961577,22.091695000068285,22.09527370799333,22.09527370799333,22.09527370799333,22.09527370799333,22.36750579206273,k,0.2561205830425024,None,right,1,14,2,0,3,2,None,14.565623790957034,14.56620845803991,22.368267375044525,22.376234958064742,22.376234958064742,24.3808552500559,24.3808552500559,24.35925316705834,16.55729245801922,16.557329750037752,24.376409125048667,24.3808552500559,24.3808552500559,25.361106000025757,stimuli/box_coin_transparent.png,17.559158415999264,17.559226665995084,25.361300499993376,25.367545542074367,26.36458183301147,26.35865916707553,18.556677374988794,,,,,,,,,,,,,,,,,,999999,right,no,None,2025-06-02_10h58.35.526,RL_out-of-scanner,2024.2.4,None,2025-06-02 10h58.45.743274 -0700,
4,0,4,space,0.9080768340500072,None,space,1.9251783749787137,None,18.558184416033328,k,0.5520921250572428,None,None,19.122899165959097,19.1231475409586,20.115389541024342,20.1154322080547,21.12127708294429,21.1213085410418,23.607321750023402,,,,,,,0,0,0,0,4,0,4,0,26.36458183301147,,,,,,,,,,,,,,,,,,,,,,,,,,,,,,18.558184416033328,26.360203833086416,26.36458183301147,26.36458183301147,26.36458183301147,26.36458183301147,26.92482783307787,k,0.5520921250572428,None,right,1,14,3,0,4,3,None,19.122899165959097,19.1231475409586,26.92516266705934,26.932238417095505,26.932238417095505,27.936582916998304,27.936582916998304,27.917349958093837,20.115389541024342,20.1154322080547,27.932434375048615,27.936582916998304,27.936582916998304,28.923251750064082,stimuli/box_coin_transparent.png,21.12127708294429,21.1213085410418,28.923323124996386,28.92648495803587,31.424290583003312,31.409303458058275,23.607321750023402,,,,,,,,,,,,,,,,,,999999,right,no,None,2025-06-02_10h58.35.526,RL_out-of-scanner,2024.2.4,None,2025-06-02 10h58.45.743274 -0700,
5,0,5,space,0.9080768340500072,None,space,1.9251783749787137,None,23.608779832953587,k,0.2938719999510795,None,None,23.92370858299546,23.92393762501888,27.415428415988572,27.415477165952325,28.41647837497294,28.416507416055538,30.416452541016042,,,,,,,0,0,0,0,5,0,5,0,31.424290583003312,,,,,,,,,,,,,,,,,,,,,,,,,,,,,,23.608779832953587,31.4108005000744,31.424290583003312,31.424290583003312,31.424290583003312,31.424290583003312,31.725633833091706,k,0.2938719999510795,None,right,1,14,4,0,5,4,None,23.92370858299546,23.92393762501888,31.725953417015262,31.73333562503103,31.73333562503103,35.2402878330322,35.2402878330322,35.21737095806748,27.415428415988572,27.415477165952325,35.235291499993764,35.2402878330322,35.2402878330322,36.218450292013586,stimuli/box_coin_transparent.png,28.41647837497294,28.416507416055538,36.218521833070554,36.23338354204316,38.229779083048925,38.21843162504956,30.416452541016042,,,,,,,,,,,,,,,,,,999999,right,no,None,2025-06-02_10h58.35.526,RL_out-of-scanner,2024.2.4,None,2025-06-02 10h58.45.743274 -0700,
6,0,6,space,0.9080768340500072,None,space,1.9251783749787137,None,30.417811958002858,k,0.3001293750712648,None,None,30.730446915957145,30.73074920801446,31.729282333049923,31.729331415961497,32.74037920800038,32.74042079097126,33.738932125037536,,,,,,,0,0,0,0,6,0,6,0,38.229779083048925,,,,,,,,,,,,,,,,,,,,,,,,,,,,,,30.417811958002858,38.219829875044525,38.229779083048925,38.229779083048925,38.229779083048925,38.229779083048925,38.53236387507059,k,0.3001293750712648,None,right,0,14,4,0,6,4,None,30.730446915957145,30.73074920801446,38.532765667070635,38.54027545801364,38.54027545801364,39.55073945806362,39.55073945806362,39.53123587509617,31.729282333049923,31.729331415961497,39.54619545803871,39.55073945806362,39.55073945806362,40.54233937500976,stimuli/box_empty_transparent.png,32.74037920800038,32.74042079097126,40.54246716701891,40.54624200006947,41.54754433303606,41.54090358305257,33.738932125037536,,,,,,,,,,,,,,,,,,999999,right,no,None,2025-06-02_10h58.35.526,RL_out-of-scanner,2024.2.4,None,2025-06-02 10h58.45.743274 -0700,
7,0,7,space,0.9080768340500072,None,space,1.9251783749787137,None,33.74062387505546,j,0.33225770795252174,None,None,34.08134762500413,34.08171387494076,36.07399349997286,36.07403179095127,37.080280625028536,37.08033845794853,39.07880345801823,,,,,,,0,0,0,0,7,0,7,0,41.54754433303606,,,,,,,,,,,,,,,,,,,,,,,,,,,,,,33.74062387505546,41.54264620807953,41.54754433303606,41.54754433303606,41.54754433303606,41.54754433303606,41.88326108304318,j,0.33225770795252174,None,right,0,14,4,0,6,4,None,34.08134762500413,34.08171387494076,41.883733625058085,41.89210283302236,41.89210283302236,43.8943440830335,43.8943440830335,43.875955625087954,36.07399349997286,36.07403179095127,43.890058333054185,43.8943440830335,43.8943440830335,44.88222200004384,stimuli/box_empty_transparent.png,37.080280625028536,37.08033845794853,44.88239975005854,44.88678225001786,46.88693120807875,46.880782457999885,39.07880345801823,,,,,,,,,,,,,,,,,,999999,right,no,None,2025-06-02_10h58.35.526,RL_out-of-scanner,2024.2.4,None,2025-06-02 10h58.45.743274 -0700,
8,0,8,space,0.9080768340500072,None,space,1.9251783749787137,None,39.080435208044946,k,0.2508582080481574,None,None,39.34243279101793,39.342674499959685,42.3364289579913,42.336503249942325,43.33660354104359,43.33664854103699,44.82487366604619,,,,,,,0,0,0,0,8,0,8,0,46.88693120807875,,,,,,,,,,,,,,,,,,,,,,,,,,,,,,39.080435208044946,46.882455624989234,46.88693120807875,46.88693120807875,46.88693120807875,46.88693120807875,47.14435683307238,k,0.2508582080481574,None,right,1,14,5,0,7,5,None,39.34243279101793,39.342674499959685,47.144688000087626,47.152330375043675,47.152330375043675,50.16236525005661,50.16236525005661,50.13833720807452,42.3364289579913,42.336503249942325,50.15721429209225,50.16236525005661,50.16236525005661,51.13856916700024,stimuli/box_coin_transparent.png,43.33660354104359,43.33664854103699,51.13866937509738,51.14382154203486,52.63203816709574,52.62686008308083,44.82487366604619,,,,,,,,,,,,,,,,,,999999,right,no,None,2025-06-02_10h58.35.526,RL_out-of-scanner,2024.2.4,None,2025-06-02 10h58.45.743274 -0700,
9,0,9,space,0.9080768340500072,None,space,1.9251783749787137,None,44.825839290977456,k,0.5794113329611719,None,None,45.41381358297076,45.41408345801756,46.90922229096759,46.909314707969315,47.91098216595128,47.911019333056174,49.90432583296206,,,,,,,0,0,0,0,9,0,9,0,52.63203816709574,,,,,,,,,,,,,,,,,,,,,,,,,,,,,,44.825839290977456,52.62784787500277,52.63203816709574,52.63203816709574,52.63203816709574,52.63203816709574,53.2157383330632,k,0.5794113329611719,None,right,1,14,6,0,8,6,None,45.41381358297076,45.41408345801756,53.216100500081666,53.22344991704449,53.22344991704449,54.73596887500025,54.73596887500025,54.71113158308435,46.90922229096759,46.909314707969315,54.7305255420506,54.73596887500025,54.73596887500025,55.71294845803641,stimuli/box_coin_transparent.png,47.91098216595128,47.911019333056174,55.713058292050846,55.71704145800322,57.71262975002173,57.70630395808257,49.90432583296206,,,,,,,,,,,,,,,,,,999999,right,no,None,2025-06-02_10h58.35.526,RL_out-of-scanner,2024.2.4,None,2025-06-02 10h58.45.743274 -0700,
10,0,10,space,0.9080768340500072,None,space,1.9251783749787137,None,49.906022000010125,k,0.30910604097880423,None,None,50.22417558298912,50.224631499964744,51.72252529102843,51.722595750004984,52.725590290967375,52.72561683296226,53.71856549999211,,,,,,,0,0,0,0,10,0,10,0,57.71262975002173,,,,,,,,,,,,,,,,,,,,,,,,,,,,,,49.906022000010125,57.70804258307908,57.71262975002173,57.71262975002173,57.71262975002173,57.71262975002173,58.026050042011775,k,0.30910604097880423,None,right,1,14,7,0,9,7,None,50.22417558298912,50.224631499964744,58.02665362507105,58.03511537506711,58.03511537506711,59.54746629204601,59.54746629204601,59.524449167074636,51.72252529102843,51.722595750004984,59.541987167089246,59.54746629204601,59.54746629204601,60.52756541699637,stimuli/box_coin_transparent.png,52.725590290967375,52.72561683296226,60.527624333044514,60.5308325830847,61.52683937503025,61.520545582985505,53.71856549999211,,,,,,,,,,,,,,,,,,999999,right,no,None,2025-06-02_10h58.35.526,RL_out-of-scanner,2024.2.4,None,2025-06-02 10h58.45.743274 -0700,
11,0,11,space,0.9080768340500072,None,space,1.9251783749787137,None,53.72010112495627,k,0.2911257909145206,None,None,54.01800575002562,54.01834833296016,56.021123916027136,56.021167333004996,57.02699491602834,57.0270574579481,58.51830004097428,,,,,,,0,0,0,0,11,0,11,0,61.52683937503025,,,,,,,,,,,,,,,,,,,,,,,,,,,,,,53.72010112495627,61.52211754198652,61.52683937503025,61.52683937503025,61.52683937503025,61.52683937503025,61.81989975005854,k,0.2911257909145206,None,right,1,14,8,0,10,8,None,54.01800575002562,54.01834833296016,61.82036666700151,61.82760025002062,61.82760025002062,63.84323950007092,63.84323950007092,63.823081667069346,56.021123916027136,56.021167333004996,63.8390708330553,63.84323950007092,63.84323950007092,64.82895012502559,stimuli/box_coin_transparent.png,57.02699491602834,57.0270574579481,64.82910291699227,64.8345594170969,66.32687616709154,66.3202777080005,58.51830004097428,,,,,,,,,,,,,,,,,,999999,right,no,None,2025-06-02_10h58.35.526,RL_out-of-scanner,2024.2.4,None,2025-06-02 10h58.45.743274 -0700,
12,0,12,space,0.9080768340500072,None,space,1.9251783749787137,None,58.51993212499656,k,0.2622421670239419,None,None,58.79841037502047,58.79871154099237,59.79605812497903,59.796106833033264,60.805198375019245,60.80523920804262,63.806007166043855,,,,,,,0,0,0,0,12,0,12,0,66.32687616709154,,,,,,,,,,,,,,,,,,,,,,,,,,,,,,58.51993212499656,66.32195329200476,66.32687616709154,66.32687616709154,66.32687616709154,66.32687616709154,66.60032058309298,k,0.2622421670239419,None,right,0,14,8,0,11,8,None,58.79841037502047,58.79871154099237,66.60072945803404,66.60874958301429,66.60874958301429,67.61870979203377,67.61870979203377,67.59801362501457,59.79605812497903,59.796106833033264,67.61451433307957,67.61870979203377,67.61870979203377,68.60716925002635,stimuli/box_empty_transparent.png,60.805198375019245,60.80523920804262,68.60725512506906,68.61057241703384,71.61405354202725,71.60798475006595,63.806007166043855,,,,,,,,,,,,,,,,,,999999,right,no,None,2025-06-02_10h58.35.526,RL_out-of-scanner,2024.2.4,None,2025-06-02 10h58.45.743274 -0700,
13,0,13,space,0.9080768340500072,None,space,1.9251783749787137,None,63.807548957993276,k,0.411784749943763,None,None,64.22894133301452,64.22920120798517,64.73132595804054,64.73139450000599,65.7415652499767,65.74159791599959,67.72853937500622,,,,,,,0,0,0,0,13,0,13,0,71.61405354202725,,,,,,,,,,,,,,,,,,,,,,,,,,,,,,63.807548957993276,71.60956904198974,71.61405354202725,71.61405354202725,71.61405354202725,71.61405354202725,72.03087220806628,k,0.411784749943763,None,right,1,14,9,0,12,9,None,64.22894133301452,64.22920120798517,72.03121883305721,72.03817100008018,72.03817100008018,72.55579091701657,72.55579091701657,72.53325375006534,64.73132595804054,64.73139450000599,72.5507937920047,72.55579091701657,72.55579091701657,73.5435414169915,stimuli/box_coin_transparent.png,65.7415652499767,65.74159791599959,73.54361291707028,73.54631770809647,75.53745008306578,75.53051870805211,67.72853937500622,,,,,,,,,,,,,,,,,,999999,right,no,None,2025-06-02_10h58.35.526,RL_out-of-scanner,2024.2.4,None,2025-06-02 10h58.45.743274 -0700,
14,0,14,space,0.9080768340500072,None,space,1.9251783749787137,None,67.73001475003548,k,0.2847799580777064,None,None,68.02464479103219,68.0249459160259,69.51590983301867,69.51594508299604,70.52246783301234,70.52253249997739,71.5197987499414,,,,,,,0,0,0,0,14,0,14,0,75.53745008306578,,,,,,,,,,,,,,,,,,,,,,,,,,,,,,67.73001475003548,75.53203775000293,75.53745008306578,75.53745008306578,75.53745008306578,75.53745008306578,75.82655329199042,k,0.2847799580777064,None,right,0,14,9,0,13,9,None,68.02464479103219,68.0249459160259,75.82696687499993,75.8340895830188,75.8340895830188,77.33729600009974,77.33729600009974,77.31787262507714,69.51590983301867,69.51594508299604,77.33283533307258,77.33729600009974,77.33729600009974,78.32441916700918,stimuli/box_empty_transparent.png,70.52246783301234,70.52253249997739,78.32456195808481,78.33012566703837,79.32638062501792,79.32178054202814,71.5197987499414,,,,,,,,,,,,,,,,,,999999,right,no,None,2025-06-02_10h58.35.526,RL_out-of-scanner,2024.2.4,None,2025-06-02 10h58.45.743274 -0700,
15,0,15,space,0.9080768340500072,None,space,1.9251783749787137,None,71.52128616604023,k,0.2771833341103047,None,None,71.8052029160317,71.80545512505341,72.7980423750123,72.7980760410428,73.79873545805458,73.79877491598018,75.7912823749939,,,,,,,0,0,0,0,15,0,15,0,79.32638062501792,,,,,,,,,,,,,,,,,,,,,,,,,,,,,,71.52128616604023,79.3233036249876,79.32638062501792,79.32638062501792,79.32638062501792,79.32638062501792,79.60712804202922,k,0.2771833341103047,None,right,1,14,10,0,14,10,None,71.8052029160317,71.80545512505341,79.60747170809191,79.6147134579951,79.6147134579951,80.62103791709524,80.62103791709524,80.6000074170297,72.7980423750123,72.7980760410428,80.61676658305805,80.62103791709524,80.62103791709524,81.60070566704962,stimuli/box_coin_transparent.png,73.79873545805458,73.79877491598018,81.60079070809297,81.60481541708577,83.59896483307239,83.59326687501743,75.7912823749939,,,,,,,,,,,,,,,,,,999999,right,no,None,2025-06-02_10h58.35.526,RL_out-of-scanner,2024.2.4,None,2025-06-02 10h58.45.743274 -0700,
16,0,16,space,0.9080768340500072,None,space,1.9251783749787137,None,75.79264545801561,k,0.2931520000565797,None,None,76.09686512500048,76.09712287504226,78.0959454580443,78.09603729099035,79.09830820804927,79.09833449998405,80.09617383300792,,,,,,,0,0,0,0,16,0,16,0,83.59896483307239,,,,,,,,,,,,,,,,,,,,,,,,,,,,,,75.79264545801561,83.59466520801652,83.59896483307239,83.59896483307239,83.59896483307239,83.59896483307239,83.89879479201045,k,0.2931520000565797,None,right,1,14,11,0,15,11,None,76.09686512500048,76.09712287504226,83.8991398330545,83.90631937503349,83.90631937503349,85.91903275006916,85.91903275006916,85.89787804207299,78.0959454580443,78.09603729099035,85.91472208302002,85.91903275006916,85.91903275006916,86.90028670802712,stimuli/box_coin_transparent.png,79.09830820804927,79.09833449998405,86.90034883306362,86.91419183299877,87.90404666704126,87.89815616700798,80.09617383300792,,,,,,,,,,,,,,,,,,999999,right,no,None,2025-06-02_10h58.35.526,RL_out-of-scanner,2024.2.4,None,2025-06-02 10h58.45.743274 -0700,
17,0,17,space,0.9080768340500072,None,space,1.9251783749787137,None,80.09768612496555,k,0.2759334589354694,None,None,80.38339195796289,80.38365637499373,81.37670370796695,81.37673604104202,82.3794700410217,82.37949729105458,83.36781316599809,,,,,,,0,0,0,0,17,0,17,0,87.90404666704126,,,,,,,,,,,,,,,,,,,,,,,,,,,,,,80.09768612496555,87.89970658300444,87.90404666704126,87.90404666704126,87.90404666704126,87.90404666704126,88.18531458301004,k,0.2759334589354694,None,right,0,14,11,0,16,11,None,80.38339195796289,80.38365637499373,88.18567216699012,88.19329654204194,88.19329654204194,89.19740312499925,89.19740312499925,89.1786695830524,81.37670370796695,81.37673604104202,89.19295866705943,89.19740312499925,89.19740312499925,90.18144875008147,stimuli/box_empty_transparent.png,82.3794700410217,82.37949729105458,90.18151154206134,90.184352625045,91.17743562499527,91.16978654207196,83.36781316599809,,,,,,,,,,,,,,,,,,999999,right,no,None,2025-06-02_10h58.35.526,RL_out-of-scanner,2024.2.4,None,2025-06-02 10h58.45.743274 -0700,
18,0,18,space,0.9080768340500072,None,space,1.9251783749787137,None,83.3707012910163,k,0.38146095897536725,None,None,83.76224779104814,83.76247033302207,87.25806570798159,87.25810754101258,88.26232750003692,88.26235570805147,90.25057575001847,,,,,,,0,0,0,0,18,0,18,0,91.17743562499527,,,,,,,,,,,,,,,,,,,,,,,,,,,,,,83.3707012910163,91.172730625025,91.17743562499527,91.17743562499527,91.17743562499527,91.17743562499527,91.56418233306613,k,0.38146095897536725,None,right,1,14,12,0,17,12,None,83.76224779104814,83.76247033302207,91.56448329205159,91.57060941704549,91.57060941704549,95.08180666703265,95.08180666703265,95.0600259579951,87.25806570798159,87.25810754101258,95.07696612505242,95.08180666703265,95.08180666703265,96.0643052920932,stimuli/box_coin_transparent.png,88.26232750003692,88.26235570805147,96.06437016709242,96.06732758309226,98.06691058306023,98.05255741707515,90.25057575001847,,,,,,,,,,,,,,,,,,999999,right,no,None,2025-06-02_10h58.35.526,RL_out-of-scanner,2024.2.4,None,2025-06-02 10h58.45.743274 -0700,
19,0,19,space,0.9080768340500072,None,space,1.9251783749787137,None,90.2520685410127,k,0.32609487511217594,None,None,90.59668233303819,90.59687058301643,91.59744429099374,91.5975085409591,92.59894254105166,92.59902399999555,94.09723624994513,,,,,,,0,0,0,0,19,0,19,0,98.06691058306023,,,,,,,,,,,,,,,,,,,,,,,,,,,,,,90.2520685410127,98.05408904200885,98.06691058306023,98.06691058306023,98.06691058306023,98.06691058306023,98.39862645801622,k,0.32609487511217594,None,right,1,14,13,0,18,13,None,90.59668233303819,90.59687058301643,98.39887758309487,98.40579458302818,98.40579458302818,99.42152400000487,99.42152400000487,99.39937712508254,91.59744429099374,91.5975085409591,99.4168173330836,99.42152400000487,99.42152400000487,100.40088720805943,stimuli/box_coin_transparent.png,92.59894254105166,92.59902399999555,100.40105887502432,100.41370154207107,101.90485195803922,101.89921504200902,94.09723624994513,,,,,,,,,,,,,,,,,,999999,right,no,None,2025-06-02_10h58.35.526,RL_out-of-scanner,2024.2.4,None,2025-06-02 10h58.45.743274 -0700,
20,0,20,space,0.9080768340500072,None,space,1.9251783749787137,None,94.0987302500289,k,0.3283060420071706,None,None,94.44220079097431,94.44243033300154,96.43471004103776,96.43474633304868,97.43816591601353,97.43819437501952,99.42519666603766,,,,,,,0,0,0,0,20,0,20,0,101.90485195803922,,,,,,,,,,,,,,,,,,,,,,,,,,,,,,94.0987302500289,101.90074958303012,101.90485195803922,101.90485195803922,101.90485195803922,101.90485195803922,102.24413462507073,k,0.3283060420071706,None,right,1,14,14,0,19,14,None,94.44220079097431,94.44243033300154,102.24444550008047,102.25173795805313,102.25173795805313,104.25709916709457,104.25709916709457,104.23666425002739,96.43471004103776,96.43474633304868,104.25241529208142,104.25709916709457,104.25709916709457,105.24014383309986,stimuli/box_coin_transparent.png,97.43816591601353,97.43819437501952,105.24020920798648,105.2429872500943,107.23435825004708,107.2271572080208,99.42519666603766,,,,,,,,,,,,,,,,,,999999,right,no,None,2025-06-02_10h58.35.526,RL_out-of-scanner,2024.2.4,None,2025-06-02 10h58.45.743274 -0700,
21,0,21,space,0.9080768340500072,None,space,1.9251783749787137,None,99.42762291594408,k,0.2970747499493882,None,None,99.73212958301883,99.73237083305139,102.73085908300709,102.73092870798428,103.73811333300546,103.73814300005324,105.2377329999581,,,,,,,0,0,0,0,21,0,21,0,107.23435825004708,,,,,,,,,,,,,,,,,,,,,,,,,,,,,,99.42762291594408,107.22967475000769,107.23435825004708,107.23435825004708,107.23435825004708,107.23435825004708,107.53406137507409,k,0.2970747499493882,None,left,1,15,0,1,19,14,None,99.73212958301883,99.73237083305139,107.53438679198734,107.53910912503488,107.53910912503488,110.55337512504775,110.55337512504775,110.53277858300135,102.73085908300709,102.73092870798428,110.54929479199927,110.55337512504775,110.55337512504775,111.54009254206903,stimuli/box_empty_transparent.png,103.73811333300546,103.73814300005324,111.54015766701195,111.54511212499347,113.04572787508368,113.03971379203722,105.2377329999581,,,,,,,,,,,,,,,,,,999999,right,no,None,2025-06-02_10h58.35.526,RL_out-of-scanner,2024.2.4,None,2025-06-02 10h58.45.743274 -0700,
22,0,22,space,0.9080768340500072,None,space,1.9251783749787137,None,105.23928004095796,k,0.34895458398386836,None,None,105.6080807079561,105.60872016602661,107.11290487495717,107.11294154101051,108.11437395797111,108.11443604098167,110.11539779102895,,,,,,,0,0,0,0,22,0,22,0,113.04572787508368,,,,,,,,,,,,,,,,,,,,,,,,,,,,,,105.23928004095796,113.04130045801867,113.04572787508368,113.04572787508368,113.04572787508368,113.04572787508368,113.40992554207332,k,0.34895458398386836,None,left,1,15,0,1,19,14,None,105.6080807079561,105.60872016602661,113.41077383304946,113.41871400002856,113.41871400002856,114.93291254201904,114.93291254201904,114.9148671249859,107.11290487495717,107.11294154101051,114.92821370798629,114.93291254201904,114.93291254201904,115.91631733300164,stimuli/box_empty_transparent.png,108.11437395797111,108.11443604098167,115.9164659170201,115.92224816698581,117.92366325005423,117.91737262508832,110.11539779102895,,,,,,,,,,,,,,,,,,999999,right,no,None,2025-06-02_10h58.35.526,RL_out-of-scanner,2024.2.4,None,2025-06-02 10h58.45.743274 -0700,
23,0,23,space,0.9080768340500072,None,space,1.9251783749787137,None,110.1170395410154,k,0.3168187499977648,None,None,110.44213166600093,110.44245595799293,111.94096937496215,111.94103266601451,112.94498612498865,112.94502370804548,114.4360005829949,,,,,,,0,0,0,0,23,0,23,0,117.92366325005423,,,,,,,,,,,,,,,,,,,,,,,,,,,,,,110.1170395410154,117.91906479198951,117.92366325005423,117.92366325005423,117.92366325005423,117.92366325005423,118.24402850004844,k,0.3168187499977648,None,left,1,15,0,1,19,14,None,110.44213166600093,110.44245595799293,118.24447295803111,118.25195366702974,118.25195366702974,119.76371458300855,119.76371458300855,119.7429059999995,111.94096937496215,111.94103266601451,119.75829850009177,119.76371458300855,119.76371458300855,120.74695320799947,stimuli/box_empty_transparent.png,112.94498612498865,112.94502370804548,120.74703945801593,120.75050858303439,122.24510045803618,122.23796212498564,114.4360005829949,,,,,,,,,,,,,,,,,,999999,right,no,None,2025-06-02_10h58.35.526,RL_out-of-scanner,2024.2.4,None,2025-06-02 10h58.45.743274 -0700,
24,0,24,space,0.9080768340500072,None,space,1.9251783749787137,None,114.43892075004987,j,0.27636504196561873,None,None,114.72273754095659,114.72304054105189,116.72120000002906,116.72123116604052,117.71868579101283,117.71871920803096,119.22184749995358,,,,,,,0,0,0,0,24,0,24,0,122.24510045803618,,,,,,,,,,,,,,,,,,,,,,,,,,,,,,114.43892075004987,122.24098054203205,122.24510045803618,122.24510045803618,122.24510045803618,122.24510045803618,122.52466733299661,j,0.27636504196561873,None,left,1,15,1,1,20,15,None,114.72273754095659,114.72304054105189,122.5250551670324,122.53238579200115,122.53238579200115,124.53539924998768,124.53539924998768,124.52316833299119,116.72120000002906,116.72123116604052,124.53208645805717,124.53539924998768,124.53539924998768,125.52065954206046,stimuli/box_coin_transparent.png,117.71868579101283,117.71871920803096,125.5207351250574,125.5342575419927,127.02998079208191,127.02382429200225,119.22184749995358,125.5342575419927,125.5342575419927,,,,,,,,,,,,,,,,999999,right,no,None,2025-06-02_10h58.35.526,RL_out-of-scanner,2024.2.4,None,2025-06-02 10h58.45.743274 -0700,
25,0,25,space,0.9080768340500072,None,space,1.9251783749787137,None,119.22345058305655,j,0.2614325829781592,None,None,119.4998750409577,119.50033091602381,120.4971165410243,120.49716987495776,121.50402800005395,121.50407016603276,124.99664074997418,,,,,,,0,0,0,0,25,0,25,0,127.02998079208191,,,,,,,,,,,,,,,,,,,,,,,,,,,,,,119.22345058305655,127.02547133306507,127.02998079208191,127.02998079208191,127.02998079208191,127.02998079208191,127.3017353330506,j,0.2614325829781592,None,left,1,15,2,1,21,16,None,119.4998750409577,119.50033091602381,127.30236845801119,127.31046933308244,127.31046933308244,128.32160450005904,128.32160450005904,128.2990625000093,120.4971165410243,120.49716987495776,128.31688062509056,128.32160450005904,128.32160450005904,129.30599712498952,stimuli/box_coin_transparent.png,121.50402800005395,121.50407016603276,129.30609270802233,129.31041579204611,132.80607362498995,132.7986222920008,124.99664074997418,,,,,,,,,,,,,,,,,,999999,right,no,None,2025-06-02_10h58.35.526,RL_out-of-scanner,2024.2.4,None,2025-06-02 10h58.45.743274 -0700,
26,0,26,space,0.9080768340500072,None,space,1.9251783749787137,None,124.99816049996298,j,0.2869744999334216,None,None,125.29520141601097,125.2955913329497,125.78992804104928,125.78996254096273,126.79012679099105,126.79016470804345,130.293370957952,,,,,,,0,0,0,0,26,0,26,0,132.80607362498995,,,,,,,,,,,,,,,,,,,,,,,,,,,,,,124.99816049996298,132.80018133309204,132.80607362498995,132.80607362498995,132.80607362498995,132.80607362498995,133.09709145803936,j,0.2869744999334216,None,left,0,15,2,1,22,16,None,125.29520141601097,125.2955913329497,133.09761375002563,133.10458300006576,133.10458300006576,133.61446958302986,133.61446958302986,133.59189204208087,125.78992804104928,125.78996254096273,133.6085940420162,133.61446958302986,133.61446958302986,134.59209770802408,stimuli/box_empty_transparent.png,126.79012679099105,126.79016470804345,134.59217754204292,134.60605041706003,138.10207962500863,138.0953510000836,130.293370957952,,,,,,,,,,,,,,,,,,999999,right,no,None,2025-06-02_10h58.35.526,RL_out-of-scanner,2024.2.4,None,2025-06-02 10h58.45.743274 -0700,
27,0,27,space,0.9080768340500072,None,space,1.9251783749787137,None,130.2953878750559,j,0.27261716697830707,None,None,130.57983787497506,130.5801908329595,132.0835352910217,132.0836348750163,133.08529320801608,133.08533137501217,134.0812815829413,,,,,,,0,0,0,0,27,0,27,0,138.10207962500863,,,,,,,,,,,,,,,,,,,,,,,,,,,,,,130.2953878750559,138.0974083330948,138.10207962500863,138.10207962500863,138.10207962500863,138.10207962500863,138.38170737505425,j,0.27261716697830707,None,left,0,15,2,1,23,16,None,130.57983787497506,130.5801908329595,138.38221041706856,138.3899462079862,138.3899462079862,139.90533541701734,139.90533541701734,139.88544733298477,132.0835352910217,132.0836348750163,139.9005289580673,139.90533541701734,139.90533541701734,140.88726058299653,stimuli/box_empty_transparent.png,133.08529320801608,133.08533137501217,140.88735345809255,140.8935249580536,141.88937458302826,141.88326212507673,134.0812815829413,,,,,,,,,,,,,,,,,,999999,right,no,None,2025-06-02_10h58.35.526,RL_out-of-scanner,2024.2.4,None,2025-06-02 10h58.45.743274 -0700,
28,0,28,space,0.9080768340500072,None,space,1.9251783749787137,None,134.08292650000658,j,0.48217437497805804,None,None,134.5720428749919,134.57255845796317,135.56512104102876,135.56516620796174,136.57106883300003,136.57110362499952,140.06364458298776,,,,,,,0,0,0,0,28,0,28,0,141.88937458302826,,,,,,,,,,,,,,,,,,,,,,,,,,,,,,134.08292650000658,141.8849455830641,141.88937458302826,141.88937458302826,141.88937458302826,141.88937458302826,142.37395120807923,j,0.48217437497805804,None,left,1,15,3,1,24,17,None,134.5720428749919,134.57255845796317,142.3745765000349,142.3825368330581,142.3825368330581,143.38688687502872,143.38688687502872,143.36708120803814,135.56512104102876,135.56516620796174,143.38241545809433,143.38688687502872,143.38688687502872,144.373040333041,stimuli/box_coin_transparent.png,136.57106883300003,136.57110362499952,144.3731184169883,144.37592179200146,147.87161270808429,147.86562145804055,140.06364458298776,,,,,,,,,,,,,,,,,,999999,right,no,None,2025-06-02_10h58.35.526,RL_out-of-scanner,2024.2.4,None,2025-06-02 10h58.45.743274 -0700,
29,0,29,space,0.9080768340500072,None,space,1.9251783749787137,None,140.06523445795756,j,0.2729072499787435,None,None,140.357662791037,140.35826645803172,142.35206812503748,142.35211529105436,143.36542945797555,143.365530207986,144.35495833295863,,,,,,,0,0,0,0,29,0,29,0,147.87161270808429,,,,,,,,,,,,,,,,,,,,,,,,,,,,,,140.06523445795756,147.8672549580224,147.87161270808429,147.87161270808429,147.87161270808429,147.87161270808429,148.15955808304716,j,0.2729072499787435,None,left,1,15,4,1,25,18,None,140.357662791037,140.35826645803172,148.16029712499585,148.16822404204868,148.16822404204868,150.17343029205222,150.17343029205222,150.15402204205748,142.35206812503748,142.35211529105436,150.16896045801695,150.17343029205222,150.17343029205222,151.1673713750206,stimuli/box_coin_transparent.png,143.36542945797555,143.365530207986,151.16756345808972,151.1738222920103,152.16424487507902,152.15691695804708,144.35495833295863,,,,,,,,,,,,,,,,,,999999,right,no,None,2025-06-02_10h58.35.526,RL_out-of-scanner,2024.2.4,None,2025-06-02 10h58.45.743274 -0700,
30,0,30,space,0.9080768340500072,None,space,1.9251783749787137,None,144.35747758299112,j,0.36478850001003593,None,None,144.7309768750565,144.73129058303311,145.72967491601594,145.7297158750007,146.73688745801337,146.7369083330268,147.73234224994667,,,,,,,0,0,0,0,30,0,30,0,152.16424487507902,,,,,,,,,,,,,,,,,,,,,,,,,,,,,,144.35747758299112,152.15951999998651,152.16424487507902,152.16424487507902,152.16424487507902,152.16424487507902,152.53287450002972,j,0.36478850001003593,None,left,1,15,5,1,26,19,None,144.7309768750565,144.73129058303311,152.5333080420969,152.54077612503897,152.54077612503897,153.55225200008135,153.55225200008135,153.5316313750809,145.72967491601594,145.7297158750007,153.5479221669957,153.55225200008135,153.55225200008135,154.53886787500232,stimuli/box_coin_transparent.png,146.73688745801337,146.7369083330268,154.53892045805696,154.54211283300538,155.54158641700633,155.53431370807812,147.73234224994667,,,,,,,,,,,,,,,,,,999999,right,no,None,2025-06-02_10h58.35.526,RL_out-of-scanner,2024.2.4,None,2025-06-02 10h58.45.743274 -0700,
31,0,31,space,0.9080768340500072,None,space,1.9251783749787137,None,147.7347784159938,j,0.3511985830264166,None,None,148.09683108294848,148.09716470795684,151.09108812501654,151.09117737505585,152.09510466596112,152.0951514999615,154.5919309159508,,,,,,,0,0,0,0,31,0,31,0,155.54158641700633,,,,,,,,,,,,,,,,,,,,,,,,,,,,,,147.7347784159938,155.53682124998886,155.54158641700633,155.54158641700633,155.54158641700633,155.54158641700633,155.8987597920932,j,0.3511985830264166,None,left,1,15,6,1,27,20,None,148.09683108294848,148.09716470795684,155.8991812079912,155.9066219580127,155.9066219580127,158.91452504205517,158.91452504205517,158.89298858307302,151.09108812501654,151.09117737505585,158.90966941707302,158.91452504205517,158.91452504205517,159.89706250000745,stimuli/box_coin_transparent.png,152.09510466596112,152.0951514999615,159.89717370807193,159.90076520806178,162.40228925005067,162.39389649999794,154.5919309159508,,,,,,,,,,,,,,,,,,999999,right,no,None,2025-06-02_10h58.35.526,RL_out-of-scanner,2024.2.4,None,2025-06-02 10h58.45.743274 -0700,
32,0,32,space,0.9080768340500072,None,space,1.9251783749787137,None,154.59452212497126,j,0.2685157920932397,None,None,154.87328241602518,154.8735538329929,155.8760486249812,155.87614004104398,156.8893442079425,156.88938641594723,157.89011333300732,,,,,,,0,0,0,0,32,0,32,0,162.40228925005067,,,,,,,,,,,,,,,,,,,,,,,,,,,,,,154.59452212497126,162.39656362507958,162.40228925005067,162.40228925005067,162.40228925005067,162.40228925005067,162.67520525003783,j,0.2685157920932397,None,left,1,15,7,1,28,21,None,154.87328241602518,154.8735538329929,162.67556950007565,162.6829332500929,162.6829332500929,163.69938325008843,163.69938325008843,163.67795875004958,155.8760486249812,155.87614004104398,163.69467583298683,163.69938325008843,163.69938325008843,164.69130495807622,stimuli/box_coin_transparent.png,156.8893442079425,156.88938641594723,164.6914098750567,164.69625295803417,165.69920100003947,165.69208037503995,157.89011333300732,,,,,,,,,,,,,,,,,,999999,right,no,None,2025-06-02_10h58.35.526,RL_out-of-scanner,2024.2.4,None,2025-06-02 10h58.45.743274 -0700,
33,0,33,space,0.9080768340500072,None,space,1.9251783749787137,None,157.89250233303756,j,0.42645525000989437,None,None,158.3330472910311,158.33330129098613,160.32954737497494,160.32957841595635,161.33172595803626,161.33177549997345,162.82287745794747,,,,,,,0,0,0,0,33,0,33,0,165.69920100003947,,,,,,,,,,,,,,,,,,,,,,,,,,,,,,157.89250233303756,165.69453362503555,165.69920100003947,165.69920100003947,165.69920100003947,165.69920100003947,166.13497891707812,j,0.42645525000989437,None,left,1,15,8,1,29,22,None,158.3330472910311,158.33330129098613,166.13531620800495,166.14272645802703,166.14272645802703,168.15095020807348,168.15095020807348,168.13151041709352,160.32954737497494,160.32957841595635,168.1468420419842,168.15095020807348,168.15095020807348,169.1336785419844,stimuli/box_coin_transparent.png,161.33172595803626,161.33177549997345,169.1338077080436,169.14015641703736,170.6321029580431,170.6248420830816,162.82287745794747,,,,,,,,,,,,,,,,,,999999,right,no,None,2025-06-02_10h58.35.526,RL_out-of-scanner,2024.2.4,None,2025-06-02 10h58.45.743274 -0700,
34,0,34,space,0.9080768340500072,None,space,1.9251783749787137,None,162.82561695796903,None,,,['j'],164.32254974998068,164.32270124997012,167.3151557079982,167.31523974996526,168.32999137497973,168.33002004097216,170.81655391596723,[0.3260439580772072],[0.12603404198307544],,,,,0,0,0,0,34,0,34,0,170.6321029580431,,,,,,,,,,,,,,,,,,,,,,,,,,,,,,162.82561695796903,170.6276466670679,170.6321029580431,170.6321029580431,170.6321029580431,170.6321029580431,172.12432754202746,None,,,left,1,15,8,1,29,22,['j'],164.32254974998068,164.32270124997012,172.12472541700117,172.13131379208062,172.13131379208062,175.13640233303886,175.13640233303886,175.11705333308782,167.3151557079982,167.31523974996526,175.13223537500016,175.13640233303886,175.13640233303886,176.13196862500627,no selection made,168.32999137497973,168.33002004097216,176.13203225005418,176.13493720802944,178.63271658308804,178.61853591701947,170.81655391596723,,,172.13131379208062,172.13131379208062,172.13131379208062,172.13131379208062,[0.3260439580772072],[0.12603404198307544],,,,,,,,,,999999,right,no,None,2025-06-02_10h58.35.526,RL_out-of-scanner,2024.2.4,None,2025-06-02 10h58.45.743274 -0700,
35,0,35,space,0.9080768340500072,None,space,1.9251783749787137,None,170.81804733304307,j,0.49761120800394565,None,None,171.3416532910196,171.34197141602635,172.83249599998817,172.8325269999914,173.84564091602806,173.84566791600082,174.83346312504727,,,,,,,0,0,0,0,35,0,35,0,178.63271658308804,,,,,,,,,,,,,,,,,,,,,,,,,,,,,,170.81804733304307,178.62006708304398,178.63271658308804,178.63271658308804,178.63271658308804,178.63271658308804,179.14358104206622,j,0.49761120800394565,None,left,1,15,9,1,30,23,None,171.3416532910196,171.34197141602635,179.14398720802274,179.1514246670995,179.1514246670995,180.65604641707614,180.65604641707614,180.6344606250059,172.83249599998817,172.8325269999914,180.6510356250219,180.65604641707614,180.65604641707614,181.64761895802803,stimuli/box_coin_transparent.png,173.84564091602806,173.84566791600082,181.64768495806493,181.6505183330737,182.64362854207866,182.63542025000788,174.83346312504727,,,,,,,,,,,,,,,,,,999999,right,no,None,2025-06-02_10h58.35.526,RL_out-of-scanner,2024.2.4,None,2025-06-02 10h58.45.743274 -0700,
36,0,36,space,0.9080768340500072,None,space,1.9251783749787137,None,174.83686004101764,j,0.3290316249476746,None,None,175.17255554103758,175.17279987502843,176.66259629104752,176.66262654098682,177.67324899998493,177.6732914580498,181.16570991603658,,,,,,,0,0,0,0,36,0,36,0,182.64362854207866,,,,,,,,,,,,,,,,,,,,,,,,,,,,,,174.83686004101764,182.6388970830012,182.64362854207866,182.64362854207866,182.64362854207866,182.64362854207866,182.9744956670329,j,0.3290316249476746,None,left,0,15,9,1,31,23,None,175.17255554103758,175.17279987502843,182.97481575002894,182.9790895000333,182.9790895000333,184.48317337501794,184.48317337501794,184.46455416700337,176.66259629104752,176.66262654098682,184.47892833303194,184.48317337501794,184.48317337501794,185.4752159169875,stimuli/box_empty_transparent.png,177.67324899998493,177.6732914580498,185.47530579206068,185.478094042046,188.97478270798456,188.96767262509093,181.16570991603658,,,,,,,,,,,,,,,,,,999999,right,no,None,2025-06-02_10h58.35.526,RL_out-of-scanner,2024.2.4,None,2025-06-02 10h58.45.743274 -0700,
37,0,37,space,0.9080768340500072,None,space,1.9251783749787137,None,181.1681552079972,j,0.32684258301742375,None,None,181.50839724997059,181.50866729102563,183.50002795795444,183.5000592910219,184.50911016599275,184.5091378330253,185.49857479101047,,,,,,,0,0,0,0,37,0,37,0,188.97478270798456,,,,,,,,,,,,,,,,,,,,,,,,,,,,,,181.1681552079972,188.9701887080446,188.97478270798456,188.97478270798456,188.97478270798456,188.97478270798456,189.31033633300103,j,0.32684258301742375,None,left,1,15,10,1,32,24,None,181.50839724997059,181.50866729102563,189.31068370805588,189.31814087508246,189.31814087508246,191.32291116705164,191.32291116705164,191.30199354200158,183.50002795795444,183.5000592910219,191.3183390829945,191.32291116705164,191.32291116705164,192.31108775001485,stimuli/box_coin_transparent.png,184.50911016599275,184.5091378330253,192.31115212501027,192.3151262080064,193.30644141708035,193.30055766704027,185.49857479101047,,,,,,,,,,,,,,,,,,999999,right,no,None,2025-06-02_10h58.35.526,RL_out-of-scanner,2024.2.4,None,2025-06-02 10h58.45.743274 -0700,
38,0,38,space,0.9080768340500072,None,space,1.9251783749787137,None,185.50009462505113,j,0.3934431659290567,None,None,185.9001014160458,185.90038770798128,186.8967883749865,186.89685629098676,187.90431354101747,187.90434229094535,189.39101962500717,,,,,,,0,0,0,0,38,0,38,0,193.30644141708035,,,,,,,,,,,,,,,,,,,,,,,,,,,,,,185.50009462505113,193.30211337504443,193.30644141708035,193.30644141708035,193.30644141708035,193.30644141708035,193.70204129209742,j,0.3934431659290567,None,left,0,15,10,1,33,24,None,185.9001014160458,185.90038770798128,193.70240250008646,193.7097451670561,193.7097451670561,194.71837437502109,194.71837437502109,194.69871708308347,186.8967883749865,186.89685629098676,194.71410354203545,194.71837437502109,194.71837437502109,195.70629154203925,stimuli/box_empty_transparent.png,187.90431354101747,187.90434229094535,195.70635562506504,195.70925170800183,197.19953491701744,197.19300062500406,189.39101962500717,,,,,,,,,,,,,,,,,,999999,right,no,None,2025-06-02_10h58.35.526,RL_out-of-scanner,2024.2.4,None,2025-06-02 10h58.45.743274 -0700,
39,0,39,space,0.9080768340500072,None,space,1.9251783749787137,None,189.3926577080274,j,0.28943916701246053,None,None,189.68874300003517,189.68901287496556,190.68881524994504,190.68884858302772,191.69133595796302,191.69136799999978,192.69054808304645,,,,,,,0,0,0,0,39,0,39,0,197.19953491701744,,,,,,,,,,,,,,,,,,,,,,,,,,,,,,189.3926577080274,197.19467758305836,197.19953491701744,197.19953491701744,197.19953491701744,197.19953491701744,197.4906779580051,j,0.28943916701246053,None,left,1,15,11,1,34,25,None,189.68874300003517,189.68901287496556,197.4910280420445,197.4953247080557,197.4953247080557,198.5122268750565,198.5122268750565,198.49077883304562,190.68881524994504,190.68884858302772,198.50795262504835,198.5122268750565,198.5122268750565,199.4933125830721,stimuli/box_coin_transparent.png,191.69133595796302,191.69136799999978,199.49338337499648,199.50729162502103,200.5060869579902,200.4925243750913,192.69054808304645,,,,,,,,,,,,,,,,,,999999,right,no,None,2025-06-02_10h58.35.526,RL_out-of-scanner,2024.2.4,None,2025-06-02 10h58.45.743274 -0700,
40,0,40,space,0.9080768340500072,None,space,1.9251783749787137,None,192.69214887497947,j,0.9702738330233842,None,['j'],193.68119116604794,193.68152054096572,195.18005587498192,195.18009200005326,196.18232741602696,196.18235995795112,197.1828334579477,[0.3327140000183135],[0.07942162500694394],,,,,0,0,0,0,40,0,40,0,200.5060869579902,,,,,,,,,,,,,,,,,,,,,,,,,,,,,,192.69214887497947,200.4941687079845,200.5060869579902,200.5060869579902,200.5060869579902,200.5060869579902,201.48308054206427,j,0.9702738330233842,None,left,1,15,12,1,35,26,['j'],193.68119116604794,193.68152054096572,201.48353745799977,201.49098641704768,201.49098641704768,203.0013231250923,203.0013231250923,202.98201670800336,195.18005587498192,195.18009200005326,202.9970806670608,203.0013231250923,203.0013231250923,203.98429304198362,stimuli/box_coin_transparent.png,196.18232741602696,196.18235995795112,203.98437316704076,203.99904691707343,204.99213970801793,204.98478720802814,197.1828334579477,,,,,,,[0.3327140000183135],[0.07942162500694394],,,,,,,,,,999999,right,no,None,2025-06-02_10h58.35.526,RL_out-of-scanner,2024.2.4,None,2025-06-02 10h58.45.743274 -0700,
41,0,41,space,0.9080768340500072,None,space,1.9251783749787137,None,197.18524645804428,j,0.2664105830481276,None,None,197.477200040943,197.4779337500222,198.4825101660099,198.4825618750183,199.48280624998733,199.4828330000164,202.48906212497968,,,,,,,0,0,0,0,41,0,41,0,204.99213970801793,,,,,,,,,,,,,,,,,,,,,,,,,,,,,,197.18524645804428,204.98727604199667,204.99213970801793,204.99213970801793,204.99213970801793,204.99213970801793,205.27905529201962,j,0.2664105830481276,None,left,0,15,12,1,36,26,None,197.477200040943,197.4779337500222,205.27998500003014,205.28793025005143,205.28793025005143,206.30598237505183,206.30598237505183,206.28444708301686,198.4825101660099,198.4825618750183,206.30033975001425,206.30598237505183,206.30598237505183,207.2847835420398,stimuli/box_empty_transparent.png,199.48280624998733,199.4828330000164,207.28484750003554,207.29908162506763,210.29731516703032,210.29102758306544,202.48906212497968,,,,,,,,,,,,,,,,,,999999,right,no,None,2025-06-02_10h58.35.526,RL_out-of-scanner,2024.2.4,None,2025-06-02 10h58.45.743274 -0700,
42,0,42,space,0.9080768340500072,None,space,1.9251783749787137,None,202.4906692079967,j,0.35292758292052895,None,None,202.85640629101545,202.85674650000874,204.85457774996758,204.8546249580104,205.85505237500183,205.85507783305366,209.34213758294936,,,,,,,0,0,0,0,42,0,42,0,210.29731516703032,,,,,,,,,,,,,,,,,,,,,,,,,,,,,,202.4906692079967,210.2926962079946,210.29731516703032,210.29731516703032,210.29731516703032,210.29731516703032,210.65832445805427,j,0.35292758292052895,None,left,1,15,13,1,37,27,None,202.85640629101545,202.85674650000874,210.65876558306627,210.6668562500272,210.6668562500272,212.67800729209557,212.67800729209557,212.6565308329882,204.85457774996758,204.8546249580104,212.67355854203925,212.67800729209557,212.67800729209557,213.6570308750961,stimuli/box_coin_transparent.png,205.85505237500183,205.85507783305366,213.6570923330728,213.66019383305684,217.15027391701005,217.14411762508098,209.34213758294936,,,,,,,,,,,,,,,,,,999999,right,no,None,2025-06-02_10h58.35.526,RL_out-of-scanner,2024.2.4,None,2025-06-02 10h58.45.743274 -0700,
43,0,43,space,0.9080768340500072,None,space,1.9251783749787137,None,209.3434262080118,j,0.27478908305056393,None,None,209.63340225000866,209.6338088749908,210.62923020799644,210.62927100004163,211.63757725001778,211.6376089999685,213.62679241597652,,,,,,,0,0,0,0,43,0,43,0,217.15027391701005,,,,,,,,,,,,,,,,,,,,,,,,,,,,,,209.3434262080118,217.14544720808044,217.15027391701005,217.15027391701005,217.15027391701005,217.15027391701005,217.43528866709676,j,0.27478908305056393,None,left,1,15,14,1,38,28,None,209.63340225000866,209.6338088749908,217.4358269580407,217.443778750021,217.443778750021,218.45141229208093,218.45141229208093,218.43118604202755,210.62923020799644,210.62927100004163,218.44681812508497,218.45141229208093,218.45141229208093,219.4395492920885,stimuli/box_coin_transparent.png,211.63757725001778,211.6376089999685,219.43962462502532,219.44279695802834,221.43597049999516,221.42875633307267,213.62679241597652,,,,,,,,,,,,,,,,,,999999,right,no,None,2025-06-02_10h58.35.526,RL_out-of-scanner,2024.2.4,None,2025-06-02 10h58.45.743274 -0700,
44,0,44,space,0.9080768340500072,None,space,1.9251783749787137,None,213.62868674995843,k,0.26915929198730737,None,None,213.91179612500127,213.91214845795184,216.40533554099966,216.40537587495055,217.40556229103822,217.40559600002598,219.39801775000524,,,,,,,0,0,0,0,44,0,44,0,221.43597049999516,,,,,,,,,,,,,,,,,,,,,,,,,,,,,,213.62868674995843,221.4307080419967,221.43597049999516,221.43597049999516,221.43597049999516,221.43597049999516,221.7137031670427,k,0.26915929198730737,None,left,1,15,14,1,38,28,None,213.91179612500127,213.91214845795184,221.71416479209438,221.7211263750214,221.7211263750214,224.22703375003766,224.22703375003766,224.20728937501553,216.40533554099966,216.40537587495055,224.2227488750359,224.22703375003766,224.22703375003766,225.20753758307546,stimuli/box_empty_transparent.png,217.40556229103822,217.40559600002598,225.20761004206724,225.21061362500768,227.206050583045,227.1999950420577,219.39801775000524,,,,,,,,,,,,,,,,,,999999,right,no,None,2025-06-02_10h58.35.526,RL_out-of-scanner,2024.2.4,None,2025-06-02 10h58.45.743274 -0700,
45,0,45,space,0.9080768340500072,None,space,1.9251783749787137,None,219.3996131250169,j,0.3281687500420958,None,None,219.74231270805467,219.74282495805528,220.74911229102872,220.74916970799677,221.75301216600928,221.75303854094818,222.74602658301592,,,,,,,0,0,0,0,45,0,45,0,227.206050583045,,,,,,,,,,,,,,,,,,,,,,,,,,,,,,219.3996131250169,227.20163320808206,227.206050583045,227.206050583045,227.206050583045,227.206050583045,227.5442040420603,j,0.3281687500420958,None,left,1,15,15,1,39,29,None,219.74231270805467,219.74282495805528,227.54488666704856,227.55358333303593,227.55358333303593,228.5759815000929,228.5759815000929,228.55105337500572,220.74911229102872,220.74916970799677,228.571207583067,228.5759815000929,228.5759815000929,229.55498887505382,stimuli/box_coin_transparent.png,221.75301216600928,221.75303854094818,229.5550565830199,229.5599920420209,230.5541034580674,230.54800379206426,222.74602658301592,,,,,,,,,,,,,,,,,,999999,right,no,None,2025-06-02_10h58.35.526,RL_out-of-scanner,2024.2.4,None,2025-06-02 10h58.45.743274 -0700,
46,0,46,space,0.9080768340500072,None,space,1.9251783749787137,None,222.74770070798695,j,0.3383704998996109,None,None,223.09753612498753,223.097850457998,225.0912408749573,225.09127541596536,226.09442516602576,226.09445362503175,227.09732774994336,,,,,,,0,0,0,0,46,0,46,0,230.5541034580674,,,,,,,,,,,,,,,,,,,,,,,,,,,,,,222.74770070798695,230.54972091701347,230.5541034580674,230.5541034580674,230.5541034580674,230.5541034580674,230.89946404204238,j,0.3383704998996109,None,right,1,12,0,2,39,29,None,223.09753612498753,223.097850457998,230.8998662920203,230.9075477500446,230.9075477500446,232.91154233308043,232.91154233308043,232.89320054207928,225.0912408749573,225.09127541596536,232.9072867500363,232.91154233308043,232.91154233308043,233.89640254201367,stimuli/box_empty_transparent.png,226.09442516602576,226.09445362503175,233.89647025009617,233.90234437503386,234.90648875001352,234.89929645799566,227.09732774994336,,,,,,,,,,,,,,,,,,999999,right,no,None,2025-06-02_10h58.35.526,RL_out-of-scanner,2024.2.4,None,2025-06-02 10h58.45.743274 -0700,
47,0,47,space,0.9080768340500072,None,space,1.9251783749787137,None,227.0998603750486,j,1.0993760420242324,None,None,228.21051545802038,228.210915750009,231.20443070796318,231.204465082963,232.20727470796555,232.2073246249929,233.70710754103493,,,,,,,0,0,0,0,47,0,47,0,234.90648875001352,,,,,,,,,,,,,,,,,,,,,,,,,,,,,,227.0998603750486,234.90189862507395,234.90648875001352,234.90648875001352,234.90648875001352,234.90648875001352,236.01230937498622,j,1.0993760420242324,None,right,1,12,0,2,39,29,None,228.21051545802038,228.210915750009,236.01293925009668,236.02098450006451,236.02098450006451,239.02438083302695,239.02438083302695,239.0063945420552,231.20443070796318,231.204465082963,239.01968012505677,239.02438083302695,239.02438083302695,240.0092312080087,stimuli/box_empty_transparent.png,232.20727470796555,232.2073246249929,240.00935041706543,240.01490291708615,241.51616583298892,241.5090739580337,233.70710754103493,,,,,,,,,,,,,,,,,,999999,right,no,None,2025-06-02_10h58.35.526,RL_out-of-scanner,2024.2.4,None,2025-06-02 10h58.45.743274 -0700,
48,0,48,space,0.9080768340500072,None,space,1.9251783749787137,None,233.70958866598085,j,0.31183525000233203,None,None,234.0303827499738,234.03067270794418,235.52549137501046,235.5255282910075,236.5305460409727,236.53060429100879,240.02144708298147,,,,,,,0,0,0,0,48,0,48,0,241.51616583298892,,,,,,,,,,,,,,,,,,,,,,,,,,,,,,233.70958866598085,241.51162500004284,241.51616583298892,241.51616583298892,241.51616583298892,241.51616583298892,241.83231600001454,j,0.31183525000233203,None,right,1,12,0,2,39,29,None,234.0303827499738,234.03067270794418,241.83268945803866,241.8399087920552,241.8399087920552,243.34455008304212,243.34455008304212,243.327454125043,235.52549137501046,235.5255282910075,243.340539583005,243.34455008304212,243.34455008304212,244.33250166708604,stimuli/box_empty_transparent.png,236.5305460409727,236.53060429100879,244.33263395808171,244.3380081250798,247.8294428330846,247.8234286250081,240.02144708298147,,,,,,,,,,,,,,,,,,999999,right,no,None,2025-06-02_10h58.35.526,RL_out-of-scanner,2024.2.4,None,2025-06-02 10h58.45.743274 -0700,
49,0,49,space,0.9080768340500072,None,space,1.9251783749787137,None,240.02298804104794,k,0.3373290420277044,None,None,240.37629479099996,240.3765889160568,241.8742744580377,241.8743325410178,242.87457795802038,242.87460500001907,242.8749613330001,,,,,,,0,0,0,0,49,0,49,0,247.8294428330846,,,,,,,,,,,,,,,,,,,,,,,,,,,,,,240.02298804104794,247.8250069170026,247.8294428330846,247.8294428330846,247.8294428330846,247.8294428330846,248.1782214170089,k,0.3373290420277044,None,right,1,12,1,2,40,30,None,240.37629479099996,240.3765889160568,248.17860412504524,248.18607329204679,248.18607329204679,249.699044792098,249.699044792098,249.67620291700587,241.8742744580377,241.8743325410178,249.6942128330702,249.699044792098,249.699044792098,250.67655800003558,stimuli/box_coin_transparent.png,242.87457795802038,242.87460500001907,250.67661983298603,250.69796120806132,250.69796120806132,250.67694691708311,242.8749613330001,,,,,,,,,,,,,,,,,,999999,right,no,None,2025-06-02_10h58.35.526,RL_out-of-scanner,2024.2.4,None,2025-06-02 10h58.45.743274 -0700,
0,0,0,space,0.9080768340500072,None,space,1.9251783749787137,None,,,,,,,,,,,,,,,,,,,0,0,0,0,,,,,,,,,,,,,,,,,,,,,,,,,,,,,,,,,,,,,,,,,,,,,,,,,,,,,,,,,,,,,,,,,,,,,,,,,,,,,,,,,,,250.69331958307885,250.69796120806132,254.6925900829956,254.69704850006383,254.7023994170595,310.33045791706536,310.31888566701673,,,999999,right,no,None,2025-06-02_10h58.35.526,RL_out-of-scanner,2024.2.4,None,2025-06-02 10h58.45.743274 -0700,
0,0,0,space,3.924741582944989,None,space,1.3164932079380378,None,0.0024372499901801348,None,,,None,1.4936644579283893,1.4937173329526559,2.4913059578975663,2.491349749965593,3.5012493329122663,3.5012787498999387,5.489800540963188,,,,,,,1,0,1,0,0,0,0,0,315.60933104204014,,,,,,,,,,,,,,,,310.3191042500548,310.33045791706536,310.33045791706536,314.2654390420066,space,3.924741582944989,None,314.26554658298846,314.27291204209905,314.27291204209905,315.59954054199625,space,1.3164932079380378,None,0.0024372499901801348,315.6020486250054,315.60933104204014,315.60933104204014,315.60933104204014,315.60933104204014,317.093200292089,None,,,right,1,10,0,3,40,0,None,1.4936644579283893,1.4937173329526559,317.09331962501165,317.10758325003553,317.10758325003553,318.10985008301213,318.10985008301213,318.0908416250022,2.4913059578975663,2.491349749965593,318.1055526670534,318.10985008301213,318.10985008301213,319.10081658302806,no selection made,3.5012493329122663,3.5012787498999387,319.1008804580197,319.10495254199486,321.09547904203646,321.08937204198446,5.489800540963188,,,317.10758325003553,317.10758325003553,317.10758325003553,317.10758325003553,,,,,,,,,,,,999999,right,no,None,2025-06-02_10h58.35.526,RL_out-of-scanner,2024.2.4,None,2025-06-02 10h58.45.743274 -0700,
1,0,1,space,3.924741582944989,None,space,1.3164932079380378,None,5.491376332938671,j,0.3660450830357149,None,None,5.866938915918581,5.867225207970478,7.368798582931049,7.368853249936365,8.376471540890634,8.376536207972094,9.86547395796515,,,,,,,1,0,1,0,1,0,1,0,321.09547904203646,,,,,,,,,,,,,,,,,,,,,,,,,,,,,,5.491376332938671,321.09098533308133,321.09547904203646,321.09547904203646,321.09547904203646,321.09547904203646,321.46646679204423,j,0.3660450830357149,None,right,1,10,0,3,40,0,None,5.866938915918581,5.867225207970478,321.46683162509,321.473948958097,321.473948958097,322.9882461670786,322.9882461670786,322.9683301670011,7.368798582931049,7.368853249936365,322.9834175000433,322.9882461670786,322.9882461670786,323.976005542092,stimuli/box_empty_transparent.png,8.376471540890634,8.376536207972094,323.976152874995,323.9822947080247,325.47027208306827,325.4650459170807,9.86547395796515,,,,,,,,,,,,,,,,,,999999,right,no,None,2025-06-02_10h58.35.526,RL_out-of-scanner,2024.2.4,None,2025-06-02 10h58.45.743274 -0700,
2,0,2,space,3.924741582944989,None,space,1.3164932079380378,None,9.866960540995933,k,0.2652879999950528,None,None,10.141353832907043,10.141582332900725,11.133007082971744,11.133040665998124,12.134676290908828,12.134732915903442,15.124345541000366,,,,,,,1,0,1,0,2,0,2,0,325.47027208306827,,,,,,,,,,,,,,,,,,,,,,,,,,,,,,9.866960540995933,325.4665656250436,325.47027208306827,325.47027208306827,325.47027208306827,325.47027208306827,325.74088141706306,k,0.2652879999950528,None,right,1,10,1,3,41,1,None,10.141353832907043,10.141582332900725,325.7411867080955,325.7482689580647,325.7482689580647,326.7556832500268,326.7556832500268,326.73256075009704,11.133007082971744,11.133040665998124,326.75095395802055,326.7556832500268,326.7556832500268,327.73422179208137,stimuli/box_coin_transparent.png,12.134676290908828,12.134732915903442,327.7343469579937,327.7395025420701,330.7304305420257,330.72386150003877,15.124345541000366,,,,,,,,,,,,,,,,,,999999,right,no,None,2025-06-02_10h58.35.526,RL_out-of-scanner,2024.2.4,None,2025-06-02 10h58.45.743274 -0700,
3,0,3,space,3.924741582944989,None,space,1.3164932079380378,None,15.1265689159045,k,0.2621835839236155,None,None,15.396312915952876,15.396565832896158,17.398762415978126,17.39879770798143,18.401249499991536,18.401276249904186,19.401395374909043,,,,,,,1,0,1,0,3,0,3,0,330.7304305420257,,,,,,,,,,,,,,,,,,,,,,,,,,,,,,15.1265689159045,330.72620462509803,330.7304305420257,330.7304305420257,330.7304305420257,330.7304305420257,330.99583141703624,k,0.2621835839236155,None,right,1,10,2,3,42,2,None,15.396312915952876,15.396565832896158,330.99617004208267,331.00284637499135,331.00284637499135,333.0184528330574,333.0184528330574,332.99831420800183,17.398762415978126,17.39879770798143,333.01427875005174,333.0184528330574,333.0184528330574,334.000819207984,stimuli/box_coin_transparent.png,18.401249499991536,18.401276249904186,334.0008792920271,334.0150015420513,335.01459700008854,335.00096633308567,19.401395374909043,,,,,,,,,,,,,,,,,,999999,right,no,None,2025-06-02_10h58.35.526,RL_out-of-scanner,2024.2.4,None,2025-06-02 10h58.45.743274 -0700,
4,0,4,space,3.924741582944989,None,space,1.3164932079380378,None,19.4028313329909,k,0.46559579099994153,None,None,19.88248766597826,19.88278233294841,20.876349375001155,20.876383333001286,21.884309124900028,21.884337582974695,24.37654029089026,,,,,,,1,0,1,0,4,0,4,0,335.01459700008854,,,,,,,,,,,,,,,,,,,,,,,,,,,,,,19.4028313329909,335.002440958051,335.01459700008854,335.01459700008854,335.01459700008854,335.01459700008854,335.482010458014,k,0.46559579099994153,None,right,0,10,2,3,43,2,None,19.88248766597826,19.88278233294841,335.48238791699987,335.48945979203563,335.48945979203563,336.49422416707966,336.49422416707966,336.4759032500442,20.876349375001155,20.876383333001286,336.4902049580123,336.49422416707966,336.49422416707966,337.4838765000459,stimuli/box_empty_transparent.png,21.884309124900028,21.884337582974695,337.4839413750451,337.4866695420351,339.98317537503317,339.97609558305703,24.37654029089026,,,,,,,,,,,,,,,,,,999999,right,no,None,2025-06-02_10h58.35.526,RL_out-of-scanner,2024.2.4,None,2025-06-02 10h58.45.743274 -0700,
5,0,5,space,3.924741582944989,None,space,1.3164932079380378,None,24.37880170799326,j,0.3580324170179665,None,None,24.749087082920596,24.74936979089398,28.248840665910393,28.248873374890536,29.257742624962702,29.25777179095894,31.24540120793972,,,,,,,1,0,1,0,5,0,5,0,339.98317537503317,,,,,,,,,,,,,,,,,,,,,,,,,,,,,,24.37880170799326,339.9784246250056,339.98317537503317,339.98317537503317,339.98317537503317,339.98317537503317,340.3486124170013,j,0.3580324170179665,None,right,0,10,2,3,43,2,None,24.749087082920596,24.74936979089398,340.3489745419938,340.35625700000674,340.35625700000674,343.86629475001246,343.86629475001246,343.84839466703124,28.248840665910393,28.248873374890536,343.86161237501074,343.86629475001246,343.86629475001246,344.85731045808643,stimuli/box_empty_transparent.png,29.257742624962702,29.25777179095894,344.8573751250515,344.8600986250676,346.8590709170094,346.84497262502555,31.24540120793972,,,,,,,,,,,,,,,,,,999999,right,no,None,2025-06-02_10h58.35.526,RL_out-of-scanner,2024.2.4,None,2025-06-02 10h58.45.743274 -0700,
6,0,6,space,3.924741582944989,None,space,1.3164932079380378,None,31.246812749886885,k,0.29050437500700355,None,None,31.553570999996737,31.55387049994897,32.547370124957524,32.547400832991116,33.54940249992069,33.54943116591312,34.53891437489074,,,,,,,1,0,1,0,6,0,6,0,346.8590709170094,,,,,,,,,,,,,,,,,,,,,,,,,,,,,,31.246812749886885,346.8464218330337,346.8590709170094,346.8590709170094,346.8590709170094,346.8590709170094,347.15308412502054,k,0.29050437500700355,None,right,1,10,3,3,44,3,None,31.553570999996737,31.55387049994897,347.15347720799036,347.161317332997,347.161317332997,348.16769224999007,348.16769224999007,348.14692100009415,32.547370124957524,32.547400832991116,348.16334166703746,348.16769224999007,348.16769224999007,349.1489695000928,stimuli/box_coin_transparent.png,33.54940249992069,33.54943116591312,349.14903537509963,349.15187512501143,350.1443455000408,350.1384861250408,34.53891437489074,,,,,,,,,,,,,,,,,,999999,right,no,None,2025-06-02_10h58.35.526,RL_out-of-scanner,2024.2.4,None,2025-06-02 10h58.45.743274 -0700,
7,0,7,space,3.924741582944989,None,space,1.3164932079380378,None,34.54038216592744,k,0.528081625001505,None,None,35.0841425829567,35.084390499978326,37.079640749958344,37.079704999923706,38.08193724998273,38.081964124925435,40.072199624963105,,,,,,,1,0,1,0,7,0,7,0,350.1443455000408,,,,,,,,,,,,,,,,,,,,,,,,,,,,,,34.54038216592744,350.13999270799104,350.1443455000408,350.1443455000408,350.1443455000408,350.1443455000408,350.6836643330753,k,0.528081625001505,None,right,1,10,4,3,45,4,None,35.0841425829567,35.084390499978326,350.68399579206016,350.6915807920741,350.6915807920741,352.7009317500051,352.7009317500051,352.6791668330552,37.079640749958344,37.079704999923706,352.6957130000228,352.7009317500051,352.7009317500051,353.68150675005745,stimuli/box_coin_transparent.png,38.08193724998273,38.081964124925435,353.6815680830041,353.68449333298486,355.6781092080055,355.6717702500755,40.072199624963105,,,,,,,,,,,,,,,,,,999999,right,no,None,2025-06-02_10h58.35.526,RL_out-of-scanner,2024.2.4,None,2025-06-02 10h58.45.743274 -0700,
8,0,8,space,3.924741582944989,None,space,1.3164932079380378,None,40.073672249913216,k,0.31401724996976554,None,None,40.40053929097485,40.40078637492843,43.39362279092893,43.393655207939446,44.39929808292072,44.399324457976036,45.88733466598205,,,,,,,1,0,1,0,8,0,8,0,355.6781092080055,,,,,,,,,,,,,,,,,,,,,,,,,,,,,,40.073672249913216,355.6732820000034,355.6781092080055,355.6781092080055,355.6781092080055,355.6781092080055,356.0000590420095,k,0.31401724996976554,None,right,1,10,5,3,46,5,None,40.40053929097485,40.40078637492843,356.00039170798846,356.0078362080967,356.0078362080967,359.01372570800595,359.01372570800595,358.9931761670159,43.39362279092893,43.393655207939446,359.00909995799884,359.01372570800595,359.01372570800595,359.9988674999913,stimuli/box_coin_transparent.png,44.39929808292072,44.399324457976036,359.9989274170948,360.0017705420032,361.49366504198406,361.4869068750413,45.88733466598205,,,,,,,,,,,,,,,,,,999999,right,no,None,2025-06-02_10h58.35.526,RL_out-of-scanner,2024.2.4,None,2025-06-02 10h58.45.743274 -0700,
9,0,9,space,3.924741582944989,None,space,1.3164932079380378,None,45.88871699990705,k,0.4176821670262143,None,None,46.325173374963924,46.32550424989313,47.81893129099626,47.81897937494796,48.82189699995797,48.82192324998323,50.811887249932624,,,,,,,1,0,1,0,9,0,9,0,361.49366504198406,,,,,,,,,,,,,,,,,,,,,,,,,,,,,,45.88871699990705,361.48832512507215,361.49366504198406,361.49366504198406,361.49366504198406,361.49366504198406,361.9246747500729,k,0.4176821670262143,None,right,1,10,6,3,47,6,None,46.325173374963924,46.32550424989313,361.92511270800605,361.933184292051,361.933184292051,363.4392533330247,363.4392533330247,363.418475958053,47.81893129099626,47.81897937494796,363.43482454202604,363.4392533330247,363.4392533330247,364.4214662919985,stimuli/box_coin_transparent.png,48.82189699995797,48.82192324998323,364.42151816701517,364.42399945808575,366.4194514580304,366.4114527080674,50.811887249932624,,,,,,,,,,,,,,,,,,999999,right,no,None,2025-06-02_10h58.35.526,RL_out-of-scanner,2024.2.4,None,2025-06-02 10h58.45.743274 -0700,
10,0,10,space,3.924741582944989,None,space,1.3164932079380378,None,50.81348087498918,k,0.2737367919180542,None,None,51.09999066591263,51.100266290945,52.597532582934946,52.59757808293216,53.60915554093663,53.609206415945664,54.59762570797466,,,,,,,1,0,1,0,10,0,10,0,366.4194514580304,,,,,,,,,,,,,,,,,,,,,,,,,,,,,,50.81348087498918,366.41308608301915,366.4194514580304,366.4194514580304,366.4194514580304,366.4194514580304,366.69950833299663,k,0.2737367919180542,None,right,1,10,7,3,48,7,None,51.09999066591263,51.100266290945,366.6998714579968,366.7069524580147,366.7069524580147,368.2174437500071,368.2174437500071,368.1970802079886,52.597532582934946,52.59757808293216,368.2130650000181,368.2174437500071,368.2174437500071,369.2087050420232,stimuli/box_coin_transparent.png,53.60915554093663,53.609206415945664,369.20881662506144,369.21393262501806,370.2036345000379,370.19718154205475,54.59762570797466,,,,,,,,,,,,,,,,,,999999,right,no,None,2025-06-02_10h58.35.526,RL_out-of-scanner,2024.2.4,None,2025-06-02 10h58.45.743274 -0700,
11,0,11,space,3.924741582944989,None,space,1.3164932079380378,None,54.599304124945775,k,0.38267183292191476,None,None,54.99236149992794,54.9926538328873,56.984804790932685,56.9848452078877,57.98891583294608,57.98896220792085,59.48337766597979,,,,,,,1,0,1,0,11,0,11,0,370.2036345000379,,,,,,,,,,,,,,,,,,,,,,,,,,,,,,54.599304124945775,370.19891504209954,370.2036345000379,370.2036345000379,370.2036345000379,370.2036345000379,370.5918697080342,k,0.38267183292191476,None,right,0,10,7,3,49,7,None,54.99236149992794,54.9926538328873,370.5922600000631,370.60009145806544,370.60009145806544,372.6031715000281,372.6031715000281,372.5843492500717,56.984804790932685,56.9848452078877,372.5987990000285,372.6031715000281,372.6031715000281,373.588477042038,stimuli/box_empty_transparent.png,57.98891583294608,57.98896220792085,373.588567250059,373.5925190830603,375.0907905000495,375.0829494170612,59.48337766597979,,,,,,,,,,,,,,,,,,999999,right,no,None,2025-06-02_10h58.35.526,RL_out-of-scanner,2024.2.4,None,2025-06-02 10h58.45.743274 -0700,
12,0,12,space,3.924741582944989,None,space,1.3164932079380378,None,59.48480274993926,k,0.2860220840666443,None,None,59.779727790970355,59.78001070790924,60.774713290971704,60.7747606249759,61.78272904094774,61.78276237496175,64.77738720795605,,,,,,,1,0,1,0,12,0,12,0,375.0907905000495,,,,,,,,,,,,,,,,,,,,,,,,,,,,,,59.48480274993926,375.08441087498795,375.0907905000495,375.0907905000495,375.0907905000495,375.0907905000495,375.3792327500414,k,0.2860220840666443,None,right,1,10,8,3,50,8,None,59.779727790970355,59.78001070790924,375.3796131249983,375.3865071670152,375.3865071670152,376.39520370808896,376.39520370808896,376.37425795802847,60.774713290971704,60.7747606249759,376.39108041708823,376.39520370808896,376.39520370808896,377.3822912500473,stimuli/box_coin_transparent.png,61.78272904094774,61.78276237496175,377.38236645807046,377.385131041985,380.3842197500635,380.3769333329983,64.77738720795605,,,,,,,,,,,,,,,,,,999999,right,no,None,2025-06-02_10h58.35.526,RL_out-of-scanner,2024.2.4,None,2025-06-02 10h58.45.743274 -0700,
13,0,13,space,3.924741582944989,None,space,1.3164932079380378,None,64.77973479090724,k,1.009420207934454,None,['k'],65.80055145791266,65.8008412909694,66.29329933295958,66.29334849992301,67.29550999996718,67.2955468329601,69.29822904092725,[0.36683658289257437],[0.12696600006893277],,,,,1,0,1,0,13,0,13,0,380.3842197500635,,,,,,,,,,,,,,,,,,,,,,,,,,,,,,64.77973479090724,380.3793483329937,380.3842197500635,380.3842197500635,380.3842197500635,380.3842197500635,381.40003045799676,k,1.009420207934454,None,right,0,10,8,3,51,8,['k'],65.80055145791266,65.8008412909694,381.40044808306266,381.408009792096,381.408009792096,381.91081662499346,381.91081662499346,381.8928482499905,66.29329933295958,66.29334849992301,381.90647020807955,381.91081662499346,381.91081662499346,382.89506141701713,stimuli/box_empty_transparent.png,67.29550999996718,67.2955468329601,382.89515220804606,382.9093998330645,384.904105750029,384.8977941670455,69.29822904092725,,,,,,,[0.36683658289257437],[0.12696600006893277],,,,,,,,,,999999,right,no,None,2025-06-02_10h58.35.526,RL_out-of-scanner,2024.2.4,None,2025-06-02 10h58.45.743274 -0700,
14,0,14,space,3.924741582944989,None,space,1.3164932079380378,None,69.29991391592193,j,0.2902529169805348,None,None,69.6005441249581,69.60085108294152,71.09942524996586,71.09945770795457,72.10114545794204,72.10118737490848,73.10662758292165,,,,,,,1,0,1,0,14,0,14,0,384.904105750029,,,,,,,,,,,,,,,,,,,,,,,,,,,,,,69.29991391592193,384.8995229169959,384.904105750029,384.904105750029,384.904105750029,384.904105750029,385.20005783298984,j,0.2902529169805348,None,right,0,10,8,3,51,8,None,69.6005441249581,69.60085108294152,385.20045595802367,385.2083406250458,385.2083406250458,386.719096750021,386.719096750021,386.6989782080054,71.09942524996586,71.09945770795457,386.71353062498383,386.719096750021,386.719096750021,387.70070720801596,stimuli/box_empty_transparent.png,72.10114545794204,72.10118737490848,387.7007911670953,387.7147286250256,388.712269791984,388.70619533304125,73.10662758292165,,,,,,,,,,,,,,,,,,999999,right,no,None,2025-06-02_10h58.35.526,RL_out-of-scanner,2024.2.4,None,2025-06-02 10h58.45.743274 -0700,
15,0,15,space,3.924741582944989,None,space,1.3164932079380378,None,73.10828133299947,k,0.2720452919602394,None,None,73.3907080409117,73.39100216596853,74.38947854097933,74.38952287496068,75.39069845795166,75.39074704097584,77.38277833291795,,,,,,,1,0,1,0,15,0,15,0,388.712269791984,,,,,,,,,,,,,,,,,,,,,,,,,,,,,,73.10828133299947,388.70789062499534,388.712269791984,388.712269791984,388.712269791984,388.712269791984,388.99021104199346,k,0.2720452919602394,None,right,1,10,9,3,52,9,None,73.3907080409117,73.39100216596853,388.9906070000725,388.99813720805105,388.99813720805105,390.0099869580008,390.0099869580008,389.98902383306995,74.38947854097933,74.38952287496068,390.0057087499881,390.0099869580008,390.0099869580008,390.99024920805823,stimuli/box_coin_transparent.png,75.39069845795166,75.39074704097584,390.99036295805126,390.9959762080107,392.98890658305027,392.9823442500783,77.38277833291795,,,,,,,,,,,,,,,,,,999999,right,no,None,2025-06-02_10h58.35.526,RL_out-of-scanner,2024.2.4,None,2025-06-02 10h58.45.743274 -0700,
16,0,16,space,3.924741582944989,None,space,1.3164932079380378,None,77.3844023749698,k,0.247454582946375,None,None,77.6420003749663,77.64234062493779,79.63549324998166,79.6355371659156,80.65083391591907,80.6508900829358,81.64050537499133,,,,,,,1,0,1,0,16,0,16,0,392.98890658305027,,,,,,,,,,,,,,,,,,,,,,,,,,,,,,77.3844023749698,392.98401237500366,392.98890658305027,392.98890658305027,392.98890658305027,392.98890658305027,393.2415129580768,k,0.247454582946375,None,right,1,10,10,3,53,10,None,77.6420003749663,77.64234062493779,393.24194625008386,393.2498150829924,393.2498150829924,395.25467787508387,395.25467787508387,395.23503991705365,79.63549324998166,79.6355371659156,395.2503896250855,395.25467787508387,395.25467787508387,396.2503785000881,stimuli/box_coin_transparent.png,80.65083391591907,80.6508900829358,396.2505015000934,396.2557647500653,397.24623579205945,397.24007125000935,81.64050537499133,,,,,,,,,,,,,,,,,,999999,right,no,None,2025-06-02_10h58.35.526,RL_out-of-scanner,2024.2.4,None,2025-06-02 10h58.45.743274 -0700,
17,0,17,space,3.924741582944989,None,space,1.3164932079380378,None,81.64213949989062,k,0.3792536669643596,None,None,82.02887662500143,82.02916962490417,83.02312891592737,83.02317699999548,84.02628658292815,84.02634604088962,85.01544512494002,,,,,,,1,0,1,0,17,0,17,0,397.24623579205945,,,,,,,,,,,,,,,,,,,,,,,,,,,,,,81.64213949989062,397.24174820806365,397.24623579205945,397.24623579205945,397.24623579205945,397.24623579205945,397.62839512503706,k,0.3792536669643596,None,left,1,7,0,4,53,10,None,82.02887662500143,82.02916962490417,397.6287981250789,397.63615733303595,397.63615733303595,398.64116391702555,398.64116391702555,398.62266995804384,83.02312891592737,83.02317699999548,398.6367409580853,398.64116391702555,398.64116391702555,399.6258007499855,stimuli/box_empty_transparent.png,84.02628658292815,84.02634604088962,399.6259606250096,399.6314323330298,400.620917250053,400.61501662502997,85.01544512494002,,,,,,,,,,,,,,,,,,999999,right,no,None,2025-06-02_10h58.35.526,RL_out-of-scanner,2024.2.4,None,2025-06-02 10h58.45.743274 -0700,
18,0,18,space,3.924741582944989,None,space,1.3164932079380378,None,85.01691033295356,j,0.29062225006055087,None,None,85.3168515409343,85.3171489998931,88.81250049988739,88.81253566592932,89.82409854093567,89.82412562496029,91.81189141597133,,,,,,,1,0,1,0,18,0,18,0,400.620917250053,,,,,,,,,,,,,,,,,,,,,,,,,,,,,,85.01691033295356,400.61651962506585,400.620917250053,400.620917250053,400.620917250053,400.620917250053,400.9163217500318,j,0.29062225006055087,None,left,1,7,1,4,54,11,None,85.3168515409343,85.3171489998931,400.9167577920016,400.92544695804827,400.92544695804827,404.43407537508756,404.43407537508756,404.4120322500821,88.81250049988739,88.81253566592932,404.429712458048,404.43407537508756,404.43407537508756,405.4236680420581,stimuli/box_coin_transparent.png,89.82409854093567,89.82412562496029,405.42372854205314,405.4263877919875,407.41916645807214,407.4114417079836,91.81189141597133,,,,,,,,,,,,,,,,,,999999,right,no,None,2025-06-02_10h58.35.526,RL_out-of-scanner,2024.2.4,None,2025-06-02 10h58.45.743274 -0700,
19,0,19,space,3.924741582944989,None,space,1.3164932079380378,None,91.81461262493394,j,0.37379966699518263,None,None,92.19516216591,92.19543191592675,93.20094520796556,93.20097916596569,94.20221654092893,94.20225895789918,95.71059158293065,,,,,,,1,0,1,0,19,0,19,0,407.41916645807214,,,,,,,,,,,,,,,,,,,,,,,,,,,,,,91.81461262493394,407.41423550003674,407.41916645807214,407.41916645807214,407.41916645807214,407.41916645807214,407.7946908749873,j,0.37379966699518263,None,left,1,7,2,4,55,12,None,92.19516216591,92.19543191592675,407.7950362500269,407.80705820803996,407.80705820803996,408.8200355829904,408.8200355829904,408.80049837508705,93.20094520796556,93.20097916596569,408.81591375009157,408.8200355829904,408.8200355829904,409.8017742499942,stimuli/box_coin_transparent.png,94.20221654092893,94.20225895789918,409.8018703330308,409.81486799998675,411.316556958016,411.3101628749864,95.71059158293065,,,,,,,,,,,,,,,,,,999999,right,no,None,2025-06-02_10h58.35.526,RL_out-of-scanner,2024.2.4,None,2025-06-02 10h58.45.743274 -0700,
20,0,20,space,3.924741582944989,None,space,1.3164932079380378,None,95.71207533299457,j,0.4009175830287859,None,None,96.1261314159492,96.1264360829955,98.12699245789554,98.12705854093656,99.14070787490346,99.14073529094458,101.12657058297191,,,,,,,1,0,1,0,20,0,20,0,411.316556958016,,,,,,,,,,,,,,,,,,,,,,,,,,,,,,95.71207533299457,411.31168366700877,411.316556958016,411.316556958016,411.316556958016,411.316556958016,411.72565179201774,j,0.4009175830287859,None,left,1,7,3,4,56,13,None,96.1261314159492,96.1264360829955,411.7260408330476,411.7337979170261,411.7337979170261,413.74832920799963,413.74832920799963,413.7265047080582,98.12699245789554,98.12705854093656,413.7440436250763,413.74832920799963,413.74832920799963,414.74027750000823,stimuli/box_coin_transparent.png,99.14070787490346,99.14073529094458,414.7403386250371,414.743089833064,416.7395412500482,416.726141458028,101.12657058297191,,,,,,,,,,,,,,,,,,999999,right,no,None,2025-06-02_10h58.35.526,RL_out-of-scanner,2024.2.4,None,2025-06-02 10h58.45.743274 -0700,
21,0,21,space,3.924741582944989,None,space,1.3164932079380378,None,101.1280107909115,j,0.24210779089480639,None,None,101.38653566595167,101.38678220799193,104.38201037491672,104.38204449997284,105.39364449994173,105.39369966590311,106.88525245792698,,,,,,,1,0,1,0,21,0,21,0,416.7395412500482,,,,,,,,,,,,,,,,,,,,,,,,,,,,,,101.1280107909115,416.72761966707185,416.7395412500482,416.7395412500482,416.7395412500482,416.7395412500482,416.98606345802546,j,0.24210779089480639,None,left,1,7,4,4,57,14,None,101.38653566595167,101.38678220799193,416.986388624995,416.99109383299947,416.99109383299947,420.0012720420491,420.0012720420491,419.981562375091,104.38201037491672,104.38204449997284,419.9969940830488,420.0012720420491,420.0012720420491,420.9931885000551,stimuli/box_coin_transparent.png,105.39364449994173,105.39369966590311,420.993319042027,420.9989917500643,422.49880058306735,422.48482370807324,106.88525245792698,,,,,,,,,,,,,,,,,,999999,right,no,None,2025-06-02_10h58.35.526,RL_out-of-scanner,2024.2.4,None,2025-06-02 10h58.45.743274 -0700,
22,0,22,space,3.924741582944989,None,space,1.3164932079380378,None,106.8866747498978,j,0.3655071670655161,None,None,107.27834216598421,107.27864483289886,108.77829749998637,108.77833879098762,109.78408812498674,109.78411408292595,111.7840739999665,,,,,,,1,0,1,0,22,0,22,0,422.49880058306735,,,,,,,,,,,,,,,,,,,,,,,,,,,,,,106.8866747498978,422.48628358298447,422.49880058306735,422.49880058306735,422.49880058306735,422.49880058306735,422.8778478750028,j,0.3655071670655161,None,left,0,7,4,4,58,14,None,107.27834216598421,107.27864483289886,422.8782503330149,422.8858958330238,422.8858958330238,424.39602137508336,424.39602137508336,424.37783566699363,108.77829749998637,108.77833879098762,424.39200045808684,424.39602137508336,424.39602137508336,425.38365616707597,stimuli/box_empty_transparent.png,109.78408812498674,109.78411408292595,425.3837172500789,425.38691425009165,427.39077991701197,427.3836234580958,111.7840739999665,,,,,,,,,,,,,,,,,,999999,right,no,None,2025-06-02_10h58.35.526,RL_out-of-scanner,2024.2.4,None,2025-06-02 10h58.45.743274 -0700,
23,0,23,space,3.924741582944989,None,space,1.3164932079380378,None,111.78668320795987,j,0.2777412920258939,None,None,112.0759629579261,112.07671220798511,113.57434408296831,113.57437924994156,114.57445808290504,114.57448708289303,116.06651054089889,,,,,,,1,0,1,0,23,0,23,0,427.39077991701197,,,,,,,,,,,,,,,,,,,,,,,,,,,,,,111.78668320795987,427.3863155420404,427.39077991701197,427.39077991701197,427.39077991701197,427.39077991701197,427.6753872500267,j,0.2777412920258939,None,left,0,7,4,4,59,14,None,112.0759629579261,112.07671220798511,427.6763476250926,427.6838532499969,427.6838532499969,429.19165154208895,429.19165154208895,429.17389520804863,113.57434408296831,113.57437924994156,429.1868810830638,429.19165154208895,429.19165154208895,430.1740237920312,stimuli/box_empty_transparent.png,114.57445808290504,114.57448708289303,430.1740911670495,430.176958792028,431.6730992080411,431.6660543330945,116.06651054089889,,,,,,,,,,,,,,,,,,999999,right,no,None,2025-06-02_10h58.35.526,RL_out-of-scanner,2024.2.4,None,2025-06-02 10h58.45.743274 -0700,
24,0,24,space,3.924741582944989,None,space,1.3164932079380378,None,116.06889479095116,j,0.2535905409604311,None,None,116.3296344159171,116.32994858291931,118.33165858290158,118.33169220795389,119.33308524999302,119.33315504097845,120.83421866595745,,,,,,,1,0,1,0,24,0,24,0,431.6730992080411,,,,,,,,,,,,,,,,,,,,,,,,,,,,,,116.06889479095116,431.6685165830422,431.6730992080411,431.6730992080411,431.6730992080411,431.6730992080411,431.9291564170271,j,0.2535905409604311,None,left,1,7,5,4,60,15,None,116.3296344159171,116.32994858291931,431.92955454206094,431.9406736670062,431.9406736670062,433.9514565829886,433.9514565829886,433.93121041706763,118.33165858290158,118.33169220795389,433.9477161670802,433.9514565829886,433.9514565829886,434.93261825002264,stimuli/box_coin_transparent.png,119.33308524999302,119.33315504097845,434.93277720804326,434.9382631670451,436.44111183308996,436.4337724170182,120.83421866595745,,,,,,,,,,,,,,,,,,999999,right,no,None,2025-06-02_10h58.35.526,RL_out-of-scanner,2024.2.4,None,2025-06-02 10h58.45.743274 -0700,
25,0,25,space,3.924741582944989,None,space,1.3164932079380378,None,120.8365990408929,j,0.27879233402200043,None,None,121.13220283295959,121.13249179092236,122.13403812493198,122.13411083293613,123.14030441595241,123.14033241593279,126.6348945829086,,,,,,,1,0,1,0,25,0,25,0,436.44111183308996,,,,,,,,,,,,,,,,,,,,,,,,,,,,,,120.8365990408929,436.4362271670252,436.44111183308996,436.44111183308996,436.44111183308996,436.44111183308996,436.7317205000436,j,0.27879233402200043,None,left,0,7,5,4,61,15,None,121.13220283295959,121.13249179092236,436.73209816706367,436.73976683302317,436.73976683302317,437.752089500078,437.752089500078,437.73355987505056,122.13403812493198,122.13411083293613,437.74799187504686,437.752089500078,437.752089500078,438.7398718330078,stimuli/box_empty_transparent.png,123.14030441595241,123.14033241593279,438.73993554199114,438.7429842920974,442.2403990830062,442.2344662080286,126.6348945829086,,,,,,,,,,,,,,,,,,999999,right,no,None,2025-06-02_10h58.35.526,RL_out-of-scanner,2024.2.4,None,2025-06-02 10h58.45.743274 -0700,
26,0,26,space,3.924741582944989,None,space,1.3164932079380378,None,126.63637858291622,j,0.28822316706646234,None,None,126.9447920829989,126.9451019159751,127.44936216599308,127.44939983298536,128.46020924998447,128.46027308295015,131.94921408290975,,,,,,,1,0,1,0,26,0,26,0,442.2403990830062,,,,,,,,,,,,,,,,,,,,,,,,,,,,,,126.63637858291622,442.2359872920206,442.2403990830062,442.2403990830062,442.2403990830062,442.2403990830062,442.54431274998933,j,0.28822316706646234,None,left,0,7,5,4,62,15,None,126.9447920829989,126.9451019159751,442.54470741702244,442.5523319169879,442.5523319169879,443.06643445801456,443.06643445801456,443.04890883306507,127.44936216599308,127.44939983298536,443.06219708302524,443.06643445801456,443.06643445801456,444.05974433303345,stimuli/box_empty_transparent.png,128.46020924998447,128.46027308295015,444.05989254207816,444.0653116250178,447.5549651250476,447.54877954209223,131.94921408290975,,,,,,,,,,,,,,,,,,999999,right,no,None,2025-06-02_10h58.35.526,RL_out-of-scanner,2024.2.4,None,2025-06-02 10h58.45.743274 -0700,
27,0,27,space,3.924741582944989,None,space,1.3164932079380378,None,131.9508544158889,j,0.3164804170373827,None,None,132.28351958293933,132.28383791598026,133.77478816593066,133.7748337079538,134.77611708291806,134.77616883290466,135.77573954092804,,,,,,,1,0,1,0,27,0,27,0,447.5549651250476,,,,,,,,,,,,,,,,,,,,,,,,,,,,,,131.9508544158889,447.55046379205305,447.5549651250476,447.5549651250476,447.5549651250476,447.5549651250476,447.88303608307615,j,0.3164804170373827,None,left,1,7,6,4,63,16,None,132.28351958293933,132.28383791598026,447.8834435000317,447.8910991670564,447.8910991670564,449.39606941700913,449.39606941700913,449.37433433299884,133.77478816593066,133.7748337079538,449.3912789580645,449.39606941700913,449.39606941700913,450.3756650000578,stimuli/box_coin_transparent.png,134.77611708291806,134.77616883290466,450.37578687502537,450.3816073749913,451.3813462080434,451.375305625028,135.77573954092804,,,,,,,,,,,,,,,,,,999999,right,no,None,2025-06-02_10h58.35.526,RL_out-of-scanner,2024.2.4,None,2025-06-02 10h58.45.743274 -0700,
28,0,28,space,3.924741582944989,None,space,1.3164932079380378,None,135.77727666590363,j,0.4029090409167111,None,None,136.1912302079145,136.19154562498443,137.18275008292403,137.18282029090915,138.18517670792062,138.18520720792003,141.68242529092822,,,,,,,1,0,1,0,28,0,28,0,451.3813462080434,,,,,,,,,,,,,,,,,,,,,,,,,,,,,,135.77727666590363,451.376886083046,451.3813462080434,451.3813462080434,451.3813462080434,451.3813462080434,451.79074337508064,j,0.4029090409167111,None,left,1,7,7,4,64,17,None,136.1912302079145,136.19154562498443,451.7911515830783,451.79883745801635,451.79883745801635,452.80507795803715,452.80507795803715,452.78228591708466,137.18275008292403,137.18282029090915,452.7998026669957,452.80507795803715,452.80507795803715,453.7847427499946,stimuli/box_coin_transparent.png,138.18517670792062,138.18520720792003,453.7848106250167,453.7987814170774,457.2865105830133,457.28199454199057,141.68242529092822,,,,,,,,,,,,,,,,,,999999,right,no,None,2025-06-02_10h58.35.526,RL_out-of-scanner,2024.2.4,None,2025-06-02 10h58.45.743274 -0700,
29,0,29,space,3.924741582944989,None,space,1.3164932079380378,None,141.68378937488887,j,0.345632083946839,None,None,142.0359217498917,142.03628312493674,144.02804774988908,144.02809754095506,145.03469591599423,145.03474729089066,146.0326145408908,,,,,,,1,0,1,0,29,0,29,0,457.2865105830133,,,,,,,,,,,,,,,,,,,,,,,,,,,,,,141.68378937488887,457.28339383308776,457.2865105830133,457.2865105830133,457.2865105830133,457.2865105830133,457.6354161670897,j,0.345632083946839,None,right,1,13,0,5,64,17,None,142.0359217498917,142.03628312493674,457.635890458012,457.6436323330272,457.6436323330272,459.646913542063,459.646913542063,459.62758445809595,144.02804774988908,144.02809754095506,459.6422642500838,459.646913542063,459.646913542063,460.63425350002944,stimuli/box_empty_transparent.png,145.03469591599423,145.03474729089066,460.6343630000483,460.63802666706033,461.63858687505126,461.63217508303933,146.0326145408908,,,,,,,,,,,,,,,,,,999999,right,no,None,2025-06-02_10h58.35.526,RL_out-of-scanner,2024.2.4,None,2025-06-02 10h58.45.743274 -0700,
30,0,30,space,3.924741582944989,None,space,1.3164932079380378,None,146.03429258288816,k,0.6781521249795333,None,None,146.7199785829289,146.72020954091568,147.7134785829112,147.71351345791481,148.72696479095612,148.72702162491623,149.72271358291619,,,,,,,1,0,1,0,30,0,30,0,461.63858687505126,,,,,,,,,,,,,,,,,,,,,,,,,,,,,,146.03429258288816,461.6339036670979,461.63858687505126,461.63858687505126,461.63858687505126,461.63858687505126,462.31950220803265,k,0.6781521249795333,None,right,1,13,1,5,65,18,None,146.7199785829289,146.72020954091568,462.3198109579971,462.32766050007194,462.32766050007194,463.33324516704306,463.33324516704306,463.3130290420959,147.7134785829112,147.71351345791481,463.3285752920201,463.33324516704306,463.33324516704306,464.3265075830277,stimuli/box_coin_transparent.png,148.72696479095612,148.72702162491623,464.32664820807986,464.33242733299267,465.3288013749989,465.3222800830845,149.72271358291619,,,,,,,,,,,,,,,,,,999999,right,no,None,2025-06-02_10h58.35.526,RL_out-of-scanner,2024.2.4,None,2025-06-02 10h58.45.743274 -0700,
31,0,31,space,3.924741582944989,None,space,1.3164932079380378,None,149.72488679096568,k,0.3326289999531582,None,None,150.06734649999999,150.06775170797482,153.0621129159117,153.06215404090472,154.06540445797145,154.06544079096057,156.5518468329683,,,,,,,1,0,1,0,31,0,31,0,465.3288013749989,,,,,,,,,,,,,,,,,,,,,,,,,,,,,,149.72488679096568,465.3245657500811,465.3288013749989,465.3288013749989,465.3288013749989,465.3288013749989,465.66684954205994,k,0.3326289999531582,None,right,1,13,2,5,66,19,None,150.06734649999999,150.06775170797482,465.6673570420826,465.6761030420894,465.6761030420894,468.6810355830239,468.6810355830239,468.6616375420708,153.0621129159117,153.06215404090472,468.67698720807675,468.6810355830239,468.6810355830239,469.66496516705956,stimuli/box_coin_transparent.png,154.06540445797145,154.06544079096057,469.66504550003447,469.6679513750132,472.1653051250614,472.15141516702715,156.5518468329683,,,,,,,,,,,,,,,,,,999999,right,no,None,2025-06-02_10h58.35.526,RL_out-of-scanner,2024.2.4,None,2025-06-02 10h58.45.743274 -0700,
32,0,32,space,3.924741582944989,None,space,1.3164932079380378,None,156.55348712496925,k,0.3280244580237195,None,None,156.90028433292173,156.90060620789882,157.8965844999766,157.8966256659478,158.89986166590825,158.89989354088902,159.89929837489035,,,,,,,1,0,1,0,32,0,32,0,472.1653051250614,,,,,,,,,,,,,,,,,,,,,,,,,,,,,,156.55348712496925,472.1530967920553,472.1653051250614,472.1653051250614,472.1653051250614,472.1653051250614,472.4997927499935,k,0.3280244580237195,None,right,1,13,3,5,67,20,None,156.90028433292173,156.90060620789882,472.50021141709294,472.50803583301604,472.50803583301604,473.51660462503787,473.51660462503787,473.49612725002225,157.8965844999766,157.8966256659478,473.5121177500114,473.51660462503787,473.51660462503787,474.4994256669888,stimuli/box_coin_transparent.png,158.89986166590825,158.89989354088902,474.49949783307966,474.5023939170642,475.5048954579979,475.49886708299164,159.89929837489035,,,,,,,,,,,,,,,,,,999999,right,no,None,2025-06-02_10h58.35.526,RL_out-of-scanner,2024.2.4,None,2025-06-02 10h58.45.743274 -0700,
33,0,33,space,3.924741582944989,None,space,1.3164932079380378,None,159.90101429098286,k,0.403359750052914,None,None,160.31461583299097,160.3149317909265,162.3157501249807,162.31579724990297,163.3250489999773,163.32510349992663,164.81813808297738,,,,,,,1,0,1,0,33,0,33,0,475.5048954579979,,,,,,,,,,,,,,,,,,,,,,,,,,,,,,159.90101429098286,475.50062329205684,475.5048954579979,475.5048954579979,475.5048954579979,475.5048954579979,475.914130249992,k,0.403359750052914,None,right,1,13,4,5,68,21,None,160.31461583299097,160.3149317909265,475.9145370830083,475.9211762920022,475.9211762920022,477.9354051250266,477.9354051250266,477.9152845829958,162.3157501249807,162.31579724990297,477.9310172920814,477.9354051250266,477.9354051250266,478.9245913750492,stimuli/box_coin_transparent.png,163.3250489999773,163.32510349992663,478.924715417088,478.92972008301876,480.4252518750727,480.4177092080936,164.81813808297738,,,,,,,,,,,,,,,,,,999999,right,no,None,2025-06-02_10h58.35.526,RL_out-of-scanner,2024.2.4,None,2025-06-02 10h58.45.743274 -0700,
34,0,34,space,3.924741582944989,None,space,1.3164932079380378,None,164.819519749959,k,0.2782001669984311,None,None,165.11931274994276,165.11959512496833,168.1253497909056,168.1254102078965,169.12580920790788,169.125864374917,171.625200749957,,,,,,,1,0,1,0,34,0,34,0,480.4252518750727,,,,,,,,,,,,,,,,,,,,,,,,,,,,,,164.819519749959,480.4191273750039,480.4252518750727,480.4252518750727,480.4252518750727,480.4252518750727,480.718823333038,k,0.2782001669984311,None,right,1,13,5,5,69,22,None,165.11931274994276,165.11959512496833,480.7192039170768,480.726929333061,480.726929333061,483.74532720807474,483.74532720807474,483.72485779202543,168.1253497909056,168.1254102078965,483.7410305830417,483.74532720807474,483.74532720807474,484.72535412502475,stimuli/box_coin_transparent.png,169.12580920790788,169.125864374917,484.72547895798925,484.7303802500246,487.2319182920037,487.2247494170442,171.625200749957,,,,,,,,,,,,,,,,,,999999,right,no,None,2025-06-02_10h58.35.526,RL_out-of-scanner,2024.2.4,None,2025-06-02 10h58.45.743274 -0700,
35,0,35,space,3.924741582944989,None,space,1.3164932079380378,None,171.62740862497594,k,0.34331095893867314,None,None,171.97886112495326,171.9791410829639,173.47339979093522,173.47342991596088,174.48227741592564,174.48233299993444,175.47493049991317,,,,,,,1,0,1,0,35,0,35,0,487.2319182920037,,,,,,,,,,,,,,,,,,,,,,,,,,,,,,171.62740862497594,487.227038208046,487.2319182920037,487.2319182920037,487.2319182920037,487.2319182920037,487.5783768330002,k,0.34331095893867314,None,right,1,13,6,5,70,23,None,171.97886112495326,171.9791410829639,487.5787460830761,487.5862528330181,487.5862528330181,489.09330050006974,489.09330050006974,489.07295450009406,173.47339979093522,173.47342991596088,489.08898091700394,489.09330050006974,489.09330050006974,490.0818197079934,stimuli/box_coin_transparent.png,174.48227741592564,174.48233299993444,490.0819461250212,490.08770620799623,491.080597333028,491.07449837506283,175.47493049991317,,,,,,,,,,,,,,,,,,999999,right,no,None,2025-06-02_10h58.35.526,RL_out-of-scanner,2024.2.4,None,2025-06-02 10h58.45.743274 -0700,
36,0,36,space,3.924741582944989,None,space,1.3164932079380378,None,175.47651145793498,k,0.41208683408331126,None,None,175.899440457928,175.89975599991158,177.3912524159532,177.39131704089232,178.39928504091222,178.39931787492242,181.88544849993195,,,,,,,1,0,1,0,36,0,36,0,491.080597333028,,,,,,,,,,,,,,,,,,,,,,,,,,,,,,175.47651145793498,491.07612041709945,491.080597333028,491.080597333028,491.080597333028,491.080597333028,491.49896787502803,k,0.41208683408331126,None,right,1,13,7,5,71,24,None,175.899440457928,175.89975599991158,491.4993603330804,491.5059582920512,491.5059582920512,493.0111802080646,493.0111802080646,492.99075779202394,177.3912524159532,177.39131704089232,493.0068807080388,493.0111802080646,493.0111802080646,493.99885400000494,stimuli/box_coin_transparent.png,178.39928504091222,178.39931787492242,493.9989215830574,494.0017077920493,497.49114112509415,497.48499933304265,181.88544849993195,,,,,,,,,,,,,,,,,,999999,right,no,None,2025-06-02_10h58.35.526,RL_out-of-scanner,2024.2.4,None,2025-06-02 10h58.45.743274 -0700,
37,0,37,space,3.924741582944989,None,space,1.3164932079380378,None,181.8871301659383,k,0.32019604195374995,None,None,182.21828799997456,182.21853737498168,184.20932466594968,184.20935999997891,185.2104199999012,185.2104441659758,186.20871820789762,,,,,,,1,0,1,0,37,0,37,0,497.49114112509415,,,,,,,,,,,,,,,,,,,,,,,,,,,,,,181.8871301659383,497.4867435829947,497.49114112509415,497.49114112509415,497.49114112509415,497.49114112509415,497.8178132500034,k,0.32019604195374995,None,right,0,13,7,5,72,24,None,182.21828799997456,182.21853737498168,497.8181422080379,497.82601433305535,497.82601433305535,499.8278172920691,499.8278172920691,499.808875082992,184.20932466594968,184.20935999997891,499.82372575008776,499.8278172920691,499.8278172920691,500.8099894580664,stimuli/box_empty_transparent.png,185.2104199999012,185.2104441659758,500.8100464580348,500.82434395805467,501.8140615420416,501.8082880000584,186.20871820789762,,,,,,,,,,,,,,,,,,999999,right,no,None,2025-06-02_10h58.35.526,RL_out-of-scanner,2024.2.4,None,2025-06-02 10h58.45.743274 -0700,
38,0,38,space,3.924741582944989,None,space,1.3164932079380378,None,186.2100715409033,j,0.3642519579734653,None,None,186.58315662492532,186.5833409159677,187.5758123329142,187.57584849989507,188.5841569158947,188.58418391598389,190.08364066598006,,,,,,,1,0,1,0,38,0,38,0,501.8140615420416,,,,,,,,,,,,,,,,,,,,,,,,,,,,,,186.2100715409033,501.8096772499848,501.8140615420416,501.8140615420416,501.8140615420416,501.8140615420416,502.1827062080847,j,0.3642519579734653,None,right,0,13,7,5,72,24,None,186.58315662492532,186.5833409159677,502.1829356250819,502.1905912500806,502.1905912500806,503.192969833035,503.192969833035,503.1753642500844,187.5758123329142,187.57584849989507,503.18882200005464,503.192969833035,503.192969833035,504.1837260830216,stimuli/box_empty_transparent.png,188.5841569158947,188.58418391598389,504.18378629209474,504.18776975001674,505.68904070800636,505.68321150005795,190.08364066598006,,,,,,,,,,,,,,,,,,999999,right,no,None,2025-06-02_10h58.35.526,RL_out-of-scanner,2024.2.4,None,2025-06-02 10h58.45.743274 -0700,
39,0,39,space,3.924741582944989,None,space,1.3164932079380378,None,190.08515341591556,k,0.3090375829488039,None,None,190.40219520789105,190.40247662493493,191.394279290922,191.3943122079363,192.3946792499628,192.39470695797354,193.39299008296803,,,,,,,1,0,1,0,39,0,39,0,505.68904070800636,,,,,,,,,,,,,,,,,,,,,,,,,,,,,,190.08515341591556,505.68476199998986,505.68904070800636,505.68904070800636,505.68904070800636,505.68904070800636,506.00169616704807,k,0.3090375829488039,None,right,1,13,8,5,73,25,None,190.40219520789105,190.40247662493493,506.00208237499464,506.00965908309445,506.00965908309445,507.0156044580508,507.0156044580508,506.99383329204284,191.394279290922,191.3943122079363,507.01084383309353,507.0156044580508,507.0156044580508,507.9942306249868,stimuli/box_coin_transparent.png,192.3946792499628,192.39470695797354,507.994310708018,508.0081408750266,508.99948183307424,508.9925467920257,193.39299008296803,,,,,,,,,,,,,,,,,,999999,right,no,None,2025-06-02_10h58.35.526,RL_out-of-scanner,2024.2.4,None,2025-06-02 10h58.45.743274 -0700,
40,0,40,space,3.924741582944989,None,space,1.3164932079380378,None,193.39524216589052,k,0.3064768749754876,None,None,193.71787024999503,193.71811937494203,195.21654691593722,195.21658220794052,196.2227416249225,196.2227684999816,197.21850037493277,,,,,,,1,0,1,0,40,0,40,0,508.99948183307424,,,,,,,,,,,,,,,,,,,,,,,,,,,,,,193.39524216589052,508.99489166704006,508.99948183307424,508.99948183307424,508.99948183307424,508.99948183307424,509.3173920830013,k,0.3064768749754876,None,right,1,13,9,5,74,26,None,193.71787024999503,193.71811937494203,509.31772412499413,509.3253155000275,509.3253155000275,510.8356583750574,510.8356583750574,510.8160985830473,195.21654691593722,195.21658220794052,510.8316176669905,510.8356583750574,510.8356583750574,511.82231095805764,stimuli/box_coin_transparent.png,196.2227416249225,196.2227684999816,511.8223720419919,511.8262862920528,512.8240935420617,512.8180724170525,197.21850037493277,,,,,,,,,,,,,,,,,,999999,right,no,None,2025-06-02_10h58.35.526,RL_out-of-scanner,2024.2.4,None,2025-06-02 10h58.45.743274 -0700,
41,0,41,space,3.924741582944989,None,space,1.3164932079380378,None,197.21994591597468,k,0.293119499925524,None,None,197.5309197079623,197.53122316591907,198.53563162498176,198.53566229098942,199.54173687496223,199.54180608293973,202.54150870791636,,,,,,,1,0,1,0,41,0,41,0,512.8240935420617,,,,,,,,,,,,,,,,,,,,,,,,,,,,,,197.21994591597468,512.8195538329892,512.8240935420617,512.8240935420617,512.8240935420617,512.8240935420617,513.1304304170189,k,0.293119499925524,None,right,1,13,10,5,75,27,None,197.5309197079623,197.53122316591907,513.130828583031,513.1385356250685,513.1385356250685,514.1545862500789,514.1545862500789,514.1351825830061,198.53563162498176,198.53566229098942,514.1503341250354,514.1545862500789,514.1545862500789,515.1412665829994,stimuli/box_coin_transparent.png,199.54173687496223,199.54180608293973,515.1414290420944,515.1472666250775,518.1480883330805,518.1410589170409,202.54150870791636,,,,,,,,,,,,,,,,,,999999,right,no,None,2025-06-02_10h58.35.526,RL_out-of-scanner,2024.2.4,None,2025-06-02 10h58.45.743274 -0700,
42,0,42,space,3.924741582944989,None,space,1.3164932079380378,None,202.54378095793072,k,0.4114118330180645,None,None,202.96760795789305,202.96786112489644,204.95838199998252,204.95842583291233,205.96001474990044,205.9600412499858,209.46809695789125,,,,,,,1,0,1,0,42,0,42,0,518.1480883330805,,,,,,,,,,,,,,,,,,,,,,,,,,,,,,202.54378095793072,518.1434059999883,518.1480883330805,518.1480883330805,518.1480883330805,518.1480883330805,518.5671309169848,k,0.4114118330180645,None,right,1,13,11,5,76,28,None,202.96760795789305,202.96786112489644,518.5674662080128,518.5748434170382,518.5748434170382,520.5779456250602,520.5779456250602,520.5579287080327,204.95838199998252,204.95842583291233,520.5735090420349,520.5779456250602,520.5779456250602,521.559583208058,stimuli/box_coin_transparent.png,205.96001474990044,205.9600412499858,521.5596445420524,521.5723127080128,525.0749337500893,525.0676527500618,209.46809695789125,,,,,,,,,,,,,,,,,,999999,right,no,None,2025-06-02_10h58.35.526,RL_out-of-scanner,2024.2.4,None,2025-06-02 10h58.45.743274 -0700,
43,0,43,space,3.924741582944989,None,space,1.3164932079380378,None,209.4707087909337,k,0.359737207996659,None,None,209.8430801249342,209.84342462499626,210.8352415409172,210.8352787499316,211.84945529093966,211.84948899992742,213.84894637495745,,,,,,,1,0,1,0,43,0,43,0,525.0749337500893,,,,,,,,,,,,,,,,,,,,,,,,,,,,,,209.4707087909337,525.0703550830949,525.0749337500893,525.0749337500893,525.0749337500893,525.0749337500893,525.4425766250351,k,0.359737207996659,None,right,1,13,12,5,77,29,None,209.8430801249342,209.84342462499626,525.4430307920557,525.4512869170867,525.4512869170867,526.4537631249987,526.4537631249987,526.4347895419924,210.8352415409172,210.8352787499316,526.4495076669846,526.4537631249987,526.4537631249987,527.4490171250654,stimuli/box_coin_transparent.png,211.84945529093966,211.84948899992742,527.4490922080586,527.4520200000843,529.4549082079902,529.4485122920014,213.84894637495745,,,,,,,,,,,,,,,,,,999999,right,no,None,2025-06-02_10h58.35.526,RL_out-of-scanner,2024.2.4,None,2025-06-02 10h58.45.743274 -0700,
44,0,44,space,3.924741582944989,None,space,1.3164932079380378,None,213.85061245795805,k,0.27869345794897527,None,None,214.1466397079639,214.14695466589183,216.64842079090886,216.64848945790436,217.6577722079819,217.65783720789477,219.6591275408864,,,,,,,1,0,1,0,44,0,44,0,529.4549082079902,,,,,,,,,,,,,,,,,,,,,,,,,,,,,,213.85061245795805,529.4502214579843,529.4549082079902,529.4549082079902,529.4549082079902,529.4549082079902,529.7461521250661,k,0.27869345794897527,None,right,0,13,12,5,78,29,None,214.1466397079639,214.14695466589183,529.7465602500597,529.7545303750085,529.7545303750085,532.267154750065,532.267154750065,532.2479665420251,216.64842079090886,216.64848945790436,532.2627335420111,532.267154750065,532.267154750065,533.2573182079941,stimuli/box_empty_transparent.png,217.6577722079819,217.65783720789477,533.2574673329946,533.2626680000685,535.2649423329858,535.2586933750426,219.6591275408864,,,,,,,,,,,,,,,,,,999999,right,no,None,2025-06-02_10h58.35.526,RL_out-of-scanner,2024.2.4,None,2025-06-02 10h58.45.743274 -0700,
45,0,45,space,3.924741582944989,None,space,1.3164932079380378,None,219.66071079089306,j,0.3186912500532344,None,None,219.98970804095734,219.9901413329644,220.98447662498802,220.98452770791482,221.99366837495472,221.9937172079226,222.98413145798258,,,,,,,1,0,1,0,45,0,45,0,535.2649423329858,,,,,,,,,,,,,,,,,,,,,,,,,,,,,,219.66071079089306,535.2603205830092,535.2649423329858,535.2649423329858,535.2649423329858,535.2649423329858,535.5891967080534,j,0.3186912500532344,None,right,0,13,12,5,78,29,None,219.98970804095734,219.9901413329644,535.5897499580169,535.597524916986,535.597524916986,536.6044459580444,536.6044459580444,536.5840300000273,220.98447662498802,220.98452770791482,536.5988392920699,536.6044459580444,536.6044459580444,537.5932187919971,stimuli/box_empty_transparent.png,221.99366837495472,221.9937172079226,537.5933251250535,537.5983255830361,538.5918130000355,538.5836898330599,222.98413145798258,,,,,,,,,,,,,,,,,,999999,right,no,None,2025-06-02_10h58.35.526,RL_out-of-scanner,2024.2.4,None,2025-06-02 10h58.45.743274 -0700,
46,0,46,space,3.924741582944989,None,space,1.3164932079380378,None,222.9875175829511,k,0.33081116701941937,None,None,223.33414224989247,223.3344449159922,225.33245458290912,225.332499540993,226.33402233291417,226.33406049991027,227.3332264579367,,,,,,,1,0,1,0,46,0,46,0,538.5918130000355,,,,,,,,,,,,,,,,,,,,,,,,,,,,,,222.9875175829511,538.5871365000494,538.5918130000355,538.5918130000355,538.5918130000355,538.5918130000355,538.9336464999942,k,0.33081116701941937,None,right,1,13,13,5,79,30,None,223.33414224989247,223.3344449159922,538.9340504580177,538.9418648330029,538.9418648330029,540.9528145000804,540.9528145000804,540.9320045000641,225.33245458290912,225.332499540993,540.9485062080203,540.9528145000804,540.9528145000804,541.9335772080813,stimuli/box_coin_transparent.png,226.33402233291417,226.33406049991027,541.9336725830799,541.9385313329985,542.9405860420084,542.932797000045,227.3332264579367,,,,,,,,,,,,,,,,,,999999,right,no,None,2025-06-02_10h58.35.526,RL_out-of-scanner,2024.2.4,None,2025-06-02 10h58.45.743274 -0700,
47,0,47,space,3.924741582944989,None,space,1.3164932079380378,None,227.33470262493938,k,0.2823805419029668,None,None,227.62898579100147,227.62924783292692,230.6320609159302,230.63210583291948,231.63222887495067,231.63226195797324,233.1250563749345,,,,,,,1,0,1,0,47,0,47,0,542.9405860420084,,,,,,,,,,,,,,,,,,,,,,,,,,,,,,227.33470262493938,542.934311500052,542.9405860420084,542.9405860420084,542.9405860420084,542.9405860420084,543.2284978330135,k,0.2823805419029668,None,left,1,8,0,6,79,30,None,227.62898579100147,227.62924783292692,543.2288493750384,543.2357479170896,543.2357479170896,546.250106542022,546.250106542022,546.2315954579972,230.6320609159302,230.63210583291948,546.2457118330058,546.250106542022,546.250106542022,547.2317905829987,stimuli/box_empty_transparent.png,231.63222887495067,231.63226195797324,547.2318667500513,547.2352212500991,548.7325797500089,548.7246278329985,233.1250563749345,,,,,,,,,,,,,,,,,,999999,right,no,None,2025-06-02_10h58.35.526,RL_out-of-scanner,2024.2.4,None,2025-06-02 10h58.45.743274 -0700,
48,0,48,space,3.924741582944989,None,space,1.3164932079380378,None,233.12654320790898,j,0.25185029092244804,None,None,233.39373091596644,233.3942009579623,234.88982195791323,234.88986704091076,235.8912168329116,235.89125374995638,239.39021008298732,,,,,,,1,0,1,0,48,0,48,0,548.7325797500089,,,,,,,,,,,,,,,,,,,,,,,,,,,,,,233.12654320790898,548.7261509170057,548.7325797500089,548.7325797500089,548.7325797500089,548.7325797500089,548.9932245000964,j,0.25185029092244804,None,left,1,8,1,6,80,31,None,233.39373091596644,233.3942009579623,548.9938084580936,549.0023973750649,549.0023973750649,550.5101777079981,550.5101777079981,550.489343082998,234.88982195791323,234.88986704091076,550.5059148750734,550.5101777079981,550.5101777079981,551.4907783330418,stimuli/box_coin_transparent.png,235.8912168329116,235.89125374995638,551.4908573330613,551.4939080830663,554.9950442920672,554.9897783329943,239.39021008298732,,,,,,,,,,,,,,,,,,999999,right,no,None,2025-06-02_10h58.35.526,RL_out-of-scanner,2024.2.4,None,2025-06-02 10h58.45.743274 -0700,
49,0,49,space,3.924741582944989,None,space,1.3164932079380378,None,239.391819249955,j,0.29396916704718024,None,None,239.69181674998254,239.6922328749206,241.19140516594052,241.19144854089245,242.19325724989176,242.1932902499102,242.19366295798682,,,,,,,1,0,1,0,49,0,49,0,554.9950442920672,,,,,,,,,,,,,,,,,,,,,,,,,,,,,,239.391819249955,554.9914280830417,554.9950442920672,554.9950442920672,554.9950442920672,554.9950442920672,555.2913153329864,j,0.29396916704718024,None,left,0,8,1,6,81,31,None,239.69181674998254,239.6922328749206,555.2918376250891,555.3000158750219,555.3000158750219,556.810190499993,556.810190499993,556.7909484170377,241.19140516594052,241.19144854089245,556.8054155000718,556.810190499993,556.810190499993,557.7928223330528,stimuli/box_empty_transparent.png,242.19325724989176,242.1932902499102,557.7928933330113,557.8111571670743,557.8111571670743,557.7932386670727,242.19366295798682,,,,,,,,,,,,,,,,,,999999,right,no,None,2025-06-02_10h58.35.526,RL_out-of-scanner,2024.2.4,None,2025-06-02 10h58.45.743274 -0700,
1,0,1,space,3.924741582944989,None,space,1.3164932079380378,None,,,,,,,,,,,,,,,,,,,1,0,1,0,,,,,,,,,,,,,,,,,,,,,,,,,,,,,,,,,,,,,,,,,,,,,,,,,,,,,,,,,,,,,,,,,,,,,,,,,,,,,,,,,,,557.8067292920314,557.8111571670743,561.8009653750341,561.8010244170437,561.8047462920658,618.1649005830986,618.1589613750111,,,999999,right,no,None,2025-06-02_10h58.35.526,RL_out-of-scanner,2024.2.4,None,2025-06-02 10h58.45.743274 -0700,
0,0,0,space,2.0801595830125734,None,space,1.9213828750653192,None,0.002071333001367748,k,0.32111350004561245,None,None,0.3449436250375584,0.34526604099664837,1.3428774999920279,1.3429169580340385,2.3510187080828473,2.3510587910423055,4.342387665994465,,,,,,,2,0,2,0,0,0,0,0,622.1983235420194,,,,,,,,,,,,,,,,618.1592457920779,618.1649005830986,618.1649005830986,620.2508962500142,space,2.0801595830125734,None,620.2509680830408,620.2575584170409,620.2575584170409,622.1891202920815,space,1.9213828750653192,None,0.002071333001367748,622.1912644580007,622.1983235420194,622.1983235420194,622.1983235420194,622.1983235420194,622.5340304999845,k,0.32111350004561245,None,right,1,9,1,7,82,1,None,0.3449436250375584,0.34526604099664837,622.5344597500516,622.5424213750521,622.5424213750521,623.5535451250616,623.5535451250616,623.5320061250823,1.3428774999920279,1.3429169580340385,623.5493054580875,623.5535451250616,623.5535451250616,624.5401705830591,stimuli/box_coin_transparent.png,2.3510187080828473,2.3510587910423055,624.5402470000554,624.5431169170188,626.5390595830977,626.5315357920481,4.342387665994465,,,,,,,,,,,,,,,,,,999999,right,no,None,2025-06-02_10h58.35.526,RL_out-of-scanner,2024.2.4,None,2025-06-02 10h58.45.743274 -0700,
1,0,1,space,2.0801595830125734,None,space,1.9213828750653192,None,4.3451440000208095,k,0.22077658399939537,None,None,4.575821415986866,4.576204083045013,6.067756165983155,6.067795791081153,7.069473666022532,7.069527458050288,8.569370291079395,,,,,,,2,0,2,0,1,0,1,0,626.5390595830977,,,,,,,,,,,,,,,,,,,,,,,,,,,,,,4.3451440000208095,626.5343683330575,626.5390595830977,626.5390595830977,626.5390595830977,626.5390595830977,626.7649130420759,k,0.22077658399939537,None,right,0,9,1,7,83,1,None,4.575821415986866,4.576204083045013,626.7653986250516,626.7724322500871,626.7724322500871,628.2751971670659,628.2751971670659,628.2568911249982,6.067756165983155,6.067795791081153,628.2707490420435,628.2751971670659,628.2751971670659,629.2586035419954,stimuli/box_empty_transparent.png,7.069473666022532,7.069527458050288,629.2587340000318,629.2642137500225,630.7659146250226,630.7585080000572,8.569370291079395,,,,,,,,,,,,,,,,,,999999,right,no,None,2025-06-02_10h58.35.526,RL_out-of-scanner,2024.2.4,None,2025-06-02 10h58.45.743274 -0700,
2,0,2,space,2.0801595830125734,None,space,1.9213828750653192,None,8.571946333046071,j,0.9178057499229908,None,['j'],9.501957666012459,9.502330958028324,10.494500291068107,10.494560541003011,11.496006833040155,11.496042750077322,14.500539915985428,[0.258904124959372],[0.11950324999634176],,,,,2,0,2,0,2,0,2,0,630.7659146250226,,,,,,,,,,,,,,,,,,,,,,,,,,,,,,8.571946333046071,630.7611570000881,630.7659146250226,630.7659146250226,630.7659146250226,630.7659146250226,631.6909952500137,j,0.9178057499229908,None,right,0,9,1,7,83,1,['j'],9.501957666012459,9.502330958028324,631.691524917027,631.6990635420661,631.6990635420661,632.7048000420909,632.7048000420909,632.6836209580069,10.494500291068107,10.494560541003011,632.6991820830153,632.7048000420909,632.7048000420909,633.6851533750305,stimuli/box_empty_transparent.png,11.496006833040155,11.496042750077322,633.6852324170759,633.6992099999916,636.6953100829851,636.6896886670729,14.500539915985428,,,,,,,[0.258904124959372],[0.11950324999634176],,,,,,,,,,999999,right,no,None,2025-06-02_10h58.35.526,RL_out-of-scanner,2024.2.4,None,2025-06-02 10h58.45.743274 -0700,
3,0,3,space,2.0801595830125734,None,space,1.9213828750653192,None,14.502430458087474,k,0.27269995806273073,None,None,14.784577000071295,14.784889791044407,16.7780658750562,16.77815124997869,17.7802662079921,17.780301165999845,18.786029083072208,,,,,,,2,0,2,0,3,0,3,0,636.6953100829851,,,,,,,,,,,,,,,,,,,,,,,,,,,,,,14.502430458087474,636.6916347080842,636.6953100829851,636.6953100829851,636.6953100829851,636.6953100829851,636.9736762080574,k,0.27269995806273073,None,right,0,9,1,7,84,1,None,14.784577000071295,14.784889791044407,636.9740829170914,636.9817106670234,636.9817106670234,638.9856459170114,638.9856459170114,638.9671524580335,16.7780658750562,16.77815124997869,638.9815400000662,638.9856459170114,638.9856459170114,639.9694127920084,stimuli/box_empty_transparent.png,17.7802662079921,17.780301165999845,639.96950091701,639.9806425829884,640.9824377500918,640.9751633750275,18.786029083072208,,,,,,,,,,,,,,,,,,999999,right,no,None,2025-06-02_10h58.35.526,RL_out-of-scanner,2024.2.4,None,2025-06-02 10h58.45.743274 -0700,
4,0,4,space,2.0801595830125734,None,space,1.9213828750653192,None,18.788261790992692,j,0.31614691601134837,None,None,19.1131305830786,19.11345516599249,20.109151415992528,20.10919075005222,21.11314124998171,21.113179291016422,23.619410708080977,,,,,,,2,0,2,0,4,0,4,0,640.9824377500918,,,,,,,,,,,,,,,,,,,,,,,,,,,,,,18.788261790992692,640.9774913750589,640.9824377500918,640.9824377500918,640.9824377500918,640.9824377500918,641.3022217500256,j,0.31614691601134837,None,right,0,9,1,7,84,1,None,19.1131305830786,19.11345516599249,641.3026496670209,641.3072028330062,641.3072028330062,642.3158560420852,642.3158560420852,642.2982867920073,20.109151415992528,20.10919075005222,642.3117562920088,642.3158560420852,642.3158560420852,643.3022800420877,stimuli/box_empty_transparent.png,21.11314124998171,21.113179291016422,643.3023807500722,643.3154737920268,645.8162120000925,645.8085490420926,23.619410708080977,,,,,,,,,,,,,,,,,,999999,right,no,None,2025-06-02_10h58.35.526,RL_out-of-scanner,2024.2.4,None,2025-06-02 10h58.45.743274 -0700,
5,0,5,space,2.0801595830125734,None,space,1.9213828750653192,None,23.622294250060804,k,0.2928175829583779,None,None,23.922816916019656,23.923154875054024,27.41780583304353,27.41785291605629,28.43184195808135,28.43187745800242,30.41742683306802,,,,,,,2,0,2,0,5,0,5,0,645.8162120000925,,,,,,,,,,,,,,,,,,,,,,,,,,,,,,23.622294250060804,645.8115087919869,645.8162120000925,645.8162120000925,645.8162120000925,645.8162120000925,646.1119092920562,k,0.2928175829583779,None,right,1,9,2,7,85,2,None,23.922816916019656,23.923154875054024,646.1123445830308,646.1199787080986,646.1199787080986,649.6287452920806,649.6287452920806,649.6069337920053,27.41780583304353,27.41785291605629,649.6239254170796,649.6287452920806,649.6287452920806,650.6209884170676,stimuli/box_coin_transparent.png,28.43184195808135,28.43187745800242,650.6210698330542,650.6237762500532,652.6098935829941,652.606591250049,30.41742683306802,,,,,,,,,,,,,,,,,,999999,right,no,None,2025-06-02_10h58.35.526,RL_out-of-scanner,2024.2.4,None,2025-06-02 10h58.45.743274 -0700,
6,0,6,space,2.0801595830125734,None,space,1.9213828750653192,None,30.41815083299298,k,0.2950454999227077,None,None,30.722250082995743,30.72252558299806,31.717842207988724,31.717875999980606,32.721409082994796,32.721427750075236,33.719768375041895,,,,,,,2,0,2,0,6,0,6,0,652.6098935829941,,,,,,,,,,,,,,,,,,,,,,,,,,,,,,30.41815083299298,652.6073330000509,652.6098935829941,652.6098935829941,652.6098935829941,652.6098935829941,652.9113524580607,k,0.2950454999227077,None,right,1,9,3,7,86,3,None,30.722250082995743,30.72252558299806,652.9117180830799,652.9196335420711,652.9196335420711,653.926524917013,653.926524917013,653.906982250046,31.717842207988724,31.717875999980606,653.9222570420243,653.926524917013,653.926524917013,654.9105646250537,stimuli/box_coin_transparent.png,32.721409082994796,32.721427750075236,654.9106117080664,654.919546875055,655.9141946249874,655.9089121250436,33.719768375041895,,,,,,,,,,,,,,,,,,999999,right,no,None,2025-06-02_10h58.35.526,RL_out-of-scanner,2024.2.4,None,2025-06-02 10h58.45.743274 -0700,
7,0,7,space,2.0801595830125734,None,space,1.9213828750653192,None,33.72168933309149,k,0.3315334579674527,None,None,34.063411207986064,34.06355337507557,36.06122179108206,36.061249541002326,37.06953020801302,37.069560791016556,39.057536208070815,,,,,,,2,0,2,0,7,0,7,0,655.9141946249874,,,,,,,,,,,,,,,,,,,,,,,,,,,,,,33.72168933309149,655.9109001250472,655.9141946249874,655.9141946249874,655.9141946249874,655.9141946249874,656.2525471670087,k,0.3315334579674527,None,right,1,9,4,7,87,4,None,34.063411207986064,34.06355337507557,656.252734458074,656.256693125004,656.256693125004,658.2693867500639,658.2693867500639,658.2503672080347,36.06122179108206,36.061249541002326,658.265249249991,658.2693867500639,658.2693867500639,659.2586832080269,stimuli/box_coin_transparent.png,37.06953020801302,37.069560791016556,659.2587526669959,659.2619737080531,661.2526282920735,661.2466943330364,39.057536208070815,,,,,,,,,,,,,,,,,,999999,right,no,None,2025-06-02_10h58.35.526,RL_out-of-scanner,2024.2.4,None,2025-06-02 10h58.45.743274 -0700,
8,0,8,space,2.0801595830125734,None,space,1.9213828750653192,None,39.059010875062086,k,0.25755558302626014,None,None,39.33445583307184,39.334707833011635,42.329158666078,42.329192582983524,43.342691333033144,43.34271891601384,44.82983454107307,,,,,,,2,0,2,0,8,0,8,0,661.2526282920735,,,,,,,,,,,,,,,,,,,,,,,,,,,,,,39.059010875062086,661.248207500088,661.2526282920735,661.2526282920735,661.2526282920735,661.2526282920735,661.5235695830779,k,0.25755558302626014,None,right,1,9,5,7,88,5,None,39.33445583307184,39.334707833011635,661.5239154170267,661.5310799170984,661.5310799170984,664.5376340420917,664.5376340420917,664.5182980420068,42.329158666078,42.329192582983524,664.5334787080064,664.5376340420917,664.5376340420917,665.5318452500505,stimuli/box_coin_transparent.png,43.342691333033144,43.34271891601384,665.5319092500722,665.5348001250532,667.0243673750665,667.018993542064,44.82983454107307,,,,,,,,,,,,,,,,,,999999,right,no,None,2025-06-02_10h58.35.526,RL_out-of-scanner,2024.2.4,None,2025-06-02 10h58.45.743274 -0700,
9,0,9,space,2.0801595830125734,None,space,1.9213828750653192,None,44.831305833067745,k,0.30226049991324544,None,None,45.144516041036695,45.144777000066824,46.64201650000177,46.64205337502062,47.65252437500749,47.65259229100775,49.65345545799937,,,,,,,2,0,2,0,9,0,9,0,667.0243673750665,,,,,,,,,,,,,,,,,,,,,,,,,,,,,,44.831305833067745,667.0205019999994,667.0243673750665,667.0243673750665,667.0243673750665,667.0243673750665,667.3336134580895,k,0.30226049991324544,None,right,1,9,6,7,89,6,None,45.144516041036695,45.144777000066824,667.3339705420658,667.341286333045,667.341286333045,668.8506702079903,668.8506702079903,668.831152375089,46.64201650000177,46.64205337502062,668.8466457080794,668.8506702079903,668.8506702079903,669.841647000052,stimuli/box_coin_transparent.png,47.65252437500749,47.65259229100775,669.8417979170335,669.8471479170257,671.8487715830561,671.8426087920088,49.65345545799937,,,,,,,,,,,,,,,,,,999999,right,no,None,2025-06-02_10h58.35.526,RL_out-of-scanner,2024.2.4,None,2025-06-02 10h58.45.743274 -0700,
10,0,10,space,2.0801595830125734,None,space,1.9213828750653192,None,49.655096875038,k,0.2560274170245975,None,None,49.92858095804695,49.92889579106122,51.42640587501228,51.426462540985085,52.42876958299894,52.428838332998566,53.425605833064765,,,,,,,2,0,2,0,10,0,10,0,671.8487715830561,,,,,,,,,,,,,,,,,,,,,,,,,,,,,,49.655096875038,671.8442972080084,671.8487715830561,671.8487715830561,671.8487715830561,671.8487715830561,672.1176830000477,k,0.2560274170245975,None,right,1,9,7,7,90,7,None,49.92858095804695,49.92889579106122,672.1180877920706,672.1259037500713,672.1259037500713,673.6348667499842,673.6348667499842,673.6155458330177,51.42640587501228,51.426462540985085,673.6305772080086,673.6348667499842,673.6348667499842,674.6178904169938,stimuli/box_coin_transparent.png,52.42876958299894,52.428838332998566,674.6180467080558,674.6234815000789,675.6209002920659,675.614761917037,53.425605833064765,,,,,,,,,,,,,,,,,,999999,right,no,None,2025-06-02_10h58.35.526,RL_out-of-scanner,2024.2.4,None,2025-06-02 10h58.45.743274 -0700,
11,0,11,space,2.0801595830125734,None,space,1.9213828750653192,None,53.427219333010726,k,0.27133191598113626,None,None,53.70569620805327,53.705984833068214,55.697236708016135,55.69727491599042,56.7000969160581,56.70013395801652,58.192198208067566,,,,,,,2,0,2,0,11,0,11,0,675.6209002920659,,,,,,,,,,,,,,,,,,,,,,,,,,,,,,53.427219333010726,675.6164152920246,675.6209002920659,675.6209002920659,675.6209002920659,675.6209002920659,675.8948079580441,k,0.27133191598113626,None,right,0,9,7,7,91,7,None,53.70569620805327,53.705984833068214,675.89517708309,675.9029280000832,675.9029280000832,677.9091699580895,677.9091699580895,677.8863715830958,55.697236708016135,55.69727491599042,677.9035194170428,677.9091699580895,677.9091699580895,678.8892432920402,stimuli/box_empty_transparent.png,56.7000969160581,56.70013395801652,678.8893254169961,678.8930601670872,680.3880219580606,680.3813457080396,58.192198208067566,,,,,,,,,,,,,,,,,,999999,right,no,None,2025-06-02_10h58.35.526,RL_out-of-scanner,2024.2.4,None,2025-06-02 10h58.45.743274 -0700,
12,0,12,space,2.0801595830125734,None,space,1.9213828750653192,None,58.19436883297749,j,0.3238908749772236,None,None,58.534502541064285,58.53491358307656,59.52653029107023,59.52659758308437,60.52945324999746,60.529485500068404,63.534871665993705,,,,,,,2,0,2,0,12,0,12,0,680.3880219580606,,,,,,,,,,,,,,,,,,,,,,,,,,,,,,58.19436883297749,680.3835850420874,680.3880219580606,680.3880219580606,680.3880219580606,680.3880219580606,680.7235971250338,j,0.3238908749772236,None,right,0,9,7,7,91,7,None,58.534502541064285,58.53491358307656,680.7241065420676,680.7319935000269,680.7319935000269,681.7337954579853,681.7337954579853,681.7156627920922,59.52653029107023,59.52659758308437,681.7297404170968,681.7337954579853,681.7337954579853,682.7186031250749,stimuli/box_empty_transparent.png,60.52945324999746,60.529485500068404,682.7186745420331,682.7305783750489,685.7302556670038,685.7240285830339,63.534871665993705,,,,,,,,,,,,,,,,,,999999,right,no,None,2025-06-02_10h58.35.526,RL_out-of-scanner,2024.2.4,None,2025-06-02 10h58.45.743274 -0700,
13,0,13,space,2.0801595830125734,None,space,1.9213828750653192,None,63.53652329102624,k,0.2710673750843853,None,None,63.81926537503023,63.81955887505319,64.3142045000568,64.31423837505281,65.32002833299339,65.32008841598872,67.31788062502164,,,,,,,2,0,2,0,13,0,13,0,685.7302556670038,,,,,,,,,,,,,,,,,,,,,,,,,,,,,,63.53652329102624,685.7257224170025,685.7302556670038,685.7302556670038,685.7302556670038,685.7302556670038,686.0083719170652,k,0.2710673750843853,None,right,1,9,8,7,92,8,None,63.81926537503023,63.81955887505319,686.0087517499924,686.016075749998,686.016075749998,686.5269689580891,686.5269689580891,686.5033445000881,64.3142045000568,64.31423837505281,686.521186167025,686.5269689580891,686.5269689580891,687.5091585000046,stimuli/box_coin_transparent.png,65.32002833299339,65.32008841598872,687.509289083071,687.5145520420047,689.5108625830617,689.5070412500063,67.31788062502164,,,,,,,,,,,,,,,,,,999999,right,no,None,2025-06-02_10h58.35.526,RL_out-of-scanner,2024.2.4,None,2025-06-02 10h58.45.743274 -0700,
14,0,14,space,2.0801595830125734,None,space,1.9213828750653192,None,67.31885625002906,k,0.3235851658973843,None,None,67.65225245803595,67.65242012508679,69.14069791603833,69.14075841603335,70.14401958300732,70.14407241600566,71.13223033305258,,,,,,,2,0,2,0,14,0,14,0,689.5108625830617,,,,,,,,,,,,,,,,,,,,,,,,,,,,,,67.31885625002906,689.50804075005,689.5108625830617,689.5108625830617,689.5108625830617,689.5108625830617,689.8413892500103,k,0.3235851658973843,None,right,1,9,9,7,93,9,None,67.65225245803595,67.65242012508679,689.8416019170545,689.8459311670158,689.8459311670158,691.346670167055,691.346670167055,691.3297993330052,69.14069791603833,69.14075841603335,691.3430522080744,691.346670167055,691.346670167055,692.3331572500756,stimuli/box_coin_transparent.png,70.14401958300732,70.14407241600566,692.3332832920132,692.3385965829948,693.3275818330003,693.3213942500297,71.13223033305258,,,,,,,,,,,,,,,,,,999999,right,no,None,2025-06-02_10h58.35.526,RL_out-of-scanner,2024.2.4,None,2025-06-02 10h58.45.743274 -0700,
15,0,15,space,2.0801595830125734,None,space,1.9213828750653192,None,71.1332550829975,k,0.40194783301558346,None,None,71.54758912499528,71.54777570802253,72.54625145799946,72.54628879099619,73.54821479099337,73.54824312508572,75.54742933309171,,,,,,,2,0,2,0,15,0,15,0,693.3275818330003,,,,,,,,,,,,,,,,,,,,,,,,,,,,,,71.1332550829975,693.322459417046,693.3275818330003,693.3275818330003,693.3275818330003,693.3275818330003,693.7367214170517,k,0.40194783301558346,None,left,1,11,0,8,93,9,None,71.54758912499528,71.54777570802253,693.7369564580731,693.7446141670225,693.7446141670225,694.751592583023,694.751592583023,694.7353888750076,72.54625145799946,72.54628879099619,694.7474831670988,694.751592583023,694.751592583023,695.7373691670364,stimuli/box_empty_transparent.png,73.54821479099337,73.54824312508572,695.7374337920919,695.7507157920627,697.7431738330051,697.7365864580497,75.54742933309171,,,,,,,,,,,,,,,,,,999999,right,no,None,2025-06-02_10h58.35.526,RL_out-of-scanner,2024.2.4,None,2025-06-02 10h58.45.743274 -0700,
16,0,16,space,2.0801595830125734,None,space,1.9213828750653192,None,75.54887175001204,j,0.4499356250744313,None,None,76.01123462500982,76.01149879104923,78.01194420806132,78.0119775000494,79.01285341603216,79.012918750057,80.01325175003149,,,,,,,2,0,2,0,16,0,16,0,697.7431738330051,,,,,,,,,,,,,,,,,,,,,,,,,,,,,,75.54887175001204,697.7380688330159,697.7431738330051,697.7431738330051,697.7431738330051,697.7431738330051,698.2003477080725,j,0.4499356250744313,None,left,1,11,1,8,94,10,None,76.01123462500982,76.01149879104923,698.2006915000966,698.2078549580183,698.2078549580183,700.2229760830523,700.2229760830523,700.201085583074,78.01194420806132,78.0119775000494,700.2179139580112,700.2229760830523,700.2229760830523,701.2019857080886,stimuli/box_coin_transparent.png,79.01285341603216,79.012918750057,701.2021339170169,701.208446667064,702.2093711670022,702.2024021249963,80.01325175003149,,,,,,,,,,,,,,,,,,999999,right,no,None,2025-06-02_10h58.35.526,RL_out-of-scanner,2024.2.4,None,2025-06-02 10h58.45.743274 -0700,
17,0,17,space,2.0801595830125734,None,space,1.9213828750653192,None,80.0153399159899,j,0.2670679580187425,None,None,80.2948053330183,80.29508487507701,81.28875558299478,81.28880750003736,82.28989358304534,82.28994254104327,83.28942108305637,,,,,,,2,0,2,0,17,0,17,0,702.2093711670022,,,,,,,,,,,,,,,,,,,,,,,,,,,,,,80.0153399159899,702.2045560420956,702.2093711670022,702.2093711670022,702.2093711670022,702.2093711670022,702.4839178330731,j,0.2670679580187425,None,left,0,11,1,8,95,10,None,80.2948053330183,80.29508487507701,702.4842774580466,702.4918174580671,702.4918174580671,703.4971372500295,703.4971372500295,703.4778752500424,81.28875558299478,81.28880750003736,703.4926662080688,703.4971372500295,703.4971372500295,704.4790302920155,stimuli/box_empty_transparent.png,82.28989358304534,82.28994254104327,704.4791385420831,704.493462500046,705.4930385419866,705.4785805420252,83.28942108305637,,,,,,,,,,,,,,,,,,999999,right,no,None,2025-06-02_10h58.35.526,RL_out-of-scanner,2024.2.4,None,2025-06-02 10h58.45.743274 -0700,
18,0,18,space,2.0801595830125734,None,space,1.9213828750653192,None,83.29090075008571,k,0.9215293331071734,None,['k'],84.23732800001744,84.23764491605107,87.72966912505217,87.7297369580483,88.73475579102524,88.73478308308404,90.7286788750207,[0.26458704110700637],[0.12045033392496407],,,,,2,0,2,0,18,0,18,0,705.4930385419866,,,,,,,,,,,,,,,,,,,,,,,,,,,,,,83.29090075008571,705.4800973330857,705.4930385419866,705.4930385419866,705.4930385419866,705.4930385419866,706.4263818750624,k,0.9215293331071734,None,left,0,11,1,8,95,10,['k'],84.23732800001744,84.23764491605107,706.4268417920684,706.4343546250602,706.4343546250602,709.9377392920433,709.9377392920433,709.9187766670948,87.72966912505217,87.7297369580483,709.9332303330302,709.9377392920433,709.9377392920433,710.9239101670682,stimuli/box_empty_transparent.png,88.73475579102524,88.73478308308404,710.9239706250373,710.9268141670618,712.9236740000779,712.9178350830916,90.7286788750207,,,,,,,[0.26458704110700637],[0.12045033392496407],,,,,,,,,,999999,right,no,None,2025-06-02_10h58.35.526,RL_out-of-scanner,2024.2.4,None,2025-06-02 10h58.45.743274 -0700,
19,0,19,space,2.0801595830125734,None,space,1.9213828750653192,None,90.73018412501551,j,0.635759332915768,None,['j'],91.37257316603791,91.37288425001316,92.37211183307227,92.37218654109165,93.3798767500557,93.37991479109041,94.86992129101418,[0.26223629200831056],[0.11540354089811444],,,,,2,0,2,0,19,0,19,0,712.9236740000779,,,,,,,,,,,,,,,,,,,,,,,,,,,,,,90.73018412501551,712.9193802500376,712.9236740000779,712.9236740000779,712.9236740000779,712.9236740000779,713.561647750088,j,0.635759332915768,None,left,1,11,2,8,96,11,['j'],91.37257316603791,91.37288425001316,713.5620782920159,713.5695077080745,713.5695077080745,714.5834270830965,714.5834270830965,714.5612125830958,92.37211183307227,92.37218654109165,714.578737917007,714.5834270830965,714.5834270830965,715.5690264170989,stimuli/box_coin_transparent.png,93.3798767500557,93.37991479109041,715.5691027500434,715.5719400420785,717.0652267920086,717.0590795000317,94.86992129101418,,,,,,,[0.26223629200831056],[0.11540354089811444],,,,,,,,,,999999,right,no,None,2025-06-02_10h58.35.526,RL_out-of-scanner,2024.2.4,None,2025-06-02 10h58.45.743274 -0700,
20,0,20,space,2.0801595830125734,None,space,1.9213828750653192,None,94.87140025000554,j,0.29748645797371864,None,None,95.17702837497927,95.17734183301218,97.17935912508983,97.17939345806371,98.1950520410901,98.1950794160366,100.19286666600965,,,,,,,2,0,2,0,20,0,20,0,717.0652267920086,,,,,,,,,,,,,,,,,,,,,,,,,,,,,,94.87140025000554,717.0605966250878,717.0652267920086,717.0652267920086,717.0652267920086,717.0652267920086,717.3661302920664,j,0.29748645797371864,None,left,1,11,3,8,97,12,None,95.17702837497927,95.17734183301218,717.366536042071,717.3736606669845,717.3736606669845,719.3889753330732,719.3889753330732,719.3684940830572,97.17935912508983,97.17939345806371,719.3842512500705,719.3889753330732,719.3889753330732,720.3842080830364,stimuli/box_coin_transparent.png,98.1950520410901,98.1950794160366,720.3842696250649,720.3884442920098,722.3879715830553,722.3820243750233,100.19286666600965,,,,,,,,,,,,,,,,,,999999,right,no,None,2025-06-02_10h58.35.526,RL_out-of-scanner,2024.2.4,None,2025-06-02 10h58.45.743274 -0700,
21,0,21,space,2.0801595830125734,None,space,1.9213828750653192,None,100.19444800005294,j,0.27838841697666794,None,None,100.48256595805287,100.4830187499756,103.47708933299873,103.4771383330226,104.48053266608622,104.48056495806668,105.98583370808046,,,,,,,2,0,2,0,21,0,21,0,722.3879715830553,,,,,,,,,,,,,,,,,,,,,,,,,,,,,,100.19444800005294,722.3836435000412,722.3879715830553,722.3879715830553,722.3879715830553,722.3879715830553,722.6716477080481,j,0.27838841697666794,None,left,0,11,3,8,98,12,None,100.48256595805287,100.4830187499756,722.6722123750951,722.6807509170612,722.6807509170612,725.6851788749918,725.6851788749918,725.6662202080479,103.47708933299873,103.4771383330226,725.6809492500033,725.6851788749918,725.6851788749918,726.6696842079982,stimuli/box_empty_transparent.png,104.48053266608622,104.48056495806668,726.6697572920239,726.6836582920514,728.1811812920496,728.174991582986,105.98583370808046,,,,,,,,,,,,,,,,,,999999,right,no,None,2025-06-02_10h58.35.526,RL_out-of-scanner,2024.2.4,None,2025-06-02 10h58.45.743274 -0700,
22,0,22,space,2.0801595830125734,None,space,1.9213828750653192,None,105.98741649999283,j,0.29733941704034805,None,None,106.30486133298837,106.30547291599214,107.80227404099423,107.80232654104475,108.80531604099087,108.80535070807673,110.81217679101974,,,,,,,2,0,2,0,22,0,22,0,728.1811812920496,,,,,,,,,,,,,,,,,,,,,,,,,,,,,,105.98741649999283,728.1766117080115,728.1811812920496,728.1811812920496,728.1811812920496,728.1811812920496,728.4938917080872,j,0.29733941704034805,None,left,1,11,4,8,99,13,None,106.30486133298837,106.30547291599214,728.4946812500712,728.5027724580141,728.5027724580141,730.012875083019,730.012875083019,729.9913957919925,107.80227404099423,107.80232654104475,730.008625333081,730.012875083019,730.012875083019,730.9944657080341,stimuli/box_coin_transparent.png,108.80531604099087,108.80535070807673,730.994543833076,731.0077454170678,733.0074245000724,733.0013328330824,110.81217679101974,,,,,,,,,,,,,,,,,,999999,right,no,None,2025-06-02_10h58.35.526,RL_out-of-scanner,2024.2.4,None,2025-06-02 10h58.45.743274 -0700,
23,0,23,space,2.0801595830125734,None,space,1.9213828750653192,None,110.81374487502035,j,0.2573040829738602,None,None,111.077737833024,111.07805300003383,112.57745383307338,112.57751708303113,113.5790977079887,113.57916366599966,115.06815541605465,,,,,,,2,0,2,0,23,0,23,0,733.0074245000724,,,,,,,,,,,,,,,,,,,,,,,,,,,,,,110.81374487502035,733.0029416250763,733.0074245000724,733.0074245000724,733.0074245000724,733.0074245000724,733.2668410000624,j,0.2573040829738602,None,left,1,11,5,8,100,14,None,111.077737833024,111.07805300003383,733.2672476250445,733.272136167041,733.272136167041,734.7869103330886,734.7869103330886,734.7665804170538,112.57745383307338,112.57751708303113,734.7825813750969,734.7869103330886,734.7869103330886,735.7681803749874,stimuli/box_coin_transparent.png,113.5790977079887,113.57916366599966,735.7683720830828,735.7735446250299,737.2634117500857,737.2573121250607,115.06815541605465,,,,,,,,,,,,,,,,,,999999,right,no,None,2025-06-02_10h58.35.526,RL_out-of-scanner,2024.2.4,None,2025-06-02 10h58.45.743274 -0700,
24,0,24,space,2.0801595830125734,None,space,1.9213828750653192,None,115.06981100002304,j,0.2841860420303419,None,None,115.36978637508582,115.37008945806883,117.36722212505993,117.36726862506475,118.36749175004661,118.36753129097633,119.85972345806658,,,,,,,2,0,2,0,24,0,24,0,737.2634117500857,,,,,,,,,,,,,,,,,,,,,,,,,,,,,,115.06981100002304,737.2590071670711,737.2634117500857,737.2634117500857,737.2634117500857,737.2634117500857,737.5588876249967,j,0.2841860420303419,None,left,1,11,6,8,101,15,None,115.36978637508582,115.37008945806883,737.5592819580343,737.5670820830856,737.5670820830856,739.5769457920687,739.5769457920687,739.5563554579858,117.36722212505993,117.36726862506475,739.5727815000573,739.5769457920687,739.5769457920687,740.5566355830524,stimuli/box_coin_transparent.png,118.36749175004661,118.36753129097633,740.5567266250728,740.5606003330322,742.0554819999961,742.0488785420312,119.85972345806658,,,,,,,,,,,,,,,,,,999999,right,no,None,2025-06-02_10h58.35.526,RL_out-of-scanner,2024.2.4,None,2025-06-02 10h58.45.743274 -0700,
25,0,25,space,2.0801595830125734,None,space,1.9213828750653192,None,119.86143795808312,j,0.2634132499806583,None,None,120.13675683306064,120.1370723330183,121.13418587506749,121.13423149997834,122.14171095797792,122.14174941601232,125.63610966608394,,,,,,,2,0,2,0,25,0,25,0,742.0554819999961,,,,,,,,,,,,,,,,,,,,,,,,,,,,,,119.86143795808312,742.0506348330528,742.0554819999961,742.0554819999961,742.0554819999961,742.0554819999961,742.3258357919985,j,0.2634132499806583,None,left,1,11,7,8,102,16,None,120.13675683306064,120.1370723330183,742.326266958029,742.3342761670938,742.3342761670938,743.3430705830688,743.3430705830688,743.3233177920338,121.13418587506749,121.13423149997834,743.3386112080188,743.3430705830688,743.3430705830688,744.3308562920429,stimuli/box_coin_transparent.png,122.14171095797792,122.14174941601232,744.3309373330558,744.3344130000332,747.832426542067,747.8252502920805,125.63610966608394,,,,,,,,,,,,,,,,,,999999,right,no,None,2025-06-02_10h58.35.526,RL_out-of-scanner,2024.2.4,None,2025-06-02 10h58.45.743274 -0700,
26,0,26,space,2.0801595830125734,None,space,1.9213828750653192,None,125.63899120804854,j,0.3140844169538468,None,None,125.96205379103776,125.96238791604992,126.46843362506479,126.46851725003216,127.46579791605473,127.46583354100585,130.96844337508082,,,,,,,2,0,2,0,26,0,26,0,747.832426542067,,,,,,,,,,,,,,,,,,,,,,,,,,,,,,125.63899120804854,747.8281993330456,747.832426542067,747.832426542067,747.832426542067,747.832426542067,748.1511604170082,j,0.3140844169538468,None,left,1,11,8,8,103,17,None,125.96205379103776,125.96238791604992,748.1515805000672,748.1612292500213,748.1612292500213,748.6712660000194,748.6712660000194,748.6575328750769,126.46843362506479,126.46851725003216,748.6678331249859,748.6712660000194,748.6712660000194,749.654948499985,stimuli/box_coin_transparent.png,127.46579791605473,127.46583354100585,749.6550240830984,749.6690503330901,753.1643195420038,753.1575972500723,130.96844337508082,749.6690503330901,749.6690503330901,,,,,,,,,,,,,,,,999999,right,no,None,2025-06-02_10h58.35.526,RL_out-of-scanner,2024.2.4,None,2025-06-02 10h58.45.743274 -0700,
27,0,27,space,2.0801595830125734,None,space,1.9213828750653192,None,130.97052208299283,j,0.3110235419590026,None,None,131.28894941601902,131.2893111250596,132.79427995800506,132.7943284159992,133.79702725005336,133.79706737503875,134.79478441597894,,,,,,,2,0,2,0,27,0,27,0,753.1643195420038,,,,,,,,,,,,,,,,,,,,,,,,,,,,,,130.97052208299283,753.1597182920668,753.1643195420038,753.1643195420038,753.1643195420038,753.1643195420038,753.4780439169845,j,0.3110235419590026,None,left,1,11,9,8,104,18,None,131.28894941601902,131.2893111250596,753.4785058330745,753.4866508750711,753.4866508750711,755.0059469169937,755.0059469169937,754.9833955829963,132.79427995800506,132.7943284159992,755.0006987500237,755.0059469169937,755.0059469169937,755.9861718330067,stimuli/box_coin_transparent.png,133.79702725005336,133.79706737503875,755.9862592080608,755.9973170000594,756.9901372500462,756.9839385830564,134.79478441597894,,,,,,,,,,,,,,,,,,999999,right,no,None,2025-06-02_10h58.35.526,RL_out-of-scanner,2024.2.4,None,2025-06-02 10h58.45.743274 -0700,
28,0,28,space,2.0801595830125734,None,space,1.9213828750653192,None,134.79632533306722,j,0.3101914580911398,None,None,135.11565391602926,135.11612525000237,136.11102537508123,136.1110947499983,137.11282645806205,137.11285616608802,140.61919454101007,,,,,,,2,0,2,0,28,0,28,0,756.9901372500462,,,,,,,,,,,,,,,,,,,,,,,,,,,,,,134.79632533306722,756.985521167051,756.9901372500462,756.9901372500462,756.9901372500462,756.9901372500462,757.3047363330843,j,0.3101914580911398,None,left,1,11,10,8,105,19,None,135.11565391602926,135.11612525000237,757.3053174579982,757.3129648329923,757.3129648329923,758.3230524579994,758.3230524579994,758.3001343330834,136.11102537508123,136.1110947499983,758.3171201670775,758.3230524579994,758.3230524579994,759.3019757079892,stimuli/box_coin_transparent.png,137.11282645806205,137.11285616608802,759.3020472920034,759.3163087500725,762.8154288330115,762.8083340000594,140.61919454101007,,,,,,,,,,,,,,,,,,999999,right,no,None,2025-06-02_10h58.35.526,RL_out-of-scanner,2024.2.4,None,2025-06-02 10h58.45.743274 -0700,
29,0,29,space,2.0801595830125734,None,space,1.9213828750653192,None,140.6217827500077,j,0.3578850409248844,None,None,140.98620491602924,140.986512875068,142.9770824580919,142.9771170830354,143.97956216603052,143.9795899160672,144.98766679107212,,,,,,,2,0,2,0,29,0,29,0,762.8154288330115,,,,,,,,,,,,,,,,,,,,,,,,,,,,,,140.6217827500077,762.8109965419862,762.8154288330115,762.8154288330115,762.8154288330115,762.8154288330115,763.1753105830867,j,0.3578850409248844,None,left,0,11,10,8,106,19,None,140.98620491602924,140.986512875068,763.1757075419882,763.1803671669913,763.1803671669913,765.183880167082,765.183880167082,765.1662227920024,142.9770824580919,142.9771170830354,765.1799287920585,765.183880167082,765.183880167082,766.1687181250891,stimuli/box_empty_transparent.png,143.97956216603052,143.9795899160672,766.1687801250955,766.1823017920833,767.1828815420158,767.176825625007,144.98766679107212,,,,,,,,,,,,,,,,,,999999,right,no,None,2025-06-02_10h58.35.526,RL_out-of-scanner,2024.2.4,None,2025-06-02 10h58.45.743274 -0700,
30,0,30,space,2.0801595830125734,None,space,1.9213828750653192,None,144.98928391607478,k,0.30968683294486254,None,None,145.31163508305326,145.31187112501357,146.30346795800142,146.30353404104244,147.31366795802023,147.31370562501252,148.31236879108474,,,,,,,2,0,2,0,30,0,30,0,767.1828815420158,,,,,,,,,,,,,,,,,,,,,,,,,,,,,,144.98928391607478,767.178480417002,767.1828815420158,767.1828815420158,767.1828815420158,767.1828815420158,767.5007510000141,k,0.30968683294486254,None,left,0,11,10,8,106,19,None,145.31163508305326,145.31187112501357,767.5010624580318,767.5083065000363,767.5083065000363,768.5111411670223,768.5111411670223,768.4925878330832,146.30346795800142,146.30353404104244,768.5068685000297,768.5111411670223,768.5111411670223,769.5028235000791,stimuli/box_empty_transparent.png,147.31366795802023,147.31370562501252,769.5029073749902,769.5068859580206,770.5083749580663,770.5015075000701,148.31236879108474,,,,,,,,,,,,,,,,,,999999,right,no,None,2025-06-02_10h58.35.526,RL_out-of-scanner,2024.2.4,None,2025-06-02 10h58.45.743274 -0700,
31,0,31,space,2.0801595830125734,None,space,1.9213828750653192,None,148.31467704102397,j,0.30163770902436227,None,None,148.6288182910066,148.62914795801044,151.62160562502686,151.6216674579773,152.63556412502658,152.63561904104427,155.12793120800052,,,,,,,2,0,2,0,31,0,31,0,770.5083749580663,,,,,,,,,,,,,,,,,,,,,,,,,,,,,,148.31467704102397,770.5038901669905,770.5083749580663,770.5083749580663,770.5083749580663,770.5083749580663,770.8179123750888,j,0.30163770902436227,None,left,0,11,10,8,107,19,None,148.6288182910066,148.62914795801044,770.8183415420353,770.8261522080284,770.8261522080284,773.82900741708,773.82900741708,773.8107245420106,151.62160562502686,151.6216674579773,773.824650958064,773.82900741708,773.82900741708,774.8247104580514,stimuli/box_empty_transparent.png,152.63556412502658,152.63561904104427,774.8248106250539,774.8280677919975,777.3241046250332,777.3170749580022,155.12793120800052,,,,,,,,,,,,,,,,,,999999,right,no,None,2025-06-02_10h58.35.526,RL_out-of-scanner,2024.2.4,None,2025-06-02 10h58.45.743274 -0700,
32,0,32,space,2.0801595830125734,None,space,1.9213828750653192,None,155.13041716604494,k,0.28576241701375693,None,None,155.42259541607928,155.42284225008916,156.43089520803187,156.430929166032,157.4401960830437,157.44022179103922,158.42988958302885,,,,,,,2,0,2,0,32,0,32,0,777.3241046250332,,,,,,,,,,,,,,,,,,,,,,,,,,,,,,155.13041716604494,777.3196397920838,777.3241046250332,777.3241046250332,777.3241046250332,777.3241046250332,777.6117115420057,k,0.28576241701375693,None,left,0,11,10,8,107,19,None,155.42259541607928,155.42284225008916,777.6120344169904,777.6246390000451,777.6246390000451,778.6368206250481,778.6368206250481,778.6200353750028,156.43089520803187,156.430929166032,778.6327090000268,778.6368206250481,778.6368206250481,779.6293535000877,stimuli/box_empty_transparent.png,157.4401960830437,157.44022179103922,779.6294119170634,779.6331759580644,780.6320682080695,780.6190430420684,158.42988958302885,,,,,,,,,,,,,,,,,,999999,right,no,None,2025-06-02_10h58.35.526,RL_out-of-scanner,2024.2.4,None,2025-06-02 10h58.45.743274 -0700,
33,0,33,space,2.0801595830125734,None,space,1.9213828750653192,None,158.4312067910796,j,0.4990500001003966,None,None,158.9458496660227,158.9461313750362,160.9464317500824,160.9464687500149,161.952607040992,161.9526764160255,163.44362508307677,,,,,,,2,0,2,0,33,0,33,0,780.6320682080695,,,,,,,,,,,,,,,,,,,,,,,,,,,,,,158.4312067910796,780.6203968750779,780.6320682080695,780.6320682080695,780.6320682080695,780.6320682080695,781.134957500035,j,0.4990500001003966,None,left,1,11,11,8,108,20,None,158.9458496660227,158.9461313750362,781.1353421250824,781.1402250829851,781.1402250829851,783.1563634170452,783.1563634170452,783.135571083054,160.9464317500824,160.9464687500149,783.1520305830054,783.1563634170452,783.1563634170452,784.1417298330925,stimuli/box_coin_transparent.png,161.952607040992,161.9526764160255,784.1418817919912,784.1479715830646,785.6401250000345,785.6327671670588,163.44362508307677,,,,,,,,,,,,,,,,,,999999,right,no,None,2025-06-02_10h58.35.526,RL_out-of-scanner,2024.2.4,None,2025-06-02 10h58.45.743274 -0700,
34,0,34,space,2.0801595830125734,None,space,1.9213828750653192,None,163.44636683305725,j,0.34221108304336667,None,None,163.79981445800513,163.80013016599696,166.7931518330006,166.79318483301904,167.79432879108936,167.79438633308746,170.2858193750726,,,,,,,2,0,2,0,34,0,34,0,785.6401250000345,,,,,,,,,,,,,,,,,,,,,,,,,,,,,,163.44636683305725,785.6355774580734,785.6401250000345,785.6401250000345,785.6401250000345,785.6401250000345,785.9889155420242,j,0.34221108304336667,None,right,1,13,0,9,108,20,None,163.79981445800513,163.80013016599696,785.989325625007,785.9971872920869,785.9971872920869,789.0013986669946,789.0013986669946,788.9822936670389,166.7931518330006,166.79318483301904,788.9964097919874,789.0013986669946,789.0013986669946,789.9834585000062,stimuli/box_empty_transparent.png,167.79432879108936,167.79438633308746,789.9835927920649,789.9886217080057,792.4809889170574,792.4749770830385,170.2858193750726,,,,,,,,,,,,,,,,,,999999,right,no,None,2025-06-02_10h58.35.526,RL_out-of-scanner,2024.2.4,None,2025-06-02 10h58.45.743274 -0700,
35,0,35,space,2.0801595830125734,None,space,1.9213828750653192,None,170.28728854109067,j,0.2674952499801293,None,None,170.5695741249947,170.5701163330814,172.072742999997,172.0728294160217,173.073037166032,173.07306816603523,174.07230712508317,,,,,,,2,0,2,0,35,0,35,0,792.4809889170574,,,,,,,,,,,,,,,,,,,,,,,,,,,,,,170.28728854109067,792.4764850420179,792.4809889170574,792.4809889170574,792.4809889170574,792.4809889170574,792.7585960000288,j,0.2674952499801293,None,right,1,13,0,9,108,20,None,170.5695741249947,170.5701163330814,792.7593195420923,792.7670131250052,792.7670131250052,794.28072204208,794.28072204208,794.2618357080501,172.072742999997,172.0728294160217,794.276638292009,794.28072204208,794.28072204208,795.2621925830608,stimuli/box_empty_transparent.png,173.073037166032,173.07306816603523,795.2622620000038,795.2760391250486,796.2726480830461,796.2614646670409,174.07230712508317,,,,,,,,,,,,,,,,,,999999,right,no,None,2025-06-02_10h58.35.526,RL_out-of-scanner,2024.2.4,None,2025-06-02 10h58.45.743274 -0700,
36,0,36,space,2.0801595830125734,None,space,1.9213828750653192,None,174.07387204107363,k,0.2474950000178069,None,None,174.335432541091,174.3355957500171,175.8264453749871,175.82648058305494,176.83744633302558,176.83749612502288,180.3315650000004,,,,,,,2,0,2,0,36,0,36,0,796.2726480830461,,,,,,,,,,,,,,,,,,,,,,,,,,,,,,174.07387204107363,796.2630678330315,796.2726480830461,796.2726480830461,796.2726480830461,796.2726480830461,796.5245717919897,k,0.2474950000178069,None,right,1,13,1,9,109,21,None,174.335432541091,174.3355957500171,796.5247762920335,796.5298252500361,796.5298252500361,798.0364632500568,798.0364632500568,798.0155847499846,175.8264453749871,175.82648058305494,798.0320744580822,798.0364632500568,798.0364632500568,799.0265864999965,stimuli/box_coin_transparent.png,176.83744633302558,176.83749612502288,799.0266995830461,799.0319455420831,802.5283909580903,802.5206981670344,180.3315650000004,,,,,,,,,,,,,,,,,,999999,right,no,None,2025-06-02_10h58.35.526,RL_out-of-scanner,2024.2.4,None,2025-06-02 10h58.45.743274 -0700,
37,0,37,space,2.0801595830125734,None,space,1.9213828750653192,None,180.33432691602502,k,0.28080016595777124,None,None,180.62250483303796,180.6227409580024,182.62185204098932,182.62188950006384,183.6288313330151,183.62888154108077,184.6216730410233,,,,,,,2,0,2,0,37,0,37,0,802.5283909580903,,,,,,,,,,,,,,,,,,,,,,,,,,,,,,180.33432691602502,802.5235387920402,802.5283909580903,802.5283909580903,802.5283909580903,802.5283909580903,802.8116199580254,k,0.28080016595777124,None,right,1,13,2,9,110,22,None,180.62250483303796,180.6227409580024,802.8119322920684,802.819753583055,802.819753583055,804.8310141670518,804.8310141670518,804.8109894170193,182.62185204098932,182.62188950006384,804.8263076250441,804.8310141670518,804.8310141670518,805.8179662080947,stimuli/box_coin_transparent.png,183.6288313330151,183.62888154108077,805.8180822080467,805.8240492080804,806.8172685829923,806.8108299170854,184.6216730410233,,,,,,,,,,,,,,,,,,999999,right,no,None,2025-06-02_10h58.35.526,RL_out-of-scanner,2024.2.4,None,2025-06-02 10h58.45.743274 -0700,
38,0,38,space,2.0801595830125734,None,space,1.9213828750653192,None,184.62330966605805,k,0.2983193750260398,None,None,184.93062737502623,184.9308237080695,185.92837612505537,185.928443041048,186.92902670800686,186.9290764160687,188.42772204102948,,,,,,,2,0,2,0,38,0,38,0,806.8172685829923,,,,,,,,,,,,,,,,,,,,,,,,,,,,,,184.62330966605805,806.8125055420678,806.8172685829923,806.8172685829923,806.8172685829923,806.8172685829923,807.1197500830749,k,0.2983193750260398,None,right,1,13,3,9,111,23,None,184.93062737502623,184.9308237080695,807.1200125830946,807.128497208003,807.128497208003,808.1379267500015,808.1379267500015,808.1174758750712,185.92837612505537,185.928443041048,808.1337836669991,808.1379267500015,808.1379267500015,809.1181660420261,stimuli/box_coin_transparent.png,186.92902670800686,186.9290764160687,809.1182723330567,809.1231077500852,810.6241808329942,810.616862792056,188.42772204102948,,,,,,,,,,,,,,,,,,999999,right,no,None,2025-06-02_10h58.35.526,RL_out-of-scanner,2024.2.4,None,2025-06-02 10h58.45.743274 -0700,
39,0,39,space,2.0801595830125734,None,space,1.9213828750653192,None,188.43039595801383,k,0.27371412503998727,None,None,188.71119154104963,188.71149262506515,189.70065566606354,189.7006983750034,190.71145979105495,190.7115112079773,191.71399808302522,,,,,,,2,0,2,0,39,0,39,0,810.6241808329942,,,,,,,,,,,,,,,,,,,,,,,,,,,,,,188.43039595801383,810.6196117500076,810.6241808329942,810.6241808329942,810.6241808329942,810.6241808329942,810.9002730830107,k,0.27371412503998727,None,right,0,13,3,9,112,23,None,188.71119154104963,188.71149262506515,810.9006852080347,810.9054340830771,810.9054340830771,811.9074052500073,811.9074052500073,811.8897877500858,189.70065566606354,189.7006983750034,811.9033127500443,811.9074052500073,811.9074052500073,812.9005880000768,stimuli/box_empty_transparent.png,190.71145979105495,190.7115112079773,812.9007460830035,812.9058470000746,813.9112478750758,813.9031297080219,191.71399808302522,,,,,,,,,,,,,,,,,,999999,right,no,None,2025-06-02_10h58.35.526,RL_out-of-scanner,2024.2.4,None,2025-06-02 10h58.45.743274 -0700,
40,0,40,space,2.0801595830125734,None,space,1.9213828750653192,None,191.71683162508998,k,0.24044441699516028,None,None,191.9652259160066,191.96559116605204,193.46028933301568,193.46034674998373,194.46271012502257,194.46274091606028,195.46301458298694,,,,,,,2,0,2,0,40,0,40,0,813.9112478750758,,,,,,,,,,,,,,,,,,,,,,,,,,,,,,191.71683162508998,813.9060413750121,813.9112478750758,813.9112478750758,813.9112478750758,813.9112478750758,814.1543200419983,k,0.24044441699516028,None,right,0,13,3,9,113,23,None,191.9652259160066,191.96559116605204,814.1547851670766,814.1618884170894,814.1618884170894,815.670418792055,815.670418792055,815.6494040420512,193.46028933301568,193.46034674998373,815.6648032080848,815.670418792055,815.670418792055,816.651859292062,stimuli/box_empty_transparent.png,194.46271012502257,194.46274091606028,816.6519313330064,816.6666844170541,817.6660348330624,817.6521683750907,195.46301458298694,,,,,,,,,,,,,,,,,,999999,right,no,None,2025-06-02_10h58.35.526,RL_out-of-scanner,2024.2.4,None,2025-06-02 10h58.45.743274 -0700,
41,0,41,space,2.0801595830125734,None,space,1.9213828750653192,None,195.46468704100698,k,0.24410804104991257,None,None,195.73545379098505,195.73570700001437,196.7274120830698,196.72747829102445,197.7371900830185,197.7372253750218,200.73556420800742,,,,,,,2,0,2,0,41,0,41,0,817.6660348330624,,,,,,,,,,,,,,,,,,,,,,,,,,,,,,195.46468704100698,817.653883208055,817.6660348330624,817.6660348330624,817.6660348330624,817.6660348330624,817.9245622500312,k,0.24410804104991257,None,right,1,13,4,9,114,24,None,195.73545379098505,195.73570700001437,817.924897333025,817.9321070000296,817.9321070000296,818.9410452080192,818.9410452080192,818.9165108330781,196.7274120830698,196.72747829102445,818.9356212920975,818.9410452080192,818.9410452080192,819.9263375420123,stimuli/box_coin_transparent.png,197.7371900830185,197.7372253750218,819.9264199170284,819.9308752920479,822.9307815420907,822.9247193330666,200.73556420800742,,,,,,,,,,,,,,,,,,999999,right,no,None,2025-06-02_10h58.35.526,RL_out-of-scanner,2024.2.4,None,2025-06-02 10h58.45.743274 -0700,
42,0,42,space,2.0801595830125734,None,space,1.9213828750653192,None,200.73715591605287,k,0.27838999999221414,None,None,201.02193633303978,201.02218579105102,203.02868312504143,203.02871758304536,204.03470912505873,204.03475154098123,207.52175587508827,,,,,,,2,0,2,0,42,0,42,0,822.9307815420907,,,,,,,,,,,,,,,,,,,,,,,,,,,,,,200.73715591605287,822.9263517920626,822.9307815420907,822.9307815420907,822.9307815420907,822.9307815420907,823.2110510000493,k,0.27838999999221414,None,right,1,13,5,9,115,25,None,201.02193633303978,201.02218579105102,823.2113752500154,823.220361958025,823.220361958025,825.2409960000077,825.2409960000077,825.2178207080578,203.02868312504143,203.02871758304536,825.235324874986,825.2409960000077,825.2409960000077,826.2238592500798,stimuli/box_coin_transparent.png,204.03470912505873,204.03475154098123,826.2239427920431,826.2268788750516,829.7237370000221,829.7109089579899,207.52175587508827,,,,,,,,,,,,,,,,,,999999,right,no,None,2025-06-02_10h58.35.526,RL_out-of-scanner,2024.2.4,None,2025-06-02 10h58.45.743274 -0700,
43,0,43,space,2.0801595830125734,None,space,1.9213828750653192,None,207.52330516604707,k,0.3373879579594359,None,None,207.87424470798578,207.87457687500864,208.86739825003315,208.86746037506964,209.8691522909794,209.8691815410275,211.85654229100328,,,,,,,2,0,2,0,43,0,43,0,829.7237370000221,,,,,,,,,,,,,,,,,,,,,,,,,,,,,,207.52330516604707,829.7125021250686,829.7237370000221,829.7237370000221,829.7237370000221,829.7237370000221,830.0633378750645,k,0.3373879579594359,None,right,1,13,6,9,116,26,None,207.87424470798578,207.87457687500864,830.0637688330607,830.0703822920332,830.0703822920332,831.0793127920479,831.0793127920479,831.0565116670914,208.86739825003315,208.86746037506964,831.0736450420227,831.0793127920479,831.0793127920479,832.0583073330345,stimuli/box_coin_transparent.png,209.8691522909794,209.8691815410275,832.0583750000224,832.061853250023,834.0528005420929,834.0456789170858,211.85654229100328,,,,,,,,,,,,,,,,,,999999,right,no,None,2025-06-02_10h58.35.526,RL_out-of-scanner,2024.2.4,None,2025-06-02 10h58.45.743274 -0700,
44,0,44,space,2.0801595830125734,None,space,1.9213828750653192,None,211.85891904099844,k,0.41921483306214213,None,None,212.2935085829813,212.29387779103126,214.7849371660268,214.78501225006767,215.79335616598837,215.7933890830027,217.7833547909977,,,,,,,2,0,2,0,44,0,44,0,834.0528005420929,,,,,,,,,,,,,,,,,,,,,,,,,,,,,,211.85891904099844,834.0481315000216,834.0528005420929,834.0528005420929,834.0528005420929,834.0528005420929,834.4826051250566,k,0.41921483306214213,None,right,1,13,7,9,117,27,None,212.2935085829813,212.29387779103126,834.4830707079964,834.490598833072,834.490598833072,836.9971920420649,836.9971920420649,836.974044292001,214.7849371660268,214.78501225006767,836.9916966670426,836.9971920420649,836.9971920420649,837.9825076250127,stimuli/box_coin_transparent.png,215.79335616598837,215.7933890830027,837.9825804580469,837.9854320420418,839.9789679580135,839.9724963750923,217.7833547909977,,,,,,,,,,,,,,,,,,999999,right,no,None,2025-06-02_10h58.35.526,RL_out-of-scanner,2024.2.4,None,2025-06-02 10h58.45.743274 -0700,
45,0,45,space,2.0801595830125734,None,space,1.9213828750653192,None,217.78523254103493,k,0.4365710000274703,None,None,218.2310509160161,218.23138158302754,219.2349000000395,219.2349368330324,220.23799341602717,220.23804804100655,221.23420029098634,,,,,,,2,0,2,0,45,0,45,0,839.9789679580135,,,,,,,,,,,,,,,,,,,,,,,,,,,,,,217.78523254103493,839.9744290420786,839.9789679580135,839.9789679580135,839.9789679580135,839.9789679580135,840.4201402920298,k,0.4365710000274703,None,right,1,13,8,9,118,28,None,218.2310509160161,218.23138158302754,840.4205745420186,840.4283570830012,840.4283570830012,841.4445924999891,841.4445924999891,841.4240333330818,219.2349000000395,219.2349368330324,841.4402987500653,841.4445924999891,841.4445924999891,842.4271280830726,stimuli/box_coin_transparent.png,220.23799341602717,220.23804804100655,842.4272458750056,842.4324187920429,843.4304470000789,843.4233542080037,221.23420029098634,,,,,,,,,,,,,,,,,,999999,right,no,None,2025-06-02_10h58.35.526,RL_out-of-scanner,2024.2.4,None,2025-06-02 10h58.45.743274 -0700,
46,0,46,space,2.0801595830125734,None,space,1.9213828750653192,None,221.2367475409992,k,0.3278901670128107,None,None,221.57636058307253,221.57679841597565,223.56823591608554,223.56827358307783,224.5807755830465,224.58080137497745,225.57040504098404,,,,,,,2,0,2,0,46,0,46,0,843.4304470000789,,,,,,,,,,,,,,,,,,,,,,,,,,,,,,221.2367475409992,843.4259566670517,843.4304470000789,843.4304470000789,843.4304470000789,843.4304470000789,843.765439458075,k,0.3278901670128107,None,right,1,13,9,9,119,29,None,221.57636058307253,221.57679841597565,843.765991958091,843.7740284170723,843.7740284170723,845.7775715420721,845.7775715420721,845.7573764580302,223.56823591608554,223.56827358307783,845.7733646250563,845.7775715420721,845.7775715420721,846.7699327080045,stimuli/box_coin_transparent.png,224.5807755830465,224.58080137497745,846.7699931670213,846.7740149170859,847.765996000031,847.759564875043,225.57040504098404,,,,,,,,,,,,,,,,,,999999,right,no,None,2025-06-02_10h58.35.526,RL_out-of-scanner,2024.2.4,None,2025-06-02 10h58.45.743274 -0700,
47,0,47,space,2.0801595830125734,None,space,1.9213828750653192,None,225.57217850000598,k,0.2885593749815598,None,None,225.8801147909835,225.8803979579825,228.87850666604936,228.8785703330068,229.87985129107255,229.87987825006712,231.37974683300126,,,,,,,2,0,2,0,47,0,47,0,847.765996000031,,,,,,,,,,,,,,,,,,,,,,,,,,,,,,225.57217850000598,847.7613735420164,847.765996000031,847.765996000031,847.765996000031,847.765996000031,848.0692230000859,k,0.2885593749815598,None,right,0,13,9,9,120,29,None,225.8801147909835,225.8803979579825,848.0695902920561,848.0773241249844,848.0773241249844,851.08676104201,851.08676104201,851.0676167079946,228.87850666604936,228.8785703330068,851.0826219170121,851.08676104201,851.08676104201,852.0690064170631,stimuli/box_empty_transparent.png,229.87985129107255,229.87987825006712,852.0690684580477,852.0833778330125,853.5768320000498,853.5688981669955,231.37974683300126,,,,,,,,,,,,,,,,,,999999,right,no,None,2025-06-02_10h58.35.526,RL_out-of-scanner,2024.2.4,None,2025-06-02 10h58.45.743274 -0700,
48,0,48,space,2.0801595830125734,None,space,1.9213828750653192,None,231.38269975001458,j,0.3674357500858605,None,None,231.76029245799873,231.76055512507446,233.24997658305801,233.2500457080314,234.25131583306938,234.25134283304214,237.73995695798658,,,,,,,2,0,2,0,48,0,48,0,853.5768320000498,,,,,,,,,,,,,,,,,,,,,,,,,,,,,,231.38269975001458,853.5719178750878,853.5768320000498,853.5768320000498,853.5768320000498,853.5768320000498,853.9494048750494,j,0.3674357500858605,None,right,0,13,9,9,120,29,None,231.76029245799873,231.76055512507446,853.9497474579839,853.9538043750217,853.9538043750217,855.4582396670012,855.4582396670012,855.4390955830459,233.24997658305801,233.2500457080314,855.4538906670641,855.4582396670012,855.4582396670012,856.4404727499932,stimuli/box_empty_transparent.png,234.25131583306938,234.25134283304214,856.4405335420743,856.4432206250494,859.9349470420275,859.9291145830648,237.73995695798658,,,,,,,,,,,,,,,,,,999999,right,no,None,2025-06-02_10h58.35.526,RL_out-of-scanner,2024.2.4,None,2025-06-02 10h58.45.743274 -0700,
49,0,49,space,2.0801595830125734,None,space,1.9213828750653192,None,237.74154770805035,k,0.26004862505942583,None,None,238.00995362503454,238.01018495799508,239.50465183297638,239.5046885830816,240.5051062910352,240.50513529102318,240.50545270799194,,,,,,,2,0,2,0,49,0,49,0,859.9349470420275,,,,,,,,,,,,,,,,,,,,,,,,,,,,,,237.74154770805035,859.9307446250459,859.9349470420275,859.9349470420275,859.9349470420275,859.9349470420275,860.1990715420106,k,0.26004862505942583,None,right,0,13,9,9,121,29,None,238.00995362503454,238.01018495799508,860.1993764580693,860.203359792009,860.203359792009,861.7110317080515,861.7110317080515,861.693786000018,239.50465183297638,239.5046885830816,861.7068796670064,861.7110317080515,861.7110317080515,862.6942601670744,stimuli/box_empty_transparent.png,240.5051062910352,240.50513529102318,862.6943256250815,862.7138367079897,862.7138367079897,862.6946146670962,240.50545270799194,,,,,,,,,,,,,,,,,,999999,right,no,None,2025-06-02_10h58.35.526,RL_out-of-scanner,2024.2.4,None,2025-06-02 10h58.45.743274 -0700,
2,0,2,space,2.0801595830125734,None,space,1.9213828750653192,None,,,,,,,,,,,,,,,,,,,2,0,2,0,,,,,,,,,,,,,,,,,,,,,,,,,,,,,,,,,,,,,,,,,,,,,,,,,,,,,,,,,,,,,,,,,,,,,,,,,,,,,,,,,,,862.7097181670833,862.7138367079897,866.6993360830238,866.6993762920611,866.7019919999875,924.7643047500169,924.7601297920337,,,999999,right,no,None,2025-06-02_10h58.35.526,RL_out-of-scanner,2024.2.4,None,2025-06-02 10h58.45.743274 -0700,
,,,,,,,,,,,,,,,,,,,,,,,,,,,,,,,,,,,,,,,,,,,,,,,,,,,,,,,,,,,,,,,,,,,,,,,,,,,,,,,,,,,,,,,,,,,,,,,,,,,,,,,,,,,,,,,,,,,,,,,,924.7603090420598,924.7606501250993,999999,right,no,None,2025-06-02_10h58.35.526,RL_out-of-scanner,2024.2.4,None,2025-06-02 10h58.45.743274 -0700,
