thisN,thisTrialN,thisRepN,advance_press.keys,advance_press.rt,advance_press.duration,trigger_value.keys,trigger_value.rt,trigger_value.duration,cueOnTime,cue_resp.keys,cue_resp.rt,cue_resp.duration,all_keys.keys,cueOffTime,cueRespOnTime,cueRespOffTime,outcomeOnTime,outcomeOffTime,fixOnTime,fixOffTime,all_keys.rt,all_keys.duration,practice_loop.thisRepN,practice_loop.thisTrialN,practice_loop.thisN,practice_loop.thisIndex,runs.thisRepN,runs.thisTrialN,runs.thisN,runs.thisIndex,trials.thisRepN,trials.thisTrialN,trials.thisN,trials.thisIndex,thisRow.t,notes,prac_dir.started,welcome_text.started,advance_press_pd.started,prac_dir.stopped,advance_press_pd.keys,advance_press_pd.rt,advance_press_pd.duration,summary_instructions.started,summary_text.started,advance_to_runs.started,summary_instructions.stopped,advance_to_runs.keys,advance_to_runs.rt,advance_to_runs.duration,get_ready.started,get_ready_text.started,advance_press.started,get_ready.stopped,runs.advance_press.keys,runs.advance_press.rt,runs.advance_press.duration,scanner_trigger.started,scanner_text.started,trigger_value.started,scanner_trigger.stopped,runs.trigger_value.keys,runs.trigger_value.rt,runs.trigger_value.duration,trials.cueOnTime,cue.started,left_box.started,right_box.started,cue_resp.started,all_keys.started,cue.stopped,trials.cue_resp.keys,trials.cue_resp.rt,trials.cue_resp.duration,good_side,probability_sequence_value,magic_number,num_rewarded,num_switch,total_correct,num_gold_coins,trials.all_keys.keys,trials.cueOffTime,trials.cueRespOnTime,cue_response.started,left_box_response.started,right_box_response.started,left_box_response.stopped,right_box_response.stopped,cue_response.stopped,trials.cueRespOffTime,trials.outcomeOnTime,outcome.started,outcome_left_box.started,outcome_right_box.started,outcome.stopped,outcome_image,trials.outcomeOffTime,trials.fixOnTime,fixation.started,fixation_cross.started,fixation_cross.stopped,fixation.stopped,trials.fixOffTime,outcome_left_box.stopped,outcome_right_box.stopped,trials.all_keys.rt,trials.all_keys.duration,run_feedback.started,coins_won_text.started,run_feedback.stopped,leftover_time_break.started,fixation_end.started,fixation_end.stopped,leftover_time_break.stopped,end_exp.started,end_exp.stopped,participant,handedness,practice,restart_from_run,date,expName,psychopyVersion,frameRate,expStart,
,,,,,,,,,,,,,,,,,,,,,,,,,,,,,,,,,,,,,0.021144300000742078,0.02605420001782477,0.02605420001782477,101.18995179980993,j,101.0855022999458,None,,,,,,,,,,,,,,,,,,,,,,,,,,,,,,,,,,,,,,,,,,,,,,,,,,,,,,,,,,,,,,,,,,,,,,,,,,,917653,right,no,None,2025-05-16_13h25.05.159,RL_out-of-scanner,2024.2.4,59.86715476169726,2025-05-16 13h25.23.183743 -0700,
,,,,,,,,,,,,,,,,,,,,,,,,,,,,,,,,,,,,,,,,,,,,101.19029129995033,101.1960306998808,101.1960306998808,129.99930369993672,j,28.79927590000443,None,,,,,,,,,,,,,,,,,,,,,,,,,,,,,,,,,,,,,,,,,,,,,,,,,,,,,,,,,,,,,,,,,,,,917653,right,no,None,2025-05-16_13h25.05.159,RL_out-of-scanner,2024.2.4,59.86715476169726,2025-05-16 13h25.23.183743 -0700,
0,0,0,space,35.62098659994081,None,5,2.950730500044301,None,0.0013914001174271107,j,1.1738283999729902,None,None,1.1995260000694543,1.199862499954179,2.1982432999648154,2.1982730999588966,3.2131771000567824,3.213221099926159,5.228643599897623,,,,,,,0,0,0,0,0,0,0,0,168.63416569982655,,,,,,,,,,,,,,,,129.99961950001307,130.01462039980106,130.01462039980106,165.63740809983574,space,35.62098659994081,None,165.63754080003127,165.65297639998607,165.65297639998607,168.61848929990083,5,2.950730500044301,None,0.0013914001174271107,168.6199348999653,168.63416569982655,168.63416569982655,168.63416569982655,168.63416569982655,169.81796309980564,j,1.1738283999729902,None,right,0,10,0,0,0,0,None,1.1995260000694543,1.199862499954179,169.81841609999537,169.83342649997212,169.83342649997212,170.8396224998869,170.8396224998869,170.81672709994018,2.1982432999648154,2.1982730999588966,170.832171499962,170.8396224998869,170.8396224998869,171.83166219992563,stimuli/box_empty_transparent.png,3.2131771000567824,3.213221099926159,171.8317783998791,171.84801059984602,173.86333779990673,173.8471309999004,5.228643599897623,,,,,,,,,,,,,,917653,right,no,None,2025-05-16_13h25.05.159,RL_out-of-scanner,2024.2.4,59.86715476169726,2025-05-16 13h25.23.183743 -0700,
1,0,1,space,35.62098659994081,None,5,2.950730500044301,None,5.2298667000140995,j,0.45163349993526936,None,None,5.712556099984795,5.712774599902332,7.227467000018805,7.227522700093687,8.242899500066414,8.242945099947974,9.741876000072807,,,,,,,0,0,0,0,1,0,1,0,173.86333779990673,,,,,,,,,,,,,,,,,,,,,,,,,,,,,,5.2298667000140995,173.84841019986197,173.86333779990673,173.86333779990673,173.86333779990673,173.86333779990673,174.33101949980482,j,0.45163349993526936,None,right,0,10,0,0,0,0,None,5.712556099984795,5.712774599902332,174.33131529996172,174.3464142999146,174.3464142999146,175.8621352999471,175.8621352999471,175.8459172998555,7.227467000018805,7.227522700093687,175.85216129990295,175.8621352999471,175.8621352999471,176.86138379992917,stimuli/box_empty_transparent.png,8.242899500066414,8.242945099947974,176.8615078998264,176.87718249997124,178.3765014000237,178.3603743999265,9.741876000072807,,,,,,,,,,,,,,917653,right,no,None,2025-05-16_13h25.05.159,RL_out-of-scanner,2024.2.4,59.86715476169726,2025-05-16 13h25.23.183743 -0700,
2,0,2,space,35.62098659994081,None,5,2.950730500044301,None,9.742921700002626,k,0.30426680017262697,None,None,10.076716500101611,10.077011999906972,11.074630199931562,11.074684800114483,12.08970810007304,12.089755699969828,15.10398399992846,,,,,,,0,0,0,0,2,0,2,0,178.3765014000237,,,,,,,,,,,,,,,,,,,,,,,,,,,,,,9.742921700002626,178.3614625998307,178.3765014000237,178.3765014000237,178.3765014000237,178.3765014000237,178.6951574999839,k,0.30426680017262697,None,right,1,10,1,0,1,1,None,10.076716500101611,10.077011999906972,178.69556429982185,178.70954209985211,178.70954209985211,179.715731699951,179.715731699951,179.69308119989,11.074630199931562,11.074684800114483,179.70929769985378,179.715731699951,179.715731699951,180.7081923999358,stimuli/box_coin_transparent.png,12.08970810007304,12.089755699969828,180.70832059998065,180.72446749988012,183.73901669983752,183.7224649998825,15.10398399992846,,,,,,,,,,,,,,917653,right,no,None,2025-05-16_13h25.05.159,RL_out-of-scanner,2024.2.4,59.86715476169726,2025-05-16 13h25.23.183743 -0700,
3,0,3,space,35.62098659994081,None,5,2.950730500044301,None,15.105357799911872,k,0.2983379999641329,None,None,15.421479400014505,15.42168159992434,17.436131699942052,17.436156600015238,18.435405200114474,18.435451900120825,19.433573100017384,,,,,,,0,0,0,0,3,0,3,0,183.73901669983752,,,,,,,,,,,,,,,,,,,,,,,,,,,,,,15.105357799911872,183.72390109999105,183.73901669983752,183.73901669983752,183.73901669983752,183.73901669983752,184.03993949992582,k,0.2983379999641329,None,right,1,10,2,0,2,2,None,15.421479400014505,15.42168159992434,184.04022279987112,184.0555657998193,184.0555657998193,186.07072569988668,186.07072569988668,186.0546230999753,17.436131699942052,17.436156600015238,186.06200769986026,186.07072569988668,186.07072569988668,187.0538882999681,stimuli/box_coin_transparent.png,18.435405200114474,18.435451900120825,187.05401439988054,187.06896950001828,188.06880709994584,188.05207640002482,19.433573100017384,187.06896950001828,187.06896950001828,,,,,,,,,,,,917653,right,no,None,2025-05-16_13h25.05.159,RL_out-of-scanner,2024.2.4,59.86715476169726,2025-05-16 13h25.23.183743 -0700,
4,0,4,space,35.62098659994081,None,5,2.950730500044301,None,19.434994200011715,k,0.5022095001768321,None,None,19.96754419989884,19.96780960005708,20.983318699989468,20.983374600065872,21.998700500000268,21.998761900002137,24.513228399911895,,,,,,,0,0,0,0,4,0,4,0,188.06880709994584,,,,,,,,,,,,,,,,,,,,,,,,,,,,,,19.434994200011715,188.05354559980333,188.06880709994584,188.06880709994584,188.06880709994584,188.06880709994584,188.58602059981786,k,0.5022095001768321,None,right,1,10,3,0,3,3,None,19.96754419989884,19.96780960005708,188.58636179985479,188.60236249980517,188.60236249980517,189.61802719999105,189.61802719999105,189.60177149996161,20.983318699989468,20.983374600065872,189.60901189991273,189.61802719999105,189.61802719999105,190.61717360001057,stimuli/box_coin_transparent.png,21.998700500000268,21.998761900002137,190.61734509980306,190.63264369987883,193.1477965998929,193.13171589979902,24.513228399911895,,,,,,,,,,,,,,917653,right,no,None,2025-05-16_13h25.05.159,RL_out-of-scanner,2024.2.4,59.86715476169726,2025-05-16 13h25.23.183743 -0700,
5,0,5,space,35.62098659994081,None,5,2.950730500044301,None,24.514494800008833,k,0.32222099998034537,None,None,24.86387509992346,24.864075100049376,28.37744119996205,28.377468700055033,29.39265609998256,29.39270079997368,31.408018399961293,,,,,,,0,0,0,0,5,0,5,0,193.1477965998929,,,,,,,,,,,,,,,,,,,,,,,,,,,,,,24.514494800008833,193.13303869985975,193.1477965998929,193.1477965998929,193.1477965998929,193.1477965998929,193.48233499983326,k,0.32222099998034537,None,right,1,10,4,0,4,4,None,24.86387509992346,24.864075100049376,193.48261619987898,193.4977245000191,193.4977245000191,197.01202979986556,197.01202979986556,196.99592699995264,28.37744119996205,28.377468700055033,197.0030139000155,197.01202979986556,197.01202979986556,198.01114109996706,stimuli/box_coin_transparent.png,29.39265609998256,29.39270079997368,198.01125849992968,198.02679609996267,200.04259740002453,200.0265259000007,31.408018399961293,,,,,,,,,,,,,,917653,right,no,None,2025-05-16_13h25.05.159,RL_out-of-scanner,2024.2.4,59.86715476169726,2025-05-16 13h25.23.183743 -0700,
6,0,6,space,35.62098659994081,None,5,2.950730500044301,None,31.409082300029695,k,0.40125729981809855,None,None,31.842173699988052,31.842463900102302,32.840285199927166,32.84034219989553,33.855610999977216,33.85565560008399,34.85540909995325,,,,,,,0,0,0,0,6,0,6,0,200.04259740002453,,,,,,,,,,,,,,,,,,,,,,,,,,,,,,31.409082300029695,200.02762379986234,200.04259740002453,200.04259740002453,200.04259740002453,200.04259740002453,200.4606064998079,k,0.40125729981809855,None,right,1,10,5,0,5,5,None,31.842173699988052,31.842463900102302,200.46101629990153,200.47570859990083,200.47570859990083,201.4759237000253,201.4759237000253,201.4587338999845,32.840285199927166,32.84034219989553,201.4656819999218,201.4759237000253,201.4759237000253,202.47409689985216,stimuli/box_coin_transparent.png,33.855610999977216,33.85565560008399,202.47421409981325,202.49002489983104,203.4898983000312,203.47389659984037,34.85540909995325,,,,,,,,,,,,,,917653,right,no,None,2025-05-16_13h25.05.159,RL_out-of-scanner,2024.2.4,59.86715476169726,2025-05-16 13h25.23.183743 -0700,
7,0,7,space,35.62098659994081,None,5,2.950730500044301,None,34.85648400010541,k,0.4771148997824639,None,None,35.35580589994788,35.35599040007219,37.37025730009191,37.37030060007237,38.38507180009037,38.38509520003572,40.401149899931625,,,,,,,0,0,0,0,7,0,7,0,203.4898983000312,,,,,,,,,,,,,,,,,,,,,,,,,,,,,,34.85648400010541,203.4750255998224,203.4898983000312,203.4898983000312,203.4898983000312,203.4898983000312,203.97428279998712,k,0.4771148997824639,None,right,1,10,6,0,6,6,None,35.35580589994788,35.35599040007219,203.97452619997784,203.98991379979998,203.98991379979998,206.00510029983707,206.00510029983707,205.98872509994544,37.37025730009191,37.37030060007237,205.9958962998353,206.00510029983707,206.00510029983707,207.00357519998215,stimuli/box_coin_transparent.png,38.38507180009037,38.38509520003572,207.00363259995356,207.0197293998208,209.03543009981513,209.01963869994506,40.401149899931625,,,,,,,,,,,,,,917653,right,no,None,2025-05-16_13h25.05.159,RL_out-of-scanner,2024.2.4,59.86715476169726,2025-05-16 13h25.23.183743 -0700,
8,0,8,space,35.62098659994081,None,5,2.950730500044301,None,40.40221660002135,k,0.3067528000101447,None,None,40.73455419996753,40.734747000038624,43.7484077999834,43.74846379994415,44.74772630003281,44.74774849996902,46.262443100102246,,,,,,,0,0,0,0,8,0,8,0,209.03543009981513,,,,,,,,,,,,,,,,,,,,,,,,,,,,,,40.40221660002135,209.0207575999666,209.03543009981513,209.03543009981513,209.03543009981513,209.03543009981513,209.35301689989865,k,0.3067528000101447,None,right,0,10,6,0,7,6,None,40.73455419996753,40.734747000038624,209.3532870998606,209.36840829998255,209.36840829998255,212.38294139993377,212.38294139993377,212.36685769981705,43.7484077999834,43.74846379994415,212.37325209984556,212.38294139993377,212.38294139993377,213.36623139982112,stimuli/box_empty_transparent.png,44.74772630003281,44.74774849996902,213.36628539999947,213.38185000000522,214.89724969980307,214.8809503999073,46.262443100102246,213.38185000000522,213.38185000000522,,,,,,,,,,,,917653,right,no,None,2025-05-16_13h25.05.159,RL_out-of-scanner,2024.2.4,59.86715476169726,2025-05-16 13h25.23.183743 -0700,
9,0,9,space,35.62098659994081,None,5,2.950730500044301,None,46.26426389999688,j,0.4296305999159813,None,None,46.713093400001526,46.713310400024056,48.21158690005541,48.2116155999247,49.2265528999269,49.22659659991041,51.24194029998034,,,,,,,0,0,0,0,9,0,9,0,214.89724969980307,,,,,,,,,,,,,,,,,,,,,,,,,,,,,,46.26426389999688,214.8828214998357,214.89724969980307,214.89724969980307,214.89724969980307,214.89724969980307,215.33155859983526,j,0.4296305999159813,None,right,0,10,6,0,7,6,None,46.713093400001526,46.713310400024056,215.33185069984756,215.34700219985098,215.34700219985098,216.84704439993948,216.84704439993948,216.8300728998147,48.21158690005541,48.2116155999247,216.8359493999742,216.84704439993948,216.84704439993948,217.8450368999038,stimuli/box_empty_transparent.png,49.2265528999269,49.22659659991041,217.84513409994543,217.86128429998644,219.87682409980334,219.86042879987508,51.24194029998034,,,,,,,,,,,,,,917653,right,no,None,2025-05-16_13h25.05.159,RL_out-of-scanner,2024.2.4,59.86715476169726,2025-05-16 13h25.23.183743 -0700,
10,0,10,space,35.62098659994081,None,5,2.950730500044301,None,51.24315969995223,j,0.42967410013079643,None,None,51.69220090005547,51.692533100023866,53.20742750004865,53.20745419990271,54.22240400011651,54.22245240001939,55.23847520002164,,,,,,,0,0,0,0,10,0,10,0,219.87682409980334,,,,,,,,,,,,,,,,,,,,,,,,,,,,,,51.24315969995223,219.86170109990053,219.87682409980334,219.87682409980334,219.87682409980334,219.87682409980334,220.3106645999942,j,0.42967410013079643,None,right,0,10,6,0,7,6,None,51.69220090005547,51.692533100023866,220.3110864998307,220.32663219980896,220.32663219980896,221.84266530000605,221.84266530000605,221.8259148998186,53.20742750004865,53.20745419990271,221.8315566999372,221.84266530000605,221.84266530000605,222.84088709997013,stimuli/box_empty_transparent.png,54.22240400011651,54.22245240001939,222.84101730003022,222.85784989991225,223.87359229987487,223.85696399980225,55.23847520002164,,,,,,,,,,,,,,917653,right,no,None,2025-05-16_13h25.05.159,RL_out-of-scanner,2024.2.4,59.86715476169726,2025-05-16 13h25.23.183743 -0700,
11,0,11,space,35.62098659994081,None,5,2.950730500044301,None,55.23980599991046,k,0.3541239001788199,None,None,55.62261090008542,55.62282450008206,57.63740219990723,57.637433799915016,58.65259560011327,58.652650400064886,60.16787889995612,,,,,,,0,0,0,0,11,0,11,0,223.87359229987487,,,,,,,,,,,,,,,,,,,,,,,,,,,,,,55.23980599991046,223.8583470999729,223.87359229987487,223.87359229987487,223.87359229987487,223.87359229987487,224.24106489983387,k,0.3541239001788199,None,right,1,10,7,0,8,7,None,55.62261090008542,55.62282450008206,224.24136879993603,224.25651139998809,224.25651139998809,226.27220479981042,226.27220479981042,226.25588509999216,57.63740219990723,57.637433799915016,226.2630774998106,226.27220479981042,226.27220479981042,227.27107369992882,stimuli/box_coin_transparent.png,58.65259560011327,58.652650400064886,227.2712255998049,227.28685029991902,228.80299609992653,228.78636719984934,60.16787889995612,,,,,,,,,,,,,,917653,right,no,None,2025-05-16_13h25.05.159,RL_out-of-scanner,2024.2.4,59.86715476169726,2025-05-16 13h25.23.183743 -0700,
12,0,12,space,35.62098659994081,None,5,2.950730500044301,None,60.16935129999183,k,0.9021305998321623,None,None,61.101901399903,61.102083900012076,62.11665110010654,62.116711100097746,63.132162200054154,63.1322071000468,66.14646849990822,,,,,,,0,0,0,0,12,0,12,0,228.80299609992653,,,,,,,,,,,,,,,,,,,,,,,,,,,,,,60.16935129999183,228.78789749997668,228.80299609992653,228.80299609992653,228.80299609992653,228.80299609992653,229.7203778999392,k,0.9021305998321623,None,right,0,10,7,0,9,7,None,61.101901399903,61.102083900012076,229.72061939979903,229.73575059999712,229.73575059999712,230.75178739987314,230.75178739987314,230.7351108000148,62.11665110010654,62.116711100097746,230.74197759991512,230.75178739987314,230.75178739987314,231.75064719980583,stimuli/box_empty_transparent.png,63.132162200054154,63.1322071000468,231.7507654998917,231.76670079980977,234.78134500002488,234.7649589998182,66.14646849990822,,,,,,,,,,,,,,917653,right,no,None,2025-05-16_13h25.05.159,RL_out-of-scanner,2024.2.4,59.86715476169726,2025-05-16 13h25.23.183743 -0700,
13,0,13,space,35.62098659994081,None,5,2.950730500044301,None,66.14775900007226,k,0.3777757999487221,None,None,66.54752500005998,66.54770520003513,67.04642009991221,67.04644740000367,68.06152110011317,68.06154439994134,70.0768927000463,,,,,,,0,0,0,0,13,0,13,0,234.78134500002488,,,,,,,,,,,,,,,,,,,,,,,,,,,,,,66.14775900007226,234.76629829988815,234.78134500002488,234.78134500002488,234.78134500002488,234.78134500002488,235.16600119997747,k,0.3777757999487221,None,right,1,10,8,0,10,8,None,66.54752500005998,66.54770520003513,235.16624099994078,235.18181600002572,235.18181600002572,235.68139489996247,235.68139489996247,235.66490899981,67.04642009991221,67.04644740000367,235.6721256999299,235.68139489996247,235.68139489996247,236.68002169998363,stimuli/box_coin_transparent.png,68.06152110011317,68.06154439994134,236.68008319986984,236.69605089980178,238.7115006998647,238.69538069982082,70.0768927000463,,,,,,,,,,,,,,917653,right,no,None,2025-05-16_13h25.05.159,RL_out-of-scanner,2024.2.4,59.86715476169726,2025-05-16 13h25.23.183743 -0700,
14,0,14,space,35.62098659994081,None,5,2.950730500044301,None,70.07804680010304,k,0.4806971000507474,None,None,70.57740100007504,70.57760039996356,72.09241420007311,72.09244260005653,73.10765059990808,73.10769130010158,74.10695439996198,,,,,,,0,0,0,0,14,0,14,0,238.7115006998647,,,,,,,,,,,,,,,,,,,,,,,,,,,,,,70.07804680010304,238.69659019983374,238.7115006998647,238.7115006998647,238.7115006998647,238.7115006998647,239.19586430001073,k,0.4806971000507474,None,right,0,10,8,0,11,8,None,70.57740100007504,70.57760039996356,239.19614019989967,239.21151069994085,239.21151069994085,240.72710879985243,240.72710879985243,240.71090239984915,72.09241420007311,72.09244260005653,240.71704299980775,240.72710879985243,240.72710879985243,241.72613869979978,stimuli/box_empty_transparent.png,73.10765059990808,73.10769130010158,241.7262493998278,241.7421677999664,242.74226589989848,242.72545949998312,74.10695439996198,,,,,,,,,,,,,,917653,right,no,None,2025-05-16_13h25.05.159,RL_out-of-scanner,2024.2.4,59.86715476169726,2025-05-16 13h25.23.183743 -0700,
15,0,15,space,35.62098659994081,None,5,2.950730500044301,None,74.10813660011627,k,0.567670299904421,None,None,74.70777509990148,74.70799740008079,75.70616469997913,75.70619029994123,76.72188839991577,76.72193820006214,78.73694660002366,,,,,,,0,0,0,0,15,0,15,0,242.74226589989848,,,,,,,,,,,,,,,,,,,,,,,,,,,,,,74.10813660011627,242.72668039985,242.74226589989848,242.74226589989848,242.74226589989848,242.74226589989848,243.32622299995273,k,0.567670299904421,None,right,1,10,9,0,12,9,None,74.70777509990148,74.70799740008079,243.32654369994998,243.3414594999049,243.3414594999049,244.3409515998792,244.3409515998792,244.32465579989366,75.70616469997913,75.70619029994123,244.3313202999998,244.3409515998792,244.3409515998792,245.34037299989723,stimuli/box_coin_transparent.png,76.72188839991577,76.72193820006214,245.34049419988878,245.35579719999805,247.37136289989576,247.35545269981958,78.73694660002366,,,,,,,,,,,,,,917653,right,no,None,2025-05-16_13h25.05.159,RL_out-of-scanner,2024.2.4,59.86715476169726,2025-05-16 13h25.23.183743 -0700,
16,0,16,space,35.62098659994081,None,5,2.950730500044301,None,78.73789070011117,j,0.4122084002010524,None,None,79.1702845999971,79.17049250006676,81.18485990003683,81.18490230012685,82.200476200087,82.20051410002634,83.19940649997443,,,,,,,0,0,0,0,16,0,16,0,247.37136289989576,,,,,,,,,,,,,,,,,,,,,,,,,,,,,,78.73789070011117,247.3564321999438,247.37136289989576,247.37136289989576,247.37136289989576,247.37136289989576,247.7887575000059,j,0.4122084002010524,None,right,1,10,9,0,12,9,None,79.1702845999971,79.17049250006676,247.78903019987047,247.8045440998394,247.8045440998394,249.81980389985256,249.81980389985256,249.80333049991168,81.18485990003683,81.18490230012685,249.809198099887,249.81980389985256,249.81980389985256,250.8189675998874,stimuli/box_empty_transparent.png,82.200476200087,82.20051410002634,250.81907219998538,250.834814599948,251.8348639998585,251.817903699819,83.19940649997443,,,,,,,,,,,,,,917653,right,no,None,2025-05-16_13h25.05.159,RL_out-of-scanner,2024.2.4,59.86715476169726,2025-05-16 13h25.23.183743 -0700,
17,0,17,space,35.62098659994081,None,5,2.950730500044301,None,83.20080689992756,k,0.4999261999037117,None,None,83.73370889993384,83.73400539997965,84.73246639990248,84.73251769994386,85.747261099983,85.74728440004401,86.76320940000005,,,,,,,0,0,0,0,17,0,17,0,251.8348639998585,,,,,,,,,,,,,,,,,,,,,,,,,,,,,,83.20080689992756,251.81934709986672,251.8348639998585,251.8348639998585,251.8348639998585,251.8348639998585,252.35214839992113,k,0.4999261999037117,None,right,0,10,9,0,13,9,None,83.73370889993384,83.73400539997965,252.35255769989453,252.36757449992,252.36757449992,253.36783079989254,253.36783079989254,253.35090979980305,84.73246639990248,84.73251769994386,253.35660899989307,253.36783079989254,253.36783079989254,254.36576309986413,stimuli/box_empty_transparent.png,85.747261099983,85.74728440004401,254.36582199996337,254.3825500998646,255.3984493999742,255.3817169999238,86.76320940000005,,,,,,,,,,,,,,917653,right,no,None,2025-05-16_13h25.05.159,RL_out-of-scanner,2024.2.4,59.86715476169726,2025-05-16 13h25.23.183743 -0700,
18,0,18,space,35.62098659994081,None,5,2.950730500044301,None,86.76508140005171,k,0.3105101000983268,None,None,87.09814639994875,87.09855190012604,90.61102190008387,90.61104979994707,91.62593419989571,91.62597970012575,93.64087220001966,,,,,,,0,0,0,0,18,0,18,0,255.3984493999742,,,,,,,,,,,,,,,,,,,,,,,,,,,,,,86.76508140005171,255.3836407000199,255.3984493999742,255.3984493999742,255.3984493999742,255.3984493999742,255.7165727999527,k,0.3105101000983268,None,right,1,10,10,0,14,10,None,87.09814639994875,87.09855190012604,255.71711470000446,255.73154369997792,255.73154369997792,259.2462897999212,259.2462897999212,259.2295057999436,90.61102190008387,90.61104979994707,259.2361924999859,259.2462897999212,259.2462897999212,260.24441779986955,stimuli/box_coin_transparent.png,91.62593419989571,91.62597970012575,260.24453869997524,260.2607280998491,262.2760401000269,262.2593784998171,93.64087220001966,,,,,,,,,,,,,,917653,right,no,None,2025-05-16_13h25.05.159,RL_out-of-scanner,2024.2.4,59.86715476169726,2025-05-16 13h25.23.183743 -0700,
19,0,19,space,35.62098659994081,None,5,2.950730500044301,None,93.6423841000069,k,0.5126025001518428,None,None,94.175363099901,94.17557669989765,95.19037989992648,95.19043470011093,96.20568259991705,96.20572800002992,97.72186810011044,,,,,,,0,0,0,0,19,0,19,0,262.2760401000269,,,,,,,,,,,,,,,,,,,,,,,,,,,,,,93.6423841000069,262.26092509995215,262.2760401000269,262.2760401000269,262.2760401000269,262.2760401000269,262.79383319988847,k,0.5126025001518428,None,left,1,13,0,1,14,10,None,94.175363099901,94.17557669989765,262.7941143999342,262.8093206998892,262.8093206998892,263.8261782999616,263.8261782999616,263.80883269989863,95.19037989992648,95.19043470011093,263.81472030002624,263.8261782999616,263.8261782999616,264.82416690001264,stimuli/box_empty_transparent.png,96.20568259991705,96.20572800002992,264.82428659987636,264.8408311998937,266.35600489983335,266.3403547999915,97.72186810011044,,,,,,,,,,,,,,917653,right,no,None,2025-05-16_13h25.05.159,RL_out-of-scanner,2024.2.4,59.86715476169726,2025-05-16 13h25.23.183743 -0700,
20,0,20,space,35.62098659994081,None,5,2.950730500044301,None,97.72393400012515,k,0.30266339983791113,None,None,98.05584669997916,98.05613970011473,100.06980290007778,100.06985879992135,101.08541729999706,101.08546350011602,103.10037979995832,,,,,,,0,0,0,0,20,0,20,0,266.35600489983335,,,,,,,,,,,,,,,,,,,,,,,,,,,,,,97.72393400012515,266.34247349994257,266.35600489983335,266.35600489983335,266.35600489983335,266.35600489983335,266.6742870998569,k,0.30266339983791113,None,left,1,13,0,1,14,10,None,98.05584669997916,98.05613970011473,266.6746922999155,266.6893648998812,266.6893648998812,268.7493171999231,268.7493171999231,268.68825429980643,100.06980290007778,100.06985879992135,268.74415909987874,268.7493171999231,268.7493171999231,269.7039024999831,stimuli/box_empty_transparent.png,101.08541729999706,101.08546350011602,269.7040224999655,269.7203249000013,271.73527649999596,271.7188614998013,103.10037979995832,,,,,,,,,,,,,,917653,right,no,None,2025-05-16_13h25.05.159,RL_out-of-scanner,2024.2.4,59.86715476169726,2025-05-16 13h25.23.183743 -0700,
21,0,21,space,35.62098659994081,None,5,2.950730500044301,None,103.10176409990527,k,0.33011620002798736,None,None,103.45137530006468,103.45167539990507,106.46487069991417,106.464924500091,107.4806663999334,107.48071589996107,108.99562070006505,,,,,,,0,0,0,0,21,0,21,0,271.73527649999596,,,,,,,,,,,,,,,,,,,,,,,,,,,,,,103.10176409990527,271.7203061999753,271.73527649999596,271.73527649999596,271.73527649999596,271.73527649999596,272.0698125998024,k,0.33011620002798736,None,left,1,13,0,1,14,10,None,103.45137530006468,103.45167539990507,272.07022929983214,272.08522120001726,272.08522120001726,275.09969830000773,275.09969830000773,275.0833258999046,106.46487069991417,106.464924500091,275.09018830000423,275.09969830000773,275.09969830000773,276.0991481000092,stimuli/box_empty_transparent.png,107.4806663999334,107.48071589996107,276.0992835999932,276.1146330998745,277.63074119994417,277.61411109985784,108.99562070006505,,,,,,,,,,,,,,917653,right,no,None,2025-05-16_13h25.05.159,RL_out-of-scanner,2024.2.4,59.86715476169726,2025-05-16 13h25.23.183743 -0700,
22,0,22,space,35.62098659994081,None,5,2.950730500044301,None,108.9977990000043,j,0.4545511999167502,None,None,109.48022869997658,109.4804680000525,110.99448319990188,110.99454639991745,111.99410060001537,111.99414670001715,114.00853059999645,,,,,,,0,0,0,0,22,0,22,0,277.63074119994417,,,,,,,,,,,,,,,,,,,,,,,,,,,,,,108.9977990000043,277.61633949982934,277.63074119994417,277.63074119994417,277.63074119994417,277.63074119994417,278.09868269995786,j,0.4545511999167502,None,left,1,13,1,1,15,11,None,109.48022869997658,109.4804680000525,278.0990141998045,278.11368860001676,278.11368860001676,279.629456799943,279.629456799943,279.6129562999122,110.99448319990188,110.99454639991745,279.6208939999342,279.629456799943,279.629456799943,280.61258509987965,stimuli/box_coin_transparent.png,111.99410060001537,111.99414670001715,280.6127057999838,280.6284878998995,282.64380279998295,282.62702769995667,114.00853059999645,280.6284878998995,280.6284878998995,,,,,,,,,,,,917653,right,no,None,2025-05-16_13h25.05.159,RL_out-of-scanner,2024.2.4,59.86715476169726,2025-05-16 13h25.23.183743 -0700,
23,0,23,space,35.62098659994081,None,5,2.950730500044301,None,114.00979889999144,j,0.38247339986264706,None,None,114.40948210004717,114.40969100012444,115.92398219997995,115.92400939995423,116.94010820006952,116.94015099992976,118.4551272999961,,,,,,,0,0,0,0,23,0,23,0,282.64380279998295,,,,,,,,,,,,,,,,,,,,,,,,,,,,,,114.00979889999144,282.6283405998256,282.64380279998295,282.64380279998295,282.64380279998295,282.64380279998295,283.0279519998003,j,0.38247339986264706,None,left,1,13,2,1,16,12,None,114.40948210004717,114.40969100012444,283.02822739980184,283.04303559986874,283.04303559986874,284.55939229996875,284.55939229996875,284.5424716998823,115.92398219997995,115.92400939995423,284.54924419987947,284.55939229996875,284.55939229996875,285.5585794998333,stimuli/box_coin_transparent.png,116.94010820006952,116.94015099992976,285.55869450001046,285.574252899969,287.08973599993624,287.0736334999092,118.4551272999961,,,,,,,,,,,,,,917653,right,no,None,2025-05-16_13h25.05.159,RL_out-of-scanner,2024.2.4,59.86715476169726,2025-05-16 13h25.23.183743 -0700,
24,0,24,space,35.62098659994081,None,5,2.950730500044301,None,118.45642530010082,j,0.3712591999210417,None,None,118.85598980006762,118.8563306001015,120.8706551999785,120.87071399996057,121.8853359001223,121.88535919995047,123.38443799992092,,,,,,,0,0,0,0,24,0,24,0,287.08973599993624,,,,,,,,,,,,,,,,,,,,,,,,,,,,,,118.45642530010082,287.0749839998316,287.08973599993624,287.08973599993624,287.08973599993624,287.08973599993624,287.4744243999012,j,0.3712591999210417,None,left,1,13,3,1,17,13,None,118.85598980006762,118.8563306001015,287.4748833999038,287.489804700017,287.489804700017,289.50500359991565,289.50500359991565,289.4890995998867,120.8706551999785,120.87071399996057,289.4958967999555,289.50500359991565,289.50500359991565,290.50383959989995,stimuli/box_coin_transparent.png,121.8853359001223,121.88535919995047,290.50389679986984,290.52000639983453,292.0191933999304,292.0029440999497,123.38443799992092,,,,,,,,,,,,,,917653,right,no,None,2025-05-16_13h25.05.159,RL_out-of-scanner,2024.2.4,59.86715476169726,2025-05-16 13h25.23.183743 -0700,
25,0,25,space,35.62098659994081,None,5,2.950730500044301,None,123.38559640012681,j,1.311732100090012,None,['j'],124.71782230003737,124.71809770003892,125.71705599990673,125.71711000008509,126.73197919991799,126.73202789993957,130.24572440003976,[0.46654679998755455],[0.17952809995040298],,,,,0,0,0,0,25,0,25,0,292.0191933999304,,,,,,,,,,,,,,,,,,,,,,,,,,,,,,123.38559640012681,292.0041418999899,292.0191933999304,292.0191933999304,292.0191933999304,292.0191933999304,293.3362159000244,j,1.311732100090012,None,left,1,13,4,1,18,14,['j'],124.71782230003737,124.71809770003892,293.3366512998473,293.3520931999665,293.3520931999665,294.3514048999641,294.3514048999641,294.33550839987583,125.71705599990673,125.71711000008509,294.3428193000145,294.3514048999641,294.3514048999641,295.35045939986594,stimuli/box_coin_transparent.png,126.73197919991799,126.73202789993957,295.35059809987433,295.3666862999089,298.88061170000583,298.8642125998158,130.24572440003976,,,[0.46654679998755455],[0.17952809995040298],,,,,,,,,,917653,right,no,None,2025-05-16_13h25.05.159,RL_out-of-scanner,2024.2.4,59.86715476169726,2025-05-16 13h25.23.183743 -0700,
26,0,26,space,35.62098659994081,None,5,2.950730500044301,None,130.24712450010702,j,0.4229068998247385,None,None,130.69632699992508,130.6965548999142,131.1962526999414,131.19627869990654,132.21072799991816,132.21077620005235,135.72466389997862,,,,,,,0,0,0,0,26,0,26,0,298.88061170000583,,,,,,,,,,,,,,,,,,,,,,,,,,,,,,130.24712450010702,298.8656668998301,298.88061170000583,298.88061170000583,298.88061170000583,298.88061170000583,299.3147875999566,j,0.4229068998247385,None,left,0,13,4,1,19,14,None,130.69632699992508,130.6965548999142,299.3150967999827,299.3301944998093,299.3301944998093,299.82992980000563,299.82992980000563,299.8147436999716,131.1962526999414,131.19627869990654,299.8207723000087,299.82992980000563,299.82992980000563,300.8292019998189,stimuli/box_empty_transparent.png,132.21072799991816,132.21077620005235,300.8293184998911,300.84494589990936,304.3594763998408,304.34317080001347,135.72466389997862,,,,,,,,,,,,,,917653,right,no,None,2025-05-16_13h25.05.159,RL_out-of-scanner,2024.2.4,59.86715476169726,2025-05-16 13h25.23.183743 -0700,
27,0,27,space,35.62098659994081,None,5,2.950730500044301,None,135.72588060004637,j,0.37079759989865124,None,None,136.12568820011802,136.12590770004317,137.64004199998453,137.64008869999088,138.65561569994316,138.65567880007438,139.67134619993158,,,,,,,0,0,0,0,27,0,27,0,304.3594763998408,,,,,,,,,,,,,,,,,,,,,,,,,,,,,,135.72588060004637,304.3444405000191,304.3594763998408,304.3594763998408,304.3594763998408,304.3594763998408,304.7441506998148,j,0.37079759989865124,None,left,1,13,5,1,20,15,None,136.12568820011802,136.12590770004317,304.7444482999854,304.7595627999399,304.7595627999399,306.27563679986633,306.27563679986633,306.2585020000115,137.64004199998453,137.64008869999088,306.26591799990274,306.27563679986633,306.27563679986633,307.2740873999428,stimuli/box_coin_transparent.png,138.65561569994316,138.65567880007438,307.2742625998799,307.29011069983244,308.3077336999122,308.289840699872,139.67134619993158,,,,,,,,,,,,,,917653,right,no,None,2025-05-16_13h25.05.159,RL_out-of-scanner,2024.2.4,59.86715476169726,2025-05-16 13h25.23.183743 -0700,
28,0,28,space,35.62098659994081,None,5,2.950730500044301,None,139.6731332000345,j,0.5542096998542547,None,None,140.25571559998207,140.25593330012634,141.2539570000954,141.25401209993288,142.2696253999602,142.26967060007155,145.7834598000627,,,,,,,0,0,0,0,28,0,28,0,308.3077336999122,,,,,,,,,,,,,,,,,,,,,,,,,,,,,,139.6731332000345,308.2916961000301,308.3077336999122,308.3077336999122,308.3077336999122,308.3077336999122,308.8741605998948,j,0.5542096998542547,None,left,1,13,6,1,21,16,None,140.25571559998207,140.25593330012634,308.87447149981745,308.8892614999786,308.8892614999786,309.88955580000766,309.88955580000766,309.87240939983167,141.2539570000954,141.25401209993288,309.8796751999762,309.88955580000766,309.88955580000766,310.88811149983667,stimuli/box_coin_transparent.png,142.2696253999602,142.26967060007155,310.8882279000245,310.9040611998644,314.41822399990633,314.40194979985245,145.7834598000627,,,,,,,,,,,,,,917653,right,no,None,2025-05-16_13h25.05.159,RL_out-of-scanner,2024.2.4,59.86715476169726,2025-05-16 13h25.23.183743 -0700,
29,0,29,space,35.62098659994081,None,5,2.950730500044301,None,145.7847247000318,j,0.3841248999815434,None,None,146.2008324000053,146.20106979995035,148.21490229992196,148.21492960001342,149.2304269000888,149.23047189996578,150.2293481999077,,,,,,,0,0,0,0,29,0,29,0,314.41822399990633,,,,,,,,,,,,,,,,,,,,,,,,,,,,,,145.7847247000318,314.4032641998492,314.41822399990633,314.41822399990633,314.41822399990633,314.41822399990633,314.819295699941,j,0.3841248999815434,None,left,1,13,7,1,22,17,None,146.2008324000053,146.20106979995035,314.8196109000128,314.8346742999274,314.8346742999274,316.849789199885,316.849789199885,316.8333925998304,148.21490229992196,148.21492960001342,316.84007929987274,316.849789199885,316.849789199885,317.8489122998435,stimuli/box_coin_transparent.png,149.2304269000888,149.23047189996578,317.84902909980156,317.86463989992626,318.8644765999634,318.8478369999211,150.2293481999077,,,,,,,,,,,,,,917653,right,no,None,2025-05-16_13h25.05.159,RL_out-of-scanner,2024.2.4,59.86715476169726,2025-05-16 13h25.23.183743 -0700,
30,0,30,space,35.62098659994081,None,5,2.950730500044301,None,150.23062069993466,j,0.38070420012809336,None,None,150.63030959991738,150.6307123999577,151.62902080011554,151.62907949998043,152.62853390001692,152.62855600006878,153.62670770008117,,,,,,,0,0,0,0,30,0,30,0,318.8644765999634,,,,,,,,,,,,,,,,,,,,,,,,,,,,,,150.23062069993466,318.8491636000108,318.8644765999634,318.8644765999634,318.8644765999634,318.8644765999634,319.24872379982844,j,0.38070420012809336,None,left,1,13,8,1,23,18,None,150.63030959991738,150.6307123999577,319.2492658998817,319.26408769981936,319.26408769981936,320.2639160999097,320.2639160999097,320.2474662999157,151.62902080011554,151.62907949998043,320.2547324998304,320.2639160999097,320.2639160999097,321.2470387998037,stimuli/box_coin_transparent.png,152.62853390001692,152.62855600006878,321.24709279998206,321.26217389991507,322.26159749994986,322.24519559997134,153.62670770008117,321.26217389991507,321.26217389991507,,,,,,,,,,,,917653,right,no,None,2025-05-16_13h25.05.159,RL_out-of-scanner,2024.2.4,59.86715476169726,2025-05-16 13h25.23.183743 -0700,
31,0,31,space,35.62098659994081,None,5,2.950730500044301,None,153.62816930003464,j,0.548483399907127,None,None,154.1940264001023,154.19423820008524,157.20789709989913,157.20795370009728,158.22288880008273,158.22291169990785,160.73780820006505,,,,,,,0,0,0,0,31,0,31,0,322.26159749994986,,,,,,,,,,,,,,,,,,,,,,,,,,,,,,153.62816930003464,322.2467151999008,322.26159749994986,322.26159749994986,322.26159749994986,322.26159749994986,322.8124942998402,j,0.548483399907127,None,left,0,13,8,1,24,18,None,154.1940264001023,154.19423820008524,322.81277689989656,322.82790309982374,322.82790309982374,325.8430466998834,325.8430466998834,325.82635099999607,157.20789709989913,157.20795370009728,325.83253100002185,325.8430466998834,325.8430466998834,326.84139129985124,stimuli/box_empty_transparent.png,158.22288880008273,158.22291169990785,326.8414490998257,326.8578360998072,329.37276029982604,329.35631539998576,160.73780820006505,,,,,,,,,,,,,,917653,right,no,None,2025-05-16_13h25.05.159,RL_out-of-scanner,2024.2.4,59.86715476169726,2025-05-16 13h25.23.183743 -0700,
32,0,32,space,35.62098659994081,None,5,2.950730500044301,None,160.73995620012283,j,0.36398099991492927,None,None,161.12206820002757,161.12240740004927,162.12033380009234,162.12038800003938,163.1355669000186,163.13559400010854,164.1518447000999,,,,,,,0,0,0,0,32,0,32,0,329.37276029982604,,,,,,,,,,,,,,,,,,,,,,,,,,,,,,160.73995620012283,329.3585322999861,329.37276029982604,329.37276029982604,329.37276029982604,329.37276029982604,329.74050899990834,j,0.36398099991492927,None,left,0,13,8,1,25,18,None,161.12206820002757,161.12240740004927,329.74096049997024,329.75577279995196,329.75577279995196,330.75549949985,330.75549949985,330.7387774998788,162.12033380009234,162.12038800003938,330.7447040998377,330.75549949985,330.75549949985,331.75406829989515,stimuli/box_empty_transparent.png,163.1355669000186,163.13559400010854,331.7541361998301,331.77101269993,332.78685899986885,332.77034789999016,164.1518447000999,,,,,,,,,,,,,,917653,right,no,None,2025-05-16_13h25.05.159,RL_out-of-scanner,2024.2.4,59.86715476169726,2025-05-16 13h25.23.183743 -0700,
33,0,33,space,35.62098659994081,None,5,2.950730500044301,None,164.15324770007282,k,0.35207280004397035,None,None,164.53591790003702,164.53610310005024,166.55016639991663,166.5502154000569,167.565547300037,167.56559289991856,169.08141790004447,,,,,,,0,0,0,0,33,0,33,0,332.78685899986885,,,,,,,,,,,,,,,,,,,,,,,,,,,,,,164.15324770007282,332.77179010002874,332.78685899986885,332.78685899986885,332.78685899986885,332.78685899986885,333.1543886999134,k,0.35207280004397035,None,left,0,13,8,1,25,18,None,164.53591790003702,164.53610310005024,333.1546409998555,333.1698777999263,333.1698777999263,335.18539869994856,335.18539869994856,335.16862489981577,166.55016639991663,166.5502154000569,335.17476249998435,335.18539869994856,335.18539869994856,336.18403079989366,stimuli/box_empty_transparent.png,167.565547300037,167.56559289991856,336.18415649980307,336.2002124998253,337.71661929995753,337.6999206999317,169.08141790004447,,,,,,,,,,,,,,917653,right,no,None,2025-05-16_13h25.05.159,RL_out-of-scanner,2024.2.4,59.86715476169726,2025-05-16 13h25.23.183743 -0700,
34,0,34,space,35.62098659994081,None,5,2.950730500044301,None,169.08264219993725,j,0.4224785999394953,None,None,169.53203999996185,169.53224559989758,172.54573830007575,172.54579130001366,173.56109440000728,173.5611376001034,176.0760041999165,,,,,,,0,0,0,0,34,0,34,0,337.71661929995753,,,,,,,,,,,,,,,,,,,,,,,,,,,,,,169.08264219993725,337.70119039993733,337.71661929995753,337.71661929995753,337.71661929995753,337.71661929995753,338.1505183998961,j,0.4224785999394953,None,left,1,13,9,1,26,19,None,169.53203999996185,169.53224559989758,338.150782099925,338.1658735999372,338.1658735999372,341.1806832998991,341.1806832998991,341.16419249982573,172.54573830007575,172.54579130001366,341.1711192999501,341.1806832998991,341.1806832998991,342.1795820998959,stimuli/box_coin_transparent.png,173.56109440000728,173.5611376001034,342.17969509982504,342.1953846998513,344.71038469998166,344.69451129995286,176.0760041999165,,,,,,,,,,,,,,917653,right,no,None,2025-05-16_13h25.05.159,RL_out-of-scanner,2024.2.4,59.86715476169726,2025-05-16 13h25.23.183743 -0700,
35,0,35,space,35.62098659994081,None,5,2.950730500044301,None,176.07702629989944,j,0.8675140000414103,None,None,176.97625970002264,176.9764890000224,178.4906715999823,178.4907343001105,179.5062202999834,179.50624340004288,180.50567350001074,,,,,,,0,0,0,0,35,0,35,0,344.71038469998166,,,,,,,,,,,,,,,,,,,,,,,,,,,,,,176.07702629989944,344.6955973999575,344.71038469998166,344.71038469998166,344.71038469998166,344.71038469998166,345.5947224998381,j,0.8675140000414103,None,left,1,13,10,1,27,20,None,176.97625970002264,176.9764890000224,345.59503029985353,345.60991619993,345.60991619993,347.12610340001993,347.12610340001993,347.1091521999333,178.4906715999823,178.4907343001105,347.11700029997155,347.12610340001993,347.12610340001993,348.1247240998782,stimuli/box_coin_transparent.png,179.5062202999834,179.50624340004288,348.1247802998405,348.14065949991345,349.1405431998428,349.1241809998173,180.50567350001074,,,,,,,,,,,,,,917653,right,no,None,2025-05-16_13h25.05.159,RL_out-of-scanner,2024.2.4,59.86715476169726,2025-05-16 13h25.23.183743 -0700,
36,0,36,space,35.62098659994081,None,5,2.950730500044301,None,180.50663929991424,j,0.31916960002854466,None,None,180.85653720004484,180.85675040003844,182.37151510012336,182.37154050008394,183.3863194999285,183.38636390003376,186.90044429991394,,,,,,,0,0,0,0,36,0,36,0,349.1405431998428,,,,,,,,,,,,,,,,,,,,,,,,,,,,,,180.50663929991424,349.125180499861,349.1405431998428,349.1405431998428,349.1405431998428,349.1405431998428,349.47501339996234,j,0.31916960002854466,None,left,1,13,11,1,28,21,None,180.85653720004484,180.85675040003844,349.4752897999715,349.4905924999621,349.4905924999621,351.0064342999831,351.0064342999831,350.9900065998081,182.37151510012336,182.37154050008394,350.99668929982,351.0064342999831,351.0064342999831,352.0048067998141,stimuli/box_coin_transparent.png,183.3863194999285,183.38636390003376,352.00492420000955,352.0213363999501,355.5353453999851,355.51893369993195,186.90044429991394,,,,,,,,,,,,,,917653,right,no,None,2025-05-16_13h25.05.159,RL_out-of-scanner,2024.2.4,59.86715476169726,2025-05-16 13h25.23.183743 -0700,
37,0,37,space,35.62098659994081,None,5,2.950730500044301,None,186.90164920012467,j,0.3277682000771165,None,None,187.25098509993404,187.25119290011935,189.2656213999726,189.2656465000473,190.281533600064,190.28158099995926,191.28042689990252,,,,,,,0,0,0,0,37,0,37,0,355.5353453999851,,,,,,,,,,,,,,,,,,,,,,,,,,,,,,186.90164920012467,355.5201921998523,355.5353453999851,355.5353453999851,355.5353453999851,355.5353453999851,355.8694623999763,j,0.3277682000771165,None,left,1,13,12,1,29,22,None,187.25098509993404,187.25119290011935,355.8697289999109,355.8848374998197,355.8848374998197,357.90078319981694,357.90078319981694,357.88411300000735,189.2656213999726,189.2656465000473,357.89078789995983,357.90078319981694,357.90078319981694,358.9000189998187,stimuli/box_coin_transparent.png,190.281533600064,190.28158099995926,358.90014439984225,358.91532309981994,359.91486079990864,359.8989192999434,191.28042689990252,,,,,,,,,,,,,,917653,right,no,None,2025-05-16_13h25.05.159,RL_out-of-scanner,2024.2.4,59.86715476169726,2025-05-16 13h25.23.183743 -0700,
38,0,38,space,35.62098659994081,None,5,2.950730500044301,None,191.2826360000763,k,0.35551430005580187,None,None,191.6643368001096,191.66451509995386,192.67995280004106,192.68000499997288,193.6952502001077,193.6952764999587,195.19373619998805,,,,,,,0,0,0,0,38,0,38,0,359.91486079990864,,,,,,,,,,,,,,,,,,,,,,,,,,,,,,191.2826360000763,359.9011756000109,359.91486079990864,359.91486079990864,359.91486079990864,359.91486079990864,360.2828146999236,k,0.35551430005580187,None,left,1,13,12,1,29,22,None,191.6643368001096,191.66451509995386,360.2830501999706,360.29828719981015,360.29828719981015,361.31476449989714,361.31476449989714,361.2984068999067,192.67995280004106,192.68000499997288,361.30422189994715,361.31476449989714,361.31476449989714,362.31373609998263,stimuli/box_empty_transparent.png,193.6952502001077,193.6952764999587,362.31381669989787,362.32940209982917,363.82863989984617,363.81224350002594,195.19373619998805,,,,,,,,,,,,,,917653,right,no,None,2025-05-16_13h25.05.159,RL_out-of-scanner,2024.2.4,59.86715476169726,2025-05-16 13h25.23.183743 -0700,
39,0,39,space,35.62098659994081,None,5,2.950730500044301,None,195.19567360007204,j,1.2395220999605954,None,['j'],196.46083429991268,196.46116730012,197.4761069000233,197.4761592000723,198.49099979992025,198.49104280001484,199.49036359996535,[0.3500828000251204],[0.1650107998866588],,,,,0,0,0,0,39,0,39,0,363.82863989984617,,,,,,,,,,,,,,,,,,,,,,,,,,,,,,195.19567360007204,363.81423119991086,363.82863989984617,363.82863989984617,363.82863989984617,363.82863989984617,365.0791968998965,j,1.2395220999605954,None,left,1,13,13,1,30,23,['j'],196.46083429991268,196.46116730012,365.0797199998051,365.09469159995206,365.09469159995206,366.11109299981035,366.11109299981035,366.09455419983715,197.4761069000233,197.4761592000723,366.1018922999501,366.11109299981035,366.11109299981035,367.1094829000067,stimuli/box_coin_transparent.png,198.49099979992025,198.49104280001484,367.10959609993733,367.12548339995556,368.12517289980315,368.1088705000002,199.49036359996535,,,[0.3500828000251204],[0.1650107998866588],,,,,,,,,,917653,right,no,None,2025-05-16_13h25.05.159,RL_out-of-scanner,2024.2.4,59.86715476169726,2025-05-16 13h25.23.183743 -0700,
40,0,40,space,35.62098659994081,None,5,2.950730500044301,None,199.49258540011942,j,0.45160580007359385,None,None,199.97425629990175,199.97473259991966,201.48941019992344,201.4894367000088,202.5044509000145,202.5044964000117,203.5202589998953,,,,,,,0,0,0,0,40,0,40,0,368.12517289980315,,,,,,,,,,,,,,,,,,,,,,,,,,,,,,199.49258540011942,368.111126499949,368.12517289980315,368.12517289980315,368.12517289980315,368.12517289980315,368.5926757999696,j,0.45160580007359385,None,right,1,14,0,2,30,23,None,199.97425629990175,199.97473259991966,368.59329779981636,368.60854299995117,368.60854299995117,370.12457969994284,370.12457969994284,370.10787559999153,201.48941019992344,201.4894367000088,370.11408209986985,370.12457969994284,370.12457969994284,371.122937399894,stimuli/box_empty_transparent.png,202.5044509000145,202.5044964000117,371.12305529997684,371.1393714000005,372.1555363999214,372.1387660999317,203.5202589998953,,,,,,,,,,,,,,917653,right,no,None,2025-05-16_13h25.05.159,RL_out-of-scanner,2024.2.4,59.86715476169726,2025-05-16 13h25.23.183743 -0700,
41,0,41,space,35.62098659994081,None,5,2.950730500044301,None,203.52139699994586,k,0.5880979001522064,None,None,204.13773810002021,204.1379162000958,205.13664899999276,205.13667410006747,206.1359117999673,206.13594450009987,209.1491638000589,,,,,,,0,0,0,0,41,0,41,0,372.1555363999214,,,,,,,,,,,,,,,,,,,,,,,,,,,,,,203.52139699994586,372.1399560000282,372.1555363999214,372.1555363999214,372.1555363999214,372.1555363999214,372.7562163998373,k,0.5880979001522064,None,right,1,14,1,2,31,24,None,204.13773810002021,204.1379162000958,372.7564510998782,372.7714144999627,372.7714144999627,373.77128209988587,373.77128209988587,373.755141899921,205.13664899999276,205.13667410006747,373.7618038998917,373.77128209988587,373.77128209988587,374.75440620002337,stimuli/box_coin_transparent.png,206.1359117999673,206.13594450009987,374.7544926998671,374.769569600001,377.7843055999838,377.7676458999049,209.1491638000589,374.769569600001,374.769569600001,,,,,,,,,,,,917653,right,no,None,2025-05-16_13h25.05.159,RL_out-of-scanner,2024.2.4,59.86715476169726,2025-05-16 13h25.23.183743 -0700,
42,0,42,space,35.62098659994081,None,5,2.950730500044301,None,209.15042650001124,k,0.3970147001091391,None,None,209.5667522000149,209.56695979996584,211.58158249990083,211.58164050010964,212.59648520010523,212.59650820004754,216.11086659994908,,,,,,,0,0,0,0,42,0,42,0,377.7843055999838,,,,,,,,,,,,,,,,,,,,,,,,,,,,,,209.15042650001124,377.7689723998774,377.7843055999838,377.7843055999838,377.7843055999838,377.7843055999838,378.1852129998151,k,0.3970147001091391,None,right,0,14,1,2,32,24,None,209.5667522000149,209.56695979996584,378.1855023999233,378.2002975998912,378.2002975998912,380.2164526998531,380.2164526998531,380.20003609987907,211.58158249990083,211.58164050010964,380.20628749998286,380.2164526998531,380.2164526998531,381.2149874998722,stimuli/box_empty_transparent.png,212.59648520010523,212.59650820004754,381.21504519996233,381.23090399987996,384.7452574998606,384.7293730999809,216.11086659994908,,,,,,,,,,,,,,917653,right,no,None,2025-05-16_13h25.05.159,RL_out-of-scanner,2024.2.4,59.86715476169726,2025-05-16 13h25.23.183743 -0700,
43,0,43,space,35.62098659994081,None,5,2.950730500044301,None,216.11182400002144,k,0.35328180016949773,None,None,216.49515650002286,216.49541669990867,217.4930056000594,217.49304759991355,218.50822119996883,218.5082447999157,220.52341910009272,,,,,,,0,0,0,0,43,0,43,0,384.7452574998606,,,,,,,,,,,,,,,,,,,,,,,,,,,,,,216.11182400002144,384.7303657999728,384.7452574998606,384.7452574998606,384.7452574998606,384.7452574998606,385.11359729990363,k,0.35328180016949773,None,right,1,14,2,2,33,25,None,216.49515650002286,216.49541669990867,385.11395249981433,385.12842459999956,385.12842459999956,386.12870399979874,386.12870399979874,386.11147439992055,217.4930056000594,217.49304759991355,386.11833299999125,386.12870399979874,386.12870399979874,387.12672419985756,stimuli/box_coin_transparent.png,218.50822119996883,218.5082447999157,387.12678429996595,387.14389519998804,389.1583903999999,389.1419085999951,220.52341910009272,,,,,,,,,,,,,,917653,right,no,None,2025-05-16_13h25.05.159,RL_out-of-scanner,2024.2.4,59.86715476169726,2025-05-16 13h25.23.183743 -0700,
44,0,44,space,35.62098659994081,None,5,2.950730500044301,None,220.52482230006717,k,0.38410530006513,None,None,220.9413046000991,220.9415994998999,223.4550999000203,223.4551254999824,224.4708990000654,224.47095580003224,226.48588060005568,,,,,,,0,0,0,0,44,0,44,0,389.1583903999999,,,,,,,,,,,,,,,,,,,,,,,,,,,,,,220.52482230006717,389.14336350001395,389.1583903999999,389.1583903999999,389.1583903999999,389.1583903999999,389.559747699881,k,0.38410530006513,None,right,1,14,3,2,34,26,None,220.9413046000991,220.9415994998999,389.56015169993043,389.57473209989257,389.57473209989257,392.08990699984133,392.08990699984133,392.0735914998222,223.4550999000203,223.4551254999824,392.0802770999726,392.08990699984133,392.08990699984133,393.089383599814,stimuli/box_coin_transparent.png,224.4708990000654,224.47095580003224,393.0895375998225,393.10477370000444,395.12052130000666,395.10436669993214,226.48588060005568,,,,,,,,,,,,,,917653,right,no,None,2025-05-16_13h25.05.159,RL_out-of-scanner,2024.2.4,59.86715476169726,2025-05-16 13h25.23.183743 -0700,
45,0,45,space,35.62098659994081,None,5,2.950730500044301,None,226.48704909998924,k,0.5121136999223381,None,None,227.01939460006543,227.0195764999371,228.01797719998285,228.01800559996627,229.03332290006801,229.03336589992978,230.03279830003157,,,,,,,0,0,0,0,45,0,45,0,395.12052130000666,,,,,,,,,,,,,,,,,,,,,,,,,,,,,,226.48704909998924,395.1055892999284,395.12052130000666,395.12052130000666,395.12052130000666,395.12052130000666,395.63786739995703,k,0.5121136999223381,None,right,1,14,4,2,35,27,None,227.01939460006543,227.0195764999371,395.638113199966,395.6530536999926,395.6530536999926,396.653361100005,396.653361100005,396.6364624998532,228.01797719998285,228.01800559996627,396.643915399909,396.653361100005,396.653361100005,397.6518101999536,stimuli/box_coin_transparent.png,229.03332290006801,229.03336589992978,397.6519239000045,397.66767290001735,398.6677127999719,398.6513044999447,230.03279830003157,,,,,,,,,,,,,,917653,right,no,None,2025-05-16_13h25.05.159,RL_out-of-scanner,2024.2.4,59.86715476169726,2025-05-16 13h25.23.183743 -0700,
46,0,46,space,35.62098659994081,None,5,2.950730500044301,None,230.03383200010285,k,0.4624929998535663,None,None,230.51704950002022,230.5172361000441,232.53126380010508,232.53131769993342,233.54663280001841,233.5466789000202,234.54560349998064,,,,,,,0,0,0,0,46,0,46,0,398.6677127999719,,,,,,,,,,,,,,,,,,,,,,,,,,,,,,230.03383200010285,398.6523726999294,398.6677127999719,398.6677127999719,398.6677127999719,398.6677127999719,399.1355168998707,k,0.4624929998535663,None,right,0,14,4,2,36,27,None,230.51704950002022,230.5172361000441,399.13577269995585,399.15062929992564,399.15062929992564,401.166878500022,401.166878500022,401.149716099957,232.53126380010508,232.53131769993342,401.15589219983667,401.166878500022,401.166878500022,402.16511800000444,stimuli/box_empty_transparent.png,233.54663280001841,233.5466789000202,402.16523949988186,402.1808940998744,403.18068709992804,403.16411049989983,234.54560349998064,,,,,,,,,,,,,,917653,right,no,None,2025-05-16_13h25.05.159,RL_out-of-scanner,2024.2.4,59.86715476169726,2025-05-16 13h25.23.183743 -0700,
47,0,47,space,35.62098659994081,None,5,2.950730500044301,None,234.54656119993888,k,0.8768079001456499,None,None,235.44674569997005,235.44704840006307,238.4597340999171,238.45979150012136,239.47504259995185,239.47508580004796,240.99009949993342,,,,,,,0,0,0,0,47,0,47,0,403.18068709992804,,,,,,,,,,,,,,,,,,,,,,,,,,,,,,234.54656119993888,403.16510239988565,403.18068709992804,403.18068709992804,403.18068709992804,403.18068709992804,404.06519009987824,k,0.8768079001456499,None,right,0,14,4,2,37,27,None,235.44674569997005,235.44704840006307,404.0655997998547,404.0797038997989,404.0797038997989,407.09538059984334,407.09538059984334,407.07818169984967,238.4597340999171,238.45979150012136,407.083964999998,407.09538059984334,407.09538059984334,408.09352759993635,stimuli/box_empty_transparent.png,239.47504259995185,239.47508580004796,408.0936433998868,408.10958469985053,409.62530149985105,409.60860719997436,240.99009949993342,,,,,,,,,,,,,,917653,right,no,None,2025-05-16_13h25.05.159,RL_out-of-scanner,2024.2.4,59.86715476169726,2025-05-16 13h25.23.183743 -0700,
48,0,48,space,35.62098659994081,None,5,2.950730500044301,None,240.99158750008792,j,0.4934555001091212,None,None,241.50782379996963,241.5081050998997,243.02271470008418,243.02276990003884,244.0380226999987,244.0380794000812,247.55197390005924,,,,,,,0,0,0,0,48,0,48,0,409.62530149985105,,,,,,,,,,,,,,,,,,,,,,,,,,,,,,240.99158750008792,409.6101285999175,409.62530149985105,409.62530149985105,409.62530149985105,409.62530149985105,410.12630050000735,j,0.4934555001091212,None,right,0,14,4,2,37,27,None,241.50782379996963,241.5081050998997,410.1266701000277,410.14183209999464,410.14183209999464,411.65799369988963,411.65799369988963,411.64116429979913,243.02271470008418,243.02276990003884,411.6470581998583,411.65799369988963,411.65799369988963,412.65650279982947,stimuli/box_empty_transparent.png,244.0380226999987,244.0380794000812,412.65665419981815,412.67313819983974,416.18733039987274,416.1704690998886,247.55197390005924,,,,,,,,,,,,,,917653,right,no,None,2025-05-16_13h25.05.159,RL_out-of-scanner,2024.2.4,59.86715476169726,2025-05-16 13h25.23.183743 -0700,
49,0,49,space,35.62098659994081,None,5,2.950730500044301,None,247.55329119996168,j,0.3724133998621255,None,None,247.95278670010157,247.95299419993535,249.4675155999139,249.46754160011187,250.48282329994254,250.48286730004475,250.48353269998915,,,,,,,0,0,0,0,49,0,49,0,416.18733039987274,,,,,,,,,,,,,,,,,,,,,,,,,,,,,,247.55329119996168,416.171831500018,416.18733039987274,416.18733039987274,416.18733039987274,416.18733039987274,416.5712619998958,j,0.3724133998621255,None,right,0,14,4,2,37,27,None,247.95278670010157,247.95299419993535,416.5715308999643,416.58655210002325,416.58655210002325,418.1024739998393,418.1024739998393,418.0860065999441,249.4675155999139,249.46754160011187,418.09166189981624,418.1024739998393,418.1024739998393,419.1013103998266,stimuli/box_empty_transparent.png,250.48282329994254,250.48286730004475,419.101428899914,419.11664789984934,419.11664789984934,419.1020433998201,250.48353269998915,,,,,,,,,,,,,,917653,right,no,None,2025-05-16_13h25.05.159,RL_out-of-scanner,2024.2.4,59.86715476169726,2025-05-16 13h25.23.183743 -0700,
0,0,0,space,35.62098659994081,None,5,2.950730500044301,None,,,,,,,,,,,,,,,,,,,0,0,0,0,,,,,,,,,,,,,,,,,,,,,,,,,,,,,,,,,,,,,,,,,,,,,,,,,,,,,,,,,,,,,,,,,,,,,,,,,,,,,,,419.11267599998973,419.11664789984934,423.11466660001315,423.1171684998553,423.13135729986243,473.6736388998106,473.657403399935,,,917653,right,no,None,2025-05-16_13h25.05.159,RL_out-of-scanner,2024.2.4,59.86715476169726,2025-05-16 13h25.23.183743 -0700,
0,0,0,space,4.462130600120872,None,5,5.810529800131917,None,0.0013180000241845846,j,1.1447036999743432,None,None,1.166202099993825,1.1664148999843746,2.1651399000547826,2.1651664001401514,3.1805969001725316,3.180644900072366,5.195904900087044,,,,,,,1,0,1,0,0,0,0,0,483.9824989999179,,,,,,,,,,,,,,,,473.65768679999746,473.6736388998106,473.6736388998106,478.13788959989324,space,4.462130600120872,None,478.13796620001085,478.1533429999836,478.1533429999836,483.96621620003134,5,5.810529800131917,None,0.0013180000241845846,483.96759129990824,483.9824989999179,483.9824989999179,483.9824989999179,483.9824989999179,485.1324095998425,j,1.1447036999743432,None,right,0,15,0,3,37,0,None,1.166202099993825,1.1664148999843746,485.13268479984254,485.1482205998618,485.1482205998618,486.14801310002804,486.14801310002804,486.1313638999127,2.1651399000547826,2.1651664001401514,486.1369588000234,486.14801310002804,486.14801310002804,487.14681770000607,stimuli/box_empty_transparent.png,3.1805969001725316,3.180644900072366,487.14693779987283,487.1628523999825,489.17824539984576,489.1621454998385,5.195904900087044,,,,,,,,,,,,,,917653,right,no,None,2025-05-16_13h25.05.159,RL_out-of-scanner,2024.2.4,59.86715476169726,2025-05-16 13h25.23.183743 -0700,
1,0,1,space,4.462130600120872,None,5,5.810529800131917,None,5.1969437000807375,j,0.36101510003209114,None,None,5.579833700088784,5.580041900044307,7.094032100168988,7.094059800030664,8.109907699981704,8.109933800064027,9.625498299952596,,,,,,,1,0,1,0,1,0,1,0,489.17824539984576,,,,,,,,,,,,,,,,,,,,,,,,,,,,,,5.1969437000807375,489.16321969986893,489.17824539984576,489.17824539984576,489.17824539984576,489.17824539984576,489.5460412998218,j,0.36101510003209114,None,right,0,15,0,3,37,0,None,5.579833700088784,5.580041900044307,489.5463131000288,489.56127579999156,489.56127579999156,491.07789379986934,491.07789379986934,491.06025490001775,7.094032100168988,7.094059800030664,491.06647329987027,491.07789379986934,491.07789379986934,492.0761430999264,stimuli/box_empty_transparent.png,8.109907699981704,8.109933800064027,492.07620819984004,492.0921687998343,493.60815389989875,493.5917387998197,9.625498299952596,,,,,,,,,,,,,,917653,right,no,None,2025-05-16_13h25.05.159,RL_out-of-scanner,2024.2.4,59.86715476169726,2025-05-16 13h25.23.183743 -0700,
2,0,2,space,4.462130600120872,None,5,5.810529800131917,None,9.626513099996373,k,0.3347247999627143,None,None,9.992871799971908,9.993055599974468,10.991897700121626,10.991952599957585,12.006779100047424,12.006802800111473,15.021342700114474,,,,,,,1,0,1,0,2,0,2,0,493.60815389989875,,,,,,,,,,,,,,,,,,,,,,,,,,,,,,9.626513099996373,493.5927881000098,493.60815389989875,493.60815389989875,493.60815389989875,493.60815389989875,493.9590755000245,k,0.3347247999627143,None,right,1,15,1,3,38,1,None,9.992871799971908,9.993055599974468,493.95932649984024,493.9742580000311,493.9742580000311,494.9743054998107,494.9743054998107,494.9580852999352,10.991897700121626,10.991952599957585,494.9652159998659,494.9743054998107,494.9743054998107,495.9730152999982,stimuli/box_coin_transparent.png,12.006779100047424,12.006802800111473,495.9730740999803,495.9889980999287,499.00369779998437,498.9875829999801,15.021342700114474,,,,,,,,,,,,,,917653,right,no,None,2025-05-16_13h25.05.159,RL_out-of-scanner,2024.2.4,59.86715476169726,2025-05-16 13h25.23.183743 -0700,
3,0,3,space,4.462130600120872,None,5,5.810529800131917,None,15.02239209995605,k,0.40561489993706346,None,None,15.455521800089628,15.455722799990326,17.469779500039294,17.46980810002424,18.484953799983487,18.484999800100923,19.50093620014377,,,,,,,1,0,1,0,3,0,3,0,499.00369779998437,,,,,,,,,,,,,,,,,,,,,,,,,,,,,,15.02239209995605,498.9886663998477,499.00369779998437,499.00369779998437,499.00369779998437,499.00369779998437,499.42172189988196,k,0.40561489993706346,None,right,1,15,2,3,39,2,None,15.455521800089628,15.455722799990326,499.4219946998637,499.4366468000226,499.4366468000226,501.45217740000226,501.45217740000226,501.43600039999,17.469779500039294,17.46980810002424,501.4426873999182,501.45217740000226,501.45217740000226,502.45117319980636,stimuli/box_coin_transparent.png,18.484953799983487,18.484999800100923,502.451292200014,502.4676696998067,503.4833941999823,503.4671767000109,19.50093620014377,,,,,,,,,,,,,,917653,right,no,None,2025-05-16_13h25.05.159,RL_out-of-scanner,2024.2.4,59.86715476169726,2025-05-16 13h25.23.183743 -0700,
4,0,4,space,4.462130600120872,None,5,5.810529800131917,None,19.501908200094476,k,0.36808950011618435,None,None,19.90210700011812,19.90229370002635,20.900523600168526,20.90054970001802,21.91602460015565,21.916070900158957,24.430297800106928,,,,,,,1,0,1,0,4,0,4,0,503.4833941999823,,,,,,,,,,,,,,,,,,,,,,,,,,,,,,19.501908200094476,503.4681836999953,503.4833941999823,503.4833941999823,503.4833941999823,503.4833941999823,503.8683098999318,k,0.36808950011618435,None,right,1,15,3,3,40,3,None,19.90210700011812,19.90229370002635,503.86856510001235,503.88316480000503,503.88316480000503,504.88290929980576,504.88290929980576,504.866749699926,20.900523600168526,20.90054970001802,504.8733569998294,504.88290929980576,504.88290929980576,505.88224499998614,stimuli/box_coin_transparent.png,21.91602460015565,21.916070900158957,505.8823611999396,505.89819550001994,508.4128637998365,508.3965370999649,24.430297800106928,,,,,,,,,,,,,,917653,right,no,None,2025-05-16_13h25.05.159,RL_out-of-scanner,2024.2.4,59.86715476169726,2025-05-16 13h25.23.183743 -0700,
5,0,5,space,4.462130600120872,None,5,5.810529800131917,None,24.43182300007902,k,0.43409059988334775,None,None,24.89787090010941,24.898058500140905,28.410800199955702,28.410831100074574,29.426398700103164,29.426443699980155,31.44167790003121,,,,,,,1,0,1,0,5,0,5,0,508.4128637998365,,,,,,,,,,,,,,,,,,,,,,,,,,,,,,24.43182300007902,508.3981269998476,508.4128637998365,508.4128637998365,508.4128637998365,508.4128637998365,508.86407509981655,k,0.43409059988334775,None,right,0,15,3,3,41,3,None,24.89787090010941,24.898058500140905,508.86432900000364,508.8793090998661,508.8793090998661,512.3938906998374,512.3938906998374,512.3770188998897,28.410800199955702,28.410831100074574,512.3828042999376,512.3938906998374,512.3938906998374,513.3926183998119,stimuli/box_empty_transparent.png,29.426398700103164,29.426443699980155,513.3927350998856,513.4087302999105,515.4240749999881,515.4079088999424,31.44167790003121,,,,,,,,,,,,,,917653,right,no,None,2025-05-16_13h25.05.159,RL_out-of-scanner,2024.2.4,59.86715476169726,2025-05-16 13h25.23.183743 -0700,
6,0,6,space,4.462130600120872,None,5,5.810529800131917,None,31.442933700047433,j,0.395295700058341,None,None,31.858908800175413,31.859118200140074,32.85755000007339,32.85758109996095,33.87272410001606,33.872771500144154,34.888600500067696,,,,,,,1,0,1,0,6,0,6,0,515.4240749999881,,,,,,,,,,,,,,,,,,,,,,,,,,,,,,31.442933700047433,515.409211399965,515.4240749999881,515.4240749999881,515.4240749999881,515.4240749999881,515.8251190998126,j,0.395295700058341,None,right,0,15,3,3,41,3,None,31.858908800175413,31.859118200140074,515.8253879998811,515.8403703998774,515.8403703998774,516.8399531999603,516.8399531999603,516.8237270999234,32.85755000007339,32.85758109996095,516.829726099968,516.8399531999603,516.8399531999603,517.8389430998359,stimuli/box_empty_transparent.png,33.87272410001606,33.872771500144154,517.8390678998549,517.8554102999624,518.8712332998402,518.8548392998055,34.888600500067696,,,,,,,,,,,,,,917653,right,no,None,2025-05-16_13h25.05.159,RL_out-of-scanner,2024.2.4,59.86715476169726,2025-05-16 13h25.23.183743 -0700,
7,0,7,space,4.462130600120872,None,5,5.810529800131917,None,34.88965600007214,j,0.35815429990179837,None,None,35.27294090017676,35.27315100003034,37.28727059997618,37.28729830007069,38.302899500122294,38.30294630001299,40.31756899994798,,,,,,,1,0,1,0,7,0,7,0,518.8712332998402,,,,,,,,,,,,,,,,,,,,,,,,,,,,,,34.88965600007214,518.8559310999699,518.8712332998402,518.8712332998402,518.8712332998402,518.8712332998402,519.2391460998915,j,0.35815429990179837,None,right,0,15,3,3,41,3,None,35.27294090017676,35.27315100003034,519.2394226000179,519.2540961999912,519.2540961999912,521.270027599996,521.270027599996,521.2534948999528,37.28727059997618,37.28729830007069,521.2591643999331,521.270027599996,521.270027599996,522.269119199831,stimuli/box_empty_transparent.png,38.302899500122294,38.30294630001299,522.269238299923,522.2848523999564,524.3001680998132,524.2837920000311,40.31756899994798,,,,,,,,,,,,,,917653,right,no,None,2025-05-16_13h25.05.159,RL_out-of-scanner,2024.2.4,59.86715476169726,2025-05-16 13h25.23.183743 -0700,
8,0,8,space,4.462130600120872,None,5,5.810529800131917,None,40.318771600024775,k,0.353964600013569,None,None,40.701544099953026,40.70174459996633,43.71578620001674,43.715813799994066,44.71506040007807,44.71508810017258,46.22938430006616,,,,,,,1,0,1,0,8,0,8,0,524.3001680998132,,,,,,,,,,,,,,,,,,,,,,,,,,,,,,40.318771600024775,524.2850456000306,524.3001680998132,524.3001680998132,524.3001680998132,524.3001680998132,524.6677454998717,k,0.353964600013569,None,right,1,15,4,3,42,4,None,40.701544099953026,40.70174459996633,524.6680377998855,524.6838655997999,524.6838655997999,527.6979431000073,527.6979431000073,527.6820095998701,43.71578620001674,43.715813799994066,527.6886344999075,527.6979431000073,527.6979431000073,528.681295099901,stimuli/box_coin_transparent.png,44.71506040007807,44.71508810017258,528.6813654999714,528.6966440998949,530.2122157998383,530.1956250998192,46.22938430006616,528.6966440998949,528.6966440998949,,,,,,,,,,,,917653,right,no,None,2025-05-16_13h25.05.159,RL_out-of-scanner,2024.2.4,59.86715476169726,2025-05-16 13h25.23.183743 -0700,
9,0,9,space,4.462130600120872,None,5,5.810529800131917,None,46.230413200100884,k,0.35401619994081557,None,None,46.61390949995257,46.614089200040326,48.12837280007079,48.12839930015616,49.14401219994761,49.14405700005591,51.159258200088516,,,,,,,1,0,1,0,9,0,9,0,530.2122157998383,,,,,,,,,,,,,,,,,,,,,,,,,,,,,,46.230413200100884,530.1966893998906,530.2122157998383,530.2122157998383,530.2122157998383,530.2122157998383,530.5801142000128,k,0.35401619994081557,None,right,0,15,4,3,43,4,None,46.61390949995257,46.614089200040326,530.580359699903,530.5955518998671,530.5955518998671,532.1113646999002,532.1113646999002,532.0945989999454,48.12837280007079,48.12839930015616,532.1002044000197,532.1113646999002,532.1113646999002,533.1102318998892,stimuli/box_empty_transparent.png,49.14401219994761,49.14405700005591,533.1103482998442,533.1261669998057,535.1419206999708,535.1254986999556,51.159258200088516,,,,,,,,,,,,,,917653,right,no,None,2025-05-16_13h25.05.159,RL_out-of-scanner,2024.2.4,59.86715476169726,2025-05-16 13h25.23.183743 -0700,
10,0,10,space,4.462130600120872,None,5,5.810529800131917,None,51.16032740008086,j,0.5010876001324505,None,None,51.69277960015461,51.69299480016343,53.2077711999882,53.207829900085926,54.20717810001224,54.207201400073245,55.20559230004437,,,,,,,1,0,1,0,10,0,10,0,535.1419206999708,,,,,,,,,,,,,,,,,,,,,,,,,,,,,,51.16032740008086,535.1266041998751,535.1419206999708,535.1419206999708,535.1419206999708,535.1419206999708,535.6589821998496,j,0.5010876001324505,None,right,0,15,4,3,43,4,None,51.69277960015461,51.69299480016343,535.6592676998116,535.6750222998671,535.6750222998671,537.1902554000262,537.1902554000262,537.173901299946,53.2077711999882,53.207829900085926,537.1796679999679,537.1902554000262,537.1902554000262,538.1734159998596,stimuli/box_empty_transparent.png,54.20717810001224,54.207201400073245,538.1734725998249,538.1887227999978,539.1888625998981,539.1718148000073,55.20559230004437,538.1887227999978,538.1887227999978,,,,,,,,,,,,917653,right,no,None,2025-05-16_13h25.05.159,RL_out-of-scanner,2024.2.4,59.86715476169726,2025-05-16 13h25.23.183743 -0700,
11,0,11,space,4.462130600120872,None,5,5.810529800131917,None,55.206951500149444,j,0.5038437999319285,None,None,55.73969570011832,55.73990950011648,57.75446099997498,57.7545086001046,58.769499000161886,58.76954480004497,60.28517509996891,,,,,,,1,0,1,0,11,0,11,0,539.1888625998981,,,,,,,,,,,,,,,,,,,,,,,,,,,,,,55.206951500149444,539.1732289998326,539.1888625998981,539.1888625998981,539.1888625998981,539.1888625998981,539.7058994998224,j,0.5038437999319285,None,right,0,15,4,3,43,4,None,55.73969570011832,55.73990950011648,539.7061812998727,539.7218183998484,539.7218183998484,541.7369018997997,541.7369018997997,541.7206541998312,57.75446099997498,57.7545086001046,541.726360599976,541.7369018997997,541.7369018997997,542.7357194998767,stimuli/box_empty_transparent.png,58.769499000161886,58.76954480004497,542.7358389999717,542.751976300031,544.2675866999198,544.2514148999471,60.28517509996891,,,,,,,,,,,,,,917653,right,no,None,2025-05-16_13h25.05.159,RL_out-of-scanner,2024.2.4,59.86715476169726,2025-05-16 13h25.23.183743 -0700,
12,0,12,space,4.462130600120872,None,5,5.810529800131917,None,60.286162100033835,j,0.34081800002604723,None,None,60.652251000050455,60.65246989997104,61.651480100117624,61.65152429998852,62.65048180008307,62.65050400001928,65.66433020005934,,,,,,,1,0,1,0,12,0,12,0,544.2675866999198,,,,,,,,,,,,,,,,,,,,,,,,,,,,,,60.286162100033835,544.2524370998144,544.2675866999198,544.2675866999198,544.2675866999198,544.2675866999198,544.6184512998443,j,0.34081800002604723,None,right,0,15,4,3,43,4,None,60.652251000050455,60.65246989997104,544.6187429998536,544.634303699946,544.634303699946,545.6336099000182,545.6336099000182,545.6176376999356,61.651480100117624,61.65152429998852,545.6235375998076,545.6336099000182,545.6336099000182,546.616720699938,stimuli/box_empty_transparent.png,62.65048180008307,62.65050400001928,546.6167717999779,546.6322103999555,549.6469891997986,549.6305698999204,65.66433020005934,546.6322103999555,546.6322103999555,,,,,,,,,,,,917653,right,no,None,2025-05-16_13h25.05.159,RL_out-of-scanner,2024.2.4,59.86715476169726,2025-05-16 13h25.23.183743 -0700,
13,0,13,space,4.462130600120872,None,5,5.810529800131917,None,65.66531449998729,k,0.3669196998234838,None,None,66.06485830014572,66.0650420000311,66.56413980014622,66.5641670001205,67.56343930005096,67.56346129998565,69.5777994999662,,,,,,,1,0,1,0,13,0,13,0,549.6469891997986,,,,,,,,,,,,,,,,,,,,,,,,,,,,,,65.66531449998729,549.6315915999003,549.6469891997986,549.6469891997986,549.6469891997986,549.6469891997986,550.0310650998726,k,0.3669196998234838,None,right,1,15,5,3,44,5,None,66.06485830014572,66.0650420000311,550.0313120998908,550.0467013998423,550.0467013998423,550.5464094998315,550.5464094998315,550.5303433998488,66.56413980014622,66.5641670001205,550.5375258999411,550.5464094998315,550.5464094998315,551.5296777000185,stimuli/box_coin_transparent.png,67.56343930005096,67.56346129998565,551.5297310999595,551.5449784998782,553.5600723000243,553.544021599926,69.5777994999662,551.5449784998782,551.5449784998782,,,,,,,,,,,,917653,right,no,None,2025-05-16_13h25.05.159,RL_out-of-scanner,2024.2.4,59.86715476169726,2025-05-16 13h25.23.183743 -0700,
14,0,14,space,4.462130600120872,None,5,5.810529800131917,None,69.57916500000283,j,0.7730932999402285,None,None,70.3782081999816,70.37841580016539,71.89312110003084,71.8931758000981,72.90823639999144,72.90828189998865,73.90754940011539,,,,,,,1,0,1,0,14,0,14,0,553.5600723000243,,,,,,,,,,,,,,,,,,,,,,,,,,,,,,69.57916500000283,553.5454402000178,553.5600723000243,553.5600723000243,553.5600723000243,553.5600723000243,554.3444181999657,j,0.7730932999402285,None,right,1,15,5,3,44,5,None,70.3782081999816,70.37841580016539,554.3446857000235,554.3597689999733,554.3597689999733,555.8761386999395,555.8761386999395,555.8593089999631,71.89312110003084,71.8931758000981,555.865066499915,555.8761386999395,555.8761386999395,556.8744566999376,stimuli/box_empty_transparent.png,72.90823639999144,72.90828189998865,556.8745758999139,556.8906670999713,557.8900025999174,557.8737899998669,73.90754940011539,,,,,,,,,,,,,,917653,right,no,None,2025-05-16_13h25.05.159,RL_out-of-scanner,2024.2.4,59.86715476169726,2025-05-16 13h25.23.183743 -0700,
15,0,15,space,4.462130600120872,None,5,5.810529800131917,None,73.90890459995717,k,0.437754699960351,None,None,74.37499419995584,74.3751827001106,75.37339830002747,75.3734244001098,76.38881759997457,76.3888696001377,78.40406880015507,,,,,,,1,0,1,0,15,0,15,0,557.8900025999174,,,,,,,,,,,,,,,,,,,,,,,,,,,,,,73.90890459995717,557.8751982999966,557.8900025999174,557.8900025999174,557.8900025999174,557.8900025999174,558.3411977000069,k,0.437754699960351,None,right,1,15,6,3,45,6,None,74.37499419995584,74.3751827001106,558.3414533999749,558.3564849998802,558.3564849998802,559.3562131000217,559.3562131000217,559.3396246999037,75.37339830002747,75.3734244001098,559.3462769999169,559.3562131000217,559.3562131000217,560.3550346998964,stimuli/box_coin_transparent.png,76.38881759997457,76.3888696001377,560.355165099958,560.3719397999812,562.3865932999179,562.3702994999476,78.40406880015507,,,,,,,,,,,,,,917653,right,no,None,2025-05-16_13h25.05.159,RL_out-of-scanner,2024.2.4,59.86715476169726,2025-05-16 13h25.23.183743 -0700,
16,0,16,space,4.462130600120872,None,5,5.810529800131917,None,78.40509809996001,j,0.416969999903813,None,None,78.85476110014133,78.85504640010186,80.86931250011548,80.86934019997716,81.88445400004275,81.8845010001678,82.88380930013955,,,,,,,1,0,1,0,16,0,16,0,562.3865932999179,,,,,,,,,,,,,,,,,,,,,,,,,,,,,,78.40509809996001,562.3713735998608,562.3865932999179,562.3865932999179,562.3865932999179,562.3865932999179,562.8209625999443,j,0.416969999903813,None,right,1,15,6,3,45,6,None,78.85476110014133,78.85504640010186,562.8213334998582,562.8364022998139,562.8364022998139,564.8519665999338,564.8519665999338,564.8355359998532,80.86931250011548,80.86934019997716,564.8415738998447,564.8519665999338,564.8519665999338,565.850670899963,stimuli/box_empty_transparent.png,81.88445400004275,81.8845010001678,565.8507944999728,565.8669859999791,566.8664356998634,566.8500498000067,82.88380930013955,,,,,,,,,,,,,,917653,right,no,None,2025-05-16_13h25.05.159,RL_out-of-scanner,2024.2.4,59.86715476169726,2025-05-16 13h25.23.183743 -0700,
17,0,17,space,4.462130600120872,None,5,5.810529800131917,None,82.88485040003434,k,0.3336313001345843,None,None,83.25106150005013,83.25125259999186,84.26657680002972,84.26660319999792,85.28207620000467,85.28212260012515,86.2813393000979,,,,,,,1,0,1,0,17,0,17,0,566.8664356998634,,,,,,,,,,,,,,,,,,,,,,,,,,,,,,82.88485040003434,566.8511251998134,566.8664356998634,566.8664356998634,566.8664356998634,566.8664356998634,567.2172623998486,k,0.3336313001345843,None,right,1,15,7,3,46,7,None,83.25106150005013,83.25125259999186,567.2175248998683,567.2331487999763,567.2331487999763,568.2490609998349,568.2490609998349,568.2328017998952,84.26657680002972,84.26660319999792,568.239452800015,568.2490609998349,568.2490609998349,569.2482946999371,stimuli/box_coin_transparent.png,85.28207620000467,85.28212260012515,569.2484183998313,569.2642176998779,570.2636729998048,570.2475600999314,86.2813393000979,,,,,,,,,,,,,,917653,right,no,None,2025-05-16_13h25.05.159,RL_out-of-scanner,2024.2.4,59.86715476169726,2025-05-16 13h25.23.183743 -0700,
18,0,18,space,4.462130600120872,None,5,5.810529800131917,None,86.28242549998686,k,0.2838836999144405,None,None,86.59856169996783,86.59875979996286,90.11191520001739,90.11194159998558,91.12743800017051,91.12748440005817,93.14208320016041,,,,,,,1,0,1,0,18,0,18,0,570.2636729998048,,,,,,,,,,,,,,,,,,,,,,,,,,,,,,86.28242549998686,570.2487015998922,570.2636729998048,570.2636729998048,570.2636729998048,570.2636729998048,570.5647607999854,k,0.2838836999144405,None,right,1,15,8,3,47,8,None,86.59856169996783,86.59875979996286,570.5650336998515,570.5799632999115,570.5799632999115,574.0945226999465,574.0945226999465,574.0781393998768,90.11191520001739,90.11194159998558,574.0848371998873,574.0945226999465,574.0945226999465,575.0936574998777,stimuli/box_coin_transparent.png,91.12743800017051,91.12748440005817,575.093780499883,575.1095342999324,577.125047700014,577.1083064998966,93.14208320016041,,,,,,,,,,,,,,917653,right,no,None,2025-05-16_13h25.05.159,RL_out-of-scanner,2024.2.4,59.86715476169726,2025-05-16 13h25.23.183743 -0700,
19,0,19,space,4.462130600120872,None,5,5.810529800131917,None,93.1433512000367,k,0.521502599818632,None,None,93.69279020000249,93.69297510012984,94.69126590015367,94.69132010010071,95.70689270016737,95.70694720000029,97.22237209999003,,,,,,,1,0,1,0,19,0,19,0,577.125047700014,,,,,,,,,,,,,,,,,,,,,,,,,,,,,,93.1433512000367,577.1096265998203,577.125047700014,577.125047700014,577.125047700014,577.125047700014,577.6589986998588,k,0.521502599818632,None,right,1,15,9,3,48,9,None,93.69279020000249,93.69297510012984,577.6592443999834,577.6743760998361,577.6743760998361,578.6747762998566,578.6747762998566,578.65745339985,94.69126590015367,94.69132010010071,578.6643550998997,578.6747762998566,578.6747762998566,579.6731044999324,stimuli/box_coin_transparent.png,95.70689270016737,95.70694720000029,579.6732602999546,579.6894691998605,581.2048596998211,581.1885940998327,97.22237209999003,,,,,,,,,,,,,,917653,right,no,None,2025-05-16_13h25.05.159,RL_out-of-scanner,2024.2.4,59.86715476169726,2025-05-16 13h25.23.183743 -0700,
20,0,20,space,4.462130600120872,None,5,5.810529800131917,None,97.2237313000951,k,0.31804340006783605,None,None,97.57301920000464,97.57320450013503,99.58763800002635,99.58766680001281,100.60257830005139,100.60262320004404,102.61826570006087,,,,,,,1,0,1,0,20,0,20,0,581.2048596998211,,,,,,,,,,,,,,,,,,,,,,,,,,,,,,97.2237313000951,581.1900067999959,581.2048596998211,581.2048596998211,581.2048596998211,581.2048596998211,581.5392281999812,k,0.31804340006783605,None,right,1,15,10,3,49,10,None,97.57301920000464,97.57320450013503,581.5394745999947,581.5548535999842,581.5548535999842,583.5703496998176,583.5703496998176,583.5538527998142,99.58763800002635,99.58766680001281,583.5606294998433,583.5703496998176,583.5703496998176,584.5687975999899,stimuli/box_coin_transparent.png,100.60257830005139,100.60262320004404,584.5689135999419,584.5850831998978,586.6008521998301,586.5845056998078,102.61826570006087,,,,,,,,,,,,,,917653,right,no,None,2025-05-16_13h25.05.159,RL_out-of-scanner,2024.2.4,59.86715476169726,2025-05-16 13h25.23.183743 -0700,
21,0,21,space,4.462130600120872,None,5,5.810529800131917,None,102.61930120014586,k,0.3695638000499457,None,None,103.01852030004375,103.01870600017719,106.03253990015946,106.03259530011564,107.03190300008282,107.03192570013925,108.54648580006324,,,,,,,1,0,1,0,21,0,21,0,586.6008521998301,,,,,,,,,,,,,,,,,,,,,,,,,,,,,,102.61930120014586,586.5855759999249,586.6008521998301,586.6008521998301,586.6008521998301,586.6008521998301,586.9847269998863,k,0.3695638000499457,None,right,1,15,11,3,50,11,None,103.01852030004375,103.01870600017719,586.9849766998086,587.000601099804,587.000601099804,590.0148000000045,590.0148000000045,589.9987153999973,106.03253990015946,106.03259530011564,590.0055008998606,590.0148000000045,590.0148000000045,590.9981412999332,stimuli/box_coin_transparent.png,107.03190300008282,107.03192570013925,590.9981966998894,591.0135275998618,592.5290051000193,592.5127172998618,108.54648580006324,591.0135275998618,591.0135275998618,,,,,,,,,,,,917653,right,no,None,2025-05-16_13h25.05.159,RL_out-of-scanner,2024.2.4,59.86715476169726,2025-05-16 13h25.23.183743 -0700,
22,0,22,space,4.462130600120872,None,5,5.810529800131917,None,108.54745499999262,k,0.4306522000115365,None,None,108.99728720006533,108.99747680011205,110.49573680013418,110.49576369998977,111.51066020014696,111.51068950002082,113.52601220016368,,,,,,,1,0,1,0,22,0,22,0,592.5290051000193,,,,,,,,,,,,,,,,,,,,,,,,,,,,,,108.54745499999262,592.5137281999923,592.5290051000193,592.5290051000193,592.5290051000193,592.5290051000193,592.963495099917,k,0.4306522000115365,None,right,0,15,11,3,51,11,None,108.99728720006533,108.99747680011205,592.9637460999656,592.9789952998981,592.9789952998981,594.4783641998656,594.4783641998656,594.4619596998673,110.49573680013418,110.49576369998977,594.4680967999157,594.4783641998656,594.4783641998656,595.4768923998345,stimuli/box_empty_transparent.png,111.51066020014696,111.51068950002082,595.476970099844,595.4929976998828,597.5085718999617,597.492235200014,113.52601220016368,,,,,,,,,,,,,,917653,right,no,None,2025-05-16_13h25.05.159,RL_out-of-scanner,2024.2.4,59.86715476169726,2025-05-16 13h25.23.183743 -0700,
23,0,23,space,4.462130600120872,None,5,5.810529800131917,None,113.52725649997592,k,0.3317174999974668,None,None,113.87686560000293,113.87705090013333,115.39167190017179,115.39172990014777,116.39096520002931,116.39098779996857,117.90580920013599,,,,,,,1,0,1,0,23,0,23,0,597.5085718999617,,,,,,,,,,,,,,,,,,,,,,,,,,,,,,113.52725649997592,597.4935327998828,597.5085718999617,597.5085718999617,597.5085718999617,597.5085718999617,597.8430706998333,k,0.3317174999974668,None,right,1,15,12,3,52,12,None,113.87686560000293,113.87705090013333,597.8433198998682,597.8584767000284,597.8584767000284,599.374089699937,599.374089699937,599.3578505998012,115.39167190017179,115.39172990014777,599.3646958000027,599.374089699937,599.374089699937,600.3572042998858,stimuli/box_coin_transparent.png,116.39096520002931,116.39098779996857,600.3572579999454,600.3725337998476,601.8885184000246,601.8720475998707,117.90580920013599,600.3725337998476,600.3725337998476,,,,,,,,,,,,917653,right,no,None,2025-05-16_13h25.05.159,RL_out-of-scanner,2024.2.4,59.86715476169726,2025-05-16 13h25.23.183743 -0700,
24,0,24,space,4.462130600120872,None,5,5.810529800131917,None,117.90703510004096,k,0.37298929993994534,None,None,118.30666849995032,118.30696550011635,120.32101509999484,120.32106970017776,121.3204393000342,121.32046160008758,122.83482580003329,,,,,,,1,0,1,0,24,0,24,0,601.8885184000246,,,,,,,,,,,,,,,,,,,,,,,,,,,,,,117.90703510004096,601.8733097999357,601.8885184000246,601.8885184000246,601.8885184000246,601.8885184000246,602.2728453997988,k,0.37298929993994534,None,right,1,15,13,3,53,13,None,118.30666849995032,118.30696550011635,602.2732505998574,602.2883199998178,602.2883199998178,604.3034665999003,604.3034665999003,604.2871962999925,120.32101509999484,120.32106970017776,604.2941518998705,604.3034665999003,604.3034665999003,605.2866783998907,stimuli/box_coin_transparent.png,121.3204393000342,121.32046160008758,605.286730799824,605.3021634998731,606.8180412999354,606.8010662999004,122.83482580003329,605.3021634998731,605.3021634998731,,,,,,,,,,,,917653,right,no,None,2025-05-16_13h25.05.159,RL_out-of-scanner,2024.2.4,59.86715476169726,2025-05-16 13h25.23.183743 -0700,
25,0,25,space,4.462130600120872,None,5,5.810529800131917,None,122.8358462001197,k,0.36245619994588196,None,None,123.21932850009762,123.21951019996777,124.2182595001068,124.21828559995629,125.2332294001244,125.23327580001205,128.74702999996953,,,,,,,1,0,1,0,25,0,25,0,606.8180412999354,,,,,,,,,,,,,,,,,,,,,,,,,,,,,,122.8358462001197,606.802122599911,606.8180412999354,606.8180412999354,606.8180412999354,606.8180412999354,607.1855361999478,k,0.36245619994588196,None,right,1,15,14,3,54,14,None,123.21932850009762,123.21951019996777,607.1857794998214,607.2008934000041,607.2008934000041,608.2004778999835,608.2004778999835,608.184483599849,124.2182595001068,124.21828559995629,608.1911888998002,608.2004778999835,608.2004778999835,609.1994496998377,stimuli/box_coin_transparent.png,125.2332294001244,125.23327580001205,609.1995700998232,609.2155883999076,612.7298740998376,612.7132691999432,128.74702999996953,,,,,,,,,,,,,,917653,right,no,None,2025-05-16_13h25.05.159,RL_out-of-scanner,2024.2.4,59.86715476169726,2025-05-16 13h25.23.183743 -0700,
26,0,26,space,4.462130600120872,None,5,5.810529800131917,None,128.74818979995325,k,0.404195100069046,None,None,129.18142709997483,129.18161940015852,129.68051920016296,129.68057169998065,130.6798803000711,130.67990380013362,134.19261460006237,,,,,,,1,0,1,0,26,0,26,0,612.7298740998376,,,,,,,,,,,,,,,,,,,,,,,,,,,,,,128.74818979995325,612.7144673999865,612.7298740998376,612.7298740998376,612.7298740998376,612.7298740998376,613.1476280998904,k,0.404195100069046,None,right,1,15,15,3,55,15,None,129.18142709997483,129.18161940015852,613.1478948998265,613.1628927998245,613.1628927998245,613.6626915999223,613.6626915999223,613.6467077999841,129.68051920016296,129.68057169998065,613.6536029998679,613.6626915999223,613.6626915999223,614.6461169999093,stimuli/box_coin_transparent.png,130.6798803000711,130.67990380013362,614.646176799899,614.6616270998493,618.1755578999873,618.1588551998138,134.19261460006237,614.6616270998493,614.6616270998493,,,,,,,,,,,,917653,right,no,None,2025-05-16_13h25.05.159,RL_out-of-scanner,2024.2.4,59.86715476169726,2025-05-16 13h25.23.183743 -0700,
27,0,27,space,4.462130600120872,None,5,5.810529800131917,None,134.19366020010784,k,0.6949509000405669,None,None,134.9103363000322,134.91055130003951,136.42487610015087,136.42490230011754,137.44004729995504,137.4400923999492,138.43934740009718,,,,,,,1,0,1,0,27,0,27,0,618.1755578999873,,,,,,,,,,,,,,,,,,,,,,,,,,,,,,134.19366020010784,618.1599365998991,618.1755578999873,618.1755578999873,618.1755578999873,618.1755578999873,618.876526299864,k,0.6949509000405669,None,left,1,7,0,4,55,15,None,134.9103363000322,134.91055130003951,618.8768282998353,618.8915680998471,618.8915680998471,620.4077470998745,620.4077470998745,620.3910999998916,136.42487610015087,136.42490230011754,620.396716499934,620.4077470998745,620.4077470998745,621.4062669998966,stimuli/box_empty_transparent.png,137.44004729995504,137.4400923999492,621.4063866999932,621.422503199894,622.4223609999754,622.4055690998212,138.43934740009718,,,,,,,,,,,,,,917653,right,no,None,2025-05-16_13h25.05.159,RL_out-of-scanner,2024.2.4,59.86715476169726,2025-05-16 13h25.23.183743 -0700,
28,0,28,space,4.462130600120872,None,5,5.810529800131917,None,138.4405577001162,j,0.4069322000723332,None,None,138.87329480005428,138.87351400009356,139.87206039996818,139.87211520015262,140.87171700014733,140.87173920008354,144.38532690005377,,,,,,,1,0,1,0,28,0,28,0,622.4223609999754,,,,,,,,,,,,,,,,,,,,,,,,,,,,,,138.4405577001162,622.4068375998177,622.4223609999754,622.4223609999754,622.4223609999754,622.4223609999754,622.8394982998725,j,0.4069322000723332,None,left,1,7,1,4,56,16,None,138.87329480005428,138.87351400009356,622.8397864999715,622.8551409000065,622.8551409000065,623.8548630999867,623.8548630999867,623.8382468000054,139.87206039996818,139.87211520015262,623.8451985998545,623.8548630999867,623.8548630999867,624.8379563000053,stimuli/box_coin_transparent.png,140.87171700014733,140.87173920008354,624.8380095998291,624.8533708998002,628.3675986998715,628.3515672998037,144.38532690005377,624.8533708998002,624.8533708998002,,,,,,,,,,,,917653,right,no,None,2025-05-16_13h25.05.159,RL_out-of-scanner,2024.2.4,59.86715476169726,2025-05-16 13h25.23.183743 -0700,
29,0,29,space,4.462130600120872,None,5,5.810529800131917,None,144.38645959994756,j,0.35045269993133843,None,None,144.76846310007386,144.76873550005257,146.78310410003178,146.78312969999388,147.79887669999152,147.7988993001636,148.79822670016438,,,,,,,1,0,1,0,29,0,29,0,628.3675986998715,,,,,,,,,,,,,,,,,,,,,,,,,,,,,,144.38645959994756,628.3527438999154,628.3675986998715,628.3675986998715,628.3675986998715,628.3675986998715,628.7346385000274,j,0.35045269993133843,None,left,0,7,1,4,57,16,None,144.76846310007386,144.76873550005257,628.7350312999915,628.750916799996,628.750916799996,630.7659586998634,630.7659586998634,630.7493296000175,146.78310410003178,146.78312969999388,630.7548507999163,630.7659586998634,630.7659586998634,631.7651062998921,stimuli/box_empty_transparent.png,147.79887669999152,147.7988993001636,631.7651702000294,631.7808921998367,632.7804679998662,632.7644495998975,148.79822670016438,,,,,,,,,,,,,,917653,right,no,None,2025-05-16_13h25.05.159,RL_out-of-scanner,2024.2.4,59.86715476169726,2025-05-16 13h25.23.183743 -0700,
30,0,30,space,4.462130600120872,None,5,5.810529800131917,None,148.80004890006967,j,0.48153599980287254,None,None,149.2987919000443,149.2989972999785,150.3138379000593,150.31386340013705,151.32944240001962,151.3294870001264,152.32841600012034,,,,,,,1,0,1,0,30,0,30,0,632.7804679998662,,,,,,,,,,,,,,,,,,,,,,,,,,,,,,148.80004890006967,632.766325699864,632.7804679998662,632.7804679998662,632.7804679998662,632.7804679998662,633.2650013000239,j,0.48153599980287254,None,left,1,7,2,4,58,17,None,149.2987919000443,149.2989972999785,633.2652668999508,633.2802289000247,633.2802289000247,634.2967663998716,634.2967663998716,634.280064099934,150.3138379000593,150.31386340013705,634.286764399847,634.2967663998716,634.2967663998716,635.2956627998501,stimuli/box_coin_transparent.png,151.32944240001962,151.3294870001264,635.2957793998066,635.311359499814,636.3110130999703,636.2946365999524,152.32841600012034,,,,,,,,,,,,,,917653,right,no,None,2025-05-16_13h25.05.159,RL_out-of-scanner,2024.2.4,59.86715476169726,2025-05-16 13h25.23.183743 -0700,
31,0,31,space,4.462130600120872,None,5,5.810529800131917,None,152.3297327000182,j,0.42644900013692677,None,None,152.77916479995474,152.77938139997423,155.7925120999571,155.79253700003028,156.80799500015564,156.80805150000378,159.32237239996903,,,,,,,1,0,1,0,31,0,31,0,636.3110130999703,,,,,,,,,,,,,,,,,,,,,,,,,,,,,,152.3297327000182,636.2960071999114,636.3110130999703,636.3110130999703,636.3110130999703,636.3110130999703,636.745370300021,j,0.42644900013692677,None,left,1,7,3,4,59,18,None,152.77916479995474,152.77938139997423,636.745652699843,636.7607471998781,636.7607471998781,639.7755467998795,639.7755467998795,639.7587383999489,155.7925120999571,155.79253700003028,639.7653879998252,639.7755467998795,639.7755467998795,640.7742062998004,stimuli/box_coin_transparent.png,156.80799500015564,156.80805150000378,640.7743620998226,640.7903195000254,643.3056456998456,643.2886126998346,159.32237239996903,,,,,,,,,,,,,,917653,right,no,None,2025-05-16_13h25.05.159,RL_out-of-scanner,2024.2.4,59.86715476169726,2025-05-16 13h25.23.183743 -0700,
32,0,32,space,4.462130600120872,None,5,5.810529800131917,None,159.323454500176,j,0.3670818000100553,None,None,159.72358260001056,159.72379510011524,160.73920199996792,160.73922920017503,161.75412790011615,161.7541726999916,162.7539554000832,,,,,,,1,0,1,0,32,0,32,0,643.3056456998456,,,,,,,,,,,,,,,,,,,,,,,,,,,,,,159.323454500176,643.2897297998425,643.3056456998456,643.3056456998456,643.3056456998456,643.3056456998456,643.6897877999581,j,0.3670818000100553,None,left,0,7,3,4,60,18,None,159.72358260001056,159.72379510011524,643.6900665999856,643.7053989998531,643.7053989998531,644.7221909998916,644.7221909998916,644.7054255998228,160.73920199996792,160.73922920017503,644.7110958998092,644.7221909998916,644.7221909998916,645.7203484999482,stimuli/box_empty_transparent.png,161.75412790011615,161.7541726999916,645.7204654000234,645.7365492999088,646.7362493998371,646.7201888000127,162.7539554000832,,,,,,,,,,,,,,917653,right,no,None,2025-05-16_13h25.05.159,RL_out-of-scanner,2024.2.4,59.86715476169726,2025-05-16 13h25.23.183743 -0700,
33,0,33,space,4.462130600120872,None,5,5.810529800131917,None,162.7551285000518,k,0.37070999993011355,None,None,163.1541709001176,163.15438219998032,165.16924650012515,165.16930059995502,166.1841223000083,166.1841464000754,167.69955180003308,,,,,,,1,0,1,0,33,0,33,0,646.7362493998371,,,,,,,,,,,,,,,,,,,,,,,,,,,,,,162.7551285000518,646.7214032998309,646.7362493998371,646.7362493998371,646.7362493998371,646.7362493998371,647.1203616999555,k,0.37070999993011355,None,left,0,7,3,4,60,18,None,163.1541709001176,163.15438219998032,647.120659600012,647.1355942999944,647.1355942999944,649.1517922999337,649.1517922999337,649.1354309997987,165.16924650012515,165.16930059995502,649.1415349999443,649.1517922999337,649.1517922999337,650.1503590999637,stimuli/box_empty_transparent.png,166.1841223000083,166.1841464000754,650.1504182999488,650.1662894999608,651.6822138999123,651.6657894998789,167.69955180003308,,,,,,,,,,,,,,917653,right,no,None,2025-05-16_13h25.05.159,RL_out-of-scanner,2024.2.4,59.86715476169726,2025-05-16 13h25.23.183743 -0700,
34,0,34,space,4.462130600120872,None,5,5.810529800131917,None,167.70057800016366,k,0.2907321001403034,None,None,168.0167368000839,168.0169232999906,171.03082710015588,171.03089420008473,172.03009370015934,172.03011470008641,174.5440676000435,,,,,,,1,0,1,0,34,0,34,0,651.6822138999123,,,,,,,,,,,,,,,,,,,,,,,,,,,,,,167.70057800016366,651.6668538998347,651.6822138999123,651.6822138999123,651.6822138999123,651.6822138999123,651.9829404000193,k,0.2907321001403034,None,left,0,7,3,4,60,18,None,168.0167368000839,168.0169232999906,651.9831952999812,651.9987967999186,651.9987967999186,655.0130357998423,655.0130357998423,654.9970040998887,171.03082710015588,171.03089420008473,655.0029313999694,655.0130357998423,655.0130357998423,655.9963330999017,stimuli/box_empty_transparent.png,172.03009370015934,172.03011470008641,655.9963828998152,656.0118864998221,658.5267739000265,658.5103084000293,174.5440676000435,656.0118864998221,656.0118864998221,,,,,,,,,,,,917653,right,no,None,2025-05-16_13h25.05.159,RL_out-of-scanner,2024.2.4,59.86715476169726,2025-05-16 13h25.23.183743 -0700,
35,0,35,space,4.462130600120872,None,5,5.810529800131917,None,174.54509340017103,j,0.45926689985208213,None,None,175.02803960000165,175.02825560001656,176.5431046001613,176.5431352001615,177.55862340005115,177.55866900016554,178.55784350004978,,,,,,,1,0,1,0,35,0,35,0,658.5267739000265,,,,,,,,,,,,,,,,,,,,,,,,,,,,,,174.54509340017103,658.5113693999592,658.5267739000265,658.5267739000265,658.5267739000265,658.5267739000265,658.994242399931,j,0.45926689985208213,None,left,1,7,4,4,61,19,None,175.02803960000165,175.02825560001656,658.9945276998915,659.0096473998856,659.0096473998856,660.525719499914,660.525719499914,660.5093259999994,176.5431046001613,176.5431352001615,660.5166030998807,660.525719499914,660.525719499914,661.5248421998695,stimuli/box_coin_transparent.png,177.55862340005115,177.55866900016554,661.5249628999736,661.5405390998349,662.5402495998424,662.5240842998028,178.55784350004978,,,,,,,,,,,,,,917653,right,no,None,2025-05-16_13h25.05.159,RL_out-of-scanner,2024.2.4,59.86715476169726,2025-05-16 13h25.23.183743 -0700,
36,0,36,space,4.462130600120872,None,5,5.810529800131917,None,178.55917370016687,j,0.3383859000168741,None,None,178.9250747000333,178.92528650001623,180.4392731001135,180.43930039997213,181.45504779997282,181.45507100014947,184.96902620000765,,,,,,,1,0,1,0,36,0,36,0,662.5402495998424,,,,,,,,,,,,,,,,,,,,,,,,,,,,,,178.55917370016687,662.5254669999704,662.5402495998424,662.5402495998424,662.5402495998424,662.5402495998424,662.8912799998652,j,0.3383859000168741,None,left,1,7,5,4,62,20,None,178.9250747000333,178.92528650001623,662.8915574999992,662.9065105000045,662.9065105000045,664.4228812998626,664.4228812998626,664.4054970999714,180.4392731001135,180.43930039997213,664.4126314998139,664.4228812998626,664.4228812998626,665.4212849999312,stimuli/box_coin_transparent.png,181.45504779997282,181.45507100014947,665.4213419000152,665.4374055999797,668.9517512999009,668.9352665999904,184.96902620000765,,,,,,,,,,,,,,917653,right,no,None,2025-05-16_13h25.05.159,RL_out-of-scanner,2024.2.4,59.86715476169726,2025-05-16 13h25.23.183743 -0700,
37,0,37,space,4.462130600120872,None,5,5.810529800131917,None,184.9701308000367,j,0.4744592998176813,None,None,185.46965149999596,185.46986549999565,187.48382570012473,187.48385250009596,188.49934800015762,188.49939740006812,189.49896240001544,,,,,,,1,0,1,0,37,0,37,0,668.9517512999009,,,,,,,,,,,,,,,,,,,,,,,,,,,,,,184.9701308000367,668.9364377998281,668.9517512999009,668.9517512999009,668.9517512999009,668.9517512999009,669.4358538999222,j,0.4744592998176813,None,left,1,7,6,4,63,21,None,185.46965149999596,185.46986549999565,669.4361380999908,669.4514940998051,669.4514940998051,671.466903100023,671.466903100023,671.4500490999781,187.48382570012473,187.48385250009596,671.4566864999942,671.466903100023,671.466903100023,672.4655678998679,stimuli/box_coin_transparent.png,188.49934800015762,188.49939740006812,672.4656883999705,672.4819979998283,673.4815109998453,673.4652032998856,189.49896240001544,,,,,,,,,,,,,,917653,right,no,None,2025-05-16_13h25.05.159,RL_out-of-scanner,2024.2.4,59.86715476169726,2025-05-16 13h25.23.183743 -0700,
38,0,38,space,4.462130600120872,None,5,5.810529800131917,None,189.5000011001248,j,0.40540609997697175,None,None,189.9329172000289,189.93312610010616,190.9478043001145,190.94783079996705,191.9633848001249,191.96342970011756,193.47902700002305,,,,,,,1,0,1,0,38,0,38,0,673.4815109998453,,,,,,,,,,,,,,,,,,,,,,,,,,,,,,189.5000011001248,673.4662748998962,673.4815109998453,673.4815109998453,673.4815109998453,673.4815109998453,673.8991288000252,j,0.40540609997697175,None,left,1,7,7,4,64,22,None,189.9329172000289,189.93312610010616,673.8993966998532,673.9147623998579,673.9147623998579,674.9309654999524,674.9309654999524,674.9140241998248,190.9478043001145,190.94783079996705,674.9211702998728,674.9309654999524,674.9309654999524,675.9296064998489,stimuli/box_coin_transparent.png,191.9633848001249,191.96342970011756,675.9297211999074,675.9465381999034,677.4615127998404,677.4452500999905,193.47902700002305,,,,,,,,,,,,,,917653,right,no,None,2025-05-16_13h25.05.159,RL_out-of-scanner,2024.2.4,59.86715476169726,2025-05-16 13h25.23.183743 -0700,
39,0,39,space,4.462130600120872,None,5,5.810529800131917,None,193.4803402000107,j,0.4287930999416858,None,None,193.92943280003965,193.92964630015194,194.92844790010713,194.9284741000738,195.9435648000799,195.94361030007713,196.9428928999696,,,,,,,1,0,1,0,39,0,39,0,677.4615127998404,,,,,,,,,,,,,,,,,,,,,,,,,,,,,,193.4803402000107,677.4466152999084,677.4615127998404,677.4615127998404,677.4615127998404,677.4615127998404,677.8956408998929,j,0.4287930999416858,None,right,1,9,0,5,64,22,None,193.92943280003965,193.92964630015194,677.8959166998975,677.9114855998196,677.9114855998196,678.9106906999368,678.9106906999368,678.8946716999635,194.92844790010713,194.9284741000738,678.900261899922,678.9106906999368,678.9106906999368,679.9097837000154,stimuli/box_empty_transparent.png,195.9435648000799,195.94361030007713,679.90990530001,679.9260117998347,680.9253326999024,680.9091173999477,196.9428928999696,,,,,,,,,,,,,,917653,right,no,None,2025-05-16_13h25.05.159,RL_out-of-scanner,2024.2.4,59.86715476169726,2025-05-16 13h25.23.183743 -0700,
40,0,40,space,4.462130600120872,None,5,5.810529800131917,None,196.94420270016417,k,0.3725814002100378,None,None,197.3438204000704,197.3440447000321,198.8588726001326,198.85893620015122,199.87378110014834,199.87381780007854,200.87351840012707,,,,,,,1,0,1,0,40,0,40,0,680.9253326999024,,,,,,,,,,,,,,,,,,,,,,,,,,,,,,196.94420270016417,680.9104887000285,680.9253326999024,680.9253326999024,680.9253326999024,680.9253326999024,681.3100101000164,k,0.3725814002100378,None,right,1,9,1,5,65,23,None,197.3438204000704,197.3440447000321,681.3103231999557,681.3253951999359,681.3253951999359,682.8413078000303,682.8413078000303,682.8250467998441,198.8588726001326,198.85893620015122,682.8319782998879,682.8413078000303,682.8413078000303,683.8400079000276,stimuli/box_coin_transparent.png,199.87378110014834,199.87381780007854,683.8401017999277,683.8561855999287,684.8559151999652,684.8397439999972,200.87351840012707,,,,,,,,,,,,,,917653,right,no,None,2025-05-16_13h25.05.159,RL_out-of-scanner,2024.2.4,59.86715476169726,2025-05-16 13h25.23.183743 -0700,
41,0,41,space,4.462130600120872,None,5,5.810529800131917,None,200.8747066000942,k,0.35326190013438463,None,None,201.2577927999664,201.25797750009224,202.25574219995178,202.2557691000402,203.27121439995244,203.27124250005,206.2855325001292,,,,,,,1,0,1,0,41,0,41,0,684.8559151999652,,,,,,,,,,,,,,,,,,,,,,,,,,,,,,200.8747066000942,684.8409823998809,684.8559151999652,684.8559151999652,684.8559151999652,684.8559151999652,685.2239912999794,k,0.35326190013438463,None,right,1,9,2,5,66,24,None,201.2577927999664,201.25797750009224,685.2242467999458,685.2385997998063,685.2385997998063,686.2389181999024,686.2389181999024,686.2219644000288,202.25574219995178,202.2557691000402,686.2286793999374,686.2389181999024,686.2389181999024,687.2374469998758,stimuli/box_coin_transparent.png,203.27121439995244,203.27124250005,687.2375176998321,687.2537268998567,690.267897099955,690.2517733999994,206.2855325001292,,,,,,,,,,,,,,917653,right,no,None,2025-05-16_13h25.05.159,RL_out-of-scanner,2024.2.4,59.86715476169726,2025-05-16 13h25.23.183743 -0700,
42,0,42,space,4.462130600120872,None,5,5.810529800131917,None,206.28656320017762,k,0.3437310999725014,None,None,206.65222100005485,206.65262540010735,208.66730240010656,208.66735320002772,209.68287770007737,209.68292100005783,213.196898000082,,,,,,,1,0,1,0,42,0,42,0,690.267897099955,,,,,,,,,,,,,,,,,,,,,,,,,,,,,,206.28656320017762,690.2528381999582,690.267897099955,690.267897099955,690.267897099955,690.267897099955,690.618368800031,k,0.3437310999725014,None,right,0,9,2,5,67,24,None,206.65222100005485,206.65262540010735,690.6189216999337,690.6348962998018,690.6348962998018,692.6502362999599,692.6502362999599,692.6334865998942,208.66730240010656,208.66735320002772,692.6396633000113,692.6502362999599,692.6502362999599,693.649097800022,stimuli/box_empty_transparent.png,209.68287770007737,209.68292100005783,693.64921149984,693.6650411998853,697.1793650998734,697.163128899876,213.196898000082,,,,,,,,,,,,,,917653,right,no,None,2025-05-16_13h25.05.159,RL_out-of-scanner,2024.2.4,59.86715476169726,2025-05-16 13h25.23.183743 -0700,
43,0,43,space,4.462130600120872,None,5,5.810529800131917,None,213.19805969996378,j,0.38015649979934096,None,None,213.59758529998362,213.59780160011724,214.59576000017114,214.5957867000252,215.61139030009508,215.61143889999948,217.62662010011263,,,,,,,1,0,1,0,43,0,43,0,697.1793650998734,,,,,,,,,,,,,,,,,,,,,,,,,,,,,,213.19805969996378,697.1643353998661,697.1793650998734,697.1793650998734,697.1793650998734,697.1793650998734,697.5637433999218,j,0.38015649979934096,None,right,0,9,2,5,67,24,None,213.59758529998362,213.59780160011724,697.5640715998597,697.5785643998533,697.5785643998533,698.5795240998268,698.5795240998268,698.561984000029,214.59576000017114,214.5957867000252,698.5675804999191,698.5795240998268,698.5795240998268,699.5776080999058,stimuli/box_empty_transparent.png,215.61139030009508,215.61143889999948,699.5777393998578,699.5937431999482,701.6092342999764,701.5928609999828,217.62662010011263,,,,,,,,,,,,,,917653,right,no,None,2025-05-16_13h25.05.159,RL_out-of-scanner,2024.2.4,59.86715476169726,2025-05-16 13h25.23.183743 -0700,
44,0,44,space,4.462130600120872,None,5,5.810529800131917,None,217.62764260009862,j,0.481738000176847,None,None,218.1270649000071,218.1272817000281,220.64128330000676,220.64134980016388,221.64042830001563,221.64045020006597,223.65515570016578,,,,,,,1,0,1,0,44,0,44,0,701.6092342999764,,,,,,,,,,,,,,,,,,,,,,,,,,,,,,217.62764260009862,701.5939178999979,701.6092342999764,701.6092342999764,701.6092342999764,701.6092342999764,702.0932666999288,j,0.481738000176847,None,right,0,9,2,5,67,24,None,218.1270649000071,218.1272817000281,702.0935545999091,702.1084588000085,702.1084588000085,704.6235578998458,704.6235578998458,704.6074663000181,220.64128330000676,220.64134980016388,704.6132176998071,704.6235578998458,704.6235578998458,705.606666999869,stimuli/box_empty_transparent.png,221.64042830001563,221.64045020006597,705.6067190999165,705.6221431999002,707.6375029999763,707.621375599876,223.65515570016578,705.6221431999002,705.6221431999002,,,,,,,,,,,,917653,right,no,None,2025-05-16_13h25.05.159,RL_out-of-scanner,2024.2.4,59.86715476169726,2025-05-16 13h25.23.183743 -0700,
45,0,45,space,4.462130600120872,None,5,5.810529800131917,None,223.65628220001236,k,0.29753979993984103,None,None,223.97224040003493,223.9725487001706,224.97087540011853,224.97090590000153,225.98632420017384,225.98636760003865,226.9858503001742,,,,,,,1,0,1,0,45,0,45,0,707.6375029999763,,,,,,,,,,,,,,,,,,,,,,,,,,,,,,223.65628220001236,707.6225572000258,707.6375029999763,707.6375029999763,707.6375029999763,707.6375029999763,707.9384043000173,k,0.29753979993984103,None,right,0,9,2,5,68,24,None,223.97224040003493,223.9725487001706,707.9388379999436,707.9539289998356,707.9539289998356,708.9539447999559,708.9539447999559,708.9370920998044,224.97087540011853,224.97090590000153,708.9433999999892,708.9539447999559,708.9539447999559,709.9525454000104,stimuli/box_empty_transparent.png,225.98632420017384,225.98636760003865,709.952668099897,709.9684234999586,710.9683236000128,710.9520913998131,226.9858503001742,,,,,,,,,,,,,,917653,right,no,None,2025-05-16_13h25.05.159,RL_out-of-scanner,2024.2.4,59.86715476169726,2025-05-16 13h25.23.183743 -0700,
46,0,46,space,4.462130600120872,None,5,5.810529800131917,None,226.98679430014454,k,0.3258495000191033,None,None,227.33617520006374,227.33636710001156,229.35061880014837,229.35064360010438,230.35029570013285,230.350317500066,231.34884640015662,,,,,,,1,0,1,0,46,0,46,0,710.9683236000128,,,,,,,,,,,,,,,,,,,,,,,,,,,,,,226.98679430014454,710.9530696999282,710.9683236000128,710.9683236000128,710.9683236000128,710.9683236000128,711.302373399958,k,0.3258495000191033,None,right,1,9,3,5,69,25,None,227.33617520006374,227.33636710001156,711.3026381998789,711.3178065000102,711.3178065000102,713.3333357998636,713.3333357998636,713.316839999985,229.35061880014837,229.35064360010438,713.3234519998077,713.3333357998636,713.3333357998636,714.3165337999817,stimuli/box_coin_transparent.png,230.35029570013285,230.350317500066,714.3165883999318,714.331570699811,715.3315243998077,715.3150696000084,231.34884640015662,714.331570699811,714.331570699811,,,,,,,,,,,,917653,right,no,None,2025-05-16_13h25.05.159,RL_out-of-scanner,2024.2.4,59.86715476169726,2025-05-16 13h25.23.183743 -0700,
47,0,47,space,4.462130600120872,None,5,5.810529800131917,None,231.3499768001493,k,0.34911049995571375,None,None,231.71632130001672,231.7165180000011,234.7297825999558,234.72981000016443,235.74549490003847,235.7455401001498,237.26060670008883,,,,,,,1,0,1,0,47,0,47,0,715.3315243998077,,,,,,,,,,,,,,,,,,,,,,,,,,,,,,231.3499768001493,715.316252599936,715.3315243998077,715.3315243998077,715.3315243998077,715.3315243998077,715.6825206999201,k,0.34911049995571375,None,right,1,9,4,5,70,26,None,231.71632130001672,231.7165180000011,715.6827916000038,715.6979716999922,715.6979716999922,718.7126833999064,718.7126833999064,718.6960046000313,234.7297825999558,234.72981000016443,718.7026541999076,718.7126833999064,718.7126833999064,719.7117135999724,stimuli/box_coin_transparent.png,235.74549490003847,235.7455401001498,719.7118314998224,719.7276508000214,721.2435434998479,721.2268281998113,237.26060670008883,,,,,,,,,,,,,,917653,right,no,None,2025-05-16_13h25.05.159,RL_out-of-scanner,2024.2.4,59.86715476169726,2025-05-16 13h25.23.183743 -0700,
48,0,48,space,4.462130600120872,None,5,5.810529800131917,None,237.26167479995638,k,0.2575842998921871,None,None,237.544902499998,237.54511389997788,239.04335890011862,239.04338519996963,240.05873850011267,240.0587855000049,243.57251950004138,,,,,,,1,0,1,0,48,0,48,0,721.2435434998479,,,,,,,,,,,,,,,,,,,,,,,,,,,,,,237.26167479995638,721.2279508998618,721.2435434998479,721.2435434998479,721.2435434998479,721.2435434998479,721.5110983999912,k,0.2575842998921871,None,right,1,9,5,5,71,27,None,237.544902499998,237.54511389997788,721.5114106999245,721.5264677000232,721.5264677000232,723.0260051998775,723.0260051998775,723.0095839998685,239.04335890011862,239.04338519996963,723.0162112999242,723.0260051998775,723.0260051998775,724.0249561998062,stimuli/box_coin_transparent.png,240.05873850011267,240.0587855000049,724.0250853998587,724.0406941999681,727.5551109998487,727.5387420000043,243.57251950004138,,,,,,,,,,,,,,917653,right,no,None,2025-05-16_13h25.05.159,RL_out-of-scanner,2024.2.4,59.86715476169726,2025-05-16 13h25.23.183743 -0700,
49,0,49,space,4.462130600120872,None,5,5.810529800131917,None,243.57382780010812,k,0.3899385998956859,None,None,243.9899886001367,243.9901801000815,245.4882394000888,245.48829250014387,246.50319029996172,246.50323499995284,246.5038227001205,,,,,,,1,0,1,0,49,0,49,0,727.5551109998487,,,,,,,,,,,,,,,,,,,,,,,,,,,,,,243.57382780010812,727.5401077999268,727.5551109998487,727.5551109998487,727.5551109998487,727.5551109998487,727.9561902999412,k,0.3899385998956859,None,right,1,9,6,5,72,28,None,243.9899886001367,243.9901801000815,727.9564515999518,727.9712000000291,727.9712000000291,729.4706172998995,729.4706172998995,729.4544261998963,245.4882394000888,245.48829250014387,729.4613571998198,729.4706172998995,729.4706172998995,730.4694095999002,stimuli/box_coin_transparent.png,246.50319029996172,246.50323499995284,730.4695735999849,730.4857159999665,730.4857159999665,730.470066400012,246.5038227001205,,,,,,,,,,,,,,917653,right,no,None,2025-05-16_13h25.05.159,RL_out-of-scanner,2024.2.4,59.86715476169726,2025-05-16 13h25.23.183743 -0700,
1,0,1,space,4.462130600120872,None,5,5.810529800131917,None,,,,,,,,,,,,,,,,,,,1,0,1,0,,,,,,,,,,,,,,,,,,,,,,,,,,,,,,,,,,,,,,,,,,,,,,,,,,,,,,,,,,,,,,,,,,,,,,,,,,,,,,,730.4804121998604,730.4857159999665,734.4827701000031,734.4828599998727,734.4991951999255,788.8891274000052,788.8730363999493,,,917653,right,no,None,2025-05-16_13h25.05.159,RL_out-of-scanner,2024.2.4,59.86715476169726,2025-05-16 13h25.23.183743 -0700,
0,0,0,space,9.677038700086996,None,5,3.215275499969721,None,0.0011302998755127192,j,1.1306920000351965,None,None,1.1496381999459118,1.1498628999106586,2.16514559998177,2.165171799948439,3.1804682998917997,3.1805135998874903,5.195574600016698,,,,,,,2,0,2,0,0,0,0,0,801.8459401999135,,,,,,,,,,,,,,,,788.8733261998277,788.8891274000052,788.8891274000052,798.582494799979,space,9.677038700086996,None,798.5825543999672,798.5980634000152,798.5980634000152,801.8297583998647,5,3.215275499969721,None,0.0011302998755127192,801.8309394000098,801.8459401999135,801.8459401999135,801.8459401999135,801.8459401999135,802.9793746999931,j,1.1306920000351965,None,right,1,11,0,6,72,0,None,1.1496381999459118,1.1498628999106586,802.9796724999323,802.9952195999213,802.9952195999213,804.0112974999938,804.0112974999938,803.9949070999864,2.16514559998177,2.165171799948439,804.0006480999291,804.0112974999938,804.0112974999938,805.0102252999786,stimuli/box_empty_transparent.png,3.1804682998917997,3.1805135998874903,805.0103400999215,805.0263464997988,807.0415409998968,807.0253337998874,5.195574600016698,,,,,,,,,,,,,,917653,right,no,None,2025-05-16_13h25.05.159,RL_out-of-scanner,2024.2.4,59.86715476169726,2025-05-16 13h25.23.183743 -0700,
1,0,1,space,9.677038700086996,None,5,3.215275499969721,None,5.196973699843511,k,0.41722290008328855,None,None,5.646180899813771,5.646367699839175,7.14482059981674,7.144847200019285,8.15986659983173,8.159914399962872,9.675487000029534,,,,,,,2,0,2,0,1,0,1,0,807.0415409998968,,,,,,,,,,,,,,,,,,,,,,,,,,,,,,5.196973699843511,807.0267848998774,807.0415409998968,807.0415409998968,807.0415409998968,807.0415409998968,807.4759195998777,k,0.41722290008328855,None,right,1,11,1,6,73,1,None,5.646180899813771,5.646367699839175,807.4761759999674,807.4913447999861,807.4913447999861,808.9905136998277,808.9905136998277,808.9745807999279,7.14482059981674,7.144847200019285,808.9818527998868,808.9905136998277,808.9905136998277,809.9896201998927,stimuli/box_coin_transparent.png,8.15986659983173,8.159914399962872,809.9897509999573,810.0059342999011,811.5213891000021,811.5052557999734,9.675487000029534,,,,,,,,,,,,,,917653,right,no,None,2025-05-16_13h25.05.159,RL_out-of-scanner,2024.2.4,59.86715476169726,2025-05-16 13h25.23.183743 -0700,
2,0,2,space,9.677038700086996,None,5,3.215275499969721,None,9.676663199905306,k,0.3344537999946624,None,None,10.042974599869922,10.043156799860299,11.041198199847713,11.041222899919376,12.056459599873051,12.056510800030082,15.070947699947283,,,,,,,2,0,2,0,2,0,2,0,811.5213891000021,,,,,,,,,,,,,,,,,,,,,,,,,,,,,,9.676663199905306,811.5064775999635,811.5213891000021,811.5213891000021,811.5213891000021,811.5213891000021,811.8727219998837,k,0.3344537999946624,None,right,0,11,1,6,74,1,None,10.042974599869922,10.043156799860299,811.8729616999626,811.8876992999576,811.8876992999576,812.8874011000153,812.8874011000153,812.8709597999696,11.041198199847713,11.041222899919376,812.8767311999109,812.8874011000153,812.8874011000153,813.8862153999507,stimuli/box_empty_transparent.png,12.056459599873051,12.056510800030082,813.8863416998647,813.9027473998722,816.9170023999177,816.9007242999505,15.070947699947283,,,,,,,,,,,,,,917653,right,no,None,2025-05-16_13h25.05.159,RL_out-of-scanner,2024.2.4,59.86715476169726,2025-05-16 13h25.23.183743 -0700,
3,0,3,space,9.677038700086996,None,5,3.215275499969721,None,15.071981299901381,k,0.29759249999187887,None,None,15.388616099953651,15.388797299936414,17.40223279991187,17.402258899994195,18.418165699811652,18.418209800031036,19.434496799949557,,,,,,,2,0,2,0,3,0,3,0,816.9170023999177,,,,,,,,,,,,,,,,,,,,,,,,,,,,,,15.071981299901381,816.9017936999444,816.9170023999177,816.9170023999177,816.9170023999177,816.9170023999177,817.2183637998533,k,0.29759249999187887,None,right,1,11,2,6,75,2,None,15.388616099953651,15.388797299936414,817.2186022999231,817.2338841999881,817.2338841999881,819.2490150998347,819.2490150998347,819.2319924999028,17.40223279991187,17.402258899994195,819.2392942998558,819.2490150998347,819.2490150998347,820.2479220000096,stimuli/box_coin_transparent.png,18.418165699811652,18.418209800031036,820.2480371999554,820.264257799834,821.2801944999956,821.2642742998432,19.434496799949557,,,,,,,,,,,,,,917653,right,no,None,2025-05-16_13h25.05.159,RL_out-of-scanner,2024.2.4,59.86715476169726,2025-05-16 13h25.23.183743 -0700,
4,0,4,space,9.677038700086996,None,5,3.215275499969721,None,19.43545789993368,k,0.44812439987435937,None,None,19.901552599854767,19.90173129993491,20.900238999864087,20.900271699996665,21.9153296998702,21.91536709992215,24.429508599918336,,,,,,,2,0,2,0,4,0,4,0,821.2801944999956,,,,,,,,,,,,,,,,,,,,,,,,,,,,,,19.43545789993368,821.2652689998504,821.2801944999956,821.2801944999956,821.2801944999956,821.2801944999956,821.7313006999902,k,0.44812439987435937,None,right,0,11,2,6,76,2,None,19.901552599854767,19.90173129993491,821.7315364999231,821.7466000998393,821.7466000998393,822.7460896000266,822.7460896000266,822.7299930998124,20.900238999864087,20.900271699996665,822.735615399899,822.7460896000266,822.7460896000266,823.7450920999981,stimuli/box_empty_transparent.png,21.9153296998702,21.91536709992215,823.7451920998283,823.7614638998639,826.2765929999296,826.25928499992,24.429508599918336,,,,,,,,,,,,,,917653,right,no,None,2025-05-16_13h25.05.159,RL_out-of-scanner,2024.2.4,59.86715476169726,2025-05-16 13h25.23.183743 -0700,
5,0,5,space,9.677038700086996,None,5,3.215275499969721,None,24.43118770001456,k,0.3030401000287384,None,None,24.764283600030467,24.764470199821517,28.277485799975693,28.27751399995759,29.29280769987963,29.29285450000316,31.291764499852434,,,,,,,2,0,2,0,5,0,5,0,826.2765929999296,,,,,,,,,,,,,,,,,,,,,,,,,,,,,,24.43118770001456,826.2609973999206,826.2765929999296,826.2765929999296,826.2765929999296,826.2765929999296,826.594020599965,k,0.3030401000287384,None,right,1,11,3,6,77,3,None,24.764283600030467,24.764470199821517,826.5942780999467,826.6091357998084,826.6091357998084,830.1236272999085,830.1236272999085,830.1072447998449,28.277485799975693,28.27751399995759,830.1140568000264,830.1236272999085,830.1236272999085,831.1225618999451,stimuli/box_coin_transparent.png,29.29280769987963,29.29285450000316,831.1226875998545,831.1384256000165,833.1376563999802,833.1215415999759,31.291764499852434,,,,,,,,,,,,,,917653,right,no,None,2025-05-16_13h25.05.159,RL_out-of-scanner,2024.2.4,59.86715476169726,2025-05-16 13h25.23.183743 -0700,
6,0,6,space,9.677038700086996,None,5,3.215275499969721,None,31.29277279996313,k,0.6946706001181155,None,None,32.00875199981965,32.0089465000201,33.00689339987002,33.006918399827555,34.02238949993625,34.022435899823904,35.021902199834585,,,,,,,2,0,2,0,6,0,6,0,833.1376563999802,,,,,,,,,,,,,,,,,,,,,,,,,,,,,,31.29277279996313,833.1225848998874,833.1376563999802,833.1376563999802,833.1376563999802,833.1376563999802,833.8384848998394,k,0.6946706001181155,None,right,1,11,4,6,78,4,None,32.00875199981965,32.0089465000201,833.838753100019,833.8535728999414,833.8535728999414,834.8533160998486,834.8533160998486,834.8366546998732,33.00689339987002,33.006918399827555,834.8433165999595,834.8533160998486,834.8533160998486,835.8521447998937,stimuli/box_coin_transparent.png,34.02238949993625,34.022435899823904,835.8522679000162,835.8682599000167,836.8679086999036,836.8516787998378,35.021902199834585,,,,,,,,,,,,,,917653,right,no,None,2025-05-16_13h25.05.159,RL_out-of-scanner,2024.2.4,59.86715476169726,2025-05-16 13h25.23.183743 -0700,
7,0,7,space,9.677038700086996,None,5,3.215275499969721,None,35.02296829991974,k,0.9871213999576867,None,None,36.038367099827155,36.03856109990738,38.05317760002799,38.0532331999857,39.05275749997236,39.05278279981576,41.06726889987476,,,,,,,2,0,2,0,7,0,7,0,836.8679086999036,,,,,,,,,,,,,,,,,,,,,,,,,,,,,,35.02296829991974,836.8527809998486,836.8679086999036,836.8679086999036,836.8679086999036,836.8679086999036,837.8680985998362,k,0.9871213999576867,None,right,0,11,4,6,79,4,None,36.038367099827155,36.03856109990738,837.8683707998134,837.8835944000166,837.8835944000166,839.8992349999025,839.8992349999025,839.8828965998255,38.05317760002799,38.0532331999857,839.888946800027,839.8992349999025,839.8992349999025,840.8825302999467,stimuli/box_empty_transparent.png,39.05275749997236,39.05278279981576,840.8825945998542,840.897807699861,842.9128690999933,842.8970244999509,41.06726889987476,840.897807699861,840.897807699861,,,,,,,,,,,,917653,right,no,None,2025-05-16_13h25.05.159,RL_out-of-scanner,2024.2.4,59.86715476169726,2025-05-16 13h25.23.183743 -0700,
8,0,8,space,9.677038700086996,None,5,3.215275499969721,None,41.06855480000377,k,0.39072100003249943,None,None,41.48391169984825,41.48409749986604,44.4981364000123,44.498160999966785,45.513647199841216,45.513691399944946,47.02870219992474,,,,,,,2,0,2,0,8,0,8,0,842.9128690999933,,,,,,,,,,,,,,,,,,,,,,,,,,,,,,41.06855480000377,842.8983701998368,842.9128690999933,842.9128690999933,842.9128690999933,842.9128690999933,843.3136493999045,k,0.39072100003249943,None,right,1,11,5,6,80,5,None,41.48391169984825,41.48409749986604,843.3139051999897,843.3294271000195,843.3294271000195,846.3443547999486,846.3443547999486,846.3278977998998,44.4981364000123,44.498160999966785,846.3345716998447,846.3443547999486,846.3443547999486,847.343401900027,stimuli/box_coin_transparent.png,45.513647199841216,45.513691399944946,847.3435225998983,847.3592183999717,848.8750342000276,848.8584600000177,47.02870219992474,,,,,,,,,,,,,,917653,right,no,None,2025-05-16_13h25.05.159,RL_out-of-scanner,2024.2.4,59.86715476169726,2025-05-16 13h25.23.183743 -0700,
9,0,9,space,9.677038700086996,None,5,3.215275499969721,None,47.029922999907285,j,0.42634149990044534,None,None,47.47948500001803,47.47969669988379,48.978057799860835,48.978085699956864,49.97729409998283,49.97731819981709,51.991831299848855,,,,,,,2,0,2,0,9,0,9,0,848.8750342000276,,,,,,,,,,,,,,,,,,,,,,,,,,,,,,47.029922999907285,848.8597391999792,848.8750342000276,848.8750342000276,848.8750342000276,848.8750342000276,849.3092336999252,j,0.42634149990044534,None,right,1,11,5,6,80,5,None,47.47948500001803,47.47969669988379,849.3095032998826,849.3247911999933,849.3247911999933,850.8241303998511,850.8241303998511,850.8078164998442,48.978057799860835,48.978085699956864,850.8134759999812,850.8241303998511,850.8241303998511,851.8070683998521,stimuli/box_empty_transparent.png,49.97729409998283,49.97731819981709,851.8071275998373,851.822363599902,853.83790269983,853.8216080998536,51.991831299848855,851.822363599902,851.822363599902,,,,,,,,,,,,917653,right,no,None,2025-05-16_13h25.05.159,RL_out-of-scanner,2024.2.4,59.86715476169726,2025-05-16 13h25.23.183743 -0700,
10,0,10,space,9.677038700086996,None,5,3.215275499969721,None,51.992856999859214,k,0.4842038999777287,None,None,52.50900559988804,52.50920269987546,54.02375900000334,54.02378629986197,55.03917879983783,55.039225299842656,56.055152299813926,,,,,,,2,0,2,0,10,0,10,0,853.83790269983,,,,,,,,,,,,,,,,,,,,,,,,,,,,,,51.992856999859214,853.8226667998824,853.83790269983,853.83790269983,853.83790269983,853.83790269983,854.3387412999291,k,0.4842038999777287,None,right,0,11,5,6,81,5,None,52.50900559988804,52.50920269987546,854.3390122000128,854.3543251999654,854.3543251999654,855.8699795999564,855.8699795999564,855.8535168999806,54.02375900000334,54.02378629986197,855.8591276998632,855.8699795999564,855.8699795999564,856.8689329999033,stimuli/box_empty_transparent.png,55.03917879983783,55.039225299842656,856.8690578998066,856.8848643999081,857.901154199848,857.884911699919,56.055152299813926,,,,,,,,,,,,,,917653,right,no,None,2025-05-16_13h25.05.159,RL_out-of-scanner,2024.2.4,59.86715476169726,2025-05-16 13h25.23.183743 -0700,
11,0,11,space,9.677038700086996,None,5,3.215275499969721,None,56.05654539982788,k,0.44332840014249086,None,None,56.52198769990355,56.52217169990763,58.53653149981983,58.53655770001933,59.551977599970996,59.55202229996212,61.06757259997539,,,,,,,2,0,2,0,11,0,11,0,857.901154199848,,,,,,,,,,,,,,,,,,,,,,,,,,,,,,56.05654539982788,857.8863609998953,857.901154199848,857.901154199848,857.901154199848,857.901154199848,858.351731200004,k,0.44332840014249086,None,right,1,11,6,6,82,6,None,56.52198769990355,56.52217169990763,858.3519782000221,858.3677281998098,858.3677281998098,860.382915899856,860.382915899856,860.3662915998138,58.53653149981983,58.53655770001933,860.3730011000298,860.382915899856,860.382915899856,861.3817332999315,stimuli/box_coin_transparent.png,59.551977599970996,59.55202229996212,861.3818522999063,861.3977872999385,862.9134267999325,862.8973493999802,61.06757259997539,,,,,,,,,,,,,,917653,right,no,None,2025-05-16_13h25.05.159,RL_out-of-scanner,2024.2.4,59.86715476169726,2025-05-16 13h25.23.183743 -0700,
12,0,12,space,9.677038700086996,None,5,3.215275499969721,None,61.068966599879786,k,0.3717185000423342,None,None,61.46833149995655,61.46851899987087,62.46718050003983,62.46721070003696,63.48228459991515,63.48233089991845,66.4968051998876,,,,,,,2,0,2,0,12,0,12,0,862.9134267999325,,,,,,,,,,,,,,,,,,,,,,,,,,,,,,61.068966599879786,862.8987958999351,862.9134267999325,862.9134267999325,862.9134267999325,862.9134267999325,863.2980708999094,k,0.3717185000423342,None,right,1,11,7,6,83,7,None,61.46833149995655,61.46851899987087,863.2983269998804,863.313499599928,863.313499599928,864.3132274998352,864.3132274998352,864.2969350998756,62.46718050003983,62.46721070003696,864.3036801000126,864.3132274998352,864.3132274998352,865.3120410998818,stimuli/box_coin_transparent.png,63.48228459991515,63.48233089991845,865.3121607999783,865.3280207999051,868.3427676998544,868.3265692999121,66.4968051998876,,,,,,,,,,,,,,917653,right,no,None,2025-05-16_13h25.05.159,RL_out-of-scanner,2024.2.4,59.86715476169726,2025-05-16 13h25.23.183743 -0700,
13,0,13,space,9.677038700086996,None,5,3.215275499969721,None,66.49795269989409,k,0.31287850020453334,None,None,66.83092579990625,66.83116169995628,67.32985809980892,67.3298841000069,68.3452536999248,68.34527559997514,70.3605645999778,,,,,,,2,0,2,0,13,0,13,0,868.3427676998544,,,,,,,,,,,,,,,,,,,,,,,,,,,,,,66.49795269989409,868.3277639998123,868.3427676998544,868.3427676998544,868.3427676998544,868.3427676998544,868.6606433999259,k,0.31287850020453334,None,right,0,11,7,6,84,7,None,66.83092579990625,66.83116169995628,868.6609786998015,868.6758010999765,868.6758010999765,869.1762090998236,869.1762090998236,869.1596200999338,67.32985809980892,67.3298841000069,869.1657445998862,869.1762090998236,869.1762090998236,870.1750262000132,stimuli/box_empty_transparent.png,68.3452536999248,68.34527559997514,870.1750811999664,870.191184700001,872.2060751998797,872.1903377999552,70.3605645999778,,,,,,,,,,,,,,917653,right,no,None,2025-05-16_13h25.05.159,RL_out-of-scanner,2024.2.4,59.86715476169726,2025-05-16 13h25.23.183743 -0700,
14,0,14,space,9.677038700086996,None,5,3.215275499969721,None,70.36219439981505,k,0.4680617998819798,None,None,70.86102229985408,70.86121839983389,72.35926659987308,72.35929779987782,73.3580678999424,73.35809019999579,74.35740959993564,,,,,,,2,0,2,0,14,0,14,0,872.2060751998797,,,,,,,,,,,,,,,,,,,,,,,,,,,,,,70.36219439981505,872.192023599986,872.2060751998797,872.2060751998797,872.2060751998797,872.2060751998797,872.6907579998951,k,0.4680617998819798,None,right,1,11,8,6,85,8,None,70.86102229985408,70.86121839983389,872.6910307998769,872.7056272998452,872.7056272998452,874.2050332999788,874.2050332999788,874.1890072999522,72.35926659987308,72.35929779987782,874.1959412000142,874.2050332999788,874.2050332999788,875.187843099935,stimuli/box_coin_transparent.png,73.3580678999424,73.35809019999579,875.187897299882,875.2038145998958,876.2036406998523,876.1871861999389,74.35740959993564,875.2038145998958,875.2038145998958,,,,,,,,,,,,917653,right,no,None,2025-05-16_13h25.05.159,RL_out-of-scanner,2024.2.4,59.86715476169726,2025-05-16 13h25.23.183743 -0700,
15,0,15,space,9.677038700086996,None,5,3.215275499969721,None,74.35884090000764,k,0.5523572000674903,None,None,74.94085459993221,74.94105299981311,75.93985189986415,75.93989949999377,76.95493080001324,76.95495919999667,78.96969159995206,,,,,,,2,0,2,0,15,0,15,0,876.2036406998523,,,,,,,,,,,,,,,,,,,,,,,,,,,,,,74.35884090000764,876.1886702999473,876.2036406998523,876.2036406998523,876.2036406998523,876.2036406998523,876.7705929998774,k,0.5523572000674903,None,right,1,11,9,6,86,9,None,74.94085459993221,74.94105299981311,876.7708612999413,876.7863555999938,876.7863555999938,877.7859120999929,877.7859120999929,877.7695786999539,75.93985189986415,75.93989949999377,877.7764184998814,877.7859120999929,877.7859120999929,878.7846992998384,stimuli/box_coin_transparent.png,76.95493080001324,76.95495919999667,878.7847709998023,878.800811199937,880.8164136998821,880.7994675999507,78.96969159995206,,,,,,,,,,,,,,917653,right,no,None,2025-05-16_13h25.05.159,RL_out-of-scanner,2024.2.4,59.86715476169726,2025-05-16 13h25.23.183743 -0700,
16,0,16,space,9.677038700086996,None,5,3.215275499969721,None,78.97137039992958,k,0.36399790016002953,None,None,79.35418399982154,79.35436759982258,81.36842969991267,81.36846249992959,82.38372519984841,82.38376079988666,83.39942799997516,,,,,,,2,0,2,0,16,0,16,0,880.8164136998821,,,,,,,,,,,,,,,,,,,,,,,,,,,,,,78.97137039992958,880.8011825999711,880.8164136998821,880.8164136998821,880.8164136998821,880.8164136998821,881.1839254999068,k,0.36399790016002953,None,right,1,11,10,6,87,10,None,79.35418399982154,79.35436759982258,881.1841746999417,881.1993083998095,881.1993083998095,883.2146926999558,883.2146926999558,883.1981799998321,81.36842969991267,81.36846249992959,883.2052305999678,883.2146926999558,883.2146926999558,884.213498499943,stimuli/box_coin_transparent.png,82.38372519984841,82.38376079988666,884.2135899998248,884.2301278999075,885.2458987999707,885.2292045999784,83.39942799997516,,,,,,,,,,,,,,917653,right,no,None,2025-05-16_13h25.05.159,RL_out-of-scanner,2024.2.4,59.86715476169726,2025-05-16 13h25.23.183743 -0700,
17,0,17,space,9.677038700086996,None,5,3.215275499969721,None,83.40100369998254,k,0.40847510006278753,None,None,83.83411709987558,83.83430269989185,84.83281179983169,84.83283809991553,85.84822479984723,85.84826879994944,86.84701309981756,,,,,,,2,0,2,0,17,0,17,0,885.2458987999707,,,,,,,,,,,,,,,,,,,,,,,,,,,,,,83.40100369998254,885.2308143000118,885.2458987999707,885.2458987999707,885.2458987999707,885.2458987999707,885.6638578998391,k,0.40847510006278753,None,right,1,11,11,6,88,11,None,83.83411709987558,83.83430269989185,885.6641098998953,885.6787442998029,885.6787442998029,886.6790302000009,886.6790302000009,886.6625719999429,84.83281179983169,84.83283809991553,886.6692284999881,886.6790302000009,886.6790302000009,887.6779799999204,stimuli/box_coin_transparent.png,85.84822479984723,85.84826879994944,887.6780959998723,887.6936347999144,888.6935366999824,888.6767719998024,86.84701309981756,,,,,,,,,,,,,,917653,right,no,None,2025-05-16_13h25.05.159,RL_out-of-scanner,2024.2.4,59.86715476169726,2025-05-16 13h25.23.183743 -0700,
18,0,18,space,9.677038700086996,None,5,3.215275499969721,None,86.84855320001952,k,0.44774270011112094,None,None,87.31450339988805,87.31469070003368,90.82797939982265,90.8280452999752,91.82696480001323,91.82698729983531,93.84153730003163,,,,,,,2,0,2,0,18,0,18,0,888.6935366999824,,,,,,,,,,,,,,,,,,,,,,,,,,,,,,86.84855320001952,888.6783646999393,888.6935366999824,888.6935366999824,888.6935366999824,888.6935366999824,889.14424399985,k,0.44774270011112094,None,left,1,12,0,7,88,11,None,87.31450339988805,87.31469070003368,889.1444982998073,889.159704499878,889.159704499878,892.6739605998155,892.6739605998155,892.657688899897,90.82797939982265,90.8280452999752,892.6635474998038,892.6739605998155,892.6739605998155,893.6567389999982,stimuli/box_empty_transparent.png,91.82696480001323,91.82698729983531,893.6567961999681,893.6722167998087,895.6876131999306,895.6713047998492,93.84153730003163,893.6722167998087,893.6722167998087,,,,,,,,,,,,917653,right,no,None,2025-05-16_13h25.05.159,RL_out-of-scanner,2024.2.4,59.86715476169726,2025-05-16 13h25.23.183743 -0700,
19,0,19,space,9.677038700086996,None,5,3.215275499969721,None,93.84263519989327,k,0.3394237000029534,None,None,94.2089793998748,94.20917259994894,95.20800659991801,95.20803359989077,96.22293779999018,96.22298359987326,97.73816149984486,,,,,,,2,0,2,0,19,0,19,0,895.6876131999306,,,,,,,,,,,,,,,,,,,,,,,,,,,,,,93.84263519989327,895.6724468998145,895.6876131999306,895.6876131999306,895.6876131999306,895.6876131999306,896.0387144999113,k,0.3394237000029534,None,left,1,12,0,7,88,11,None,94.2089793998748,94.20917259994894,896.038982299855,896.0542106998619,896.0542106998619,897.0538550999481,897.0538550999481,897.0377660000231,95.20800659991801,95.20803359989077,897.043421600014,897.0538550999481,897.0538550999481,898.0526910999324,stimuli/box_empty_transparent.png,96.22293779999018,96.22298359987326,898.0528148999438,898.0688557999674,899.5844983998686,899.5679266999941,97.73816149984486,,,,,,,,,,,,,,917653,right,no,None,2025-05-16_13h25.05.159,RL_out-of-scanner,2024.2.4,59.86715476169726,2025-05-16 13h25.23.183743 -0700,
20,0,20,space,9.677038700086996,None,5,3.215275499969721,None,97.73927849996835,k,0.36552989995107055,None,None,98.12274519982748,98.12304119998589,100.1369771999307,100.13703339989297,101.15250890003517,101.15255460003391,103.16727419989184,,,,,,,2,0,2,0,20,0,20,0,899.5844983998686,,,,,,,,,,,,,,,,,,,,,,,,,,,,,,97.73927849996835,899.5690885998774,899.5844983998686,899.5844983998686,899.5844983998686,899.5844983998686,899.9524582999293,k,0.36552989995107055,None,left,1,12,0,7,88,11,None,98.12274519982748,98.12304119998589,899.9528623998631,899.9679241999984,899.9679241999984,901.9829187998548,901.9829187998548,901.9666981999762,100.1369771999307,100.13703339989297,901.9724216000177,901.9829187998548,901.9829187998548,902.9822632998694,stimuli/box_empty_transparent.png,101.15250890003517,101.15255460003391,902.9823880998883,902.9979511999991,905.0135429999791,904.9970515000168,103.16727419989184,,,,,,,,,,,,,,917653,right,no,None,2025-05-16_13h25.05.159,RL_out-of-scanner,2024.2.4,59.86715476169726,2025-05-16 13h25.23.183743 -0700,
21,0,21,space,9.677038700086996,None,5,3.215275499969721,None,103.1682946998626,k,0.3910380001179874,None,None,103.58449549996294,103.58468989981338,106.59862599987537,106.59869210002944,107.59825409995392,107.59827809990384,109.11277180002071,,,,,,,2,0,2,0,21,0,21,0,905.0135429999791,,,,,,,,,,,,,,,,,,,,,,,,,,,,,,103.1682946998626,904.9981066999026,905.0135429999791,905.0135429999791,905.0135429999791,905.0135429999791,905.4142310998868,k,0.3910380001179874,None,left,1,12,0,7,88,11,None,103.58449549996294,103.58468989981338,905.4144993999507,905.430185199948,905.430185199948,908.4448516999837,908.4448516999837,908.4283288000152,106.59862599987537,106.59869210002944,908.4341621999629,908.4448516999837,908.4448516999837,909.4280280999374,stimuli/box_empty_transparent.png,107.59825409995392,107.59827809990384,909.4280860999133,909.4428385999054,910.9588241998572,910.9425484999083,109.11277180002071,909.4428385999054,909.4428385999054,,,,,,,,,,,,917653,right,no,None,2025-05-16_13h25.05.159,RL_out-of-scanner,2024.2.4,59.86715476169726,2025-05-16 13h25.23.183743 -0700,
22,0,22,space,9.677038700086996,None,5,3.215275499969721,None,109.11385719990358,j,0.4553823999594897,None,None,109.59600479993969,109.59621809981763,111.11166849988513,111.11169639998116,112.12713259994052,112.12717629992403,114.14222829998471,,,,,,,2,0,2,0,22,0,22,0,910.9588241998572,,,,,,,,,,,,,,,,,,,,,,,,,,,,,,109.11385719990358,910.9436690998264,910.9588241998572,910.9588241998572,910.9588241998572,910.9588241998572,911.425744399894,j,0.4553823999594897,None,left,1,12,1,7,89,12,None,109.59600479993969,109.59621809981763,911.4260270998348,911.4420141000301,911.4420141000301,912.9576597998384,912.9576597998384,912.9414282999933,111.11166849988513,111.11169639998116,912.9481756999157,912.9576597998384,912.9576597998384,913.9568882000167,stimuli/box_coin_transparent.png,112.12713259994052,112.12717629992403,913.9570036998484,913.9725489998236,915.9881619999651,915.971982399933,114.14222829998471,,,,,,,,,,,,,,917653,right,no,None,2025-05-16_13h25.05.159,RL_out-of-scanner,2024.2.4,59.86715476169726,2025-05-16 13h25.23.183743 -0700,
23,0,23,space,9.677038700086996,None,5,3.215275499969721,None,114.1435270998627,j,1.296076999977231,None,['j'],115.45831199991517,115.4585304998327,116.9737976999022,116.9738543999847,117.98880399996415,117.98884749994613,119.48801440000534,[0.5165246999822557],[0.17146280012093484],,,,,2,0,2,0,23,0,23,0,915.9881619999651,,,,,,,,,,,,,,,,,,,,,,,,,,,,,,114.1435270998627,915.9733384000137,915.9881619999651,915.9881619999651,915.9881619999651,915.9881619999651,917.2880224999972,j,1.296076999977231,None,left,1,12,2,7,90,13,['j'],115.45831199991517,115.4585304998327,917.28833999997,917.30400429992,917.30400429992,918.8204995999113,918.8204995999113,918.8035195998382,116.9737976999022,116.9738543999847,918.810351099819,918.8204995999113,918.8204995999113,919.8185574000236,stimuli/box_coin_transparent.png,117.98880399996415,117.98884749994613,919.8186733999755,919.8346310998313,921.3339434999507,921.3177912000101,119.48801440000534,,,[0.5165246999822557],[0.17146280012093484],,,,,,,,,,917653,right,no,None,2025-05-16_13h25.05.159,RL_out-of-scanner,2024.2.4,59.86715476169726,2025-05-16 13h25.23.183743 -0700,
24,0,24,space,9.677038700086996,None,5,3.215275499969721,None,119.4894604999572,j,0.683671599952504,None,None,120.20482949982397,120.20504989987239,122.21953879995272,122.21957909991033,123.23487539985217,123.2349195999559,124.75055320002139,,,,,,,2,0,2,0,24,0,24,0,921.3339434999507,,,,,,,,,,,,,,,,,,,,,,,,,,,,,,119.4894604999572,921.3192920999136,921.3339434999507,921.3339434999507,921.3339434999507,921.3339434999507,922.0345657998696,j,0.683671599952504,None,left,0,12,2,7,91,13,None,120.20482949982397,120.20504989987239,922.0348600998987,922.0501862999517,922.0501862999517,924.0656176998746,924.0656176998746,924.0492796998005,122.21953879995272,122.21957909991033,924.0558785998728,924.0656176998746,924.0656176998746,925.064632399939,stimuli/box_empty_transparent.png,123.23487539985217,123.2349195999559,925.0647481998894,925.080460799858,926.5964627999347,926.5803093998693,124.75055320002139,,,,,,,,,,,,,,917653,right,no,None,2025-05-16_13h25.05.159,RL_out-of-scanner,2024.2.4,59.86715476169726,2025-05-16 13h25.23.183743 -0700,
25,0,25,space,9.677038700086996,None,5,3.215275499969721,None,124.75182649982162,j,1.0781886000186205,None,None,125.85048999986611,125.85072369989939,126.84917639987543,126.8492028999608,127.86444709985517,127.86449439986609,131.37860840000212,,,,,,,2,0,2,0,25,0,25,0,926.5964627999347,,,,,,,,,,,,,,,,,,,,,,,,,,,,,,124.75182649982162,926.5816390998662,926.5964627999347,926.5964627999347,926.5964627999347,926.5964627999347,927.680219899863,j,1.0781886000186205,None,left,0,12,2,7,92,13,None,125.85048999986611,125.85072369989939,927.6805359998252,927.6956174999941,927.6956174999941,928.6955239998642,928.6955239998642,928.6789381999988,126.84917639987543,126.8492028999608,928.6845239999238,928.6955239998642,928.6955239998642,929.6942025998142,stimuli/box_empty_transparent.png,127.86444709985517,127.86449439986609,929.6943959000055,929.7102361000143,933.224312499864,933.2083515999839,131.37860840000212,,,,,,,,,,,,,,917653,right,no,None,2025-05-16_13h25.05.159,RL_out-of-scanner,2024.2.4,59.86715476169726,2025-05-16 13h25.23.183743 -0700,
26,0,26,space,9.677038700086996,None,5,3.215275499969721,None,131.37995189987123,j,0.40573869994841516,None,None,131.81230759993196,131.8125189000275,132.31136379996315,132.31141770002432,133.3265591999516,133.32660329993814,136.84080679994076,,,,,,,2,0,2,0,26,0,26,0,933.224312499864,,,,,,,,,,,,,,,,,,,,,,,,,,,,,,131.37995189987123,933.2097665998153,933.224312499864,933.224312499864,933.224312499864,933.224312499864,933.6420534998178,j,0.40573869994841516,None,left,1,12,3,7,93,14,None,131.81230759993196,131.8125189000275,933.6423253999092,933.657934699906,933.657934699906,934.157484699972,934.157484699972,934.1410892999265,132.31136379996315,132.31141770002432,934.14808980003,934.157484699972,934.157484699972,935.1563148000278,stimuli/box_coin_transparent.png,133.3265591999516,133.32660329993814,935.156430099858,935.1725831998046,938.6868753999006,938.6705825999379,136.84080679994076,,,,,,,,,,,,,,917653,right,no,None,2025-05-16_13h25.05.159,RL_out-of-scanner,2024.2.4,59.86715476169726,2025-05-16 13h25.23.183743 -0700,
27,0,27,space,9.677038700086996,None,5,3.215275499969721,None,136.84233879996464,j,0.3434473001398146,None,None,137.20793539984152,137.2081496999599,138.7233575999271,138.7233833000064,139.72242629993707,139.72244849987328,140.72071089991368,,,,,,,2,0,2,0,27,0,27,0,938.6868753999006,,,,,,,,,,,,,,,,,,,,,,,,,,,,,,136.84233879996464,938.6721679000184,938.6868753999006,938.6868753999006,938.6868753999006,938.6868753999006,939.0376771998126,j,0.3434473001398146,None,left,1,12,4,7,94,15,None,137.20793539984152,137.2081496999599,939.0379575998522,939.0534246999305,939.0534246999305,940.5688959998079,940.5688959998079,940.5531191998161,138.7233575999271,138.7233833000064,940.5603320999071,940.5688959998079,940.5688959998079,941.5522022999357,stimuli/box_coin_transparent.png,139.72242629993707,139.72244849987328,941.5522557999939,941.5674219999928,942.5673408999573,942.5504657998681,140.72071089991368,941.5674219999928,941.5674219999928,,,,,,,,,,,,917653,right,no,None,2025-05-16_13h25.05.159,RL_out-of-scanner,2024.2.4,59.86715476169726,2025-05-16 13h25.23.183743 -0700,
28,0,28,space,9.677038700086996,None,5,3.215275499969721,None,140.721846899949,j,0.4665665999054909,None,None,141.22157619986683,141.22201579995453,142.22008929983713,142.22011609980837,143.23566829995252,143.2357350999955,146.74973949999548,,,,,,,2,0,2,0,28,0,28,0,942.5673408999573,,,,,,,,,,,,,,,,,,,,,,,,,,,,,,140.721846899949,942.5516556999646,942.5673408999573,942.5673408999573,942.5673408999573,942.5673408999573,943.0512653000187,j,0.4665665999054909,None,left,1,12,5,7,95,16,None,141.22157619986683,141.22201579995453,943.0518272998743,943.0664017000236,943.0664017000236,944.0664554999676,944.0664554999676,944.0498442000244,142.22008929983713,142.22011609980837,944.0567031998653,944.0664554999676,944.0664554999676,945.0654082000256,stimuli/box_coin_transparent.png,143.23566829995252,143.2357350999955,945.0656003998592,945.0815690997988,948.5954608998727,948.5794992998708,146.74973949999548,,,,,,,,,,,,,,917653,right,no,None,2025-05-16_13h25.05.159,RL_out-of-scanner,2024.2.4,59.86715476169726,2025-05-16 13h25.23.183743 -0700,
29,0,29,space,9.677038700086996,None,5,3.215275499969721,None,146.75085760001093,j,0.3807772998698056,None,None,147.1500231998507,147.15024350001477,149.1645514999982,149.1645777998492,150.1801699998323,150.1802165999543,151.17939499998465,,,,,,,2,0,2,0,29,0,29,0,948.5954608998727,,,,,,,,,,,,,,,,,,,,,,,,,,,,,,146.75085760001093,948.5806695998181,948.5954608998727,948.5954608998727,948.5954608998727,948.5954608998727,948.9797553999815,j,0.3807772998698056,None,left,1,12,6,7,96,17,None,147.1500231998507,147.15024350001477,948.9800531999208,948.9952993998304,948.9952993998304,951.0110317999497,951.0110317999497,950.9943130998872,149.1645514999982,149.1645777998492,951.001070600003,951.0110317999497,951.0110317999497,952.0099255999085,stimuli/box_coin_transparent.png,150.1801699998323,150.1802165999543,952.0100489999168,952.0259802998044,953.0252941998187,953.0091698998585,151.17939499998465,,,,,,,,,,,,,,917653,right,no,None,2025-05-16_13h25.05.159,RL_out-of-scanner,2024.2.4,59.86715476169726,2025-05-16 13h25.23.183743 -0700,
30,0,30,space,9.677038700086996,None,5,3.215275499969721,None,151.18034540000372,j,0.40350709995254874,None,None,151.61288559995592,151.61312350002117,152.61155749997124,152.61158309993334,153.62697550002486,153.62701889988966,154.6266203999985,,,,,,,2,0,2,0,30,0,30,0,953.0252941998187,,,,,,,,,,,,,,,,,,,,,,,,,,,,,,151.18034540000372,953.0101564999204,953.0252941998187,953.0252941998187,953.0252941998187,953.0252941998187,953.4426088000182,j,0.40350709995254874,None,left,1,12,7,7,97,18,None,151.61288559995592,151.61312350002117,953.4429360998329,953.4584166998975,953.4584166998975,954.4587278999388,954.4587278999388,954.4413180998527,152.61155749997124,152.61158309993334,954.4480608999729,954.4587278999388,954.4587278999388,955.4567336000036,stimuli/box_coin_transparent.png,153.62697550002486,153.62701889988966,955.4568456998095,955.4728381999303,956.4725164999254,956.4563803998753,154.6266203999985,,,,,,,,,,,,,,917653,right,no,None,2025-05-16_13h25.05.159,RL_out-of-scanner,2024.2.4,59.86715476169726,2025-05-16 13h25.23.183743 -0700,
31,0,31,space,9.677038700086996,None,5,3.215275499969721,None,154.62779219984077,j,0.30153419985435903,None,None,154.96044699987397,154.96070209983736,157.97433599992655,157.9743919998873,158.97354869986884,158.97357059991919,161.4881688999012,,,,,,,2,0,2,0,31,0,31,0,956.4725164999254,,,,,,,,,,,,,,,,,,,,,,,,,,,,,,154.62779219984077,956.4576007998548,956.4725164999254,956.4725164999254,956.4725164999254,956.4725164999254,956.7901846999303,j,0.30153419985435903,None,left,0,12,7,7,98,18,None,154.96044699987397,154.96070209983736,956.790533100022,956.805915299803,956.805915299803,959.8201539998408,959.8201539998408,959.8040555999614,157.97433599992655,157.9743919998873,959.810060699936,959.8201539998408,959.8201539998408,960.8033239999786,stimuli/box_empty_transparent.png,158.97354869986884,158.97357059991919,960.8033765999135,960.8191334998701,963.3336051998194,963.3179261998739,161.4881688999012,960.8191334998701,960.8191334998701,,,,,,,,,,,,917653,right,no,None,2025-05-16_13h25.05.159,RL_out-of-scanner,2024.2.4,59.86715476169726,2025-05-16 13h25.23.183743 -0700,
32,0,32,space,9.677038700086996,None,5,3.215275499969721,None,161.48941579996608,k,0.7306536000687629,None,None,162.2380029000342,162.23819629987702,163.23702130001038,163.23704879987054,164.2521546999924,164.25220009987243,165.25122360000387,,,,,,,2,0,2,0,32,0,32,0,963.3336051998194,,,,,,,,,,,,,,,,,,,,,,,,,,,,,,161.48941579996608,963.319227,963.3336051998194,963.3336051998194,963.3336051998194,963.3336051998194,964.0677427998744,k,0.7306536000687629,None,left,0,12,7,7,98,18,None,162.2380029000342,162.23819629987702,964.0680037999991,964.083305799868,964.083305799868,965.0830409999471,965.0830409999471,965.0667795999907,163.23702130001038,163.23704879987054,965.0723399999551,965.0830409999471,965.0830409999471,966.0819105999544,stimuli/box_empty_transparent.png,164.2521546999924,164.25220009987243,966.0820310998242,966.0974938999861,967.097439999925,967.0809831998777,165.25122360000387,,,,,,,,,,,,,,917653,right,no,None,2025-05-16_13h25.05.159,RL_out-of-scanner,2024.2.4,59.86715476169726,2025-05-16 13h25.23.183743 -0700,
33,0,33,space,9.677038700086996,None,5,3.215275499969721,None,165.2524659000337,k,1.063340299995616,None,['k'],166.3344584000297,166.33466139994562,168.34959320002235,168.34964729985222,169.34894149983302,169.34896439989097,170.8637510999106,[0.39987199986353517],[0.1994796001818031],,,,,2,0,2,0,33,0,33,0,967.097439999925,,,,,,,,,,,,,,,,,,,,,,,,,,,,,,165.2524659000337,967.0822789999656,967.097439999925,967.097439999925,967.097439999925,967.097439999925,968.1641547000036,k,1.063340299995616,None,left,0,12,7,7,98,18,['k'],166.3344584000297,166.33466139994562,968.1644725999795,968.1800493998453,968.1800493998453,970.1953205999453,970.1953205999453,970.1793058998883,168.34959320002235,168.34964729985222,970.185028999811,970.1953205999453,970.1953205999453,971.1787137999199,stimuli/box_empty_transparent.png,169.34894149983302,169.34896439989097,971.1787695998792,971.1939705000259,972.7097922998946,972.6935276999138,170.8637510999106,971.1939705000259,971.1939705000259,[0.39987199986353517],[0.1994796001818031],,,,,,,,,,917653,right,no,None,2025-05-16_13h25.05.159,RL_out-of-scanner,2024.2.4,59.86715476169726,2025-05-16 13h25.23.183743 -0700,
34,0,34,space,9.677038700086996,None,5,3.215275499969721,None,170.86507559986785,j,0.3420170999597758,None,None,171.23127729981206,171.23149309982546,174.244398499839,174.24442319991067,175.25986510002986,175.25990949990228,177.774809199851,,,,,,,2,0,2,0,34,0,34,0,972.7097922998946,,,,,,,,,,,,,,,,,,,,,,,,,,,,,,170.86507559986785,972.6949050999247,972.7097922998946,972.7097922998946,972.7097922998946,972.7097922998946,973.0610177998897,j,0.3420170999597758,None,left,1,12,8,7,99,19,None,171.23127729981206,171.23149309982546,973.0612990998197,973.0760802000295,973.0760802000295,976.0908369999379,976.0908369999379,976.0741613998543,174.244398499839,174.24442319991067,976.0808517998084,976.0908369999379,976.0908369999379,977.0896214998793,stimuli/box_coin_transparent.png,175.25986510002986,175.25990949990228,977.0897364998236,977.1057431998197,979.6207552999258,979.6045658998191,177.774809199851,,,,,,,,,,,,,,917653,right,no,None,2025-05-16_13h25.05.159,RL_out-of-scanner,2024.2.4,59.86715476169726,2025-05-16 13h25.23.183743 -0700,
35,0,35,space,9.677038700086996,None,5,3.215275499969721,None,177.77607010002248,j,0.36805430008098483,None,None,178.1755361999385,178.17575589986518,179.67374280001968,179.67376979999244,180.68875069986098,180.68879469996318,181.68833679985255,,,,,,,2,0,2,0,35,0,35,0,979.6207552999258,,,,,,,,,,,,,,,,,,,,,,,,,,,,,,177.77607010002248,979.6058827999514,979.6207552999258,979.6207552999258,979.6207552999258,979.6207552999258,980.0052761000115,j,0.36805430008098483,None,left,1,12,9,7,100,20,None,178.1755361999385,178.17575589986518,980.0055635999888,980.0204052999616,980.0204052999616,981.5199795998633,981.5199795998633,981.5035037999041,179.67374280001968,179.67376979999244,981.5102177998051,981.5199795998633,981.5199795998633,982.5185079998337,stimuli/box_coin_transparent.png,180.68875069986098,180.68879469996318,982.5186238999013,982.5346103999764,983.5343593999278,983.5180952998344,181.68833679985255,,,,,,,,,,,,,,917653,right,no,None,2025-05-16_13h25.05.159,RL_out-of-scanner,2024.2.4,59.86715476169726,2025-05-16 13h25.23.183743 -0700,
36,0,36,space,9.677038700086996,None,5,3.215275499969721,None,181.69000199995935,j,0.3706783999223262,None,None,182.08896449999884,182.08917870000005,183.60360189992934,183.60363009991124,184.60319059994072,184.6032397998497,188.11624250002205,,,,,,,2,0,2,0,36,0,36,0,983.5343593999278,,,,,,,,,,,,,,,,,,,,,,,,,,,,,,181.69000199995935,983.5198292999994,983.5343593999278,983.5343593999278,983.5343593999278,983.5343593999278,983.9187056999654,j,0.3706783999223262,None,left,0,12,9,7,101,20,None,182.08896449999884,182.08917870000005,983.9189867998939,983.9339267998002,983.9339267998002,985.449816999957,985.449816999957,985.4333613999188,183.60360189992934,183.60363009991124,985.4395820000209,985.449816999957,985.449816999957,986.4329436998814,stimuli/box_empty_transparent.png,184.60319059994072,184.6032397998497,986.4330533999018,986.4483582999092,989.9625263998751,989.9460191999096,188.11624250002205,986.4483582999092,986.4483582999092,,,,,,,,,,,,917653,right,no,None,2025-05-16_13h25.05.159,RL_out-of-scanner,2024.2.4,59.86715476169726,2025-05-16 13h25.23.183743 -0700,
37,0,37,space,9.677038700086996,None,5,3.215275499969721,None,188.11728479992598,j,0.34481509984470904,None,None,188.48393889982253,188.48414870002307,190.49815619993024,190.49818410002626,191.49774729995988,191.49776929989457,192.51260189991444,,,,,,,2,0,2,0,37,0,37,0,989.9625263998751,,,,,,,,,,,,,,,,,,,,,,,,,,,,,,188.11728479992598,989.9470960998442,989.9625263998751,989.9625263998751,989.9625263998751,989.9625263998751,990.3136872998439,j,0.34481509984470904,None,left,1,12,10,7,102,21,None,188.48393889982253,188.48414870002307,990.3139543998986,990.329137600027,990.329137600027,992.3444584999233,992.3444584999233,992.327914299909,190.49815619993024,190.49818410002626,992.3346988998819,992.3444584999233,992.3444584999233,993.3275224999525,stimuli/box_coin_transparent.png,191.49774729995988,191.49776929989457,993.3275750998873,993.3430839998182,994.35918449983,994.34237139998,192.51260189991444,993.3430839998182,993.3430839998182,,,,,,,,,,,,917653,right,no,None,2025-05-16_13h25.05.159,RL_out-of-scanner,2024.2.4,59.86715476169726,2025-05-16 13h25.23.183743 -0700,
38,0,38,space,9.677038700086996,None,5,3.215275499969721,None,192.5138500998728,j,1.1615176000632346,None,['j'],193.69659399986267,193.69680549995974,194.6948650998529,194.69488930003718,195.71051839995198,195.71056699985638,197.22517289989628,[0.43287070002406836],[0.2064877999946475],,,,,2,0,2,0,38,0,38,0,994.35918449983,,,,,,,,,,,,,,,,,,,,,,,,,,,,,,192.5138500998728,994.34366519982,994.35918449983,994.35918449983,994.35918449983,994.35918449983,995.5263094999827,j,1.1615176000632346,None,left,0,12,10,7,103,21,['j'],193.69659399986267,193.69680549995974,995.5266144999769,995.5411145999096,995.5411145999096,996.541286499938,996.541286499938,996.5246272999793,194.6948650998529,194.69488930003718,996.5302792999428,996.541286499938,996.541286499938,997.5402702998836,stimuli/box_empty_transparent.png,195.71051839995198,195.71056699985638,997.5404000999406,997.5560294999741,999.0719866999425,999.054949299898,197.22517289989628,,,[0.43287070002406836],[0.2064877999946475],,,,,,,,,,917653,right,no,None,2025-05-16_13h25.05.159,RL_out-of-scanner,2024.2.4,59.86715476169726,2025-05-16 13h25.23.183743 -0700,
39,0,39,space,9.677038700086996,None,5,3.215275499969721,None,197.22685620002449,j,0.39472989994101226,None,None,197.6434587999247,197.6437847998459,198.6416756999679,198.64170439983718,199.6571122999303,199.65715959994122,200.67286139982753,,,,,,,2,0,2,0,39,0,39,0,999.0719866999425,,,,,,,,,,,,,,,,,,,,,,,,,,,,,,197.22685620002449,999.0566649998073,999.0719866999425,999.0719866999425,999.0719866999425,999.0719866999425,999.4731881998014,j,0.39472989994101226,None,left,1,12,11,7,104,22,None,197.6434587999247,197.6437847998459,999.4736077999696,999.4883410998154,999.4883410998154,1000.4880637999158,1000.4880637999158,1000.4714342998341,198.6416756999679,198.64170439983718,1000.4781629999634,1000.4880637999158,1000.4880637999158,1001.4868689998984,stimuli/box_coin_transparent.png,199.6571122999303,199.65715959994122,1001.4869915000163,1001.5030831999611,1002.5193872000091,1002.5026339998003,200.67286139982753,,,,,,,,,,,,,,917653,right,no,None,2025-05-16_13h25.05.159,RL_out-of-scanner,2024.2.4,59.86715476169726,2025-05-16 13h25.23.183743 -0700,
40,0,40,space,9.677038700086996,None,5,3.215275499969721,None,200.67400959995575,j,0.3429690001066774,None,None,201.04062199988402,201.04087289981544,202.55523739987984,202.55526489997283,203.57093659997918,203.5709817998577,204.57013330003247,,,,,,,2,0,2,0,40,0,40,0,1002.5193872000091,,,,,,,,,,,,,,,,,,,,,,,,,,,,,,200.67400959995575,1002.5038230998907,1002.5193872000091,1002.5193872000091,1002.5193872000091,1002.5193872000091,1002.8703439999372,j,0.3429690001066774,None,left,1,12,12,7,105,23,None,201.04062199988402,201.04087289981544,1002.8706886998843,1002.8855828000233,1002.8855828000233,1004.4017093000002,1004.4017093000002,1004.3849978998769,202.55523739987984,202.55526489997283,1004.3916919999756,1004.4017093000002,1004.4017093000002,1005.4006937998347,stimuli/box_coin_transparent.png,203.57093659997918,203.5709817998577,1005.4008106999099,1005.4166220999323,1006.4162530999165,1006.3999069998972,204.57013330003247,,,,,,,,,,,,,,917653,right,no,None,2025-05-16_13h25.05.159,RL_out-of-scanner,2024.2.4,59.86715476169726,2025-05-16 13h25.23.183743 -0700,
41,0,41,space,9.677038700086996,None,5,3.215275499969721,None,204.57129450002685,j,0.32925930013880134,None,None,204.920443699928,204.92069639987312,205.91953650000505,205.91959389997646,206.9187431000173,206.91876729996875,209.93174039991572,,,,,,,2,0,2,0,41,0,41,0,1006.4162530999165,,,,,,,,,,,,,,,,,,,,,,,,,,,,,,204.57129450002685,1006.4011037999298,1006.4162530999165,1006.4162530999165,1006.4162530999165,1006.4162530999165,1006.7501834998839,j,0.32925930013880134,None,right,1,8,0,8,105,23,None,204.920443699928,204.92069639987312,1006.7505250999238,1006.7659530998208,1006.7659530998208,1007.7654989999719,1007.7654989999719,1007.7492599999532,205.91953650000505,205.91959389997646,1007.755055599846,1007.7654989999719,1007.7654989999719,1008.7485162999947,stimuli/box_empty_transparent.png,206.9187431000173,206.91876729996875,1008.7485773998778,1008.7636568997987,1011.7786130998284,1011.7615172998048,209.93174039991572,1008.7636568997987,1008.7636568997987,,,,,,,,,,,,917653,right,no,None,2025-05-16_13h25.05.159,RL_out-of-scanner,2024.2.4,59.86715476169726,2025-05-16 13h25.23.183743 -0700,
42,0,42,space,9.677038700086996,None,5,3.215275499969721,None,209.93337009986863,j,0.3710094001144171,None,None,210.33304809988476,210.33326289989054,212.34763440000825,212.34768759994768,213.36275839991868,213.36280269990675,216.87725789984688,,,,,,,2,0,2,0,42,0,42,0,1011.7786130998284,,,,,,,,,,,,,,,,,,,,,,,,,,,,,,209.93337009986863,1011.7632092998829,1011.7786130998284,1011.7786130998284,1011.7786130998284,1011.7786130998284,1012.1627919999883,j,0.3710094001144171,None,right,1,8,0,8,105,23,None,210.33304809988476,210.33326289989054,1012.1630702000111,1012.1784031998832,1012.1784031998832,1014.1939961998723,1014.1939961998723,1014.1773593998514,212.34763440000825,212.34768759994768,1014.1833349999506,1014.1939961998723,1014.1939961998723,1015.1925138998777,stimuli/box_empty_transparent.png,213.36275839991868,213.36280269990675,1015.1926304998342,1015.208792099962,1018.7229118999094,1018.7070347999688,216.87725789984688,,,,,,,,,,,,,,917653,right,no,None,2025-05-16_13h25.05.159,RL_out-of-scanner,2024.2.4,59.86715476169726,2025-05-16 13h25.23.183743 -0700,
43,0,43,space,9.677038700086996,None,5,3.215275499969721,None,216.8786756999325,j,0.5053713000379503,None,None,217.41063509997912,217.41084929998033,218.40945829986595,218.4094873999711,219.42457069992088,219.42461729981005,221.43995249993168,,,,,,,2,0,2,0,43,0,43,0,1018.7229118999094,,,,,,,,,,,,,,,,,,,,,,,,,,,,,,216.8786756999325,1018.7085040998645,1018.7229118999094,1018.7229118999094,1018.7229118999094,1018.7229118999094,1019.2403769998346,j,0.5053713000379503,None,right,1,8,0,8,105,23,None,217.41063509997912,217.41084929998033,1019.2406573998742,1019.2561102998443,1019.2561102998443,1020.2556015998125,1020.2556015998125,1020.2392147998326,218.40945829986595,218.4094873999711,1020.2451406999025,1020.2556015998125,1020.2556015998125,1021.2543257998768,stimuli/box_empty_transparent.png,219.42457069992088,219.42461729981005,1021.2544501998927,1021.2704502998386,1023.2862344998866,1023.2697297998238,221.43995249993168,,,,,,,,,,,,,,917653,right,no,None,2025-05-16_13h25.05.159,RL_out-of-scanner,2024.2.4,59.86715476169726,2025-05-16 13h25.23.183743 -0700,
44,0,44,space,9.677038700086996,None,5,3.215275499969721,None,221.4409947998356,k,0.4463374998886138,None,None,221.90670779999346,221.90688729984686,224.42127719987184,224.42132369987667,225.42063810001127,225.4206620999612,227.43507449980825,,,,,,,2,0,2,0,44,0,44,0,1023.2862344998866,,,,,,,,,,,,,,,,,,,,,,,,,,,,,,221.4409947998356,1023.2708062999882,1023.2862344998866,1023.2862344998866,1023.2862344998866,1023.2862344998866,1023.7364450998139,k,0.4463374998886138,None,right,1,8,1,8,106,24,None,221.90670779999346,221.90688729984686,1023.7366921999492,1023.7522517999168,1023.7522517999168,1026.267453199951,1026.267453199951,1026.25100989989,224.42127719987184,224.42132369987667,1026.2578882998787,1026.267453199951,1026.267453199951,1027.2504118999932,stimuli/box_coin_transparent.png,225.42063810001127,225.4206620999612,1027.2504709998611,1027.2661407999694,1029.2810944998637,1029.2648395998403,227.43507449980825,1027.2661407999694,1027.2661407999694,,,,,,,,,,,,917653,right,no,None,2025-05-16_13h25.05.159,RL_out-of-scanner,2024.2.4,59.86715476169726,2025-05-16 13h25.23.183743 -0700,
45,0,45,space,9.677038700086996,None,5,3.215275499969721,None,227.43630719999783,k,0.4723547000903636,None,None,227.93582769995555,227.93601169995964,228.93461979995482,228.9346474998165,229.95005869981833,229.95010399981402,230.9490207999479,,,,,,,2,0,2,0,45,0,45,0,1029.2810944998637,,,,,,,,,,,,,,,,,,,,,,,,,,,,,,227.43630719999783,1029.2661206999328,1029.2810944998637,1029.2810944998637,1029.2810944998637,1029.2810944998637,1029.7655709998216,k,0.4723547000903636,None,right,1,8,2,8,107,25,None,227.93582769995555,227.93601169995964,1029.7658181998413,1029.7809170000255,1029.7809170000255,1030.7804485999513,1030.7804485999513,1030.7643792999443,228.93461979995482,228.9346474998165,1030.771028299816,1030.7804485999513,1030.7804485999513,1031.7798142000102,stimuli/box_coin_transparent.png,229.95005869981833,229.95010399981402,1031.779934399994,1031.795645999955,1032.795207799878,1032.7787788999267,230.9490207999479,,,,,,,,,,,,,,917653,right,no,None,2025-05-16_13h25.05.159,RL_out-of-scanner,2024.2.4,59.86715476169726,2025-05-16 13h25.23.183743 -0700,
46,0,46,space,9.677038700086996,None,5,3.215275499969721,None,230.95027709985152,k,1.0851525999605656,None,['k'],232.06601869990118,232.0662421998568,234.08036229992285,234.08038869989105,235.07941999984905,235.07944300002418,236.07850899989717,[0.38301469990983605],[0.14313869993202388],,,,,2,0,2,0,46,0,46,0,1032.795207799878,,,,,,,,,,,,,,,,,,,,,,,,,,,,,,230.95027709985152,1032.7800910999067,1032.795207799878,1032.795207799878,1032.795207799878,1032.795207799878,1033.8957034000196,k,1.0851525999605656,None,right,1,8,3,8,108,26,['k'],232.06601869990118,232.0662421998568,1033.8960575999226,1033.9108660998754,1033.9108660998754,1035.9261898999102,1035.9261898999102,1035.910104099894,234.08036229992285,234.08038869989105,1035.9167785998434,1035.9261898999102,1035.9261898999102,1036.9091920999344,stimuli/box_coin_transparent.png,235.07941999984905,235.07944300002418,1036.9092488999013,1036.9245118999388,1037.9247623998672,1037.9082855999004,236.07850899989717,1036.9245118999388,1036.9245118999388,[0.38301469990983605],[0.14313869993202388],,,,,,,,,,917653,right,no,None,2025-05-16_13h25.05.159,RL_out-of-scanner,2024.2.4,59.86715476169726,2025-05-16 13h25.23.183743 -0700,
47,0,47,space,9.677038700086996,None,5,3.215275499969721,None,236.0799145998899,k,0.39512480003759265,None,None,236.49553439999,236.49572639982216,239.5091760000214,239.50920169986784,240.52461880003102,240.52466989983805,242.04009309993125,,,,,,,2,0,2,0,47,0,47,0,1037.9247623998672,,,,,,,,,,,,,,,,,,,,,,,,,,,,,,236.0799145998899,1037.909742699936,1037.9247623998672,1037.9247623998672,1037.9247623998672,1037.9247623998672,1038.3252721999306,k,0.39512480003759265,None,right,1,8,4,8,109,27,None,236.49553439999,236.49572639982216,1038.325534899952,1038.3407494998537,1038.3407494998537,1041.355608199956,1041.355608199956,1041.3389351998921,239.5091760000214,239.50920169986784,1041.3456329999026,1041.355608199956,1041.355608199956,1042.3543699998409,stimuli/box_coin_transparent.png,240.52461880003102,240.52466989983805,1042.3545021999162,1042.370554199908,1043.886213599937,1043.8698697998188,242.04009309993125,,,,,,,,,,,,,,917653,right,no,None,2025-05-16_13h25.05.159,RL_out-of-scanner,2024.2.4,59.86715476169726,2025-05-16 13h25.23.183743 -0700,
48,0,48,space,9.677038700086996,None,5,3.215275499969721,None,242.0413295000326,k,0.3955091000534594,None,None,242.45694229984656,242.4571346999146,243.97277310001664,243.97280359989963,244.97176659991965,244.97179059986956,248.48512229998596,,,,,,,2,0,2,0,48,0,48,0,1043.886213599937,,,,,,,,,,,,,,,,,,,,,,,,,,,,,,242.0413295000326,1043.871144699864,1043.886213599937,1043.886213599937,1043.886213599937,1043.886213599937,1044.28668010002,k,0.3955091000534594,None,right,1,8,5,8,110,28,None,242.45694229984656,242.4571346999146,1044.28694299981,1044.3028120999224,1044.3028120999224,1045.818326599896,1045.818326599896,1045.8025297999848,243.97277310001664,243.97280359989963,1045.8092618000228,1045.818326599896,1045.818326599896,1046.801540599903,stimuli/box_coin_transparent.png,244.97176659991965,244.97179059986956,1046.8015993998852,1046.816957899835,1050.33126310003,1050.3148821999785,248.48512229998596,1046.816957899835,1046.816957899835,,,,,,,,,,,,917653,right,no,None,2025-05-16_13h25.05.159,RL_out-of-scanner,2024.2.4,59.86715476169726,2025-05-16 13h25.23.183743 -0700,
49,0,49,space,9.677038700086996,None,5,3.215275499969721,None,248.48640579986386,k,0.5559410999994725,None,None,249.06896469998173,249.0691745998338,250.5674765999429,250.5675083999522,251.58211029996164,251.58215729985386,251.5826769999694,,,,,,,2,0,2,0,49,0,49,0,1050.33126310003,,,,,,,,,,,,,,,,,,,,,,,,,,,,,,248.48640579986386,1050.3162171998993,1050.33126310003,1050.33126310003,1050.33126310003,1050.33126310003,1050.8986951999832,k,0.5559410999994725,None,right,0,8,5,8,111,28,None,249.06896469998173,249.0691745998338,1050.8989865998738,1050.9139423999004,1050.9139423999004,1052.4132726998068,1052.4132726998068,1052.397228699876,250.5674765999429,250.5675083999522,1052.4029635998886,1052.4132726998068,1052.4132726998068,1053.4118633999024,stimuli/box_empty_transparent.png,251.58211029996164,251.58215729985386,1053.4119849000126,1053.4282052000053,1053.4282052000053,1053.4124569999985,251.5826769999694,,,,,,,,,,,,,,917653,right,no,None,2025-05-16_13h25.05.159,RL_out-of-scanner,2024.2.4,59.86715476169726,2025-05-16 13h25.23.183743 -0700,
2,0,2,space,9.677038700086996,None,5,3.215275499969721,None,,,,,,,,,,,,,,,,,,,2,0,2,0,,,,,,,,,,,,,,,,,,,,,,,,,,,,,,,,,,,,,,,,,,,,,,,,,,,,,,,,,,,,,,,,,,,,,,,,,,,,,,,1053.4197113998234,1053.4282052000053,1057.4251823998056,1057.4252586998045,1057.4421889998484,1106.5860958998092,1106.569957499858,,,917653,right,no,None,2025-05-16_13h25.05.159,RL_out-of-scanner,2024.2.4,59.86715476169726,2025-05-16 13h25.23.183743 -0700,
,,,,,,,,,,,,,,,,,,,,,,,,,,,,,,,,,,,,,,,,,,,,,,,,,,,,,,,,,,,,,,,,,,,,,,,,,,,,,,,,,,,,,,,,,,,,,,,,,,,,,,,,,,,,,,,,,,,,1106.5701274999883,1106.5704634999856,917653,right,no,None,2025-05-16_13h25.05.159,RL_out-of-scanner,2024.2.4,59.86715476169726,2025-05-16 13h25.23.183743 -0700,
