thisN,thisTrialN,thisRepN,advance_press.keys,advance_press.rt,advance_press.duration,trigger_value.keys,trigger_value.rt,trigger_value.duration,cueOnTime,cue_resp.keys,cue_resp.rt,cue_resp.duration,all_keys.keys,cueOffTime,cueRespOnTime,cueRespOffTime,outcomeOnTime,outcomeOffTime,fixOnTime,fixOffTime,all_keys.rt,all_keys.duration,practice_loop.thisRepN,practice_loop.thisTrialN,practice_loop.thisN,practice_loop.thisIndex,runs.thisRepN,runs.thisTrialN,runs.thisN,runs.thisIndex,trials.thisRepN,trials.thisTrialN,trials.thisN,trials.thisIndex,thisRow.t,notes,prac_dir.started,welcome_text.started,advance_press_pd.started,prac_dir.stopped,advance_press_pd.keys,advance_press_pd.rt,advance_press_pd.duration,summary_instructions.started,summary_text.started,advance_to_runs.started,summary_instructions.stopped,advance_to_runs.keys,advance_to_runs.rt,advance_to_runs.duration,get_ready.started,get_ready_text.started,advance_press.started,get_ready.stopped,runs.advance_press.keys,runs.advance_press.rt,runs.advance_press.duration,scanner_trigger.started,scanner_text.started,trigger_value.started,scanner_trigger.stopped,runs.trigger_value.keys,runs.trigger_value.rt,runs.trigger_value.duration,trials.cueOnTime,cue.started,left_box.started,right_box.started,cue_resp.started,all_keys.started,cue.stopped,trials.cue_resp.keys,trials.cue_resp.rt,trials.cue_resp.duration,good_side,probability_sequence_value,magic_number,num_rewarded,num_switch,total_correct,num_gold_coins,trials.all_keys.keys,trials.cueOffTime,trials.cueRespOnTime,cue_response.started,left_box_response.started,right_box_response.started,left_box_response.stopped,right_box_response.stopped,cue_response.stopped,trials.cueRespOffTime,trials.outcomeOnTime,outcome.started,outcome_left_box.started,outcome_right_box.started,outcome.stopped,outcome_image,trials.outcomeOffTime,trials.fixOnTime,fixation.started,fixation_cross.started,fixation_cross.stopped,fixation.stopped,trials.fixOffTime,outcome_left_box.stopped,outcome_right_box.stopped,trials.all_keys.rt,trials.all_keys.duration,run_feedback.started,coins_won_text.started,run_feedback.stopped,leftover_time_break.started,fixation_end.started,fixation_end.stopped,leftover_time_break.stopped,end_exp.started,end_exp.stopped,participant,handedness,practice,restart_from_run,date,expName,psychopyVersion,frameRate,expStart,
,,,,,,,,,,,,,,,,,,,,,,,,,,,,,,,,,,,,,0.02178250008728355,0.02655500010587275,0.02655500010587275,61.125916200107895,j,61.094746300019324,None,,,,,,,,,,,,,,,,,,,,,,,,,,,,,,,,,,,,,,,,,,,,,,,,,,,,,,,,,,,,,,,,,,,,,,,,,,,802294,right,no,None,2025-05-08_12h34.49.423,RL_out-of-scanner,2024.2.4,60.45726246389446,2025-05-08 12h35.19.120077 -0700,
,,,,,,,,,,,,,,,,,,,,,,,,,,,,,,,,,,,,,,,,,,,,61.12613930006046,61.1394209000282,61.1394209000282,97.42794950003736,j,36.28107660007663,None,,,,,,,,,,,,,,,,,,,,,,,,,,,,,,,,,,,,,,,,,,,,,,,,,,,,,,,,,,,,,,,,,,,,802294,right,no,None,2025-05-08_12h34.49.423,RL_out-of-scanner,2024.2.4,60.45726246389446,2025-05-08 12h35.19.120077 -0700,
0,0,0,space,21.196120899985544,None,5,0.7696290999883786,None,0.0017852000892162323,j,0.7478828000603244,None,None,0.766879600007087,0.7671141000464559,1.7655229000374675,1.765550100011751,2.781291300081648,2.7813272000057623,4.795707900077105,,,,,,,0,0,0,0,0,0,0,0,119.45978710008785,,,,,,,,,,,,,,,,97.42819890007377,97.44350050005596,97.44350050005596,118.64433000003919,space,21.196120899985544,None,118.64439370005857,118.65974380006082,118.65974380006082,119.44340290001128,5,0.7696290999883786,None,0.0017852000892162323,119.44527100003324,119.45978710008785,119.45978710008785,119.45978710008785,119.45978710008785,120.21026270010043,j,0.7478828000603244,None,right,0,8,0,0,0,0,None,0.766879600007087,0.7671141000464559,120.21058460010681,120.2258275001077,120.2258275001077,121.2257897000527,121.2257897000527,121.20894200005569,1.7655229000374675,1.765550100011751,121.21475240006112,121.2257897000527,121.2257897000527,122.22469960001763,stimuli/box_empty_transparent.png,2.781291300081648,2.7813272000057623,122.22478980000596,122.2404714000877,124.25620150007308,124.23914140008856,4.795707900077105,,,,,,,,,,,,,,802294,right,no,None,2025-05-08_12h34.49.423,RL_out-of-scanner,2024.2.4,60.45726246389446,2025-05-08 12h35.19.120077 -0700,
1,0,1,space,21.196120899985544,None,5,0.7696290999883786,None,4.797385200043209,k,0.3018243999686092,None,None,5.13010180008132,5.130292500020005,6.6449575000442564,6.644987500039861,7.660443100030534,7.660481100087054,9.175812800065614,,,,,,,0,0,0,0,1,0,1,0,124.25620150007308,,,,,,,,,,,,,,,,,,,,,,,,,,,,,,4.797385200043209,124.24085540010128,124.25620150007308,124.25620150007308,124.25620150007308,124.25620150007308,124.5734938000096,k,0.3018243999686092,None,right,1,8,1,0,1,1,None,5.13010180008132,5.130292500020005,124.57375810004305,124.58898030000273,124.58898030000273,126.1050090000499,126.1050090000499,126.08837430004496,6.6449575000442564,6.644987500039861,126.095247499994,126.1050090000499,126.1050090000499,127.10386230004951,stimuli/box_coin_transparent.png,7.660443100030534,7.660481100087054,127.1039586000843,127.12008870008867,128.63574810000136,128.61924640007783,9.175812800065614,,,,,,,,,,,,,,802294,right,no,None,2025-05-08_12h34.49.423,RL_out-of-scanner,2024.2.4,60.45726246389446,2025-05-08 12h35.19.120077 -0700,
2,0,2,space,21.196120899985544,None,5,0.7696290999883786,None,9.176914000068791,k,0.36328980000689626,None,None,9.559659300022759,9.559859700035304,10.558838700060733,10.558888700092211,11.573955900035799,11.573996000108309,14.587692200089805,,,,,,,0,0,0,0,2,0,2,0,128.63574810000136,,,,,,,,,,,,,,,,,,,,,,,,,,,,,,9.176914000068791,128.62038360000588,128.63574810000136,128.63574810000136,128.63574810000136,128.63574810000136,129.00304410001263,k,0.36328980000689626,None,right,1,8,2,0,2,2,None,9.559659300022759,9.559859700035304,129.003328800085,129.01869390008505,129.01869390008505,130.01857830001973,130.01857830001973,130.00223120010924,10.558838700060733,10.558888700092211,130.009475100087,130.01857830001973,130.01857830001973,131.01737410004716,stimuli/box_coin_transparent.png,11.573955900035799,11.573996000108309,131.0174780000234,131.03353940008674,134.0482235000236,134.03112470009364,14.587692200089805,,,,,,,,,,,,,,802294,right,no,None,2025-05-08_12h34.49.423,RL_out-of-scanner,2024.2.4,60.45726246389446,2025-05-08 12h35.19.120077 -0700,
3,0,3,space,21.196120899985544,None,5,0.7696290999883786,None,14.589182900032029,k,0.2591874999925494,None,None,14.872807100065984,14.872987700044177,16.88676970009692,16.886804100009613,17.902150600100867,17.902191700064577,18.90180520003196,,,,,,,0,0,0,0,3,0,3,0,134.0482235000236,,,,,,,,,,,,,,,,,,,,,,,,,,,,,,14.589182900032029,134.03265200008173,134.0482235000236,134.0482235000236,134.0482235000236,134.0482235000236,134.3162011000095,k,0.2591874999925494,None,right,1,8,3,0,3,3,None,14.872807100065984,14.872987700044177,134.3164521000581,134.3309868000215,134.3309868000215,136.3468201000942,136.3468201000942,136.33014600002207,16.88676970009692,16.886804100009613,136.33694800001103,136.3468201000942,136.3468201000942,137.34556780010462,stimuli/box_coin_transparent.png,17.902150600100867,17.902191700064577,137.34567589999642,137.361772900098,138.36164780007675,138.34523830004036,18.90180520003196,,,,,,,,,,,,,,802294,right,no,None,2025-05-08_12h34.49.423,RL_out-of-scanner,2024.2.4,60.45726246389446,2025-05-08 12h35.19.120077 -0700,
4,0,4,space,21.196120899985544,None,5,0.7696290999883786,None,18.902852400089614,k,0.35410969995427877,None,None,19.28549959999509,19.285689300042577,20.284517100080848,20.284546100068837,21.299493600032292,21.299533200100996,23.814198400010355,,,,,,,0,0,0,0,4,0,4,0,138.36164780007675,,,,,,,,,,,,,,,,,,,,,,,,,,,,,,18.902852400089614,138.34632130002137,138.36164780007675,138.36164780007675,138.36164780007675,138.36164780007675,138.72889190004207,k,0.35410969995427877,None,right,0,8,3,0,4,3,None,19.28549959999509,19.285689300042577,138.7291552000679,138.7443731999956,138.7443731999956,139.7442216000054,139.7442216000054,139.72793500008993,20.284517100080848,20.284546100068837,139.73347400000785,139.7442216000054,139.7442216000054,140.74291130003985,stimuli/box_empty_transparent.png,21.299493600032292,21.299533200100996,140.7430125999963,140.75917279999703,143.27397650002968,143.25763210002333,23.814198400010355,,,,,,,,,,,,,,802294,right,no,None,2025-05-08_12h34.49.423,RL_out-of-scanner,2024.2.4,60.45726246389446,2025-05-08 12h35.19.120077 -0700,
5,0,5,space,21.196120899985544,None,5,0.7696290999883786,None,23.815245300065726,j,0.2653578999452293,None,None,24.09882010007277,24.09902810002677,27.611718300031498,27.611746300011873,28.626964600058272,28.627006000024267,30.642561500077136,,,,,,,0,0,0,0,5,0,5,0,143.27397650002968,,,,,,,,,,,,,,,,,,,,,,,,,,,,,,23.815245300065726,143.2587152000051,143.27397650002968,143.27397650002968,143.27397650002968,143.27397650002968,143.54221940005664,j,0.2653578999452293,None,right,0,8,3,0,4,3,None,24.09882010007277,24.09902810002677,143.5424927000422,143.5570502000628,143.5570502000628,147.07171260006726,147.07171260006726,147.05513660004362,27.611718300031498,27.611746300011873,147.06069730001036,147.07171260006726,147.07171260006726,148.0703803000506,stimuli/box_empty_transparent.png,28.626964600058272,28.627006000024267,148.07049010007177,148.0867988000391,150.10204490006436,150.0859942000825,30.642561500077136,,,,,,,,,,,,,,802294,right,no,None,2025-05-08_12h34.49.423,RL_out-of-scanner,2024.2.4,60.45726246389446,2025-05-08 12h35.19.120077 -0700,
6,0,6,space,21.196120899985544,None,5,0.7696290999883786,None,30.643638300010934,j,0.31360550003591925,None,None,30.976336400024593,30.976545500103384,31.97542140004225,31.97545380005613,32.974323100061156,32.97434680000879,33.98967110004742,,,,,,,0,0,0,0,6,0,6,0,150.10204490006436,,,,,,,,,,,,,,,,,,,,,,,,,,,,,,30.643638300010934,150.08710910007358,150.10204490006436,150.10204490006436,150.10204490006436,150.10204490006436,150.4197315000929,j,0.31360550003591925,None,right,0,8,3,0,4,3,None,30.976336400024593,30.976545500103384,150.4200119000161,150.43488420010544,150.43488420010544,151.43455740006175,151.43455740006175,151.4188355000224,31.97542140004225,31.97545380005613,151.42498820007313,151.43455740006175,151.43455740006175,152.41775460005738,stimuli/box_empty_transparent.png,32.974323100061156,32.97434680000879,152.41780960001051,152.43310780008323,153.44906450004783,153.43310260004364,33.98967110004742,152.43310780008323,152.43310780008323,,,,,,,,,,,,802294,right,no,None,2025-05-08_12h34.49.423,RL_out-of-scanner,2024.2.4,60.45726246389446,2025-05-08 12h35.19.120077 -0700,
7,0,7,space,21.196120899985544,None,5,0.7696290999883786,None,33.99087800004054,k,0.33766479999758303,None,None,34.35689330007881,34.35707450006157,36.37129400006961,36.37134380009957,37.37061560002621,37.37063970009331,39.38544070010539,,,,,,,0,0,0,0,7,0,7,0,153.44906450004783,,,,,,,,,,,,,,,,,,,,,,,,,,,,,,33.99087800004054,153.434361700085,153.44906450004783,153.44906450004783,153.44906450004783,153.44906450004783,153.80029260006268,k,0.33766479999758303,None,right,1,8,4,0,5,4,None,34.35689330007881,34.35707450006157,153.8005386000732,153.81539920007344,153.81539920007344,155.8311063000001,155.8311063000001,155.81468350009527,36.37129400006961,36.37134380009957,155.82155900006182,155.8311063000001,155.8311063000001,156.81404620001558,stimuli/box_coin_transparent.png,37.37061560002621,37.37063970009331,156.81410340010189,156.829250000068,158.84491090010852,158.82887389999814,39.38544070010539,156.829250000068,156.829250000068,,,,,,,,,,,,802294,right,no,None,2025-05-08_12h34.49.423,RL_out-of-scanner,2024.2.4,60.45726246389446,2025-05-08 12h35.19.120077 -0700,
8,0,8,space,21.196120899985544,None,5,0.7696290999883786,None,39.38655220007058,k,0.31230210000649095,None,None,39.7193500000285,39.719532100018114,42.73312230000738,42.733152400003746,43.74863210006151,43.74868120008614,45.26378989999648,,,,,,,0,0,0,0,8,0,8,0,158.84491090010852,,,,,,,,,,,,,,,,,,,,,,,,,,,,,,39.38655220007058,158.83002190000843,158.84491090010852,158.84491090010852,158.84491090010852,158.84491090010852,159.1627508000238,k,0.31230210000649095,None,right,0,8,4,0,6,4,None,39.7193500000285,39.719532100018114,159.16299590002745,159.1782301000785,159.1782301000785,162.19296930008568,162.19296930008568,162.1765396000119,42.73312230000738,42.733152400003746,162.18217889999505,162.19296930008568,162.19296930008568,163.19204250001349,stimuli/box_empty_transparent.png,43.74863210006151,43.74868120008614,163.1921685000416,163.20786500000395,164.72394610010087,164.70722229999956,45.26378989999648,,,,,,,,,,,,,,802294,right,no,None,2025-05-08_12h34.49.423,RL_out-of-scanner,2024.2.4,60.45726246389446,2025-05-08 12h35.19.120077 -0700,
9,0,9,space,21.196120899985544,None,5,0.7696290999883786,None,45.26491700008046,j,0.2984961000038311,None,None,45.581209400086664,45.58143530006055,47.09594710008241,47.09599420009181,48.0952139000874,48.095256700064056,50.10990240005776,,,,,,,0,0,0,0,9,0,9,0,164.72394610010087,,,,,,,,,,,,,,,,,,,,,,,,,,,,,,45.26491700008046,164.70840320002753,164.72394610010087,164.72394610010087,164.72394610010087,164.72394610010087,165.02459630009253,j,0.2984961000038311,None,right,0,8,4,0,6,4,None,45.581209400086664,45.58143530006055,165.0249009000836,165.04045850003604,165.04045850003604,166.5556611000793,166.5556611000793,166.5393369999947,47.09594710008241,47.09599420009181,166.54517769999802,166.5556611000793,166.5556611000793,167.53863030008506,stimuli/box_empty_transparent.png,48.0952139000874,48.095256700064056,167.53872350009624,167.55434450006578,169.56958380003925,169.5533178000478,50.10990240005776,167.55434450006578,167.55434450006578,,,,,,,,,,,,802294,right,no,None,2025-05-08_12h34.49.423,RL_out-of-scanner,2024.2.4,60.45726246389446,2025-05-08 12h35.19.120077 -0700,
10,0,10,space,21.196120899985544,None,5,0.7696290999883786,None,50.11110030009877,j,0.32612939993850887,None,None,50.4609960000962,50.461204300052486,51.97564650001004,51.97569490002934,52.99091610009782,52.99095930007752,53.990396900102496,,,,,,,0,0,0,0,10,0,10,0,169.56958380003925,,,,,,,,,,,,,,,,,,,,,,,,,,,,,,50.11110030009877,169.55457050004043,169.56958380003925,169.56958380003925,169.56958380003925,169.56958380003925,169.90439710009377,j,0.32612939993850887,None,right,0,8,4,0,6,4,None,50.4609960000962,50.461204300052486,169.90466910006944,169.92035220004618,169.92035220004618,171.43617730005644,171.43617730005644,171.41903900005855,51.97564650001004,51.97569490002934,171.42502870003227,171.43617730005644,171.43617730005644,172.43433150008786,stimuli/box_empty_transparent.png,52.99091610009782,52.99095930007752,172.43444430001546,172.45065010001417,173.44992080004886,173.43382110004313,53.990396900102496,,,,,,,,,,,,,,802294,right,no,None,2025-05-08_12h34.49.423,RL_out-of-scanner,2024.2.4,60.45726246389446,2025-05-08 12h35.19.120077 -0700,
11,0,11,space,21.196120899985544,None,5,0.7696290999883786,None,53.99153210001532,k,0.49568010005168617,None,None,54.50740860006772,54.507657000096515,56.521758700022474,56.52178670000285,57.537168200011365,57.53719490009826,59.05261550005525,,,,,,,0,0,0,0,11,0,11,0,173.44992080004886,,,,,,,,,,,,,,,,,,,,,,,,,,,,,,53.99153210001532,173.43500250007492,173.44992080004886,173.44992080004886,173.44992080004886,173.44992080004886,173.95079060003627,k,0.49568010005168617,None,right,1,8,5,0,7,5,None,54.50740860006772,54.507657000096515,173.9511318000732,173.9664049000712,173.9664049000712,175.98192640009802,175.98192640009802,175.96517840004526,56.521758700022474,56.52178670000285,175.9718237000052,175.98192640009802,175.98192640009802,176.9805961000966,stimuli/box_coin_transparent.png,57.537168200011365,57.53719490009826,176.9806607000064,176.9967799000442,178.5125930000795,178.49604890006594,59.05261550005525,,,,,,,,,,,,,,802294,right,no,None,2025-05-08_12h34.49.423,RL_out-of-scanner,2024.2.4,60.45726246389446,2025-05-08 12h35.19.120077 -0700,
12,0,12,space,21.196120899985544,None,5,0.7696290999883786,None,59.053641400067136,k,0.4991200000513345,None,None,59.57025520002935,59.57044770009816,60.58534520003013,60.585401999996975,61.584432500065304,61.58445840002969,64.59824550000485,,,,,,,0,0,0,0,12,0,12,0,178.5125930000795,,,,,,,,,,,,,,,,,,,,,,,,,,,,,,59.053641400067136,178.49710989999585,178.5125930000795,178.5125930000795,178.5125930000795,178.5125930000795,179.0136421000352,k,0.4991200000513345,None,right,1,8,6,0,8,6,None,59.57025520002935,59.57044770009816,179.01391530002002,179.02909260010347,179.02909260010347,180.04483920009807,180.04483920009807,180.02871900005266,60.58534520003013,60.585401999996975,180.03554270009045,180.04483920009807,180.04483920009807,181.02785650000442,stimuli/box_coin_transparent.png,61.584432500065304,61.58445840002969,181.02792290004436,181.04362480004784,184.05819520005025,184.04166750004515,64.59824550000485,181.04362480004784,181.04362480004784,,,,,,,,,,,,802294,right,no,None,2025-05-08_12h34.49.423,RL_out-of-scanner,2024.2.4,60.45726246389446,2025-05-08 12h35.19.120077 -0700,
13,0,13,space,21.196120899985544,None,5,0.7696290999883786,None,64.5993615000043,k,0.2756501999683678,None,None,64.89924310008064,64.89945650007576,65.39812470006291,65.39815350004937,66.41339930007234,66.41344860009849,68.42859340005089,,,,,,,0,0,0,0,13,0,13,0,184.05819520005025,,,,,,,,,,,,,,,,,,,,,,,,,,,,,,64.5993615000043,184.04283290007152,184.05819520005025,184.05819520005025,184.05819520005025,184.05819520005025,184.3426204000134,k,0.2756501999683678,None,right,1,8,7,0,9,7,None,64.89924310008064,64.89945650007576,184.34292860003188,184.35781820002012,184.35781820002012,184.85843830008525,184.85843830008525,184.84154080005828,65.39812470006291,65.39815350004937,184.84826630004682,184.85843830008525,184.85843830008525,185.85680910001975,stimuli/box_coin_transparent.png,66.41339930007234,66.41344860009849,185.85693590005394,185.87317960010841,187.88886580010876,187.87201700010337,68.42859340005089,,,,,,,,,,,,,,802294,right,no,None,2025-05-08_12h34.49.423,RL_out-of-scanner,2024.2.4,60.45726246389446,2025-05-08 12h35.19.120077 -0700,
14,0,14,space,21.196120899985544,None,5,0.7696290999883786,None,68.42985120008234,k,0.2979952999157831,None,None,68.74641700007487,68.74659810005687,70.26080820010975,70.26085380010772,71.27623010007665,71.27628040011041,72.29212280001957,,,,,,,0,0,0,0,14,0,14,0,187.88886580010876,,,,,,,,,,,,,,,,,,,,,,,,,,,,,,68.42985120008234,187.87332180002704,187.88886580010876,187.88886580010876,187.88886580010876,187.88886580010876,188.18977900000755,k,0.2979952999157831,None,right,1,8,8,0,10,8,None,68.74641700007487,68.74659810005687,188.19006120006088,188.20537270000204,188.20537270000204,189.72072070010472,189.72072070010472,189.70420530007686,70.26080820010975,70.26085380010772,189.71106150001287,189.72072070010472,189.72072070010472,190.71963970002253,stimuli/box_coin_transparent.png,71.27623010007665,71.27628040011041,190.7197725001024,190.73614809999708,191.75238400010858,191.73554440005682,72.29212280001957,,,,,,,,,,,,,,802294,right,no,None,2025-05-08_12h34.49.423,RL_out-of-scanner,2024.2.4,60.45726246389446,2025-05-08 12h35.19.120077 -0700,
15,0,15,space,21.196120899985544,None,5,0.7696290999883786,None,72.2932477000868,k,0.41918229998555034,None,None,72.74262350006029,72.74281409999821,73.74162080010865,73.74164940009359,74.75683020008728,74.75688060000539,76.7721470000688,,,,,,,0,0,0,0,15,0,15,0,191.75238400010858,,,,,,,,,,,,,,,,,,,,,,,,,,,,,,72.2932477000868,191.7367201000452,191.75238400010858,191.75238400010858,191.75238400010858,191.75238400010858,192.18601330008823,k,0.41918229998555034,None,left,1,7,0,1,10,8,None,72.74262350006029,72.74281409999821,192.18628110003192,192.20185110007878,192.20185110007878,193.20140120002907,193.20140120002907,193.18503920000512,73.74162080010865,73.74164940009359,193.1905570999952,193.20140120002907,193.20140120002907,194.20024040003773,stimuli/box_empty_transparent.png,74.75683020008728,74.75688060000539,194.2003678000765,194.216561700101,196.23161590006202,196.21557870006654,76.7721470000688,,,,,,,,,,,,,,802294,right,no,None,2025-05-08_12h34.49.423,RL_out-of-scanner,2024.2.4,60.45726246389446,2025-05-08 12h35.19.120077 -0700,
16,0,16,space,21.196120899985544,None,5,0.7696290999883786,None,76.77325560001191,j,0.29655389999970794,None,None,77.08956310001668,77.08977560000494,79.10385930002667,79.10390550002921,80.11898650007788,80.11901150003541,81.11893220001366,,,,,,,0,0,0,0,16,0,16,0,196.23161590006202,,,,,,,,,,,,,,,,,,,,,,,,,,,,,,76.77325560001191,196.21672530006617,196.23161590006202,196.23161590006202,196.23161590006202,196.23161590006202,196.53295800008345,j,0.29655389999970794,None,left,1,7,1,1,11,9,None,77.08956310001668,77.08977560000494,196.53324110002723,196.5483430000022,196.5483430000022,198.56386130000465,198.56386130000465,198.54725570010487,79.10385930002667,79.10390550002921,198.55422120005824,198.56386130000465,198.56386130000465,199.56241450004745,stimuli/box_coin_transparent.png,80.11898650007788,80.11901150003541,199.5624767000554,199.5789167000912,200.57854150002822,200.56235190003645,81.11893220001366,,,,,,,,,,,,,,802294,right,no,None,2025-05-08_12h34.49.423,RL_out-of-scanner,2024.2.4,60.45726246389446,2025-05-08 12h35.19.120077 -0700,
17,0,17,space,21.196120899985544,None,5,0.7696290999883786,None,81.12054540007375,j,0.394418100011535,None,None,81.535871900036,81.53608910006005,82.53455219999887,82.53458269999828,83.54965000005905,83.54967580002267,84.54914230003487,,,,,,,0,0,0,0,17,0,17,0,200.57854150002822,,,,,,,,,,,,,,,,,,,,,,,,,,,,,,81.12054540007375,200.56401360000018,200.57854150002822,200.57854150002822,200.57854150002822,200.57854150002822,200.97926280007232,j,0.394418100011535,None,left,1,7,2,1,12,10,None,81.535871900036,81.53608910006005,200.9795570001006,200.9946265000617,200.9946265000617,201.9944250000408,201.9944250000408,201.97796570009086,82.53455219999887,82.53458269999828,201.98465870006476,201.9944250000408,201.9944250000408,202.99307770002633,stimuli/box_coin_transparent.png,83.54965000005905,83.54967580002267,202.99314190004952,203.00935050006956,204.0091575999977,203.99257620004937,84.54914230003487,,,,,,,,,,,,,,802294,right,no,None,2025-05-08_12h34.49.423,RL_out-of-scanner,2024.2.4,60.45726246389446,2025-05-08 12h35.19.120077 -0700,
18,0,18,space,21.196120899985544,None,5,0.7696290999883786,None,84.55016950005665,j,0.2388946000719443,None,None,84.81630850001238,84.8165519000031,88.32973460003268,88.32976490003057,89.34519930009264,89.34525150002446,91.360237600049,,,,,,,0,0,0,0,18,0,18,0,204.0091575999977,,,,,,,,,,,,,,,,,,,,,,,,,,,,,,84.55016950005665,203.9936390001094,204.0091575999977,204.0091575999977,204.0091575999977,204.0091575999977,204.2596958000213,j,0.2388946000719443,None,left,1,7,3,1,13,11,None,84.81630850001238,84.8165519000031,204.26004500000272,204.27569290006068,204.27569290006068,207.78988739999477,207.78988739999477,207.77315250004176,88.32973460003268,88.32976490003057,207.77991660009138,207.78988739999477,207.78988739999477,208.7886082000332,stimuli/box_coin_transparent.png,89.34519930009264,89.34525150002446,208.78874570003245,208.80466340004932,210.82026680000126,210.80366000009235,91.360237600049,,,,,,,,,,,,,,802294,right,no,None,2025-05-08_12h34.49.423,RL_out-of-scanner,2024.2.4,60.45726246389446,2025-05-08 12h35.19.120077 -0700,
19,0,19,space,21.196120899985544,None,5,0.7696290999883786,None,91.36132980010007,j,0.278271000017412,None,None,91.66090430004988,91.66111440001987,92.65989350003656,92.65992300002836,93.67517689999659,93.67522070009727,95.19078870001249,,,,,,,0,0,0,0,19,0,19,0,210.82026680000126,,,,,,,,,,,,,,,,,,,,,,,,,,,,,,91.36132980010007,210.80479990004096,210.82026680000126,210.82026680000126,210.82026680000126,210.82026680000126,211.10429859999567,j,0.278271000017412,None,left,0,7,3,1,14,11,None,91.66090430004988,91.66111440001987,211.10457970004063,211.11955790000502,211.11955790000502,212.11943390010856,212.11943390010856,212.10330930002965,92.65989350003656,92.65992300002836,212.10888700000942,212.11943390010856,212.11943390010856,213.1185919001,stimuli/box_empty_transparent.png,93.67517689999659,93.67522070009727,213.11870740004815,213.13483460003044,214.65055970009416,214.6342223000247,95.19078870001249,,,,,,,,,,,,,,802294,right,no,None,2025-05-08_12h34.49.423,RL_out-of-scanner,2024.2.4,60.45726246389446,2025-05-08 12h35.19.120077 -0700,
20,0,20,space,21.196120899985544,None,5,0.7696290999883786,None,95.19185170007404,k,0.2746467998949811,None,None,95.49133650003932,95.49152720009442,97.50586370006204,97.50591040006839,98.52128910005558,98.52132670010906,100.53638629999477,,,,,,,0,0,0,0,20,0,20,0,214.65055970009416,,,,,,,,,,,,,,,,,,,,,,,,,,,,,,95.19185170007404,214.63532150001265,214.65055970009416,214.65055970009416,214.65055970009416,214.65055970009416,214.9347293000901,k,0.2746467998949811,None,left,0,7,3,1,14,11,None,95.49133650003932,95.49152720009442,214.93499690003227,214.95044210006017,214.95044210006017,216.9661863000365,216.9661863000365,216.9492612000322,97.50586370006204,97.50591040006839,216.9549682000652,216.9661863000365,216.9661863000365,217.96469900000375,stimuli/box_empty_transparent.png,98.52128910005558,98.52132670010906,217.9648046999937,217.98072840005625,219.99621910008136,219.979819900007,100.53638629999477,,,,,,,,,,,,,,802294,right,no,None,2025-05-08_12h34.49.423,RL_out-of-scanner,2024.2.4,60.45726246389446,2025-05-08 12h35.19.120077 -0700,
21,0,21,space,21.196120899985544,None,5,0.7696290999883786,None,100.53778720006812,j,0.8332309999968857,None,['j'],101.40375580010004,101.40397730004042,104.41643470001873,104.4164626999991,105.41679970000405,105.41682380007114,106.93125880009029,[0.2837803999427706],[0.08264070004224777],,,,,0,0,0,0,21,0,21,0,219.99621910008136,,,,,,,,,,,,,,,,,,,,,,,,,,,,,,100.53778720006812,219.98127710004337,219.99621910008136,219.99621910008136,219.99621910008136,219.99621910008136,220.84711470000912,j,0.8332309999968857,None,left,1,7,4,1,15,12,['j'],101.40375580010004,101.40397730004042,220.84744270006195,220.86202870006673,220.86202870006673,223.87692510010675,223.87692510010675,223.85985120001715,104.41643470001873,104.4164626999991,223.8671034000581,223.87692510010675,223.87692510010675,224.8602286000969,stimuli/box_coin_transparent.png,105.41679970000405,105.41682380007114,224.86028490005992,224.87537350005005,226.39110120001715,226.3746818000218,106.93125880009029,224.87537350005005,224.87537350005005,[0.2837803999427706],[0.08264070004224777],,,,,,,,,,802294,right,no,None,2025-05-08_12h34.49.423,RL_out-of-scanner,2024.2.4,60.45726246389446,2025-05-08 12h35.19.120077 -0700,
22,0,22,space,21.196120899985544,None,5,0.7696290999883786,None,106.93267730006482,j,0.30842949997168034,None,None,107.2650791000342,107.26529780006967,108.78039550001267,108.7804243999999,109.7958246000344,109.79587230004836,111.81067510007415,,,,,,,0,0,0,0,22,0,22,0,226.39110120001715,,,,,,,,,,,,,,,,,,,,,,,,,,,,,,106.93267730006482,226.3761458999943,226.39110120001715,226.39110120001715,226.39110120001715,226.39110120001715,226.70847050007433,j,0.30842949997168034,None,left,1,7,5,1,16,13,None,107.2650791000342,107.26529780006967,226.70876390009653,226.72440200007986,226.72440200007986,228.24028780008666,228.24028780008666,228.223813300021,108.78039550001267,108.7804243999999,228.23136790003628,228.24028780008666,228.24028780008666,229.2392355001066,stimuli/box_coin_transparent.png,109.7958246000344,109.79587230004836,229.2393599000061,229.25493460008875,231.270736400038,231.2540959001053,111.81067510007415,,,,,,,,,,,,,,802294,right,no,None,2025-05-08_12h34.49.423,RL_out-of-scanner,2024.2.4,60.45726246389446,2025-05-08 12h35.19.120077 -0700,
23,0,23,space,21.196120899985544,None,5,0.7696290999883786,None,111.81185220007319,j,0.3249242000747472,None,None,112.16133210004773,112.16154700005427,113.67607580008917,113.67612310010009,114.67588049999904,114.67590490006842,116.19061320007313,,,,,,,0,0,0,0,23,0,23,0,231.270736400038,,,,,,,,,,,,,,,,,,,,,,,,,,,,,,111.81185220007319,231.25532470003236,231.270736400038,231.270736400038,231.270736400038,231.270736400038,231.60472430009395,j,0.3249242000747472,None,left,0,7,5,1,17,13,None,112.16133210004773,112.16154700005427,231.6050150000956,231.6203996000113,231.6203996000113,233.13629300007597,233.13629300007597,233.1194708000403,113.67607580008917,113.67612310010009,233.12534200004302,233.13629300007597,233.13629300007597,234.1193109001033,stimuli/box_empty_transparent.png,114.67588049999904,114.67590490006842,234.1193709000945,234.13453370006755,235.65038500004448,235.63404550007544,116.19061320007313,234.13453370006755,234.13453370006755,,,,,,,,,,,,802294,right,no,None,2025-05-08_12h34.49.423,RL_out-of-scanner,2024.2.4,60.45726246389446,2025-05-08 12h35.19.120077 -0700,
24,0,24,space,21.196120899985544,None,5,0.7696290999883786,None,116.19171050004661,k,0.26473920000717044,None,None,116.47440720000304,116.47461880010087,118.48930910008494,118.48933770006988,119.50449530000333,119.50453840009868,121.00346950010862,,,,,,,0,0,0,0,24,0,24,0,235.65038500004448,,,,,,,,,,,,,,,,,,,,,,,,,,,,,,116.19171050004661,235.63518110010773,235.65038500004448,235.65038500004448,235.65038500004448,235.65038500004448,235.91778860008344,k,0.26473920000717044,None,left,0,7,5,1,17,13,None,116.47440720000304,116.47461880010087,235.9180896000471,235.9334667000221,235.9334667000221,237.94918700004928,237.94918700004928,237.9327273000963,118.48930910008494,118.48933770006988,237.93825180002023,237.94918700004928,237.94918700004928,238.94791079999413,stimuli/box_empty_transparent.png,119.50449530000333,119.50453840009868,238.94802480004728,238.9638081000885,240.4631680001039,240.4468920000363,121.00346950010862,,,,,,,,,,,,,,802294,right,no,None,2025-05-08_12h34.49.423,RL_out-of-scanner,2024.2.4,60.45726246389446,2025-05-08 12h35.19.120077 -0700,
25,0,25,space,21.196120899985544,None,5,0.7696290999883786,None,121.00493460008875,j,0.31285320001188666,None,None,121.33686490007676,121.33709700009786,122.33629010000732,122.33633790002204,123.35094230005052,123.35097050003242,126.86490919999778,,,,,,,0,0,0,0,25,0,25,0,240.4631680001039,,,,,,,,,,,,,,,,,,,,,,,,,,,,,,121.00493460008875,240.4484043000266,240.4631680001039,240.4631680001039,240.4631680001039,240.4631680001039,240.78024700004607,j,0.31285320001188666,None,left,1,7,6,1,18,14,None,121.33686490007676,121.33709700009786,240.780567000038,240.79648780007847,240.79648780007847,241.79617740004323,241.79617740004323,241.7796837000642,122.33629010000732,122.33633790002204,241.7866928000003,241.79617740004323,241.79617740004323,242.79436729999725,stimuli/box_coin_transparent.png,123.35094230005052,123.35097050003242,242.79443980008364,242.81081070005894,246.32569460000377,246.3083425000077,126.86490919999778,,,,,,,,,,,,,,802294,right,no,None,2025-05-08_12h34.49.423,RL_out-of-scanner,2024.2.4,60.45726246389446,2025-05-08 12h35.19.120077 -0700,
26,0,26,space,21.196120899985544,None,5,0.7696290999883786,None,126.86654100008309,j,0.2851277000736445,None,None,127.18271930003539,127.18294530001003,127.68176300008781,127.68179240007885,128.69722520001233,128.69726580008864,132.2117246000562,,,,,,,0,0,0,0,26,0,26,0,246.32569460000377,,,,,,,,,,,,,,,,,,,,,,,,,,,,,,126.86654100008309,246.3100085000042,246.32569460000377,246.32569460000377,246.32569460000377,246.32569460000377,246.62610820005648,j,0.2851277000736445,None,left,0,7,6,1,19,14,None,127.18271930003539,127.18294530001003,246.6264142000582,246.642039700062,246.642039700062,247.14206680003554,247.14206680003554,247.12518250010908,127.68176300008781,127.68179240007885,247.1309722000733,247.14206680003554,247.14206680003554,248.14064250001684,stimuli/box_empty_transparent.png,128.69722520001233,128.69726580008864,248.14074900001287,248.1568955000257,251.67099150002468,251.65515790006611,132.2117246000562,,,,,,,,,,,,,,802294,right,no,None,2025-05-08_12h34.49.423,RL_out-of-scanner,2024.2.4,60.45726246389446,2025-05-08 12h35.19.120077 -0700,
27,0,27,space,21.196120899985544,None,5,0.7696290999883786,None,132.21280180010945,k,0.2849394999211654,None,None,132.52854150009807,132.5287228000816,134.04338060005102,134.0434109000489,135.05865600006655,135.05868290003855,136.0582662000088,,,,,,,0,0,0,0,27,0,27,0,251.67099150002468,,,,,,,,,,,,,,,,,,,,,,,,,,,,,,132.21280180010945,251.65626900002826,251.67099150002468,251.67099150002468,251.67099150002468,251.67099150002468,251.9719378000591,k,0.2849394999211654,None,left,0,7,6,1,19,14,None,132.52854150009807,132.5287228000816,251.9721877000993,251.9873862999957,251.9873862999957,253.5034209000878,253.5034209000878,253.48679710004944,134.04338060005102,134.0434109000489,253.49243650003336,253.5034209000878,253.5034209000878,254.50208360003307,stimuli/box_empty_transparent.png,135.05865600006655,135.05868290003855,254.50215070007835,254.518412000034,255.5180666000815,255.50169950001873,136.0582662000088,,,,,,,,,,,,,,802294,right,no,None,2025-05-08_12h34.49.423,RL_out-of-scanner,2024.2.4,60.45726246389446,2025-05-08 12h35.19.120077 -0700,
28,0,28,space,21.196120899985544,None,5,0.7696290999883786,None,136.05936150008347,j,0.30950770003255457,None,None,136.39228800009005,136.39251820009667,137.39102590002585,137.39105510001536,138.4062617000891,138.40630290005356,141.92022920004092,,,,,,,0,0,0,0,28,0,28,0,255.5180666000815,,,,,,,,,,,,,,,,,,,,,,,,,,,,,,136.05936150008347,255.50283320003655,255.5180666000815,255.5180666000815,255.5180666000815,255.5180666000815,255.8356726000784,j,0.30950770003255457,None,left,1,7,7,1,20,15,None,136.39228800009005,136.39251820009667,255.8359882000368,255.85100440005772,255.85100440005772,256.85088870010804,256.85088870010804,256.83444560004864,137.39102590002585,137.39105510001536,256.84117430006154,256.85088870010804,256.85088870010804,257.8496790000936,stimuli/box_coin_transparent.png,138.4062617000891,138.40630290005356,257.84978620009497,257.8652098000748,261.3799541000044,261.3636631000554,141.92022920004092,,,,,,,,,,,,,,802294,right,no,None,2025-05-08_12h34.49.423,RL_out-of-scanner,2024.2.4,60.45726246389446,2025-05-08 12h35.19.120077 -0700,
29,0,29,space,21.196120899985544,None,5,0.7696290999883786,None,141.92118800000753,j,0.28621710010338575,None,None,142.23741689999588,142.23766270000488,144.25202970008831,144.25208210002165,145.2525203000987,145.25254580006003,146.24986450001597,,,,,,,0,0,0,0,29,0,29,0,261.3799541000044,,,,,,,,,,,,,,,,,,,,,,,,,,,,,,141.92118800000753,261.36465550004505,261.3799541000044,261.3799541000044,261.3799541000044,261.3799541000044,261.6807918000268,j,0.28621710010338575,None,right,1,14,0,2,20,15,None,142.23741689999588,142.23766270000488,261.68113520008046,261.6962880000938,261.6962880000938,263.7119781000074,263.7119781000074,263.6954193999991,144.25202970008831,144.25208210002165,263.7016705001006,263.7119781000074,263.7119781000074,264.6959472000599,stimuli/box_empty_transparent.png,145.2525203000987,145.25254580006003,264.69600990007166,264.7099345000461,265.71005170000717,265.69329790002666,146.24986450001597,,,,,,,,,,,,,,802294,right,no,None,2025-05-08_12h34.49.423,RL_out-of-scanner,2024.2.4,60.45726246389446,2025-05-08 12h35.19.120077 -0700,
30,0,30,space,21.196120899985544,None,5,0.7696290999883786,None,146.25092800008133,k,0.2885305000236258,None,None,146.5671788000036,146.56736400001682,147.58289550000336,147.58292380010244,148.5980283000972,148.59805310005322,149.59773200005293,,,,,,,0,0,0,0,30,0,30,0,265.71005170000717,,,,,,,,,,,,,,,,,,,,,,,,,,,,,,146.25092800008133,265.6943987000268,265.71005170000717,265.71005170000717,265.71005170000717,265.71005170000717,266.0105741000734,k,0.2885305000236258,None,right,1,14,1,2,21,16,None,146.5671788000036,146.56736400001682,266.01082810002845,266.02661820000503,266.02661820000503,267.0427962000249,267.0427962000249,267.02630670007784,147.58289550000336,147.58292380010244,267.032934900024,267.0427962000249,267.0427962000249,268.0414563000668,stimuli/box_coin_transparent.png,148.5980283000972,148.59805310005322,268.0415176000679,268.0574222001014,269.05836860009003,269.04116400005296,149.59773200005293,,,,,,,,,,,,,,802294,right,no,None,2025-05-08_12h34.49.423,RL_out-of-scanner,2024.2.4,60.45726246389446,2025-05-08 12h35.19.120077 -0700,
31,0,31,space,21.196120899985544,None,5,0.7696290999883786,None,149.59875960007776,j,0.3339734999462962,None,None,149.96489030006342,149.96510130004026,152.97856400010642,152.97860950010363,153.9935603000922,153.99358770006802,156.50794150005095,,,,,,,0,0,0,0,31,0,31,0,269.05836860009003,,,,,,,,,,,,,,,,,,,,,,,,,,,,,,149.59875960007776,269.0422278000042,269.05836860009003,269.05836860009003,269.05836860009003,269.05836860009003,269.4082890000427,j,0.3339734999462962,None,right,1,14,1,2,21,16,None,149.96489030006342,149.96510130004026,269.40856680006254,269.42344280006364,269.42344280006364,272.4384271000745,272.4384271000745,272.4219599000644,152.97856400010642,152.97860950010363,272.427792100003,272.4384271000745,272.4384271000745,273.4369851000374,stimuli/box_empty_transparent.png,153.9935603000922,153.99358770006802,273.4370543000987,273.45328190003056,275.9684013000224,275.9513747000601,156.50794150005095,,,,,,,,,,,,,,802294,right,no,None,2025-05-08_12h34.49.423,RL_out-of-scanner,2024.2.4,60.45726246389446,2025-05-08 12h35.19.120077 -0700,
32,0,32,space,21.196120899985544,None,5,0.7696290999883786,None,156.50902590004262,k,0.31200859998352826,None,None,156.8422080000164,156.84239680005703,157.84183580009267,157.8418660000898,158.85634390008636,158.85636670002714,159.8560268000001,,,,,,,0,0,0,0,32,0,32,0,275.9684013000224,,,,,,,,,,,,,,,,,,,,,,,,,,,,,,156.50902590004262,275.9524969001068,275.9684013000224,275.9684013000224,275.9684013000224,275.9684013000224,276.28560370008927,k,0.31200859998352826,None,right,1,14,2,2,22,17,None,156.8422080000164,156.84239680005703,276.28586300008465,276.3013709000079,276.3013709000079,277.30155780003406,277.30155780003406,277.285251500085,157.84183580009267,157.8418660000898,277.2919197001029,277.30155780003406,277.30155780003406,278.2997741000727,stimuli/box_coin_transparent.png,158.85634390008636,158.85636670002714,278.2998312000418,278.31596350006294,279.3155145000201,279.29944400000386,159.8560268000001,,,,,,,,,,,,,,802294,right,no,None,2025-05-08_12h34.49.423,RL_out-of-scanner,2024.2.4,60.45726246389446,2025-05-08 12h35.19.120077 -0700,
33,0,33,space,21.196120899985544,None,5,0.7696290999883786,None,159.8575797000667,k,0.32813689997419715,None,None,160.2068512000842,160.20704330003355,162.22116489999462,162.22119569999631,163.22324390010908,163.2232710000826,164.73555570002645,,,,,,,0,0,0,0,33,0,33,0,279.3155145000201,,,,,,,,,,,,,,,,,,,,,,,,,,,,,,159.8575797000667,279.30104740010574,279.3155145000201,279.3155145000201,279.3155145000201,279.3155145000201,279.65024540002923,k,0.32813689997419715,None,right,1,14,3,2,23,18,None,160.2068512000842,160.20704330003355,279.65050950006116,279.66501110000536,279.66501110000536,281.68106800003443,281.68106800003443,281.66457210003864,162.22116489999462,162.22119569999631,281.6713491000701,281.68106800003443,281.68106800003443,282.66667030006647,stimuli/box_coin_transparent.png,163.22324390010908,163.2232710000826,282.66673560009804,282.68228860001545,284.19534600002225,284.178980100085,164.73555570002645,,,,,,,,,,,,,,802294,right,no,None,2025-05-08_12h34.49.423,RL_out-of-scanner,2024.2.4,60.45726246389446,2025-05-08 12h35.19.120077 -0700,
34,0,34,space,21.196120899985544,None,5,0.7696290999883786,None,164.73665220011026,k,0.30344090005382895,None,None,165.06940590008162,165.06959410000127,168.08285390003584,168.08289710001554,169.08250120002776,169.0825234000804,171.59646100003738,,,,,,,0,0,0,0,34,0,34,0,284.19534600002225,,,,,,,,,,,,,,,,,,,,,,,,,,,,,,164.73665220011026,284.1801217000466,284.19534600002225,284.19534600002225,284.19534600002225,284.19534600002225,284.5128036000533,k,0.30344090005382895,None,right,1,14,4,2,24,19,None,165.06940590008162,165.06959410000127,284.5130589000182,284.5285989000695,284.5285989000695,287.5428011000622,287.5428011000622,287.5262511000037,168.08285390003584,168.08289710001554,287.53313680004794,287.5428011000622,287.5428011000622,288.52593200001866,stimuli/box_coin_transparent.png,169.08250120002776,169.0825234000804,288.5259881000966,288.54134170000907,291.0565504000988,291.0398941000458,171.59646100003738,288.54134170000907,288.54134170000907,,,,,,,,,,,,802294,right,no,None,2025-05-08_12h34.49.423,RL_out-of-scanner,2024.2.4,60.45726246389446,2025-05-08 12h35.19.120077 -0700,
35,0,35,space,21.196120899985544,None,5,0.7696290999883786,None,171.59801710001193,k,0.3232859999407083,None,None,171.94714060006663,171.94734180008527,173.46242460003123,173.4624614000786,174.47761040006299,174.47765420004725,175.47686170006637,,,,,,,0,0,0,0,35,0,35,0,291.0565504000988,,,,,,,,,,,,,,,,,,,,,,,,,,,,,,171.59801710001193,291.04150400008075,291.0565504000988,291.0565504000988,291.0565504000988,291.0565504000988,291.3905316001037,k,0.3232859999407083,None,right,1,14,5,2,25,20,None,171.94714060006663,171.94734180008527,291.39080860000104,291.40599140000995,291.40599140000995,292.9220536000794,292.9220536000794,292.90583150007296,173.46242460003123,173.4624614000786,292.9126175000565,292.9220536000794,292.9220536000794,293.92102310003247,stimuli/box_coin_transparent.png,174.47761040006299,174.47765420004725,293.921143900021,293.9370478000492,294.93719379999675,294.9202944000717,175.47686170006637,,,,,,,,,,,,,,802294,right,no,None,2025-05-08_12h34.49.423,RL_out-of-scanner,2024.2.4,60.45726246389446,2025-05-08 12h35.19.120077 -0700,
36,0,36,space,21.196120899985544,None,5,0.7696290999883786,None,175.4779943000758,k,0.3285399000160396,None,None,175.82727760006674,175.827461100067,177.34238770010415,177.34241540008225,178.35807479999494,178.35811730008572,181.87159790005535,,,,,,,0,0,0,0,36,0,36,0,294.93719379999675,,,,,,,,,,,,,,,,,,,,,,,,,,,,,,175.4779943000758,294.9214615999954,294.93719379999675,294.93719379999675,294.93719379999675,294.93719379999675,295.27067810005974,k,0.3285399000160396,None,right,1,14,6,2,26,21,None,175.82727760006674,175.827461100067,295.2709243000718,295.2864924001042,295.2864924001042,296.80226100003347,296.80226100003347,296.78580500010867,177.34238770010415,177.34241540008225,296.7924722000025,296.80226100003347,296.80226100003347,297.80148820008617,stimuli/box_coin_transparent.png,178.35807479999494,178.35811730008572,297.8016017000191,297.8172234999947,301.3311350001022,301.3150322000729,181.87159790005535,,,,,,,,,,,,,,802294,right,no,None,2025-05-08_12h34.49.423,RL_out-of-scanner,2024.2.4,60.45726246389446,2025-05-08 12h35.19.120077 -0700,
37,0,37,space,21.196120899985544,None,5,0.7696290999883786,None,181.87260930007324,k,0.2700759000144899,None,None,182.172496000072,182.17269460007083,184.18647270009387,184.18650070007425,185.2022244000109,185.20225720002782,186.2017556000501,,,,,,,0,0,0,0,37,0,37,0,301.3311350001022,,,,,,,,,,,,,,,,,,,,,,,,,,,,,,181.87260930007324,301.31607880000956,301.3311350001022,301.3311350001022,301.3311350001022,301.3311350001022,301.6158897000132,k,0.2700759000144899,None,right,0,14,6,2,27,21,None,182.172496000072,182.17269460007083,301.61616229999345,301.6313644000329,301.6313644000329,303.6468989000423,303.6468989000423,303.6298902000999,184.18647270009387,184.18650070007425,303.6354779000394,303.6468989000423,303.6468989000423,304.64564470003825,stimuli/box_empty_transparent.png,185.2022244000109,185.20225720002782,304.6457325000083,304.66175690002274,305.66137320001144,305.6451897000661,186.2017556000501,,,,,,,,,,,,,,802294,right,no,None,2025-05-08_12h34.49.423,RL_out-of-scanner,2024.2.4,60.45726246389446,2025-05-08 12h35.19.120077 -0700,
38,0,38,space,21.196120899985544,None,5,0.7696290999883786,None,186.20300460001454,j,0.31584679998923093,None,None,186.53573380003218,186.53599100001156,187.53422180004418,187.5342494000215,188.55008960003033,188.55011569999624,190.06485680001788,,,,,,,0,0,0,0,38,0,38,0,305.66137320001144,,,,,,,,,,,,,,,,,,,,,,,,,,,,,,186.20300460001454,305.64647620008327,305.66137320001144,305.66137320001144,305.66137320001144,305.66137320001144,305.97911060007755,j,0.31584679998923093,None,right,0,14,6,2,27,21,None,186.53573380003218,186.53599100001156,305.9794655001024,305.9944089000346,305.9944089000346,306.9944979000138,306.9944979000138,306.97764020005707,187.53422180004418,187.5342494000215,306.98320130002685,306.9944979000138,306.9944979000138,307.99351650010794,stimuli/box_empty_transparent.png,188.55008960003033,188.55011569999624,307.9935834000353,308.0092285000719,309.5251410000492,309.50827960006427,190.06485680001788,,,,,,,,,,,,,,802294,right,no,None,2025-05-08_12h34.49.423,RL_out-of-scanner,2024.2.4,60.45726246389446,2025-05-08 12h35.19.120077 -0700,
39,0,39,space,21.196120899985544,None,5,0.7696290999883786,None,190.06627960002515,k,0.25566050002817065,None,None,190.3491287000943,190.34931970003527,191.34771050000563,191.34773870010395,192.36288510006852,192.36292000010144,193.36250670009758,,,,,,,0,0,0,0,39,0,39,0,309.5251410000492,,,,,,,,,,,,,,,,,,,,,,,,,,,,,,190.06627960002515,309.5097454000497,309.5251410000492,309.5251410000492,309.5251410000492,309.5251410000492,309.7925235000439,k,0.25566050002817065,None,right,0,14,6,2,28,21,None,190.3491287000943,190.34931970003527,309.792785000056,309.8080905000679,309.8080905000679,310.8077646000311,310.8077646000311,310.7911274000071,191.34771050000563,191.34773870010395,310.79673520009965,310.8077646000311,310.8077646000311,311.8063053000951,stimuli/box_empty_transparent.png,192.36288510006852,192.36292000010144,311.80639680009335,311.8223226000555,312.82253380003385,312.8059349000687,193.36250670009758,,,,,,,,,,,,,,802294,right,no,None,2025-05-08_12h34.49.423,RL_out-of-scanner,2024.2.4,60.45726246389446,2025-05-08 12h35.19.120077 -0700,
40,0,40,space,21.196120899985544,None,5,0.7696290999883786,None,193.3642582000466,j,0.32413339999038726,None,None,193.7133297000546,193.71354230004363,195.22804050007835,195.2280727000907,196.24327320000157,196.24330930004362,197.24260730005335,,,,,,,0,0,0,0,40,0,40,0,312.82253380003385,,,,,,,,,,,,,,,,,,,,,,,,,,,,,,193.3642582000466,312.8077425000956,312.82253380003385,312.82253380003385,312.82253380003385,312.82253380003385,313.15673400007654,j,0.32413339999038726,None,right,0,14,6,2,28,21,None,193.7133297000546,193.71354230004363,313.15700510004535,313.1719467000803,313.1719467000803,314.68776560004335,314.68776560004335,314.6714512000326,195.22804050007835,195.2280727000907,314.67750480002724,314.68776560004335,314.68776560004335,315.6866930000251,stimuli/box_empty_transparent.png,196.24327320000157,196.24330930004362,315.68678990006447,315.70295080007054,316.70260670001153,316.68603060010355,197.24260730005335,,,,,,,,,,,,,,802294,right,no,None,2025-05-08_12h34.49.423,RL_out-of-scanner,2024.2.4,60.45726246389446,2025-05-08 12h35.19.120077 -0700,
41,0,41,space,21.196120899985544,None,5,0.7696290999883786,None,197.24373139999807,j,0.28773400001227856,None,None,197.56064880010672,197.56098420009948,198.55909210001118,198.55914970010053,199.57433580001816,199.57438210002147,202.58769470010884,,,,,,,0,0,0,0,41,0,41,0,316.70260670001153,,,,,,,,,,,,,,,,,,,,,,,,,,,,,,197.24373139999807,316.68720080005005,316.70260670001153,316.70260670001153,316.70260670001153,316.70260670001153,317.00400240009185,j,0.28773400001227856,None,right,0,14,6,2,28,21,None,197.56064880010672,197.56098420009948,317.0044651000062,317.01887030003127,317.01887030003127,318.01869210007135,318.01869210007135,318.0024753001053,198.55909210001118,198.55914970010053,318.00870600005146,318.01869210007135,318.01869210007135,319.0177476000972,stimuli/box_empty_transparent.png,199.57433580001816,199.57438210002147,319.01787270000204,319.0338507000124,322.04861540009733,322.03112770000007,202.58769470010884,,,,,,,,,,,,,,802294,right,no,None,2025-05-08_12h34.49.423,RL_out-of-scanner,2024.2.4,60.45726246389446,2025-05-08 12h35.19.120077 -0700,
42,0,42,space,21.196120899985544,None,5,0.7696290999883786,None,202.58939269999973,k,1.0662965999217704,None,['k'],203.68856410006993,203.68875270010903,205.70265300001483,205.70268139999826,206.71795380010735,206.71797880006488,210.23252600000706,[0.28287899994757026],[0.09559100004844368],,,,,0,0,0,0,42,0,42,0,322.04861540009733,,,,,,,,,,,,,,,,,,,,,,,,,,,,,,202.58939269999973,322.0328593000304,322.04861540009733,322.04861540009733,322.04861540009733,322.04861540009733,323.1319241001038,k,1.0662965999217704,None,right,1,14,7,2,29,22,['k'],203.68856410006993,203.68875270010903,323.13221599999815,323.14754400006495,323.14754400006495,325.1628514000913,325.1628514000913,325.1460624000756,205.70265300001483,205.70268139999826,325.1527564000571,325.1628514000913,325.1628514000913,326.1613792000571,stimuli/box_coin_transparent.png,206.71795380010735,206.71797880006488,326.161444800091,326.17762070009485,329.6920779000502,329.6759587000124,210.23252600000706,,,[0.28287899994757026],[0.09559100004844368],,,,,,,,,,802294,right,no,None,2025-05-08_12h34.49.423,RL_out-of-scanner,2024.2.4,60.45726246389446,2025-05-08 12h35.19.120077 -0700,
43,0,43,space,21.196120899985544,None,5,0.7696290999883786,None,210.23398780007847,k,1.1302410999778658,None,['k'],211.38228900008835,211.38250990002416,212.397454900085,212.39748220006004,213.41289470007177,213.41291880002245,215.4283388000913,[0.4833230000222102],[0.09859680000226945],,,,,0,0,0,0,43,0,43,0,329.6920779000502,,,,,,,,,,,,,,,,,,,,,,,,,,,,,,210.23398780007847,329.6774743000278,329.6920779000502,329.6920779000502,329.6920779000502,329.6920779000502,330.82563820004,k,1.1302410999778658,None,right,1,14,8,2,30,23,['k'],211.38228900008835,211.38250990002416,330.82598130009137,330.84154550009407,330.84154550009407,331.85768230003305,331.85768230003305,331.8408706000773,212.397454900085,212.39748220006004,331.84757250000257,331.85768230003305,331.85768230003305,332.8563210000284,stimuli/box_coin_transparent.png,213.41289470007177,213.41291880002245,332.85638370004017,332.87300620006863,334.8882388001075,334.87177250010427,215.4283388000913,,,[0.4833230000222102],[0.09859680000226945],,,,,,,,,,802294,right,no,None,2025-05-08_12h34.49.423,RL_out-of-scanner,2024.2.4,60.45726246389446,2025-05-08 12h35.19.120077 -0700,
44,0,44,space,21.196120899985544,None,5,0.7696290999883786,None,215.42960260005202,k,0.30304090003483,None,None,215.76262630010024,215.76281350001227,218.27561140002217,218.27563910000026,219.29179530008696,219.29184370010626,221.3068197000539,,,,,,,0,0,0,0,44,0,44,0,334.8882388001075,,,,,,,,,,,,,,,,,,,,,,,,,,,,,,215.42960260005202,334.8730753000127,334.8882388001075,334.8882388001075,334.8882388001075,334.8882388001075,335.2060212000506,k,0.30304090003483,None,right,1,14,9,2,31,24,None,215.76262630010024,215.76281350001227,335.20627770002466,335.22119180008303,335.22119180008303,337.73620050004683,337.73620050004683,337.71902880002744,218.27561140002217,218.27563910000026,337.7262707001064,337.73620050004683,337.73620050004683,338.7352060000412,stimuli/box_coin_transparent.png,219.29179530008696,219.29184370010626,338.73533500009216,338.7510618000524,340.7666010000976,340.75025370006915,221.3068197000539,,,,,,,,,,,,,,802294,right,no,None,2025-05-08_12h34.49.423,RL_out-of-scanner,2024.2.4,60.45726246389446,2025-05-08 12h35.19.120077 -0700,
45,0,45,space,21.196120899985544,None,5,0.7696290999883786,None,221.30792510008905,k,0.2919551000231877,None,None,221.62451450002845,221.6247012000531,222.62302170007024,222.62307030009106,223.63820340007078,223.63825650000945,224.63750650000293,,,,,,,0,0,0,0,45,0,45,0,340.7666010000976,,,,,,,,,,,,,,,,,,,,,,,,,,,,,,221.30792510008905,340.75139470002614,340.7666010000976,340.7666010000976,340.7666010000976,340.7666010000976,341.0679165000329,k,0.2919551000231877,None,right,1,14,10,2,32,25,None,221.62451450002845,221.6247012000531,341.06816440005787,341.0831806000788,341.0831806000788,342.082732400042,342.082732400042,342.06640950008295,222.62302170007024,222.62307030009106,342.0731861999957,342.082732400042,342.082732400042,343.08161120000295,stimuli/box_coin_transparent.png,223.63820340007078,223.63825650000945,343.08175220002886,343.0978651000187,344.097308000084,344.0809402000159,224.63750650000293,,,,,,,,,,,,,,802294,right,no,None,2025-05-08_12h34.49.423,RL_out-of-scanner,2024.2.4,60.45726246389446,2025-05-08 12h35.19.120077 -0700,
46,0,46,space,21.196120899985544,None,5,0.7696290999883786,None,224.6385455999989,k,0.332735100062564,None,None,224.98865220008884,224.98887990007643,227.00260090001393,227.0026481000241,228.00217750004958,228.00221200007945,229.00076600001194,,,,,,,0,0,0,0,46,0,46,0,344.097308000084,,,,,,,,,,,,,,,,,,,,,,,,,,,,,,224.6385455999989,344.08201380004175,344.097308000084,344.097308000084,344.097308000084,344.097308000084,344.4320293000201,k,0.332735100062564,None,right,0,14,10,2,33,25,None,224.98865220008884,224.98887990007643,344.4323532000417,344.44707610004116,344.44707610004116,346.4625476000365,346.4625476000365,346.44599360006396,227.00260090001393,227.0026481000241,346.45197360008024,346.4625476000365,346.4625476000365,347.4455977000762,stimuli/box_empty_transparent.png,228.00217750004958,228.00221200007945,347.44569010008126,347.4609321000753,348.4608175000176,348.44419860001653,229.00076600001194,347.4609321000753,347.4609321000753,,,,,,,,,,,,802294,right,no,None,2025-05-08_12h34.49.423,RL_out-of-scanner,2024.2.4,60.45726246389446,2025-05-08 12h35.19.120077 -0700,
47,0,47,space,21.196120899985544,None,5,0.7696290999883786,None,229.0019640000537,j,0.3045367000158876,None,None,229.33553790010046,229.33587330009323,232.34821389999706,232.34824130008928,233.3636779000517,233.36371270008385,234.8793601000216,,,,,,,0,0,0,0,47,0,47,0,348.4608175000176,,,,,,,,,,,,,,,,,,,,,,,,,,,,,,229.0019640000537,348.44543419999536,348.4608175000176,348.4608175000176,348.4608175000176,348.4608175000176,348.77891019999515,j,0.3045367000158876,None,right,0,14,10,2,33,25,None,229.33553790010046,229.33587330009323,348.7793548000045,348.7934844000265,348.7934844000265,351.8082985000219,351.8082985000219,351.79163130000234,232.34821389999706,232.34824130008928,351.79724050010554,351.8082985000219,351.8082985000219,352.8070981000783,stimuli/box_empty_transparent.png,233.3636779000517,233.36371270008385,352.8071905000834,352.8233253000071,354.3390124000143,354.32279320003,234.8793601000216,,,,,,,,,,,,,,802294,right,no,None,2025-05-08_12h34.49.423,RL_out-of-scanner,2024.2.4,60.45726246389446,2025-05-08 12h35.19.120077 -0700,
48,0,48,space,21.196120899985544,None,5,0.7696290999883786,None,234.88083520007785,k,0.4279270999832079,None,None,235.3297453999985,235.32993640005589,236.84487840009388,236.84490720008034,237.84422720002476,237.84424930007663,241.35754540003836,,,,,,,0,0,0,0,48,0,48,0,354.3390124000143,,,,,,,,,,,,,,,,,,,,,,,,,,,,,,234.88083520007785,354.3243220000295,354.3390124000143,354.3390124000143,354.3390124000143,354.3390124000143,354.7731397000607,k,0.4279270999832079,None,right,1,14,11,2,34,26,None,235.3297453999985,235.32993640005589,354.7734026000835,354.7888300000923,354.7888300000923,356.3045661000069,356.3045661000069,356.2882892000489,236.84487840009388,236.84490720008034,356.29498390003573,356.3045661000069,356.3045661000069,357.28765780001413,stimuli/box_coin_transparent.png,237.84422720002476,237.84424930007663,357.28771310008597,357.3030863000313,360.8173674000427,360.8009696000954,241.35754540003836,357.3030863000313,357.3030863000313,,,,,,,,,,,,802294,right,no,None,2025-05-08_12h34.49.423,RL_out-of-scanner,2024.2.4,60.45726246389446,2025-05-08 12h35.19.120077 -0700,
49,0,49,space,21.196120899985544,None,5,0.7696290999883786,None,241.35867790004704,k,0.3219897000817582,None,None,241.70830870000646,241.70849220000673,243.22317610005848,243.22322350007016,244.2382611000212,244.23828430008143,244.2390422000317,,,,,,,0,0,0,0,49,0,49,0,360.8173674000427,,,,,,,,,,,,,,,,,,,,,,,,,,,,,,241.35867790004704,360.802146900096,360.8173674000427,360.8173674000427,360.8173674000427,360.8173674000427,361.15170590009075,k,0.3219897000817582,None,right,1,14,12,2,35,27,None,241.70830870000646,241.70849220000673,361.15195530001074,361.16761780006345,361.16761780006345,362.6830911000725,362.6830911000725,362.6665642000735,243.22317610005848,243.22322350007016,362.6733314000303,362.6830911000725,362.6830911000725,363.6816900999984,stimuli/box_coin_transparent.png,244.2382611000212,244.23828430008143,363.68175020010676,363.698366500088,363.698366500088,363.68246939999517,244.2390422000317,,,,,,,,,,,,,,802294,right,no,None,2025-05-08_12h34.49.423,RL_out-of-scanner,2024.2.4,60.45726246389446,2025-05-08 12h35.19.120077 -0700,
0,0,0,space,21.196120899985544,None,5,0.7696290999883786,None,,,,,,,,,,,,,,,,,,,0,0,0,0,,,,,,,,,,,,,,,,,,,,,,,,,,,,,,,,,,,,,,,,,,,,,,,,,,,,,,,,,,,,,,,,,,,,,,,,,,,,,,,363.69405240006745,363.698366500088,367.6952077000169,367.69755690009333,367.71150730003137,424.31649440003093,424.3007318000309,,,802294,right,no,None,2025-05-08_12h34.49.423,RL_out-of-scanner,2024.2.4,60.45726246389446,2025-05-08 12h35.19.120077 -0700,
0,0,0,space,19.229613000061363,None,5,1.110086499946192,None,0.001215200056321919,k,0.7146765999495983,None,None,0.7334316000342369,0.7336267000064254,1.7317990000592545,1.7318263000342995,2.748109900043346,2.748139400035143,4.762461800011806,,,,,,,1,0,1,0,0,0,0,0,444.70053170004394,,,,,,,,,,,,,,,,424.3009086000966,424.31649440003093,424.31649440003093,443.55184319999535,space,19.229613000061363,None,443.551915600081,443.56764650007244,443.56764650007244,444.6844766000286,5,1.110086499946192,None,0.001215200056321919,444.68574179999996,444.70053170004394,444.70053170004394,444.70053170004394,444.70053170004394,445.41788770002313,k,0.7146765999495983,None,right,1,13,1,3,36,1,None,0.7334316000342369,0.7336267000064254,445.418151400052,445.43329920002725,445.43329920002725,446.433255800046,446.433255800046,446.41627680009697,1.7317990000592545,1.7318263000342995,446.4230202001054,446.433255800046,446.433255800046,447.43259440001566,stimuli/box_coin_transparent.png,2.748109900043346,2.748139400035143,447.43267080001533,447.44824010005686,449.46351040003356,449.4469425000716,4.762461800011806,,,,,,,,,,,,,,802294,right,no,None,2025-05-08_12h34.49.423,RL_out-of-scanner,2024.2.4,60.45726246389446,2025-05-08 12h35.19.120077 -0700,
1,0,1,space,19.229613000061363,None,5,1.110086499946192,None,4.763602799968794,k,0.24816750001627952,None,None,5.029769200016744,5.029960900079459,6.528410300030373,6.528438900015317,7.543500000028871,7.543537000077777,9.042419900069945,,,,,,,1,0,1,0,1,0,1,0,449.46351040003356,,,,,,,,,,,,,,,,,,,,,,,,,,,,,,4.763602799968794,449.44813170004636,449.46351040003356,449.46351040003356,449.46351040003356,449.46351040003356,449.71422220009845,k,0.24816750001627952,None,right,1,13,2,3,37,2,None,5.029769200016744,5.029960900079459,449.714486700017,449.7299798000604,449.7299798000604,451.22921620006673,451.22921620006673,451.21288790006656,6.528410300030373,6.528438900015317,451.21951930003706,451.22921620006673,451.22921620006673,452.22798000008333,stimuli/box_coin_transparent.png,7.543500000028871,7.543537000077777,452.2280752999941,452.24365260009654,453.74324250000063,453.72691349999513,9.042419900069945,,,,,,,,,,,,,,802294,right,no,None,2025-05-08_12h34.49.423,RL_out-of-scanner,2024.2.4,60.45726246389446,2025-05-08 12h35.19.120077 -0700,
2,0,2,space,19.229613000061363,None,5,1.110086499946192,None,9.04341809998732,k,0.2562847000081092,None,None,9.326285400078632,9.326474600005895,10.34175000002142,10.341775299981236,11.35679530003108,11.356834899983369,14.371465699980035,,,,,,,1,0,1,0,2,0,2,0,453.74324250000063,,,,,,,,,,,,,,,,,,,,,,,,,,,,,,9.04341809998732,453.7279470000649,453.74324250000063,453.74324250000063,453.74324250000063,453.74324250000063,454.01073960005306,k,0.2562847000081092,None,right,0,13,2,3,38,2,None,9.326285400078632,9.326474600005895,454.0109998000553,454.0264974000165,454.0264974000165,455.04337820003275,455.04337820003275,455.02623090008274,10.34175000002142,10.341775299981236,455.0317832001019,455.04337820003275,455.04337820003275,456.0412757000886,stimuli/box_empty_transparent.png,11.35679530003108,11.356834899983369,456.0413719000062,456.05730280000716,459.0723714000778,459.0559573000064,14.371465699980035,,,,,,,,,,,,,,802294,right,no,None,2025-05-08_12h34.49.423,RL_out-of-scanner,2024.2.4,60.45726246389446,2025-05-08 12h35.19.120077 -0700,
3,0,3,space,19.229613000061363,None,5,1.110086499946192,None,14.372547200066037,j,0.28490319999400526,None,None,14.688773500034586,14.688983500003815,16.703312700032257,16.70333990000654,17.718568500014953,17.718603800050914,18.71797300002072,,,,,,,1,0,1,0,3,0,3,0,459.0723714000778,,,,,,,,,,,,,,,,,,,,,,,,,,,,,,14.372547200066037,459.0570756000234,459.0723714000778,459.0723714000778,459.0723714000778,459.0723714000778,459.3732335000532,j,0.28490319999400526,None,right,0,13,2,3,38,2,None,14.688773500034586,14.688983500003815,459.3735082000494,459.3892182999989,459.3892182999989,461.40433590009343,461.40433590009343,461.3877907000715,16.703312700032257,16.70333990000654,461.39328720001504,461.40433590009343,461.40433590009343,462.4030498000793,stimuli/box_empty_transparent.png,17.718568500014953,17.718603800050914,462.40313970006537,462.41920770006254,463.41883590002544,463.4024662000593,18.71797300002072,,,,,,,,,,,,,,802294,right,no,None,2025-05-08_12h34.49.423,RL_out-of-scanner,2024.2.4,60.45726246389446,2025-05-08 12h35.19.120077 -0700,
4,0,4,space,19.229613000061363,None,5,1.110086499946192,None,18.718927000067197,k,0.2761451000114903,None,None,19.018783100065775,19.01897660002578,20.017699300078675,20.01772590004839,21.032881200080737,21.032919300021604,23.547359300078824,,,,,,,1,0,1,0,4,0,4,0,463.41883590002544,,,,,,,,,,,,,,,,,,,,,,,,,,,,,,18.718927000067197,463.4034540000139,463.41883590002544,463.41883590002544,463.41883590002544,463.41883590002544,463.7032350000227,k,0.2761451000114903,None,right,1,13,3,3,39,3,None,19.018783100065775,19.01897660002578,463.703502300079,463.71878460003063,463.71878460003063,464.71833669999614,464.71833669999614,464.7021786000114,20.017699300078675,20.01772590004839,464.7087402000325,464.71833669999614,464.71833669999614,465.71736080001574,stimuli/box_coin_transparent.png,21.032881200080737,21.032919300021604,465.7174605000764,465.7337275000755,468.2483419000637,468.23185280000325,23.547359300078824,,,,,,,,,,,,,,802294,right,no,None,2025-05-08_12h34.49.423,RL_out-of-scanner,2024.2.4,60.45726246389446,2025-05-08 12h35.19.120077 -0700,
5,0,5,space,19.229613000061363,None,5,1.110086499946192,None,23.54838849999942,k,0.3105935000348836,None,None,23.88175900001079,23.88195060007274,27.394760300056078,27.394791300059296,28.410032300045714,28.41005700000096,30.425411200034432,,,,,,,1,0,1,0,5,0,5,0,468.2483419000637,,,,,,,,,,,,,,,,,,,,,,,,,,,,,,23.54838849999942,468.23291670007166,468.2483419000637,468.2483419000637,468.2483419000637,468.2483419000637,468.5662141001085,k,0.3105935000348836,None,right,0,13,3,3,40,3,None,23.88175900001079,23.88195060007274,468.56647620000876,468.5815793001093,468.5815793001093,472.0960335000418,472.0960335000418,472.07921590004116,27.394760300056078,27.394791300059296,472.0847859000787,472.0960335000418,472.0960335000418,473.09452170005534,stimuli/box_empty_transparent.png,28.410032300045714,28.41005700000096,473.09458170004655,473.1105600000592,475.12627000000793,475.10989390010945,30.425411200034432,,,,,,,,,,,,,,802294,right,no,None,2025-05-08_12h34.49.423,RL_out-of-scanner,2024.2.4,60.45726246389446,2025-05-08 12h35.19.120077 -0700,
6,0,6,space,19.229613000061363,None,5,1.110086499946192,None,30.4266943000257,j,0.2634131000377238,None,None,30.709583000047132,30.709793300018646,31.708210300072096,31.708236000034958,32.72335830004886,32.72339539998211,33.72321079997346,,,,,,,1,0,1,0,6,0,6,0,475.12627000000793,,,,,,,,,,,,,,,,,,,,,,,,,,,,,,30.4266943000257,475.1112267000135,475.12627000000793,475.12627000000793,475.12627000000793,475.12627000000793,475.3940470000962,j,0.2634131000377238,None,right,0,13,3,3,40,3,None,30.709583000047132,30.709793300018646,475.3943173000589,475.4093838999979,475.4093838999979,476.4088802000042,476.4088802000042,476.39269000000786,31.708210300072096,31.708236000034958,476.3982015000656,476.4088802000042,476.4088802000042,477.4078391001094,stimuli/box_empty_transparent.png,32.72335830004886,32.72339539998211,477.4079325000057,477.42403810005635,478.42371780006215,478.40770500001963,33.72321079997346,,,,,,,,,,,,,,802294,right,no,None,2025-05-08_12h34.49.423,RL_out-of-scanner,2024.2.4,60.45726246389446,2025-05-08 12h35.19.120077 -0700,
7,0,7,space,19.229613000061363,None,5,1.110086499946192,None,33.72421600006055,k,0.29174180002883077,None,None,34.04038660007063,34.040579200023785,36.05457729997579,36.0546064999653,37.06987270002719,37.069910400081426,39.085095299989916,,,,,,,1,0,1,0,7,0,7,0,478.42371780006215,,,,,,,,,,,,,,,,,,,,,,,,,,,,,,33.72421600006055,478.408743100008,478.42371780006215,478.42371780006215,478.42371780006215,478.42371780006215,478.72484260005876,k,0.29174180002883077,None,right,1,13,4,3,41,4,None,34.04038660007063,34.040579200023785,478.7251046000747,478.739657200058,478.739657200058,480.7558671000879,480.7558671000879,480.73905190010555,36.05457729997579,36.0546064999653,480.7456459000241,480.7558671000879,480.7558671000879,481.75435220007785,stimuli/box_coin_transparent.png,37.06987270002719,37.069910400081426,481.7544509000145,481.7703010000987,483.7860590000637,483.7695778000634,39.085095299989916,,,,,,,,,,,,,,802294,right,no,None,2025-05-08_12h34.49.423,RL_out-of-scanner,2024.2.4,60.45726246389446,2025-05-08 12h35.19.120077 -0700,
8,0,8,space,19.229613000061363,None,5,1.110086499946192,None,39.086270299972966,k,0.2575339999748394,None,None,39.36935489997268,39.36954169999808,42.382999500026926,42.383026399998926,43.398736700066365,43.398798900074326,44.89716060005594,,,,,,,1,0,1,0,8,0,8,0,483.7860590000637,,,,,,,,,,,,,,,,,,,,,,,,,,,,,,39.086270299972966,483.7707995000528,483.7860590000637,483.7860590000637,483.7860590000637,483.7860590000637,484.05381340009626,k,0.2575339999748394,None,right,0,13,4,3,42,4,None,39.36935489997268,39.36954169999808,484.0540655000368,484.0691420000512,484.0691420000512,487.08431030006614,487.08431030006614,487.0674776000669,42.382999500026926,42.383026399998926,487.0737957000965,487.08431030006614,487.08431030006614,488.08319930010475,stimuli/box_empty_transparent.png,43.398736700066365,43.398798900074326,488.08336160006,488.09864260000177,489.59799330006354,489.58165420009755,44.89716060005594,,,,,,,,,,,,,,802294,right,no,None,2025-05-08_12h34.49.423,RL_out-of-scanner,2024.2.4,60.45726246389446,2025-05-08 12h35.19.120077 -0700,
9,0,9,space,19.229613000061363,None,5,1.110086499946192,None,44.89815789996646,j,0.28957320004701614,None,None,45.21523870003875,45.2155660999706,46.72963209997397,46.72965850005858,47.74492500000633,47.74496290006209,49.75999330007471,,,,,,,1,0,1,0,9,0,9,0,489.59799330006354,,,,,,,,,,,,,,,,,,,,,,,,,,,,,,44.89815789996646,489.58268680004403,489.59799330006354,489.59799330006354,489.59799330006354,489.59799330006354,489.8996944000246,j,0.28957320004701614,None,right,0,13,4,3,42,4,None,45.21523870003875,45.2155660999706,489.90010640001856,489.91441860003397,489.91441860003397,491.43059920007363,491.43059920007363,491.41410920000635,46.72963209997397,46.72965850005858,491.41959910001606,491.43059920007363,491.43059920007363,492.4294047000585,stimuli/box_empty_transparent.png,47.74492500000633,47.74496290006209,492.42950319999363,492.4455138000194,494.4608721000841,494.4444773000432,49.75999330007471,,,,,,,,,,,,,,802294,right,no,None,2025-05-08_12h34.49.423,RL_out-of-scanner,2024.2.4,60.45726246389446,2025-05-08 12h35.19.120077 -0700,
10,0,10,space,19.229613000061363,None,5,1.110086499946192,None,49.76114910002798,k,0.7801296000834554,None,['k'],50.56012380006723,50.560324499965645,52.05876140005421,52.05878690001555,53.05798759998288,53.058011000044644,54.056659499998204,[0.24957680003717542],[0.10382219997700304],,,,,1,0,1,0,10,0,10,0,494.4608721000841,,,,,,,,,,,,,,,,,,,,,,,,,,,,,,49.76114910002798,494.4456787999952,494.4608721000841,494.4608721000841,494.4608721000841,494.4608721000841,495.24454590003006,k,0.7801296000834554,None,right,1,13,5,3,43,5,['k'],50.56012380006723,50.560324499965645,495.2448516000295,495.2601835000096,495.2601835000096,496.75929020007607,496.75929020007607,496.7432397000957,52.05876140005421,52.05878690001555,496.74989900004584,496.75929020007607,496.75929020007607,497.74247610010207,stimuli/box_coin_transparent.png,53.05798759998288,53.058011000044644,497.7425324000651,497.7579199000029,498.7578788000392,498.7411523000337,54.056659499998204,497.7579199000029,497.7579199000029,[0.24957680003717542],[0.10382219997700304],,,,,,,,,,802294,right,no,None,2025-05-08_12h34.49.423,RL_out-of-scanner,2024.2.4,60.45726246389446,2025-05-08 12h35.19.120077 -0700,
11,0,11,space,19.229613000061363,None,5,1.110086499946192,None,54.057757499977015,k,0.2747881000395864,None,None,54.35731820005458,54.35750889999326,56.37155110004824,56.371594200027175,57.38679100002628,57.38681529997848,58.886193400016055,,,,,,,1,0,1,0,11,0,11,0,498.7578788000392,,,,,,,,,,,,,,,,,,,,,,,,,,,,,,54.057757499977015,498.7422846000409,498.7578788000392,498.7578788000392,498.7578788000392,498.7578788000392,499.0417737000389,k,0.2747881000395864,None,right,1,13,6,3,44,6,None,54.35731820005458,54.35750889999326,499.04203440004494,499.05709820007905,499.05709820007905,501.072857900057,501.072857900057,501.0560078000417,56.37155110004824,56.371594200027175,501.06284580007195,501.072857900057,501.072857900057,502.0712801000336,stimuli/box_coin_transparent.png,57.38679100002628,57.38681529997848,502.07134210004006,502.0877090001013,503.58709470008034,503.57068680005614,58.886193400016055,,,,,,,,,,,,,,802294,right,no,None,2025-05-08_12h34.49.423,RL_out-of-scanner,2024.2.4,60.45726246389446,2025-05-08 12h35.19.120077 -0700,
12,0,12,space,19.229613000061363,None,5,1.110086499946192,None,58.88724289997481,k,0.28129910002462566,None,None,59.18687089998275,59.187062600045465,60.20185169996694,60.20189340005163,61.2016856999835,61.201708400039934,64.21491580002476,,,,,,,1,0,1,0,12,0,12,0,503.58709470008034,,,,,,,,,,,,,,,,,,,,,,,,,,,,,,58.88724289997481,503.5717717000516,503.58709470008034,503.58709470008034,503.58709470008034,503.58709470008034,503.8713279000949,k,0.28129910002462566,None,right,1,13,7,3,45,7,None,59.18687089998275,59.187062600045465,503.87158700008877,503.8867615000345,503.8867615000345,504.90270100010093,504.90270100010093,504.8863115001004,60.20185169996694,60.20189340005163,504.893222700106,504.90270100010093,504.90270100010093,505.88617690000683,stimuli/box_coin_transparent.png,61.2016856999835,61.201708400039934,505.886230800068,505.90134229999967,508.9161135000177,508.8993990001036,64.21491580002476,505.90134229999967,505.90134229999967,,,,,,,,,,,,802294,right,no,None,2025-05-08_12h34.49.423,RL_out-of-scanner,2024.2.4,60.45726246389446,2025-05-08 12h35.19.120077 -0700,
13,0,13,space,19.229613000061363,None,5,1.110086499946192,None,64.21616160008125,k,0.2967168999603018,None,None,64.53217949997634,64.53236960002687,65.03102610004134,65.0310557000339,66.04706900008023,66.04712030000519,68.06237890000921,,,,,,,1,0,1,0,13,0,13,0,508.9161135000177,,,,,,,,,,,,,,,,,,,,,,,,,,,,,,64.21616160008125,508.90069270005915,508.9161135000177,508.9161135000177,508.9161135000177,508.9161135000177,509.21663380006794,k,0.2967168999603018,None,right,1,13,8,3,46,8,None,64.53217949997634,64.53236960002687,509.2168947000755,509.232606900041,509.232606900041,509.73264990001917,509.73264990001917,509.71550030005164,65.03102610004134,65.0310557000339,509.72264630009886,509.73264990001917,509.73264990001917,510.7315381000517,stimuli/box_coin_transparent.png,66.04706900008023,66.04712030000519,510.73167920007836,510.7474599000998,512.7630608000327,512.7468632000964,68.06237890000921,,,,,,,,,,,,,,802294,right,no,None,2025-05-08_12h34.49.423,RL_out-of-scanner,2024.2.4,60.45726246389446,2025-05-08 12h35.19.120077 -0700,
14,0,14,space,19.229613000061363,None,5,1.110086499946192,None,68.06356809998397,k,0.22697630000766367,None,None,68.31288350000978,68.31307370006107,69.8277307000244,69.82776030001696,70.84302020003088,70.84305070003029,71.84248850005679,,,,,,,1,0,1,0,14,0,14,0,512.7630608000327,,,,,,,,,,,,,,,,,,,,,,,,,,,,,,68.06356809998397,512.7480972000631,512.7630608000327,512.7630608000327,512.7630608000327,512.7630608000327,512.9973376000999,k,0.22697630000766367,None,right,1,13,9,3,47,9,None,68.31288350000978,68.31307370006107,512.9975987999933,513.0127061000094,513.0127061000094,514.5286857000319,514.5286857000319,514.5121979000978,69.8277307000244,69.82776030001696,514.5193076001015,514.5286857000319,514.5286857000319,515.5275044000009,stimuli/box_coin_transparent.png,70.84302020003088,70.84305070003029,515.5275806999998,515.5436468000989,516.5434109000489,516.5269825001014,71.84248850005679,,,,,,,,,,,,,,802294,right,no,None,2025-05-08_12h34.49.423,RL_out-of-scanner,2024.2.4,60.45726246389446,2025-05-08 12h35.19.120077 -0700,
15,0,15,space,19.229613000061363,None,5,1.110086499946192,None,71.84347800002433,k,0.26979610009584576,None,None,72.1432793000713,72.14346370007843,73.14176280004904,73.14178830001038,74.15741490002256,74.15746340004262,76.17233349999879,,,,,,,1,0,1,0,15,0,15,0,516.5434109000489,,,,,,,,,,,,,,,,,,,,,,,,,,,,,,71.84347800002433,516.5280062000966,516.5434109000489,516.5434109000489,516.5434109000489,516.5434109000489,516.8277375000762,k,0.26979610009584576,None,right,1,13,10,3,48,10,None,72.1432793000713,72.14346370007843,516.8279875000007,516.8429141000379,516.8429141000379,517.8428462001029,517.8428462001029,517.8262433001073,73.14176280004904,73.14178830001038,517.8327972000698,517.8428462001029,517.8428462001029,518.8418866000138,stimuli/box_coin_transparent.png,74.15741490002256,74.15746340004262,518.8420129000442,518.8574950000038,520.8732103001093,520.8568104000296,76.17233349999879,,,,,,,,,,,,,,802294,right,no,None,2025-05-08_12h34.49.423,RL_out-of-scanner,2024.2.4,60.45726246389446,2025-05-08 12h35.19.120077 -0700,
16,0,16,space,19.229613000061363,None,5,1.110086499946192,None,76.17344470007811,k,0.3079289000015706,None,None,76.50660760002211,76.50679850007873,78.52086400007829,78.52091029996518,79.53598619997501,79.53600910003297,80.5355547000654,,,,,,,1,0,1,0,16,0,16,0,520.8732103001093,,,,,,,,,,,,,,,,,,,,,,,,,,,,,,76.17344470007811,520.8579725000309,520.8732103001093,520.8732103001093,520.8732103001093,520.8732103001093,521.1910601001,k,0.3079289000015706,None,right,0,13,10,3,49,10,None,76.50660760002211,76.50679850007873,521.1913229000056,521.206241200096,521.206241200096,523.2224152000854,523.2224152000854,523.20531390002,78.52086400007829,78.52091029996518,523.2110060000559,523.2224152000854,523.2224152000854,524.2204759001033,stimuli/box_empty_transparent.png,79.53598619997501,79.53600910003297,524.2205346000846,524.236628600047,525.2362176000606,525.2200481001055,80.5355547000654,,,,,,,,,,,,,,802294,right,no,None,2025-05-08_12h34.49.423,RL_out-of-scanner,2024.2.4,60.45726246389446,2025-05-08 12h35.19.120077 -0700,
17,0,17,space,19.229613000061363,None,5,1.110086499946192,None,80.53659450006671,j,0.284374599927105,None,None,80.85273809998762,80.85295179998502,81.8681188999908,81.86815110000316,82.88344170001801,82.88348590000533,83.88308250007685,,,,,,,1,0,1,0,17,0,17,0,525.2362176000606,,,,,,,,,,,,,,,,,,,,,,,,,,,,,,80.53659450006671,525.2211269000545,525.2362176000606,525.2362176000606,525.2362176000606,525.2362176000606,525.5372005000245,j,0.284374599927105,None,right,0,13,10,3,49,10,None,80.85273809998762,80.85295179998502,525.5374774000375,525.5532677000156,525.5532677000156,526.5692136000143,526.5692136000143,526.5525879000779,81.8681188999908,81.86815110000316,526.5582274000626,526.5692136000143,526.5692136000143,527.5679157000268,stimuli/box_empty_transparent.png,82.88344170001801,82.88348590000533,527.5680310000898,527.5839942001039,528.5836094000842,528.5675588001031,83.88308250007685,,,,,,,,,,,,,,802294,right,no,None,2025-05-08_12h34.49.423,RL_out-of-scanner,2024.2.4,60.45726246389446,2025-05-08 12h35.19.120077 -0700,
18,0,18,space,19.229613000061363,None,5,1.110086499946192,None,83.88434400002006,k,0.2791169999400154,None,None,84.18390850001015,84.18413180008065,87.69718889996875,87.69721460004803,88.71226270007901,88.7123023000313,90.72744769998826,,,,,,,1,0,1,0,18,0,18,0,528.5836094000842,,,,,,,,,,,,,,,,,,,,,,,,,,,,,,83.88434400002006,528.5688720000908,528.5836094000842,528.5836094000842,528.5836094000842,528.5836094000842,528.8683408000506,k,0.2791169999400154,None,right,1,13,11,3,50,11,None,84.18390850001015,84.18413180008065,528.8686545999954,528.8833078000462,528.8833078000462,532.3975632000947,532.3975632000947,532.3816681000171,87.69718889996875,87.69721460004803,532.3882583000232,532.3975632000947,532.3975632000947,533.3967414000072,stimuli/box_coin_transparent.png,88.71226270007901,88.7123023000313,533.3968462001067,533.4129885000875,535.4277958000312,535.4119312000694,90.72744769998826,,,,,,,,,,,,,,802294,right,no,None,2025-05-08_12h34.49.423,RL_out-of-scanner,2024.2.4,60.45726246389446,2025-05-08 12h35.19.120077 -0700,
19,0,19,space,19.229613000061363,None,5,1.110086499946192,None,90.72858430002816,k,0.26073870004620403,None,None,91.01145690004341,91.0116435000673,92.02667469996959,92.02670230006333,93.04191979998723,93.04195460001938,94.5575445999857,,,,,,,1,0,1,0,19,0,19,0,535.4277958000312,,,,,,,,,,,,,,,,,,,,,,,,,,,,,,90.72858430002816,535.4131113000913,535.4277958000312,535.4277958000312,535.4277958000312,535.4277958000312,535.6959220001008,k,0.26073870004620403,None,right,0,13,11,3,51,11,None,91.01145690004341,91.0116435000673,535.696167300106,535.7116398999933,535.7116398999933,536.7276804000139,536.7276804000139,536.7111492000986,92.02667469996959,92.02670230006333,536.71675900009,536.7276804000139,536.7276804000139,537.7263998000417,stimuli/box_empty_transparent.png,93.04191979998723,93.04195460001938,537.7264905000338,537.7424389000516,539.2584223001031,539.2420382000273,94.5575445999857,,,,,,,,,,,,,,802294,right,no,None,2025-05-08_12h34.49.423,RL_out-of-scanner,2024.2.4,60.45726246389446,2025-05-08 12h35.19.120077 -0700,
20,0,20,space,19.229613000061363,None,5,1.110086499946192,None,94.55920420004986,j,0.25169239996466786,None,None,94.8418837999925,94.84209689998534,96.85621290002018,96.85623909998685,97.87166180007625,97.87170790007804,99.87079469999298,,,,,,,1,0,1,0,20,0,20,0,539.2584223001031,,,,,,,,,,,,,,,,,,,,,,,,,,,,,,94.55920420004986,539.2437633000081,539.2584223001031,539.2584223001031,539.2584223001031,539.2584223001031,539.526341100107,j,0.25169239996466786,None,right,0,13,11,3,51,11,None,94.8418837999925,94.84209689998534,539.5266242000507,539.5417115000309,539.5417115000309,541.5569087000331,541.5569087000331,541.5406929000746,96.85621290002018,96.85623909998685,541.5461547001032,541.5569087000331,541.5569087000331,542.556133700069,stimuli/box_empty_transparent.png,97.87166180007625,97.87170790007804,542.556239400059,542.5719861000543,544.5708570000716,544.5552884000354,99.87079469999298,,,,,,,,,,,,,,802294,right,no,None,2025-05-08_12h34.49.423,RL_out-of-scanner,2024.2.4,60.45726246389446,2025-05-08 12h35.19.120077 -0700,
21,0,21,space,19.229613000061363,None,5,1.110086499946192,None,99.87177660001907,k,0.27408970007672906,None,None,100.1707925000228,100.1710207000142,103.18438280001283,103.18442599999253,104.19979290000629,104.19983930001035,105.71562470006756,,,,,,,1,0,1,0,21,0,21,0,544.5708570000716,,,,,,,,,,,,,,,,,,,,,,,,,,,,,,99.87177660001907,544.5563068001065,544.5708570000716,544.5708570000716,544.5708570000716,544.5708570000716,544.855249300017,k,0.27408970007672906,None,right,1,13,12,3,52,12,None,100.1707925000228,100.1710207000142,544.8555468000704,544.8707509000087,544.8707509000087,547.885676600039,547.885676600039,547.8688374001067,103.18438280001283,103.18442599999253,547.8758277000161,547.885676600039,547.885676600039,548.8842648999998,stimuli/box_coin_transparent.png,104.19979290000629,104.19983930001035,548.8843911000295,548.9002824000781,550.4161135000177,550.4001084000338,105.71562470006756,,,,,,,,,,,,,,802294,right,no,None,2025-05-08_12h34.49.423,RL_out-of-scanner,2024.2.4,60.45726246389446,2025-05-08 12h35.19.120077 -0700,
22,0,22,space,19.229613000061363,None,5,1.110086499946192,None,105.71688239998184,k,0.29753450001589954,None,None,106.0324350000592,106.0326324000489,107.54730490001384,107.54733259999193,108.56298350007273,108.56301990000065,110.57831760006957,,,,,,,1,0,1,0,22,0,22,0,550.4161135000177,,,,,,,,,,,,,,,,,,,,,,,,,,,,,,105.71688239998184,550.4014141000807,550.4161135000177,550.4161135000177,550.4161135000177,550.4161135000177,550.716888200026,k,0.29753450001589954,None,right,0,13,12,3,53,12,None,106.0324350000592,106.0326324000489,550.7171587001067,550.7326773999957,550.7326773999957,552.2486834001029,552.2486834001029,552.2317816000432,107.54730490001384,107.54733259999193,552.2374611000996,552.2486834001029,552.2486834001029,553.2474640000146,stimuli/box_empty_transparent.png,108.56298350007273,108.56301990000065,553.2475594000425,553.2636922000675,555.2789628000464,555.2627969000023,110.57831760006957,,,,,,,,,,,,,,802294,right,no,None,2025-05-08_12h34.49.423,RL_out-of-scanner,2024.2.4,60.45726246389446,2025-05-08 12h35.19.120077 -0700,
23,0,23,space,19.229613000061363,None,5,1.110086499946192,None,110.57954820001032,j,0.30395480000879616,None,None,110.91213850001805,110.91234879998956,112.4269921000814,112.42702090006787,113.44253810006194,113.4425730999792,114.95805420004763,,,,,,,1,0,1,0,23,0,23,0,555.2789628000464,,,,,,,,,,,,,,,,,,,,,,,,,,,,,,110.57954820001032,555.2640791001031,555.2789628000464,555.2789628000464,555.2789628000464,555.2789628000464,555.5966025000671,j,0.30395480000879616,None,right,0,13,12,3,53,12,None,110.91213850001805,110.91234879998956,555.5968731000321,555.6123355000746,555.6123355000746,557.1281859000446,557.1281859000446,557.111462800065,112.4269921000814,112.42702090006787,557.1170231000287,557.1281859000446,557.1281859000446,558.127018500003,stimuli/box_empty_transparent.png,113.44253810006194,113.4425730999792,558.1271099000005,558.1427991000237,559.6589679000899,559.642548300093,114.95805420004763,,,,,,,,,,,,,,802294,right,no,None,2025-05-08_12h34.49.423,RL_out-of-scanner,2024.2.4,60.45726246389446,2025-05-08 12h35.19.120077 -0700,
24,0,24,space,19.229613000061363,None,5,1.110086499946192,None,114.95911629998591,k,0.23421260004397482,None,None,115.22556030005217,115.22574300004635,117.2398846000433,117.2399296000367,118.23939810006414,118.23942130000796,119.75364560005255,,,,,,,1,0,1,0,24,0,24,0,559.6589679000899,,,,,,,,,,,,,,,,,,,,,,,,,,,,,,114.95911629998591,559.6436468000757,559.6589679000899,559.6589679000899,559.6589679000899,559.6589679000899,559.9100195000647,k,0.23421260004397482,None,right,0,13,12,3,54,12,None,115.22556030005217,115.22574300004635,559.9102654000744,559.9253113000887,559.9253113000887,561.9406317000976,561.9406317000976,561.9243374000071,117.2398846000433,117.2399296000367,561.9300561000127,561.9406317000976,561.9406317000976,562.9238881000783,stimuli/box_empty_transparent.png,118.23939810006414,118.23942130000796,562.9239474000642,562.9392187000485,564.4551075000782,564.4381394000957,119.75364560005255,562.9392187000485,562.9392187000485,,,,,,,,,,,,802294,right,no,None,2025-05-08_12h34.49.423,RL_out-of-scanner,2024.2.4,60.45726246389446,2025-05-08 12h35.19.120077 -0700,
25,0,25,space,19.229613000061363,None,5,1.110086499946192,None,119.75485430005938,j,0.298071900033392,None,None,120.07149740005843,120.071720500011,121.07058240007609,121.07063249999192,122.08553440007381,122.08557900006417,125.59959910006728,,,,,,,1,0,1,0,25,0,25,0,564.4551075000782,,,,,,,,,,,,,,,,,,,,,,,,,,,,,,119.75485430005938,564.439384700032,564.4551075000782,564.4551075000782,564.4551075000782,564.4551075000782,564.755945000099,j,0.298071900033392,None,right,0,13,12,3,54,12,None,120.07149740005843,120.071720500011,564.7562478000764,564.7719358000904,564.7719358000904,565.7711340000387,565.7711340000387,565.7550279001007,121.07058240007609,121.07063249999192,565.760660000029,565.7711340000387,565.7711340000387,566.7700077000773,stimuli/box_empty_transparent.png,122.08553440007381,122.08557900006417,566.7701257000444,566.7861447000178,570.3004537000088,570.2840924001066,125.59959910006728,,,,,,,,,,,,,,802294,right,no,None,2025-05-08_12h34.49.423,RL_out-of-scanner,2024.2.4,60.45726246389446,2025-05-08 12h35.19.120077 -0700,
26,0,26,space,19.229613000061363,None,5,1.110086499946192,None,125.6006624000147,k,0.27081169991288334,None,None,125.90060809999704,125.90079230000265,126.39955460000783,126.39958059997298,127.41459349996876,127.41462930000853,130.9286476999987,,,,,,,1,0,1,0,26,0,26,0,570.3004537000088,,,,,,,,,,,,,,,,,,,,,,,,,,,,,,125.6006624000147,570.2851915000938,570.3004537000088,570.3004537000088,570.3004537000088,570.3004537000088,570.585068800021,k,0.27081169991288334,None,right,1,13,13,3,55,13,None,125.90060809999704,125.90079230000265,570.5853223000886,570.600065000006,570.600065000006,571.100404900033,571.100404900033,571.0840356000699,126.39955460000783,126.39958059997298,571.0906145001063,571.100404900033,571.100404900033,572.0990741000278,stimuli/box_coin_transparent.png,127.41459349996876,127.41462930000853,572.0991948000155,572.1152738000965,575.6296422000742,575.6131259000394,130.9286476999987,,,,,,,,,,,,,,802294,right,no,None,2025-05-08_12h34.49.423,RL_out-of-scanner,2024.2.4,60.45726246389446,2025-05-08 12h35.19.120077 -0700,
27,0,27,space,19.229613000061363,None,5,1.110086499946192,None,130.93004210002255,k,0.30317239998839796,None,None,131.26258089998737,131.26278250000905,132.77752550004516,132.77755430003162,133.79323040007148,133.79327540006489,134.7922216000734,,,,,,,1,0,1,0,27,0,27,0,575.6296422000742,,,,,,,,,,,,,,,,,,,,,,,,,,,,,,130.93004210002255,575.6145739000058,575.6296422000742,575.6296422000742,575.6296422000742,575.6296422000742,575.9470309000462,k,0.30317239998839796,None,left,1,9,0,4,55,13,None,131.26258089998737,131.26278250000905,575.9473105000798,575.9625164000317,575.9625164000317,577.4784908000147,577.4784908000147,577.4620014000684,132.77752550004516,132.77755430003162,577.4676288000774,577.4784908000147,577.4784908000147,578.4777044000803,stimuli/box_empty_transparent.png,133.79323040007148,133.79327540006489,578.4778211000375,578.4934576000087,579.4931634000968,579.4767058000434,134.7922216000734,,,,,,,,,,,,,,802294,right,no,None,2025-05-08_12h34.49.423,RL_out-of-scanner,2024.2.4,60.45726246389446,2025-05-08 12h35.19.120077 -0700,
28,0,28,space,19.229613000061363,None,5,1.110086499946192,None,134.7933575999923,j,0.29447520000394434,None,None,135.10980510001536,135.11002999998163,136.10794680006802,136.10797260003164,137.1234567000065,137.12349180004094,140.63754889997654,,,,,,,1,0,1,0,28,0,28,0,579.4931634000968,,,,,,,,,,,,,,,,,,,,,,,,,,,,,,134.7933575999923,579.4778886000859,579.4931634000968,579.4931634000968,579.4931634000968,579.4931634000968,579.7942588001024,j,0.29447520000394434,None,left,1,9,1,4,56,14,None,135.10980510001536,135.11002999998163,579.7945563000394,579.8095291000791,579.8095291000791,580.8092715000967,580.8092715000967,580.7924244001042,136.10794680006802,136.10797260003164,580.7994094000896,580.8092715000967,580.8092715000967,581.8079378000693,stimuli/box_coin_transparent.png,137.1234567000065,137.12349180004094,581.8080309000798,581.8242490000557,585.3387069000164,585.3220302000409,140.63754889997654,,,,,,,,,,,,,,802294,right,no,None,2025-05-08_12h34.49.423,RL_out-of-scanner,2024.2.4,60.45726246389446,2025-05-08 12h35.19.120077 -0700,
29,0,29,space,19.229613000061363,None,5,1.110086499946192,None,140.6388152000727,j,0.2574354000389576,None,None,140.92177270003594,140.92198690003715,142.93613709998317,142.93618089996744,143.95178070000838,143.95181910006795,144.95076649996918,,,,,,,1,0,1,0,29,0,29,0,585.3387069000164,,,,,,,,,,,,,,,,,,,,,,,,,,,,,,140.6388152000727,585.3233440000331,585.3387069000164,585.3387069000164,585.3387069000164,585.3387069000164,585.6062299000332,j,0.2574354000389576,None,left,1,9,2,4,57,15,None,140.92177270003594,140.92198690003715,585.6065125000896,585.6215245000785,585.6215245000785,587.6370616001077,587.6370616001077,587.6205854000291,142.93613709998317,142.93618089996744,587.6272852000548,587.6370616001077,587.6370616001077,588.6362600000575,stimuli/box_coin_transparent.png,143.95178070000838,143.95181910006795,588.6363614000147,588.6519130000379,589.6518223000458,589.6352506000549,144.95076649996918,,,,,,,,,,,,,,802294,right,no,None,2025-05-08_12h34.49.423,RL_out-of-scanner,2024.2.4,60.45726246389446,2025-05-08 12h35.19.120077 -0700,
30,0,30,space,19.229613000061363,None,5,1.110086499946192,None,144.95192260004114,j,0.2987389999907464,None,None,145.26856870006304,145.2687957000453,146.26709750003647,146.26712390000466,147.28194120002445,147.28197850007564,148.28142959997058,,,,,,,1,0,1,0,30,0,30,0,589.6518223000458,,,,,,,,,,,,,,,,,,,,,,,,,,,,,,144.95192260004114,589.6364499001065,589.6518223000458,589.6518223000458,589.6518223000458,589.6518223000458,589.9530212000245,j,0.2987389999907464,None,left,1,9,3,4,58,16,None,145.26856870006304,145.2687957000453,589.9533208000939,589.9680006999988,589.9680006999988,590.9681883000303,590.9681883000303,590.9515751000727,146.26709750003647,146.26712390000466,590.9582308999961,590.9681883000303,590.9681883000303,591.9664196000667,stimuli/box_coin_transparent.png,147.28194120002445,147.28197850007564,591.9665206000209,591.9825505000772,592.9824631999945,592.9659226000076,148.28142959997058,,,,,,,,,,,,,,802294,right,no,None,2025-05-08_12h34.49.423,RL_out-of-scanner,2024.2.4,60.45726246389446,2025-05-08 12h35.19.120077 -0700,
31,0,31,space,19.229613000061363,None,5,1.110086499946192,None,148.2828347000759,j,0.3153729001060128,None,None,148.61562549998052,148.61585100006778,151.62914259999525,151.62916949996725,152.64467910001986,152.64471510006115,155.1593731000321,,,,,,,1,0,1,0,31,0,31,0,592.9824631999945,,,,,,,,,,,,,,,,,,,,,,,,,,,,,,148.2828347000759,592.9673640000401,592.9824631999945,592.9824631999945,592.9824631999945,592.9824631999945,593.3000774000539,j,0.3153729001060128,None,left,1,9,4,4,59,17,None,148.61562549998052,148.61585100006778,593.3003791000228,593.3151567000896,593.3151567000896,596.330310300109,596.330310300109,596.3136215000413,151.62914259999525,151.62916949996725,596.3203799000476,596.330310300109,596.330310300109,597.3291599000804,stimuli/box_coin_transparent.png,152.64467910001986,152.64471510006115,597.3292540000984,597.3451139000244,599.8606058000587,599.8438669000752,155.1593731000321,,,,,,,,,,,,,,802294,right,no,None,2025-05-08_12h34.49.423,RL_out-of-scanner,2024.2.4,60.45726246389446,2025-05-08 12h35.19.120077 -0700,
32,0,32,space,19.229613000061363,None,5,1.110086499946192,None,155.16037810000125,j,0.2618172001093626,None,None,155.44333440007176,155.4435462000547,156.4422664999729,156.44230850005988,157.4416963000549,157.44171769998502,158.44060620001983,,,,,,,1,0,1,0,32,0,32,0,599.8606058000587,,,,,,,,,,,,,,,,,,,,,,,,,,,,,,155.16037810000125,599.8449062000727,599.8606058000587,599.8606058000587,599.8606058000587,599.8606058000587,600.1277948000934,j,0.2618172001093626,None,left,1,9,5,4,60,18,None,155.44333440007176,155.4435462000547,600.1280719001079,600.1433833000483,600.1433833000483,601.1428291000193,601.1428291000193,601.1267257001018,156.4422664999729,156.44230850005988,601.1336352000944,601.1428291000193,601.1428291000193,602.1261878000805,stimuli/box_coin_transparent.png,157.4416963000549,157.44171769998502,602.1262396000093,602.1413089000853,603.1409741000971,603.1250993000576,158.44060620001983,602.1413089000853,602.1413089000853,,,,,,,,,,,,802294,right,no,None,2025-05-08_12h34.49.423,RL_out-of-scanner,2024.2.4,60.45726246389446,2025-05-08 12h35.19.120077 -0700,
33,0,33,space,19.229613000061363,None,5,1.110086499946192,None,158.44167710002512,k,0.36585269996430725,None,None,158.82396710000467,158.82415550004225,160.83832750003785,160.83835370000452,161.83813990000635,161.83816450007726,163.35333589999937,,,,,,,1,0,1,0,33,0,33,0,603.1409741000971,,,,,,,,,,,,,,,,,,,,,,,,,,,,,,158.44167710002512,603.1262055000989,603.1409741000971,603.1409741000971,603.1409741000971,603.1409741000971,603.5084207000909,k,0.36585269996430725,None,left,1,9,5,4,60,18,None,158.82396710000467,158.82415550004225,603.5086781000718,603.5244301001076,603.5244301001076,605.5393810000969,605.5393810000969,605.5228070000885,160.83832750003785,160.83835370000452,605.5282871000236,605.5393810000969,605.5393810000969,606.5226298000198,stimuli/box_empty_transparent.png,161.83813990000635,161.83816450007726,606.522690200014,606.5378157000523,608.0540411000839,608.0378298000433,163.35333589999937,606.5378157000523,606.5378157000523,,,,,,,,,,,,802294,right,no,None,2025-05-08_12h34.49.423,RL_out-of-scanner,2024.2.4,60.45726246389446,2025-05-08 12h35.19.120077 -0700,
34,0,34,space,19.229613000061363,None,5,1.110086499946192,None,163.3550072000362,j,0.2890672000357881,None,None,163.67018390004523,163.67039760004263,166.68414979998488,166.68419800000265,167.69916409999132,167.69918860006146,170.21398050000425,,,,,,,1,0,1,0,34,0,34,0,608.0540411000839,,,,,,,,,,,,,,,,,,,,,,,,,,,,,,163.3550072000362,608.0395355999935,608.0540411000839,608.0540411000839,608.0540411000839,608.0540411000839,608.3546419000486,j,0.2890672000357881,None,left,0,9,5,4,61,18,None,163.67018390004523,163.67039760004263,608.3549240001012,608.3700373000465,608.3700373000465,611.3846688000485,611.3846688000485,611.3685974000255,166.68414979998488,166.68419800000265,611.3743717001053,611.3846688000485,611.3846688000485,612.3836534000002,stimuli/box_empty_transparent.png,167.69916409999132,167.69918860006146,612.3837136001093,612.3996906999964,614.9148100001039,614.8984577000374,170.21398050000425,,,,,,,,,,,,,,802294,right,no,None,2025-05-08_12h34.49.423,RL_out-of-scanner,2024.2.4,60.45726246389446,2025-05-08 12h35.19.120077 -0700,
35,0,35,space,19.229613000061363,None,5,1.110086499946192,None,170.215443000081,k,0.2615164000308141,None,None,170.4980721999891,170.49825170007534,172.01295380003285,172.01298120000865,173.02813220000826,173.0281554000685,174.0276452000253,,,,,,,1,0,1,0,35,0,35,0,614.9148100001039,,,,,,,,,,,,,,,,,,,,,,,,,,,,,,170.215443000081,614.8999690000201,614.9148100001039,614.9148100001039,614.9148100001039,614.9148100001039,615.182536700042,k,0.2615164000308141,None,left,0,9,5,4,61,18,None,170.4980721999891,170.49825170007534,615.1827740001027,615.1979330000468,615.1979330000468,616.7140545001021,616.7140545001021,616.6974308000645,172.01295380003285,172.01298120000865,616.702982100076,616.7140545001021,616.7140545001021,617.7126215000171,stimuli/box_empty_transparent.png,173.02813220000826,173.0281554000685,617.7126795999939,617.7289739000844,618.7284706000937,618.7121381000616,174.0276452000253,,,,,,,,,,,,,,802294,right,no,None,2025-05-08_12h34.49.423,RL_out-of-scanner,2024.2.4,60.45726246389446,2025-05-08 12h35.19.120077 -0700,
36,0,36,space,19.229613000061363,None,5,1.110086499946192,None,174.02868180000223,j,0.30670670000836253,None,None,174.3617232000688,174.36197970004287,175.87648029997945,175.8765089000808,176.89224740001373,176.89227900002152,180.40598619997036,,,,,,,1,0,1,0,36,0,36,0,618.7284706000937,,,,,,,,,,,,,,,,,,,,,,,,,,,,,,174.02868180000223,618.7132110000821,618.7284706000937,618.7284706000937,618.7284706000937,618.7284706000937,619.0461627000477,j,0.30670670000836253,None,left,1,9,6,4,62,19,None,174.3617232000688,174.36197970004287,619.0465141000459,619.0616046000505,619.0616046000505,620.5775810000487,620.5775810000487,620.5609555999981,175.87648029997945,175.8765089000808,620.5676760000642,620.5775810000487,620.5775810000487,621.576732100104,stimuli/box_coin_transparent.png,176.89224740001373,176.89227900002152,621.5768057000823,621.5925973000703,625.1070763000753,625.0904661000241,180.40598619997036,,,,,,,,,,,,,,802294,right,no,None,2025-05-08_12h34.49.423,RL_out-of-scanner,2024.2.4,60.45726246389446,2025-05-08 12h35.19.120077 -0700,
37,0,37,space,19.229613000061363,None,5,1.110086499946192,None,180.407154000015,j,0.24578470003325492,None,None,180.6733785000397,180.67359360004775,182.68789900001138,182.68792599998415,183.70324260008056,183.7032870000694,184.70255070005078,,,,,,,1,0,1,0,37,0,37,0,625.1070763000753,,,,,,,,,,,,,,,,,,,,,,,,,,,,,,180.407154000015,625.0916826000903,625.1070763000753,625.1070763000753,625.1070763000753,625.1070763000753,625.3578383000568,j,0.24578470003325492,None,left,1,9,7,4,63,20,None,180.6733785000397,180.67359360004775,625.3581177000888,625.373629800044,625.373629800044,627.3887513000518,627.3887513000518,627.3723768000491,182.68789900001138,182.68792599998415,627.3795657000737,627.3887513000518,627.3887513000518,628.3877158000832,stimuli/box_coin_transparent.png,183.70324260008056,183.7032870000694,628.387831900036,628.4040124000749,629.4031571000814,629.3870444000931,184.70255070005078,,,,,,,,,,,,,,802294,right,no,None,2025-05-08_12h34.49.423,RL_out-of-scanner,2024.2.4,60.45726246389446,2025-05-08 12h35.19.120077 -0700,
38,0,38,space,19.229613000061363,None,5,1.110086499946192,None,184.70381029997952,j,0.3045740999514237,None,None,185.03645370004233,185.03668340004515,186.03475510003045,186.0347819000017,187.05053480004426,187.05056920007337,188.56576480006333,,,,,,,1,0,1,0,38,0,38,0,629.4031571000814,,,,,,,,,,,,,,,,,,,,,,,,,,,,,,184.70381029997952,629.3883413000731,629.4031571000814,629.4031571000814,629.4031571000814,629.4031571000814,629.7209034000989,j,0.3045740999514237,None,left,0,9,7,4,64,20,None,185.03645370004233,185.03668340004515,629.7212126000086,629.7363338000141,629.7363338000141,630.7362483000616,630.7362483000616,630.7192314000567,186.03475510003045,186.0347819000017,630.7248626000946,630.7362483000616,630.7362483000616,631.7350168999983,stimuli/box_empty_transparent.png,187.05053480004426,187.05056920007337,631.735104200081,631.7514692000113,633.2672754999949,633.2502475000219,188.56576480006333,,,,,,,,,,,,,,802294,right,no,None,2025-05-08_12h34.49.423,RL_out-of-scanner,2024.2.4,60.45726246389446,2025-05-08 12h35.19.120077 -0700,
39,0,39,space,19.229613000061363,None,5,1.110086499946192,None,188.56684490002226,k,0.26583849999587983,None,None,188.8504047000315,188.8505889000371,189.86569640005473,189.8657234000275,190.88058250001632,190.88061770005152,191.88018500001635,,,,,,,1,0,1,0,39,0,39,0,633.2672754999949,,,,,,,,,,,,,,,,,,,,,,,,,,,,,,188.56684490002226,633.2513751999941,633.2672754999949,633.2672754999949,633.2672754999949,633.2672754999949,633.5348556000972,k,0.26583849999587983,None,left,0,9,7,4,64,20,None,188.8504047000315,188.8505889000371,633.5351119000698,633.5500213000923,633.5500213000923,634.5665129000554,634.5665129000554,634.5501739000902,189.86569640005473,189.8657234000275,634.5557543000905,634.5665129000554,634.5665129000554,635.5650606000563,stimuli/box_empty_transparent.png,190.88058250001632,190.88061770005152,635.5651534000644,635.5813744000625,636.5809200000949,636.5646679000929,191.88018500001635,,,,,,,,,,,,,,802294,right,no,None,2025-05-08_12h34.49.423,RL_out-of-scanner,2024.2.4,60.45726246389446,2025-05-08 12h35.19.120077 -0700,
40,0,40,space,19.229613000061363,None,5,1.110086499946192,None,191.88124140002765,j,0.28910079994238913,None,None,192.19753050000872,192.19774810003582,193.71230220003054,193.71232799999416,194.7278331000125,194.72788260004018,195.74365780001972,,,,,,,1,0,1,0,40,0,40,0,636.5809200000949,,,,,,,,,,,,,,,,,,,,,,,,,,,,,,191.88124140002765,636.5657736000139,636.5809200000949,636.5809200000949,636.5809200000949,636.5809200000949,636.8819864999969,j,0.28910079994238913,None,left,1,9,8,4,65,21,None,192.19753050000872,192.19774810003582,636.8822745000944,636.8974954000441,636.8974954000441,638.4132928000763,638.4132928000763,638.3967824000865,193.71230220003054,193.71232799999416,638.4034497000976,638.4132928000763,638.4132928000763,639.4123040999984,stimuli/box_coin_transparent.png,194.7278331000125,194.72788260004018,639.4124170000432,639.4289708000142,640.4447652000235,640.4281423001084,195.74365780001972,,,,,,,,,,,,,,802294,right,no,None,2025-05-08_12h34.49.423,RL_out-of-scanner,2024.2.4,60.45726246389446,2025-05-08 12h35.19.120077 -0700,
41,0,41,space,19.229613000061363,None,5,1.110086499946192,None,195.7448692000471,j,0.47618170001078397,None,None,196.24436820007395,196.24458449997474,197.2428920000093,197.24291929998435,198.25851319998037,198.25855849997606,201.27256289997604,,,,,,,1,0,1,0,41,0,41,0,640.4447652000235,,,,,,,,,,,,,,,,,,,,,,,,,,,,,,195.7448692000471,640.4293988000136,640.4447652000235,640.4447652000235,640.4447652000235,640.4447652000235,640.9288242000621,j,0.47618170001078397,None,left,1,9,9,4,66,22,None,196.24436820007395,196.24458449997474,640.9291114000371,640.9440989000723,640.9440989000723,641.9439174000872,641.9439174000872,641.9273687000386,197.2428920000093,197.24291929998435,641.9340623000171,641.9439174000872,641.9439174000872,642.9429864000995,stimuli/box_coin_transparent.png,198.25851319998037,198.25855849997606,642.9431052000728,642.9589062000159,645.9734251000918,645.9570549000055,201.27256289997604,,,,,,,,,,,,,,802294,right,no,None,2025-05-08_12h34.49.423,RL_out-of-scanner,2024.2.4,60.45726246389446,2025-05-08 12h35.19.120077 -0700,
42,0,42,space,19.229613000061363,None,5,1.110086499946192,None,201.27357379999012,j,0.30146329989656806,None,None,201.60688029997982,201.60711560002528,203.62117719999515,203.62120439996943,204.63650680007413,204.63654640002642,208.15049110003747,,,,,,,1,0,1,0,42,0,42,0,645.9734251000918,,,,,,,,,,,,,,,,,,,,,,,,,,,,,,201.27357379999012,645.9581026000669,645.9734251000918,645.9734251000918,645.9734251000918,645.9734251000918,646.2913269000128,j,0.30146329989656806,None,right,1,15,0,5,66,22,None,201.60688029997982,201.60711560002528,646.291645499994,646.3065085000126,646.3065085000126,648.3223335000221,648.3223335000221,648.3056543000275,203.62117719999515,203.62120439996943,648.3112452001078,648.3223335000221,648.3223335000221,649.3209839001065,stimuli/box_empty_transparent.png,204.63650680007413,204.63654640002642,649.3210896000965,649.336952200043,652.8512657000683,652.8349754000083,208.15049110003747,,,,,,,,,,,,,,802294,right,no,None,2025-05-08_12h34.49.423,RL_out-of-scanner,2024.2.4,60.45726246389446,2025-05-08 12h35.19.120077 -0700,
43,0,43,space,19.229613000061363,None,5,1.110086499946192,None,208.1516001999844,k,0.23525749996770173,None,None,208.41819190001115,208.41838100005407,209.4165971999755,209.41662480006926,210.43186800007243,210.43190329999197,212.4473126999801,,,,,,,1,0,1,0,43,0,43,0,652.8512657000683,,,,,,,,,,,,,,,,,,,,,,,,,,,,,,208.1516001999844,652.8361285000574,652.8512657000683,652.8512657000683,652.8512657000683,652.8512657000683,653.102648,k,0.23525749996770173,None,right,1,15,1,5,67,23,None,208.41819190001115,208.41838100005407,653.1029059001012,653.1176576000871,653.1176576000871,654.1176448001061,654.1176448001061,654.1010742000071,209.4165971999755,209.41662480006926,654.1077233999968,654.1176448001061,654.1176448001061,655.1163485000143,stimuli/box_coin_transparent.png,210.43186800007243,210.43190329999197,655.1164421000285,655.1326202000491,657.1478810000699,657.1318051000126,212.4473126999801,,,,,,,,,,,,,,802294,right,no,None,2025-05-08_12h34.49.423,RL_out-of-scanner,2024.2.4,60.45726246389446,2025-05-08 12h35.19.120077 -0700,
44,0,44,space,19.229613000061363,None,5,1.110086499946192,None,212.4483051999705,k,0.5054244000930339,None,None,212.98103570006788,212.98122129996773,215.49502390006091,215.49508340004832,216.49407909996808,216.49410140002146,218.50857529998757,,,,,,,1,0,1,0,44,0,44,0,657.1478810000699,,,,,,,,,,,,,,,,,,,,,,,,,,,,,,212.4483051999705,657.1328341000481,657.1478810000699,657.1478810000699,657.1478810000699,657.1478810000699,657.6655001000036,k,0.5054244000930339,None,right,1,15,2,5,68,24,None,212.98103570006788,212.98122129996773,657.6657460000133,657.6808718000539,657.6808718000539,660.1955874999985,660.1955874999985,660.1794745000079,215.49502390006091,215.49508340004832,660.1865184000926,660.1955874999985,660.1955874999985,661.1785702001071,stimuli/box_coin_transparent.png,216.49407909996808,216.49410140002146,661.1786255000625,661.194575700094,663.2093009999953,663.1930686000269,218.50857529998757,661.194575700094,661.194575700094,,,,,,,,,,,,802294,right,no,None,2025-05-08_12h34.49.423,RL_out-of-scanner,2024.2.4,60.45726246389446,2025-05-08 12h35.19.120077 -0700,
45,0,45,space,19.229613000061363,None,5,1.110086499946192,None,218.50968480005395,k,0.3242568999994546,None,None,218.85953080002218,218.85974270000588,219.87471900007222,219.87474400002975,220.89052690006793,220.89054990001023,221.8896754999878,,,,,,,1,0,1,0,45,0,45,0,663.2093009999953,,,,,,,,,,,,,,,,,,,,,,,,,,,,,,218.50968480005395,663.1942136000143,663.2093009999953,663.2093009999953,663.2093009999953,663.2093009999953,663.543977900059,k,0.3242568999994546,None,right,1,15,3,5,69,25,None,218.85953080002218,218.85974270000588,663.5442717000842,663.5596756000305,663.5596756000305,664.5759152000537,664.5759152000537,664.559196999995,219.87471900007222,219.87474400002975,664.5657873000018,664.5759152000537,664.5759152000537,665.5750171000836,stimuli/box_coin_transparent.png,220.89052690006793,220.89054990001023,665.5750729000429,665.5909731000429,666.5899757000152,666.5741689000279,221.8896754999878,,,,,,,,,,,,,,802294,right,no,None,2025-05-08_12h34.49.423,RL_out-of-scanner,2024.2.4,60.45726246389446,2025-05-08 12h35.19.120077 -0700,
46,0,46,space,19.229613000061363,None,5,1.110086499946192,None,221.8907117000781,k,0.35737300000619143,None,None,222.27348490001168,222.27366760000587,224.2879554000683,224.28800130006857,225.28705290006474,225.28707540000323,226.2871060000034,,,,,,,1,0,1,0,46,0,46,0,666.5899757000152,,,,,,,,,,,,,,,,,,,,,,,,,,,,,,221.8907117000781,666.5752385000233,666.5899757000152,666.5899757000152,666.5899757000152,666.5899757000152,666.9579458000371,k,0.35737300000619143,None,right,1,15,4,5,70,26,None,222.27348490001168,222.27366760000587,666.9581899000332,666.9733073000098,666.9733073000098,668.9887786000036,668.9887786000036,668.9724085000344,224.2879554000683,224.28800130006857,668.9790947000729,668.9887786000036,668.9887786000036,669.9715432000812,stimuli/box_coin_transparent.png,225.28705290006474,225.28707540000323,669.9716004000511,669.9873955000658,670.9868202999933,670.971599200042,226.2871060000034,669.9873955000658,669.9873955000658,,,,,,,,,,,,802294,right,no,None,2025-05-08_12h34.49.423,RL_out-of-scanner,2024.2.4,60.45726246389446,2025-05-08 12h35.19.120077 -0700,
47,0,47,space,19.229613000061363,None,5,1.110086499946192,None,226.28822330001276,None,,,['k'],227.80141810001805,227.80149890005123,230.8159737000242,230.8160002999939,231.83141350001097,231.83144950005226,233.3466899000341,[0.28304660005960613],[0.07836339995265007],,,,,1,0,1,0,47,0,47,0,670.9868202999933,,,,,,,,,,,,,,,,,,,,,,,,,,,,,,226.28822330001276,670.9727500000736,670.9868202999933,670.9868202999933,670.9868202999933,670.9868202999933,672.4858040000545,None,,,right,1,15,4,5,70,26,['k'],227.80141810001805,227.80149890005123,672.4860383000923,672.5023109000176,672.5023109000176,675.5173115000362,675.5173115000362,675.5004504000535,230.8159737000242,230.8160002999939,675.5061399000697,675.5173115000362,675.5173115000362,676.5158930000616,no selection made,231.83141350001097,231.83144950005226,676.5159891000949,676.5321584000485,678.0478188000852,678.0311712000985,233.3466899000341,,,[0.28304660005960613],[0.07836339995265007],,,,,,,,,,802294,right,no,None,2025-05-08_12h34.49.423,RL_out-of-scanner,2024.2.4,60.45726246389446,2025-05-08 12h35.19.120077 -0700,
48,0,48,space,19.229613000061363,None,5,1.110086499946192,None,233.34781880001538,k,0.31293120002374053,None,None,233.680891099968,233.68108260002919,235.1957522999728,235.19577840005513,236.21145509998314,236.2114951000549,239.72479330003262,,,,,,,1,0,1,0,48,0,48,0,678.0478188000852,,,,,,,,,,,,,,,,,,,,,,,,,,,,,,233.34781880001538,678.0323488001013,678.0478188000852,678.0478188000852,678.0478188000852,678.0478188000852,678.3653487000847,k,0.31293120002374053,None,right,1,15,5,5,71,27,None,233.680891099968,233.68108260002919,678.3656074000755,678.3810118000256,678.3810118000256,679.8967407000018,679.8967407000018,679.8802306000143,235.1957522999728,235.19577840005513,679.8868804000085,679.8967407000018,679.8967407000018,680.8959189000307,stimuli/box_coin_transparent.png,236.21145509998314,236.2114951000549,680.8960237000138,680.9118892000988,684.426384499995,684.4092860000674,239.72479330003262,,,,,,,,,,,,,,802294,right,no,None,2025-05-08_12h34.49.423,RL_out-of-scanner,2024.2.4,60.45726246389446,2025-05-08 12h35.19.120077 -0700,
49,0,49,space,19.229613000061363,None,5,1.110086499946192,None,239.72645040007774,k,0.3015055999858305,None,None,240.05925020005088,240.0594323000405,241.5738959000446,241.57392180000897,242.5894127000356,242.58944680006243,242.58996580005623,,,,,,,1,0,1,0,49,0,49,0,684.426384499995,,,,,,,,,,,,,,,,,,,,,,,,,,,,,,239.72645040007774,684.4109783000313,684.426384499995,684.426384499995,684.426384499995,684.426384499995,684.7437154999934,k,0.3015055999858305,None,right,0,15,5,5,72,27,None,240.05925020005088,240.0594323000405,684.7439544000663,684.7590718000429,684.7590718000429,686.2753238000441,686.2753238000441,686.2583760000998,241.5738959000446,241.57392180000897,686.2639387000818,686.2753238000441,686.2753238000441,687.2738932000939,stimuli/box_empty_transparent.png,242.5894127000356,242.58944680006243,687.273983900086,687.2901472999947,687.2901472999947,687.2744626000058,242.58996580005623,,,,,,,,,,,,,,802294,right,no,None,2025-05-08_12h34.49.423,RL_out-of-scanner,2024.2.4,60.45726246389446,2025-05-08 12h35.19.120077 -0700,
1,0,1,space,19.229613000061363,None,5,1.110086499946192,None,,,,,,,,,,,,,,,,,,,1,0,1,0,,,,,,,,,,,,,,,,,,,,,,,,,,,,,,,,,,,,,,,,,,,,,,,,,,,,,,,,,,,,,,,,,,,,,,,,,,,,,,,687.2817792000715,687.2901472999947,691.2871505001094,691.2872231000802,691.3037576000206,749.5571835000301,749.5414206000278,,,802294,right,no,None,2025-05-08_12h34.49.423,RL_out-of-scanner,2024.2.4,60.45726246389446,2025-05-08 12h35.19.120077 -0700,
0,0,0,space,5.163301799912006,None,5,1.3352995000313967,None,0.0013018000172451138,k,0.6921571999555454,None,None,0.7167696000542492,0.7169828000478446,1.715578000061214,1.7156045000301674,2.7310859001008794,2.73113050009124,4.745756500051357,,,,,,,2,0,2,0,0,0,0,0,756.1188555000117,,,,,,,,,,,,,,,,749.5415620000567,749.5571835000301,749.5571835000301,754.7373910000315,space,5.163301799912006,None,754.7374458000995,754.7531505000079,754.7531505000079,756.102981000091,5,1.3352995000313967,None,0.0013018000172451138,756.1043360000476,756.1188555000117,756.1188555000117,756.1188555000117,756.1188555000117,756.8197238000575,k,0.6921571999555454,None,right,1,11,1,6,73,1,None,0.7167696000542492,0.7169828000478446,756.8200208001072,756.8350825000089,756.8350825000089,757.834740600083,757.834740600083,757.8185632000677,1.715578000061214,1.7156045000301674,757.8252158000832,757.834740600083,757.834740600083,758.8340686000884,stimuli/box_coin_transparent.png,2.7310859001008794,2.73113050009124,758.8341820000205,758.8496426000493,760.8653625000734,760.8487462000921,4.745756500051357,,,,,,,,,,,,,,802294,right,no,None,2025-05-08_12h34.49.423,RL_out-of-scanner,2024.2.4,60.45726246389446,2025-05-08 12h35.19.120077 -0700,
1,0,1,space,5.163301799912006,None,5,1.3352995000313967,None,4.746963700046763,k,0.2645656999666244,None,None,5.02964449999854,5.029833200038411,6.544972500065342,6.545000100042671,7.56023460009601,7.560268900007941,9.075528800021857,,,,,,,2,0,2,0,1,0,1,0,760.8653625000734,,,,,,,,,,,,,,,,,,,,,,,,,,,,,,4.746963700046763,760.8500017001061,760.8653625000734,760.8653625000734,760.8653625000734,760.8653625000734,761.1326057000551,k,0.2645656999666244,None,right,0,11,1,6,74,1,None,5.02964449999854,5.029833200038411,761.1328641000437,761.1484724000329,761.1484724000329,762.6644810000435,762.6644810000435,762.6479558000574,6.544972500065342,6.545000100042671,762.6535139000043,762.6644810000435,762.6644810000435,763.6632244000211,stimuli/box_empty_transparent.png,7.56023460009601,7.560268900007941,763.6633127999958,763.6792643000372,765.1950210001087,765.1785199000733,9.075528800021857,,,,,,,,,,,,,,802294,right,no,None,2025-05-08_12h34.49.423,RL_out-of-scanner,2024.2.4,60.45726246389446,2025-05-08 12h35.19.120077 -0700,
2,0,2,space,5.163301799912006,None,5,1.3352995000313967,None,9.076625999994576,j,0.2686255000298843,None,None,9.376589599996805,9.376841600053012,10.375175000051968,10.375201800023206,11.390725300065242,11.39075900008902,14.40509880008176,,,,,,,2,0,2,0,2,0,2,0,765.1950210001087,,,,,,,,,,,,,,,,,,,,,,,,,,,,,,9.076625999994576,765.1796630000463,765.1950210001087,765.1950210001087,765.1950210001087,765.1950210001087,765.4795372000663,j,0.2686255000298843,None,right,0,11,1,6,74,1,None,9.376589599996805,9.376841600053012,765.4798842000309,765.4949988001026,765.4949988001026,766.4946834000293,766.4946834000293,766.4781603000592,10.375175000051968,10.375201800023206,766.483742200071,766.4946834000293,766.4946834000293,767.4937155999942,stimuli/box_empty_transparent.png,11.390725300065242,11.39075900008902,767.4938028000761,767.5094434000785,770.5247197001008,770.508100700099,14.40509880008176,,,,,,,,,,,,,,802294,right,no,None,2025-05-08_12h34.49.423,RL_out-of-scanner,2024.2.4,60.45726246389446,2025-05-08 12h35.19.120077 -0700,
3,0,3,space,5.163301799912006,None,5,1.3352995000313967,None,14.406170700094663,k,0.25939959997776896,None,None,14.688809800078161,14.68900420004502,16.703494900022633,16.70351990009658,17.718772200052626,17.718813400017098,18.71797640004661,,,,,,,2,0,2,0,3,0,3,0,770.5247197001008,,,,,,,,,,,,,,,,,,,,,,,,,,,,,,14.406170700094663,770.50920770003,770.5247197001008,770.5247197001008,770.5247197001008,770.5247197001008,770.7917719000252,k,0.25939959997776896,None,right,1,11,2,6,75,2,None,14.688809800078161,14.68900420004502,770.79203900008,770.8072688000975,770.8072688000975,772.8228021000978,772.8228021000978,772.8064836000558,16.703494900022633,16.70351990009658,772.813171200105,772.8228021000978,772.8228021000978,773.8217575000599,stimuli/box_coin_transparent.png,17.718772200052626,17.718813400017098,773.8218673000811,773.8374239000259,774.8374633000931,774.8209676000988,18.71797640004661,,,,,,,,,,,,,,802294,right,no,None,2025-05-08_12h34.49.423,RL_out-of-scanner,2024.2.4,60.45726246389446,2025-05-08 12h35.19.120077 -0700,
4,0,4,space,5.163301799912006,None,5,1.3352995000313967,None,18.719150400022045,k,0.35923369997181,None,None,19.101969600073062,19.102161000017077,20.101129300077446,20.10115590004716,21.11613900004886,21.11617480008863,23.63093189999927,,,,,,,2,0,2,0,4,0,4,0,774.8374633000931,,,,,,,,,,,,,,,,,,,,,,,,,,,,,,18.719150400022045,774.8221884000814,774.8374633000931,774.8374633000931,774.8374633000931,774.8374633000931,775.204933400033,k,0.35923369997181,None,right,0,11,2,6,76,2,None,19.101969600073062,19.102161000017077,775.2051921000239,775.2206028000219,775.2206028000219,776.220416199998,776.220416199998,776.2041165000992,20.101129300077446,20.10115590004716,776.2096503000939,776.220416199998,776.220416199998,777.2191278000828,stimuli/box_empty_transparent.png,21.11613900004886,21.11617480008863,777.2192216000985,777.2355712000281,779.75052770006,779.7339326000074,23.63093189999927,,,,,,,,,,,,,,802294,right,no,None,2025-05-08_12h34.49.423,RL_out-of-scanner,2024.2.4,60.45726246389446,2025-05-08 12h35.19.120077 -0700,
5,0,5,space,5.163301799912006,None,5,1.3352995000313967,None,23.632204800029285,j,0.2862629999872297,None,None,23.94787630008068,23.948142100009136,27.461317000095733,27.46134390006773,28.477094700094312,28.477139500086196,30.491982400068082,,,,,,,2,0,2,0,5,0,5,0,779.75052770006,,,,,,,,,,,,,,,,,,,,,,,,,,,,,,23.632204800029285,779.7352460999973,779.75052770006,779.75052770006,779.75052770006,779.75052770006,780.0508187999949,j,0.2862629999872297,None,right,0,11,2,6,76,2,None,23.94787630008068,23.948142100009136,780.0511866000015,780.0670491000637,780.0670491000637,783.5811020000838,783.5811020000838,783.5642976000672,27.461317000095733,27.46134390006773,783.5698703000089,783.5811020000838,783.5811020000838,784.5800775000826,stimuli/box_empty_transparent.png,28.477094700094312,28.477139500086196,784.5801938000368,784.5956389000639,786.6113463999936,786.5949732000008,30.491982400068082,,,,,,,,,,,,,,802294,right,no,None,2025-05-08_12h34.49.423,RL_out-of-scanner,2024.2.4,60.45726246389446,2025-05-08 12h35.19.120077 -0700,
6,0,6,space,5.163301799912006,None,5,1.3352995000313967,None,30.493207500083372,k,0.2819816000992432,None,None,30.793358099996112,30.793557099997997,31.79117280000355,31.791215000092052,32.790914400015026,32.790936700068414,33.806300300057046,,,,,,,2,0,2,0,6,0,6,0,786.6113463999936,,,,,,,,,,,,,,,,,,,,,,,,,,,,,,30.493207500083372,786.5962480000453,786.6113463999936,786.6113463999936,786.6113463999936,786.6113463999936,786.8963189000497,k,0.2819816000992432,None,right,1,11,3,6,77,3,None,30.793358099996112,30.793557099997997,786.8965934000444,786.9109361000592,786.9109361000592,787.9108968999935,787.9108968999935,787.8941398001043,31.79117280000355,31.791215000092052,787.9010908000637,787.9108968999935,787.9108968999935,788.8939129000064,stimuli/box_coin_transparent.png,32.790914400015026,32.790936700068414,788.8939706000965,788.9093025000766,789.9253354000393,789.9092915999936,33.806300300057046,788.9093025000766,788.9093025000766,,,,,,,,,,,,802294,right,no,None,2025-05-08_12h34.49.423,RL_out-of-scanner,2024.2.4,60.45726246389446,2025-05-08 12h35.19.120077 -0700,
7,0,7,space,5.163301799912006,None,5,1.3352995000313967,None,33.808001700090244,k,0.3684144999133423,None,None,34.2067552000517,34.206939900061116,36.22127450001426,36.22132400004193,37.236570300068706,37.23660870001186,39.25183820002712,,,,,,,2,0,2,0,7,0,7,0,789.9253354000393,,,,,,,,,,,,,,,,,,,,,,,,,,,,,,33.808001700090244,789.9110438000644,789.9253354000393,789.9253354000393,789.9253354000393,789.9253354000393,790.3097261000657,k,0.3684144999133423,None,right,1,11,4,6,78,4,None,34.2067552000517,34.206939900061116,790.3099715000717,790.3250905000605,790.3250905000605,792.3414430000121,792.3414430000121,792.3242350000655,36.22127450001426,36.22132400004193,792.3310429000994,792.3414430000121,792.3414430000121,793.3395582000958,stimuli/box_coin_transparent.png,37.236570300068706,37.23660870001186,793.3396601000568,793.355628300109,795.3710208000848,795.3548376000253,39.25183820002712,,,,,,,,,,,,,,802294,right,no,None,2025-05-08_12h34.49.423,RL_out-of-scanner,2024.2.4,60.45726246389446,2025-05-08 12h35.19.120077 -0700,
8,0,8,space,5.163301799912006,None,5,1.3352995000313967,None,39.25296840001829,k,0.2797115999273956,None,None,39.55242230009753,39.55260600009933,42.56603129999712,42.56605650007259,43.58148620009888,43.581509300041944,45.08074400003534,,,,,,,2,0,2,0,8,0,8,0,795.3710208000848,,,,,,,,,,,,,,,,,,,,,,,,,,,,,,39.25296840001829,795.356007500086,795.3710208000848,795.3710208000848,795.3710208000848,795.3710208000848,795.6553891000804,k,0.2797115999273956,None,right,1,11,5,6,79,5,None,39.55242230009753,39.55260600009933,795.6556389000034,795.6709830000764,795.6709830000764,798.6855497000506,798.6855497000506,798.669019700028,42.56603129999712,42.56605650007259,798.6756340001011,798.6855497000506,798.6855497000506,799.684484800091,stimuli/box_coin_transparent.png,43.58148620009888,43.581509300041944,799.6845426000655,799.7005272000097,801.199740900076,801.1837467000587,45.08074400003534,,,,,,,,,,,,,,802294,right,no,None,2025-05-08_12h34.49.423,RL_out-of-scanner,2024.2.4,60.45726246389446,2025-05-08 12h35.19.120077 -0700,
9,0,9,space,5.163301799912006,None,5,1.3352995000313967,None,45.081778799998574,k,0.2732247000094503,None,None,45.380917500006035,45.381115399999544,46.89592740009539,46.89595440006815,47.911328300018795,47.9113640000578,49.92658020008821,,,,,,,2,0,2,0,9,0,9,0,801.199740900076,,,,,,,,,,,,,,,,,,,,,,,,,,,,,,45.081778799998574,801.1848161000526,801.199740900076,801.199740900076,801.199740900076,801.199740900076,801.4838785000611,k,0.2732247000094503,None,right,1,11,6,6,80,6,None,45.380917500006035,45.381115399999544,801.4841518000467,801.499637800036,801.499637800036,803.0154614000348,803.0154614000348,802.9989133001072,46.89592740009539,46.89595440006815,803.0057612000965,803.0154614000348,803.0154614000348,804.0143175000558,stimuli/box_coin_transparent.png,47.911328300018795,47.9113640000578,804.0144102000631,804.030373900081,806.0457886001095,806.0295727000339,49.92658020008821,,,,,,,,,,,,,,802294,right,no,None,2025-05-08_12h34.49.423,RL_out-of-scanner,2024.2.4,60.45726246389446,2025-05-08 12h35.19.120077 -0700,
10,0,10,space,5.163301799912006,None,5,1.3352995000313967,None,49.92770210001618,k,0.7492963999975473,None,['k'],50.69397210003808,50.69415530003607,52.208482200047,52.20850760000758,53.22397260006983,53.22400730010122,54.22321930003818,[0.2669414000120014],[0.07884380000177771],,,,,2,0,2,0,10,0,10,0,806.0457886001095,,,,,,,,,,,,,,,,,,,,,,,,,,,,,,49.92770210001618,806.0307370000519,806.0457886001095,806.0457886001095,806.0457886001095,806.0457886001095,806.796925600036,k,0.7492963999975473,None,right,1,11,7,6,81,7,['k'],50.69397210003808,50.69415530003607,806.797185900039,806.8118580000009,806.8118580000009,808.3278955999995,808.3278955999995,808.3114679000573,52.208482200047,52.20850760000758,808.3181130000157,808.3278955999995,808.3278955999995,809.3269599000923,stimuli/box_coin_transparent.png,53.22397260006983,53.22400730010122,809.3270485000685,809.3429820000893,810.3424653999973,810.3262110000942,54.22321930003818,,,[0.2669414000120014],[0.07884380000177771],,,,,,,,,,802294,right,no,None,2025-05-08_12h34.49.423,RL_out-of-scanner,2024.2.4,60.45726246389446,2025-05-08 12h35.19.120077 -0700,
11,0,11,space,5.163301799912006,None,5,1.3352995000313967,None,54.22441170003731,k,0.3398161999648437,None,None,54.5907149000559,54.59090820001438,56.605197700089775,56.60522380005568,57.620679300045595,57.620724300039,59.135765700018965,,,,,,,2,0,2,0,11,0,11,0,810.3424653999973,,,,,,,,,,,,,,,,,,,,,,,,,,,,,,54.22441170003731,810.327449100092,810.3424653999973,810.3424653999973,810.3424653999973,810.3424653999973,810.6936735000927,k,0.3398161999648437,None,right,1,11,8,6,82,8,None,54.5907149000559,54.59090820001438,810.6939429000486,810.7089072000235,810.7089072000235,812.7244193000952,812.7244193000952,812.7081836001016,56.605197700089775,56.60522380005568,812.7148778000847,812.7244193000952,812.7244193000952,813.7236613000277,stimuli/box_coin_transparent.png,57.620679300045595,57.620724300039,813.7237777000992,813.7394432000583,815.2553937000921,815.2387579000788,59.135765700018965,,,,,,,,,,,,,,802294,right,no,None,2025-05-08_12h34.49.423,RL_out-of-scanner,2024.2.4,60.45726246389446,2025-05-08 12h35.19.120077 -0700,
12,0,12,space,5.163301799912006,None,5,1.3352995000313967,None,59.136777300038375,k,0.28617790003772825,None,None,59.453114700037986,59.45330809999723,60.468695800052956,60.468723300029524,61.48440960003063,61.484440200030804,64.49832200002857,,,,,,,2,0,2,0,12,0,12,0,815.2553937000921,,,,,,,,,,,,,,,,,,,,,,,,,,,,,,59.136777300038375,815.2398149000946,815.2553937000921,815.2553937000921,815.2553937000921,815.2553937000921,815.5560846000444,k,0.28617790003772825,None,right,1,11,9,6,83,9,None,59.453114700037986,59.45330809999723,815.5563398000086,815.5716286000097,815.5716286000097,816.5879517000867,816.5879517000867,816.5716807000572,60.468695800052956,60.468723300029524,816.5783160000574,816.5879517000867,816.5879517000867,817.5873798000393,stimuli/box_coin_transparent.png,61.48440960003063,61.484440200030804,817.5874797001015,817.6032010000199,820.6177798000863,820.6013240000466,64.49832200002857,,,,,,,,,,,,,,802294,right,no,None,2025-05-08_12h34.49.423,RL_out-of-scanner,2024.2.4,60.45726246389446,2025-05-08 12h35.19.120077 -0700,
13,0,13,space,5.163301799912006,None,5,1.3352995000313967,None,64.49940000008792,k,0.28738009999506176,None,None,64.81578230008017,64.81609380000737,65.31471050006803,65.3147556000622,66.32979450002313,66.32983300008345,68.3452007001033,,,,,,,2,0,2,0,13,0,13,0,820.6177798000863,,,,,,,,,,,,,,,,,,,,,,,,,,,,,,64.49940000008792,820.6024356000125,820.6177798000863,820.6177798000863,820.6177798000863,820.6177798000863,820.9187381000957,k,0.28738009999506176,None,right,0,11,9,6,84,9,None,64.81578230008017,64.81609380000737,820.9191409000196,820.9341374000069,820.9341374000069,821.4340272000991,821.4340272000991,821.4176712000044,65.31471050006803,65.3147556000622,821.4233356000623,821.4340272000991,821.4340272000991,822.4327824000502,stimuli/box_empty_transparent.png,66.32979450002313,66.32983300008345,822.4328842000104,822.449059400009,824.4642727000173,824.4482034000102,68.3452007001033,,,,,,,,,,,,,,802294,right,no,None,2025-05-08_12h34.49.423,RL_out-of-scanner,2024.2.4,60.45726246389446,2025-05-08 12h35.19.120077 -0700,
14,0,14,space,5.163301799912006,None,5,1.3352995000313967,None,68.34622380009387,j,0.3699194999644533,None,None,68.74579060007818,68.74600240006112,70.26044710003771,70.26047580002341,71.27601650008,71.27605540002696,72.27543949999381,,,,,,,2,0,2,0,14,0,14,0,824.4642727000173,,,,,,,,,,,,,,,,,,,,,,,,,,,,,,68.34622380009387,824.449261700036,824.4642727000173,824.4642727000173,824.4642727000173,824.4642727000173,824.8487583000679,j,0.3699194999644533,None,right,0,11,9,6,84,9,None,68.74579060007818,68.74600240006112,824.8490356000839,824.8642650000984,824.8642650000984,826.3802044000477,826.3802044000477,826.3634287000168,70.26044710003771,70.26047580002341,826.3689864000771,826.3802044000477,826.3802044000477,827.3790027000941,stimuli/box_empty_transparent.png,71.27601650008,71.27605540002696,827.3791078000795,827.3951933000935,828.394653000054,828.3784415000118,72.27543949999381,,,,,,,,,,,,,,802294,right,no,None,2025-05-08_12h34.49.423,RL_out-of-scanner,2024.2.4,60.45726246389446,2025-05-08 12h35.19.120077 -0700,
15,0,15,space,5.163301799912006,None,5,1.3352995000313967,None,72.27646570000798,k,0.4169675000011921,None,None,72.72590540000238,72.72609050001483,73.72461700008716,73.72464160004165,74.73997070000041,74.74001589999534,76.75527730002068,,,,,,,2,0,2,0,15,0,15,0,828.394653000054,,,,,,,,,,,,,,,,,,,,,,,,,,,,,,72.27646570000798,828.3795024000574,828.394653000054,828.394653000054,828.394653000054,828.394653000054,828.8288750000065,k,0.4169675000011921,None,right,1,11,10,6,85,10,None,72.72590540000238,72.72609050001483,828.8291228000307,828.8443000999978,828.8443000999978,829.8440751000308,829.8440751000308,829.8276057000039,73.72461700008716,73.72464160004165,829.834268100094,829.8440751000308,829.8440751000308,830.8429513000883,stimuli/box_coin_transparent.png,74.73997070000041,74.74001589999534,830.8430727000814,830.8590406000149,832.874725200003,832.8582795000402,76.75527730002068,,,,,,,,,,,,,,802294,right,no,None,2025-05-08_12h34.49.423,RL_out-of-scanner,2024.2.4,60.45726246389446,2025-05-08 12h35.19.120077 -0700,
16,0,16,space,5.163301799912006,None,5,1.3352995000313967,None,76.75666559999809,k,0.31948770000599325,None,None,77.1057482000906,77.10593489999883,79.12047480000183,79.12051700009033,80.13563060003798,80.13565450010356,81.15159900009166,,,,,,,2,0,2,0,16,0,16,0,832.874725200003,,,,,,,,,,,,,,,,,,,,,,,,,,,,,,76.75666559999809,832.8597206000704,832.874725200003,832.874725200003,832.874725200003,832.874725200003,833.2087128000567,k,0.31948770000599325,None,right,1,11,11,6,86,11,None,77.1057482000906,77.10593489999883,833.2089661000064,833.2241886000847,833.2241886000847,835.2395232000854,835.2395232000854,835.2234432999976,79.12047480000183,79.12051700009033,835.2301939000608,835.2395232000854,835.2395232000854,836.2386288000271,stimuli/box_coin_transparent.png,80.13563060003798,80.13565450010356,836.2386999001028,836.2554332000436,837.2708059001015,837.2546009001089,81.15159900009166,,,,,,,,,,,,,,802294,right,no,None,2025-05-08_12h34.49.423,RL_out-of-scanner,2024.2.4,60.45726246389446,2025-05-08 12h35.19.120077 -0700,
17,0,17,space,5.163301799912006,None,5,1.3352995000313967,None,81.15268250007648,k,0.5310852000257,None,None,81.70155760005582,81.7018288000254,82.70063650002703,82.7006617001025,83.71622599998955,83.7162608000217,84.71595930005424,,,,,,,2,0,2,0,17,0,17,0,837.2708059001015,,,,,,,,,,,,,,,,,,,,,,,,,,,,,,81.15268250007648,837.255719400011,837.2708059001015,837.2708059001015,837.2708059001015,837.2708059001015,837.8045190999983,k,0.5310852000257,None,left,1,10,0,7,86,11,None,81.70155760005582,81.7018288000254,837.8048760000383,837.8203432000009,837.8203432000009,838.8204086000333,838.8204086000333,838.8036186000099,82.70063650002703,82.7006617001025,838.8091855000239,838.8204086000333,838.8204086000333,839.8192161000334,stimuli/box_empty_transparent.png,83.71622599998955,83.7162608000217,839.819304500008,839.8353330000537,840.8348461000714,840.8189619000768,84.71595930005424,,,,,,,,,,,,,,802294,right,no,None,2025-05-08_12h34.49.423,RL_out-of-scanner,2024.2.4,60.45726246389446,2025-05-08 12h35.19.120077 -0700,
18,0,18,space,5.163301799912006,None,5,1.3352995000313967,None,84.71729530009907,j,0.49081950006075203,None,None,85.23282860009931,85.23304620001,88.74587990005966,88.74591290007811,89.74516250006855,89.74518369999714,91.75990790000651,,,,,,,2,0,2,0,18,0,18,0,840.8348461000714,,,,,,,,,,,,,,,,,,,,,,,,,,,,,,84.71729530009907,840.8203471000306,840.8348461000714,840.8348461000714,840.8348461000714,840.8348461000714,841.3357926000608,j,0.49081950006075203,None,left,1,10,1,7,87,12,None,85.23282860009931,85.23304620001,841.336081400048,841.351144400076,841.351144400076,844.8652459000004,844.8652459000004,844.8488676000852,88.74587990005966,88.74591290007811,844.8554889000952,844.8652459000004,844.8652459000004,845.8481627000729,stimuli/box_coin_transparent.png,89.74516250006855,89.74518369999714,845.8482159000123,845.8638814000878,847.8793169000419,847.8628999000648,91.75990790000651,845.8638814000878,845.8638814000878,,,,,,,,,,,,802294,right,no,None,2025-05-08_12h34.49.423,RL_out-of-scanner,2024.2.4,60.45726246389446,2025-05-08 12h35.19.120077 -0700,
19,0,19,space,5.163301799912006,None,5,1.3352995000313967,None,91.76111690001562,j,0.28526720008812845,None,None,92.07764150004368,92.07791950006504,93.07561490009539,93.07564350008033,94.09153760003392,94.09158140001819,95.60634729999583,,,,,,,2,0,2,0,19,0,19,0,847.8793169000419,,,,,,,,,,,,,,,,,,,,,,,,,,,,,,91.76111690001562,847.8641551000765,847.8793169000419,847.8793169000419,847.8793169000419,847.8793169000419,848.1805793000385,j,0.28526720008812845,None,left,1,10,2,7,88,13,None,92.07764150004368,92.07791950006504,848.180952600087,848.1957038000692,848.1957038000692,849.1954729000572,849.1954729000572,849.1785969000775,93.07561490009539,93.07564350008033,849.1853559000883,849.1954729000572,849.1954729000572,850.1945191000123,stimuli/box_coin_transparent.png,94.09153760003392,94.09158140001819,850.1946340000723,850.2104615001008,851.7263319001067,851.7093489000108,95.60634729999583,,,,,,,,,,,,,,802294,right,no,None,2025-05-08_12h34.49.423,RL_out-of-scanner,2024.2.4,60.45726246389446,2025-05-08 12h35.19.120077 -0700,
20,0,20,space,5.163301799912006,None,5,1.3352995000313967,None,95.60795480001252,j,0.2872287000063807,None,None,95.92419330007397,95.92440850008279,97.93847600009758,97.93850290006958,98.95380290003959,98.95383700006641,100.96898110001348,,,,,,,2,0,2,0,20,0,20,0,851.7263319001067,,,,,,,,,,,,,,,,,,,,,,,,,,,,,,95.60795480001252,851.7109892000444,851.7263319001067,851.7263319001067,851.7263319001067,851.7263319001067,852.0271591000492,j,0.2872287000063807,None,left,1,10,3,7,89,14,None,95.92419330007397,95.92440850008279,852.0274421001086,852.0433126999997,852.0433126999997,854.0581000000238,854.0581000000238,854.0414635000052,97.93847600009758,97.93850290006958,854.0481713000918,854.0581000000238,854.0581000000238,855.0567931000842,stimuli/box_coin_transparent.png,98.95380290003959,98.95383700006641,855.0568812000565,855.073045300087,857.0887977000093,857.0719742000801,100.96898110001348,,,,,,,,,,,,,,802294,right,no,None,2025-05-08_12h34.49.423,RL_out-of-scanner,2024.2.4,60.45726246389446,2025-05-08 12h35.19.120077 -0700,
21,0,21,space,5.163301799912006,None,5,1.3352995000313967,None,100.97009730001446,j,0.297523400047794,None,None,101.28694760007784,101.28718680003658,104.30004050000571,104.30008680000901,105.31550300004892,105.31555050006136,106.83111140003894,,,,,,,2,0,2,0,21,0,21,0,857.0887977000093,,,,,,,,,,,,,,,,,,,,,,,,,,,,,,100.97009730001446,857.0731328000547,857.0887977000093,857.0887977000093,857.0887977000093,857.0887977000093,857.3899065000005,j,0.297523400047794,None,left,0,10,3,7,90,14,None,101.28694760007784,101.28718680003658,857.3902242000913,857.40496970003,857.40496970003,860.4196377000771,860.4196377000771,860.4030006000539,104.30004050000571,104.30008680000901,860.4091569000157,860.4196377000771,860.4196377000771,861.4184851000318,stimuli/box_empty_transparent.png,105.31550300004892,105.31555050006136,861.4186123000691,861.4346962000709,862.9502717000432,862.9341030000942,106.83111140003894,,,,,,,,,,,,,,802294,right,no,None,2025-05-08_12h34.49.423,RL_out-of-scanner,2024.2.4,60.45726246389446,2025-05-08 12h35.19.120077 -0700,
22,0,22,space,5.163301799912006,None,5,1.3352995000313967,None,106.8323120001005,k,0.23783749993890524,None,None,107.09909210004844,107.09927210002206,108.61349380004685,108.61352060001809,109.62879930005874,109.62884510005824,111.64410929998849,,,,,,,2,0,2,0,22,0,22,0,862.9502717000432,,,,,,,,,,,,,,,,,,,,,,,,,,,,,,106.8323120001005,862.9353505000472,862.9502717000432,862.9502717000432,862.9502717000432,862.9502717000432,863.202065700083,k,0.23783749993890524,None,left,0,10,3,7,90,14,None,107.09909210004844,107.09927210002206,863.2023025000235,863.2175619000336,863.2175619000336,864.7328622000059,864.7328622000059,864.7164807000663,108.61349380004685,108.61352060001809,864.7219241000712,864.7328622000059,864.7328622000059,865.7317807000363,stimuli/box_empty_transparent.png,109.62879930005874,109.62884510005824,865.7319016000256,865.7480143000139,867.7633906000992,867.7471013000468,111.64410929998849,,,,,,,,,,,,,,802294,right,no,None,2025-05-08_12h34.49.423,RL_out-of-scanner,2024.2.4,60.45726246389446,2025-05-08 12h35.19.120077 -0700,
23,0,23,space,5.163301799912006,None,5,1.3352995000313967,None,111.64534120005555,j,0.24898070003837347,None,None,111.911130100023,111.91137670003809,113.42640820005909,113.42643840005621,114.44171959999949,114.44175870006438,115.9570090000052,,,,,,,2,0,2,0,23,0,23,0,867.7633906000992,,,,,,,,,,,,,,,,,,,,,,,,,,,,,,111.64534120005555,867.7483763000928,867.7633906000992,867.7633906000992,867.7633906000992,867.7633906000992,868.0140921000857,j,0.24898070003837347,None,left,0,10,3,7,91,14,None,111.911130100023,111.91137670003809,868.0144187000114,868.0299636001,868.0299636001,869.5459403001005,869.5459403001005,869.529390700045,113.42640820005909,113.42643840005621,869.534992900095,869.5459403001005,869.5459403001005,870.5447064000182,stimuli/box_empty_transparent.png,114.44171959999949,114.44175870006438,870.5448112000013,870.560765100061,872.0766152000288,872.0600097000133,115.9570090000052,,,,,,,,,,,,,,802294,right,no,None,2025-05-08_12h34.49.423,RL_out-of-scanner,2024.2.4,60.45726246389446,2025-05-08 12h35.19.120077 -0700,
24,0,24,space,5.163301799912006,None,5,1.3352995000313967,None,115.9581399000017,k,0.2609223999315873,None,None,116.24091789999511,116.24111080006696,118.2556369000813,118.25567020010203,119.27110020001419,119.2711266000988,120.77067009999882,,,,,,,2,0,2,0,24,0,24,0,872.0766152000288,,,,,,,,,,,,,,,,,,,,,,,,,,,,,,115.9581399000017,872.0611780000618,872.0766152000288,872.0766152000288,872.0766152000288,872.0766152000288,872.3438821000746,k,0.2609223999315873,None,left,0,10,3,7,91,14,None,116.24091789999511,116.24111080006696,872.3441451000981,872.3597488000523,872.3597488000523,874.375218500034,874.375218500034,874.3586143000284,118.2556369000813,118.25567020010203,874.3642956000986,874.375218500034,874.375218500034,875.3740948000923,stimuli/box_empty_transparent.png,119.27110020001419,119.2711266000988,875.3741637000348,875.3904503000667,876.8894089000532,876.8736707000062,120.77067009999882,,,,,,,,,,,,,,802294,right,no,None,2025-05-08_12h34.49.423,RL_out-of-scanner,2024.2.4,60.45726246389446,2025-05-08 12h35.19.120077 -0700,
25,0,25,space,5.163301799912006,None,5,1.3352995000313967,None,120.77181920001749,j,0.3147115999599919,None,None,121.10395750007592,121.104170500068,122.10247420007363,122.10250510007609,123.11805839999579,123.11808540008496,126.63234590005595,,,,,,,2,0,2,0,25,0,25,0,876.8894089000532,,,,,,,,,,,,,,,,,,,,,,,,,,,,,,120.77181920001749,876.8748537000502,876.8894089000532,876.8894089000532,876.8894089000532,876.8894089000532,877.2069291000953,j,0.3147115999599919,None,left,1,10,4,7,92,15,None,121.10395750007592,121.104170500068,877.207203200087,877.2223733999999,877.2223733999999,878.2221178000327,878.2221178000327,878.2054544000421,122.10247420007363,122.10250510007609,878.2121093000751,878.2221178000327,878.2221178000327,879.2210544000845,stimuli/box_coin_transparent.png,123.11805839999579,123.11808540008496,879.2211230000248,879.237188900006,882.7516359000001,882.7353481000755,126.63234590005595,,,,,,,,,,,,,,802294,right,no,None,2025-05-08_12h34.49.423,RL_out-of-scanner,2024.2.4,60.45726246389446,2025-05-08 12h35.19.120077 -0700,
26,0,26,space,5.163301799912006,None,5,1.3352995000313967,None,126.63335470005404,j,0.9546076999977231,None,['j'],127.6160075000953,127.61635160003789,128.1146750000771,128.11473080003634,129.12966530001722,129.12968880007975,132.6440304000862,[0.3166291000088677],[0.08101519988849759],,,,,2,0,2,0,26,0,26,0,882.7516359000001,,,,,,,,,,,,,,,,,,,,,,,,,,,,,,126.63335470005404,882.7363911001012,882.7516359000001,882.7516359000001,882.7516359000001,882.7516359000001,883.7188470000401,j,0.9546076999977231,None,left,0,10,4,7,93,15,['j'],127.6160075000953,127.61635160003789,883.7194038000889,883.7343019000255,883.7343019000255,884.2349091999931,884.2349091999931,884.2176182999974,128.1146750000771,128.11473080003634,884.2233865000308,884.2349091999931,884.2349091999931,885.232661700109,stimuli/box_empty_transparent.png,129.12966530001722,129.12968880007975,885.2327205000911,885.2490759000648,888.7632691001054,888.7470234000357,132.6440304000862,,,[0.3166291000088677],[0.08101519988849759],,,,,,,,,,802294,right,no,None,2025-05-08_12h34.49.423,RL_out-of-scanner,2024.2.4,60.45726246389446,2025-05-08 12h35.19.120077 -0700,
27,0,27,space,5.163301799912006,None,5,1.3352995000313967,None,132.64521260000765,k,0.28931229992304,None,None,132.9611877000425,132.9613798999926,134.47638570005074,134.4764119000174,135.49164820008446,135.49172010004986,136.5074731000932,,,,,,,2,0,2,0,27,0,27,0,888.7632691001054,,,,,,,,,,,,,,,,,,,,,,,,,,,,,,132.64521260000765,888.7482495000586,888.7632691001054,888.7632691001054,888.7632691001054,888.7632691001054,889.0641514000017,k,0.28931229992304,None,left,0,10,4,7,93,15,None,132.9611877000425,132.9613798999926,889.0644117000047,889.0797050000401,889.0797050000401,890.5956705000717,890.5956705000717,890.5793730000732,134.47638570005074,134.4764119000174,890.5848712000297,890.5956705000717,890.5956705000717,891.5946094000246,stimuli/box_empty_transparent.png,135.49164820008446,135.49172010004986,891.5948132000631,891.6109087000368,892.6268388000317,892.6104759000009,136.5074731000932,,,,,,,,,,,,,,802294,right,no,None,2025-05-08_12h34.49.423,RL_out-of-scanner,2024.2.4,60.45726246389446,2025-05-08 12h35.19.120077 -0700,
28,0,28,space,5.163301799912006,None,5,1.3352995000313967,None,136.50849290005863,j,0.31815890001598746,None,None,136.85815450001974,136.85838350001723,137.8570620000828,137.85708830005024,138.87219200003892,138.8722309001023,142.38620840001386,,,,,,,2,0,2,0,28,0,28,0,892.6268388000317,,,,,,,,,,,,,,,,,,,,,,,,,,,,,,136.50849290005863,892.6115298999939,892.6268388000317,892.6268388000317,892.6268388000317,892.6268388000317,892.9611122000497,j,0.31815890001598746,None,left,1,10,5,7,94,16,None,136.85815450001974,136.85838350001723,892.9614212000743,892.976217300049,892.976217300049,893.9764725000132,893.9764725000132,893.9600482000969,137.8570620000828,137.85708830005024,893.9667517000344,893.9764725000132,893.9764725000132,894.9751797000645,stimuli/box_coin_transparent.png,138.87219200003892,138.8722309001023,894.9752833000384,894.991630100063,898.5054613000248,898.489201700082,142.38620840001386,,,,,,,,,,,,,,802294,right,no,None,2025-05-08_12h34.49.423,RL_out-of-scanner,2024.2.4,60.45726246389446,2025-05-08 12h35.19.120077 -0700,
29,0,29,space,5.163301799912006,None,5,1.3352995000313967,None,142.38735950004775,j,0.4318591000046581,None,None,142.83704310003668,142.83727920008823,144.85167620005086,144.85170230001677,145.8665679000551,145.86660680000205,146.8656110999873,,,,,,,2,0,2,0,29,0,29,0,898.5054613000248,,,,,,,,,,,,,,,,,,,,,,,,,,,,,,142.38735950004775,898.4903961000964,898.5054613000248,898.5054613000248,898.5054613000248,898.5054613000248,898.9399999000598,j,0.4318591000046581,None,left,1,10,6,7,95,17,None,142.83704310003668,142.83727920008823,898.9403170000296,898.9551476000343,898.9551476000343,900.9705637000734,900.9705637000734,900.9546643000795,144.85167620005086,144.85170230001677,900.9612984000705,900.9705637000734,900.9705637000734,901.9695544000715,stimuli/box_coin_transparent.png,145.8665679000551,145.86660680000205,901.9696596000576,901.9857212000061,902.9853957000887,902.9686039000517,146.8656110999873,,,,,,,,,,,,,,802294,right,no,None,2025-05-08_12h34.49.423,RL_out-of-scanner,2024.2.4,60.45726246389446,2025-05-08 12h35.19.120077 -0700,
30,0,30,space,5.163301799912006,None,5,1.3352995000313967,None,146.86678770009894,j,0.3500806000083685,None,None,147.249890300096,147.2501097000204,148.24871120008174,148.2487553000683,149.2638877000427,149.26393540005665,150.26337160007097,,,,,,,2,0,2,0,30,0,30,0,902.9853957000887,,,,,,,,,,,,,,,,,,,,,,,,,,,,,,146.86678770009894,902.9698228000198,902.9853957000887,902.9853957000887,902.9853957000887,902.9853957000887,903.3528558000689,j,0.3500806000083685,None,left,1,10,7,7,96,18,None,147.249890300096,147.2501097000204,903.3531454000622,903.3686525000958,903.3686525000958,904.3687975000357,904.3687975000357,904.3516733000288,148.24871120008174,148.2487553000683,904.3586171000497,904.3687975000357,904.3687975000357,905.3668663999997,stimuli/box_coin_transparent.png,149.2638877000427,149.26393540005665,905.3669843000825,905.3830520000774,906.3825182000874,906.3663742000936,150.26337160007097,,,,,,,,,,,,,,802294,right,no,None,2025-05-08_12h34.49.423,RL_out-of-scanner,2024.2.4,60.45726246389446,2025-05-08 12h35.19.120077 -0700,
31,0,31,space,5.163301799912006,None,5,1.3352995000313967,None,150.26434600003995,j,0.30404439999256283,None,None,150.59716810006648,150.59738749999087,153.6109540000325,153.61098470003344,154.62618950009346,154.6262339000823,157.14089820010122,,,,,,,2,0,2,0,31,0,31,0,906.3825182000874,,,,,,,,,,,,,,,,,,,,,,,,,,,,,,150.26434600003995,906.3673845001031,906.3825182000874,906.3825182000874,906.3825182000874,906.3825182000874,906.7001309000188,j,0.30404439999256283,None,left,1,10,8,7,97,19,None,150.59716810006648,150.59738749999087,906.7004230000312,906.7158429000992,906.7158429000992,909.7307124000508,909.7307124000508,909.7139354000101,153.6109540000325,153.61098470003344,909.7207077000057,909.7307124000508,909.7307124000508,910.7291725000832,stimuli/box_coin_transparent.png,154.62618950009346,154.6262339000823,910.7292884000344,910.7452957000351,913.2608776000561,913.2438882000279,157.14089820010122,,,,,,,,,,,,,,802294,right,no,None,2025-05-08_12h34.49.423,RL_out-of-scanner,2024.2.4,60.45726246389446,2025-05-08 12h35.19.120077 -0700,
32,0,32,space,5.163301799912006,None,5,1.3352995000313967,None,157.14204450009856,j,0.2817498999647796,None,None,157.44202870002482,157.4422445000382,158.45698530005757,158.45701190002728,159.47223130008206,159.4722547000274,160.47163829999045,,,,,,,2,0,2,0,32,0,32,0,913.2608776000561,,,,,,,,,,,,,,,,,,,,,,,,,,,,,,157.14204450009856,913.2450821000384,913.2608776000561,913.2608776000561,913.2608776000561,913.2608776000561,913.5449974000221,j,0.2817498999647796,None,left,0,10,8,7,98,19,None,157.44202870002482,157.4422445000382,913.5452773000579,913.5604740000563,913.5604740000563,914.5766619000351,914.5766619000351,914.5599735000869,158.45698530005757,158.45701190002728,914.5654701000312,914.5766619000351,914.5766619000351,915.5752293000696,stimuli/box_empty_transparent.png,159.47223130008206,159.4722547000274,915.5752890000585,915.5917288000928,916.5913780000992,916.574630600051,160.47163829999045,,,,,,,,,,,,,,802294,right,no,None,2025-05-08_12h34.49.423,RL_out-of-scanner,2024.2.4,60.45726246389446,2025-05-08 12h35.19.120077 -0700,
33,0,33,space,5.163301799912006,None,5,1.3352995000313967,None,160.47267170005944,k,0.32675929996185005,None,None,160.82284070004243,160.8230329999933,162.83683780010324,162.83686420007143,163.83624610002153,163.8362684000749,165.35146690008696,,,,,,,2,0,2,0,33,0,33,0,916.5913780000992,,,,,,,,,,,,,,,,,,,,,,,,,,,,,,160.47267170005944,916.5757082001073,916.5913780000992,916.5913780000992,916.5913780000992,916.5913780000992,916.9258053000085,k,0.32675929996185005,None,left,0,10,8,7,98,19,None,160.82284070004243,160.8230329999933,916.9260669000214,916.940887200064,916.940887200064,918.9563280000584,918.9563280000584,918.9398252000101,162.83683780010324,162.83686420007143,918.945302200038,918.9563280000584,918.9563280000584,919.9392438000068,stimuli/box_empty_transparent.png,163.83624610002153,163.8362684000749,919.9393248000415,919.9547770000063,921.4706951000262,921.4544686001027,165.35146690008696,919.9547770000063,919.9547770000063,,,,,,,,,,,,802294,right,no,None,2025-05-08_12h34.49.423,RL_out-of-scanner,2024.2.4,60.45726246389446,2025-05-08 12h35.19.120077 -0700,
34,0,34,space,5.163301799912006,None,5,1.3352995000313967,None,165.35254270001315,j,0.31430399999953806,None,None,165.68511050008237,165.6853197000455,168.69879900000524,168.69882560009137,169.71411599998828,169.71416140010115,172.22902520000935,,,,,,,2,0,2,0,34,0,34,0,921.4706951000262,,,,,,,,,,,,,,,,,,,,,,,,,,,,,,165.35254270001315,921.4555768000428,921.4706951000262,921.4706951000262,921.4706951000262,921.4706951000262,921.7880828001071,j,0.31430399999953806,None,left,1,10,9,7,99,20,None,165.68511050008237,165.6853197000455,921.7883528000675,921.8033308000304,921.8033308000304,924.8185543,924.8185543,924.8017863000277,168.69879900000524,168.69882560009137,924.8084675000282,924.8185543,924.8185543,925.8170920000412,stimuli/box_coin_transparent.png,169.71411599998828,169.71416140010115,925.8172148000449,925.8335942000849,928.3483323000837,928.3320119000273,172.22902520000935,,,,,,,,,,,,,,802294,right,no,None,2025-05-08_12h34.49.423,RL_out-of-scanner,2024.2.4,60.45726246389446,2025-05-08 12h35.19.120077 -0700,
35,0,35,space,5.163301799912006,None,5,1.3352995000313967,None,172.23043220001273,j,0.2612259000306949,None,None,172.51261840004008,172.51283710007556,174.02811990003102,174.02814489998855,175.0437059000833,175.04374220001046,176.04263750009704,,,,,,,2,0,2,0,35,0,35,0,928.3483323000837,,,,,,,,,,,,,,,,,,,,,,,,,,,,,,172.23043220001273,928.3334710000781,928.3483323000837,928.3483323000837,928.3483323000837,928.3483323000837,928.6155823000008,j,0.2612259000306949,None,left,1,10,10,7,100,21,None,172.51261840004008,172.51283710007556,928.6158719999949,928.6316087000305,928.6316087000305,930.1476720001083,930.1476720001083,930.1311092000687,174.02811990003102,174.02814489998855,930.1377295000711,930.1476720001083,930.1476720001083,931.1466951000039,stimuli/box_coin_transparent.png,175.0437059000833,175.04374220001046,931.1467894000234,931.1626302000368,932.16228030005,932.1456283000298,176.04263750009704,,,,,,,,,,,,,,802294,right,no,None,2025-05-08_12h34.49.423,RL_out-of-scanner,2024.2.4,60.45726246389446,2025-05-08 12h35.19.120077 -0700,
36,0,36,space,5.163301799912006,None,5,1.3352995000313967,None,176.04376920009963,j,0.5835597000550479,None,None,176.6598339000484,176.66004590003286,178.17519900004845,178.17522560001817,179.1900640000822,179.1901238000719,182.704235500074,,,,,,,2,0,2,0,36,0,36,0,932.16228030005,,,,,,,,,,,,,,,,,,,,,,,,,,,,,,176.04376920009963,932.1468059000326,932.16228030005,932.16228030005,932.16228030005,932.16228030005,932.7628014000366,j,0.5835597000550479,None,right,1,12,0,8,100,21,None,176.6598339000484,176.66004590003286,932.7630824000807,932.7781398000661,932.7781398000661,934.2941152000567,934.2941152000567,934.2781868000748,178.17519900004845,178.17522560001817,934.2838163000997,934.2941152000567,934.2941152000567,935.2930371999973,stimuli/box_empty_transparent.png,179.1900640000822,179.1901238000719,935.2931954000378,935.3091466000769,938.8233373000985,938.8072378000943,182.704235500074,,,,,,,,,,,,,,802294,right,no,None,2025-05-08_12h34.49.423,RL_out-of-scanner,2024.2.4,60.45726246389446,2025-05-08 12h35.19.120077 -0700,
37,0,37,space,5.163301799912006,None,5,1.3352995000313967,None,182.70564160007052,k,0.2678011000389233,None,None,183.00473710009828,183.0049280000385,185.01942190004047,185.01945140003227,186.03474060003646,186.03477770008612,187.05060240009334,,,,,,,2,0,2,0,37,0,37,0,938.8233373000985,,,,,,,,,,,,,,,,,,,,,,,,,,,,,,182.70564160007052,938.8086956000188,938.8233373000985,938.8233373000985,938.8233373000985,938.8233373000985,939.1077005000552,k,0.2678011000389233,None,right,1,12,1,8,101,22,None,183.00473710009828,183.0049280000385,939.1079617000651,939.1231476000976,939.1231476000976,941.1387486000312,941.1387486000312,941.1224015000043,185.01942190004047,185.01945140003227,941.1296556000598,941.1387486000312,941.1387486000312,942.1377286000643,stimuli/box_coin_transparent.png,186.03474060003646,186.03477770008612,942.1378267999971,942.1540106000612,943.169855000102,943.1536041999934,187.05060240009334,,,,,,,,,,,,,,802294,right,no,None,2025-05-08_12h34.49.423,RL_out-of-scanner,2024.2.4,60.45726246389446,2025-05-08 12h35.19.120077 -0700,
38,0,38,space,5.163301799912006,None,5,1.3352995000313967,None,187.05202480009757,k,0.45089520001783967,None,None,187.53449460002594,187.53467780002393,188.54933280008845,188.54938890004996,189.56495440006256,189.56499850004911,191.0807418000186,,,,,,,2,0,2,0,38,0,38,0,943.169855000102,,,,,,,,,,,,,,,,,,,,,,,,,,,,,,187.05202480009757,943.1550780000398,943.169855000102,943.169855000102,943.169855000102,943.169855000102,943.6374575000955,k,0.45089520001783967,None,right,1,12,2,8,102,23,None,187.53449460002594,187.53467780002393,943.6377093000337,943.6529138000915,943.6529138000915,944.6691925000632,944.6691925000632,944.6522842000704,188.54933280008845,188.54938890004996,944.6593967000954,944.6691925000632,944.6691925000632,945.6679366000462,stimuli/box_coin_transparent.png,189.56495440006256,189.56499850004911,945.6680522999959,945.6841617000755,947.2000670999987,947.183735000086,191.0807418000186,,,,,,,,,,,,,,802294,right,no,None,2025-05-08_12h34.49.423,RL_out-of-scanner,2024.2.4,60.45726246389446,2025-05-08 12h35.19.120077 -0700,
39,0,39,space,5.163301799912006,None,5,1.3352995000313967,None,191.0819446000969,k,0.3056563000427559,None,None,191.41454110003542,191.41473130008671,192.41343419998884,192.41347989998758,193.4286018999992,193.42864340008236,194.42826570000034,,,,,,,2,0,2,0,39,0,39,0,947.2000670999987,,,,,,,,,,,,,,,,,,,,,,,,,,,,,,191.0819446000969,947.1849815000314,947.2000670999987,947.2000670999987,947.2000670999987,947.2000670999987,947.5175053999992,k,0.3056563000427559,None,right,1,12,3,8,103,24,None,191.41454110003542,191.41473130008671,947.5177653999999,947.5334529000102,947.5334529000102,948.5331770000048,948.5331770000048,948.516395600047,192.41343419998884,192.41347989998758,948.52333310002,948.5331770000048,948.5331770000048,949.5315866000019,stimuli/box_coin_transparent.png,193.4286018999992,193.42864340008236,949.5316996000474,949.5478146000532,950.5474225000944,950.5312586000655,194.42826570000034,,,,,,,,,,,,,,802294,right,no,None,2025-05-08_12h34.49.423,RL_out-of-scanner,2024.2.4,60.45726246389446,2025-05-08 12h35.19.120077 -0700,
40,0,40,space,5.163301799912006,None,5,1.3352995000313967,None,194.4294306000229,k,0.3159351999638602,None,None,194.7623581000371,194.76253960002214,196.27710120007396,196.27714450005442,197.29208720009774,197.29212520003784,198.29171610006597,,,,,,,2,0,2,0,40,0,40,0,950.5474225000944,,,,,,,,,,,,,,,,,,,,,,,,,,,,,,194.4294306000229,950.5324663000647,950.5474225000944,950.5474225000944,950.5474225000944,950.5474225000944,950.8653291000519,k,0.3159351999638602,None,right,1,12,4,8,104,25,None,194.7623581000371,194.76253960002214,950.8655712000327,950.880436400068,950.880436400068,952.39641330007,952.39641330007,952.3800655000377,196.27710120007396,196.27714450005442,952.3869506000774,952.39641330007,952.39641330007,953.395074,stimuli/box_coin_transparent.png,197.29208720009774,197.29212520003784,953.3951767000835,953.4113332000561,954.4113298000302,954.3947187000886,198.29171610006597,,,,,,,,,,,,,,802294,right,no,None,2025-05-08_12h34.49.423,RL_out-of-scanner,2024.2.4,60.45726246389446,2025-05-08 12h35.19.120077 -0700,
41,0,41,space,5.163301799912006,None,5,1.3352995000313967,None,198.29268770001363,k,0.2953348000301048,None,None,198.60903699998744,198.60922490002122,199.6078858000692,199.60791070002597,200.62321630003862,200.6232575000031,203.63717770006042,,,,,,,2,0,2,0,41,0,41,0,954.4113298000302,,,,,,,,,,,,,,,,,,,,,,,,,,,,,,198.29268770001363,954.3957253000699,954.4113298000302,954.4113298000302,954.4113298000302,954.4113298000302,954.7120029000798,k,0.2953348000301048,None,right,1,12,5,8,105,26,None,198.60903699998744,198.60922490002122,954.7122583000455,954.727488100063,954.727488100063,955.7277835001005,955.7277835001005,955.7108753001085,199.6078858000692,199.60791070002597,955.7179571000161,955.7277835001005,955.7277835001005,956.7262006000383,stimuli/box_coin_transparent.png,200.62321630003862,200.6232575000031,956.7263126000762,956.7421109999996,959.7568286000751,959.740167500102,203.63717770006042,,,,,,,,,,,,,,802294,right,no,None,2025-05-08_12h34.49.423,RL_out-of-scanner,2024.2.4,60.45726246389446,2025-05-08 12h35.19.120077 -0700,
42,0,42,space,5.163301799912006,None,5,1.3352995000313967,None,203.6384812000906,k,0.2682012999430299,None,None,203.93796460004523,203.9381558999885,205.95188639999833,205.95191350008827,206.96854170004372,206.96858149999753,210.48143849999178,,,,,,,2,0,2,0,42,0,42,0,959.7568286000751,,,,,,,,,,,,,,,,,,,,,,,,,,,,,,203.6384812000906,959.7415227000602,959.7568286000751,959.7568286000751,959.7568286000751,959.7568286000751,960.0409347000532,k,0.2682012999430299,None,right,1,12,6,8,106,27,None,203.93796460004523,203.9381558999885,960.0411891000113,960.0565796000883,960.0565796000883,962.071862300043,962.071862300043,962.0548739000224,205.95188639999833,205.95191350008827,962.0615603000624,962.071862300043,962.071862300043,963.0715286000632,stimuli/box_coin_transparent.png,206.96854170004372,206.96858149999753,963.0716302000219,963.086920700036,966.601304300013,966.584438100108,210.48143849999178,,,,,,,,,,,,,,802294,right,no,None,2025-05-08_12h34.49.423,RL_out-of-scanner,2024.2.4,60.45726246389446,2025-05-08 12h35.19.120077 -0700,
43,0,43,space,5.163301799912006,None,5,1.3352995000313967,None,210.48263460001908,k,0.27717179991304874,None,None,210.78258630004711,210.7827711000573,211.78163149999455,211.7816575000761,212.79661200009286,212.79664850002155,214.81167610001285,,,,,,,2,0,2,0,43,0,43,0,966.601304300013,,,,,,,,,,,,,,,,,,,,,,,,,,,,,,210.48263460001908,966.5856744000921,966.601304300013,966.601304300013,966.601304300013,966.601304300013,966.8855551000452,k,0.27717179991304874,None,right,0,12,6,8,107,27,None,210.78258630004711,210.7827711000573,966.8858037000755,966.9009244000772,966.9009244000772,967.901128700003,967.901128700003,967.8846202000277,211.78163149999455,211.7816575000761,967.8901823000051,967.901128700003,967.901128700003,968.8996003000066,stimuli/box_empty_transparent.png,212.79661200009286,212.79664850002155,968.8996967000421,968.9159562001005,970.9313136000419,970.9146684000734,214.81167610001285,,,,,,,,,,,,,,802294,right,no,None,2025-05-08_12h34.49.423,RL_out-of-scanner,2024.2.4,60.45726246389446,2025-05-08 12h35.19.120077 -0700,
44,0,44,space,5.163301799912006,None,5,1.3352995000313967,None,214.81288650003262,j,0.2733295001089573,None,None,215.11238639999647,215.1125959000783,217.62686020007823,217.62689370010048,218.6419246000005,218.64195920003112,220.65760460007004,,,,,,,2,0,2,0,44,0,44,0,970.9313136000419,,,,,,,,,,,,,,,,,,,,,,,,,,,,,,214.81288650003262,970.9159236000851,970.9313136000419,970.9313136000419,970.9313136000419,970.9313136000419,971.2153570000082,j,0.2733295001089573,None,right,0,12,6,8,107,27,None,215.11238639999647,215.1125959000783,971.2156298001064,971.2316801000852,971.2316801000852,973.7458892000141,973.7458892000141,973.7298379000276,217.62686020007823,217.62689370010048,973.7360489000566,973.7458892000141,973.7458892000141,974.7449133000337,stimuli/box_empty_transparent.png,218.6419246000005,218.64195920003112,974.7450053000357,974.7610661000945,976.776639000047,976.7605882000644,220.65760460007004,,,,,,,,,,,,,,802294,right,no,None,2025-05-08_12h34.49.423,RL_out-of-scanner,2024.2.4,60.45726246389446,2025-05-08 12h35.19.120077 -0700,
45,0,45,space,5.163301799912006,None,5,1.3352995000313967,None,220.65882370003965,k,0.29759209998883307,None,None,220.97419710003305,220.97454790002666,221.97345140005928,221.9734785000328,222.98929250007495,222.98931650002487,223.9877368999878,,,,,,,2,0,2,0,45,0,45,0,976.776639000047,,,,,,,,,,,,,,,,,,,,,,,,,,,,,,220.65882370003965,976.7618782001082,976.776639000047,976.776639000047,976.776639000047,976.776639000047,977.0771384000545,k,0.29759209998883307,None,right,1,12,7,8,108,28,None,220.97419710003305,220.97454790002666,977.0775985000655,977.0931762000546,977.0931762000546,978.0928537000436,978.0928537000436,978.076438200078,221.97345140005928,221.9734785000328,978.0830588000827,978.0928537000436,978.0928537000436,979.0922756000655,stimuli/box_coin_transparent.png,222.98929250007495,222.98931650002487,979.0923505000537,979.1075699001085,980.1072562000481,980.0907298000529,223.9877368999878,,,,,,,,,,,,,,802294,right,no,None,2025-05-08_12h34.49.423,RL_out-of-scanner,2024.2.4,60.45726246389446,2025-05-08 12h35.19.120077 -0700,
46,0,46,space,5.163301799912006,None,5,1.3352995000313967,None,223.98901140003,k,0.29961730004288256,None,None,224.3059209000785,224.30610440007877,226.31990740005858,226.3199526000535,227.33542220003437,227.33546590001788,228.35146350006107,,,,,,,2,0,2,0,46,0,46,0,980.1072562000481,,,,,,,,,,,,,,,,,,,,,,,,,,,,,,223.98901140003,980.0920502000954,980.1072562000481,980.1072562000481,980.1072562000481,980.1072562000481,980.4088932001032,k,0.29961730004288256,None,right,1,12,8,8,109,29,None,224.3059209000785,224.30610440007877,980.4091358000878,980.4234015000984,980.4234015000984,982.439078800031,982.439078800031,982.4228696000064,226.31990740005858,226.3199526000535,982.4302222999977,982.439078800031,982.439078800031,983.438404400018,stimuli/box_coin_transparent.png,227.33542220003437,227.33546590001788,983.4385253000073,983.4543397000525,984.4702534000389,984.4544556000037,228.35146350006107,,,,,,,,,,,,,,802294,right,no,None,2025-05-08_12h34.49.423,RL_out-of-scanner,2024.2.4,60.45726246389446,2025-05-08 12h35.19.120077 -0700,
47,0,47,space,5.163301799912006,None,5,1.3352995000313967,None,228.3525219000876,k,0.25746809993870556,None,None,228.63524880004115,228.63543040002696,231.64894960005768,231.64897920005023,232.64870620006695,232.64873280003667,234.16325740003958,,,,,,,2,0,2,0,47,0,47,0,984.4702534000389,,,,,,,,,,,,,,,,,,,,,,,,,,,,,,228.3525219000876,984.4555570000084,984.4702534000389,984.4702534000389,984.4702534000389,984.4702534000389,984.738222300075,k,0.25746809993870556,None,right,0,12,8,8,110,29,None,228.63524880004115,228.63543040002696,984.7384611000307,984.7538372999988,984.7538372999988,987.7681520000333,987.7681520000333,987.7519256999949,231.64894960005768,231.64897920005023,987.7576372000622,987.7681520000333,987.7681520000333,988.7517032000469,stimuli/box_empty_transparent.png,232.64870620006695,232.64873280003667,988.7517704000929,988.7667531000916,990.2822582999943,990.2662602000637,234.16325740003958,988.7667531000916,988.7667531000916,,,,,,,,,,,,802294,right,no,None,2025-05-08_12h34.49.423,RL_out-of-scanner,2024.2.4,60.45726246389446,2025-05-08 12h35.19.120077 -0700,
48,0,48,space,5.163301799912006,None,5,1.3352995000313967,None,234.16472210001666,j,0.26818130002357066,None,None,234.4637939000968,234.46403790009208,235.9786413999973,235.9786691000918,236.9940749000525,236.99411329999566,240.5080401999876,,,,,,,2,0,2,0,48,0,48,0,990.2822582999943,,,,,,,,,,,,,,,,,,,,,,,,,,,,,,234.16472210001666,990.2677764000837,990.2822582999943,990.2822582999943,990.2822582999943,990.2822582999943,990.5667465000879,j,0.26818130002357066,None,right,0,12,8,8,110,29,None,234.4637939000968,234.46403790009208,990.5670787000563,990.5822467000689,990.5822467000689,992.0981762000592,992.0981762000592,992.0816281000152,235.9786413999973,235.9786691000918,992.0871420000913,992.0981762000592,992.0981762000592,993.097061800072,stimuli/box_empty_transparent.png,236.9940749000525,236.99411329999566,993.0971628000261,993.1131798001006,996.6272724000737,996.6110302000307,240.5080401999876,,,,,,,,,,,,,,802294,right,no,None,2025-05-08_12h34.49.423,RL_out-of-scanner,2024.2.4,60.45726246389446,2025-05-08 12h35.19.120077 -0700,
49,0,49,space,5.163301799912006,None,5,1.3352995000313967,None,240.5094254000578,k,0.24466920003760606,None,None,240.7755165999988,240.77571539999917,242.2904686999973,242.29051080008503,243.28993460000493,243.28995760006364,243.29035740008112,,,,,,,2,0,2,0,49,0,49,0,996.6272724000737,,,,,,,,,,,,,,,,,,,,,,,,,,,,,,240.5094254000578,996.6124624999939,996.6272724000737,996.6272724000737,996.6272724000737,996.6272724000737,996.8784797000699,k,0.24466920003760606,None,right,1,12,9,8,111,30,None,240.7755165999988,240.77571539999917,996.8787501000334,996.8942002000986,996.8942002000986,998.4098098000977,998.4098098000977,998.3934364001034,242.2904686999973,242.29051080008503,998.4002892000135,998.4098098000977,998.4098098000977,999.392934500007,stimuli/box_coin_transparent.png,243.28993460000493,243.28995760006364,999.3929907000856,999.4092028000159,999.4092028000159,999.3933632000117,243.29035740008112,999.4092028000159,999.4092028000159,,,,,,,,,,,,802294,right,no,None,2025-05-08_12h34.49.423,RL_out-of-scanner,2024.2.4,60.45726246389446,2025-05-08 12h35.19.120077 -0700,
2,0,2,space,5.163301799912006,None,5,1.3352995000313967,None,,,,,,,,,,,,,,,,,,,2,0,2,0,,,,,,,,,,,,,,,,,,,,,,,,,,,,,,,,,,,,,,,,,,,,,,,,,,,,,,,,,,,,,,,,,,,,,,,,,,,,,,,999.4049386000261,999.4092028000159,1003.4049040999962,1003.4049516000086,1003.4216033000266,1061.1421407000162,1061.1262022000737,,,802294,right,no,None,2025-05-08_12h34.49.423,RL_out-of-scanner,2024.2.4,60.45726246389446,2025-05-08 12h35.19.120077 -0700,
,,,,,,,,,,,,,,,,,,,,,,,,,,,,,,,,,,,,,,,,,,,,,,,,,,,,,,,,,,,,,,,,,,,,,,,,,,,,,,,,,,,,,,,,,,,,,,,,,,,,,,,,,,,,,,,,,,,,1061.1263481000206,1061.126575000002,802294,right,no,None,2025-05-08_12h34.49.423,RL_out-of-scanner,2024.2.4,60.45726246389446,2025-05-08 12h35.19.120077 -0700,
