thisN,thisTrialN,thisRepN,cue_resp_lp.keys,cue_resp_lp.rt,cue_resp_lp.duration,cue_resp_rp.keys,cue_resp_rp.rt,cue_resp_rp.duration,advance_press.keys,advance_press.rt,advance_press.duration,trigger_value.keys,trigger_value.rt,trigger_value.duration,cueOnTime,cue_resp.keys,all_keys.keys,cueOffTime,cueRespOnTime,cueRespOffTime,outcomeOnTime,outcomeOffTime,fixOnTime,fixOffTime,cue_resp.rt,cue_resp.duration,all_keys.rt,all_keys.duration,practice_loop.thisRepN,practice_loop.thisTrialN,practice_loop.thisN,practice_loop.thisIndex,runs.thisRepN,runs.thisTrialN,runs.thisN,runs.thisIndex,trials.thisRepN,trials.thisTrialN,trials.thisN,trials.thisIndex,thisRow.t,notes,prac_dir.started,welcome_text.started,advance_press_pd.started,prac_dir.stopped,advance_press_pd.keys,advance_press_pd.rt,advance_press_pd.duration,prac_left.started,left_box_lp.started,right_box_lp.started,cue_resp_lp.started,prac_left_text.started,prac_left.stopped,practice_loop.cue_resp_lp.keys,practice_loop.cue_resp_lp.rt,practice_loop.cue_resp_lp.duration,prac_left_response.started,left_box_lr.started,right_box_lr.started,prac_left_response.stopped,prac_right.started,left_box_rp.started,right_box_rp.started,cue_resp_rp.started,prac_right_text.started,prac_right.stopped,practice_loop.cue_resp_rp.keys,practice_loop.cue_resp_rp.rt,practice_loop.cue_resp_rp.duration,prac_right_response.started,left_box_rr.started,right_box_rr.started,prac_right_response.stopped,summary_instructions.started,summary_text.started,advance_to_runs.started,summary_instructions.stopped,advance_to_runs.keys,advance_to_runs.rt,advance_to_runs.duration,get_ready.started,get_ready_text.started,advance_press.started,get_ready.stopped,runs.advance_press.keys,runs.advance_press.rt,runs.advance_press.duration,scanner_trigger.started,scanner_text.started,trigger_value.started,scanner_trigger.stopped,runs.trigger_value.keys,runs.trigger_value.rt,runs.trigger_value.duration,trials.cueOnTime,cue.started,left_box.started,right_box.started,cue_resp.started,all_keys.started,left_box.stopped,right_box.stopped,cue_resp.stopped,all_keys.stopped,cue.stopped,trials.cue_resp.keys,good_side,probability_sequence_value,magic_number,num_rewarded,num_switch,total_correct,num_gold_coins,trials.all_keys.keys,trials.cueOffTime,trials.cueRespOnTime,cue_response.started,left_box_response.started,right_box_response.started,left_box_response.stopped,right_box_response.stopped,cue_response.stopped,trials.cueRespOffTime,trials.outcomeOnTime,outcome.started,outcome_left_box.started,outcome_right_box.started,outcome.stopped,outcome_image,trials.outcomeOffTime,trials.fixOnTime,fixation.started,fixation_cross.started,fixation_cross.stopped,fixation.stopped,trials.fixOffTime,trials.cue_resp.rt,trials.cue_resp.duration,run_feedback.started,coins_won_text.started,run_feedback.stopped,leftover_time_break.started,fixation_end.started,fixation_end.stopped,leftover_time_break.stopped,trials.all_keys.rt,trials.all_keys.duration,end_exp.started,end_exp.stopped,participant,handedness,practice,restart_from_run,date,expName,psychopyVersion,frameRate,expStart,
,,,,,,,,,,,,,,,,,,,,,,,,,,,,,,,,,,,,,,,,,,,0.030732100014574826,0.036404000013135374,0.036404000013135374,63.51837990002241,j,63.460824199952185,None,,,,,,,,,,,,,,,,,,,,,,,,,,,,,,,,,,,,,,,,,,,,,,,,,,,,,,,,,,,,,,,,,,,,,,,,,,,,,,,,,,,,,,,,,,,,,,,,,,,,,,,826422,right,yes,None,2025-05-07_09h42.27.900,RL_out-of-scanner,2024.2.4,60.113422014537086,2025-05-07 09h42.37.623452 -0700,
0,0,0,j,5.5995350000448525,None,k,3.240293000009842,None,,,,,,,,,,,,,,,,,,,,,0,0,0,0,,,,,,,,,63.54077540000435,,,,,,,,,63.53108909993898,63.54077540000435,63.54077540000435,63.54077540000435,63.54077540000435,69.14226210000925,j,5.5995350000448525,None,69.1427317999769,69.15726340003312,69.15726340003312,71.65519149997272,71.66397009999491,71.67305179999676,71.67305179999676,71.67305179999676,71.67305179999676,74.92086369998287,k,3.240293000009842,None,74.92134270002134,74.9356474999804,74.9356474999804,77.43370449997019,,,,,,,,,,,,,,,,,,,,,,,,,,,,,,,,,,,,,,,,,,,,,,,,,,,,,,,,,,,,,,,,,,,,,,,,,,,,,826422,right,yes,None,2025-05-07_09h42.27.900,RL_out-of-scanner,2024.2.4,60.113422014537086,2025-05-07 09h42.37.623452 -0700,
,,,,,,,,,,,,,,,,,,,,,,,,,,,,,,,,,,,,,,,,,,,,,,,,,,,,,,,,,,,,,,,,,,,,,,,,,,,,77.43389089999255,77.45044960000087,77.45044960000087,103.59767189994454,j,26.145364099997096,None,,,,,,,,,,,,,,,,,,,,,,,,,,,,,,,,,,,,,,,,,,,,,,,,,,,,,,,,,,,,,,,,,,,,,,826422,right,yes,None,2025-05-07_09h42.27.900,RL_out-of-scanner,2024.2.4,60.113422014537086,2025-05-07 09h42.37.623452 -0700,
0,0,0,,,,,,,space,51.73817180003971,None,5,0.6387330000288785,None,0.0034985000966116786,None,None,1.4990874000359327,1.499200600082986,2.498007300077006,2.4980586000019684,3.5132795000681654,3.513329500099644,5.528165700030513,,,,,,,,,0,0,0,0,0,0,0,0,156.03754439996555,,,,,,,,,,,,,,,,,,,,,,,,,,,,,,,,,,,,,,,,,,103.59821099997498,103.61242849996779,103.61242849996779,155.35645159997512,space,51.73817180003971,None,155.35661769995932,155.37127130001318,155.37127130001318,156.02194430003874,5,0.6387330000288785,None,0.0034985000966116786,156.02558689995203,156.03754439996555,156.03754439996555,156.03754439996555,156.03754439996555,157.5365883000195,157.5365883000195,157.5365883000195,157.5365883000195,157.5210096000228,None,right,0,8,0,0,0,0,None,1.4990874000359327,1.499200600082986,157.5212620999664,157.5365883000195,157.5365883000195,158.54342430003453,158.54342430003453,158.51995879993774,2.498007300077006,2.4980586000019684,158.5350560999941,158.54342430003453,158.54342430003453,159.53526020003483,no selection made,3.5132795000681654,3.513329500099644,159.5353908999823,159.55133319995366,161.56700279994402,161.55015349993482,5.528165700030513,,,,,,,,,,,,,,826422,right,yes,None,2025-05-07_09h42.27.900,RL_out-of-scanner,2024.2.4,60.113422014537086,2025-05-07 09h42.37.623452 -0700,
1,0,1,,,,,,,space,51.73817180003971,None,5,0.6387330000288785,None,5.5305366000393406,j,None,5.929398000007495,5.9298396001104265,7.427642300026491,7.4276991001097485,8.442800000077114,8.442855200031772,9.941782500012778,0.36647250002715737,None,,,,,,,0,0,0,0,1,0,1,0,161.56700279994402,,,,,,,,,,,,,,,,,,,,,,,,,,,,,,,,,,,,,,,,,,,,,,,,,,,,,,,,5.5305366000393406,161.5526178999571,161.56700279994402,161.56700279994402,161.56700279994402,161.56700279994402,,,,,161.9512993999524,j,right,0,8,0,0,0,0,None,5.929398000007495,5.9298396001104265,161.95190729992464,161.96617020003032,161.96617020003032,163.47143889998551,163.47143889998551,163.44959109998308,7.427642300026491,7.4276991001097485,163.4637074000202,163.47143889998551,163.47143889998551,164.46478229993954,stimuli/box_empty_transparent.png,8.442800000077114,8.442855200031772,164.46491999994032,164.48033920000307,165.97994989994913,165.96376990003046,9.941782500012778,0.36647250002715737,None,,,,,,,,,,,,826422,right,yes,None,2025-05-07_09h42.27.900,RL_out-of-scanner,2024.2.4,60.113422014537086,2025-05-07 09h42.37.623452 -0700,
2,0,2,,,,,,,space,51.73817180003971,None,5,0.6387330000288785,None,9.94431330007501,j,None,10.259756400017068,10.260255700093694,11.25760170002468,11.25765740009956,12.272645800025202,12.272692800033838,15.287027800106443,0.2834888999350369,None,,,,,,,0,0,0,0,2,0,2,0,165.97994989994913,,,,,,,,,,,,,,,,,,,,,,,,,,,,,,,,,,,,,,,,,,,,,,,,,,,,,,,,9.94431330007501,165.9663979000179,165.97994989994913,165.97994989994913,165.97994989994913,165.97994989994913,,,,,166.28165609994903,j,right,0,8,0,0,0,0,None,10.259756400017068,10.260255700093694,166.28232929995283,166.29625000001397,166.29625000001397,167.300567499944,167.300567499944,167.27955570002086,11.25760170002468,11.25765740009956,167.2936192000052,167.300567499944,167.300567499944,168.29462890001014,stimuli/box_empty_transparent.png,12.272645800025202,12.272692800033838,168.2947562999325,168.3107580000069,171.32532279996667,171.30901989992708,15.287027800106443,0.2834888999350369,None,,,,,,,,,,,,826422,right,yes,None,2025-05-07_09h42.27.900,RL_out-of-scanner,2024.2.4,60.113422014537086,2025-05-07 09h42.37.623452 -0700,
3,0,3,,,,,,,space,51.73817180003971,None,5,0.6387330000288785,None,15.289425000082701,k,None,15.622274900088087,15.622676099999808,17.63632220006548,17.636378700030036,18.651607600040734,18.65166160010267,19.666864500031807,0.3039975999854505,None,,,,,,,0,0,0,0,3,0,3,0,171.32532279996667,,,,,,,,,,,,,,,,,,,,,,,,,,,,,,,,,,,,,,,,,,,,,,,,,,,,,,,,15.289425000082701,171.31150820001494,171.32532279996667,171.32532279996667,171.32532279996667,171.32532279996667,,,,,171.64417099999264,k,right,1,8,1,0,1,1,None,15.622274900088087,15.622676099999808,171.64478069997858,171.65869399998337,171.65869399998337,173.68291360000148,173.68291360000148,173.65826169995125,17.63632220006548,17.636378700030036,173.67601699999068,173.68291360000148,173.68291360000148,174.67359020002186,stimuli/box_coin_transparent.png,18.651607600040734,18.65166160010267,174.6737254000036,174.6891415999271,175.70511700003408,175.68885659996886,19.666864500031807,0.3039975999854505,None,,,,,,,,,,,,826422,right,yes,None,2025-05-07_09h42.27.900,RL_out-of-scanner,2024.2.4,60.113422014537086,2025-05-07 09h42.37.623452 -0700,
4,0,4,,,,,,,space,51.73817180003971,None,5,0.6387330000288785,None,19.669348300085403,k,None,20.00226440001279,20.00266580004245,21.00004870002158,21.000105500104837,22.015125600039028,22.015198800014332,24.530043400009163,0.31606840004678816,None,,,,,,,0,0,0,0,4,0,4,0,175.70511700003408,,,,,,,,,,,,,,,,,,,,,,,,,,,,,,,,,,,,,,,,,,,,,,,,,,,,,,,,19.669348300085403,175.69144029996824,175.70511700003408,175.70511700003408,175.70511700003408,175.70511700003408,,,,,176.02416419994552,k,right,0,8,1,0,2,1,None,20.00226440001279,20.00266580004245,176.02473429997917,176.03851129999384,176.03851129999384,177.0430997000076,177.0430997000076,177.02199829998426,21.00004870002158,21.000105500104837,177.03625689994078,177.0430997000076,177.0430997000076,178.037109100027,stimuli/box_empty_transparent.png,22.015125600039028,22.015198800014332,178.03726260003168,178.0531350999372,180.56813649996184,180.55203150003217,24.530043400009163,0.31606840004678816,None,,,,,,,,,,,,826422,right,yes,None,2025-05-07_09h42.27.900,RL_out-of-scanner,2024.2.4,60.113422014537086,2025-05-07 09h42.37.623452 -0700,
5,0,5,,,,,,,space,51.73817180003971,None,5,0.6387330000288785,None,24.532523600035347,j,None,24.831754900049418,24.832212900044397,28.343773400061764,28.343830300029367,29.35905020008795,29.359098700108007,31.374457800062373,0.271614299970679,None,,,,,,,0,0,0,0,5,0,5,0,180.56813649996184,,,,,,,,,,,,,,,,,,,,,,,,,,,,,,,,,,,,,,,,,,,,,,,,,,,,,,,,24.532523600035347,180.55460969998967,180.56813649996184,180.56813649996184,180.56813649996184,180.56813649996184,,,,,180.85365339997225,j,right,0,8,1,0,2,1,None,24.831754900049418,24.832212900044397,180.85431660001632,180.8679625999648,180.8679625999648,184.386078099953,184.386078099953,184.3657261999324,28.343773400061764,28.343830300029367,184.3797598000383,184.386078099953,184.386078099953,185.38103379996028,stimuli/box_empty_transparent.png,29.35905020008795,29.359098700108007,185.38116099999752,185.39705909998156,187.4126769999275,187.3964449999621,31.374457800062373,0.271614299970679,None,,,,,,,,,,,,826422,right,yes,None,2025-05-07_09h42.27.900,RL_out-of-scanner,2024.2.4,60.113422014537086,2025-05-07 09h42.37.623452 -0700,
6,0,6,,,,,,,space,51.73817180003971,None,5,0.6387330000288785,None,31.376951300073415,k,None,31.75928210001439,31.759721200098284,32.757066200021654,32.757120500085875,33.772263500024565,33.77231380005833,34.771933300071396,0.35510300006717443,None,,,,,,,0,0,0,0,6,0,6,0,187.4126769999275,,,,,,,,,,,,,,,,,,,,,,,,,,,,,,,,,,,,,,,,,,,,,,,,,,,,,,,,31.376951300073415,187.39903710002545,187.4126769999275,187.4126769999275,187.4126769999275,187.4126769999275,,,,,187.78118179994635,k,right,1,8,2,0,3,2,None,31.75928210001439,31.759721200098284,187.78179129993077,187.7955805999227,187.7955805999227,188.80297640000936,188.80297640000936,188.77901039994322,32.757066200021654,32.757120500085875,188.79618119995575,188.80297640000936,188.80297640000936,189.79423939995468,stimuli/box_coin_transparent.png,33.772263500024565,33.77231380005833,189.7943787999684,189.81046159996185,190.81018139992375,190.79391779995058,34.771933300071396,0.35510300006717443,None,,,,,,,,,,,,826422,right,yes,None,2025-05-07_09h42.27.900,RL_out-of-scanner,2024.2.4,60.113422014537086,2025-05-07 09h42.37.623452 -0700,
7,0,7,,,,,,,space,51.73817180003971,None,5,0.6387330000288785,None,34.77447570010554,k,None,35.622178100049496,35.6225755000487,37.63708220003173,37.637136300094426,38.65175950003322,38.65179030003492,40.667110400041565,0.8205156000331044,None,,,,,,,0,0,0,0,7,0,7,0,190.81018139992375,,,,,,,,,,,,,,,,,,,,,,,,,,,,,,,,,,,,,,,,,,,,,,,,,,,,,,,,34.77447570010554,190.79656129993964,190.81018139992375,190.81018139992375,190.81018139992375,190.81018139992375,,,,,191.64407909999136,k,right,1,8,3,0,4,3,None,35.622178100049496,35.6225755000487,191.6446434999816,191.65931789996102,191.65931789996102,193.68287389993202,193.68287389993202,193.65903480001725,37.63708220003173,37.637136300094426,193.67639979999512,193.68287389993202,193.68287389993202,194.67375580000225,stimuli/box_coin_transparent.png,38.65175950003322,38.65179030003492,194.6738367000362,194.6897128999699,196.70527719997335,196.68909779994283,40.667110400041565,0.8205156000331044,None,,,,,,,,,,,,826422,right,yes,None,2025-05-07_09h42.27.900,RL_out-of-scanner,2024.2.4,60.113422014537086,2025-05-07 09h42.37.623452 -0700,
8,0,8,,,,,,,space,51.73817180003971,None,5,0.6387330000288785,None,40.66954420006368,k,None,42.167803100077435,42.168206200003624,45.18036830006167,45.18042350001633,46.19589190010447,46.195943400030956,47.711801600060426,1.4777995999902487,None,,,,,,,0,0,0,0,8,0,8,0,196.70527719997335,,,,,,,,,,,,,,,,,,,,,,,,,,,,,,,,,,,,,,,,,,,,,,,,,,,,,,,,40.66954420006368,196.69162940001115,196.70527719997335,196.70527719997335,196.70527719997335,196.70527719997335,,,,,198.1896983999759,k,right,1,8,4,0,5,4,None,42.167803100077435,42.168206200003624,198.19027499994263,198.20406969997566,198.20406969997566,201.22601019998547,201.22601019998547,201.2023215999361,45.18036830006167,45.18042350001633,201.2196479999693,201.22601019998547,201.22601019998547,202.2178754999768,stimuli/box_coin_transparent.png,46.19589190010447,46.195943400030956,202.21800809993874,202.23373500001617,203.7499184999615,203.7337878999533,47.711801600060426,1.4777995999902487,None,,,,,,,,,,,,826422,right,yes,None,2025-05-07_09h42.27.900,RL_out-of-scanner,2024.2.4,60.113422014537086,2025-05-07 09h42.37.623452 -0700,
9,0,9,,,,,,,space,51.73817180003971,None,5,0.6387330000288785,None,47.71427230001427,k,None,48.279614500002936,48.28002170007676,49.793823300045915,49.793881400022656,50.808597000082955,50.80864560010377,52.82407150010113,0.5418295999988914,None,,,,,,,0,0,0,0,9,0,9,0,203.7499184999615,,,,,,,,,,,,,,,,,,,,,,,,,,,,,,,,,,,,,,,,,,,,,,,,,,,,,,,,47.71427230001427,203.73635489994194,203.7499184999615,203.7499184999615,203.7499184999615,203.7499184999615,,,,,204.30149899993557,k,right,1,8,5,0,6,5,None,48.279614500002936,48.28002170007676,204.30209020001348,204.31593009992503,204.31593009992503,205.83986269996967,205.83986269996967,205.81576449994463,49.793823300045915,49.793881400022656,205.83310299995355,205.83986269996967,205.83986269996967,206.830580299953,stimuli/box_coin_transparent.png,50.808597000082955,50.80864560010377,206.83070769999176,206.84662049997132,208.86230899998918,208.84605930000544,52.82407150010113,0.5418295999988914,None,,,,,,,,,,,,826422,right,yes,None,2025-05-07_09h42.27.900,RL_out-of-scanner,2024.2.4,60.113422014537086,2025-05-07 09h42.37.623452 -0700,
10,0,10,,,,,,,space,51.73817180003971,None,5,0.6387330000288785,None,52.8266213000752,k,None,53.85775140009355,53.85815630003344,55.37221410009079,55.37226700002793,56.38743910007179,56.387511200038716,57.387100400053896,1.008817599969916,None,,,,,,,0,0,0,0,10,0,10,0,208.86230899998918,,,,,,,,,,,,,,,,,,,,,,,,,,,,,,,,,,,,,,,,,,,,,,,,,,,,,,,,52.8266213000752,208.84870830003638,208.86230899998918,208.86230899998918,208.86230899998918,208.86230899998918,,,,,209.8796527000377,k,right,1,8,6,0,7,6,None,53.85775140009355,53.85815630003344,209.88022429996636,209.8947663999861,209.8947663999861,211.4178667999804,211.4178667999804,211.39416519994847,55.37221410009079,55.37226700002793,211.41133799997624,211.4178667999804,211.4178667999804,212.4094206999289,stimuli/box_coin_transparent.png,56.38743910007179,56.387511200038716,212.4095750999404,212.42547200003173,213.42562250001356,213.40908759995364,57.387100400053896,1.008817599969916,None,,,,,,,,,,,,826422,right,yes,None,2025-05-07_09h42.27.900,RL_out-of-scanner,2024.2.4,60.113422014537086,2025-05-07 09h42.37.623452 -0700,
11,0,11,,,,,,,space,51.73817180003971,None,5,0.6387330000288785,None,57.38961320009548,k,None,58.07164310000371,58.07204710005317,60.08517540001776,60.08523220010102,61.10048350004945,61.10053450008854,62.61606410006061,0.6580148000502959,None,,,,,,,0,0,0,0,11,0,11,0,213.42562250001356,,,,,,,,,,,,,,,,,,,,,,,,,,,,,,,,,,,,,,,,,,,,,,,,,,,,,,,,57.38961320009548,213.41169869992882,213.42562250001356,213.42562250001356,213.42562250001356,213.42562250001356,,,,,214.0935421999311,k,right,1,8,7,0,8,7,None,58.07164310000371,58.07204710005317,214.09411509998608,214.10847109998576,214.10847109998576,216.1308441000292,216.1308441000292,216.10712489997968,60.08517540001776,60.08523220010102,216.1243126000045,216.1308441000292,216.1308441000292,217.12245679995976,stimuli/box_coin_transparent.png,61.10048350004945,61.10053450008854,217.12259959999938,217.13837139995303,218.65480879996903,218.63805369997863,62.61606410006061,0.6580148000502959,None,,,,,,,,,,,,826422,right,yes,None,2025-05-07_09h42.27.900,RL_out-of-scanner,2024.2.4,60.113422014537086,2025-05-07 09h42.37.623452 -0700,
12,0,12,,,,,,,space,51.73817180003971,None,5,0.6387330000288785,None,62.6184562999988,k,None,63.00075840007048,63.001160800107755,63.99879159999546,63.99884630006272,65.01416440005414,65.01421250007115,68.02866730000824,0.3656942000379786,None,,,,,,,0,0,0,0,12,0,12,0,218.65480879996903,,,,,,,,,,,,,,,,,,,,,,,,,,,,,,,,,,,,,,,,,,,,,,,,,,,,,,,,62.6184562999988,218.64053969993256,218.65480879996903,218.65480879996903,218.65480879996903,218.65480879996903,,,,,219.02265810000245,k,right,0,8,7,0,9,7,None,63.00075840007048,63.001160800107755,219.02322939992882,219.03739029995631,219.03739029995631,220.0418151000049,220.0418151000049,220.02074940002058,63.99879159999546,63.99884630006272,220.03473620000295,220.0418151000049,220.0418151000049,221.0361472000368,stimuli/box_empty_transparent.png,65.01416440005414,65.01421250007115,221.03627769998275,221.05242940003518,224.06687460001558,224.05065520002972,68.02866730000824,0.3656942000379786,None,,,,,,,,,,,,826422,right,yes,None,2025-05-07_09h42.27.900,RL_out-of-scanner,2024.2.4,60.113422014537086,2025-05-07 09h42.37.623452 -0700,
13,0,13,,,,,,,space,51.73817180003971,None,5,0.6387330000288785,None,68.03118819999509,k,None,68.3127965000458,68.31319550005719,68.81157810008153,68.81163330003619,69.82695990009233,69.8270085999975,71.8419916999992,0.25306730007287115,None,,,,,,,0,0,0,0,13,0,13,0,224.06687460001558,,,,,,,,,,,,,,,,,,,,,,,,,,,,,,,,,,,,,,,,,,,,,,,,,,,,,,,,68.03118819999509,224.05327209993266,224.06687460001558,224.06687460001558,224.06687460001558,224.06687460001558,,,,,224.33469799999148,k,right,1,8,8,0,10,8,None,68.3127965000458,68.31319550005719,224.33526189997792,224.3497829999542,224.3497829999542,224.85748699994292,224.85748699994292,224.8335312999552,68.81157810008153,68.81163330003619,224.85085139994044,224.85748699994292,224.85748699994292,225.84894189995248,stimuli/box_coin_transparent.png,69.82695990009233,69.8270085999975,225.8490710000042,225.86514799995348,227.88035570003558,227.8639825999271,71.8419916999992,0.25306730007287115,None,,,,,,,,,,,,826422,right,yes,None,2025-05-07_09h42.27.900,RL_out-of-scanner,2024.2.4,60.113422014537086,2025-05-07 09h42.37.623452 -0700,
14,0,14,,,,,,,space,51.73817180003971,None,5,0.6387330000288785,None,71.84456980007235,k,None,72.14367740007583,72.14411850005854,73.6580756000476,73.6581325000152,74.6734835000243,74.6735345000634,75.68892670003697,0.28213929990306497,None,,,,,,,0,0,0,0,14,0,14,0,227.88035570003558,,,,,,,,,,,,,,,,,,,,,,,,,,,,,,,,,,,,,,,,,,,,,,,,,,,,,,,,71.84456980007235,227.86665730003733,227.88035570003558,227.88035570003558,227.88035570003558,227.88035570003558,,,,,228.16557670000475,k,left,1,9,0,1,10,8,None,72.14367740007583,72.14411850005854,228.1661908000242,228.18023539998103,228.18023539998103,229.7007495999569,229.7007495999569,229.68001989996992,73.6580756000476,73.6581325000152,229.69403649994638,229.7007495999569,229.7007495999569,230.69546550000086,stimuli/box_empty_transparent.png,74.6734835000243,74.6735345000634,230.69559869996738,230.71134919999167,231.7272436999483,231.71091949997935,75.68892670003697,0.28213929990306497,None,,,,,,,,,,,,826422,right,yes,None,2025-05-07_09h42.27.900,RL_out-of-scanner,2024.2.4,60.113422014537086,2025-05-07 09h42.37.623452 -0700,
15,0,15,,,,,,,space,51.73817180003971,None,5,0.6387330000288785,None,75.69129900005646,k,None,76.07330350007396,76.07370110007469,77.07203630008735,77.07209330005571,78.08672550006304,78.08677350007929,80.10239430004731,0.3583816000027582,None,,,,,,,0,0,0,0,15,0,15,0,231.7272436999483,,,,,,,,,,,,,,,,,,,,,,,,,,,,,,,,,,,,,,,,,,,,,,,,,,,,,,,,75.69129900005646,231.71338129998185,231.7272436999483,231.7272436999483,231.7272436999483,231.7272436999483,,,,,232.0952051000204,k,left,1,9,0,1,10,8,None,76.07330350007396,76.07370110007469,232.09576840000227,232.11037210002542,232.11037210002542,233.1149543999927,233.1149543999927,233.09398629993666,77.07203630008735,77.07209330005571,233.10800290002953,233.1149543999927,233.1149543999927,234.10870730003808,stimuli/box_empty_transparent.png,78.08672550006304,78.08677350007929,234.10883619997185,234.12492660002317,236.14054930000566,236.12438149994705,80.10239430004731,0.3583816000027582,None,,,,,,,,,,,,826422,right,yes,None,2025-05-07_09h42.27.900,RL_out-of-scanner,2024.2.4,60.113422014537086,2025-05-07 09h42.37.623452 -0700,
16,0,16,,,,,,,space,51.73817180003971,None,5,0.6387330000288785,None,80.10480580001604,j,None,80.46976450004149,80.4702095000539,82.48434710002039,82.48440370010212,83.49922940006945,83.49927780008875,84.49862870003562,0.34321910003200173,None,,,,,,,0,0,0,0,16,0,16,0,236.14054930000566,,,,,,,,,,,,,,,,,,,,,,,,,,,,,,,,,,,,,,,,,,,,,,,,,,,,,,,,80.10480580001604,236.12689209997188,236.14054930000566,236.14054930000566,236.14054930000566,236.14054930000566,,,,,236.4916645999765,j,left,1,9,1,1,11,9,None,80.46976450004149,80.4702095000539,236.49228060001042,236.50699339993298,236.50699339993298,238.53034119994845,238.53034119994845,238.50629809999373,82.48434710002039,82.48440370010212,238.52345320000313,238.53034119994845,238.53034119994845,239.52121329994407,stimuli/box_coin_transparent.png,83.49922940006945,83.49927780008875,239.52134039998055,239.53725159994792,240.5368496000301,240.52061699994374,84.49862870003562,0.34321910003200173,None,,,,,,,,,,,,826422,right,yes,None,2025-05-07_09h42.27.900,RL_out-of-scanner,2024.2.4,60.113422014537086,2025-05-07 09h42.37.623452 -0700,
17,0,17,,,,,,,space,51.73817180003971,None,5,0.6387330000288785,None,84.50108000007458,j,None,84.88381670007948,84.88427190005314,85.89796970004681,85.89802620001137,86.91325460001826,86.9133042000467,87.9122561000986,0.35281029995530844,None,,,,,,,0,0,0,0,17,0,17,0,240.5368496000301,,,,,,,,,,,,,,,,,,,,,,,,,,,,,,,,,,,,,,,,,,,,,,,,,,,,,,,,84.50108000007458,240.5231621999992,240.5368496000301,240.5368496000301,240.5368496000301,240.5368496000301,,,,,240.90571229998022,j,left,1,9,2,1,12,10,None,84.88381670007948,84.88427190005314,240.9063421000028,240.92016059998423,240.92016059998423,241.94397989998106,241.94397989998106,241.91991870000493,85.89796970004681,85.89802620001137,241.9372386999894,241.94397989998106,241.94397989998106,242.93523059994914,stimuli/box_coin_transparent.png,86.91325460001826,86.9133042000467,242.9353695999598,242.9512745999964,243.9509182999609,243.93425549997482,87.9122561000986,0.35281029995530844,None,,,,,,,,,,,,826422,right,yes,None,2025-05-07_09h42.27.900,RL_out-of-scanner,2024.2.4,60.113422014537086,2025-05-07 09h42.37.623452 -0700,
18,0,18,,,,,,,space,51.73817180003971,None,5,0.6387330000288785,None,87.91374460002407,j,None,88.64745630009566,88.64797270006966,92.15997290005907,92.16002960002515,93.17484380002134,93.17489170003682,95.19012010004371,0.7054134000791237,None,,,,,,,0,0,0,0,18,0,18,0,243.9509182999609,,,,,,,,,,,,,,,,,,,,,,,,,,,,,,,,,,,,,,,,,,,,,,,,,,,,,,,,87.91374460002407,243.9358061000239,243.9509182999609,243.9509182999609,243.9509182999609,243.9509182999609,,,,,244.66935560002457,j,left,1,9,3,1,13,11,None,88.64745630009566,88.64797270006966,244.67004929995164,244.68379539996386,244.68379539996386,248.20628409995697,248.20628409995697,248.1819216000149,92.15997290005907,92.16002960002515,248.1993688000366,248.20628409995697,248.20628409995697,249.1968268000055,stimuli/box_coin_transparent.png,93.17484380002134,93.17489170003682,249.19695399992634,249.2128442999674,251.22837299993262,251.21210709994193,95.19012010004371,0.7054134000791237,None,,,,,,,,,,,,826422,right,yes,None,2025-05-07_09h42.27.900,RL_out-of-scanner,2024.2.4,60.113422014537086,2025-05-07 09h42.37.623452 -0700,
19,0,19,,,,,,,space,51.73817180003971,None,5,0.6387330000288785,None,95.19251230009831,j,None,95.57529540010728,95.57575340010226,96.57305690005887,96.57311300002038,97.58809740003198,97.58814910007641,99.10357020003721,0.3601650999626145,None,,,,,,,0,0,0,0,19,0,19,0,251.22837299993262,,,,,,,,,,,,,,,,,,,,,,,,,,,,,,,,,,,,,,,,,,,,,,,,,,,,,,,,95.19251230009831,251.21459550003055,251.22837299993262,251.22837299993262,251.22837299993262,251.22837299993262,,,,,251.59719320002478,j,left,0,9,3,1,14,11,None,95.57529540010728,95.57575340010226,251.59782369993627,251.61167140002362,251.61167140002362,252.61652429995593,252.61652429995593,252.5950046000071,96.57305690005887,96.57311300002038,252.60934590001125,252.61652429995593,252.61652429995593,253.61007259995677,stimuli/box_empty_transparent.png,97.58809740003198,97.58814910007641,253.6102155999979,253.62602650001645,255.14188489993103,255.1255611999659,99.10357020003721,0.3601650999626145,None,,,,,,,,,,,,826422,right,yes,None,2025-05-07_09h42.27.900,RL_out-of-scanner,2024.2.4,60.113422014537086,2025-05-07 09h42.37.623452 -0700,
20,0,20,,,,,,,space,51.73817180003971,None,5,0.6387330000288785,None,99.10610670002643,k,None,99.4055445000995,99.40598750009667,101.4192342000315,101.41929099999834,102.43402090005111,102.4340680000605,104.44972930010408,0.27630969998426735,None,,,,,,,0,0,0,0,20,0,20,0,255.14188489993103,,,,,,,,,,,,,,,,,,,,,,,,,,,,,,,,,,,,,,,,,,,,,,,,,,,,,,,,99.10610670002643,255.12820279994048,255.14188489993103,255.14188489993103,255.14188489993103,255.14188489993103,,,,,255.4274438000284,k,left,0,9,3,1,14,11,None,99.4055445000995,99.40598750009667,255.42806559999008,255.44220629998017,255.44220629998017,257.46203639998566,257.46203639998566,257.4411819999805,101.4192342000315,101.41929099999834,257.4551283000037,257.46203639998566,257.46203639998566,258.4560038000345,stimuli/box_empty_transparent.png,102.43402090005111,102.4340680000605,258.45613069995306,258.4721603000071,260.48776879999787,260.47171750001144,104.44972930010408,0.27630969998426735,None,,,,,,,,,,,,826422,right,yes,None,2025-05-07_09h42.27.900,RL_out-of-scanner,2024.2.4,60.113422014537086,2025-05-07 09h42.37.623452 -0700,
21,0,21,,,,,,,space,51.73817180003971,None,5,0.6387330000288785,None,104.45215430005919,k,None,104.78380970004946,104.78420870006084,107.79745160008315,107.79750960005913,108.8124286000384,108.81247720005922,110.32825220003724,0.30589359998703003,None,,,,,,,0,0,0,0,21,0,21,0,260.48776879999787,,,,,,,,,,,,,,,,,,,,,,,,,,,,,,,,,,,,,,,,,,,,,,,,,,,,,,,,104.45215430005919,260.47424110001884,260.48776879999787,260.48776879999787,260.48776879999787,260.48776879999787,,,,,260.8057114999974,k,left,0,9,3,1,14,11,None,104.78380970004946,104.78420870006084,260.8062773999991,260.8207771999296,260.8207771999296,263.84060320002027,263.84060320002027,263.81939520000014,107.79745160008315,107.79750960005913,263.83358889992815,263.84060320002027,263.84060320002027,264.83441090001725,stimuli/box_empty_transparent.png,108.8124286000384,108.81247720005922,264.83456280000973,264.8503974999767,266.36642390000634,266.35023620002903,110.32825220003724,0.30589359998703003,None,,,,,,,,,,,,826422,right,yes,None,2025-05-07_09h42.27.900,RL_out-of-scanner,2024.2.4,60.113422014537086,2025-05-07 09h42.37.623452 -0700,
22,0,22,,,,,,,space,51.73817180003971,None,5,0.6387330000288785,None,110.33094830007758,j,None,110.67903250001837,110.67946780007333,112.1935586000327,112.19361620000564,113.20894370006863,113.20899440010544,115.22448560001794,0.3216317999176681,None,,,,,,,0,0,0,0,22,0,22,0,266.36642390000634,,,,,,,,,,,,,,,,,,,,,,,,,,,,,,,,,,,,,,,,,,,,,,,,,,,,,,,,110.33094830007758,266.353047600016,266.36642390000634,266.36642390000634,266.36642390000634,266.36642390000634,,,,,266.7009348999709,j,left,1,9,4,1,15,12,None,110.67903250001837,110.67946780007333,266.7015369000146,266.71615689992905,266.71615689992905,268.2395436000079,268.2395436000079,268.2155158999376,112.1935586000327,112.19361620000564,268.2330399999628,268.2395436000079,268.2395436000079,269.23092779994477,stimuli/box_coin_transparent.png,113.20894370006863,113.20899440010544,269.23105770000257,269.2468920999672,271.2625455999514,271.24647389992606,115.22448560001794,0.3216317999176681,None,,,,,,,,,,,,826422,right,yes,None,2025-05-07_09h42.27.900,RL_out-of-scanner,2024.2.4,60.113422014537086,2025-05-07 09h42.37.623452 -0700,
23,0,23,,,,,,,space,51.73817180003971,None,5,0.6387330000288785,None,115.22689100005664,j,None,115.5758032000158,115.57625790010206,117.08976870006882,117.08982360002119,118.10505930008367,118.10510820010677,119.62050560000353,0.3242484999354929,None,,,,,,,0,0,0,0,23,0,23,0,271.2625455999514,,,,,,,,,,,,,,,,,,,,,,,,,,,,,,,,,,,,,,,,,,,,,,,,,,,,,,,,115.22689100005664,271.24897479999345,271.2625455999514,271.2625455999514,271.2625455999514,271.2625455999514,,,,,271.59769600001164,j,left,0,9,4,1,16,12,None,115.5758032000158,115.57625790010206,271.59832849993836,271.6127308999421,271.6127308999421,273.13270339998417,273.13270339998417,273.11172899999656,117.08976870006882,117.08982360002119,273.1257277999539,273.13270339998417,273.13270339998417,274.1270433999598,stimuli/box_empty_transparent.png,118.10505930008367,118.10510820010677,274.12717059999704,274.14293299999554,275.65896419994533,275.6424973999383,119.62050560000353,0.3242484999354929,None,,,,,,,,,,,,826422,right,yes,None,2025-05-07_09h42.27.900,RL_out-of-scanner,2024.2.4,60.113422014537086,2025-05-07 09h42.37.623452 -0700,
24,0,24,,,,,,,space,51.73817180003971,None,5,0.6387330000288785,None,119.62288120004814,j,None,119.93922380008735,119.93967480002902,121.95311980007682,121.95317500003148,122.96774350001942,122.96779160003643,124.4833316000877,0.29254569998010993,None,,,,,,,0,0,0,0,24,0,24,0,275.65896419994533,,,,,,,,,,,,,,,,,,,,,,,,,,,,,,,,,,,,,,,,,,,,,,,,,,,,,,,,119.62288120004814,275.64496319997124,275.65896419994533,275.65896419994533,275.65896419994533,275.65896419994533,,,,,275.96112079999875,j,left,0,9,4,1,17,12,None,119.93922380008735,119.93967480002902,275.961745299981,275.97557659994345,275.97557659994345,277.99633500003256,277.99633500003256,277.97507079993375,121.95311980007682,121.95317500003148,277.98931340000127,277.99633500003256,277.99633500003256,278.9897253999952,stimuli/box_empty_transparent.png,122.96774350001942,122.96779160003643,278.98985409992747,279.00599400000647,280.5215642999392,280.5053199999966,124.4833316000877,0.29254569998010993,None,,,,,,,,,,,,826422,right,yes,None,2025-05-07_09h42.27.900,RL_out-of-scanner,2024.2.4,60.113422014537086,2025-05-07 09h42.37.623452 -0700,
25,0,25,,,,,,,space,51.73817180003971,None,5,0.6387330000288785,None,124.48582040006295,k,None,124.85191900003701,124.85232290008571,125.86602310009766,125.86607780004852,126.88122920005117,126.88127660006285,130.39571250008885,0.33455230004619807,None,,,,,,,0,0,0,0,25,0,25,0,280.5215642999392,,,,,,,,,,,,,,,,,,,,,,,,,,,,,,,,,,,,,,,,,,,,,,,,,,,,,,,,124.48582040006295,280.50790810002945,280.5215642999392,280.5215642999392,280.5215642999392,280.5215642999392,,,,,280.87381749995984,k,left,0,9,4,1,17,12,None,124.85191900003701,124.85232290008571,280.8743915000232,280.8885083999485,280.8885083999485,281.90842400002293,281.90842400002293,281.88798330002464,125.86602310009766,125.86607780004852,281.9019827999873,281.90842400002293,281.90842400002293,282.9032110000262,stimuli/box_empty_transparent.png,126.88122920005117,126.88127660006285,282.90333939995617,282.9195138999494,286.4339086000109,286.41769979998935,130.39571250008885,0.33455230004619807,None,,,,,,,,,,,,826422,right,yes,None,2025-05-07_09h42.27.900,RL_out-of-scanner,2024.2.4,60.113422014537086,2025-05-07 09h42.37.623452 -0700,
26,0,26,,,,,,,space,51.73817180003971,None,5,0.6387330000288785,None,130.3981193000218,k,None,130.7636540000094,130.76405440003145,131.26239630009513,131.26245010003913,132.2769800000824,132.2770307000028,135.79113200004213,0.3479759000474587,None,,,,,,,0,0,0,0,26,0,26,0,286.4339086000109,,,,,,,,,,,,,,,,,,,,,,,,,,,,,,,,,,,,,,,,,,,,,,,,,,,,,,,,130.3981193000218,286.4202050999738,286.4339086000109,286.4339086000109,286.4339086000109,286.4339086000109,,,,,286.78555219992995,k,left,0,9,4,1,17,12,None,130.7636540000094,130.76405440003145,286.7861220999621,286.80014539998956,286.80014539998956,287.3049766999902,287.3049766999902,287.284346899949,131.26239630009513,131.26245010003913,287.2985255999956,287.3049766999902,287.3049766999902,288.29894649994094,stimuli/box_empty_transparent.png,132.2769800000824,132.2770307000028,288.29909610003233,288.31502710003406,291.82931709999684,291.81312179996166,135.79113200004213,0.3479759000474587,None,,,,,,,,,,,,826422,right,yes,None,2025-05-07_09h42.27.900,RL_out-of-scanner,2024.2.4,60.113422014537086,2025-05-07 09h42.37.623452 -0700,
27,0,27,,,,,,,space,51.73817180003971,None,5,0.6387330000288785,None,135.79351970006246,j,None,136.14294620009605,136.14340870000888,137.65694400004577,137.65699810010847,138.67216340010054,138.67223430005834,139.67125090002082,0.32783870003186166,None,,,,,,,0,0,0,0,27,0,27,0,291.82931709999684,,,,,,,,,,,,,,,,,,,,,,,,,,,,,,,,,,,,,,,,,,,,,,,,,,,,,,,,135.79351970006246,291.8156111999415,291.82931709999684,291.82931709999684,291.82931709999684,291.82931709999684,,,,,292.1648454000242,j,left,1,9,5,1,18,13,None,136.14294620009605,136.14340870000888,292.16547859995626,292.1796494999435,292.1796494999435,293.7027146000182,293.7027146000182,293.6788983999286,137.65694400004577,137.65699810010847,293.69629909994546,293.7027146000182,293.7027146000182,294.69414729997516,stimuli/box_coin_transparent.png,138.67216340010054,138.67223430005834,294.694297799957,294.7101247999817,295.70959149999544,295.69324309995864,139.67125090002082,0.32783870003186166,None,,,,,,,,,,,,826422,right,yes,None,2025-05-07_09h42.27.900,RL_out-of-scanner,2024.2.4,60.113422014537086,2025-05-07 09h42.37.623452 -0700,
28,0,28,,,,,,,space,51.73817180003971,None,5,0.6387330000288785,None,139.67362460005097,j,None,140.17322780005634,140.17370790010318,141.1709250001004,141.17098210006952,142.18574850005098,142.1857971000718,145.70011590002105,0.4783440000610426,None,,,,,,,0,0,0,0,28,0,28,0,295.70959149999544,,,,,,,,,,,,,,,,,,,,,,,,,,,,,,,,,,,,,,,,,,,,,,,,,,,,,,,,139.67362460005097,295.69570739998017,295.70959149999544,295.70959149999544,295.70959149999544,295.70959149999544,,,,,296.1951277999906,j,left,1,9,6,1,19,14,None,140.17322780005634,140.17370790010318,296.1957783999387,296.2095444999868,296.2095444999868,297.21714630001225,297.21714630001225,297.19284129992593,141.1709250001004,141.17098210006952,297.2103417000035,297.21714630001225,297.21714630001225,298.2077304000268,stimuli/box_coin_transparent.png,142.18574850005098,142.1857971000718,298.2078596999636,298.2237820000155,301.73830800002906,301.7221038999269,145.70011590002105,0.4783440000610426,None,,,,,,,,,,,,826422,right,yes,None,2025-05-07_09h42.27.900,RL_out-of-scanner,2024.2.4,60.113422014537086,2025-05-07 09h42.37.623452 -0700,
29,0,29,,,,,,,space,51.73817180003971,None,5,0.6387330000288785,None,145.70262600004207,j,None,146.05116180004552,146.05160370003432,148.06552030006424,148.06557490001433,149.08038000005763,149.08043220010586,150.0800013000844,0.33257740002591163,None,,,,,,,0,0,0,0,29,0,29,0,301.73830800002906,,,,,,,,,,,,,,,,,,,,,,,,,,,,,,,,,,,,,,,,,,,,,,,,,,,,,,,,145.70262600004207,301.7247107999865,301.73830800002906,301.73830800002906,301.73830800002906,301.73830800002906,,,,,302.0730614999775,j,left,1,9,7,1,20,15,None,146.05116180004552,146.05160370003432,302.0736740999855,302.0878795000026,302.0878795000026,304.11192880000453,304.11192880000453,304.0874702000292,148.06552030006424,148.06557490001433,304.10489580000285,304.11192880000453,304.11192880000453,305.10236279992387,stimuli/box_coin_transparent.png,149.08038000005763,149.08043220010586,305.10249610000756,305.11856949992944,306.11809090001043,306.1019895999925,150.0800013000844,0.33257740002591163,None,,,,,,,,,,,,826422,right,yes,None,2025-05-07_09h42.27.900,RL_out-of-scanner,2024.2.4,60.113422014537086,2025-05-07 09h42.37.623452 -0700,
30,0,30,,,,,,,space,51.73817180003971,None,5,0.6387330000288785,None,150.08247740007937,j,None,150.64798090001568,150.64846490009222,151.6455848000478,151.6456409000093,152.6607912000036,152.66083820001222,153.660445000045,0.534947199979797,None,,,,,,,0,0,0,0,30,0,30,0,306.11809090001043,,,,,,,,,,,,,,,,,,,,,,,,,,,,,,,,,,,,,,,,,,,,,,,,,,,,,,,,150.08247740007937,306.1045624000253,306.11809090001043,306.11809090001043,306.11809090001043,306.11809090001043,,,,,306.6698809999507,j,left,0,9,7,1,21,15,None,150.64798090001568,150.64846490009222,306.6705350999255,306.68436700000893,306.68436700000893,307.6879431999987,307.6879431999987,307.66753660002723,151.6455848000478,151.6456409000093,307.6814795000246,307.6879431999987,307.6879431999987,308.68277419998776,stimuli/box_empty_transparent.png,152.6607912000036,152.66083820001222,308.6829016000265,308.6987861000234,309.69882219994906,309.68243239994626,153.660445000045,0.534947199979797,None,,,,,,,,,,,,826422,right,yes,None,2025-05-07_09h42.27.900,RL_out-of-scanner,2024.2.4,60.113422014537086,2025-05-07 09h42.37.623452 -0700,
31,0,31,,,,,,,space,51.73817180003971,None,5,0.6387330000288785,None,153.66299670003355,k,None,153.97859620000236,153.97900809999555,156.99167510005645,156.99173070001416,158.00650840008166,158.0065564000979,160.52193500008434,0.2901758999796584,None,,,,,,,0,0,0,0,31,0,31,0,309.69882219994906,,,,,,,,,,,,,,,,,,,,,,,,,,,,,,,,,,,,,,,,,,,,,,,,,,,,,,,,153.66299670003355,309.68508259998634,309.69882219994906,309.69882219994906,309.69882219994906,309.69882219994906,,,,,310.000495199929,k,left,0,9,7,1,21,15,None,153.97859620000236,153.97900809999555,310.00107520003803,310.0150402999716,310.0150402999716,313.03510360000655,313.03510360000655,313.0136232000077,156.99167510005645,156.99173070001416,313.02819280000404,313.03510360000655,313.03510360000655,314.0284901999403,stimuli/box_empty_transparent.png,158.00650840008166,158.0065564000979,314.0286208000034,314.0445174999768,316.56002800003625,316.5439218999818,160.52193500008434,0.2901758999796584,None,,,,,,,,,,,,826422,right,yes,None,2025-05-07_09h42.27.900,RL_out-of-scanner,2024.2.4,60.113422014537086,2025-05-07 09h42.37.623452 -0700,
32,0,32,,,,,,,space,51.73817180003971,None,5,0.6387330000288785,None,160.52443840005435,None,None,162.03684509999584,162.03695680003148,163.05310070002452,163.05315350007731,164.06838750001043,164.06843930005562,165.06766430009156,,,,,,,,,0,0,0,0,32,0,32,0,316.56002800003625,,,,,,,,,,,,,,,,,,,,,,,,,,,,,,,,,,,,,,,,,,,,,,,,,,,,,,,,160.52443840005435,316.54652510001324,316.56002800003625,316.56002800003625,316.56002800003625,316.56002800003625,,,,,318.05876149993856,None,left,0,9,7,1,21,15,None,162.03684509999584,162.03695680003148,318.05902179994155,318.0753252999857,318.0753252999857,319.0959811999928,319.0959811999928,319.07506149995606,163.05310070002452,163.05315350007731,319.0893378999317,319.0959811999928,319.0959811999928,320.0903688999824,no selection made,164.06838750001043,164.06843930005562,320.0904958000174,320.1064265000168,321.1062029999448,321.089657500037,165.06766430009156,,,,,,,,,,,,,,826422,right,yes,None,2025-05-07_09h42.27.900,RL_out-of-scanner,2024.2.4,60.113422014537086,2025-05-07 09h42.37.623452 -0700,
33,0,33,,,,,,,space,51.73817180003971,None,5,0.6387330000288785,None,165.07001100003254,j,None,165.56919280008879,165.5695490000071,167.58312690001912,167.58318140008487,168.59832240000833,168.59837410005275,170.0976092000492,0.47628409997560084,None,,,,,,,0,0,0,0,33,0,33,0,321.1062029999448,,,,,,,,,,,,,,,,,,,,,,,,,,,,,,,,,,,,,,,,,,,,,,,,,,,,,,,,165.07001100003254,321.0920909999404,321.1062029999448,321.1062029999448,321.1062029999448,321.1062029999448,,,,,321.5910905000055,j,left,1,9,8,1,22,16,None,165.56919280008879,165.5695490000071,321.59160029992927,321.6058291000081,321.6058291000081,323.6297320999438,323.6297320999438,323.60507789999247,167.58312690001912,167.58318140008487,323.62251809996087,323.6297320999438,323.6297320999438,324.6203056999948,stimuli/box_coin_transparent.png,168.59832240000833,168.59837410005275,324.62043569993693,324.6363207999384,326.13565970002674,326.1195900000166,170.0976092000492,0.47628409997560084,None,,,,,,,,,,,,826422,right,yes,None,2025-05-07_09h42.27.900,RL_out-of-scanner,2024.2.4,60.113422014537086,2025-05-07 09h42.37.623452 -0700,
34,0,34,,,,,,,space,51.73817180003971,None,5,0.6387330000288785,None,170.10002090001944,j,None,170.46567550010514,170.46613650000654,173.47817630006466,173.47823150001932,174.49369970010594,174.49374990002252,177.00829510006588,0.34308860008604825,None,,,,,,,0,0,0,0,34,0,34,0,326.13565970002674,,,,,,,,,,,,,,,,,,,,,,,,,,,,,,,,,,,,,,,,,,,,,,,,,,,,,,,,170.10002090001944,326.1221032999456,326.13565970002674,326.13565970002674,326.13565970002674,326.13565970002674,,,,,326.4875781999435,j,left,0,9,8,1,23,16,None,170.46567550010514,170.46613650000654,326.48820559994783,326.50178089994006,326.50178089994006,329.52070190000813,329.52070190000813,329.5001277999254,173.47817630006466,173.47823150001932,329.5142440999625,329.52070190000813,329.52070190000813,330.5156764999265,stimuli/box_empty_transparent.png,174.49369970010594,174.49374990002252,330.51581369992346,330.53168789995834,333.04666190000717,333.0302828999702,177.00829510006588,0.34308860008604825,None,,,,,,,,,,,,826422,right,yes,None,2025-05-07_09h42.27.900,RL_out-of-scanner,2024.2.4,60.113422014537086,2025-05-07 09h42.37.623452 -0700,
35,0,35,,,,,,,space,51.73817180003971,None,5,0.6387330000288785,None,177.01070340001024,k,None,177.37594480009284,177.37634070008062,178.89055030001327,178.8906043000752,179.90597260009963,179.9060213000048,180.90513110009488,0.3366700999904424,None,,,,,,,0,0,0,0,35,0,35,0,333.04666190000717,,,,,,,,,,,,,,,,,,,,,,,,,,,,,,,,,,,,,,,,,,,,,,,,,,,,,,,,177.01070340001024,333.03278749994934,333.04666190000717,333.04666190000717,333.04666190000717,333.04666190000717,,,,,333.3978493999457,k,left,0,9,8,1,23,16,None,177.37594480009284,177.37634070008062,333.3984077000059,333.41281559993513,333.41281559993513,334.9329874999821,334.9329874999821,334.9125015999889,178.89055030001327,178.8906043000752,334.92645589995664,334.9329874999821,334.9329874999821,335.92795699997805,stimuli/box_empty_transparent.png,179.90597260009963,179.9060213000048,335.9280844000168,335.94397269992623,336.943550499971,336.92712260002736,180.90513110009488,0.3366700999904424,None,,,,,,,,,,,,826422,right,yes,None,2025-05-07_09h42.27.900,RL_out-of-scanner,2024.2.4,60.113422014537086,2025-05-07 09h42.37.623452 -0700,
36,0,36,,,,,,,space,51.73817180003971,None,5,0.6387330000288785,None,180.9075333001092,j,None,181.372984000016,181.37342110008467,182.87102270009927,182.87107830005698,183.88613030000124,183.88621080003213,187.39987120009027,0.44044270005542785,None,,,,,,,0,0,0,0,36,0,36,0,336.943550499971,,,,,,,,,,,,,,,,,,,,,,,,,,,,,,,,,,,,,,,,,,,,,,,,,,,,,,,,180.9075333001092,336.92961769993417,336.943550499971,336.943550499971,336.943550499971,336.943550499971,,,,,337.39488939999137,j,left,1,9,9,1,24,17,None,181.372984000016,181.37342110008467,337.3954893000191,337.4096710999729,337.4096710999729,338.91660540003795,338.91660540003795,338.89297199994326,182.87102270009927,182.87107830005698,338.9100255999947,338.91660540003795,338.91660540003795,339.90811399999075,stimuli/box_coin_transparent.png,183.88613030000124,183.88621080003213,339.9082739999285,339.92438779992517,343.4381967999507,343.4218639000319,187.39987120009027,0.44044270005542785,None,,,,,,,,,,,,826422,right,yes,None,2025-05-07_09h42.27.900,RL_out-of-scanner,2024.2.4,60.113422014537086,2025-05-07 09h42.37.623452 -0700,
37,0,37,,,,,,,space,51.73817180003971,None,5,0.6387330000288785,None,187.4027052000165,j,None,187.83486390009057,187.83532250009011,189.8483419000404,189.84839660010766,190.8641335000284,190.86418090004008,191.87965160002932,0.40065249998588115,None,,,,,,,0,0,0,0,37,0,37,0,343.4381967999507,,,,,,,,,,,,,,,,,,,,,,,,,,,,,,,,,,,,,,,,,,,,,,,,,,,,,,,,187.4027052000165,343.4247894999571,343.4381967999507,343.4381967999507,343.4381967999507,343.4381967999507,,,,,343.8567508999258,j,right,1,15,0,2,24,17,None,187.83486390009057,187.83532250009011,343.85739120002836,343.8714021999622,343.8714021999622,345.8910983999958,345.8910983999958,345.87030029995367,189.8483419000404,189.84839660010766,345.88432049995754,345.8910983999958,345.8910983999958,346.8861175000202,stimuli/box_empty_transparent.png,190.8641335000284,190.86418090004008,346.88624749996234,346.90196219994687,347.91798489994835,347.9016443999717,191.87965160002932,0.40065249998588115,None,,,,,,,,,,,,826422,right,yes,None,2025-05-07_09h42.27.900,RL_out-of-scanner,2024.2.4,60.113422014537086,2025-05-07 09h42.37.623452 -0700,
38,0,38,,,,,,,space,51.73817180003971,None,5,0.6387330000288785,None,191.88203430001158,j,None,192.28137250000145,192.2818942000158,193.2792322000023,193.27928620006423,194.2946691000834,194.29471640009433,195.81002600002103,0.3683005999773741,None,,,,,,,0,0,0,0,38,0,38,0,347.91798489994835,,,,,,,,,,,,,,,,,,,,,,,,,,,,,,,,,,,,,,,,,,,,,,,,,,,,,,,,191.88203430001158,347.9041170999408,347.91798489994835,347.91798489994835,347.91798489994835,347.91798489994835,,,,,348.30327499995474,j,right,1,15,0,2,24,17,None,192.28137250000145,192.2818942000158,348.30397120001726,348.31777299998794,348.31777299998794,349.3225479000248,349.3225479000248,349.3011834999779,193.2792322000023,193.27928620006423,349.3152860000264,349.3225479000248,349.3225479000248,350.31665479997173,stimuli/box_empty_transparent.png,194.2946691000834,194.29471640009433,350.31678130000364,350.3327062999597,351.8483067000052,351.83201579994056,195.81002600002103,0.3683005999773741,None,,,,,,,,,,,,826422,right,yes,None,2025-05-07_09h42.27.900,RL_out-of-scanner,2024.2.4,60.113422014537086,2025-05-07 09h42.37.623452 -0700,
39,0,39,,,,,,,space,51.73817180003971,None,5,0.6387330000288785,None,195.81247720005922,k,None,196.22833020007238,196.22873460000847,197.22637120005675,197.22642680001445,198.2411270000739,198.2411775001092,199.2403961000964,0.3949308000737801,None,,,,,,,0,0,0,0,39,0,39,0,351.8483067000052,,,,,,,,,,,,,,,,,,,,,,,,,,,,,,,,,,,,,,,,,,,,,,,,,,,,,,,,195.81247720005922,351.834565200028,351.8483067000052,351.8483067000052,351.8483067000052,351.8483067000052,,,,,352.25023320002947,k,right,1,15,1,2,25,18,None,196.22833020007238,196.22873460000847,352.25080239993986,352.2647646999685,352.2647646999685,353.27281150000636,353.27281150000636,353.24832050001714,197.22637120005675,197.22642680001445,353.2657908999827,353.27281150000636,353.27281150000636,354.26310330000706,stimuli/box_coin_transparent.png,198.2411270000739,198.2411775001092,354.263242200017,354.2791597000323,355.2789941999363,355.2623871000251,199.2403961000964,0.3949308000737801,None,,,,,,,,,,,,826422,right,yes,None,2025-05-07_09h42.27.900,RL_out-of-scanner,2024.2.4,60.113422014537086,2025-05-07 09h42.37.623452 -0700,
40,0,40,,,,,,,space,51.73817180003971,None,5,0.6387330000288785,None,199.24275650002528,k,None,199.64227160008159,199.64267060009297,201.15644190006424,201.156497900025,202.1713850001106,202.17143270000815,203.17064990010113,0.37196600006427616,None,,,,,,,0,0,0,0,40,0,40,0,355.2789941999363,,,,,,,,,,,,,,,,,,,,,,,,,,,,,,,,,,,,,,,,,,,,,,,,,,,,,,,,199.24275650002528,355.26483729993924,355.2789941999363,355.2789941999363,355.2789941999363,355.2789941999363,,,,,355.66417489992455,k,right,1,15,2,2,26,19,None,199.64227160008159,199.64267060009297,355.66473760001827,355.67885429994203,355.67885429994203,357.203006500029,357.203006500029,357.17839300003834,201.15644190006424,201.156497900025,357.19588599994313,357.203006500029,357.203006500029,358.19336909998674,stimuli/box_coin_transparent.png,202.1713850001106,202.17143270000815,358.1934947000118,358.20935140002985,359.20918449992314,359.19264279992785,203.17064990010113,0.37196600006427616,None,,,,,,,,,,,,826422,right,yes,None,2025-05-07_09h42.27.900,RL_out-of-scanner,2024.2.4,60.113422014537086,2025-05-07 09h42.37.623452 -0700,
41,0,41,,,,,,,space,51.73817180003971,None,5,0.6387330000288785,None,203.17302159999963,k,None,203.43914090003818,203.43957310006954,204.4371484000003,204.43720280006528,205.45196710003074,205.45201370003633,208.46675670007244,0.24081220000516623,None,,,,,,,0,0,0,0,41,0,41,0,359.20918449992314,,,,,,,,,,,,,,,,,,,,,,,,,,,,,,,,,,,,,,,,,,,,,,,,,,,,,,,,203.17302159999963,359.19510260003153,359.20918449992314,359.20918449992314,359.20918449992314,359.20918449992314,,,,,359.46104680001736,k,right,1,15,3,2,27,20,None,203.43914090003818,203.43957310006954,359.4616418000078,359.47569669992663,359.47569669992663,360.48317249992397,360.48317249992397,360.45909879996907,204.4371484000003,204.43720280006528,360.47607520001475,360.48317249992397,360.48317249992397,361.4739507000195,stimuli/box_coin_transparent.png,205.45196710003074,205.45201370003633,361.4740754000377,361.490002800012,364.5051872000331,364.4887437999714,208.46675670007244,0.24081220000516623,None,,,,,,,,,,,,826422,right,yes,None,2025-05-07_09h42.27.900,RL_out-of-scanner,2024.2.4,60.113422014537086,2025-05-07 09h42.37.623452 -0700,
42,0,42,,,,,,,space,51.73817180003971,None,5,0.6387330000288785,None,208.46921920008026,k,None,208.933472200064,208.93372860003728,210.94848170003388,210.948537300108,211.96348240005318,211.96352950006258,215.47766170010436,0.4460961000295356,None,,,,,,,0,0,0,0,42,0,42,0,364.5051872000331,,,,,,,,,,,,,,,,,,,,,,,,,,,,,,,,,,,,,,,,,,,,,,,,,,,,,,,,208.46921920008026,364.49130280001555,364.5051872000331,364.5051872000331,364.5051872000331,364.5051872000331,,,,,364.955422500032,k,right,1,15,4,2,28,21,None,208.933472200064,208.93372860003728,364.9557761999313,364.9710304000182,364.9710304000182,366.9939716999652,366.9939716999652,366.97043390001636,210.94848170003388,210.948537300108,366.9876747999806,366.9939716999652,366.9939716999652,367.98546619992703,stimuli/box_coin_transparent.png,211.96348240005318,211.96352950006258,367.9855904999422,368.00154580001254,371.51578859996516,371.4996520000277,215.47766170010436,0.4460961000295356,None,,,,,,,,,,,,826422,right,yes,None,2025-05-07_09h42.27.900,RL_out-of-scanner,2024.2.4,60.113422014537086,2025-05-07 09h42.37.623452 -0700,
43,0,43,,,,,,,space,51.73817180003971,None,5,0.6387330000288785,None,215.4800468001049,k,None,215.8961470000213,215.89658050006256,216.89389590010978,216.8939528000774,217.9088378000306,217.90888600004837,219.92414370004553,0.39456339995376766,None,,,,,,,0,0,0,0,43,0,43,0,371.51578859996516,,,,,,,,,,,,,,,,,,,,,,,,,,,,,,,,,,,,,,,,,,,,,,,,,,,,,,,,215.4800468001049,371.5021278000204,371.51578859996516,371.51578859996516,371.51578859996516,371.51578859996516,,,,,371.9180462999502,k,right,1,15,5,2,29,22,None,215.8961470000213,215.89658050006256,371.91864849999547,371.93243009992875,371.93243009992875,372.9403244999703,372.9403244999703,372.9158479999751,216.89389590010978,216.8939528000774,372.9331914000213,372.9403244999703,372.9403244999703,373.9308189000003,stimuli/box_coin_transparent.png,217.9088378000306,217.90888600004837,373.9309481999371,373.9467876999406,375.9623223999515,375.9461349999765,219.92414370004553,0.39456339995376766,None,,,,,,,,,,,,826422,right,yes,None,2025-05-07_09h42.27.900,RL_out-of-scanner,2024.2.4,60.113422014537086,2025-05-07 09h42.37.623452 -0700,
44,0,44,,,,,,,space,51.73817180003971,None,5,0.6387330000288785,None,219.92653910000809,k,None,220.35811540007126,220.35837290005293,222.87252860004082,222.87258470000234,223.88742010004353,223.88746660004836,225.90242050006054,0.4152697999961674,None,,,,,,,0,0,0,0,44,0,44,0,375.9623223999515,,,,,,,,,,,,,,,,,,,,,,,,,,,,,,,,,,,,,,,,,,,,,,,,,,,,,,,,219.92653910000809,375.9486199999228,375.9623223999515,375.9623223999515,375.9623223999515,375.9623223999515,,,,,376.3800638000248,k,right,1,15,6,2,30,23,None,220.35811540007126,220.35837290005293,376.38042039994616,376.3952680999646,376.3952680999646,378.91852880001534,378.91852880001534,378.89447709999513,222.87252860004082,222.87258470000234,378.911560599925,378.91852880001534,378.91852880001534,379.9094045999227,stimuli/box_coin_transparent.png,223.88742010004353,223.88746660004836,379.90952889993787,379.9252997000003,381.9404347999953,381.92441790003795,225.90242050006054,0.4152697999961674,None,,,,,,,,,,,,826422,right,yes,None,2025-05-07_09h42.27.900,RL_out-of-scanner,2024.2.4,60.113422014537086,2025-05-07 09h42.37.623452 -0700,
45,0,45,,,,,,,space,51.73817180003971,None,5,0.6387330000288785,None,225.90394590003416,j,None,226.28757440007757,226.28802740003448,227.2856199000962,227.28567360003944,228.3004457000643,228.30049340007827,229.30050640006084,0.3630436999956146,None,,,,,,,0,0,0,0,45,0,45,0,381.9404347999953,,,,,,,,,,,,,,,,,,,,,,,,,,,,,,,,,,,,,,,,,,,,,,,,,,,,,,,,225.90394590003416,381.9260119999526,381.9404347999953,381.9404347999953,381.9404347999953,381.9404347999953,,,,,382.30946969997603,j,right,1,15,6,2,30,23,None,226.28757440007757,226.28802740003448,382.3100960999727,382.32413219998125,382.32413219998125,383.3287718000356,383.3287718000356,383.3075703999493,227.2856199000962,227.28567360003944,383.3217192000011,383.3287718000356,383.3287718000356,384.32243079994805,stimuli/box_empty_transparent.png,228.3004457000643,228.30049340007827,384.32255469996016,384.33849150000606,385.3383210999891,385.3224947999697,229.30050640006084,0.3630436999956146,None,,,,,,,,,,,,826422,right,yes,None,2025-05-07_09h42.27.900,RL_out-of-scanner,2024.2.4,60.113422014537086,2025-05-07 09h42.37.623452 -0700,
46,0,46,,,,,,,space,51.73817180003971,None,5,0.6387330000288785,None,229.30297030007932,k,None,229.6516866000602,229.65209610003512,231.66514739999548,231.66520210006274,232.68075430009048,232.6808016001014,233.68006640009116,0.3286305000074208,None,,,,,,,0,0,0,0,46,0,46,0,385.3383210999891,,,,,,,,,,,,,,,,,,,,,,,,,,,,,,,,,,,,,,,,,,,,,,,,,,,,,,,,229.30297030007932,385.3250518999994,385.3383210999891,385.3383210999891,385.3383210999891,385.3383210999891,,,,,385.6735864999937,k,right,0,15,6,2,31,23,None,229.6516866000602,229.65209610003512,385.6741633999627,385.6881674999604,385.6881674999604,387.7081898000324,387.7081898000324,387.68709879997186,231.66514739999548,231.66520210006274,387.7010756999953,387.7081898000324,387.7081898000324,388.7027388999704,stimuli/box_empty_transparent.png,232.68075430009048,232.6808016001014,388.70286620000843,388.71859750000294,389.718226899975,389.70205500000156,233.68006640009116,0.3286305000074208,None,,,,,,,,,,,,826422,right,yes,None,2025-05-07_09h42.27.900,RL_out-of-scanner,2024.2.4,60.113422014537086,2025-05-07 09h42.37.623452 -0700,
47,0,47,,,,,,,space,51.73817180003971,None,5,0.6387330000288785,None,233.6825100000715,j,None,234.03155880002305,234.03201630001422,237.04448270006105,237.0445366000058,238.05990870005917,238.05995900009293,239.5587772000581,0.3304122000699863,None,,,,,,,0,0,0,0,47,0,47,0,389.718226899975,,,,,,,,,,,,,,,,,,,,,,,,,,,,,,,,,,,,,,,,,,,,,,,,,,,,,,,,233.6825100000715,389.7045974000357,389.718226899975,389.718226899975,389.718226899975,389.718226899975,,,,,390.0534628999885,j,right,0,15,6,2,31,23,None,234.03155880002305,234.03201630001422,390.05408609996084,390.06807439995464,390.06807439995464,393.08763960003853,393.08763960003853,393.06643250002526,237.04448270006105,237.0445366000058,393.080547099933,393.08763960003853,393.08763960003853,394.0818933999399,stimuli/box_empty_transparent.png,238.05990870005917,238.05995900009293,394.0820224999916,394.097530500032,395.5970187999774,395.5807641999563,239.5587772000581,0.3304122000699863,None,,,,,,,,,,,,826422,right,yes,None,2025-05-07_09h42.27.900,RL_out-of-scanner,2024.2.4,60.113422014537086,2025-05-07 09h42.37.623452 -0700,
48,0,48,,,,,,,space,51.73817180003971,None,5,0.6387330000288785,None,239.5611748000374,k,None,239.84312640002463,239.84352240001317,241.34108010004275,241.34113730001263,242.35601900005713,242.3560716001084,245.87033170007635,0.2652186000486836,None,,,,,,,0,0,0,0,48,0,48,0,395.5970187999774,,,,,,,,,,,,,,,,,,,,,,,,,,,,,,,,,,,,,,,,,,,,,,,,,,,,,,,,239.5611748000374,395.5832575999666,395.5970187999774,395.5970187999774,395.5970187999774,395.5970187999774,,,,,395.8650293999817,k,right,1,15,7,2,32,24,None,239.84312640002463,239.84352240001317,395.86558959994,395.8796707999427,395.8796707999427,397.3873474999564,397.3873474999564,397.3630305000115,241.34108010004275,241.34113730001263,397.3804584000027,397.3873474999564,397.3873474999564,398.3780021999264,stimuli/box_coin_transparent.png,242.35601900005713,242.3560716001084,398.3781338999979,398.3943337999517,401.9083415999776,401.8923203999875,245.87033170007635,0.2652186000486836,None,,,,,,,,,,,,826422,right,yes,None,2025-05-07_09h42.27.900,RL_out-of-scanner,2024.2.4,60.113422014537086,2025-05-07 09h42.37.623452 -0700,
49,0,49,,,,,,,space,51.73817180003971,None,5,0.6387330000288785,None,245.87273760000244,k,None,246.27159950009082,246.2720365000423,247.7857203000458,247.7857739001047,248.80085750005674,248.80090540007222,248.80171300005168,0.37996759999077767,None,,,,,,,0,0,0,0,49,0,49,0,401.9083415999776,,,,,,,,,,,,,,,,,,,,,,,,,,,,,,,,,,,,,,,,,,,,,,,,,,,,,,,,245.87273760000244,401.8948198999278,401.9083415999776,401.9083415999776,401.9083415999776,401.9083415999776,,,,,402.293501200038,k,right,1,15,8,2,33,25,None,246.27159950009082,246.2720365000423,402.29410439997446,402.30820109997876,402.30820109997876,403.83153440000024,403.83153440000024,403.80767929996364,247.7857203000458,247.7857739001047,403.82473250001203,403.83153440000024,403.83153440000024,404.8228412999306,stimuli/box_coin_transparent.png,248.80085750005674,248.80090540007222,404.82296719995793,404.90275190002285,404.90275190002285,404.8237043999834,248.80171300005168,0.37996759999077767,None,,,,,,,,,,,,826422,right,yes,None,2025-05-07_09h42.27.900,RL_out-of-scanner,2024.2.4,60.113422014537086,2025-05-07 09h42.37.623452 -0700,
0,0,0,,,,,,,space,51.73817180003971,None,5,0.6387330000288785,None,,,,,,,,,,,,,,,,,,,0,0,0,0,,,,,,,,,,,,,,,,,,,,,,,,,,,,,,,,,,,,,,,,,,,,,,,,,,,,,,,,,,,,,,,,,,,,,,,,,,,,,,,,,,,,,,,,,,,,,,,,,,,,,,,,,404.89632850000635,404.90275190002285,408.8360091999639,408.83944909996353,408.85289610002656,460.9778904999839,460.9620341999689,,,,,826422,right,yes,None,2025-05-07_09h42.27.900,RL_out-of-scanner,2024.2.4,60.113422014537086,2025-05-07 09h42.37.623452 -0700,
0,0,0,,,,,,,space,3.998710700077936,None,5,0.8381616999395192,None,0.002115999930538237,j,None,0.4012865999247879,0.40176319994498044,1.4156320999609306,1.4156668999930844,2.4311165999388322,2.4311589999124408,4.446263799909502,0.3744088999228552,None,,,,,,,1,0,1,0,0,0,0,0,465.87445470003877,,,,,,,,,,,,,,,,,,,,,,,,,,,,,,,,,,,,,,,,,,460.96235229994636,460.9778904999839,460.9778904999839,464.9924722999567,space,3.998710700077936,None,464.99255159997847,465.00774739996996,465.00774739996996,465.85820329992566,5,0.8381616999395192,None,0.002115999930538237,465.8604040000355,465.87445470003877,465.87445470003877,465.87445470003877,465.87445470003877,,,,,466.25940839992836,j,right,1,12,0,3,33,0,None,0.4012865999247879,0.40176319994498044,466.260061900015,466.2741880000103,466.2741880000103,467.29079839994665,467.29079839994665,467.27383630000986,1.4156320999609306,1.4156668999930844,467.282347499975,467.29079839994665,467.29079839994665,468.2893261000281,stimuli/box_empty_transparent.png,2.4311165999388322,2.4311589999124408,468.2894280999899,468.3050980999833,470.3206225000322,470.3044912000187,4.446263799909502,0.3744088999228552,None,,,,,,,,,,,,826422,right,yes,None,2025-05-07_09h42.27.900,RL_out-of-scanner,2024.2.4,60.113422014537086,2025-05-07 09h42.37.623452 -0700,
1,0,1,,,,,,,space,3.998710700077936,None,5,0.8381616999395192,None,4.447709999978542,k,None,4.796976799960248,4.797393299988471,6.295385399949737,6.295419999980368,7.310390999889933,7.310423699906096,8.809584199916571,0.3328910000855103,None,,,,,,,1,0,1,0,1,0,1,0,470.3206225000322,,,,,,,,,,,,,,,,,,,,,,,,,,,,,,,,,,,,,,,,,,,,,,,,,,,,,,,,4.447709999978542,470.30599499994423,470.3206225000322,470.3206225000322,470.3206225000322,470.3206225000322,,,,,470.65509879996534,k,right,1,12,1,3,34,1,None,4.796976799960248,4.797393299988471,470.65569199994206,470.6704834999982,470.6704834999982,472.1710138999624,472.1710138999624,472.15358449995983,6.295385399949737,6.295419999980368,472.16444239998236,472.1710138999624,472.1710138999624,473.16861229995266,stimuli/box_coin_transparent.png,7.310390999889933,7.310423699906096,473.16869620000944,473.18450869992375,474.68429709994234,474.66780349996407,8.809584199916571,0.3328910000855103,None,,,,,,,,,,,,826422,right,yes,None,2025-05-07_09h42.27.900,RL_out-of-scanner,2024.2.4,60.113422014537086,2025-05-07 09h42.37.623452 -0700,
2,0,2,,,,,,,space,3.998710700077936,None,5,0.8381616999395192,None,8.811963299987838,k,None,9.077884699916467,9.078297499916516,10.092466799891554,10.092500699916855,11.108007799950428,11.108055999968201,14.122208199929446,0.2359504000050947,None,,,,,,,1,0,1,0,2,0,2,0,474.68429709994234,,,,,,,,,,,,,,,,,,,,,,,,,,,,,,,,,,,,,,,,,,,,,,,,,,,,,,,,8.811963299987838,474.67027030000463,474.68429709994234,474.68429709994234,474.68429709994234,474.68429709994234,,,,,474.9360073999269,k,right,0,12,1,3,35,1,None,9.077884699916467,9.078297499916516,474.9365943999728,474.9507063999772,474.9507063999772,475.96728209999856,475.96728209999856,475.9506698999321,10.092466799891554,10.092500699916855,475.9593344000168,475.96728209999856,475.96728209999856,476.9662183999317,stimuli/box_empty_transparent.png,11.108007799950428,11.108055999968201,476.96634419995826,476.9820966999978,479.99643769999966,479.9804270999739,14.122208199929446,0.2359504000050947,None,,,,,,,,,,,,826422,right,yes,None,2025-05-07_09h42.27.900,RL_out-of-scanner,2024.2.4,60.113422014537086,2025-05-07 09h42.37.623452 -0700,
3,0,3,,,,,,,space,3.998710700077936,None,5,0.8381616999395192,None,14.124596899957396,j,None,14.673717599944212,14.67418769991491,16.68752979999408,16.687587199965492,17.70266349997837,17.70271329989191,18.71833649999462,0.525905100046657,None,,,,,,,1,0,1,0,3,0,3,0,479.99643769999966,,,,,,,,,,,,,,,,,,,,,,,,,,,,,,,,,,,,,,,,,,,,,,,,,,,,,,,,14.124596899957396,479.9829045999795,479.99643769999966,479.99643769999966,479.99643769999966,479.99643769999966,,,,,480.5318400999531,j,right,0,12,1,3,35,1,None,14.673717599944212,14.67418769991491,480.53248739999253,480.54663430002984,480.54663430002984,482.5655815999489,482.5655815999489,482.54569009994157,16.68752979999408,16.687587199965492,482.55929240002297,482.5655815999489,482.5655815999489,483.56087449996267,stimuli/box_empty_transparent.png,17.70266349997837,17.70271329989191,483.56100420001894,483.57736350002233,484.5930250999518,484.5765522000147,18.71833649999462,0.525905100046657,None,,,,,,,,,,,,826422,right,yes,None,2025-05-07_09h42.27.900,RL_out-of-scanner,2024.2.4,60.113422014537086,2025-05-07 09h42.37.623452 -0700,
4,0,4,,,,,,,space,3.998710700077936,None,5,0.8381616999395192,None,18.720716599957086,k,None,19.053484899923205,19.05392509989906,20.051773399929516,20.05182789999526,21.06600009999238,21.066047599888407,23.581594299990684,0.30357590003404766,None,,,,,,,1,0,1,0,4,0,4,0,484.5930250999518,,,,,,,,,,,,,,,,,,,,,,,,,,,,,,,,,,,,,,,,,,,,,,,,,,,,,,,,18.720716599957086,484.5790232999716,484.5930250999518,484.5930250999518,484.5930250999518,484.5930250999518,,,,,484.91161660000216,k,right,0,12,1,3,36,1,None,19.053484899923205,19.05392509989906,484.9122202999424,484.92614869994577,484.92614869994577,485.93139619997237,485.93139619997237,485.9099529000232,20.051773399929516,20.05182789999526,485.92398119997233,485.93139619997237,485.93139619997237,486.9242114999797,stimuli/box_empty_transparent.png,21.06600009999238,21.066047599888407,486.9243361999979,486.94046119996347,489.455751099973,489.43980689998716,23.581594299990684,0.30357590003404766,None,,,,,,,,,,,,826422,right,yes,None,2025-05-07_09h42.27.900,RL_out-of-scanner,2024.2.4,60.113422014537086,2025-05-07 09h42.37.623452 -0700,
5,0,5,,,,,,,space,3.998710700077936,None,5,0.8381616999395192,None,23.58412439993117,k,None,23.866451799985953,23.86689289996866,27.37907629995607,27.37913109990768,28.394052299903706,28.394106599967927,30.40997909998987,0.2536379999946803,None,,,,,,,1,0,1,0,5,0,5,0,489.455751099973,,,,,,,,,,,,,,,,,,,,,,,,,,,,,,,,,,,,,,,,,,,,,,,,,,,,,,,,23.58412439993117,489.4424409000203,489.455751099973,489.455751099973,489.455751099973,489.455751099973,,,,,489.7245750000002,k,right,1,12,2,3,37,2,None,23.866451799985953,23.86689289996866,489.7251882000128,489.7393996999599,489.7393996999599,493.26311860000715,493.26311860000715,493.23725220002234,27.37907629995607,27.37913109990768,493.25515240000095,493.26311860000715,493.26311860000715,494.252261799993,stimuli/box_coin_transparent.png,28.394052299903706,28.394106599967927,494.2523952999618,494.26839400001336,496.28419939999003,496.26819319999777,30.40997909998987,0.2536379999946803,None,,,,,,,,,,,,826422,right,yes,None,2025-05-07_09h42.27.900,RL_out-of-scanner,2024.2.4,60.113422014537086,2025-05-07 09h42.37.623452 -0700,
6,0,6,,,,,,,space,3.998710700077936,None,5,0.8381616999395192,None,30.412950199912302,k,None,30.72769430000335,30.72813989990391,31.742486899951473,31.742540799896233,32.75768879998941,32.757738999905996,33.75652449997142,0.297483199974522,None,,,,,,,1,0,1,0,6,0,6,0,496.28419939999003,,,,,,,,,,,,,,,,,,,,,,,,,,,,,,,,,,,,,,,,,,,,,,,,,,,,,,,,30.412950199912302,496.2712617999641,496.28419939999003,496.28419939999003,496.28419939999003,496.28419939999003,,,,,496.58582659997046,k,right,1,12,3,3,38,3,None,30.72769430000335,30.72813989990391,496.58643939998,496.60051939997356,496.60051939997356,497.6251173999626,497.6251173999626,497.60066250001546,31.742486899951473,31.742540799896233,497.6181107999291,497.6251173999626,497.6251173999626,498.61589799996,stimuli/box_coin_transparent.png,32.75768879998941,32.757738999905996,498.6160289000254,498.63137930002995,499.631031399942,499.6147380999755,33.75652449997142,0.297483199974522,None,,,,,,,,,,,,826422,right,yes,None,2025-05-07_09h42.27.900,RL_out-of-scanner,2024.2.4,60.113422014537086,2025-05-07 09h42.37.623452 -0700,
7,0,7,,,,,,,space,3.998710700077936,None,5,0.8381616999395192,None,33.75903859990649,k,None,34.324029699899256,34.324427699903026,36.33793529996183,36.33797449991107,37.35347259999253,37.35352539992891,39.368960899999365,0.5488237000536174,None,,,,,,,1,0,1,0,7,0,7,0,499.631031399942,,,,,,,,,,,,,,,,,,,,,,,,,,,,,,,,,,,,,,,,,,,,,,,,,,,,,,,,33.75903859990649,499.61734929995146,499.631031399942,499.631031399942,499.631031399942,499.631031399942,,,,,500.18216289998963,k,right,1,12,4,3,39,4,None,34.324029699899256,34.324427699903026,500.18272199993953,500.197511699982,500.197511699982,502.21294070000295,502.21294070000295,502.19612300000153,36.33793529996183,36.33797449991107,502.2067853999324,502.21294070000295,502.21294070000295,503.2116818999639,stimuli/box_coin_transparent.png,37.35347259999253,37.35352539992891,503.21181569993496,503.2279844000004,505.2435578999575,505.22717530000955,39.368960899999365,0.5488237000536174,None,,,,,,,,,,,,826422,right,yes,None,2025-05-07_09h42.27.900,RL_out-of-scanner,2024.2.4,60.113422014537086,2025-05-07 09h42.37.623452 -0700,
8,0,8,,,,,,,space,3.998710700077936,None,5,0.8381616999395192,None,39.37194779992569,k,None,39.63680569990538,39.637202599900775,42.649817999918014,42.64987209998071,43.66497549996711,43.665022299974225,45.18050649994984,0.24038390000350773,None,,,,,,,1,0,1,0,8,0,8,0,505.2435578999575,,,,,,,,,,,,,,,,,,,,,,,,,,,,,,,,,,,,,,,,,,,,,,,,,,,,,,,,39.37194779992569,505.23025979998056,505.2435578999575,505.2435578999575,505.2435578999575,505.2435578999575,,,,,505.4949389999965,k,right,1,12,5,3,40,5,None,39.63680569990538,39.637202599900775,505.4954970999388,505.50993519998156,505.50993519998156,508.5319914999418,508.5319914999418,508.5079953999957,42.649817999918014,42.64987209998071,508.52508729998954,508.5319914999418,508.5319914999418,509.5231854999438,stimuli/box_coin_transparent.png,43.66497549996711,43.665022299974225,509.5233109999681,509.5392075999407,511.05507470003795,511.03872529999353,45.18050649994984,0.24038390000350773,None,,,,,,,,,,,,826422,right,yes,None,2025-05-07_09h42.27.900,RL_out-of-scanner,2024.2.4,60.113422014537086,2025-05-07 09h42.37.623452 -0700,
9,0,9,,,,,,,space,3.998710700077936,None,5,0.8381616999395192,None,45.18287869996857,k,None,46.1639338999521,46.16419069992844,47.662762099993415,47.66281689994503,48.67829729989171,48.67834809992928,50.693190899910405,0.9594879999058321,None,,,,,,,1,0,1,0,9,0,9,0,511.05507470003795,,,,,,,,,,,,,,,,,,,,,,,,,,,,,,,,,,,,,,,,,,,,,,,,,,,,,,,,45.18287869996857,511.0411880000029,511.05507470003795,511.05507470003795,511.05507470003795,511.05507470003795,,,,,512.0221102000214,k,right,1,12,6,3,41,6,None,46.1639338999521,46.16419069992844,512.0224654999329,512.0374223999679,512.0374223999679,513.5459478999255,513.5459478999255,513.5209358999273,47.662762099993415,47.66281689994503,513.5383912000107,513.5459478999255,513.5459478999255,514.5365029999521,stimuli/box_coin_transparent.png,48.67829729989171,48.67834809992928,514.53668749996,514.5520726999966,516.5676321999636,516.551404900034,50.693190899910405,0.9594879999058321,None,,,,,,,,,,,,826422,right,yes,None,2025-05-07_09h42.27.900,RL_out-of-scanner,2024.2.4,60.113422014537086,2025-05-07 09h42.37.623452 -0700,
10,0,10,,,,,,,space,3.998710700077936,None,5,0.8381616999395192,None,50.696159899933264,k,None,50.97736909997184,50.97776599996723,52.49192839988973,52.491980299935676,53.50738129997626,53.50743399991188,54.50709849991836,0.25750710000284016,None,,,,,,,1,0,1,0,10,0,10,0,516.5676321999636,,,,,,,,,,,,,,,,,,,,,,,,,,,,,,,,,,,,,,,,,,,,,,,,,,,,,,,,50.696159899933264,516.5544721999904,516.5676321999636,516.5676321999636,516.5676321999636,516.5676321999636,,,,,516.8355030999519,k,right,0,12,6,3,42,6,None,50.97736909997184,50.97776599996723,516.8360601000022,516.8507011999609,516.8507011999609,518.3712693999987,518.3712693999987,518.3501153999241,52.49192839988973,52.491980299935676,518.3641591999913,518.3712693999987,518.3712693999987,519.3655906999484,stimuli/box_empty_transparent.png,53.50738129997626,53.50743399991188,519.3657529000193,519.382029099972,520.3811520999297,520.3653125999263,54.50709849991836,0.25750710000284016,None,,,,,,,,,,,,826422,right,yes,None,2025-05-07_09h42.27.900,RL_out-of-scanner,2024.2.4,60.113422014537086,2025-05-07 09h42.37.623452 -0700,
11,0,11,,,,,,,space,3.998710700077936,None,5,0.8381616999395192,None,54.50949029996991,k,None,55.157981299911626,55.158453599899076,57.171548099955544,57.17160239990335,58.18714179995004,58.187212899909355,59.70255119993817,0.6224686000496149,None,,,,,,,1,0,1,0,11,0,11,0,520.3811520999297,,,,,,,,,,,,,,,,,,,,,,,,,,,,,,,,,,,,,,,,,,,,,,,,,,,,,,,,54.50949029996991,520.3677987999981,520.3811520999297,520.3811520999297,520.3811520999297,520.3811520999297,,,,,521.0161100999685,k,right,0,12,6,3,43,6,None,55.157981299911626,55.158453599899076,521.0167504999554,521.030976900016,521.030976900016,523.050405499991,523.050405499991,523.0297276999336,57.171548099955544,57.17160239990335,523.0436058000196,523.050405499991,523.050405499991,524.0453517999267,stimuli/box_empty_transparent.png,58.18714179995004,58.187212899909355,524.0455025000265,524.0613433999242,525.5770922999363,525.5607639999362,59.70255119993817,0.6224686000496149,None,,,,,,,,,,,,826422,right,yes,None,2025-05-07_09h42.27.900,RL_out-of-scanner,2024.2.4,60.113422014537086,2025-05-07 09h42.37.623452 -0700,
12,0,12,,,,,,,space,3.998710700077936,None,5,0.8381616999395192,None,59.70495149993803,k,None,59.97094519995153,59.971385999931954,60.96875129989348,60.96880579995923,61.98378719994798,61.98384319990873,64.99806489993352,0.24435459997039288,None,,,,,,,1,0,1,0,12,0,12,0,525.5770922999363,,,,,,,,,,,,,,,,,,,,,,,,,,,,,,,,,,,,,,,,,,,,,,,,,,,,,,,,59.70495149993803,525.5632646000013,525.5770922999363,525.5770922999363,525.5770922999363,525.5770922999363,,,,,525.829075000016,k,right,1,12,7,3,44,7,None,59.97094519995153,59.971385999931954,525.8296884000301,525.8434820999391,525.8434820999391,526.851818199968,526.851818199968,526.8269375000382,60.96875129989348,60.96880579995923,526.8441639000084,526.851818199968,526.851818199968,527.841956899967,stimuli/box_coin_transparent.png,61.98378719994798,61.98384319990873,527.8421356999315,527.8579320999561,530.8726764000021,530.8562834999757,64.99806489993352,0.24435459997039288,None,,,,,,,,,,,,826422,right,yes,None,2025-05-07_09h42.27.900,RL_out-of-scanner,2024.2.4,60.113422014537086,2025-05-07 09h42.37.623452 -0700,
13,0,13,,,,,,,space,3.998710700077936,None,5,0.8381616999395192,None,65.00049839995336,k,None,65.46582859999035,65.46622419997584,65.96498029993381,65.96503359999042,66.979946599924,66.97999619995244,68.9949485999532,0.4353961000451818,None,,,,,,,1,0,1,0,13,0,13,0,530.8726764000021,,,,,,,,,,,,,,,,,,,,,,,,,,,,,,,,,,,,,,,,,,,,,,,,,,,,,,,,65.00049839995336,530.8588111000136,530.8726764000021,530.8726764000021,530.8726764000021,530.8726764000021,,,,,531.3239623999689,k,right,1,12,8,3,45,8,None,65.46582859999035,65.46622419997584,531.3245176000055,531.3391289999709,531.3391289999709,531.8478178000078,531.8478178000078,531.8231576000107,65.96498029993381,65.96503359999042,531.8404987999238,531.8478178000078,531.8478178000078,532.8381566000171,stimuli/box_coin_transparent.png,66.979946599924,66.97999619995244,532.8382871999638,532.854184399941,534.8696930999868,534.8531628999626,68.9949485999532,0.4353961000451818,None,,,,,,,,,,,,826422,right,yes,None,2025-05-07_09h42.27.900,RL_out-of-scanner,2024.2.4,60.113422014537086,2025-05-07 09h42.37.623452 -0700,
14,0,14,,,,,,,space,3.998710700077936,None,5,0.8381616999395192,None,68.9973161999369,k,None,69.3138225999428,69.3142256999854,70.8277218999574,70.82777599990368,71.84257839992642,71.842629199964,72.84187189990189,0.2987625999376178,None,,,,,,,1,0,1,0,14,0,14,0,534.8696930999868,,,,,,,,,,,,,,,,,,,,,,,,,,,,,,,,,,,,,,,,,,,,,,,,,,,,,,,,68.9973161999369,534.8556248999666,534.8696930999868,534.8696930999868,534.8696930999868,534.8696930999868,,,,,535.1719539000187,k,right,1,12,9,3,46,9,None,69.3138225999428,69.3142256999854,535.1725203000242,535.1861408000113,535.1861408000113,536.7100341999903,536.7100341999903,536.6858998999232,70.8277218999574,70.82777599990368,536.7029745000182,536.7100341999903,536.7100341999903,537.7007795999525,stimuli/box_coin_transparent.png,71.84257839992642,71.842629199964,537.7009210999822,537.7168035999639,538.7163913999684,538.7000883999281,72.84187189990189,0.2987625999376178,None,,,,,,,,,,,,826422,right,yes,None,2025-05-07_09h42.27.900,RL_out-of-scanner,2024.2.4,60.113422014537086,2025-05-07 09h42.37.623452 -0700,
15,0,15,,,,,,,space,3.998710700077936,None,5,0.8381616999395192,None,72.84426749998238,k,None,73.24365159997251,73.24405249999836,74.24154859990813,74.2416032999754,75.25641689996701,75.2564647999825,77.27211119991262,0.38081050000619143,None,,,,,,,1,0,1,0,15,0,15,0,538.7163913999684,,,,,,,,,,,,,,,,,,,,,,,,,,,,,,,,,,,,,,,,,,,,,,,,,,,,,,,,72.84426749998238,538.7025778000243,538.7163913999684,538.7163913999684,538.7163913999684,538.7163913999684,,,,,539.1017834999366,k,right,1,12,10,3,47,10,None,73.24365159997251,73.24405249999836,539.102347399923,539.1162031999556,539.1162031999556,540.1238431000384,540.1238431000384,540.0997276999988,74.24154859990813,74.2416032999754,540.1168450999539,540.1238431000384,540.1238431000384,541.1146277999505,stimuli/box_coin_transparent.png,75.25641689996701,75.2564647999825,541.1147546999855,541.1306591000175,543.1466370000271,543.1303246000316,77.27211119991262,0.38081050000619143,None,,,,,,,,,,,,826422,right,yes,None,2025-05-07_09h42.27.900,RL_out-of-scanner,2024.2.4,60.113422014537086,2025-05-07 09h42.37.623452 -0700,
16,0,16,,,,,,,space,3.998710700077936,None,5,0.8381616999395192,None,77.27463659993373,k,['k'],78.37313879991416,78.37354339996818,80.3866410999326,80.38669239997398,81.40214209991973,81.40218939993065,82.4016497998964,1.0765458999667317,None,[0.34955990000162274],[0.1780233000172302],,,,,1,0,1,0,16,0,16,0,543.1466370000271,,,,,,,,,,,,,,,,,,,,,,,,,,,,,,,,,,,,,,,,,,,,,,,,,,,,,,,,77.27463659993373,543.1329466999741,543.1466370000271,543.1466370000271,543.1466370000271,543.1466370000271,,,,,544.2312168999342,k,right,1,12,11,3,48,11,['k'],78.37313879991416,78.37354339996818,544.2318371000001,544.2455839000177,544.2455839000177,546.269530099933,546.269530099933,546.244825999951,80.3866410999326,80.38669239997398,546.2622198000317,546.269530099933,546.269530099933,547.2603483999847,stimuli/box_coin_transparent.png,81.40214209991973,81.40218939993065,547.2604738000082,547.2757492000237,548.2756825999822,548.2598651000299,82.4016497998964,1.0765458999667317,None,,,,,,,,[0.34955990000162274],[0.1780233000172302],,,826422,right,yes,None,2025-05-07_09h42.27.900,RL_out-of-scanner,2024.2.4,60.113422014537086,2025-05-07 09h42.37.623452 -0700,
17,0,17,,,,,,,space,3.998710700077936,None,5,0.8381616999395192,None,82.40409249998629,k,None,82.83548819995485,82.83589210000355,83.83354849996977,83.83360059990082,84.84871529997326,84.84876289998647,85.84807579999324,0.41569409996736795,None,,,,,,,1,0,1,0,17,0,17,0,548.2756825999822,,,,,,,,,,,,,,,,,,,,,,,,,,,,,,,,,,,,,,,,,,,,,,,,,,,,,,,,82.40409249998629,548.2624021000229,548.2756825999822,548.2756825999822,548.2756825999822,548.2756825999822,,,,,548.693620899925,k,right,1,12,12,3,49,12,None,82.83548819995485,82.83589210000355,548.6941862999229,548.7085764999501,548.7085764999501,549.7161643999862,549.7161643999862,549.6917287999531,83.83354849996977,83.83360059990082,549.709004699951,549.7161643999862,549.7161643999862,550.706926099956,stimuli/box_coin_transparent.png,84.84871529997326,84.84876289998647,550.7070506999735,550.7231795999687,551.7227219999768,551.7062916000141,85.84807579999324,0.41569409996736795,None,,,,,,,,,,,,826422,right,yes,None,2025-05-07_09h42.27.900,RL_out-of-scanner,2024.2.4,60.113422014537086,2025-05-07 09h42.37.623452 -0700,
18,0,18,,,,,,,space,3.998710700077936,None,5,0.8381616999395192,None,85.8505448999349,k,None,86.21606079989579,86.21646099991631,89.7295838999562,89.72963969991542,90.74417479999829,90.74422159988899,92.75996419996955,0.342524699983187,None,,,,,,,1,0,1,0,18,0,18,0,551.7227219999768,,,,,,,,,,,,,,,,,,,,,,,,,,,,,,,,,,,,,,,,,,,,,,,,,,,,,,,,85.8505448999349,551.708852599957,551.7227219999768,551.7227219999768,551.7227219999768,551.7227219999768,,,,,552.0741951999953,k,left,1,13,0,4,49,12,None,86.21606079989579,86.21646099991631,552.0747555999551,552.089129799977,552.089129799977,555.6087946000043,555.6087946000043,555.5877566999989,89.7295838999562,89.72963969991542,555.6017030000221,555.6087946000043,555.6087946000043,556.6023838999681,stimuli/box_empty_transparent.png,90.74417479999829,90.74422159988899,556.6025097999955,556.6187044000253,558.6342011999805,558.6181794999866,92.75996419996955,0.342524699983187,None,,,,,,,,,,,,826422,right,yes,None,2025-05-07_09h42.27.900,RL_out-of-scanner,2024.2.4,60.113422014537086,2025-05-07 09h42.37.623452 -0700,
19,0,19,,,,,,,space,3.998710700077936,None,5,0.8381616999395192,None,92.76236019993667,j,None,93.06129109999165,93.0617633999791,94.05893149995245,94.05898549989797,95.07405699999072,95.07410450000316,96.5733401000034,0.27875449997372925,None,,,,,,,1,0,1,0,19,0,19,0,558.6342011999805,,,,,,,,,,,,,,,,,,,,,,,,,,,,,,,,,,,,,,,,,,,,,,,,,,,,,,,,92.76236019993667,558.6206702999771,558.6342011999805,558.6342011999805,558.6342011999805,558.6342011999805,,,,,558.9194019000279,j,left,1,13,1,4,50,13,None,93.06129109999165,93.0617633999791,558.9200584000209,558.9338847999461,558.9338847999461,559.9415946999798,559.9415946999798,559.9171181999845,94.05893149995245,94.05898549989797,559.9344730000012,559.9415946999798,559.9415946999798,560.9322687999811,stimuli/box_coin_transparent.png,95.07405699999072,95.07410450000316,560.9323929999955,560.9482015999965,562.4476907999488,562.4315543000121,96.5733401000034,0.27875449997372925,None,,,,,,,,,,,,826422,right,yes,None,2025-05-07_09h42.27.900,RL_out-of-scanner,2024.2.4,60.113422014537086,2025-05-07 09h42.37.623452 -0700,
20,0,20,,,,,,,space,3.998710700077936,None,5,0.8381616999395192,None,96.57584619999398,j,None,96.99127089988906,96.99172059993725,99.00490899989381,99.00496429996565,100.02003119990695,100.02007899992168,102.0360596999526,0.3991664999630302,None,,,,,,,1,0,1,0,20,0,20,0,562.4476907999488,,,,,,,,,,,,,,,,,,,,,,,,,,,,,,,,,,,,,,,,,,,,,,,,,,,,,,,,96.57584619999398,562.4341558000306,562.4476907999488,562.4476907999488,562.4476907999488,562.4476907999488,,,,,562.8493984999368,j,left,1,13,2,4,51,14,None,96.99127089988906,96.99172059993725,562.8500199000118,562.8641430999851,562.8641430999851,564.8875433999347,564.8875433999347,564.8630890999921,99.00490899989381,99.00496429996565,564.8804967999458,564.8875433999347,564.8875433999347,565.8782418000046,stimuli/box_coin_transparent.png,100.02003119990695,100.02007899992168,565.8783680000342,565.8944828999229,567.9103645000141,567.8942744999658,102.0360596999526,0.3991664999630302,None,,,,,,,,,,,,826422,right,yes,None,2025-05-07_09h42.27.900,RL_out-of-scanner,2024.2.4,60.113422014537086,2025-05-07 09h42.37.623452 -0700,
21,0,21,,,,,,,space,3.998710700077936,None,5,0.8381616999395192,None,102.03856429993175,j,None,103.43547879997641,103.43591919995379,106.4493511999026,106.4494062999729,107.46430499991402,107.46435299993027,108.97974329988938,1.3764092000201344,None,,,,,,,1,0,1,0,21,0,21,0,567.9103645000141,,,,,,,,,,,,,,,,,,,,,,,,,,,,,,,,,,,,,,,,,,,,,,,,,,,,,,,,102.03856429993175,567.8968740999699,567.9103645000141,567.9103645000141,567.9103645000141,567.9103645000141,,,,,569.2936119999504,j,left,0,13,2,4,52,14,None,103.43547879997641,103.43591919995379,569.2942148000002,569.30860879994,569.30860879994,572.3291842000326,572.3291842000326,572.3075281999772,106.4493511999026,106.4494062999729,572.3216803999385,572.3291842000326,572.3291842000326,573.3225160000147,stimuli/box_empty_transparent.png,107.46430499991402,107.46435299993027,573.3226447999477,573.3388154000277,574.8543303000042,574.8379627999384,108.97974329988938,1.3764092000201344,None,,,,,,,,,,,,826422,right,yes,None,2025-05-07_09h42.27.900,RL_out-of-scanner,2024.2.4,60.113422014537086,2025-05-07 09h42.37.623452 -0700,
22,0,22,,,,,,,space,3.998710700077936,None,5,0.8381616999395192,None,108.98211339989211,k,None,109.24829229991883,109.24869639996905,110.76272989995778,110.76278459990863,111.77735279989429,111.77740029990673,113.79310699994676,0.24850119999609888,None,,,,,,,1,0,1,0,22,0,22,0,574.8543303000042,,,,,,,,,,,,,,,,,,,,,,,,,,,,,,,,,,,,,,,,,,,,,,,,,,,,,,,,108.98211339989211,574.840419300017,574.8543303000042,574.8543303000042,574.8543303000042,574.8543303000042,,,,,575.1064208999742,k,left,0,13,2,4,52,14,None,109.24829229991883,109.24869639996905,575.1069893999957,575.1210718000075,575.1210718000075,576.6426053999458,576.6426053999458,576.6208746000193,110.76272989995778,110.76278459990863,576.634990499937,576.6426053999458,576.6426053999458,577.6355632999912,stimuli/box_empty_transparent.png,111.77735279989429,111.77740029990673,577.6356883000117,577.6516558999429,579.6672563999891,579.65132179996,113.79310699994676,0.24850119999609888,None,,,,,,,,,,,,826422,right,yes,None,2025-05-07_09h42.27.900,RL_out-of-scanner,2024.2.4,60.113422014537086,2025-05-07 09h42.37.623452 -0700,
23,0,23,,,,,,,space,3.998710700077936,None,5,0.8381616999395192,None,113.79573689994868,k,None,114.09449479996692,114.09489899990149,115.60832449991722,115.60837859997991,116.62348660000134,116.62353599991184,118.13954069989268,0.27497270004823804,None,,,,,,,1,0,1,0,23,0,23,0,579.6672563999891,,,,,,,,,,,,,,,,,,,,,,,,,,,,,,,,,,,,,,,,,,,,,,,,,,,,,,,,113.79573689994868,579.6540469999891,579.6672563999891,579.6672563999891,579.6672563999891,579.6672563999891,,,,,579.9526256999234,k,left,0,13,2,4,52,14,None,114.09449479996692,114.09489899990149,579.9531952999532,579.967102900031,579.967102900031,581.4871563999914,581.4871563999914,581.4665014999919,115.60832449991722,115.60837859997991,581.4804199000355,581.4871563999914,581.4871563999914,582.4816882000305,stimuli/box_empty_transparent.png,116.62348660000134,116.62353599991184,582.4818266000366,582.4978769000154,584.0139864999801,583.9977542000124,118.13954069989268,0.27497270004823804,None,,,,,,,,,,,,826422,right,yes,None,2025-05-07_09h42.27.900,RL_out-of-scanner,2024.2.4,60.113422014537086,2025-05-07 09h42.37.623452 -0700,
24,0,24,,,,,,,space,3.998710700077936,None,5,0.8381616999395192,None,118.1419312999351,None,None,119.65443929994944,119.654548099963,121.67109419999178,121.67114479991142,122.68529609998222,122.68534519989043,124.18487219989765,,,,,,,,,1,0,1,0,24,0,24,0,584.0139864999801,,,,,,,,,,,,,,,,,,,,,,,,,,,,,,,,,,,,,,,,,,,,,,,,,,,,,,,,118.1419312999351,584.0002404999686,584.0139864999801,584.0139864999801,584.0139864999801,584.0139864999801,,,,,585.512594299973,None,left,0,13,2,4,52,14,None,119.65443929994944,119.654548099963,585.5128359999508,585.5290961000137,585.5290961000137,587.5508648999967,587.5508648999967,587.5292719999561,121.67109419999178,121.67114479991142,587.5436491,587.5508648999967,587.5508648999967,588.5435049999505,no selection made,122.68529609998222,122.68534519989043,588.5436288999626,588.5595666000154,590.0588893999811,590.0430859000189,124.18487219989765,,,,,,,,,,,,,,826422,right,yes,None,2025-05-07_09h42.27.900,RL_out-of-scanner,2024.2.4,60.113422014537086,2025-05-07 09h42.37.623452 -0700,
25,0,25,,,,,,,space,3.998710700077936,None,5,0.8381616999395192,None,124.18737069994677,j,None,124.51951059990097,124.52000689995475,125.51703849993646,125.51709320000373,126.53239079995546,126.53243859997019,130.04635309998412,0.30873099993914366,None,,,,,,,1,0,1,0,25,0,25,0,590.0588893999811,,,,,,,,,,,,,,,,,,,,,,,,,,,,,,,,,,,,,,,,,,,,,,,,,,,,,,,,124.18737069994677,590.0456780999666,590.0588893999811,590.0588893999811,590.0588893999811,590.0588893999811,,,,,590.3776414999738,j,left,1,13,3,4,53,15,None,124.51951059990097,124.52000689995475,590.3783103999449,590.3920992999338,590.3920992999338,591.3996686999453,591.3996686999453,591.3752215999411,125.51703849993646,125.51709320000373,591.392451099935,591.3996686999453,591.3996686999453,592.3906006999314,stimuli/box_coin_transparent.png,126.53239079995546,126.53243859997019,592.3907275999663,592.406489099958,595.9207689999603,595.9045717000263,130.04635309998412,0.30873099993914366,None,,,,,,,,,,,,826422,right,yes,None,2025-05-07_09h42.27.900,RL_out-of-scanner,2024.2.4,60.113422014537086,2025-05-07 09h42.37.623452 -0700,
26,0,26,,,,,,,space,3.998710700077936,None,5,0.8381616999395192,None,130.0487255998887,j,None,130.31467699992936,130.3151355999289,130.81329129997175,130.81334489991423,131.82831709994934,131.82836519996636,135.34207049990073,0.2474923999980092,None,,,,,,,1,0,1,0,26,0,26,0,595.9207689999603,,,,,,,,,,,,,,,,,,,,,,,,,,,,,,,,,,,,,,,,,,,,,,,,,,,,,,,,130.0487255998887,595.9070335000288,595.9207689999603,595.9207689999603,595.9207689999603,595.9207689999603,,,,,596.1727779000066,j,left,1,13,4,4,54,16,None,130.31467699992936,130.3151355999289,596.1734305999707,596.1873698999407,596.1873698999407,596.6957251999993,596.6957251999993,596.6714683999307,130.81329129997175,130.81334489991423,596.6890206999378,596.6957251999993,596.6957251999993,597.6865280999336,stimuli/box_coin_transparent.png,131.82831709994934,131.82836519996636,597.6866536999587,597.7023813999258,601.2169790000189,601.2002843000228,135.34207049990073,0.2474923999980092,None,,,,,,,,,,,,826422,right,yes,None,2025-05-07_09h42.27.900,RL_out-of-scanner,2024.2.4,60.113422014537086,2025-05-07 09h42.37.623452 -0700,
27,0,27,,,,,,,space,3.998710700077936,None,5,0.8381616999395192,None,135.34444529993925,j,None,135.72746059997007,135.7279158999445,137.24138789996505,137.24144329992123,138.25671429990325,138.25676109991036,139.2724503999343,0.35462760005611926,None,,,,,,,1,0,1,0,27,0,27,0,601.2169790000189,,,,,,,,,,,,,,,,,,,,,,,,,,,,,,,,,,,,,,,,,,,,,,,,,,,,,,,,135.34444529993925,601.202753599966,601.2169790000189,601.2169790000189,601.2169790000189,601.2169790000189,,,,,601.5855804999592,j,left,1,13,5,4,55,17,None,135.72746059997007,135.7279158999445,601.5862132000038,601.6001206999645,601.6001206999645,603.1250704999547,603.1250704999547,603.0995623000199,137.24138789996505,137.24144329992123,603.117720899987,603.1250704999547,603.1250704999547,604.1149246999994,stimuli/box_coin_transparent.png,138.25671429990325,138.25676109991036,604.1150528999278,604.1307480999967,605.1470099999569,605.1306651999475,139.2724503999343,0.35462760005611926,None,,,,,,,,,,,,826422,right,yes,None,2025-05-07_09h42.27.900,RL_out-of-scanner,2024.2.4,60.113422014537086,2025-05-07 09h42.37.623452 -0700,
28,0,28,,,,,,,space,3.998710700077936,None,5,0.8381616999395192,None,139.27482369996142,None,None,140.78763369994704,140.78774309996516,141.78752219991293,141.78757389995735,142.80278149992228,142.80282039998565,146.31655019999016,,,,,,,,,1,0,1,0,28,0,28,0,605.1470099999569,,,,,,,,,,,,,,,,,,,,,,,,,,,,,,,,,,,,,,,,,,,,,,,,,,,,,,,,139.27482369996142,605.1331331999972,605.1470099999569,605.1470099999569,605.1470099999569,605.1470099999569,,,,,606.6457858999493,None,left,1,13,5,4,55,17,None,140.78763369994704,140.78774309996516,606.6460306999506,606.6622162000276,606.6622162000276,607.6674706999911,607.6674706999911,607.6457048000302,141.78752219991293,141.78757389995735,607.6599089000374,607.6674706999911,607.6674706999911,608.6610029999865,no selection made,142.80278149992228,142.80282039998565,608.6610914999619,608.6769675000105,612.1915288999444,612.1747689000331,146.31655019999016,,,,,,,,,,,,,,826422,right,yes,None,2025-05-07_09h42.27.900,RL_out-of-scanner,2024.2.4,60.113422014537086,2025-05-07 09h42.37.623452 -0700,
29,0,29,,,,,,,space,3.998710700077936,None,5,0.8381616999395192,None,146.31891439994797,j,None,146.63495709991548,146.63541119999718,148.6489002999151,148.64897409989499,149.6638409999432,149.66389539989177,150.66341159993317,0.2972600000211969,None,,,,,,,1,0,1,0,29,0,29,0,612.1915288999444,,,,,,,,,,,,,,,,,,,,,,,,,,,,,,,,,,,,,,,,,,,,,,,,,,,,,,,,146.31891439994797,612.1772214999655,612.1915288999444,612.1915288999444,612.1915288999444,612.1915288999444,,,,,612.493089399999,j,left,1,13,6,4,56,18,None,146.63495709991548,146.63541119999718,612.4937085999409,612.5076766000129,612.5076766000129,614.5317819999764,614.5317819999764,614.5070781999966,148.6489002999151,148.64897409989499,614.5245187999681,614.5317819999764,614.5317819999764,615.5220195000293,stimuli/box_coin_transparent.png,149.6638409999432,149.66389539989177,615.5221881000325,615.5380907999352,616.5377488000086,616.5216303999769,150.66341159993317,0.2972600000211969,None,,,,,,,,,,,,826422,right,yes,None,2025-05-07_09h42.27.900,RL_out-of-scanner,2024.2.4,60.113422014537086,2025-05-07 09h42.37.623452 -0700,
30,0,30,,,,,,,space,3.998710700077936,None,5,0.8381616999395192,None,150.6657925999025,j,None,151.26481449999847,151.26530719990842,152.26278989994898,152.26284619991202,153.27761009999085,153.27765839989297,154.27742899989244,0.5739098000340164,None,,,,,,,1,0,1,0,30,0,30,0,616.5377488000086,,,,,,,,,,,,,,,,,,,,,,,,,,,,,,,,,,,,,,,,,,,,,,,,,,,,,,,,150.6657925999025,616.5241016999353,616.5377488000086,616.5377488000086,616.5377488000086,616.5377488000086,,,,,617.1229460999602,j,left,1,13,7,4,57,19,None,151.26481449999847,151.26530719990842,617.1236053999746,617.1375038999831,617.1375038999831,618.145018799929,618.145018799929,618.1209682000335,152.26278989994898,152.26284619991202,618.1380931999302,618.145018799929,618.145018799929,619.1358196999645,stimuli/box_coin_transparent.png,153.27761009999085,153.27765839989297,619.1359467000002,619.1520228999434,620.1515828999691,620.1356443000259,154.27742899989244,0.5739098000340164,None,,,,,,,,,,,,826422,right,yes,None,2025-05-07_09h42.27.900,RL_out-of-scanner,2024.2.4,60.113422014537086,2025-05-07 09h42.37.623452 -0700,
31,0,31,,,,,,,space,3.998710700077936,None,5,0.8381616999395192,None,154.27995229989756,j,['j'],155.77792099991348,155.77838189993054,158.7913066999754,158.79135909990873,159.8057676999597,159.80581609997898,162.3207002999261,1.4665950000053272,None,[0.4992698000278324],[0.1462984000099823],,,,,1,0,1,0,31,0,31,0,620.1515828999691,,,,,,,,,,,,,,,,,,,,,,,,,,,,,,,,,,,,,,,,,,,,,,,,,,,,,,,,154.27995229989756,620.1382629999425,620.1515828999691,620.1515828999691,620.1515828999691,620.1515828999691,,,,,621.6360001999419,j,left,0,13,7,4,58,19,['j'],155.77792099991348,155.77838189993054,621.6366767999716,621.6506187999621,621.6506187999621,624.6709863999858,624.6709863999858,624.6494807000272,158.7913066999754,158.79135909990873,624.6636515000137,624.6709863999858,624.6709863999858,625.6639742000261,stimuli/box_empty_transparent.png,159.8057676999597,159.80581609997898,625.6641002999386,625.6804321999662,628.1951294000028,628.1789122000337,162.3207002999261,1.4665950000053272,None,,,,,,,,[0.4992698000278324],[0.1462984000099823],,,826422,right,yes,None,2025-05-07_09h42.27.900,RL_out-of-scanner,2024.2.4,60.113422014537086,2025-05-07 09h42.37.623452 -0700,
32,0,32,,,,,,,space,3.998710700077936,None,5,0.8381616999395192,None,162.3230753999669,k,None,162.62294459994882,162.62337709998246,163.62003959994763,163.62009289988782,164.63561879994813,164.63566709996667,165.63492149999365,0.2741620000451803,None,,,,,,,1,0,1,0,32,0,32,0,628.1951294000028,,,,,,,,,,,,,,,,,,,,,,,,,,,,,,,,,,,,,,,,,,,,,,,,,,,,,,,,162.3230753999669,628.1813844999997,628.1951294000028,628.1951294000028,628.1951294000028,628.1951294000028,,,,,628.4810682999669,k,left,0,13,7,4,58,19,None,162.62294459994882,162.62337709998246,628.4816723000258,628.495066100033,628.495066100033,629.499289899948,629.499289899948,629.4782250999706,163.62003959994763,163.62009289988782,629.49210579996,629.499289899948,629.499289899948,630.4938276000321,stimuli/box_empty_transparent.png,164.63561879994813,164.63566709996667,630.4939545999514,630.5097131000366,631.5093420000048,631.4931366000092,165.63492149999365,0.2741620000451803,None,,,,,,,,,,,,826422,right,yes,None,2025-05-07_09h42.27.900,RL_out-of-scanner,2024.2.4,60.113422014537086,2025-05-07 09h42.37.623452 -0700,
33,0,33,,,,,,,space,3.998710700077936,None,5,0.8381616999395192,None,165.63741899991874,j,None,166.46938479994424,166.4697051999392,168.48288509994745,168.48293989989907,169.49848479998764,169.4985339998966,171.01408829994034,0.8158028000034392,None,,,,,,,1,0,1,0,33,0,33,0,631.5093420000048,,,,,,,,,,,,,,,,,,,,,,,,,,,,,,,,,,,,,,,,,,,,,,,,,,,,,,,,165.63741899991874,631.4957304999698,631.5093420000048,631.5093420000048,631.5093420000048,631.5093420000048,,,,,632.3275578999892,j,left,1,13,8,4,59,20,None,166.46938479994424,166.4697051999392,632.3279867999954,632.3420574000338,632.3420574000338,634.3656922000227,634.3656922000227,634.3410641000373,168.48288509994745,168.48293989989907,634.3583485999843,634.3656922000227,634.3656922000227,635.3566950999666,stimuli/box_coin_transparent.png,169.49848479998764,169.4985339998966,635.3568244000198,635.3727871000301,636.8884486999596,636.8723035999574,171.01408829994034,0.8158028000034392,None,,,,,,,,,,,,826422,right,yes,None,2025-05-07_09h42.27.900,RL_out-of-scanner,2024.2.4,60.113422014537086,2025-05-07 09h42.37.623452 -0700,
34,0,34,,,,,,,space,3.998710700077936,None,5,0.8381616999395192,None,171.01648839993868,j,None,171.36494309990667,171.36538919992745,174.37817359995097,174.37822600000072,175.39328729989938,175.39333569991868,177.90859259990975,0.32855560001917183,None,,,,,,,1,0,1,0,34,0,34,0,636.8884486999596,,,,,,,,,,,,,,,,,,,,,,,,,,,,,,,,,,,,,,,,,,,,,,,,,,,,,,,,171.01648839993868,636.8747984999791,636.8884486999596,636.8884486999596,636.8884486999596,636.8884486999596,,,,,637.223074199981,j,left,0,13,8,4,60,20,None,171.36494309990667,171.36538919992745,637.22368559998,637.2379863000242,637.2379863000242,640.257020900026,640.257020900026,640.2363554999465,174.37817359995097,174.37822600000072,640.2501916999463,640.257020900026,640.257020900026,641.2514971999917,stimuli/box_empty_transparent.png,175.39328729989938,175.39333569991868,641.2516240000259,641.2675262999255,643.7828043999616,643.7668055000249,177.90859259990975,0.32855560001917183,None,,,,,,,,,,,,826422,right,yes,None,2025-05-07_09h42.27.900,RL_out-of-scanner,2024.2.4,60.113422014537086,2025-05-07 09h42.37.623452 -0700,
35,0,35,,,,,,,space,3.998710700077936,None,5,0.8381616999395192,None,177.91123619989958,k,None,178.243340899935,178.24374309997074,179.75724489998538,179.75729959993623,180.7723458999535,180.77239449997433,181.7720014998922,0.30881820002105087,None,,,,,,,1,0,1,0,35,0,35,0,643.7828043999616,,,,,,,,,,,,,,,,,,,,,,,,,,,,,,,,,,,,,,,,,,,,,,,,,,,,,,,,177.91123619989958,643.7695550000062,643.7828043999616,643.7828043999616,643.7828043999616,643.7828043999616,,,,,644.101473000017,k,left,0,13,8,4,60,20,None,178.243340899935,178.24374309997074,644.1020361999981,644.1160898000235,644.1160898000235,645.63640139997,645.63640139997,645.6153965999838,179.75724489998538,179.75729959993623,645.6293020999292,645.63640139997,645.63640139997,646.6305546000367,stimuli/box_empty_transparent.png,180.7723458999535,180.77239449997433,646.6306824999629,646.6466846999247,647.6465781999286,647.6302146000089,181.7720014998922,0.30881820002105087,None,,,,,,,,,,,,826422,right,yes,None,2025-05-07_09h42.27.900,RL_out-of-scanner,2024.2.4,60.113422014537086,2025-05-07 09h42.37.623452 -0700,
36,0,36,,,,,,,space,3.998710700077936,None,5,0.8381616999395192,None,181.77437939995434,j,None,182.1740743999835,182.17453819990624,183.68786749988794,183.68792319996282,184.702520599938,184.7025671999436,188.21665959991515,0.37739999999757856,None,,,,,,,1,0,1,0,36,0,36,0,647.6465781999286,,,,,,,,,,,,,,,,,,,,,,,,,,,,,,,,,,,,,,,,,,,,,,,,,,,,,,,,181.77437939995434,647.6326885999879,647.6465781999286,647.6465781999286,647.6465781999286,647.6465781999286,,,,,648.0322053999407,j,left,1,13,9,4,61,21,None,182.1740743999835,182.17453819990624,648.0328352999641,648.0461840999778,648.0461840999778,649.5715127999429,649.5715127999429,649.5460427999496,183.68786749988794,183.68792319996282,649.5635799999582,649.5715127999429,649.5715127999429,650.5607314000372,stimuli/box_coin_transparent.png,184.702520599938,184.7025671999436,650.5608554999344,650.5770851999987,654.0912140000146,654.0748743999284,188.21665959991515,0.37739999999757856,None,,,,,,,,,,,,826422,right,yes,None,2025-05-07_09h42.27.900,RL_out-of-scanner,2024.2.4,60.113422014537086,2025-05-07 09h42.37.623452 -0700,
37,0,37,,,,,,,space,3.998710700077936,None,5,0.8381616999395192,None,188.21831679996103,j,None,188.58377749996725,188.58406419993844,190.5990274999058,190.59908179997,191.61386539996602,191.6139135999838,192.6130822999403,0.34871509997174144,None,,,,,,,1,0,1,0,37,0,37,0,654.0912140000146,,,,,,,,,,,,,,,,,,,,,,,,,,,,,,,,,,,,,,,,,,,,,,,,,,,,,,,,188.21831679996103,654.0766043999465,654.0912140000146,654.0912140000146,654.0912140000146,654.0912140000146,,,,,654.4419554999331,j,left,1,13,10,4,62,22,None,188.58377749996725,188.58406419993844,654.4423406999558,654.4572677999968,654.4572677999968,656.4817326000193,656.4817326000193,656.4572047999827,190.5990274999058,190.59908179997,656.4744848000119,656.4817326000193,656.4817326000193,657.4720753999427,stimuli/box_coin_transparent.png,191.61386539996602,191.6139135999838,657.4722022999777,657.487959299935,658.4880818999372,658.4712977999588,192.6130822999403,0.34871509997174144,None,,,,,,,,,,,,826422,right,yes,None,2025-05-07_09h42.27.900,RL_out-of-scanner,2024.2.4,60.113422014537086,2025-05-07 09h42.37.623452 -0700,
38,0,38,,,,,,,space,3.998710700077936,None,5,0.8381616999395192,None,192.6154469999019,j,None,193.03085139999166,193.03128909994848,194.0295969999861,194.02964959992096,195.0444757998921,195.04452439991292,196.5599310999969,0.3931952000129968,None,,,,,,,1,0,1,0,38,0,38,0,658.4880818999372,,,,,,,,,,,,,,,,,,,,,,,,,,,,,,,,,,,,,,,,,,,,,,,,,,,,,,,,192.6154469999019,658.473754699924,658.4880818999372,658.4880818999372,658.4880818999372,658.4880818999372,,,,,658.8889865999809,j,left,1,13,11,4,63,23,None,193.03085139999166,193.03128909994848,658.8895826999797,658.9039472999284,658.9039472999284,659.9119094000198,659.9119094000198,659.8877762999618,194.0295969999861,194.02964959992096,659.9049502999987,659.9119094000198,659.9119094000198,660.9026867999928,stimuli/box_coin_transparent.png,195.0444757998921,195.04452439991292,660.902813600027,660.918542200001,662.4344369999599,662.418150399928,196.5599310999969,0.3931952000129968,None,,,,,,,,,,,,826422,right,yes,None,2025-05-07_09h42.27.900,RL_out-of-scanner,2024.2.4,60.113422014537086,2025-05-07 09h42.37.623452 -0700,
39,0,39,,,,,,,space,3.998710700077936,None,5,0.8381616999395192,None,196.5623229999328,j,None,196.9442695999751,196.9447090999456,197.94279229990207,197.94284689996857,198.95807359996252,198.95811939996202,199.95715969998855,0.3624493000097573,None,,,,,,,1,0,1,0,39,0,39,0,662.4344369999599,,,,,,,,,,,,,,,,,,,,,,,,,,,,,,,,,,,,,,,,,,,,,,,,,,,,,,,,196.5623229999328,662.4206315999618,662.4344369999599,662.4344369999599,662.4344369999599,662.4344369999599,,,,,662.8024057999719,j,left,1,13,12,4,64,24,None,196.9442695999751,196.9447090999456,662.8030029999791,662.8174647999695,662.8174647999695,663.8252803999931,663.8252803999931,663.8009772000369,197.94279229990207,197.94284689996857,663.8181874000002,663.8252803999931,663.8252803999931,664.8162839999422,stimuli/box_coin_transparent.png,198.95807359996252,198.95811939996202,664.8164076999528,664.8321201000363,665.8316769000376,665.8153789000353,199.95715969998855,0.3624493000097573,None,,,,,,,,,,,,826422,right,yes,None,2025-05-07_09h42.27.900,RL_out-of-scanner,2024.2.4,60.113422014537086,2025-05-07 09h42.37.623452 -0700,
40,0,40,,,,,,,space,3.998710700077936,None,5,0.8381616999395192,None,199.95951929991134,j,None,200.32581529999152,200.32631019991823,201.83964109991211,201.8396936999634,202.85472109995317,202.854767599958,203.8543781999033,0.3396320000756532,None,,,,,,,1,0,1,0,40,0,40,0,665.8316769000376,,,,,,,,,,,,,,,,,,,,,,,,,,,,,,,,,,,,,,,,,,,,,,,,,,,,,,,,199.95951929991134,665.8178249000339,665.8316769000376,665.8316769000376,665.8316769000376,665.8316769000376,,,,,666.1839470999548,j,left,1,13,13,4,65,25,None,200.32581529999152,200.32631019991823,666.1846139000263,666.19831779995,666.19831779995,667.7223247999791,667.7223247999791,667.6978279999457,201.83964109991211,201.8396936999634,667.7153444000287,667.7223247999791,667.7223247999791,668.7129313999321,stimuli/box_coin_transparent.png,202.85472109995317,202.854767599958,668.7130562999519,668.7292083000066,669.7290710000088,669.7125928000314,203.8543781999033,0.3396320000756532,None,,,,,,,,,,,,826422,right,yes,None,2025-05-07_09h42.27.900,RL_out-of-scanner,2024.2.4,60.113422014537086,2025-05-07 09h42.37.623452 -0700,
41,0,41,,,,,,,space,3.998710700077936,None,5,0.8381616999395192,None,203.8569043999305,j,None,204.28928999998607,204.28975849994458,205.2878373999847,205.28789399995003,206.3025081999367,206.30255619995296,209.31680679996498,0.4137703001033515,None,,,,,,,1,0,1,0,41,0,41,0,669.7290710000088,,,,,,,,,,,,,,,,,,,,,,,,,,,,,,,,,,,,,,,,,,,,,,,,,,,,,,,,203.8569043999305,669.7152137999656,669.7290710000088,669.7290710000088,669.7290710000088,669.7290710000088,,,,,670.1474195999326,j,right,1,10,0,5,65,25,None,204.28928999998607,204.28975849994458,670.1480543999933,670.1617984999903,670.1617984999903,671.1676189999562,671.1676189999562,671.1460138999391,205.2878373999847,205.28789399995003,671.1600514999591,671.1676189999562,671.1676189999562,672.1607165000169,stimuli/box_empty_transparent.png,206.3025081999367,206.30255619995296,672.1608446999453,672.1768103999784,675.191652599955,675.1750214999774,209.31680679996498,0.4137703001033515,None,,,,,,,,,,,,826422,right,yes,None,2025-05-07_09h42.27.900,RL_out-of-scanner,2024.2.4,60.113422014537086,2025-05-07 09h42.37.623452 -0700,
42,0,42,,,,,,,space,3.998710700077936,None,5,0.8381616999395192,None,209.31935799994972,k,None,209.80143379990477,209.80187349999323,211.81539079989307,211.81544649996795,212.8301147999009,212.8301631999202,216.34487809997518,0.45595739991404116,None,,,,,,,1,0,1,0,42,0,42,0,675.191652599955,,,,,,,,,,,,,,,,,,,,,,,,,,,,,,,,,,,,,,,,,,,,,,,,,,,,,,,,209.31935799994972,675.1776667999802,675.191652599955,675.191652599955,675.191652599955,675.191652599955,,,,,675.659563299967,k,right,1,10,1,5,66,26,None,209.80143379990477,209.80187349999323,675.6601682000328,675.6742133999942,675.6742133999942,677.697791100014,677.697791100014,677.67356809997,211.81539079989307,211.81544649996795,677.6906893999549,677.697791100014,677.697791100014,678.6883254999993,stimuli/box_coin_transparent.png,212.8301147999009,212.8301631999202,678.6884518000297,678.7046354999766,682.2193631000118,682.2030910999747,216.34487809997518,0.45595739991404116,None,,,,,,,,,,,,826422,right,yes,None,2025-05-07_09h42.27.900,RL_out-of-scanner,2024.2.4,60.113422014537086,2025-05-07 09h42.37.623452 -0700,
43,0,43,,,,,,,space,3.998710700077936,None,5,0.8381616999395192,None,216.34745289990678,k,None,216.64531969989184,216.64571589999832,217.66028269997332,217.66033529990818,218.67552079993766,218.67556839995086,220.69077329989523,0.27878839999902993,None,,,,,,,1,0,1,0,43,0,43,0,682.2193631000118,,,,,,,,,,,,,,,,,,,,,,,,,,,,,,,,,,,,,,,,,,,,,,,,,,,,,,,,216.34745289990678,682.205769799999,682.2193631000118,682.2193631000118,682.2193631000118,682.2193631000118,,,,,682.5034540999914,k,right,0,10,1,5,67,26,None,216.64531969989184,216.64571589999832,682.5040103000356,682.5189566999907,682.5189566999907,683.5399249999318,683.5399249999318,683.5184598999331,217.66028269997332,217.66033529990818,683.5323548000306,683.5399249999318,683.5399249999318,684.5337300000247,stimuli/box_empty_transparent.png,218.67552079993766,218.67556839995086,684.5338562999386,684.5501414999599,686.5658556999406,686.5489919999382,220.69077329989523,0.27878839999902993,None,,,,,,,,,,,,826422,right,yes,None,2025-05-07_09h42.27.900,RL_out-of-scanner,2024.2.4,60.113422014537086,2025-05-07 09h42.37.623452 -0700,
44,0,44,,,,,,,space,3.998710700077936,None,5,0.8381616999395192,None,220.6931717999978,k,None,221.05894539994188,221.05939929990564,223.5727253999794,223.5727791999234,224.5876923999749,224.58777089999057,226.60303030000068,0.3332905999850482,None,,,,,,,1,0,1,0,44,0,44,0,686.5658556999406,,,,,,,,,,,,,,,,,,,,,,,,,,,,,,,,,,,,,,,,,,,,,,,,,,,,,,,,220.6931717999978,686.5514816000359,686.5658556999406,686.5658556999406,686.5658556999406,686.5658556999406,,,,,686.9170754000079,k,right,1,10,2,5,68,27,None,221.05894539994188,221.05939929990564,686.9176987999817,686.9317182999803,686.9317182999803,689.4550610999577,689.4550610999577,689.4309086999856,223.5727253999794,223.5727791999234,689.4482419999549,689.4550610999577,689.4550610999577,690.4459027999546,stimuli/box_coin_transparent.png,224.5876923999749,224.58777089999057,690.4460618000012,690.4621179000242,692.477670299937,692.4612449000124,226.60303030000068,0.3332905999850482,None,,,,,,,,,,,,826422,right,yes,None,2025-05-07_09h42.27.900,RL_out-of-scanner,2024.2.4,60.113422014537086,2025-05-07 09h42.37.623452 -0700,
45,0,45,,,,,,,space,3.998710700077936,None,5,0.8381616999395192,None,226.6055315999547,k,None,226.9704978999216,226.9708929999033,227.96867889992427,227.96873269998468,228.98424339992926,228.98429229995236,229.98363259993494,0.34394379996228963,None,,,,,,,1,0,1,0,45,0,45,0,692.477670299937,,,,,,,,,,,,,,,,,,,,,,,,,,,,,,,,,,,,,,,,,,,,,,,,,,,,,,,,226.6055315999547,692.4638425000012,692.477670299937,692.477670299937,692.477670299937,692.477670299937,,,,,692.8286244999617,k,right,0,10,2,5,69,27,None,226.9704978999216,226.9708929999033,692.8291860999307,692.843516599969,692.843516599969,693.8479205999756,693.8479205999756,693.8268646999495,227.96867889992427,227.96873269998468,693.8407145999372,693.8479205999756,693.8479205999756,694.8424530000193,stimuli/box_empty_transparent.png,228.98424339992926,228.98429229995236,694.8425809999462,694.8584021999268,695.8578493000241,695.8418467999436,229.98363259993494,0.34394379996228963,None,,,,,,,,,,,,826422,right,yes,None,2025-05-07_09h42.27.900,RL_out-of-scanner,2024.2.4,60.113422014537086,2025-05-07 09h42.37.623452 -0700,
46,0,46,,,,,,,space,3.998710700077936,None,5,0.8381616999395192,None,229.98601429990958,j,None,230.36871789989527,230.36919289990328,232.3824098999612,232.38246569992043,233.39705229992978,233.3971000999445,234.39668609993532,0.3559121999423951,None,,,,,,,1,0,1,0,46,0,46,0,695.8578493000241,,,,,,,,,,,,,,,,,,,,,,,,,,,,,,,,,,,,,,,,,,,,,,,,,,,,,,,,229.98601429990958,695.8443250999553,695.8578493000241,695.8578493000241,695.8578493000241,695.8578493000241,,,,,696.2268486999674,j,right,0,10,2,5,69,27,None,230.36871789989527,230.36919289990328,696.2274899999611,696.2413125999738,696.2413125999738,698.2622408999596,698.2622408999596,698.2405863000313,232.3824098999612,232.38246569992043,698.2546567999525,698.2622408999596,698.2622408999596,699.2552621000214,stimuli/box_empty_transparent.png,233.39705229992978,233.3971000999445,699.2553891999414,699.2716008999851,700.2713955999352,700.2548980999272,234.39668609993532,0.3559121999423951,None,,,,,,,,,,,,826422,right,yes,None,2025-05-07_09h42.27.900,RL_out-of-scanner,2024.2.4,60.113422014537086,2025-05-07 09h42.37.623452 -0700,
47,0,47,,,,,,,space,3.998710700077936,None,5,0.8381616999395192,None,234.3991165999323,k,None,234.7983822999522,234.79881690000184,237.81120799994096,237.8112639999017,238.82613959989976,238.82618989993352,240.34181569993962,0.37306310003623366,None,,,,,,,1,0,1,0,47,0,47,0,700.2713955999352,,,,,,,,,,,,,,,,,,,,,,,,,,,,,,,,,,,,,,,,,,,,,,,,,,,,,,,,234.3991165999323,700.257431200007,700.2713955999352,700.2713955999352,700.2713955999352,700.2713955999352,,,,,700.6565133000258,k,right,1,10,3,5,70,28,None,234.7983822999522,234.79881690000184,700.6571113999235,700.6710300999694,700.6710300999694,703.6938739999896,703.6938739999896,703.6693868000293,237.81120799994096,237.8112639999017,703.6866315000225,703.6938739999896,703.6938739999896,704.6843132999493,stimuli/box_coin_transparent.png,238.82613959989976,238.82618989993352,704.6844822999556,704.7003285000101,706.2164190999465,706.2000345999841,240.34181569993962,0.37306310003623366,None,,,,,,,,,,,,826422,right,yes,None,2025-05-07_09h42.27.900,RL_out-of-scanner,2024.2.4,60.113422014537086,2025-05-07 09h42.37.623452 -0700,
48,0,48,,,,,,,space,3.998710700077936,None,5,0.8381616999395192,None,240.34418079990428,k,None,240.676960999961,240.6773650998948,242.1748132999055,242.17487190000247,243.18942869990133,243.18947719992138,246.70333809999283,0.30094610003288835,None,,,,,,,1,0,1,0,48,0,48,0,706.2164190999465,,,,,,,,,,,,,,,,,,,,,,,,,,,,,,,,,,,,,,,,,,,,,,,,,,,,,,,,240.34418079990428,706.2024893999333,706.2164190999465,706.2164190999465,706.2164190999465,706.2164190999465,,,,,706.5350882000057,k,right,1,10,4,5,71,29,None,240.676960999961,240.6773650998948,706.5356591999298,706.5495501999976,706.5495501999976,708.0579850999638,708.0579850999638,708.0329546999419,242.1748132999055,242.17487190000247,708.0505940000294,708.0579850999638,708.0579850999638,709.0476385999937,stimuli/box_coin_transparent.png,243.18942869990133,243.18947719992138,709.0477668000385,709.063787400024,712.5783051999751,712.5615523000015,246.70333809999283,0.30094610003288835,None,,,,,,,,,,,,826422,right,yes,None,2025-05-07_09h42.27.900,RL_out-of-scanner,2024.2.4,60.113422014537086,2025-05-07 09h42.37.623452 -0700,
49,0,49,,,,,,,space,3.998710700077936,None,5,0.8381616999395192,None,246.70588979998138,k,None,247.18825449992437,247.1887273999164,248.70235519995913,248.7024092999054,249.71773769997526,249.71779589995276,249.71860439993907,0.45155789994169027,None,,,,,,,1,0,1,0,49,0,49,0,712.5783051999751,,,,,,,,,,,,,,,,,,,,,,,,,,,,,,,,,,,,,,,,,,,,,,,,,,,,,,,,246.70588979998138,712.5642047999427,712.5783051999751,712.5783051999751,712.5783051999751,712.5783051999751,,,,,713.046383799985,k,right,1,10,5,5,72,30,None,247.18825449992437,247.1887273999164,713.0470246999757,713.0610661000246,713.0610661000246,714.585019399994,714.585019399994,714.5605382999638,248.70235519995913,248.7024092999054,714.5777056999505,714.585019399994,714.585019399994,715.5759014999494,stimuli/box_coin_transparent.png,249.71773769997526,249.71779589995276,715.5760880999733,715.6112759999232,715.6112759999232,715.5768248999957,249.71860439993907,0.45155789994169027,None,,,,,,,,,,,,826422,right,yes,None,2025-05-07_09h42.27.900,RL_out-of-scanner,2024.2.4,60.113422014537086,2025-05-07 09h42.37.623452 -0700,
1,0,1,,,,,,,space,3.998710700077936,None,5,0.8381616999395192,None,,,,,,,,,,,,,,,,,,,1,0,1,0,,,,,,,,,,,,,,,,,,,,,,,,,,,,,,,,,,,,,,,,,,,,,,,,,,,,,,,,,,,,,,,,,,,,,,,,,,,,,,,,,,,,,,,,,,,,,,,,,,,,,,,,,715.6062819999643,715.6112759999232,719.5886459000176,719.5887287999503,719.6051340999547,770.7814196000108,770.7657803000184,,,,,826422,right,yes,None,2025-05-07_09h42.27.900,RL_out-of-scanner,2024.2.4,60.113422014537086,2025-05-07 09h42.37.623452 -0700,
0,0,0,,,,,,,space,10.257397899986245,None,5,0.634347700048238,None,0.0028117999900132418,j,None,0.5509816999547184,0.5514819000381976,1.565018199966289,1.5650731000350788,2.580555099993944,2.580607600044459,4.595902299974114,0.5201462999684736,None,,,,,,,2,0,2,0,0,0,0,0,781.7228023000062,,,,,,,,,,,,,,,,,,,,,,,,,,,,,,,,,,,,,,,,,,770.7660841000034,770.7814196000108,770.7814196000108,781.0414632000029,space,10.257397899986245,None,781.0415996999945,781.0567419999279,781.0567419999279,781.7072112000315,5,0.634347700048238,None,0.0028117999900132418,781.7101533999667,781.7228023000062,781.7228023000062,781.7228023000062,781.7228023000062,,,,,782.2581421999494,j,right,1,14,0,6,72,0,None,0.5509816999547184,0.5514819000381976,782.258810600033,782.2727114999434,782.2727114999434,783.2936607999727,783.2936607999727,783.2722361999331,1.565018199966289,1.5650731000350788,783.2861772000324,783.2936607999727,783.2936607999727,784.2877965000225,stimuli/box_empty_transparent.png,2.580555099993944,2.580607600044459,784.287924699951,784.30407990003,786.3196752000367,786.303148200037,4.595902299974114,0.5201462999684736,None,,,,,,,,,,,,826422,right,yes,None,2025-05-07_09h42.27.900,RL_out-of-scanner,2024.2.4,60.113422014537086,2025-05-07 09h42.37.623452 -0700,
1,0,1,,,,,,,space,10.257397899986245,None,5,0.634347700048238,None,4.59849700005725,k,None,4.881043800036423,4.881466199993156,6.378860600059852,6.378914000000805,7.393633299972862,7.393680399982259,8.908676199964248,0.261248099966906,None,,,,,,,2,0,2,0,1,0,1,0,786.3196752000367,,,,,,,,,,,,,,,,,,,,,,,,,,,,,,,,,,,,,,,,,,,,,,,,,,,,,,,,4.59849700005725,786.3058398999274,786.3196752000367,786.3196752000367,786.3196752000367,786.3196752000367,,,,,786.5882050000364,k,right,1,14,1,6,73,1,None,4.881043800036423,4.881466199993156,786.5887920999667,786.6024754999671,786.6024754999671,788.1106605000095,788.1106605000095,788.0860680999467,6.378860600059852,6.378914000000805,788.10353079997,788.1106605000095,788.1106605000095,789.1008756000083,stimuli/box_coin_transparent.png,7.393633299972862,7.393680399982259,789.1010002000257,789.1167074999539,790.632452199934,790.6159237999236,8.908676199964248,0.261248099966906,None,,,,,,,,,,,,826422,right,yes,None,2025-05-07_09h42.27.900,RL_out-of-scanner,2024.2.4,60.113422014537086,2025-05-07 09h42.37.623452 -0700,
2,0,2,,,,,,,space,10.257397899986245,None,5,0.634347700048238,None,8.911043000058271,k,None,9.310739599983208,9.311140800011344,10.308637000038289,10.308693200000562,11.323457999969833,11.32350509997923,14.337758400011808,0.37256300006993115,None,,,,,,,2,0,2,0,2,0,2,0,790.632452199934,,,,,,,,,,,,,,,,,,,,,,,,,,,,,,,,,,,,,,,,,,,,,,,,,,,,,,,,8.911043000058271,790.6183826000197,790.632452199934,790.632452199934,790.632452199934,790.632452199934,,,,,791.0179017999908,k,right,0,14,1,6,74,1,None,9.310739599983208,9.311140800011344,791.0184668999864,791.0323095000349,791.0323095000349,792.0374458000297,792.0374458000297,792.0158440000378,10.308637000038289,10.308693200000562,792.0299281999469,792.0374458000297,792.0374458000297,793.0307007000083,stimuli/box_empty_transparent.png,11.323457999969833,11.32350509997923,793.0308263000334,793.0467802999774,796.0614397999598,796.0450056999689,14.337758400011808,0.37256300006993115,None,,,,,,,,,,,,826422,right,yes,None,2025-05-07_09h42.27.900,RL_out-of-scanner,2024.2.4,60.113422014537086,2025-05-07 09h42.37.623452 -0700,
3,0,3,,,,,,,space,10.257397899986245,None,5,0.634347700048238,None,14.340150499949232,k,None,14.589662799960934,14.590102800051682,16.603133899974637,16.603187500033528,17.618412400013767,17.618462400045246,18.617646600003354,0.23214109998662025,None,,,,,,,2,0,2,0,3,0,3,0,796.0614397999598,,,,,,,,,,,,,,,,,,,,,,,,,,,,,,,,,,,,,,,,,,,,,,,,,,,,,,,,14.340150499949232,796.0474917999236,796.0614397999598,796.0614397999598,796.0614397999598,796.0614397999598,,,,,796.2968248999678,k,right,0,14,1,6,75,1,None,14.589662799960934,14.590102800051682,796.2974290000275,796.3113886000356,796.3113886000356,798.3309711000184,798.3309711000184,798.3103450000053,16.603133899974637,16.603187500033528,798.3242046999512,798.3309711000184,798.3309711000184,799.3256471999921,stimuli/box_empty_transparent.png,17.618412400013767,17.618462400045246,799.3257846999913,799.3416106000077,800.3413370000198,800.3248971999856,18.617646600003354,0.23214109998662025,None,,,,,,,,,,,,826422,right,yes,None,2025-05-07_09h42.27.900,RL_out-of-scanner,2024.2.4,60.113422014537086,2025-05-07 09h42.37.623452 -0700,
4,0,4,,,,,,,space,10.257397899986245,None,5,0.634347700048238,None,18.62003079999704,k,None,18.852990700048395,18.85341129999142,19.850878400029615,19.850934899994172,20.866192999994382,20.866241800016724,23.38112579996232,0.20765659993048757,None,,,,,,,2,0,2,0,4,0,4,0,800.3413370000198,,,,,,,,,,,,,,,,,,,,,,,,,,,,,,,,,,,,,,,,,,,,,,,,,,,,,,,,18.62003079999704,800.3273707999615,800.3413370000198,800.3413370000198,800.3413370000198,800.3413370000198,,,,,800.560152699938,k,right,1,14,2,6,76,2,None,18.852990700048395,18.85341129999142,800.5607380999718,800.5747175000142,800.5747175000142,801.5819039000198,801.5819039000198,801.5580759999575,19.850878400029615,19.850934899994172,801.5755951999454,801.5819039000198,801.5819039000198,802.5734349000268,stimuli/box_coin_transparent.png,20.866192999994382,20.866241800016724,802.5735633999575,802.5890519999666,805.1044608999509,805.0883716000244,23.38112579996232,0.20765659993048757,None,,,,,,,,,,,,826422,right,yes,None,2025-05-07_09h42.27.900,RL_out-of-scanner,2024.2.4,60.113422014537086,2025-05-07 09h42.37.623452 -0700,
5,0,5,,,,,,,space,10.257397899986245,None,5,0.634347700048238,None,23.38360169995576,k,None,23.649316300055943,23.64972059999127,27.16161229996942,27.161665600026026,28.176779699977487,28.176850500050932,30.191898399963975,0.23830540000926703,None,,,,,,,2,0,2,0,5,0,5,0,805.1044608999509,,,,,,,,,,,,,,,,,,,,,,,,,,,,,,,,,,,,,,,,,,,,,,,,,,,,,,,,23.38360169995576,805.0910049999366,805.1044608999509,805.1044608999509,805.1044608999509,805.1044608999509,,,,,805.3564759999281,k,right,1,14,3,6,77,3,None,23.649316300055943,23.64972059999127,805.3570475999732,805.3705527000129,805.3705527000129,808.8928197999485,808.8928197999485,808.868824300007,27.16161229996942,27.161665600026026,808.8859287999803,808.8928197999485,808.8928197999485,809.8840210000053,stimuli/box_coin_transparent.png,28.176779699977487,28.176850500050932,809.8841718999902,809.8999453999568,811.91532619996,811.8991500999546,30.191898399963975,0.23830540000926703,None,,,,,,,,,,,,826422,right,yes,None,2025-05-07_09h42.27.900,RL_out-of-scanner,2024.2.4,60.113422014537086,2025-05-07 09h42.37.623452 -0700,
6,0,6,,,,,,,space,10.257397899986245,None,5,0.634347700048238,None,30.194281200063415,k,None,30.62616280000657,30.62656819995027,31.62441469996702,31.624468700028956,32.639758600038476,32.63980859995354,33.63957660004962,0.4119545998983085,None,,,,,,,2,0,2,0,6,0,6,0,811.91532619996,,,,,,,,,,,,,,,,,,,,,,,,,,,,,,,,,,,,,,,,,,,,,,,,,,,,,,,,30.194281200063415,811.9016215000302,811.91532619996,811.91532619996,811.91532619996,811.91532619996,,,,,812.3333206999814,k,right,1,14,4,6,78,4,None,30.62616280000657,30.62656819995027,812.3338940999238,812.3483646999812,812.3483646999812,813.3564855000004,813.3564855000004,813.3316253999947,31.62441469996702,31.624468700028956,813.3489500000142,813.3564855000004,813.3564855000004,814.3469850999536,stimuli/box_coin_transparent.png,32.639758600038476,32.63980859995354,814.3471318000229,814.3631939999759,815.3630023000296,815.3468204999808,33.63957660004962,0.4119545998983085,None,,,,,,,,,,,,826422,right,yes,None,2025-05-07_09h42.27.900,RL_out-of-scanner,2024.2.4,60.113422014537086,2025-05-07 09h42.37.623452 -0700,
7,0,7,,,,,,,space,10.257397899986245,None,5,0.634347700048238,None,33.64197440003045,k,None,34.02416909998283,34.02457140001934,36.03824160003569,36.0382976999972,37.05303119996097,37.05307789996732,39.06815900001675,0.3534347000531852,None,,,,,,,2,0,2,0,7,0,7,0,815.3630023000296,,,,,,,,,,,,,,,,,,,,,,,,,,,,,,,,,,,,,,,,,,,,,,,,,,,,,,,,33.64197440003045,815.349315600004,815.3630023000296,815.3630023000296,815.3630023000296,815.3630023000296,,,,,815.7313309999881,k,right,0,14,4,6,79,4,None,34.02416909998283,34.02457140001934,815.7319067999488,815.7458603000268,815.7458603000268,817.7666319999844,817.7666319999844,817.7454489000374,36.03824160003569,36.0382976999972,817.7592688000295,817.7666319999844,817.7666319999844,818.7602729999926,stimuli/box_empty_transparent.png,37.05303119996097,37.05307789996732,818.7603983000154,818.7761085999664,820.7917235000059,820.7754104000051,39.06815900001675,0.3534347000531852,None,,,,,,,,,,,,826422,right,yes,None,2025-05-07_09h42.27.900,RL_out-of-scanner,2024.2.4,60.113422014537086,2025-05-07 09h42.37.623452 -0700,
8,0,8,,,,,,,space,10.257397899986245,None,5,0.634347700048238,None,39.070650000008754,j,None,39.469191499985754,39.46963219996542,42.48253779998049,42.48259280005004,43.49778420000803,43.497832700028084,45.013399000046775,0.3722643000073731,None,,,,,,,2,0,2,0,8,0,8,0,820.7917235000059,,,,,,,,,,,,,,,,,,,,,,,,,,,,,,,,,,,,,,,,,,,,,,,,,,,,,,,,39.070650000008754,820.7779915999854,820.7917235000059,820.7917235000059,820.7917235000059,820.7917235000059,,,,,821.1763595000375,j,right,0,14,4,6,79,4,None,39.469191499985754,39.46963219996542,821.1769591999473,821.1912884999765,821.1912884999765,824.2114775000373,824.2114775000373,824.1897471999982,42.48253779998049,42.48259280005004,824.203838699963,824.2114775000373,824.2114775000373,825.2050273999339,stimuli/box_empty_transparent.png,43.49778420000803,43.497832700028084,825.2051527999574,825.2209817999974,826.7370123999426,826.7206419999711,45.013399000046775,0.3722643000073731,None,,,,,,,,,,,,826422,right,yes,None,2025-05-07_09h42.27.900,RL_out-of-scanner,2024.2.4,60.113422014537086,2025-05-07 09h42.37.623452 -0700,
9,0,9,,,,,,,space,10.257397899986245,None,5,0.634347700048238,None,45.01579670002684,k,None,45.2658087000018,45.26626149995718,46.7791361999698,46.779192200046964,47.7945263000438,47.794574100058526,49.80949190002866,0.23329530004411936,None,,,,,,,2,0,2,0,9,0,9,0,826.7370123999426,,,,,,,,,,,,,,,,,,,,,,,,,,,,,,,,,,,,,,,,,,,,,,,,,,,,,,,,45.01579670002684,826.7231387000065,826.7370123999426,826.7370123999426,826.7370123999426,826.7370123999426,,,,,826.9729713000124,k,right,1,14,5,6,80,5,None,45.2658087000018,45.26626149995718,826.9735966000007,826.9869039999321,826.9869039999321,828.5107624999946,828.5107624999946,828.4863493000157,46.7791361999698,46.779192200046964,828.5035715999547,828.5107624999946,828.5107624999946,829.5017681999598,stimuli/box_coin_transparent.png,47.7945263000438,47.794574100058526,829.5018950999947,829.51785319997,831.5329973000335,831.5167415000033,49.80949190002866,0.23329530004411936,None,,,,,,,,,,,,826422,right,yes,None,2025-05-07_09h42.27.900,RL_out-of-scanner,2024.2.4,60.113422014537086,2025-05-07 09h42.37.623452 -0700,
10,0,10,,,,,,,space,10.257397899986245,None,5,0.634347700048238,None,49.81193580001127,k,None,50.211477900040336,50.211926999967545,51.725245799985714,51.7253029999556,52.74051519995555,52.7405631999718,53.739788400009274,0.3695796999381855,None,,,,,,,2,0,2,0,10,0,10,0,831.5329973000335,,,,,,,,,,,,,,,,,,,,,,,,,,,,,,,,,,,,,,,,,,,,,,,,,,,,,,,,49.81193580001127,831.5192804000108,831.5329973000335,831.5329973000335,831.5329973000335,831.5329973000335,,,,,831.9186404999346,k,right,1,14,6,6,81,6,None,50.211477900040336,50.211926999967545,831.919254999957,831.9331837999634,831.9331837999634,833.4575482000364,833.4575482000364,833.4324616999365,51.725245799985714,51.7253029999556,833.449652899988,833.4575482000364,833.4575482000364,834.4477565999841,stimuli/box_coin_transparent.png,52.74051519995555,52.7405631999718,834.4478834000183,834.4636294000084,835.4632145999931,835.4470357999671,53.739788400009274,0.3695796999381855,None,,,,,,,,,,,,826422,right,yes,None,2025-05-07_09h42.27.900,RL_out-of-scanner,2024.2.4,60.113422014537086,2025-05-07 09h42.37.623452 -0700,
11,0,11,,,,,,,space,10.257397899986245,None,5,0.634347700048238,None,53.742177800042555,k,None,54.107536699972115,54.10793279996142,56.12218750000466,56.122243299963884,57.13692540000193,57.13695870002266,58.6361017000163,0.3472164000850171,None,,,,,,,2,0,2,0,11,0,11,0,835.4632145999931,,,,,,,,,,,,,,,,,,,,,,,,,,,,,,,,,,,,,,,,,,,,,,,,,,,,,,,,53.742177800042555,835.4495182000101,835.4632145999931,835.4632145999931,835.4632145999931,835.4632145999931,,,,,835.8147031000117,k,right,1,14,7,6,82,7,None,54.107536699972115,54.10793279996142,835.8152579999296,835.8295833999291,835.8295833999291,837.8551445000339,837.8551445000339,837.8293966000201,56.12218750000466,56.122243299963884,837.847446299973,837.8551445000339,837.8551445000339,838.8441781000001,stimuli/box_coin_transparent.png,57.13692540000193,57.13695870002266,838.8442645999603,838.8601315999404,840.3596563999308,840.343347899965,58.6361017000163,0.3472164000850171,None,,,,,,,,,,,,826422,right,yes,None,2025-05-07_09h42.27.900,RL_out-of-scanner,2024.2.4,60.113422014537086,2025-05-07 09h42.37.623452 -0700,
12,0,12,,,,,,,space,10.257397899986245,None,5,0.634347700048238,None,58.63861949997954,None,None,60.15130130003672,60.15141160006169,61.16722890001256,61.16726190003101,62.182959600002505,62.18300990003627,65.19781879999209,,,,,,,,,2,0,2,0,12,0,12,0,840.3596563999308,,,,,,,,,,,,,,,,,,,,,,,,,,,,,,,,,,,,,,,,,,,,,,,,,,,,,,,,58.63861949997954,840.3459624999668,840.3596563999308,840.3596563999308,840.3596563999308,840.3596563999308,,,,,841.8584873999935,None,right,1,14,7,6,82,7,None,60.15130130003672,60.15141160006169,841.8587315999903,841.875362599967,841.875362599967,842.8908624999458,842.8908624999458,842.8744708999293,61.16722890001256,61.16726190003101,842.8828383999644,842.8908624999458,842.8908624999458,843.8902009000303,no selection made,62.182959600002505,62.18300990003627,843.8903262999374,843.9061420999933,846.9211172999348,846.9050635999301,65.19781879999209,,,,,,,,,,,,,,826422,right,yes,None,2025-05-07_09h42.27.900,RL_out-of-scanner,2024.2.4,60.113422014537086,2025-05-07 09h42.37.623452 -0700,
13,0,13,,,,,,,space,10.257397899986245,None,5,0.634347700048238,None,65.20036240003537,k,None,65.58165429998189,65.58205339999404,66.08035980002023,66.08041299995966,67.09581910003908,67.09587459999602,69.11113009997644,0.36225409992039204,None,,,,,,,2,0,2,0,13,0,13,0,846.9211172999348,,,,,,,,,,,,,,,,,,,,,,,,,,,,,,,,,,,,,,,,,,,,,,,,,,,,,,,,65.20036240003537,846.9077059000265,846.9211172999348,846.9211172999348,846.9211172999348,846.9211172999348,,,,,847.288820900023,k,right,1,14,8,6,83,8,None,65.58165429998189,65.58205339999404,847.2893789999653,847.3042443000013,847.3042443000013,847.8120042999508,847.8120042999508,847.7875722999452,66.08035980002023,66.08041299995966,847.8047994000372,847.8120042999508,847.8120042999508,848.803060999955,stimuli/box_coin_transparent.png,67.09581910003908,67.09587459999602,848.8031952999299,848.8194281000178,850.8345685999375,850.8183764999267,69.11113009997644,0.36225409992039204,None,,,,,,,,,,,,826422,right,yes,None,2025-05-07_09h42.27.900,RL_out-of-scanner,2024.2.4,60.113422014537086,2025-05-07 09h42.37.623452 -0700,
14,0,14,,,,,,,space,10.257397899986245,None,5,0.634347700048238,None,69.11358590004966,k,None,69.51230469997972,69.51270870002918,71.02639819995966,71.02645230002236,72.04183969995938,72.04191150004044,73.05795930000022,0.3672405999386683,None,,,,,,,2,0,2,0,14,0,14,0,850.8345685999375,,,,,,,,,,,,,,,,,,,,,,,,,,,,,,,,,,,,,,,,,,,,,,,,,,,,,,,,69.11358590004966,850.8209295999259,850.8345685999375,850.8345685999375,850.8345685999375,850.8345685999375,,,,,851.2194668999873,k,right,0,14,8,6,84,8,None,69.51230469997972,69.51270870002918,851.2200357000111,851.2343908000039,851.2343908000039,852.7548852999462,852.7548852999462,852.7336092999903,71.02639819995966,71.02645230002236,852.7480263999896,852.7548852999462,852.7548852999462,853.7490823999979,stimuli/box_empty_transparent.png,72.04183969995938,72.04191150004044,853.7492333999835,853.7655416999478,854.7815629999386,854.765205899952,73.05795930000022,0.3672405999386683,None,,,,,,,,,,,,826422,right,yes,None,2025-05-07_09h42.27.900,RL_out-of-scanner,2024.2.4,60.113422014537086,2025-05-07 09h42.37.623452 -0700,
15,0,15,,,,,,,space,10.257397899986245,None,5,0.634347700048238,None,73.06050180003513,k,None,73.90953720000107,73.90998200001195,74.92327100003604,74.92332339996938,75.93868859997019,75.93871949997265,77.95384360000025,0.8224414000287652,None,,,,,,,2,0,2,0,15,0,15,0,854.7815629999386,,,,,,,,,,,,,,,,,,,,,,,,,,,,,,,,,,,,,,,,,,,,,,,,,,,,,,,,73.06050180003513,854.7678951999405,854.7815629999386,854.7815629999386,854.7815629999386,854.7815629999386,,,,,855.6166997000109,k,right,1,14,9,6,85,9,None,73.90953720000107,73.90998200001195,855.6173116000136,855.631154499948,855.631154499948,856.6546576999826,856.6546576999826,856.6304872999899,74.92327100003604,74.92332339996938,856.6477400999283,856.6546576999826,856.6546576999826,857.6459445999935,stimuli/box_coin_transparent.png,75.93868859997019,75.93871949997265,857.6460230000084,857.6620164000196,859.6773400999373,859.6610909999581,77.95384360000025,0.8224414000287652,None,,,,,,,,,,,,826422,right,yes,None,2025-05-07_09h42.27.900,RL_out-of-scanner,2024.2.4,60.113422014537086,2025-05-07 09h42.37.623452 -0700,
16,0,16,,,,,,,space,10.257397899986245,None,5,0.634347700048238,None,77.95621209999081,k,None,78.43883150001056,78.43923699995503,80.45230530004483,80.45236160000786,81.46810409997124,81.46815500000957,82.48351799999364,0.4513753999490291,None,,,,,,,2,0,2,0,16,0,16,0,859.6773400999373,,,,,,,,,,,,,,,,,,,,,,,,,,,,,,,,,,,,,,,,,,,,,,,,,,,,,,,,77.95621209999081,859.6635527999606,859.6773400999373,859.6773400999373,859.6773400999373,859.6773400999373,,,,,860.1459766000044,k,right,1,14,10,6,86,10,None,78.43883150001056,78.43923699995503,860.1465627999278,860.1606765999459,860.1606765999459,862.184917400009,862.184917400009,862.1595160999568,80.45230530004483,80.45236160000786,862.1769323999761,862.184917400009,862.184917400009,863.1753447999945,stimuli/box_coin_transparent.png,81.46810409997124,81.46815500000957,863.1754764999496,863.1913589999313,864.2072391000111,864.1907666999614,82.48351799999364,0.4513753999490291,None,,,,,,,,,,,,826422,right,yes,None,2025-05-07_09h42.27.900,RL_out-of-scanner,2024.2.4,60.113422014537086,2025-05-07 09h42.37.623452 -0700,
17,0,17,,,,,,,space,10.257397899986245,None,5,0.634347700048238,None,82.48588789999485,k,None,82.80243290006183,82.80287030001637,83.80141660000663,83.8014687000541,84.8148446000414,84.81489200005308,85.81447940005455,0.2994788000360131,None,,,,,,,2,0,2,0,17,0,17,0,864.2072391000111,,,,,,,,,,,,,,,,,,,,,,,,,,,,,,,,,,,,,,,,,,,,,,,,,,,,,,,,82.48588789999485,864.1932281999616,864.2072391000111,864.2072391000111,864.2072391000111,864.2072391000111,,,,,864.5095947999507,k,right,1,14,11,6,87,11,None,82.80243290006183,82.80287030001637,864.5101965999929,864.5238182999892,864.5238182999892,865.5331872999668,865.5331872999668,865.5086191999726,83.80141660000663,83.8014687000541,865.5260599999456,865.5331872999668,865.5331872999668,866.5220863999566,stimuli/box_coin_transparent.png,84.8148446000414,84.81489200005308,866.5222119999817,866.5379942000145,867.5382825999986,867.5217203999637,85.81447940005455,0.2994788000360131,None,,,,,,,,,,,,826422,right,yes,None,2025-05-07_09h42.27.900,RL_out-of-scanner,2024.2.4,60.113422014537086,2025-05-07 09h42.37.623452 -0700,
18,0,18,,,,,,,space,10.257397899986245,None,5,0.634347700048238,None,85.81700010003988,k,None,86.34919990005437,86.34961290005594,89.86140809999779,89.86146299995016,90.87708410003688,90.87713190005161,92.89216459996533,0.5035583000862971,None,,,,,,,2,0,2,0,18,0,18,0,867.5382825999986,,,,,,,,,,,,,,,,,,,,,,,,,,,,,,,,,,,,,,,,,,,,,,,,,,,,,,,,85.81700010003988,867.5243446000386,867.5382825999986,867.5382825999986,867.5382825999986,867.5382825999986,,,,,868.0563029999612,k,right,1,14,12,6,88,12,None,86.34919990005437,86.34961290005594,868.0569386000279,868.0711554000154,868.0711554000154,871.5927085999865,871.5927085999865,871.5686221999349,89.86140809999779,89.86146299995016,871.5858863999601,871.5927085999865,871.5927085999865,872.5843262999551,stimuli/box_coin_transparent.png,90.87708410003688,90.87713190005161,872.5844557000091,872.6001393999904,874.6160656999564,874.5994104000274,92.89216459996533,0.5035583000862971,None,,,,,,,,,,,,826422,right,yes,None,2025-05-07_09h42.27.900,RL_out-of-scanner,2024.2.4,60.113422014537086,2025-05-07 09h42.37.623452 -0700,
19,0,19,,,,,,,space,10.257397899986245,None,5,0.634347700048238,None,92.89467780000996,k,['k'],93.97687570005655,93.97728230000939,94.97427979996428,94.97433160000946,95.98926840000786,95.98931580001954,97.50488030002452,1.0602976999944076,None,[0.3161076999967918],[0.1551816000137478],,,,,2,0,2,0,19,0,19,0,874.6160656999564,,,,,,,,,,,,,,,,,,,,,,,,,,,,,,,,,,,,,,,,,,,,,,,,,,,,,,,,92.89467780000996,874.6020260000369,874.6160656999564,874.6160656999564,874.6160656999564,874.6160656999564,,,,,875.6839837000007,k,right,0,14,12,6,89,12,['k'],93.97687570005655,93.97728230000939,875.6846086999867,875.6980060000205,875.6980060000205,876.7027856999775,876.7027856999775,876.6814888999797,94.97427979996428,94.97433160000946,876.6957743000239,876.7027856999775,876.7027856999775,877.6965059000067,stimuli/box_empty_transparent.png,95.98926840000786,95.98931580001954,877.6966326999245,877.7125072999625,879.2290296999272,879.2121305000037,97.50488030002452,1.0602976999944076,None,,,,,,,,[0.3161076999967918],[0.1551816000137478],,,826422,right,yes,None,2025-05-07_09h42.27.900,RL_out-of-scanner,2024.2.4,60.113422014537086,2025-05-07 09h42.37.623452 -0700,
20,0,20,,,,,,,space,10.257397899986245,None,5,0.634347700048238,None,97.50727239996195,j,None,97.98992590000853,97.99043210002128,100.00334779999685,100.00340339995455,101.01871820003726,101.01876969996374,103.03384229994845,0.4549362000543624,None,,,,,,,2,0,2,0,20,0,20,0,879.2290296999272,,,,,,,,,,,,,,,,,,,,,,,,,,,,,,,,,,,,,,,,,,,,,,,,,,,,,,,,97.50727239996195,879.2146125999279,879.2290296999272,879.2290296999272,879.2290296999272,879.2290296999272,,,,,879.6970870000077,j,right,0,14,12,6,89,12,None,97.98992590000853,97.99043210002128,879.697761700023,879.7117228999268,879.7117228999268,881.7317982999375,881.7317982999375,881.7105592000298,100.00334779999685,100.00340339995455,881.7247027999256,881.7317982999375,881.7317982999375,882.7259606999578,stimuli/box_empty_transparent.png,101.01871820003726,101.01876969996374,882.7260902000125,882.7422967000166,884.7573889000341,884.7410911000334,103.03384229994845,0.4549362000543624,None,,,,,,,,,,,,826422,right,yes,None,2025-05-07_09h42.27.900,RL_out-of-scanner,2024.2.4,60.113422014537086,2025-05-07 09h42.37.623452 -0700,
21,0,21,,,,,,,space,10.257397899986245,None,5,0.634347700048238,None,103.03623079997487,k,None,103.3522299999604,103.35267649998423,106.3651278000325,106.36519090004731,107.38033790001646,107.38038600003347,108.89608890004456,0.29635060008149594,None,,,,,,,2,0,2,0,21,0,21,0,884.7573889000341,,,,,,,,,,,,,,,,,,,,,,,,,,,,,,,,,,,,,,,,,,,,,,,,,,,,,,,,103.03623079997487,884.7435695999302,884.7573889000341,884.7573889000341,884.7573889000341,884.7573889000341,,,,,885.0593924999703,k,right,1,14,13,6,90,13,None,103.3522299999604,103.35267649998423,885.0600038999692,885.0739437999437,885.0739437999437,888.0963799000019,888.0963799000019,888.0723296999931,106.3651278000325,106.36519090004731,888.0894073999953,888.0963799000019,888.0963799000019,889.0875811999431,stimuli/box_coin_transparent.png,107.38033790001646,107.38038600003347,889.0877124000108,889.1036997999763,890.6195845999755,890.6033345999895,108.89608890004456,0.29635060008149594,None,,,,,,,,,,,,826422,right,yes,None,2025-05-07_09h42.27.900,RL_out-of-scanner,2024.2.4,60.113422014537086,2025-05-07 09h42.37.623452 -0700,
22,0,22,,,,,,,space,10.257397899986245,None,5,0.634347700048238,None,108.8984740000451,k,None,109.2809760000091,109.28138509998098,110.79503100004513,110.79508519999217,111.80988099996466,111.80992889998015,113.82548800006043,0.36210209992714226,None,,,,,,,2,0,2,0,22,0,22,0,890.6195845999755,,,,,,,,,,,,,,,,,,,,,,,,,,,,,,,,,,,,,,,,,,,,,,,,,,,,,,,,108.8984740000451,890.6058158000233,890.6195845999755,890.6195845999755,890.6195845999755,890.6195845999755,,,,,890.9881378000136,k,right,1,14,14,6,91,14,None,109.2809760000091,109.28138509998098,890.988711199956,891.0024819999235,891.0024819999235,892.5271510999883,892.5271510999883,892.5022484000074,110.79503100004513,110.79508519999217,892.5194673000369,892.5271510999883,892.5271510999883,893.517122899997,stimuli/box_coin_transparent.png,111.80988099996466,111.80992889998015,893.5172487000236,893.533361800015,895.5486328999978,895.5327360000229,113.82548800006043,0.36210209992714226,None,,,,,,,,,,,,826422,right,yes,None,2025-05-07_09h42.27.900,RL_out-of-scanner,2024.2.4,60.113422014537086,2025-05-07 09h42.37.623452 -0700,
23,0,23,,,,,,,space,10.257397899986245,None,5,0.634347700048238,None,113.82786469999701,k,None,114.27681319997646,114.27725329995155,115.7911045999499,115.79115960001945,116.80624519998673,116.8062960000243,118.32201640005223,0.41771159996278584,None,,,,,,,2,0,2,0,23,0,23,0,895.5486328999978,,,,,,,,,,,,,,,,,,,,,,,,,,,,,,,,,,,,,,,,,,,,,,,,,,,,,,,,113.82786469999701,895.5352108000079,895.5486328999978,895.5486328999978,895.5486328999978,895.5486328999978,,,,,895.9839764999924,k,left,1,7,0,7,91,14,None,114.27681319997646,114.27725329995155,895.9845816999441,895.9984111000085,895.9984111000085,897.520039999974,897.520039999974,897.4983116999501,115.7911045999499,115.79115960001945,897.5123723000288,897.520039999974,897.520039999974,898.5134866000153,stimuli/box_empty_transparent.png,116.80624519998673,116.8062960000243,898.513617199962,898.5296155000106,900.0453984999331,900.0292631000048,118.32201640005223,0.41771159996278584,None,,,,,,,,,,,,826422,right,yes,None,2025-05-07_09h42.27.900,RL_out-of-scanner,2024.2.4,60.113422014537086,2025-05-07 09h42.37.623452 -0700,
24,0,24,,,,,,,space,10.257397899986245,None,5,0.634347700048238,None,118.32439700001851,k,None,118.75661749998108,118.75701780000236,120.7707857999485,120.7708399000112,121.78516970004421,121.78521770006046,123.28462749999017,0.40172070008702576,None,,,,,,,2,0,2,0,24,0,24,0,900.0453984999331,,,,,,,,,,,,,,,,,,,,,,,,,,,,,,,,,,,,,,,,,,,,,,,,,,,,,,,,118.32439700001851,900.0317372999853,900.0453984999331,900.0453984999331,900.0453984999331,900.0453984999331,,,,,900.4637796999887,k,left,1,7,0,7,91,14,None,118.75661749998108,118.75701780000236,900.4643439999782,900.4783564999234,900.4783564999234,902.4990989000071,902.4990989000071,902.4779950999655,120.7707857999485,120.7708399000112,902.4917897999985,902.4990989000071,902.4990989000071,903.492410399951,stimuli/box_empty_transparent.png,121.78516970004421,121.78521770006046,903.4925379999913,903.5083350000205,905.007945899968,904.9918866000371,123.28462749999017,0.40172070008702576,None,,,,,,,,,,,,826422,right,yes,None,2025-05-07_09h42.27.900,RL_out-of-scanner,2024.2.4,60.113422014537086,2025-05-07 09h42.37.623452 -0700,
25,0,25,,,,,,,space,10.257397899986245,None,5,0.634347700048238,None,123.28608760004863,j,None,123.66903220000677,123.66951579996385,124.68371010001283,124.68376329995226,125.69896119995974,125.69904560002033,129.213328700047,0.3557835998944938,None,,,,,,,2,0,2,0,25,0,25,0,905.007945899968,,,,,,,,,,,,,,,,,,,,,,,,,,,,,,,,,,,,,,,,,,,,,,,,,,,,,,,,123.28608760004863,904.993405599962,905.007945899968,905.007945899968,905.007945899968,905.007945899968,,,,,905.3761368999258,j,left,1,7,1,7,92,15,None,123.66903220000677,123.66951579996385,905.3768454999663,905.3911836999469,905.3911836999469,906.4156090000179,906.4156090000179,906.3909225999378,124.68371010001283,124.68376329995226,906.4082366999937,906.4156090000179,906.4156090000179,907.4061966999434,stimuli/box_coin_transparent.png,125.69896119995974,125.69904560002033,907.4063697999809,907.4221110999351,910.936650199932,910.9205464000115,129.213328700047,0.3557835998944938,None,,,,,,,,,,,,826422,right,yes,None,2025-05-07_09h42.27.900,RL_out-of-scanner,2024.2.4,60.113422014537086,2025-05-07 09h42.37.623452 -0700,
26,0,26,,,,,,,space,10.257397899986245,None,5,0.634347700048238,None,129.21581429999787,k,None,129.68135359999724,129.6817576000467,130.1796095999889,130.17966579995118,131.19471680000424,131.1947661000304,134.70847489999142,0.4392271999968216,None,,,,,,,2,0,2,0,26,0,26,0,910.936650199932,,,,,,,,,,,,,,,,,,,,,,,,,,,,,,,,,,,,,,,,,,,,,,,,,,,,,,,,129.21581429999787,910.9231572999852,910.936650199932,910.936650199932,910.936650199932,910.936650199932,,,,,911.3885090999538,k,left,1,7,1,7,92,15,None,129.68135359999724,129.6817576000467,911.3890834000194,911.4035138000036,911.4035138000036,911.9082410000265,911.9082410000265,911.8868169999914,130.1796095999889,130.17966579995118,911.9009136999957,911.9082410000265,911.9082410000265,912.9019590999233,stimuli/box_empty_transparent.png,131.19471680000424,131.1947661000304,912.9020870999666,912.9178560000146,916.4320241999812,916.415721999947,134.70847489999142,0.4392271999968216,None,,,,,,,,,,,,826422,right,yes,None,2025-05-07_09h42.27.900,RL_out-of-scanner,2024.2.4,60.113422014537086,2025-05-07 09h42.37.623452 -0700,
27,0,27,,,,,,,space,10.257397899986245,None,5,0.634347700048238,None,134.71094570006244,j,['j'],135.66001069999766,135.66050640004687,137.15772020001896,137.15777239995077,138.17250780004542,138.17255719995592,139.17205179994926,0.9199547000462189,None,[0.33335229998920113],[0.10435879998840392],,,,,2,0,2,0,27,0,27,0,916.4320241999812,,,,,,,,,,,,,,,,,,,,,,,,,,,,,,,,,,,,,,,,,,,,,,,,,,,,,,,,134.71094570006244,916.4182902999455,916.4320241999812,916.4320241999812,916.4320241999812,916.4320241999812,,,,,917.3671219999669,j,left,1,7,2,7,93,16,['j'],135.66001069999766,135.66050640004687,917.3678369999398,917.38153959997,917.38153959997,918.8892064000247,918.8892064000247,918.8649296000367,137.15772020001896,137.15777239995077,918.8821271000197,918.8892064000247,918.8892064000247,919.8797459999332,stimuli/box_coin_transparent.png,138.17250780004542,138.17255719995592,919.8798736999743,919.8955033000093,920.8953867999371,920.8792981000151,139.17205179994926,0.9199547000462189,None,,,,,,,,[0.33335229998920113],[0.10435879998840392],,,826422,right,yes,None,2025-05-07_09h42.27.900,RL_out-of-scanner,2024.2.4,60.113422014537086,2025-05-07 09h42.37.623452 -0700,
28,0,28,,,,,,,space,10.257397899986245,None,5,0.634347700048238,None,139.17504160001408,j,None,139.5735611000564,139.57405189995188,140.57131519995164,140.5713717000326,141.5861757999519,141.58622369996738,145.10016799997538,0.3683772999793291,None,,,,,,,2,0,2,0,28,0,28,0,920.8953867999371,,,,,,,,,,,,,,,,,,,,,,,,,,,,,,,,,,,,,,,,,,,,,,,,,,,,,,,,139.17504160001408,920.8823848000029,920.8953867999371,920.8953867999371,920.8953867999371,920.8953867999371,,,,,921.2807259999681,j,left,1,7,3,7,94,17,None,139.5735611000564,139.57405189995188,921.281383399968,921.2951635000063,921.2951635000063,922.3030226000119,922.3030226000119,922.2785206999397,140.57131519995164,140.5713717000326,922.2958439999493,922.3030226000119,922.3030226000119,923.2934187999927,stimuli/box_coin_transparent.png,141.5861757999519,141.58622369996738,923.2935438000131,923.3094914000249,926.8240266999928,926.8074190999614,145.10016799997538,0.3683772999793291,None,,,,,,,,,,,,826422,right,yes,None,2025-05-07_09h42.27.900,RL_out-of-scanner,2024.2.4,60.113422014537086,2025-05-07 09h42.37.623452 -0700,
29,0,29,,,,,,,space,10.257397899986245,None,5,0.634347700048238,None,145.1025541999843,j,None,145.4847252999898,145.4851635999512,147.49877990002278,147.49883589998353,148.5140051000053,148.51405230001546,149.51377530000173,0.3572799999965355,None,,,,,,,2,0,2,0,29,0,29,0,926.8240266999928,,,,,,,,,,,,,,,,,,,,,,,,,,,,,,,,,,,,,,,,,,,,,,,,,,,,,,,,145.1025541999843,926.8098939999472,926.8240266999928,926.8240266999928,926.8240266999928,926.8240266999928,,,,,927.1918890000088,j,left,1,7,4,7,95,18,None,145.4847252999898,145.4851635999512,927.1924910999369,927.206821299973,927.206821299973,929.2304021000164,929.2304021000164,929.2059980999911,147.49877990002278,147.49883589998353,929.2232829999411,929.2304021000164,929.2304021000164,930.2212474999251,stimuli/box_coin_transparent.png,148.5140051000053,148.51405230001546,930.2213725999463,930.2374011999927,931.2374051000224,931.2209928999655,149.51377530000173,0.3572799999965355,None,,,,,,,,,,,,826422,right,yes,None,2025-05-07_09h42.27.900,RL_out-of-scanner,2024.2.4,60.113422014537086,2025-05-07 09h42.37.623452 -0700,
30,0,30,,,,,,,space,10.257397899986245,None,5,0.634347700048238,None,149.5162858000258,j,None,150.04837480001152,150.0488667000318,151.04656849999446,151.04662519996054,152.061235900037,152.06128210003953,153.06081459997222,0.5037475000135601,None,,,,,,,2,0,2,0,30,0,30,0,931.2374051000224,,,,,,,,,,,,,,,,,,,,,,,,,,,,,,,,,,,,,,,,,,,,,,,,,,,,,,,,149.5162858000258,931.22362840001,931.2374051000224,931.2374051000224,931.2374051000224,931.2374051000224,,,,,931.7555372000206,j,left,0,7,4,7,96,18,None,150.04837480001152,150.0488667000318,931.7561966000358,931.7700638999231,931.7700638999231,932.7747148999479,932.7747148999479,932.7537775000092,151.04656849999446,151.04662519996054,932.7676159000257,932.7747148999479,932.7747148999479,933.7684776999522,stimuli/box_empty_transparent.png,152.061235900037,152.06128210003953,933.7686034999788,933.7844289999921,934.7842986999312,934.7680596000282,153.06081459997222,0.5037475000135601,None,,,,,,,,,,,,826422,right,yes,None,2025-05-07_09h42.27.900,RL_out-of-scanner,2024.2.4,60.113422014537086,2025-05-07 09h42.37.623452 -0700,
31,0,31,,,,,,,space,10.257397899986245,None,5,0.634347700048238,None,153.06337570003234,k,None,153.42888769996352,153.4293658999959,156.44210850005038,156.4421643000096,157.45693350001238,157.45698090002406,159.9721860999707,0.34115469991229475,None,,,,,,,2,0,2,0,31,0,31,0,934.7842986999312,,,,,,,,,,,,,,,,,,,,,,,,,,,,,,,,,,,,,,,,,,,,,,,,,,,,,,,,153.06337570003234,934.7707182000158,934.7842986999312,934.7842986999312,934.7842986999312,934.7842986999312,,,,,935.13604449993,k,left,0,7,4,7,96,18,None,153.42888769996352,153.4293658999959,935.1366972000105,935.1506823999807,935.1506823999807,938.1712283999659,938.1712283999659,938.1493110000156,156.44210850005038,156.4421643000096,938.1639433000237,938.1712283999659,938.1712283999659,939.1641753999284,stimuli/box_empty_transparent.png,157.45693350001238,157.45698090002406,939.1643017999595,939.1801472000079,941.6955575000029,941.6794327999232,159.9721860999707,0.34115469991229475,None,,,,,,,,,,,,826422,right,yes,None,2025-05-07_09h42.27.900,RL_out-of-scanner,2024.2.4,60.113422014537086,2025-05-07 09h42.37.623452 -0700,
32,0,32,,,,,,,space,10.257397899986245,None,5,0.634347700048238,None,159.97457429999486,k,None,160.39023430005182,160.3906536999857,161.40434100001585,161.40439579996746,162.42010160000063,162.42014950001612,163.435700800037,0.395509900059551,None,,,,,,,2,0,2,0,32,0,32,0,941.6955575000029,,,,,,,,,,,,,,,,,,,,,,,,,,,,,,,,,,,,,,,,,,,,,,,,,,,,,,,,159.97457429999486,941.6819150999654,941.6955575000029,941.6955575000029,941.6955575000029,941.6955575000029,,,,,942.0973960999399,k,left,0,7,4,7,96,18,None,160.39023430005182,160.3906536999857,942.0979787999531,942.1120061000111,942.1120061000111,943.1335224999348,943.1335224999348,943.1115585999796,161.40434100001585,161.40439579996746,943.1259676000336,943.1335224999348,943.1335224999348,944.1273441000376,stimuli/box_empty_transparent.png,162.42010160000063,162.42014950001612,944.1274705999531,944.1431634000037,945.1591607999289,945.1429508000147,163.435700800037,0.395509900059551,None,,,,,,,,,,,,826422,right,yes,None,2025-05-07_09h42.27.900,RL_out-of-scanner,2024.2.4,60.113422014537086,2025-05-07 09h42.37.623452 -0700,
33,0,33,,,,,,,space,10.257397899986245,None,5,0.634347700048238,None,163.4381129000103,j,None,163.8205393999815,163.8210128999781,165.834475700045,165.8345321000088,166.8502871999517,166.85033469996415,168.36537909996696,0.35617390007246286,None,,,,,,,2,0,2,0,33,0,33,0,945.1591607999289,,,,,,,,,,,,,,,,,,,,,,,,,,,,,,,,,,,,,,,,,,,,,,,,,,,,,,,,163.4381129000103,945.1454538999824,945.1591607999289,945.1591607999289,945.1591607999289,945.1591607999289,,,,,945.5276628999272,j,left,1,7,5,7,97,19,None,163.8205393999815,163.8210128999781,945.5283413999714,945.542730599991,945.542730599991,947.5665606999537,947.5665606999537,947.5416820999235,165.834475700045,165.8345321000088,947.5592061999487,947.5665606999537,947.5665606999537,948.5575292999856,stimuli/box_coin_transparent.png,166.8502871999517,166.85033469996415,948.5576590999262,948.5731619999278,950.0887691000244,950.0726259000367,168.36537909996696,0.35617390007246286,None,,,,,,,,,,,,826422,right,yes,None,2025-05-07_09h42.27.900,RL_out-of-scanner,2024.2.4,60.113422014537086,2025-05-07 09h42.37.623452 -0700,
34,0,34,,,,,,,space,10.257397899986245,None,5,0.634347700048238,None,168.367895900039,j,None,169.15035250002984,169.15085360000376,172.1628632999491,172.1629210000392,173.17776560003404,173.177813300048,175.69333469995763,0.7620504000224173,None,,,,,,,2,0,2,0,34,0,34,0,950.0887691000244,,,,,,,,,,,,,,,,,,,,,,,,,,,,,,,,,,,,,,,,,,,,,,,,,,,,,,,,168.367895900039,950.0752389000263,950.0887691000244,950.0887691000244,950.0887691000244,950.0887691000244,,,,,950.8575143000344,j,left,0,7,5,7,98,19,None,169.15035250002984,169.15085360000376,950.8581837000092,950.8715029000305,950.8715029000305,953.8914495999925,953.8914495999925,953.8700414999621,172.1628632999491,172.1629210000392,953.8841579,953.8914495999925,953.8914495999925,954.8850065999432,stimuli/box_empty_transparent.png,173.17776560003404,173.177813300048,954.8851332999766,954.9011411999818,957.4164264999563,957.4005802000174,175.69333469995763,0.7620504000224173,None,,,,,,,,,,,,826422,right,yes,None,2025-05-07_09h42.27.900,RL_out-of-scanner,2024.2.4,60.113422014537086,2025-05-07 09h42.37.623452 -0700,
35,0,35,,,,,,,space,10.257397899986245,None,5,0.634347700048238,None,175.69580300000962,k,None,176.0114775999682,176.01187409996055,177.52554309996776,177.52559820003808,178.5404079,178.5404563000193,179.55608520004898,0.29543469997588545,None,,,,,,,2,0,2,0,35,0,35,0,957.4164264999563,,,,,,,,,,,,,,,,,,,,,,,,,,,,,,,,,,,,,,,,,,,,,,,,,,,,,,,,175.69580300000962,957.4031465000007,957.4164264999563,957.4164264999563,957.4164264999563,957.4164264999563,,,,,957.7186378999613,k,left,0,7,5,7,98,19,None,176.0114775999682,176.01187409996055,957.7192003999371,957.7328187000239,957.7328187000239,959.2548043000279,959.2548043000279,959.232749799965,177.52554309996776,177.52559820003808,959.2471261000028,959.2548043000279,959.2548043000279,960.247648300021,stimuli/box_empty_transparent.png,178.5404079,178.5404563000193,960.2477772999555,960.2637648999225,961.2797796999803,961.2633317,179.55608520004898,0.29543469997588545,None,,,,,,,,,,,,826422,right,yes,None,2025-05-07_09h42.27.900,RL_out-of-scanner,2024.2.4,60.113422014537086,2025-05-07 09h42.37.623452 -0700,
36,0,36,,,,,,,space,10.257397899986245,None,5,0.634347700048238,None,179.55845849995967,j,None,179.92485309997573,179.92531469999813,181.43883680005092,181.43889190000482,182.45386200002395,182.45391120004933,185.9684586999938,0.34671039995737374,None,,,,,,,2,0,2,0,36,0,36,0,961.2797796999803,,,,,,,,,,,,,,,,,,,,,,,,,,,,,,,,,,,,,,,,,,,,,,,,,,,,,,,,179.55845849995967,961.2657991999295,961.2797796999803,961.2797796999803,961.2797796999803,961.2797796999803,,,,,961.6320137999719,j,left,0,7,5,7,99,19,None,179.92485309997573,179.92531469999813,961.6326423999853,961.6464295999613,961.6464295999613,963.1673451999668,963.1673451999668,963.1460451999446,181.43883680005092,181.43889190000482,963.1600989999715,963.1673451999668,963.1673451999668,964.1611045999452,stimuli/box_empty_transparent.png,182.45386200002395,182.45391120004933,964.1612323999871,964.1772393999854,967.6914570999797,967.6757039999356,185.9684586999938,0.34671039995737374,None,,,,,,,,,,,,826422,right,yes,None,2025-05-07_09h42.27.900,RL_out-of-scanner,2024.2.4,60.113422014537086,2025-05-07 09h42.37.623452 -0700,
37,0,37,,,,,,,space,10.257397899986245,None,5,0.634347700048238,None,185.970929000061,k,None,186.26963730005082,186.2700380999595,188.26642440003343,188.266478799982,189.2823535000207,189.28240260004532,190.28135109995492,0.26933589996770024,None,,,,,,,2,0,2,0,37,0,37,0,967.6914570999797,,,,,,,,,,,,,,,,,,,,,,,,,,,,,,,,,,,,,,,,,,,,,,,,,,,,,,,,185.970929000061,967.6782708999235,967.6914570999797,967.6914570999797,967.6914570999797,967.6914570999797,,,,,967.9768001999473,k,left,0,7,5,7,99,19,None,186.26963730005082,186.2700380999595,967.977363999933,967.9902629000135,967.9902629000135,969.9945250999881,969.9945250999881,969.9736421999987,188.26642440003343,188.266478799982,969.9874214000301,969.9945250999881,969.9945250999881,970.9895949999336,stimuli/box_empty_transparent.png,189.2823535000207,189.28240260004532,970.9897253999952,971.0053485999815,972.0047019999474,971.9885985000292,190.28135109995492,0.26933589996770024,None,,,,,,,,,,,,826422,right,yes,None,2025-05-07_09h42.27.900,RL_out-of-scanner,2024.2.4,60.113422014537086,2025-05-07 09h42.37.623452 -0700,
38,0,38,,,,,,,space,10.257397899986245,None,5,0.634347700048238,None,190.28385859995615,j,None,190.66615499998443,190.6666103999596,191.68080019997433,191.68085610005073,192.69553490006365,192.695583099965,194.1952569000423,0.35984040005132556,None,,,,,,,2,0,2,0,38,0,38,0,972.0047019999474,,,,,,,,,,,,,,,,,,,,,,,,,,,,,,,,,,,,,,,,,,,,,,,,,,,,,,,,190.28385859995615,971.9912001999328,972.0047019999474,972.0047019999474,972.0047019999474,972.0047019999474,,,,,972.3733184000012,j,left,1,7,6,7,100,20,None,190.66615499998443,190.6666103999596,972.3739376999438,972.3879824000178,972.3879824000178,973.4127169999992,973.4127169999992,973.3880080999807,191.68080019997433,191.68085610005073,973.405458800029,973.4127169999992,973.4127169999992,974.4027771999827,stimuli/box_coin_transparent.png,192.69553490006365,192.695583099965,974.4029034000123,974.4189466999378,975.9181365999393,975.9025036999956,194.1952569000423,0.35984040005132556,None,,,,,,,,,,,,826422,right,yes,None,2025-05-07_09h42.27.900,RL_out-of-scanner,2024.2.4,60.113422014537086,2025-05-07 09h42.37.623452 -0700,
39,0,39,,,,,,,space,10.257397899986245,None,5,0.634347700048238,None,194.1977339000441,j,None,195.2793129000347,195.27984630002175,196.2770330000203,196.27709029999096,197.29178059997503,197.2918279999867,198.29140490002465,1.062086799996905,None,,,,,,,2,0,2,0,39,0,39,0,975.9181365999393,,,,,,,,,,,,,,,,,,,,,,,,,,,,,,,,,,,,,,,,,,,,,,,,,,,,,,,,194.1977339000441,975.9050751000177,975.9181365999393,975.9181365999393,975.9181365999393,975.9181365999393,,,,,976.9864741000347,j,left,1,7,7,7,101,21,None,195.2793129000347,195.27984630002175,976.9871753000189,977.000569100026,977.000569100026,978.0093428000109,978.0093428000109,977.9842421000358,196.2770330000203,196.27709029999096,978.0016897999449,978.0093428000109,978.0093428000109,978.9990233000135,stimuli/box_coin_transparent.png,197.29178059997503,197.2918279999867,978.9991481000325,979.0152166000335,980.014827499981,979.9986559000099,198.29140490002465,1.062086799996905,None,,,,,,,,,,,,826422,right,yes,None,2025-05-07_09h42.27.900,RL_out-of-scanner,2024.2.4,60.113422014537086,2025-05-07 09h42.37.623452 -0700,
40,0,40,,,,,,,space,10.257397899986245,None,5,0.634347700048238,None,198.29375960002653,j,None,198.92669570003636,198.92716199997813,200.44079879997298,200.44085480005015,201.45561619999353,201.45566370000597,202.4550554000307,0.6076482000062242,None,,,,,,,2,0,2,0,40,0,40,0,980.014827499981,,,,,,,,,,,,,,,,,,,,,,,,,,,,,,,,,,,,,,,,,,,,,,,,,,,,,,,,198.29375960002653,980.001097899978,980.014827499981,980.014827499981,980.014827499981,980.014827499981,,,,,980.6338568000356,j,right,1,11,0,8,101,21,None,198.92669570003636,198.92716199997813,980.6344909999752,980.6478382999776,980.6478382999776,982.1693542000139,982.1693542000139,982.1480089999968,200.44079879997298,200.44085480005015,982.1620953999227,982.1693542000139,982.1693542000139,983.162858900032,stimuli/box_empty_transparent.png,201.45561619999353,201.45566370000597,983.1629846999422,983.1789892000379,984.178304299945,984.1623018999817,202.4550554000307,0.6076482000062242,None,,,,,,,,,,,,826422,right,yes,None,2025-05-07_09h42.27.900,RL_out-of-scanner,2024.2.4,60.113422014537086,2025-05-07 09h42.37.623452 -0700,
41,0,41,,,,,,,space,10.257397899986245,None,5,0.634347700048238,None,202.4574540000176,k,None,202.8398277000524,202.84023460000753,203.85393250000197,203.85398610006087,204.8694827000145,204.86953070003074,207.8834904000396,0.36310539999976754,None,,,,,,,2,0,2,0,41,0,41,0,984.178304299945,,,,,,,,,,,,,,,,,,,,,,,,,,,,,,,,,,,,,,,,,,,,,,,,,,,,,,,,202.4574540000176,984.1647969000041,984.178304299945,984.178304299945,984.178304299945,984.178304299945,,,,,984.5469873999245,k,right,1,11,1,8,102,22,None,202.8398277000524,202.84023460000753,984.5475602999795,984.5616357999388,984.5616357999388,985.5855535999872,985.5855535999872,985.5611433000304,203.85393250000197,203.85398610006087,985.5784053999232,985.5855535999872,985.5855535999872,986.576724799932,stimuli/box_coin_transparent.png,204.8694827000145,204.86953070003074,986.5768510999624,986.5927418000065,989.6070351999952,989.5907407000195,207.8834904000396,0.36310539999976754,None,,,,,,,,,,,,826422,right,yes,None,2025-05-07_09h42.27.900,RL_out-of-scanner,2024.2.4,60.113422014537086,2025-05-07 09h42.37.623452 -0700,
42,0,42,,,,,,,space,10.257397899986245,None,5,0.634347700048238,None,207.8858735000249,k,None,208.25214750005398,208.25254969997332,210.26544270000886,210.26552010001615,211.28088019997813,211.280927099986,214.7947203000076,0.3369217999279499,None,,,,,,,2,0,2,0,42,0,42,0,989.6070351999952,,,,,,,,,,,,,,,,,,,,,,,,,,,,,,,,,,,,,,,,,,,,,,,,,,,,,,,,207.8858735000249,989.5932136999909,989.6070351999952,989.6070351999952,989.6070351999952,989.6070351999952,,,,,989.9592921999283,k,right,1,11,2,8,103,23,None,208.25214750005398,208.25254969997332,989.9598745999392,989.9737321999855,989.9737321999855,991.9975084000034,991.9975084000034,991.9726557999384,210.26544270000886,210.26552010001615,991.9903845000081,991.9975084000034,991.9975084000034,992.9881235000212,stimuli/box_coin_transparent.png,211.28088019997813,211.280927099986,992.9882472000318,993.0044897999614,996.5184390000068,996.5019663999556,214.7947203000076,0.3369217999279499,None,,,,,,,,,,,,826422,right,yes,None,2025-05-07_09h42.27.900,RL_out-of-scanner,2024.2.4,60.113422014537086,2025-05-07 09h42.37.623452 -0700,
43,0,43,,,,,,,space,10.257397899986245,None,5,0.634347700048238,None,214.79712640005164,k,None,215.11341049999464,215.11385009996593,216.12784400000237,216.12789939995855,217.14275790005922,217.14280619996134,219.1584025999764,0.296074099955149,None,,,,,,,2,0,2,0,43,0,43,0,996.5184390000068,,,,,,,,,,,,,,,,,,,,,,,,,,,,,,,,,,,,,,,,,,,,,,,,,,,,,,,,214.79712640005164,996.5044691000367,996.5184390000068,996.5184390000068,996.5184390000068,996.5184390000068,,,,,996.8205719999969,k,right,1,11,3,8,104,24,None,215.11341049999464,215.11385009996593,996.8211838999996,996.8349212999456,996.8349212999456,997.8589176000096,997.8589176000096,997.8350608999608,216.12784400000237,216.12789939995855,997.8521976999473,997.8589176000096,997.8589176000096,998.8499988999683,stimuli/box_coin_transparent.png,217.14275790005922,217.14280619996134,998.8501266000094,998.865954299923,1000.8816181999864,1000.8656495999312,219.1584025999764,0.296074099955149,None,,,,,,,,,,,,826422,right,yes,None,2025-05-07_09h42.27.900,RL_out-of-scanner,2024.2.4,60.113422014537086,2025-05-07 09h42.37.623452 -0700,
44,0,44,,,,,,,space,10.257397899986245,None,5,0.634347700048238,None,219.16086970001925,j,None,219.57660509995185,219.57710210001096,222.08978479995858,222.0898396000266,223.1045279999962,223.10457780002616,225.11998109996784,0.38471020001452416,None,,,,,,,2,0,2,0,44,0,44,0,1000.8816181999864,,,,,,,,,,,,,,,,,,,,,,,,,,,,,,,,,,,,,,,,,,,,,,,,,,,,,,,,219.16086970001925,1000.8682122000027,1000.8816181999864,1000.8816181999864,1000.8816181999864,1000.8816181999864,,,,,1001.2837683999678,j,right,1,11,3,8,104,24,None,219.57660509995185,219.57710210001096,1001.284432400018,1001.2983709999826,1001.2983709999826,1003.8184066999238,1003.8184066999238,1003.7969940999756,222.08978479995858,222.0898396000266,1003.8112033000216,1003.8184066999238,1003.8184066999238,1004.8117712999228,stimuli/box_empty_transparent.png,223.1045279999962,223.10457780002616,1004.8118983999593,1004.8279364999617,1006.8436496999348,1006.8272243000101,225.11998109996784,0.38471020001452416,None,,,,,,,,,,,,826422,right,yes,None,2025-05-07_09h42.27.900,RL_out-of-scanner,2024.2.4,60.113422014537086,2025-05-07 09h42.37.623452 -0700,
45,0,45,,,,,,,space,10.257397899986245,None,5,0.634347700048238,None,225.12260150001384,k,None,225.45509740000125,225.45550050004385,226.45266950002406,226.45272619999014,227.4681557000149,227.46820340002887,228.48424030002207,0.31373199995141476,None,,,,,,,2,0,2,0,45,0,45,0,1006.8436496999348,,,,,,,,,,,,,,,,,,,,,,,,,,,,,,,,,,,,,,,,,,,,,,,,,,,,,,,,225.12260150001384,1006.829997499939,1006.8436496999348,1006.8436496999348,1006.8436496999348,1006.8436496999348,,,,,1007.162249899935,k,right,1,11,4,8,105,25,None,225.45509740000125,225.45550050004385,1007.162825700012,1007.1766676999396,1007.1766676999396,1008.1837787999539,1008.1837787999539,1008.1598867999855,226.45266950002406,226.45272619999014,1008.1769701000303,1008.1837787999539,1008.1837787999539,1009.1753965999233,stimuli/box_coin_transparent.png,227.4681557000149,227.46820340002887,1009.1755245999666,1009.191483899951,1010.2076090000337,1010.1914862999693,228.48424030002207,0.31373199995141476,None,,,,,,,,,,,,826422,right,yes,None,2025-05-07_09h42.27.900,RL_out-of-scanner,2024.2.4,60.113422014537086,2025-05-07 09h42.37.623452 -0700,
46,0,46,,,,,,,space,10.257397899986245,None,5,0.634347700048238,None,228.48667580005713,k,None,229.7016195000615,229.70203529996797,231.71535690000746,231.71541259996593,232.73023430001922,232.73028260003775,233.72960620000958,1.1912664999254048,None,,,,,,,2,0,2,0,46,0,46,0,1010.2076090000337,,,,,,,,,,,,,,,,,,,,,,,,,,,,,,,,,,,,,,,,,,,,,,,,,,,,,,,,228.48667580005713,1010.1940179000376,1010.2076090000337,1010.2076090000337,1010.2076090000337,1010.2076090000337,,,,,1011.4087814999511,k,right,1,11,5,8,106,26,None,229.7016195000615,229.70203529996797,1011.4093615999445,1011.4232435999438,1011.4232435999438,1013.4471649000188,1013.4471649000188,1013.4225652000168,231.71535690000746,231.71541259996593,1013.4397403999465,1013.4471649000188,1013.4471649000188,1014.4374760999344,stimuli/box_coin_transparent.png,232.73023430001922,232.73028260003775,1014.437603599974,1014.4535097000189,1015.4537550000241,1015.436853799969,233.72960620000958,1.1912664999254048,None,,,,,,,,,,,,826422,right,yes,None,2025-05-07_09h42.27.900,RL_out-of-scanner,2024.2.4,60.113422014537086,2025-05-07 09h42.37.623452 -0700,
47,0,47,,,,,,,space,10.257397899986245,None,5,0.634347700048238,None,233.73198150005192,k,None,234.5642159000272,234.56461470003705,237.5775478000287,237.57760349998716,238.59229950001463,238.59234810003545,240.10812570003327,0.806080500013195,None,,,,,,,2,0,2,0,47,0,47,0,1015.4537550000241,,,,,,,,,,,,,,,,,,,,,,,,,,,,,,,,,,,,,,,,,,,,,,,,,,,,,,,,233.73198150005192,1015.439322900027,1015.4537550000241,1015.4537550000241,1015.4537550000241,1015.4537550000241,,,,,1016.2713796999305,k,right,0,11,5,8,107,26,None,234.5642159000272,234.56461470003705,1016.2719405000098,1016.2860098000383,1016.2860098000383,1019.3056237000274,1019.3056237000274,1019.2847622999689,237.5775478000287,237.57760349998716,1019.2986213000258,1019.3056237000274,1019.3056237000274,1020.2995431999443,stimuli/box_empty_transparent.png,238.59229950001463,238.59234810003545,1020.2996711999876,1020.3157550999895,1021.8319075999316,1021.8153709999751,240.10812570003327,0.806080500013195,None,,,,,,,,,,,,826422,right,yes,None,2025-05-07_09h42.27.900,RL_out-of-scanner,2024.2.4,60.113422014537086,2025-05-07 09h42.37.623452 -0700,
48,0,48,,,,,,,space,10.257397899986245,None,5,0.634347700048238,None,240.11061590001918,j,None,240.55987979995552,240.56036999996286,242.073551199981,242.07360620005056,243.0888385999715,243.08888940000907,246.6029902000446,0.4282670000102371,None,,,,,,,2,0,2,0,48,0,48,0,1021.8319075999316,,,,,,,,,,,,,,,,,,,,,,,,,,,,,,,,,,,,,,,,,,,,,,,,,,,,,,,,240.11061590001918,1021.8179597000126,1021.8319075999316,1021.8319075999316,1021.8319075999316,1021.8319075999316,,,,,1022.2670427999692,j,right,0,11,5,8,107,26,None,240.55987979995552,240.56036999996286,1022.2676996999653,1022.2813031999394,1022.2813031999394,1023.8020396999782,1023.8020396999782,1023.7807551999576,242.073551199981,242.07360620005056,1023.7948584000114,1023.8020396999782,1023.8020396999782,1024.7960665000137,stimuli/box_empty_transparent.png,243.0888385999715,243.08888940000907,1024.796212999965,1024.8121827000286,1028.326405199943,1028.310236899997,246.6029902000446,0.4282670000102371,None,,,,,,,,,,,,826422,right,yes,None,2025-05-07_09h42.27.900,RL_out-of-scanner,2024.2.4,60.113422014537086,2025-05-07 09h42.37.623452 -0700,
49,0,49,,,,,,,space,10.257397899986245,None,5,0.634347700048238,None,246.6055456000613,k,None,246.93838359997608,246.93878650001716,248.43585739994887,248.43591410003137,249.45028890005779,249.45036540005822,249.4512319000205,0.31638590001966804,None,,,,,,,2,0,2,0,49,0,49,0,1028.326405199943,,,,,,,,,,,,,,,,,,,,,,,,,,,,,,,,,,,,,,,,,,,,,,,,,,,,,,,,246.6055456000613,1028.3128884999314,1028.326405199943,1028.326405199943,1028.326405199943,1028.326405199943,,,,,1028.6455452999799,k,right,0,11,5,8,108,26,None,246.93838359997608,246.93878650001716,1028.6461127999937,1028.6596281999955,1028.6596281999955,1030.1642245999537,1030.1642245999537,1030.1430589000229,248.43585739994887,248.43591410003137,1030.156870399951,1030.1642245999537,1030.1642245999537,1031.1575308999745,stimuli/box_empty_transparent.png,249.45028890005779,249.45036540005822,1031.1576867999975,1031.1942426000023,1031.1942426000023,1031.1584869000362,249.4512319000205,0.31638590001966804,None,,,,,,,,,,,,826422,right,yes,None,2025-05-07_09h42.27.900,RL_out-of-scanner,2024.2.4,60.113422014537086,2025-05-07 09h42.37.623452 -0700,
2,0,2,,,,,,,space,10.257397899986245,None,5,0.634347700048238,None,,,,,,,,,,,,,,,,,,,2,0,2,0,,,,,,,,,,,,,,,,,,,,,,,,,,,,,,,,,,,,,,,,,,,,,,,,,,,,,,,,,,,,,,,,,,,,,,,,,,,,,,,,,,,,,,,,,,,,,,,,,,,,,,,,,1031.1889819999924,1031.1942426000023,1035.1708152999636,1035.1709034999367,1035.187995599932,1086.7960769999772,1086.7804889000254,,,,,826422,right,yes,None,2025-05-07_09h42.27.900,RL_out-of-scanner,2024.2.4,60.113422014537086,2025-05-07 09h42.37.623452 -0700,
,,,,,,,,,,,,,,,,,,,,,,,,,,,,,,,,,,,,,,,,,,,,,,,,,,,,,,,,,,,,,,,,,,,,,,,,,,,,,,,,,,,,,,,,,,,,,,,,,,,,,,,,,,,,,,,,,,,,,,,,,,,,,,,,,,,,,,,,,,,,,,,,,,,,,,1086.7806755999336,1086.7812394000357,826422,right,yes,None,2025-05-07_09h42.27.900,RL_out-of-scanner,2024.2.4,60.113422014537086,2025-05-07 09h42.37.623452 -0700,
