thisN,thisTrialN,thisRepN,advance_press.keys,advance_press.rt,advance_press.duration,trigger_value.keys,trigger_value.rt,trigger_value.duration,cueOnTime,cue_resp.keys,cue_resp.rt,cue_resp.duration,all_keys.keys,cueOffTime,cueRespOnTime,cueRespOffTime,outcomeOnTime,outcomeOffTime,fixOnTime,fixOffTime,all_keys.rt,all_keys.duration,practice_loop.thisRepN,practice_loop.thisTrialN,practice_loop.thisN,practice_loop.thisIndex,runs.thisRepN,runs.thisTrialN,runs.thisN,runs.thisIndex,trials.thisRepN,trials.thisTrialN,trials.thisN,trials.thisIndex,thisRow.t,notes,prac_dir.started,welcome_text.started,advance_press_pd.started,prac_dir.stopped,advance_press_pd.keys,advance_press_pd.rt,advance_press_pd.duration,summary_instructions.started,summary_text.started,advance_to_runs.started,summary_instructions.stopped,advance_to_runs.keys,advance_to_runs.rt,advance_to_runs.duration,get_ready.started,get_ready_text.started,advance_press.started,get_ready.stopped,runs.advance_press.keys,runs.advance_press.rt,runs.advance_press.duration,scanner_trigger.started,scanner_text.started,trigger_value.started,scanner_trigger.stopped,runs.trigger_value.keys,runs.trigger_value.rt,runs.trigger_value.duration,trials.cueOnTime,cue.started,left_box.started,right_box.started,cue_resp.started,all_keys.started,cue.stopped,trials.cue_resp.keys,trials.cue_resp.rt,trials.cue_resp.duration,good_side,probability_sequence_value,magic_number,num_rewarded,num_switch,total_correct,num_gold_coins,trials.all_keys.keys,trials.cueOffTime,trials.cueRespOnTime,cue_response.started,left_box_response.started,right_box_response.started,left_box_response.stopped,right_box_response.stopped,cue_response.stopped,trials.cueRespOffTime,trials.outcomeOnTime,outcome.started,outcome_left_box.started,outcome_right_box.started,outcome_left_box.stopped,outcome_right_box.stopped,outcome.stopped,outcome_image,trials.outcomeOffTime,trials.fixOnTime,fixation.started,fixation_cross.started,fixation_cross.stopped,fixation.stopped,trials.fixOffTime,trials.all_keys.rt,trials.all_keys.duration,run_feedback.started,coins_won_text.started,run_feedback.stopped,leftover_time_break.started,fixation_end.started,fixation_end.stopped,leftover_time_break.stopped,left_box.stopped,right_box.stopped,cue_resp.stopped,all_keys.stopped,end_exp.started,end_exp.stopped,participant,handedness,practice,restart_from_run,date,expName,psychopyVersion,frameRate,expStart,
,,,,,,,,,,,,,,,,,,,,,,,,,,,,,,,,,,,,,0.03239039983600378,0.03779800049960613,0.03779800049960613,45.79583920072764,j,45.7479716995731,None,,,,,,,,,,,,,,,,,,,,,,,,,,,,,,,,,,,,,,,,,,,,,,,,,,,,,,,,,,,,,,,,,,,,,,,,,,,,,,,77777,right,no,None,2025-05-21_13h12.07.863,RL_out-of-scanner,2024.2.4,60.0937703897127,2025-05-21 13h12.39.206334 -0500,
,,,,,,,,,,,,,,,,,,,,,,,,,,,,,,,,,,,,,,,,,,,,45.796180500648916,45.805429900065064,45.805429900065064,60.70603900030255,j,14.893697200343013,None,,,,,,,,,,,,,,,,,,,,,,,,,,,,,,,,,,,,,,,,,,,,,,,,,,,,,,,,,,,,,,,,,,,,,,,,77777,right,no,None,2025-05-21_13h12.07.863,RL_out-of-scanner,2024.2.4,60.0937703897127,2025-05-21 13h12.39.206334 -0500,
0,0,0,space,4.109915900044143,None,5,7.605671299621463,None,0.0023990003392100334,j,0.5289837997406721,None,None,0.55047080013901,0.5507629001513124,1.549936099909246,1.5499725006520748,2.5502482000738382,2.550279300659895,4.549716800451279,,,,,,,0,0,0,0,0,0,0,0,72.4882127000019,,,,,,,,,,,,,,,,60.706542500294745,60.721219800412655,60.721219800412655,64.84002820029855,space,4.109915900044143,None,64.84010630007833,64.85569099988788,64.85569099988788,72.47176290024072,5,7.605671299621463,None,0.0023990003392100334,72.47423310019076,72.4882127000019,72.4882127000019,72.4882127000019,72.4882127000019,73.02222640067339,j,0.5289837997406721,None,right,1,13,0,0,0,0,None,0.55047080013901,0.5507629001513124,73.02259160019457,73.03803580068052,73.03803580068052,74.0385802006349,74.0385802006349,74.02170740067959,1.549936099909246,1.5499725006520748,74.0289550004527,74.0385802006349,74.0385802006349,75.03753050044179,75.03753050044179,75.02203700039536,stimuli/box_empty_transparent.png,2.5502482000738382,2.550279300659895,75.0221057003364,75.03753050044179,77.03816100023687,77.02149910014123,4.549716800451279,,,,,,,,,,,,,,,,77777,right,no,None,2025-05-21_13h12.07.863,RL_out-of-scanner,2024.2.4,60.0937703897127,2025-05-21 13h12.39.206334 -0500,
1,0,1,space,4.109915900044143,None,5,7.605671299621463,None,4.551556100137532,k,0.2639504997059703,None,None,4.834828500635922,4.835146999917924,6.333612600341439,6.333660500124097,7.349646700546145,7.349677400663495,8.849663999862969,,,,,,,0,0,0,0,1,0,1,0,77.03816100023687,,,,,,,,,,,,,,,,,,,,,,,,,,,,,,4.551556100137532,77.02341760043055,77.03816100023687,77.03816100023687,77.03816100023687,77.03816100023687,77.30656679999083,k,0.2639504997059703,None,right,1,13,1,0,1,1,None,4.834828500635922,4.835146999917924,77.30699180066586,77.32167700026184,77.32167700026184,78.82262810040265,78.82262810040265,78.80536390002817,6.333612600341439,6.333660500124097,78.81478620041162,78.82262810040265,78.82262810040265,,,79.82142669986933,stimuli/box_coin_transparent.png,7.349646700546145,7.349677400663495,79.82150499988347,79.83803360071033,81.33857110049576,81.3214495005086,8.849663999862969,,,,,,,,,,,,,,,,77777,right,no,None,2025-05-21_13h12.07.863,RL_out-of-scanner,2024.2.4,60.0937703897127,2025-05-21 13h12.39.206334 -0500,
2,0,2,space,4.109915900044143,None,5,7.605671299621463,None,8.851344699971378,k,0.533988299779594,None,None,9.417397700250149,9.417814400047064,10.416547000408173,10.416581200435758,11.416714600287378,11.41675310023129,14.415817400440574,,,,,,,0,0,0,0,2,0,2,0,81.33857110049576,,,,,,,,,,,,,,,,,,,,,,,,,,,,,,8.851344699971378,81.32318890001625,81.33857110049576,81.33857110049576,81.33857110049576,81.33857110049576,81.88912039995193,k,0.533988299779594,None,right,0,13,1,0,2,1,None,9.417397700250149,9.417814400047064,81.88965690042824,81.90488850045949,81.90488850045949,82.90509770065546,82.90509770065546,82.88831850048155,10.416547000408173,10.416581200435758,82.8968144999817,82.90509770065546,82.90509770065546,83.90428090002388,83.90428090002388,83.88849980011582,stimuli/box_empty_transparent.png,11.416714600287378,11.41675310023129,83.888582800515,83.90428090002388,86.90761139988899,86.88760109990835,14.415817400440574,,,,,,,,,,,,,,,,77777,right,no,None,2025-05-21_13h12.07.863,RL_out-of-scanner,2024.2.4,60.0937703897127,2025-05-21 13h12.39.206334 -0500,
3,0,3,space,4.109915900044143,None,5,7.605671299621463,None,14.417502299882472,j,0.2930215997621417,None,None,14.734315400011837,14.734714900143445,16.73341920040548,16.733464900404215,17.74985030014068,17.749884500168264,18.74956599995494,,,,,,,0,0,0,0,3,0,3,0,86.90761139988899,,,,,,,,,,,,,,,,,,,,,,,,,,,,,,14.417502299882472,86.88933979999274,86.90761139988899,86.90761139988899,86.90761139988899,86.90761139988899,87.20604149997234,j,0.2930215997621417,None,right,0,13,1,0,2,1,None,14.734315400011837,14.734714900143445,87.20656340010464,87.22114080004394,87.22114080004394,89.22237940039486,89.22237940039486,89.2051754007116,16.73341920040548,16.733464900404215,89.21406150050461,89.22237940039486,89.22237940039486,,,90.22163179982454,stimuli/box_empty_transparent.png,17.74985030014068,17.749884500168264,90.22171860001981,90.23722309991717,91.23757120035589,91.22135040070862,18.74956599995494,,,,,,,,,,,,,,,,77777,right,no,None,2025-05-21_13h12.07.863,RL_out-of-scanner,2024.2.4,60.0937703897127,2025-05-21 13h12.39.206334 -0500,
4,0,4,space,4.109915900044143,None,5,7.605671299621463,None,18.75126050040126,k,0.5314560998231173,None,None,19.300940100103617,19.301185900345445,20.299825600348413,20.299870500341058,21.299790600314736,21.29982480034232,23.799300599843264,,,,,,,0,0,0,0,4,0,4,0,91.23757120035589,,,,,,,,,,,,,,,,,,,,,,,,,,,,,,18.75126050040126,91.22310070041567,91.23757120035589,91.23757120035589,91.23757120035589,91.23757120035589,91.77269560005516,k,0.5314560998231173,None,right,1,13,2,0,3,2,None,19.300940100103617,19.301185900345445,91.77301899995655,91.78766989987344,91.78766989987344,92.78847390040755,92.78847390040755,92.7715838002041,20.299825600348413,20.299870500341058,92.78175299987197,92.78847390040755,92.78847390040755,93.78707419987768,93.78707419987768,93.77157060056925,stimuli/box_coin_transparent.png,21.299790600314736,21.29982480034232,93.77166520059109,93.78707419987768,96.28758340049535,96.27108930051327,23.799300599843264,,,,,,,,,,,,,,,,77777,right,no,None,2025-05-21_13h12.07.863,RL_out-of-scanner,2024.2.4,60.0937703897127,2025-05-21 13h12.39.206334 -0500,
5,0,5,space,4.109915900044143,None,5,7.605671299621463,None,23.800892599858344,k,0.2978835003450513,None,None,24.117171400226653,24.11749320011586,27.616157799959183,27.6161996005103,28.632594800554216,28.632625999860466,30.631979200057685,,,,,,,0,0,0,0,5,0,5,0,96.28758340049535,,,,,,,,,,,,,,,,,,,,,,,,,,,,,,23.800892599858344,96.2727329004556,96.28758340049535,96.28758340049535,96.28758340049535,96.28758340049535,96.58892550040036,k,0.2978835003450513,None,right,1,13,3,0,4,3,None,24.117171400226653,24.11749320011586,96.5893406001851,96.60416659992188,96.60416659992188,100.10492790024728,100.10492790024728,100.0879190005362,27.616157799959183,27.6161996005103,100.09841820038855,100.10492790024728,100.10492790024728,,,101.104378500022,stimuli/box_coin_transparent.png,28.632594800554216,28.632625999860466,101.104457099922,101.120741000399,103.12065920047462,103.10376329999417,30.631979200057685,,,,,,,,,,,,,,,,77777,right,no,None,2025-05-21_13h12.07.863,RL_out-of-scanner,2024.2.4,60.0937703897127,2025-05-21 13h12.39.206334 -0500,
6,0,6,space,4.109915900044143,None,5,7.605671299621463,None,30.63388179987669,k,0.2539517004042864,None,None,30.916622799821198,30.916844400577247,31.91593880020082,31.91598550044,32.91593400016427,32.91596870031208,33.915501000359654,,,,,,,0,0,0,0,6,0,6,0,103.12065920047462,,,,,,,,,,,,,,,,,,,,,,,,,,,,,,30.63388179987669,103.10572620015591,103.12065920047462,103.12065920047462,103.12065920047462,103.12065920047462,103.38837790023535,k,0.2539517004042864,None,right,1,13,4,0,5,4,None,30.916622799821198,30.916844400577247,103.38867550063878,103.40392760001123,103.40392760001123,104.40451890043914,104.40451890043914,104.38769040070474,31.91593880020082,31.91598550044,104.3970493003726,104.40451890043914,104.40451890043914,105.40345490071923,105.40345490071923,105.38771590031683,stimuli/box_coin_transparent.png,32.91593400016427,32.91596870031208,105.38780240062624,105.40345490071923,106.40393420029432,106.38728180062026,33.915501000359654,,,,,,,,,,,,,,,,77777,right,no,None,2025-05-21_13h12.07.863,RL_out-of-scanner,2024.2.4,60.0937703897127,2025-05-21 13h12.39.206334 -0500,
7,0,7,space,4.109915900044143,None,5,7.605671299621463,None,33.91705560032278,k,0.30170360021293163,None,None,34.23614720068872,34.23638970032334,36.23254710063338,36.232586700469255,37.23244039993733,37.232470099814236,39.23206310067326,,,,,,,0,0,0,0,7,0,7,0,106.40393420029432,,,,,,,,,,,,,,,,,,,,,,,,,,,,,,33.91705560032278,106.38888899981976,106.40393420029432,106.40393420029432,106.40393420029432,106.40393420029432,106.70790520031005,k,0.30170360021293163,None,right,1,13,5,0,6,5,None,34.23614720068872,34.23638970032334,106.70821690000594,106.7204686999321,106.7204686999321,108.72096930071712,108.72096930071712,108.7043150998652,36.23254710063338,36.232586700469255,108.71392140071839,108.72096930071712,108.72096930071712,109.72027260065079,109.72027260065079,109.70422490034252,stimuli/box_coin_transparent.png,37.23244039993733,37.232470099814236,109.70429950021207,109.72027260065079,111.72044950071722,111.70384770072997,39.23206310067326,,,,,,,,,,,,,,,,77777,right,no,None,2025-05-21_13h12.07.863,RL_out-of-scanner,2024.2.4,60.0937703897127,2025-05-21 13h12.39.206334 -0500,
8,0,8,space,4.109915900044143,None,5,7.605671299621463,None,39.23332270048559,k,0.27198030054569244,None,None,39.53369120042771,39.533948600292206,42.532182400114834,42.53221670072526,43.53216189984232,43.53220290038735,45.03157320059836,,,,,,,0,0,0,0,8,0,8,0,111.72044950071722,,,,,,,,,,,,,,,,,,,,,,,,,,,,,,39.23332270048559,111.70515390019864,111.72044950071722,111.72044950071722,111.72044950071722,111.72044950071722,112.00543559994549,k,0.27198030054569244,None,right,0,13,5,0,7,5,None,39.53369120042771,39.533948600292206,112.00578770041466,112.0204175002873,112.0204175002873,115.02069339994341,115.02069339994341,115.00395620055497,42.532182400114834,42.53221670072526,115.01086280029267,115.02069339994341,115.02069339994341,116.01949430070817,116.01949430070817,116.00394210033119,stimuli/box_empty_transparent.png,43.53216189984232,43.53220290038735,116.00405200012028,116.01949430070817,117.52001230046153,117.50335959997028,45.03157320059836,,,,,,,,,,,,,,,,77777,right,no,None,2025-05-21_13h12.07.863,RL_out-of-scanner,2024.2.4,60.0937703897127,2025-05-21 13h12.39.206334 -0500,
9,0,9,space,4.109915900044143,None,5,7.605671299621463,None,45.03328640013933,j,0.459485299885273,None,None,45.51595710031688,45.51625320035964,47.01831120066345,47.01835620030761,48.01558180060238,48.015608300454915,50.01502300053835,,,,,,,0,0,0,0,9,0,9,0,117.52001230046153,,,,,,,,,,,,,,,,,,,,,,,,,,,,,,45.03328640013933,117.5051218001172,117.52001230046153,117.52001230046153,117.52001230046153,117.52001230046153,117.98769930005074,j,0.459485299885273,None,right,0,13,5,0,7,5,None,45.51595710031688,45.51625320035964,117.98808579985052,118.003517200239,118.003517200239,119.50395710021257,119.50395710021257,119.49007070064545,47.01831120066345,47.01835620030761,119.49793259985745,119.50395710021257,119.50395710021257,120.50295040011406,120.50295040011406,120.48736920021474,stimuli/box_empty_transparent.png,48.01558180060238,48.015608300454915,120.4874342000112,120.50295040011406,122.5034403000027,122.48681190051138,50.01502300053835,,,,,,,,,,,,,,,,77777,right,no,None,2025-05-21_13h12.07.863,RL_out-of-scanner,2024.2.4,60.0937703897127,2025-05-21 13h12.39.206334 -0500,
10,0,10,space,4.109915900044143,None,5,7.605671299621463,None,50.01640580035746,k,0.3684533992782235,None,None,50.41582390014082,50.416086699813604,51.91546769998968,51.91550120059401,52.91503440029919,52.91506110038608,53.915061600506306,,,,,,,0,0,0,0,10,0,10,0,122.5034403000027,,,,,,,,,,,,,,,,,,,,,,,,,,,,,,50.01640580035746,122.48825110029429,122.5034403000027,122.5034403000027,122.5034403000027,122.5034403000027,122.8875649003312,k,0.3684533992782235,None,right,1,13,6,0,8,6,None,50.41582390014082,50.416086699813604,122.88792200013995,122.90329120028764,122.90329120028764,124.40379930008203,124.40379930008203,124.38723830040544,51.91546769998968,51.91550120059401,124.39560880046338,124.40379930008203,124.40379930008203,125.40269909985363,125.40269909985363,125.38682220038027,stimuli/box_coin_transparent.png,52.91503440029919,52.91506110038608,125.38688699994236,125.40269909985363,126.40323690045625,126.38684959989041,53.915061600506306,,,,,,,,,,,,,,,,77777,right,no,None,2025-05-21_13h12.07.863,RL_out-of-scanner,2024.2.4,60.0937703897127,2025-05-21 13h12.39.206334 -0500,
11,0,11,space,4.109915900044143,None,5,7.605671299621463,None,53.91702370066196,k,0.5919721005484462,None,None,54.532892500050366,54.53319030068815,56.53198910038918,56.5320218000561,57.531979200430214,57.532010099850595,59.031179000623524,,,,,,,0,0,0,0,11,0,11,0,126.40323690045625,,,,,,,,,,,,,,,,,,,,,,,,,,,,,,53.91702370066196,126.3888699002564,126.40323690045625,126.40323690045625,126.40323690045625,126.40323690045625,127.00461760070175,k,0.5919721005484462,None,right,1,13,7,0,9,7,None,54.532892500050366,54.53319030068815,127.00503080058843,127.02006600052118,127.02006600052118,129.0203632004559,129.0203632004559,129.0037596002221,56.53198910038918,56.5320218000561,129.01283210050315,129.0203632004559,129.0203632004559,130.01974370051175,130.01974370051175,130.00376550015062,stimuli/box_coin_transparent.png,57.531979200430214,57.532010099850595,130.00384090002626,130.01974370051175,131.51973580010235,131.50296880025417,59.031179000623524,,,,,,,,,,,,,,,,77777,right,no,None,2025-05-21_13h12.07.863,RL_out-of-scanner,2024.2.4,60.0937703897127,2025-05-21 13h12.39.206334 -0500,
12,0,12,space,4.109915900044143,None,5,7.605671299621463,None,59.03248819988221,k,0.8266135007143021,None,None,59.882650500163436,59.88288290053606,60.88153940066695,60.8815747005865,61.88179610017687,61.88182280026376,64.88175760023296,,,,,,,0,0,0,0,12,0,12,0,131.51973580010235,,,,,,,,,,,,,,,,,,,,,,,,,,,,,,59.03248819988221,131.50432230066508,131.51973580010235,131.51973580010235,131.51973580010235,131.51973580010235,132.35440380033106,k,0.8266135007143021,None,right,1,13,8,0,10,8,None,59.882650500163436,59.88288290053606,132.35471800062805,132.36976230051368,132.36976230051368,133.37002519983798,133.37002519983798,133.35330739989877,60.88153940066695,60.8815747005865,133.36099790036678,133.37002519983798,133.37002519983798,134.36915510054678,134.36915510054678,134.35358600039035,stimuli/box_coin_transparent.png,61.88179610017687,61.88182280026376,134.35364990029484,134.36915510054678,137.36947169993073,137.35354240052402,64.88175760023296,,,,,,,,,,,,,,,,77777,right,no,None,2025-05-21_13h12.07.863,RL_out-of-scanner,2024.2.4,60.0937703897127,2025-05-21 13h12.39.206334 -0500,
13,0,13,space,4.109915900044143,None,5,7.605671299621463,None,64.88319389987737,k,0.7075487999245524,None,None,65.61591889988631,65.61619060020894,66.11527850013226,66.11532580014318,67.11477620061487,67.11480510048568,69.11448460072279,,,,,,,0,0,0,0,13,0,13,0,137.36947169993073,,,,,,,,,,,,,,,,,,,,,,,,,,,,,,64.88319389987737,137.3550312006846,137.36947169993073,137.36947169993073,137.36947169993073,137.36947169993073,138.0876553002745,k,0.7075487999245524,None,right,1,13,9,0,11,9,None,65.61591889988631,65.61619060020894,138.08802259992808,138.10338120069355,138.10338120069355,138.60350000020117,138.60350000020117,138.58703830000013,66.11527850013226,66.11532580014318,138.59772330056876,138.60350000020117,138.60350000020117,139.60236540064216,139.60236540064216,139.58656320068985,stimuli/box_coin_transparent.png,67.11477620061487,67.11480510048568,139.58663310017437,139.60236540064216,141.6027358006686,141.58627350069582,69.11448460072279,,,,,,,,,,,,,,,,77777,right,no,None,2025-05-21_13h12.07.863,RL_out-of-scanner,2024.2.4,60.0937703897127,2025-05-21 13h12.39.206334 -0500,
14,0,14,space,4.109915900044143,None,5,7.605671299621463,None,69.11580660007894,k,0.8782381992787123,None,None,70.01535699982196,70.01558220013976,71.51523650065064,71.5152681004256,72.53092550020665,72.53095920011401,73.53054810035974,,,,,,,0,0,0,0,14,0,14,0,141.6027358006686,,,,,,,,,,,,,,,,,,,,,,,,,,,,,,69.11580660007894,141.58763600047678,141.6027358006686,141.6027358006686,141.6027358006686,141.6027358006686,142.48710220027715,k,0.8782381992787123,None,right,1,13,10,0,12,10,None,70.01535699982196,70.01558220013976,142.48741149995476,142.50275730062276,142.50275730062276,144.00533299986273,144.00533299986273,143.9870071001351,71.51523650065064,71.5152681004256,143.9949203003198,144.00533299986273,144.00533299986273,,,145.00270720012486,stimuli/box_coin_transparent.png,72.53092550020665,72.53095920011401,145.0027914000675,145.0187231004238,146.01921680010855,146.00233789999038,73.53054810035974,,,,,,,,,,,,,,,,77777,right,no,None,2025-05-21_13h12.07.863,RL_out-of-scanner,2024.2.4,60.0937703897127,2025-05-21 13h12.39.206334 -0500,
15,0,15,space,4.109915900044143,None,5,7.605671299621463,None,73.53184359986335,k,0.2963765002787113,None,None,73.84835830051452,73.84861799981445,74.84787190053612,74.84791829995811,75.84792350046337,75.847950800322,77.84728949982673,,,,,,,0,0,0,0,15,0,15,0,146.01921680010855,,,,,,,,,,,,,,,,,,,,,,,,,,,,,,73.53184359986335,146.00367590039968,146.01921680010855,146.01921680010855,146.01921680010855,146.01921680010855,146.3200893001631,k,0.2963765002787113,None,right,1,13,11,0,13,11,None,73.84835830051452,73.84861799981445,146.32045030035079,146.33590890001506,146.33590890001506,147.3363495003432,147.3363495003432,147.31964400038123,74.84787190053612,74.84791829995811,147.3288763007149,147.3363495003432,147.3363495003432,148.33529500011355,148.33529500011355,148.31971130054444,stimuli/box_coin_transparent.png,75.84792350046337,75.847950800322,148.31977690011263,148.33529500011355,150.335691800341,150.31907280068845,77.84728949982673,,,,,,,,,,,,,,,,77777,right,no,None,2025-05-21_13h12.07.863,RL_out-of-scanner,2024.2.4,60.0937703897127,2025-05-21 13h12.39.206334 -0500,
16,0,16,space,4.109915900044143,None,5,7.605671299621463,None,77.84883600007743,k,0.3099213996902108,None,None,78.18150650057942,78.18172730039805,80.18116670008749,80.18121619988233,81.18083760049194,81.18086900003254,82.180634399876,,,,,,,0,0,0,0,16,0,16,0,150.335691800341,,,,,,,,,,,,,,,,,,,,,,,,,,,,,,77.84883600007743,150.32066449988633,150.335691800341,150.335691800341,150.335691800341,150.335691800341,150.65326150041074,k,0.3099213996902108,None,right,0,13,11,0,14,11,None,78.18150650057942,78.18172730039805,150.65355370007455,150.66919879987836,150.66919879987836,152.66962910071015,152.66962910071015,152.65292390063405,80.18116670008749,80.18121619988233,152.66084390040487,152.66962910071015,152.66962910071015,153.6684563998133,153.6684563998133,153.65262600034475,stimuli/box_empty_transparent.png,81.18083760049194,81.18086900003254,153.6526981005445,153.6684563998133,154.6689122999087,154.65242290031165,82.180634399876,,,,,,,,,,,,,,,,77777,right,no,None,2025-05-21_13h12.07.863,RL_out-of-scanner,2024.2.4,60.0937703897127,2025-05-21 13h12.39.206334 -0500,
17,0,17,space,4.109915900044143,None,5,7.605671299621463,None,82.18213040009141,j,0.6344734001904726,None,None,82.84817459993064,82.8484669001773,83.84778110031039,83.84783310070634,84.84792220033705,84.84795359987766,85.84718120004982,,,,,,,0,0,0,0,17,0,17,0,154.6689122999087,,,,,,,,,,,,,,,,,,,,,,,,,,,,,,82.18213040009141,154.6539626000449,154.6689122999087,154.6689122999087,154.6689122999087,154.6689122999087,155.31990659981966,j,0.6344734001904726,None,right,0,13,11,0,14,11,None,82.84817459993064,82.8484669001773,155.32029560022056,155.33566530048847,155.33566530048847,156.33630300033838,156.33630300033838,156.31953470036387,83.84778110031039,83.84783310070634,156.32748670037836,156.33630300033838,156.33630300033838,157.3352153999731,157.3352153999731,157.3197103999555,stimuli/box_empty_transparent.png,84.84792220033705,84.84795359987766,157.31978540029377,157.3352153999731,158.33558449987322,158.31896330043674,85.84718120004982,,,,,,,,,,,,,,,,77777,right,no,None,2025-05-21_13h12.07.863,RL_out-of-scanner,2024.2.4,60.0937703897127,2025-05-21 13h12.39.206334 -0500,
18,0,18,space,4.109915900044143,None,5,7.605671299621463,None,85.84896040055901,k,0.4759896006435156,None,None,86.34821770060807,86.34845340065658,89.84741780068725,89.84746280033141,90.84755600057542,90.8475927002728,92.84686490055174,,,,,,,0,0,0,0,18,0,18,0,158.33558449987322,,,,,,,,,,,,,,,,,,,,,,,,,,,,,,85.84896040055901,158.32080870028585,158.33558449987322,158.33558449987322,158.33558449987322,158.33558449987322,158.81997200008482,k,0.4759896006435156,None,right,1,13,12,0,15,12,None,86.34821770060807,86.34845340065658,158.8202857002616,158.83553769998252,158.83553769998252,162.33625739999115,162.33625739999115,162.31916800048202,89.84741780068725,89.84746280033141,162.32751710060984,162.33625739999115,162.33625739999115,163.3348702006042,163.3348702006042,163.3193442998454,stimuli/box_coin_transparent.png,90.84755600057542,90.8475927002728,163.31942960061133,163.3348702006042,165.33528230059892,165.31864900048822,92.84686490055174,,,,,,,,,,,,,,,,77777,right,no,None,2025-05-21_13h12.07.863,RL_out-of-scanner,2024.2.4,60.0937703897127,2025-05-21 13h12.39.206334 -0500,
19,0,19,space,4.109915900044143,None,5,7.605671299621463,None,92.84896400012076,k,0.402751199901104,None,None,93.28155420068651,93.28177839983255,94.28105800040066,94.28109630011022,95.28084520064294,95.28087130002677,96.78006239980459,,,,,,,0,0,0,0,19,0,19,0,165.33528230059892,,,,,,,,,,,,,,,,,,,,,,,,,,,,,,92.84896400012076,165.32080700062215,165.33528230059892,165.33528230059892,165.33528230059892,165.33528230059892,165.75331010017544,k,0.402751199901104,None,right,0,13,12,0,16,12,None,93.28155420068651,93.28177839983255,165.7536049000919,165.7687197998166,165.7687197998166,166.76942230015993,166.76942230015993,166.75282650068402,94.28105800040066,94.28109630011022,166.7611378999427,166.76942230015993,166.76942230015993,167.7684000004083,167.7684000004083,167.75263500027359,stimuli/box_empty_transparent.png,95.28084520064294,95.28087130002677,167.75269600003958,167.7684000004083,169.26843619998544,169.25185529980808,96.78006239980459,,,,,,,,,,,,,,,,77777,right,no,None,2025-05-21_13h12.07.863,RL_out-of-scanner,2024.2.4,60.0937703897127,2025-05-21 13h12.39.206334 -0500,
20,0,20,space,4.109915900044143,None,5,7.605671299621463,None,96.78130189981312,j,0.4521224005147815,None,None,97.26460310071707,97.26498220022768,99.26372340042144,99.26376770064235,100.26412629988045,100.26416160073131,102.26321629993618,,,,,,,0,0,0,0,20,0,20,0,169.26843619998544,,,,,,,,,,,,,,,,,,,,,,,,,,,,,,96.78130189981312,169.25313219986856,169.26843619998544,169.26843619998544,169.26843619998544,169.26843619998544,169.73630989994854,j,0.4521224005147815,None,right,0,13,12,0,16,12,None,97.26460310071707,97.26498220022768,169.7368237003684,169.7519447999075,169.7519447999075,171.75236649997532,171.75236649997532,171.73548839986324,99.26372340042144,99.26376770064235,171.7421620003879,171.75236649997532,171.75236649997532,172.75141379982233,172.75141379982233,172.73591009993106,stimuli/box_empty_transparent.png,100.26412629988045,100.26416160073131,172.7359950998798,172.75141379982233,174.7517667002976,174.73500370047987,102.26321629993618,,,,,,,,,,,,,,,,77777,right,no,None,2025-05-21_13h12.07.863,RL_out-of-scanner,2024.2.4,60.0937703897127,2025-05-21 13h12.39.206334 -0500,
21,0,21,space,4.109915900044143,None,5,7.605671299621463,None,102.26468130014837,k,0.351830399595201,None,None,102.6475712005049,102.64791289996356,105.6472289999947,105.64727770071477,106.64710710011423,106.64713300019503,108.14628300070763,,,,,,,0,0,0,0,21,0,21,0,174.7517667002976,,,,,,,,,,,,,,,,,,,,,,,,,,,,,,102.26468130014837,174.73651120066643,174.7517667002976,174.7517667002976,174.7517667002976,174.7517667002976,175.11930469982326,k,0.351830399595201,None,right,0,13,12,0,17,12,None,102.6475712005049,102.64791289996356,175.11975600011647,175.13490870036185,175.13490870036185,178.13575999997556,178.13575999997556,178.11898959986866,105.6472289999947,105.64727770071477,178.12736190017313,178.13575999997556,178.13575999997556,179.1345934001729,179.1345934001729,179.118896599859,stimuli/box_empty_transparent.png,106.64710710011423,106.64713300019503,179.11895930022,179.1345934001729,180.63491240050644,180.6180699998513,108.14628300070763,,,,,,,,,,,,,,,,77777,right,no,None,2025-05-21_13h12.07.863,RL_out-of-scanner,2024.2.4,60.0937703897127,2025-05-21 13h12.39.206334 -0500,
22,0,22,space,4.109915900044143,None,5,7.605671299621463,None,108.14777129981667,k,0.5621061995625496,None,None,108.73061550036073,108.7308510998264,110.2299907002598,110.23003320023417,111.23041620012373,111.23044379986823,113.23006210010499,,,,,,,0,0,0,0,22,0,22,0,180.63491240050644,,,,,,,,,,,,,,,,,,,,,,,,,,,,,,108.14777129981667,180.6196074001491,180.63491240050644,180.63491240050644,180.63491240050644,180.63491240050644,181.2023507002741,k,0.5621061995625496,None,right,1,13,13,0,18,13,None,108.73061550036073,108.7308510998264,181.20268180035055,181.2181210005656,181.2181210005656,182.71862980071455,182.71862980071455,182.70175580028445,110.2299907002598,110.23003320023417,182.7102391999215,182.71862980071455,182.71862980071455,183.71787510067225,183.71787510067225,183.702201500535,stimuli/box_coin_transparent.png,111.23041620012373,111.23044379986823,183.70226940046996,183.71787510067225,185.71844520047307,185.7018379000947,113.23006210010499,,,,,,,,,,,,,,,,77777,right,no,None,2025-05-21_13h12.07.863,RL_out-of-scanner,2024.2.4,60.0937703897127,2025-05-21 13h12.39.206334 -0500,
23,0,23,space,4.109915900044143,None,5,7.605671299621463,None,113.23194400034845,k,0.3230571998283267,None,None,113.5809239000082,113.58115950040519,115.08052880037576,115.08056849986315,116.0804692003876,116.08050070051104,117.57977620046586,,,,,,,0,0,0,0,23,0,23,0,185.71844520047307,,,,,,,,,,,,,,,,,,,,,,,,,,,,,,113.23194400034845,185.70377920009196,185.71844520047307,185.71844520047307,185.71844520047307,185.71844520047307,186.05267930030823,k,0.3230571998283267,None,left,1,15,0,1,18,13,None,113.5809239000082,113.58115950040519,186.05298640020192,186.06818320043385,186.06818320043385,187.56857100035995,187.56857100035995,187.55229779984802,115.08052880037576,115.08056849986315,187.55927590001374,187.56857100035995,187.56857100035995,188.56790910009295,188.56790910009295,188.55225600022823,stimuli/box_empty_transparent.png,116.0804692003876,116.08050070051104,188.55233050044626,188.56790910009295,190.06798559986055,190.05156200006604,117.57977620046586,,,,,,,,,,,,,,,,77777,right,no,None,2025-05-21_13h12.07.863,RL_out-of-scanner,2024.2.4,60.0937703897127,2025-05-21 13h12.39.206334 -0500,
24,0,24,space,4.109915900044143,None,5,7.605671299621463,None,117.58185010030866,j,0.8020403999835253,None,None,118.41397870052606,118.41434470005333,120.41319570038468,120.41322899982333,121.41339919995517,121.41343849990517,122.91267990041524,,,,,,,0,0,0,0,24,0,24,0,190.06798559986055,,,,,,,,,,,,,,,,,,,,,,,,,,,,,,117.58185010030866,190.05369069986045,190.06798559986055,190.06798559986055,190.06798559986055,190.06798559986055,190.8857149006799,j,0.8020403999835253,None,left,1,15,1,1,19,14,None,118.41397870052606,118.41434470005333,190.88618640042841,190.90131810028106,190.90131810028106,192.90175310056657,192.90175310056657,192.88496830035,120.41319570038468,120.41322899982333,192.8931635003537,192.90175310056657,192.90175310056657,193.9008544003591,193.9008544003591,193.88518230058253,stimuli/box_coin_transparent.png,121.41339919995517,121.41343849990517,193.88527690060437,193.9008544003591,195.4010967006907,195.38446949981153,122.91267990041524,,,,,,,,,,,,,,,,77777,right,no,None,2025-05-21_13h12.07.863,RL_out-of-scanner,2024.2.4,60.0937703897127,2025-05-21 13h12.39.206334 -0500,
25,0,25,space,4.109915900044143,None,5,7.605671299621463,None,122.91408140026033,k,0.8095549000427127,None,None,123.74679110012949,123.74699970055372,124.74642700050026,124.74647449981421,125.74712519999593,125.74717279989272,129.24597280006856,,,,,,,0,0,0,0,25,0,25,0,195.4010967006907,,,,,,,,,,,,,,,,,,,,,,,,,,,,,,122.91408140026033,195.38591650035232,195.4010967006907,195.4010967006907,195.4010967006907,195.4010967006907,196.21854840032756,k,0.8095549000427127,None,left,1,15,1,1,19,14,None,123.74679110012949,123.74699970055372,196.2188285999,196.23465970065445,196.23465970065445,197.235089099966,197.235089099966,197.21818440034986,124.74642700050026,124.74647449981421,197.22688600048423,197.235089099966,197.235089099966,,,198.21889640018344,stimuli/box_empty_transparent.png,125.74712519999593,125.74717279989272,198.2190204001963,198.23385420069098,201.7344732005149,201.71776450052857,129.24597280006856,,,,,,,,,,,,,,,,77777,right,no,None,2025-05-21_13h12.07.863,RL_out-of-scanner,2024.2.4,60.0937703897127,2025-05-21 13h12.39.206334 -0500,
26,0,26,space,4.109915900044143,None,5,7.605671299621463,None,129.24715690035373,j,0.38481329940259457,None,None,129.66348220035434,129.66382500063628,130.16292240004987,130.16296330001205,131.1630220003426,131.16305899992585,134.66249600052834,,,,,,,0,0,0,0,26,0,26,0,201.7344732005149,,,,,,,,,,,,,,,,,,,,,,,,,,,,,,129.24715690035373,201.71898820064962,201.7344732005149,201.7344732005149,201.7344732005149,201.7344732005149,202.1352219004184,j,0.38481329940259457,None,left,1,15,2,1,20,15,None,129.66348220035434,129.66382500063628,202.13566790055484,202.15107390005141,202.15107390005141,202.6516196001321,202.6516196001321,202.63468939997256,130.16292240004987,130.16296330001205,202.64483560062945,202.6516196001321,202.6516196001321,203.65054369997233,203.65054369997233,203.6348015004769,stimuli/box_coin_transparent.png,131.1630220003426,131.16305899992585,203.634920200333,203.65054369997233,207.15078120026737,207.1342826001346,134.66249600052834,,,,,,,,,,,,,,,,77777,right,no,None,2025-05-21_13h12.07.863,RL_out-of-scanner,2024.2.4,60.0937703897127,2025-05-21 13h12.39.206334 -0500,
27,0,27,space,4.109915900044143,None,5,7.605671299621463,None,134.66370220016688,j,0.4693132992833853,None,None,135.1632003998384,135.16345980018377,136.66410150006413,136.66414930019528,137.6628590002656,137.66288590058684,138.66211580019444,,,,,,,0,0,0,0,27,0,27,0,207.15078120026737,,,,,,,,,,,,,,,,,,,,,,,,,,,,,,134.66370220016688,207.13553170021623,207.15078120026737,207.15078120026737,207.15078120026737,207.15078120026737,207.63495559990406,j,0.4693132992833853,None,left,1,15,3,1,21,16,None,135.1632003998384,135.16345980018377,207.6352921007201,207.6508427001536,207.6508427001536,209.15134560037404,209.15134560037404,209.13585910014808,136.66410150006413,136.66414930019528,209.14546210039407,209.15134560037404,209.15134560037404,210.1503408998251,210.1503408998251,210.13464830070734,stimuli/box_coin_transparent.png,137.6628590002656,137.66288590058684,210.13471090048552,210.1503408998251,211.15056120045483,211.13389800023288,138.66211580019444,,,,,,,,,,,,,,,,77777,right,no,None,2025-05-21_13h12.07.863,RL_out-of-scanner,2024.2.4,60.0937703897127,2025-05-21 13h12.39.206334 -0500,
28,0,28,space,4.109915900044143,None,5,7.605671299621463,None,138.66374940052629,j,0.45406069979071617,None,None,139.1471650004387,139.1474914001301,140.14572789985687,140.14576000068337,141.14622579980642,141.14626440033317,144.66222649998963,,,,,,,0,0,0,0,28,0,28,0,211.15056120045483,,,,,,,,,,,,,,,,,,,,,,,,,,,,,,138.66374940052629,211.13558160047978,211.15056120045483,211.15056120045483,211.15056120045483,211.15056120045483,211.6189203998074,j,0.45406069979071617,None,left,1,15,4,1,22,17,None,139.1471650004387,139.1474914001301,211.619334500283,211.63413370028138,211.63413370028138,212.63460949994624,212.63460949994624,212.61750480066985,140.14572789985687,140.14576000068337,212.62525380030274,212.63460949994624,212.63460949994624,213.6343907006085,213.6343907006085,213.61800700053573,stimuli/box_coin_transparent.png,141.14622579980642,141.14626440033317,213.61810160055757,213.6343907006085,217.1503400001675,217.13401500042528,144.66222649998963,,,,,,,,,,,,,,,,77777,right,no,None,2025-05-21_13h12.07.863,RL_out-of-scanner,2024.2.4,60.0937703897127,2025-05-21 13h12.39.206334 -0500,
29,0,29,space,4.109915900044143,None,5,7.605671299621463,None,144.6638184003532,j,0.3755112998187542,None,None,145.06257240008563,145.062830099836,147.0627113999799,147.06276840064675,148.0623888000846,148.06241580005735,149.06180720031261,,,,,,,0,0,0,0,29,0,29,0,217.1503400001675,,,,,,,,,,,,,,,,,,,,,,,,,,,,,,144.6638184003532,217.13565080054104,217.1503400001675,217.1503400001675,217.1503400001675,217.1503400001675,217.53433100041002,j,0.3755112998187542,None,left,1,15,5,1,23,18,None,145.06257240008563,145.062830099836,217.53465710021555,217.55046840012074,217.55046840012074,219.55098799988627,219.55098799988627,219.53447100054473,147.0627113999799,147.06276840064675,219.54488870035857,219.55098799988627,219.55098799988627,220.54981520026922,220.54981520026922,220.53417749982327,stimuli/box_coin_transparent.png,148.0623888000846,148.06241580005735,220.53424140065908,220.54981520026922,221.55027789995074,221.53359390050173,149.06180720031261,,,,,,,,,,,,,,,,77777,right,no,None,2025-05-21_13h12.07.863,RL_out-of-scanner,2024.2.4,60.0937703897127,2025-05-21 13h12.39.206334 -0500,
30,0,30,space,4.109915900044143,None,5,7.605671299621463,None,149.06331539992243,j,0.5276873996481299,None,None,149.61278040055186,149.61302960012108,150.61242530029267,150.61247210018337,151.61228370014578,151.61231140047312,152.6119552999735,,,,,,,0,0,0,0,30,0,30,0,221.55027789995074,,,,,,,,,,,,,,,,,,,,,,,,,,,,,,149.06331539992243,221.5351571002975,221.55027789995074,221.55027789995074,221.55027789995074,221.55027789995074,222.0845242002979,j,0.5276873996481299,None,left,1,15,6,1,24,19,None,149.61278040055186,149.61302960012108,222.0848560007289,222.10032880026847,222.10032880026847,223.10093259997666,223.10093259997666,223.0841703005135,150.61242530029267,150.61247210018337,223.09262270014733,223.10093259997666,223.10093259997666,224.09978540055454,224.09978540055454,224.0840717004612,stimuli/box_coin_transparent.png,151.61228370014578,151.61231140047312,224.08413590025157,224.09978540055454,225.10019590053707,225.08374609984457,152.6119552999735,,,,,,,,,,,,,,,,77777,right,no,None,2025-05-21_13h12.07.863,RL_out-of-scanner,2024.2.4,60.0937703897127,2025-05-21 13h12.39.206334 -0500,
31,0,31,space,4.109915900044143,None,5,7.605671299621463,None,152.61326520051807,j,0.6716052005067468,None,None,153.31286460068077,153.31312669999897,156.31206260062754,156.31209569983184,157.31236840039492,157.31239530071616,159.81142379995435,,,,,,,0,0,0,0,31,0,31,0,225.10019590053707,,,,,,,,,,,,,,,,,,,,,,,,,,,,,,152.61326520051807,225.08509729988873,225.10019590053707,225.10019590053707,225.10019590053707,225.10019590053707,225.7846151003614,j,0.6716052005067468,None,left,1,15,7,1,25,20,None,153.31286460068077,153.31312669999897,225.78495450038463,225.800189900212,225.800189900212,228.80096720065922,228.80096720065922,228.7838375000283,156.31206260062754,156.31209569983184,228.79161620046943,228.80096720065922,228.80096720065922,229.79955590050668,229.79955590050668,229.78415609989315,stimuli/box_coin_transparent.png,157.31236840039492,157.31239530071616,229.7842215001583,229.79955590050668,232.30405800044537,232.28321420028806,159.81142379995435,,,,,,,,,,,,,,,,77777,right,no,None,2025-05-21_13h12.07.863,RL_out-of-scanner,2024.2.4,60.0937703897127,2025-05-21 13h12.39.206334 -0500,
32,0,32,space,4.109915900044143,None,5,7.605671299621463,None,159.81280890014023,None,,,['j'],161.31180110014975,161.31185990013182,162.31193380057812,162.3119713999331,163.31185080017895,163.31187789980322,164.31120320037007,[0.429640999995172],[0.12332480028271675],,,,,0,0,0,0,32,0,32,0,232.30405800044537,,,,,,,,,,,,,,,,,,,,,,,,,,,,,,159.81280890014023,232.28464249987155,232.30405800044537,232.30405800044537,232.30405800044537,232.30405800044537,233.78353000059724,None,,,left,1,15,7,1,25,20,['j'],161.31180110014975,161.31185990013182,233.78368519991636,233.79978970065713,233.79978970065713,234.8007105998695,234.8007105998695,234.78370060026646,162.31193380057812,162.3119713999331,234.79114700015634,234.8007105998695,234.8007105998695,235.7993654999882,235.7993654999882,235.7836410999298,no selection made,163.31185080017895,163.31187789980322,235.7837033001706,235.7993654999882,236.79979659989476,236.78298940043896,164.31120320037007,[0.429640999995172],[0.12332480028271675],,,,,,,,,,,,,,77777,right,no,None,2025-05-21_13h12.07.863,RL_out-of-scanner,2024.2.4,60.0937703897127,2025-05-21 13h12.39.206334 -0500,
33,0,33,space,4.109915900044143,None,5,7.605671299621463,None,164.31308220047504,k,0.32017039973288774,None,None,164.66247780062258,164.66273040045053,166.6616764999926,166.6617069002241,167.6616459004581,167.6616748003289,169.16104110050946,,,,,,,0,0,0,0,33,0,33,0,236.79979659989476,,,,,,,,,,,,,,,,,,,,,,,,,,,,,,164.31308220047504,236.78492110036314,236.79979659989476,236.79979659989476,236.79979659989476,236.79979659989476,237.1342240003869,k,0.32017039973288774,None,left,1,15,7,1,25,20,None,164.66247780062258,164.66273040045053,237.13456059992313,237.14999680034816,237.14999680034816,239.150231000036,239.150231000036,239.13345270045102,166.6616764999926,166.6617069002241,239.14085200056434,239.150231000036,239.150231000036,240.14929760061204,240.14929760061204,240.133435100317,stimuli/box_empty_transparent.png,167.6616459004581,167.6616748003289,240.1335024004802,240.14929760061204,241.6496735000983,241.6328325001523,169.16104110050946,,,,,,,,,,,,,,,,77777,right,no,None,2025-05-21_13h12.07.863,RL_out-of-scanner,2024.2.4,60.0937703897127,2025-05-21 13h12.39.206334 -0500,
34,0,34,space,4.109915900044143,None,5,7.605671299621463,None,169.16223700065166,j,0.4920525001361966,None,None,169.67933000065386,169.6796252001077,172.6785743003711,172.67861840035766,173.67816290073097,173.67820310033858,176.17782660014927,,,,,,,0,0,0,0,34,0,34,0,241.6496735000983,,,,,,,,,,,,,,,,,,,,,,,,,,,,,,169.16223700065166,241.63406580034643,241.6496735000983,241.6496735000983,241.6496735000983,241.6496735000983,242.15108560025692,j,0.4920525001361966,None,left,0,15,7,1,26,20,None,169.67933000065386,169.6796252001077,242.15146720036864,242.16637110058218,242.16637110058218,245.1669316003099,245.1669316003099,245.15032300073653,172.6785743003711,172.67861840035766,245.15899759996682,245.1669316003099,245.1669316003099,246.16570360027254,246.16570360027254,246.14995080046356,stimuli/box_empty_transparent.png,173.67816290073097,173.67820310033858,246.15003340039402,246.16570360027254,248.66625150013715,248.64961289986968,176.17782660014927,,,,,,,,,,,,,,,,77777,right,no,None,2025-05-21_13h12.07.863,RL_out-of-scanner,2024.2.4,60.0937703897127,2025-05-21 13h12.39.206334 -0500,
35,0,35,space,4.109915900044143,None,5,7.605671299621463,None,176.17956760060042,k,0.426494300365448,None,None,176.6283170999959,176.6285602003336,178.12812869995832,178.12816630024463,179.1277194004506,179.1277437005192,180.1273722006008,,,,,,,0,0,0,0,35,0,35,0,248.66625150013715,,,,,,,,,,,,,,,,,,,,,,,,,,,,,,176.17956760060042,248.65140420012176,248.66625150013715,248.66625150013715,248.66625150013715,248.66625150013715,249.10006250068545,k,0.426494300365448,None,left,0,15,7,1,26,20,None,176.6283170999959,176.6285602003336,249.10039270017296,249.11606610007584,249.11606610007584,250.6165439002216,250.6165439002216,250.59989690035582,178.12812869995832,178.12816630024463,250.60800790041685,250.6165439002216,250.6165439002216,251.61538249999285,251.61538249999285,251.59951100032777,stimuli/box_empty_transparent.png,179.1277194004506,179.1277437005192,251.5995671004057,251.61538249999285,252.61594950035214,252.59916410036385,180.1273722006008,,,,,,,,,,,,,,,,77777,right,no,None,2025-05-21_13h12.07.863,RL_out-of-scanner,2024.2.4,60.0937703897127,2025-05-21 13h12.39.206334 -0500,
36,0,36,space,4.109915900044143,None,5,7.605671299621463,None,180.12868590001017,j,0.46396000031381845,None,None,180.61185580026358,180.612175100483,182.1116281999275,182.11165960039943,183.1114322002977,183.11145920027047,186.61102540045977,,,,,,,0,0,0,0,36,0,36,0,252.61594950035214,,,,,,,,,,,,,,,,,,,,,,,,,,,,,,180.12868590001017,252.600515300408,252.61594950035214,252.61594950035214,252.61594950035214,252.61594950035214,253.08360170014203,j,0.46396000031381845,None,left,1,15,8,1,27,21,None,180.61185580026358,180.612175100483,253.0840068999678,253.09943490009755,253.09943490009755,254.60006000008434,254.60006000008434,254.5834031002596,182.1116281999275,182.11165960039943,254.59133690036833,254.60006000008434,254.60006000008434,255.59893169999123,255.59893169999123,255.58321980014443,stimuli/box_coin_transparent.png,183.1114322002977,183.11145920027047,255.58328760042787,255.59893169999123,259.0996063007042,259.08281530067325,186.61102540045977,,,,,,,,,,,,,,,,77777,right,no,None,2025-05-21_13h12.07.863,RL_out-of-scanner,2024.2.4,60.0937703897127,2025-05-21 13h12.39.206334 -0500,
37,0,37,space,4.109915900044143,None,5,7.605671299621463,None,186.61316809989512,j,0.36173850018531084,None,None,186.99487099982798,186.9951555998996,188.9948451006785,188.99487629998475,189.99423430021852,189.99426589999348,190.99381280038506,,,,,,,0,0,0,0,37,0,37,0,259.0996063007042,,,,,,,,,,,,,,,,,,,,,,,,,,,,,,186.61316809989512,259.0850097006187,259.0996063007042,259.0996063007042,259.0996063007042,259.0996063007042,259.46661200001836,j,0.36173850018531084,None,left,1,15,9,1,28,22,None,186.99487099982798,186.9951555998996,259.46698269993067,259.4823804004118,259.4823804004118,261.4830285003409,261.4830285003409,261.46662109997123,188.9948451006785,188.99487629998475,261.4746240004897,261.4830285003409,261.4830285003409,262.48171630036086,262.48171630036086,262.4660208998248,stimuli/box_coin_transparent.png,189.99423430021852,189.99426589999348,262.4660986000672,262.48171630036086,263.48220930062234,263.4655971005559,190.99381280038506,,,,,,,,,,,,,,,,77777,right,no,None,2025-05-21_13h12.07.863,RL_out-of-scanner,2024.2.4,60.0937703897127,2025-05-21 13h12.39.206334 -0500,
38,0,38,space,4.109915900044143,None,5,7.605671299621463,None,190.99578770063818,j,0.8802570002153516,None,None,191.8946954999119,191.89496630057693,192.89641730021685,192.89646250009537,193.89457320049405,193.8946080999449,195.3941342998296,,,,,,,0,0,0,0,38,0,38,0,263.48220930062234,,,,,,,,,,,,,,,,,,,,,,,,,,,,,,190.99578770063818,263.4676275001839,263.48220930062234,263.48220930062234,263.48220930062234,263.48220930062234,264.36645280011,j,0.8802570002153516,None,left,1,15,10,1,29,23,None,191.8946954999119,191.89496630057693,264.36679450049996,264.38232750073075,264.38232750073075,265.383005800657,265.383005800657,265.3681728998199,192.89641730021685,192.89646250009537,265.37720520049334,265.383005800657,265.383005800657,266.3818927006796,266.3818927006796,266.36635940056294,stimuli/box_coin_transparent.png,193.89457320049405,193.8946080999449,266.36644140072167,266.3818927006796,267.8826211001724,267.8659238005057,195.3941342998296,,,,,,,,,,,,,,,,77777,right,no,None,2025-05-21_13h12.07.863,RL_out-of-scanner,2024.2.4,60.0937703897127,2025-05-21 13h12.39.206334 -0500,
39,0,39,space,4.109915900044143,None,5,7.605671299621463,None,195.39540590066463,j,0.4837967995554209,None,None,195.9117801003158,195.9120821999386,196.91075369995087,196.91078540030867,197.9108335999772,197.9108591005206,198.91058269981295,,,,,,,0,0,0,0,39,0,39,0,267.8826211001724,,,,,,,,,,,,,,,,,,,,,,,,,,,,,,195.39540590066463,267.8672362007201,267.8826211001724,267.8826211001724,267.8826211001724,267.8826211001724,268.3835196001455,j,0.4837967995554209,None,left,0,15,10,1,30,23,None,195.9117801003158,195.9120821999386,268.3839151998982,268.39906369987875,268.39906369987875,269.3993301000446,269.3993301000446,269.3825313998386,196.91075369995087,196.91078540030867,269.3892200002447,269.3993301000446,269.3993301000446,270.3984099002555,270.3984099002555,270.382624800317,stimuli/box_empty_transparent.png,197.9108335999772,197.9108591005206,270.38268430065364,270.3984099002555,271.39885560050607,271.38236940000206,198.91058269981295,,,,,,,,,,,,,,,,77777,right,no,None,2025-05-21_13h12.07.863,RL_out-of-scanner,2024.2.4,60.0937703897127,2025-05-21 13h12.39.206334 -0500,
40,0,40,space,4.109915900044143,None,5,7.605671299621463,None,198.91248820070177,k,0.31756839994341135,None,None,199.2617629999295,199.26202940009534,200.7608893001452,200.76094789989293,201.76060019992292,201.760631499812,202.76030530035496,,,,,,,0,0,0,0,40,0,40,0,271.39885560050607,,,,,,,,,,,,,,,,,,,,,,,,,,,,,,198.91248820070177,271.3843272998929,271.39885560050607,271.39885560050607,271.39885560050607,271.39885560050607,271.733509500511,k,0.31756839994341135,None,left,0,15,10,1,30,23,None,199.2617629999295,199.26202940009534,271.73386080004275,271.7489707004279,271.7489707004279,273.2493539005518,273.2493539005518,273.23264859989285,200.7608893001452,200.76094789989293,273.2407942004502,273.2493539005518,273.2493539005518,274.2480895007029,274.2480895007029,274.2323858002201,stimuli/box_empty_transparent.png,201.76060019992292,201.760631499812,274.23246140033007,274.2480895007029,275.2486075004563,275.232091200538,202.76030530035496,,,,,,,,,,,,,,,,77777,right,no,None,2025-05-21_13h12.07.863,RL_out-of-scanner,2024.2.4,60.0937703897127,2025-05-21 13h12.39.206334 -0500,
41,0,41,space,4.109915900044143,None,5,7.605671299621463,None,202.7617546003312,j,0.34170620050281286,None,None,203.1281315004453,203.12844250071794,204.1271700002253,204.12720440048724,205.12710130028427,205.12713210005313,208.1268140003085,,,,,,,0,0,0,0,41,0,41,0,275.2486075004563,,,,,,,,,,,,,,,,,,,,,,,,,,,,,,202.7617546003312,275.23359249997884,275.2486075004563,275.2486075004563,275.2486075004563,275.2486075004563,275.5998772000894,j,0.34170620050281286,None,left,1,15,11,1,31,24,None,203.1281315004453,203.12844250071794,275.6002738000825,275.6156935002655,275.6156935002655,276.6161595005542,276.6161595005542,276.5989450002089,204.1271700002253,204.12720440048724,276.60811650007963,276.6161595005542,276.6161595005542,277.61466290056705,277.61466290056705,277.5988901006058,stimuli/box_coin_transparent.png,205.12710130028427,205.12713210005313,277.598970300518,277.61466290056705,280.6153024006635,280.59859790001065,208.1268140003085,,,,,,,,,,,,,,,,77777,right,no,None,2025-05-21_13h12.07.863,RL_out-of-scanner,2024.2.4,60.0937703897127,2025-05-21 13h12.39.206334 -0500,
42,0,42,space,4.109915900044143,None,5,7.605671299621463,None,208.12850689981133,j,0.5367374001070857,None,None,208.6950409002602,208.69540610071272,210.69380620028824,210.69385519996285,211.69375499989837,211.69378480035812,215.19306750036776,,,,,,,0,0,0,0,42,0,42,0,280.6153024006635,,,,,,,,,,,,,,,,,,,,,,,,,,,,,,208.12850689981133,280.600337699987,280.6153024006635,280.6153024006635,280.6153024006635,280.6153024006635,281.166799900122,j,0.5367374001070857,None,left,0,15,11,1,32,24,None,208.6950409002602,208.69540610071272,281.16724310070276,281.18204020056874,281.18204020056874,283.18275819998235,283.18275819998235,283.16556860040873,210.69380620028824,210.69385519996285,283.17329670023173,283.18275819998235,283.18275819998235,284.18120530061424,284.18120530061424,284.16554530058056,stimuli/box_empty_transparent.png,211.69375499989837,211.69378480035812,284.1656212005764,284.18120530061424,287.68167470023036,287.66485740058124,215.19306750036776,,,,,,,,,,,,,,,,77777,right,no,None,2025-05-21_13h12.07.863,RL_out-of-scanner,2024.2.4,60.0937703897127,2025-05-21 13h12.39.206334 -0500,
43,0,43,space,4.109915900044143,None,5,7.605671299621463,None,215.194480500184,k,0.31035950034856796,None,None,215.52737150061876,215.52767110057175,216.52685160003603,216.52689420059323,217.52736300043762,217.52739940024912,219.52679570019245,,,,,,,0,0,0,0,43,0,43,0,287.68167470023036,,,,,,,,,,,,,,,,,,,,,,,,,,,,,,215.194480500184,287.66631380002946,287.68167470023036,287.68167470023036,287.68167470023036,287.68167470023036,287.999119900167,k,0.31035950034856796,None,left,0,15,11,1,32,24,None,215.52737150061876,215.52767110057175,287.99951000045985,288.01475139986724,288.01475139986724,289.01524419989437,289.01524419989437,288.9986151000485,216.52685160003603,216.52689420059323,289.00599279999733,289.01524419989437,289.01524419989437,290.0149429002777,290.0149429002777,289.9991466999054,stimuli/box_empty_transparent.png,217.52736300043762,217.52739940024912,289.9992336006835,290.0149429002777,292.01507360022515,291.9985838001594,219.52679570019245,,,,,,,,,,,,,,,,77777,right,no,None,2025-05-21_13h12.07.863,RL_out-of-scanner,2024.2.4,60.0937703897127,2025-05-21 13h12.39.206334 -0500,
44,0,44,space,4.109915900044143,None,5,7.605671299621463,None,219.52799230068922,j,0.33268989995121956,None,None,219.87778529990464,219.87814090028405,222.37672180030495,222.3767646998167,223.37671739980578,223.37674400024116,225.3759476998821,,,,,,,0,0,0,0,44,0,44,0,292.01507360022515,,,,,,,,,,,,,,,,,,,,,,,,,,,,,,219.52799230068922,291.99982140026987,292.01507360022515,292.01507360022515,292.01507360022515,292.01507360022515,292.3495091004297,j,0.33268989995121956,None,left,1,15,12,1,33,25,None,219.87778529990464,219.87814090028405,292.34997890051454,292.36492790002376,292.36492790002376,294.8653466999531,294.8653466999531,294.8484811000526,222.37672180030495,222.3767646998167,294.85717460047454,294.8653466999531,294.8653466999531,295.86433450039476,295.86433450039476,295.8485078001395,stimuli/box_coin_transparent.png,223.37671739980578,223.37674400024116,295.8485681004822,295.86433450039476,297.8646748000756,297.8477322999388,225.3759476998821,,,,,,,,,,,,,,,,77777,right,no,None,2025-05-21_13h12.07.863,RL_out-of-scanner,2024.2.4,60.0937703897127,2025-05-21 13h12.39.206334 -0500,
45,0,45,space,4.109915900044143,None,5,7.605671299621463,None,225.37787180021405,j,0.3843868998810649,None,None,225.7936653001234,225.79399550054222,226.79328030068427,226.79331550002098,227.79358190018684,227.79361630044878,228.79292180016637,,,,,,,0,0,0,0,45,0,45,0,297.8646748000756,,,,,,,,,,,,,,,,,,,,,,,,,,,,,,225.37787180021405,297.8497109003365,297.8646748000756,297.8646748000756,297.8646748000756,297.8646748000756,298.26542429998517,j,0.3843868998810649,None,left,1,15,13,1,34,26,None,225.7936653001234,225.79399550054222,298.2658235002309,298.2812745999545,298.2812745999545,299.2818491002545,299.2818491002545,299.26505229994655,226.79328030068427,226.79331550002098,299.27312470041215,299.2818491002545,299.2818491002545,300.28065859992057,300.28065859992057,300.265367500484,stimuli/box_coin_transparent.png,227.79358190018684,227.79361630044878,300.2654495006427,300.28065859992057,301.2813980001956,301.2647135006264,228.79292180016637,,,,,,,,,,,,,,,,77777,right,no,None,2025-05-21_13h12.07.863,RL_out-of-scanner,2024.2.4,60.0937703897127,2025-05-21 13h12.39.206334 -0500,
46,0,46,space,4.109915900044143,None,5,7.605671299621463,None,228.79412640072405,j,0.5471668997779489,None,None,229.36075580026954,229.36108200065792,231.35974889993668,231.35978010017425,232.36011369992048,232.3601426007226,233.35908559989184,,,,,,,0,0,0,0,46,0,46,0,301.2813980001956,,,,,,,,,,,,,,,,,,,,,,,,,,,,,,228.79412640072405,301.26596620026976,301.2813980001956,301.2813980001956,301.2813980001956,301.2813980001956,301.8324821004644,j,0.5471668997779489,None,left,0,15,13,1,35,26,None,229.36075580026954,229.36108200065792,301.83291350025684,301.8480240004137,301.8480240004137,303.8489800002426,303.8489800002426,303.83152530062944,231.35974889993668,231.35978010017425,303.8394186999649,303.8489800002426,303.8489800002426,,,304.83190060034394,stimuli/box_empty_transparent.png,232.36011369992048,232.3601426007226,304.83197129983455,304.8476562006399,305.8477368000895,305.83087820000947,233.35908559989184,,,,,,,,,,,,,,,,77777,right,no,None,2025-05-21_13h12.07.863,RL_out-of-scanner,2024.2.4,60.0937703897127,2025-05-21 13h12.39.206334 -0500,
47,0,47,space,4.109915900044143,None,5,7.605671299621463,None,233.36037760041654,j,0.4049474997445941,None,None,233.79359280038625,233.7938275001943,236.79324400052428,236.79328070022166,237.7930080005899,237.79304300062358,239.29245339985937,,,,,,,0,0,0,0,47,0,47,0,305.8477368000895,,,,,,,,,,,,,,,,,,,,,,,,,,,,,,233.36037760041654,305.8322096001357,305.8477368000895,305.8477368000895,305.8477368000895,305.8477368000895,306.265351800248,j,0.4049474997445941,None,left,1,15,14,1,36,27,None,233.79359280038625,233.7938275001943,306.2656550006941,306.28119040001184,306.28119040001184,309.2815551003441,309.2815551003441,309.26500880066305,236.79324400052428,236.79328070022166,309.2727704998106,309.2815551003441,309.2815551003441,310.2806119006127,310.2806119006127,310.2647914001718,stimuli/box_coin_transparent.png,237.7930080005899,237.79304300062358,310.2648912006989,310.2806119006127,311.78301070071757,311.7642418006435,239.29245339985937,,,,,,,,,,,,,,,,77777,right,no,None,2025-05-21_13h12.07.863,RL_out-of-scanner,2024.2.4,60.0937703897127,2025-05-21 13h12.39.206334 -0500,
48,0,48,space,4.109915900044143,None,5,7.605671299621463,None,239.29399160016328,j,0.3967645997181535,None,None,239.71417080052197,239.714437100105,241.21038900036365,241.21043420024216,242.20957239996642,242.20959939993918,245.7088866000995,,,,,,,0,0,0,0,48,0,48,0,311.78301070071757,,,,,,,,,,,,,,,,,,,,,,,,,,,,,,239.29399160016328,311.7658289000392,311.78301070071757,311.78301070071757,311.78301070071757,311.78301070071757,312.185927500017,j,0.3967645997181535,None,left,1,15,15,1,37,28,None,239.71417080052197,239.714437100105,312.1862639002502,312.1976041998714,312.1976041998714,313.6980567006394,313.6980567006394,313.6821479005739,241.21038900036365,241.21043420024216,313.69206919986755,313.6980567006394,313.6980567006394,314.69716340024024,314.69716340024024,314.68136200029403,stimuli/box_coin_transparent.png,242.20957239996642,242.20959939993918,314.6814261004329,314.69716340024024,318.197715700604,318.1806779000908,245.7088866000995,,,,,,,,,,,,,,,,77777,right,no,None,2025-05-21_13h12.07.863,RL_out-of-scanner,2024.2.4,60.0937703897127,2025-05-21 13h12.39.206334 -0500,
49,0,49,space,4.109915900044143,None,5,7.605671299621463,None,245.71021910011768,j,0.6425796002149582,None,None,246.37723080068827,246.3776083001867,247.87606230005622,247.87609410006553,248.87601929996163,248.87605600059032,248.87647430039942,,,,,,,0,0,0,0,49,0,49,0,318.197715700604,,,,,,,,,,,,,,,,,,,,,,,,,,,,,,245.71021910011768,318.1820467999205,318.197715700604,318.197715700604,318.197715700604,318.197715700604,318.84896610025316,j,0.6425796002149582,None,right,1,12,0,2,37,28,None,246.37723080068827,246.3776083001867,318.84945339988917,318.8641087003052,318.8641087003052,320.3646824005991,320.3646824005991,320.3478358006105,247.87606230005622,247.87609410006553,320.35444690007716,320.3646824005991,320.3646824005991,321.37278500013053,321.37278500013053,321.34780270047486,stimuli/box_empty_transparent.png,248.87601929996163,248.87605600059032,321.3478919006884,321.37278500013053,321.37278500013053,321.34825440030545,248.87647430039942,,,,,,,,,,,,,,,,77777,right,no,None,2025-05-21_13h12.07.863,RL_out-of-scanner,2024.2.4,60.0937703897127,2025-05-21 13h12.39.206334 -0500,
0,0,0,space,4.109915900044143,None,5,7.605671299621463,None,,,,,,,,,,,,,,,,,,,0,0,0,0,,,,,,,,,,,,,,,,,,,,,,,,,,,,,,,,,,,,,,,,,,,,,,,,,,,,,,,,,,,,,,,,,,,,,,,,,,,,,,,321.3686324004084,321.37278500013053,325.3634946998209,325.3686591004953,325.3809877000749,375.82842859998345,375.81215470004827,,,,,,,77777,right,no,None,2025-05-21_13h12.07.863,RL_out-of-scanner,2024.2.4,60.0937703897127,2025-05-21 13h12.39.206334 -0500,
0,0,0,space,19.91864429973066,None,5,5.4479708997532725,None,0.0017804000526666641,j,0.4514180002734065,None,None,0.48471219930797815,0.4851217996329069,1.4846068993210793,1.4846530994400382,2.4838098995387554,2.483839400112629,4.482807899825275,,,,,,,1,0,1,0,0,0,0,0,401.24495400022715,,,,,,,,,,,,,,,,375.81231850013137,375.82842859998345,375.82842859998345,395.7620472004637,space,19.91864429973066,None,395.7621448999271,395.7780181998387,395.7780181998387,401.22838290035725,5,5.4479708997532725,None,0.0017804000526666641,401.2302665002644,401.24495400022715,401.24495400022715,401.24495400022715,401.24495400022715,401.7131015006453,j,0.4514180002734065,None,right,1,12,0,2,37,0,None,0.48471219930797815,0.4851217996329069,401.7136265998706,401.72823960054666,401.72823960054666,402.72878250014037,402.72878250014037,402.7130377003923,1.4846068993210793,1.4846530994400382,402.72058160044253,402.72878250014037,402.72878250014037,403.72771519981325,403.72771519981325,403.7122559007257,stimuli/box_empty_transparent.png,2.4838098995387554,2.483839400112629,403.7123218998313,403.72771519981325,405.7281424002722,405.7112580006942,4.482807899825275,,,,,,,,,,,,,,,,77777,right,no,None,2025-05-21_13h12.07.863,RL_out-of-scanner,2024.2.4,60.0937703897127,2025-05-21 13h12.39.206334 -0500,
1,0,1,space,19.91864429973066,None,5,5.4479708997532725,None,4.484054399654269,k,0.345010899938643,None,None,4.850478399544954,4.850797699764371,6.349986599758267,6.350023599341512,7.366594700142741,7.366620499640703,8.866025799885392,,,,,,,1,0,1,0,1,0,1,0,405.7281424002722,,,,,,,,,,,,,,,,,,,,,,,,,,,,,,4.484054399654269,405.71254150010645,405.7281424002722,405.7281424002722,405.7281424002722,405.7281424002722,406.07885110005736,k,0.345010899938643,None,right,1,12,1,2,38,1,None,4.850478399544954,4.850797699764371,406.07929310016334,406.09506059996784,406.09506059996784,407.5964144002646,407.5964144002646,407.5784165998921,6.349986599758267,6.350023599341512,407.58651900012046,407.5964144002646,407.5964144002646,,,408.59504139982164,stimuli/box_coin_transparent.png,7.366594700142741,7.366620499640703,408.59510200005025,408.6109065003693,410.11133879981935,410.09446809999645,8.866025799885392,,,,,,,,,,,,,,,,77777,right,no,None,2025-05-21_13h12.07.863,RL_out-of-scanner,2024.2.4,60.0937703897127,2025-05-21 13h12.39.206334 -0500,
2,0,2,space,19.91864429973066,None,5,5.4479708997532725,None,8.867528699338436,k,0.5661878008395433,None,None,9.450746799819171,9.451082499697804,10.451047499664128,10.451080599799752,11.449754099361598,11.449790299870074,14.449132199399173,,,,,,,1,0,1,0,2,0,2,0,410.11133879981935,,,,,,,,,,,,,,,,,,,,,,,,,,,,,,8.867528699338436,410.09602640010417,410.11133879981935,410.11133879981935,410.11133879981935,410.11133879981935,410.67913859989494,k,0.5661878008395433,None,right,1,12,2,2,39,2,None,9.450746799819171,9.451082499697804,410.6795821003616,410.69464039988816,410.69464039988816,411.695111900568,411.695111900568,411.679472300224,10.451047499664128,10.451080599799752,411.68797020055354,411.695111900568,411.695111900568,412.6940876003355,412.6940876003355,412.6781956003979,stimuli/box_coin_transparent.png,11.449754099361598,11.449790299870074,412.67828280013055,412.6940876003355,415.6944809006527,415.6775830006227,14.449132199399173,,,,,,,,,,,,,,,,77777,right,no,None,2025-05-21_13h12.07.863,RL_out-of-scanner,2024.2.4,60.0937703897127,2025-05-21 13h12.39.206334 -0500,
3,0,3,space,19.91864429973066,None,5,5.4479708997532725,None,14.450437299907207,k,0.5609408998861909,None,None,15.033502199687064,15.033696400001645,17.03352880012244,17.033579199574888,18.033778899349272,18.033810200169683,19.0330205000937,,,,,,,1,0,1,0,3,0,3,0,415.6944809006527,,,,,,,,,,,,,,,,,,,,,,,,,,,,,,14.450437299907207,415.6789227006957,415.6944809006527,415.6944809006527,415.6944809006527,415.6944809006527,416.2619177000597,k,0.5609408998861909,None,right,0,12,2,2,40,2,None,15.033502199687064,15.033696400001645,416.26218069996685,416.2779521001503,416.2779521001503,418.2781683001667,418.2781683001667,418.261931899935,17.03352880012244,17.033579199574888,418.2704739002511,418.2781683001667,418.2781683001667,419.27743080072105,419.27743080072105,419.26221960037947,stimuli/box_empty_transparent.png,18.033778899349272,18.033810200169683,419.26229690015316,419.27743080072105,420.2783165005967,420.2614639000967,19.0330205000937,,,,,,,,,,,,,,,,77777,right,no,None,2025-05-21_13h12.07.863,RL_out-of-scanner,2024.2.4,60.0937703897127,2025-05-21 13h12.39.206334 -0500,
4,0,4,space,19.91864429973066,None,5,5.4479708997532725,None,19.035627800039947,j,0.5787274995818734,None,None,19.63456720020622,19.63499139994383,20.633162499405444,20.633207299746573,21.63306549936533,21.63309509959072,24.132334699854255,,,,,,,1,0,1,0,4,0,4,0,420.2783165005967,,,,,,,,,,,,,,,,,,,,,,,,,,,,,,19.035627800039947,420.26415180042386,420.2783165005967,420.2783165005967,420.2783165005967,420.2783165005967,420.8629418006167,j,0.5787274995818734,None,right,0,12,2,2,40,2,None,19.63456720020622,19.63499139994383,420.86349620018154,420.8778339000419,420.8778339000419,421.8781122006476,421.8781122006476,421.86158230062574,20.633162499405444,20.633207299746573,421.87110760062933,421.8781122006476,421.8781122006476,422.8773271003738,422.8773271003738,422.86151089984924,stimuli/box_empty_transparent.png,21.63306549936533,21.63309509959072,422.8615810004994,422.8773271003738,425.3774834005162,425.3607852999121,24.132334699854255,,,,,,,,,,,,,,,,77777,right,no,None,2025-05-21_13h12.07.863,RL_out-of-scanner,2024.2.4,60.0937703897127,2025-05-21 13h12.39.206334 -0500,
5,0,5,space,19.91864429973066,None,5,5.4479708997532725,None,24.133556799963117,k,0.4454837003722787,None,None,24.600192899815738,24.600405499339104,28.103107899427414,28.103153099305928,29.115687999874353,29.115721499547362,31.115418000146747,,,,,,,1,0,1,0,5,0,5,0,425.3774834005162,,,,,,,,,,,,,,,,,,,,,,,,,,,,,,24.133556799963117,425.36204420030117,425.3774834005162,425.3774834005162,425.3774834005162,425.3774834005162,425.82859539985657,k,0.4454837003722787,None,right,1,12,3,2,41,3,None,24.600192899815738,24.600405499339104,425.8288893001154,425.84426910057664,425.84426910057664,429.3492751000449,429.3492751000449,429.33152549993247,28.103107899427414,28.103153099305928,429.34370290022343,429.3492751000449,429.3492751000449,,,430.34412540029734,stimuli/box_coin_transparent.png,29.115687999874353,29.115721499547362,430.34421030059457,430.360765600577,432.36083609983325,432.34386460017413,31.115418000146747,,,,,,,,,,,,,,,,77777,right,no,None,2025-05-21_13h12.07.863,RL_out-of-scanner,2024.2.4,60.0937703897127,2025-05-21 13h12.39.206334 -0500,
6,0,6,space,19.91864429973066,None,5,5.4479708997532725,None,31.116986399516463,k,0.47039510030299425,None,None,31.616687700152397,31.6169459996745,32.61579639930278,32.615829799324274,33.616099500097334,33.616131499409676,34.615324299782515,,,,,,,1,0,1,0,6,0,6,0,432.36083609983325,,,,,,,,,,,,,,,,,,,,,,,,,,,,,,31.116986399516463,432.3454791000113,432.36083609983325,432.36083609983325,432.36083609983325,432.36083609983325,432.8450803998858,k,0.47039510030299425,None,right,1,12,4,2,42,4,None,31.616687700152397,31.6169459996745,432.8454340007156,432.8608280001208,432.8608280001208,433.8611909998581,433.8611909998581,433.8442239006981,32.61579639930278,32.615829799324274,433.8539856001735,433.8611909998581,433.8611909998581,434.8601857004687,434.8601857004687,434.8445410998538,stimuli/box_coin_transparent.png,33.616099500097334,33.616131499409676,434.84461890067905,434.8601857004687,435.8606115002185,435.84377409983426,34.615324299782515,,,,,,,,,,,,,,,,77777,right,no,None,2025-05-21_13h12.07.863,RL_out-of-scanner,2024.2.4,60.0937703897127,2025-05-21 13h12.39.206334 -0500,
7,0,7,space,19.91864429973066,None,5,5.4479708997532725,None,34.61658309958875,k,0.6265578996390104,None,None,35.266350699588656,35.266617299988866,37.26579209975898,37.265836499631405,38.26892900001258,38.26896659936756,40.26530560012907,,,,,,,1,0,1,0,7,0,7,0,435.8606115002185,,,,,,,,,,,,,,,,,,,,,,,,,,,,,,34.61658309958875,435.84507740009576,435.8606115002185,435.8606115002185,435.8606115002185,435.8606115002185,436.494767700322,k,0.6265578996390104,None,right,1,12,5,2,43,5,None,35.266350699588656,35.266617299988866,436.4951013000682,436.51051920000464,436.51051920000464,438.5110694998875,438.5110694998875,438.49421260040253,37.26579209975898,37.265836499631405,438.5030867001042,438.5110694998875,438.5110694998875,,,439.49736510030925,stimuli/box_coin_transparent.png,38.26892900001258,38.26896659936756,439.49745419993997,439.5106736999005,441.51051960047334,441.49374390020967,40.26530560012907,,,,,,,,,,,,,,,,77777,right,no,None,2025-05-21_13h12.07.863,RL_out-of-scanner,2024.2.4,60.0937703897127,2025-05-21 13h12.39.206334 -0500,
8,0,8,space,19.91864429973066,None,5,5.4479708997532725,None,40.26717500016093,k,0.34050350077450275,None,None,40.63727319985628,40.63755640015006,43.632272199727595,43.63230440020561,44.63233699928969,44.6323649995029,46.13195659965277,,,,,,,1,0,1,0,8,0,8,0,441.51051960047334,,,,,,,,,,,,,,,,,,,,,,,,,,,,,,40.26717500016093,441.4956670999527,441.51051960047334,441.51051960047334,441.51051960047334,441.51051960047334,441.86566030047834,k,0.34050350077450275,None,right,1,12,6,2,44,6,None,40.63727319985628,40.63755640015006,441.86605110019445,441.87714220024645,441.87714220024645,444.87759350053966,444.87759350053966,444.86068810056895,43.632272199727595,43.63230440020561,444.8685404006392,444.87759350053966,444.87759350053966,445.8765603005886,445.8765603005886,445.86077889986336,stimuli/box_coin_transparent.png,44.63233699928969,44.6323649995029,445.860848300159,445.8765603005886,447.376920199953,447.3604047000408,46.13195659965277,,,,,,,,,,,,,,,,77777,right,no,None,2025-05-21_13h12.07.863,RL_out-of-scanner,2024.2.4,60.0937703897127,2025-05-21 13h12.39.206334 -0500,
9,0,9,space,19.91864429973066,None,5,5.4479708997532725,None,46.13327819947153,k,0.586412999778986,None,None,46.74918540008366,46.74941870011389,48.24885560013354,48.2488863999024,49.248942599631846,49.248980299569666,51.24810629989952,,,,,,,1,0,1,0,9,0,9,0,447.376920199953,,,,,,,,,,,,,,,,,,,,,,,,,,,,,,46.13327819947153,447.36176540050656,447.376920199953,447.376920199953,447.376920199953,447.376920199953,447.97759900055826,k,0.586412999778986,None,right,1,12,7,2,45,7,None,46.74918540008366,46.74941870011389,447.97790569998324,447.99352400004864,447.99352400004864,449.49425030034035,449.49425030034035,449.4772880002856,48.24885560013354,48.2488863999024,449.4850635007024,449.49425030034035,449.49425030034035,450.4930845005438,450.4930845005438,450.47738210018724,stimuli/box_coin_transparent.png,49.248942599631846,49.248980299569666,450.4774716999382,450.4930845005438,452.4933315999806,452.47655380051583,51.24810629989952,,,,,,,,,,,,,,,,77777,right,no,None,2025-05-21_13h12.07.863,RL_out-of-scanner,2024.2.4,60.0937703897127,2025-05-21 13h12.39.206334 -0500,
10,0,10,space,19.91864429973066,None,5,5.4479708997532725,None,51.2495344998315,k,0.6084314994513988,None,None,51.88235929980874,51.882636999711394,53.38214650005102,53.38217800017446,54.38266899995506,54.38270239997655,55.38186539988965,,,,,,,1,0,1,0,10,0,10,0,452.4933315999806,,,,,,,,,,,,,,,,,,,,,,,,,,,,,,51.2495344998315,452.478029999882,452.4933315999806,452.4933315999806,452.4933315999806,452.4933315999806,453.1107731005177,k,0.6084314994513988,None,right,1,12,8,2,46,8,None,51.88235929980874,51.882636999711394,453.11112520005554,453.12666259985417,453.12666259985417,454.62754410039634,454.62754410039634,454.61058029998094,53.38214650005102,53.38217800017446,454.61837390065193,454.62754410039634,454.62754410039634,455.6264733998105,455.6264733998105,455.6111083002761,stimuli/box_coin_transparent.png,54.38266899995506,54.38270239997655,455.61119080055505,455.6264733998105,456.62678320053965,456.6103165000677,55.38186539988965,,,,,,,,,,,,,,,,77777,right,no,None,2025-05-21_13h12.07.863,RL_out-of-scanner,2024.2.4,60.0937703897127,2025-05-21 13h12.39.206334 -0500,
11,0,11,space,19.91864429973066,None,5,5.4479708997532725,None,55.383036700077355,None,,,None,56.8818100001663,56.881856999360025,58.88212649989873,58.88216139934957,59.882229399867356,59.88226780015975,61.38147810008377,,,,,,,1,0,1,0,11,0,11,0,456.62678320053965,,,,,,,,,,,,,,,,,,,,,,,,,,,,,,55.383036700077355,456.6115244003013,456.62678320053965,456.62678320053965,456.62678320053965,456.62678320053965,458.11023440025747,None,,,right,1,12,8,2,46,8,None,56.8818100001663,56.881856999360025,458.11033680010587,458.12654800061136,458.12654800061136,460.12733200006187,460.12733200006187,460.1105543002486,58.88212649989873,58.88216139934957,460.11779320053756,460.12733200006187,460.12733200006187,461.12623160053045,461.12623160053045,461.11064210068434,no selection made,59.882229399867356,59.88226780015975,461.1107561001554,461.12623160053045,462.6265882998705,462.6099182004109,61.38147810008377,,,,,,,,,,458.12654800061136,458.12654800061136,458.12654800061136,458.12654800061136,,,77777,right,no,None,2025-05-21_13h12.07.863,RL_out-of-scanner,2024.2.4,60.0937703897127,2025-05-21 13h12.39.206334 -0500,
12,0,12,space,19.91864429973066,None,5,5.4479708997532725,None,61.38374299928546,k,0.30470830015838146,None,None,61.71656159963459,61.716879200190306,62.71553419996053,62.7155833998695,63.71505340002477,63.71510129980743,66.71429739985615,,,,,,,1,0,1,0,12,0,12,0,462.6265882998705,,,,,,,,,,,,,,,,,,,,,,,,,,,,,,61.38374299928546,462.6122548999265,462.6265882998705,462.6265882998705,462.6265882998705,462.6265882998705,462.94494289997965,k,0.30470830015838146,None,right,0,12,8,2,47,8,None,61.71656159963459,61.716879200190306,462.94537580013275,462.96008739992976,462.96008739992976,463.96046390011907,463.96046390011907,463.94394200015813,62.71553419996053,62.7155833998695,463.9520160006359,463.96046390011907,463.96046390011907,464.959192099981,464.959192099981,464.9434960000217,stimuli/box_empty_transparent.png,63.71505340002477,63.71510129980743,464.94359860010445,464.959192099981,467.95956540014595,467.942745000124,66.71429739985615,,,,,,,,,,,,,,,,77777,right,no,None,2025-05-21_13h12.07.863,RL_out-of-scanner,2024.2.4,60.0937703897127,2025-05-21 13h12.39.206334 -0500,
13,0,13,space,19.91864429973066,None,5,5.4479708997532725,None,66.71564670000225,j,0.4324831999838352,None,None,67.16571709979326,67.16604709997773,67.66489969938993,67.66493069939315,68.66507659945637,68.66511369962245,70.66418039985001,,,,,,,1,0,1,0,13,0,13,0,467.95956540014595,,,,,,,,,,,,,,,,,,,,,,,,,,,,,,66.71564670000225,467.9441352998838,467.95956540014595,467.95956540014595,467.95956540014595,467.95956540014595,468.39411900006235,j,0.4324831999838352,None,right,0,12,8,2,47,8,None,67.16571709979326,67.16604709997773,468.3945382004604,468.4100639000535,468.4100639000535,468.9102294007316,468.9102294007316,468.8933332003653,67.66489969938993,67.66493069939315,468.90055660065264,468.9102294007316,468.9102294007316,469.90921080019325,469.90921080019325,469.89351479988545,stimuli/box_empty_transparent.png,68.66507659945637,68.66511369962245,469.89360840059817,469.90921080019325,471.90948290005326,471.89262939989567,70.66418039985001,,,,,,,,,,,,,,,,77777,right,no,None,2025-05-21_13h12.07.863,RL_out-of-scanner,2024.2.4,60.0937703897127,2025-05-21 13h12.39.206334 -0500,
14,0,14,space,19.91864429973066,None,5,5.4479708997532725,None,70.66539150010794,k,0.32087820023298264,None,None,71.01525839976966,71.01547409966588,72.51464579999447,72.51468450017273,73.51462829951197,73.51465999986976,74.51436629984528,,,,,,,1,0,1,0,14,0,14,0,471.90948290005326,,,,,,,,,,,,,,,,,,,,,,,,,,,,,,70.66539150010794,471.8938776003197,471.90948290005326,471.90948290005326,471.90948290005326,471.90948290005326,472.24367190059274,k,0.32087820023298264,None,right,1,12,9,2,48,9,None,71.01525839976966,71.01547409966588,472.24396120011806,472.25934330001473,472.25934330001473,473.75979540031403,473.75979540031403,473.74307650048286,72.51464579999447,72.51468450017273,473.75139710027725,473.75979540031403,473.75979540031403,474.75893290061504,474.75893290061504,474.74307239986956,stimuli/box_coin_transparent.png,73.51462829951197,73.51465999986976,474.7431465005502,474.75893290061504,475.75956350006163,475.7428173003718,74.51436629984528,,,,,,,,,,,,,,,,77777,right,no,None,2025-05-21_13h12.07.863,RL_out-of-scanner,2024.2.4,60.0937703897127,2025-05-21 13h12.39.206334 -0500,
15,0,15,space,19.91864429973066,None,5,5.4479708997532725,None,74.51561649981886,k,0.5257569001987576,None,None,75.06610239949077,75.06634639948606,76.06459179986268,76.06462890002877,77.06518039945513,77.06521889939904,79.06487909983844,,,,,,,1,0,1,0,15,0,15,0,475.75956350006163,,,,,,,,,,,,,,,,,,,,,,,,,,,,,,74.51561649981886,475.7441071001813,475.75956350006163,475.75956350006163,475.75956350006163,475.75956350006163,476.29449910018593,k,0.5257569001987576,None,right,0,12,9,2,49,9,None,75.06610239949077,75.06634639948606,476.29483109992,476.30936030019075,476.30936030019075,477.30975140072405,477.30975140072405,477.2930226000026,76.06459179986268,76.06462890002877,477.3003595005721,477.30975140072405,477.30975140072405,,,478.29361570067704,stimuli/box_empty_transparent.png,77.06518039945513,77.06521889939904,478.29371520038694,478.30870470032096,480.3100634003058,480.293329000473,79.06487909983844,,,,,,,,,,,,,,,,77777,right,no,None,2025-05-21_13h12.07.863,RL_out-of-scanner,2024.2.4,60.0937703897127,2025-05-21 13h12.39.206334 -0500,
16,0,16,space,19.91864429973066,None,5,5.4479708997532725,None,79.06607079971582,k,0.33368759974837303,None,None,79.43212519958615,79.43241489958018,81.4475777996704,81.44760899990797,82.44778389949352,82.44782620016485,83.44736009929329,,,,,,,1,0,1,0,16,0,16,0,480.3100634003058,,,,,,,,,,,,,,,,,,,,,,,,,,,,,,79.06607079971582,480.2945557003841,480.3100634003058,480.3100634003058,480.3100634003058,480.3100634003058,480.6605259999633,k,0.33368759974837303,None,right,1,12,10,2,50,10,None,79.43212519958615,79.43241489958018,480.6609022002667,480.67681480012834,480.67681480012834,482.6930084004998,482.6930084004998,482.67601290065795,81.4475777996704,81.44760899990797,482.6850696001202,482.6930084004998,482.6930084004998,483.6921433005482,483.6921433005482,483.6762212999165,stimuli/box_coin_transparent.png,82.44778389949352,82.44782620016485,483.6763273999095,483.6921433005482,484.6924458006397,484.6758099999279,83.44736009929329,,,,,,,,,,,,,,,,77777,right,no,None,2025-05-21_13h12.07.863,RL_out-of-scanner,2024.2.4,60.0937703897127,2025-05-21 13h12.39.206334 -0500,
17,0,17,space,19.91864429973066,None,5,5.4479708997532725,None,83.44865649938583,k,0.7871287995949388,None,None,84.26488939952105,84.26514279935509,85.26519369985908,85.26524099987,86.26430879998952,86.26434609945863,87.26385199930519,,,,,,,1,0,1,0,17,0,17,0,484.6924458006397,,,,,,,,,,,,,,,,,,,,,,,,,,,,,,83.44865649938583,484.6771531999111,484.6924458006397,484.6924458006397,484.6924458006397,484.6924458006397,485.4932882003486,k,0.7871287995949388,None,right,1,12,11,2,51,11,None,84.26488939952105,84.26514279935509,485.4936308003962,485.509058999829,485.509058999829,486.5096778003499,486.5096778003499,486.4936087001115,85.26519369985908,85.26524099987,486.5022672004998,486.5096778003499,486.5096778003499,487.5084548005834,487.5084548005834,487.49274689983577,stimuli/box_coin_transparent.png,86.26430879998952,86.26434609945863,487.49283879995346,487.5084548005834,488.50893130060285,488.4923012005165,87.26385199930519,,,,,,,,,,,,,,,,77777,right,no,None,2025-05-21_13h12.07.863,RL_out-of-scanner,2024.2.4,60.0937703897127,2025-05-21 13h12.39.206334 -0500,
18,0,18,space,19.91864429973066,None,5,5.4479708997532725,None,87.26514169946313,k,0.5363995004445314,None,None,87.831467599608,87.83177709951997,91.3308758996427,91.33092520013452,92.33067839965224,92.33071279991418,94.33008849993348,,,,,,,1,0,1,0,18,0,18,0,488.50893130060285,,,,,,,,,,,,,,,,,,,,,,,,,,,,,,87.26514169946313,488.49362719990313,488.50893130060285,488.50893130060285,488.50893130060285,488.50893130060285,489.05985830072314,k,0.5363995004445314,None,right,0,12,11,2,52,11,None,87.831467599608,87.83177709951997,489.0602735001594,489.07568650040776,489.07568650040776,492.57605550065637,492.57605550065637,492.5592916999012,91.3308758996427,91.33092520013452,492.56795219983906,492.57605550065637,492.57605550065637,493.57493050023913,493.57493050023913,493.5591194005683,stimuli/box_empty_transparent.png,92.33067839965224,92.33071279991418,493.5592034999281,493.57493050023913,495.57539940066636,495.5585373006761,94.33008849993348,,,,,,,,,,,,,,,,77777,right,no,None,2025-05-21_13h12.07.863,RL_out-of-scanner,2024.2.4,60.0937703897127,2025-05-21 13h12.39.206334 -0500,
19,0,19,space,19.91864429973066,None,5,5.4479708997532725,None,94.3315385999158,k,0.34333920013159513,None,None,94.69840209931135,94.69866359978914,95.69757180009037,95.69761099945754,96.69715209957212,96.69718229956925,98.19753179978579,,,,,,,1,0,1,0,19,0,19,0,495.57539940066636,,,,,,,,,,,,,,,,,,,,,,,,,,,,,,94.3315385999158,495.56003020051867,495.57539940066636,495.57539940066636,495.57539940066636,495.57539940066636,495.9267949005589,k,0.34333920013159513,None,right,0,12,11,2,53,11,None,94.69840209931135,94.69866359978914,495.92716250009835,495.942384400405,495.942384400405,496.9426055001095,496.9426055001095,496.92600040044636,95.69757180009037,95.69761099945754,496.9338640999049,496.9426055001095,496.9426055001095,497.9416054999456,497.9416054999456,497.9255982004106,stimuli/box_empty_transparent.png,96.69715209957212,96.69718229956925,497.9256688999012,497.9416054999456,499.44347070064396,499.42598040029407,98.19753179978579,,,,,,,,,,,,,,,,77777,right,no,None,2025-05-21_13h12.07.863,RL_out-of-scanner,2024.2.4,60.0937703897127,2025-05-21 13h12.39.206334 -0500,
20,0,20,space,19.91864429973066,None,5,5.4479708997532725,None,98.1989588001743,j,0.36190889962017536,None,None,98.58213690016419,98.58245559968054,100.58168729953468,100.58173139952123,101.58101399987936,101.58106119930744,103.58063109964132,,,,,,,1,0,1,0,20,0,20,0,499.44347070064396,,,,,,,,,,,,,,,,,,,,,,,,,,,,,,98.1989588001743,499.42744799982756,499.44347070064396,499.44347070064396,499.44347070064396,499.44347070064396,499.8105522003025,j,0.36190889962017536,None,right,0,12,11,2,53,11,None,98.58213690016419,98.58245559968054,499.81094020046294,499.82648370042443,499.82648370042443,501.82601290009916,501.82601290009916,501.8101034006104,100.58168729953468,100.58173139952123,501.81950870063156,501.82601290009916,501.82601290009916,502.8249866999686,502.8249866999686,502.8094415003434,stimuli/box_empty_transparent.png,101.58101399987936,101.58106119930744,502.80956630036235,502.8249866999686,504.82566430047154,504.8090772004798,103.58063109964132,,,,,,,,,,,,,,,,77777,right,no,None,2025-05-21_13h12.07.863,RL_out-of-scanner,2024.2.4,60.0937703897127,2025-05-21 13h12.39.206334 -0500,
21,0,21,space,19.91864429973066,None,5,5.4479708997532725,None,103.58217929955572,k,0.3534855004400015,None,None,103.96488969959319,103.96516640018672,106.96414319984615,106.96418659947813,107.96389659959823,107.96392509993166,109.46298350021243,,,,,,,1,0,1,0,21,0,21,0,504.82566430047154,,,,,,,,,,,,,,,,,,,,,,,,,,,,,,103.58217929955572,504.81067120004445,504.82566430047154,504.82566430047154,504.82566430047154,504.82566430047154,505.193282100372,k,0.3534855004400015,None,right,1,12,12,2,54,12,None,103.96488969959319,103.96516640018672,505.1936781005934,505.2087951004505,505.2087951004505,508.2092826003209,508.2092826003209,508.1925579002127,106.96414319984615,106.96418659947813,508.20117169991136,508.2092826003209,508.2092826003209,509.208051700145,509.208051700145,509.1923413006589,stimuli/box_coin_transparent.png,107.96389659959823,107.96392509993166,509.1924121007323,509.208051700145,510.70831680018455,510.691431700252,109.46298350021243,,,,,,,,,,,,,,,,77777,right,no,None,2025-05-21_13h12.07.863,RL_out-of-scanner,2024.2.4,60.0937703897127,2025-05-21 13h12.39.206334 -0500,
22,0,22,space,19.91864429973066,None,5,5.4479708997532725,None,109.46446349937469,k,0.42804630007594824,None,None,109.91423949971795,109.91453969944268,111.41348870005459,111.41351949982345,112.41348319966346,112.41351199988276,114.41293109953403,,,,,,,1,0,1,0,22,0,22,0,510.70831680018455,,,,,,,,,,,,,,,,,,,,,,,,,,,,,,109.46446349937469,510.69295800011605,510.70831680018455,510.70831680018455,510.70831680018455,510.70831680018455,511.1426549004391,k,0.42804630007594824,None,left,1,10,0,3,54,12,None,109.91423949971795,109.91453969944268,511.14303710032254,511.15838010050356,511.15838010050356,512.6589016998187,512.6589016998187,512.6419238001108,111.41348870005459,111.41351949982345,512.6485195998102,512.6589016998187,512.6589016998187,513.6577343000099,513.6577343000099,513.6419283002615,stimuli/box_empty_transparent.png,112.41348319966346,112.41351199988276,513.6419973000884,513.6577343000099,515.6581688001752,515.641378200613,114.41293109953403,,,,,,,,,,,,,,,,77777,right,no,None,2025-05-21_13h12.07.863,RL_out-of-scanner,2024.2.4,60.0937703897127,2025-05-21 13h12.39.206334 -0500,
23,0,23,space,19.91864429973066,None,5,5.4479708997532725,None,114.41465440019965,k,0.37178369984030724,None,None,114.81383499968797,114.81404539942741,116.31348969973624,116.3135246001184,117.31322709936649,117.31325689982623,118.81285279989243,,,,,,,1,0,1,0,23,0,23,0,515.6581688001752,,,,,,,,,,,,,,,,,,,,,,,,,,,,,,114.41465440019965,515.6431482005864,515.6581688001752,515.6581688001752,515.6581688001752,515.6581688001752,516.0422515003011,k,0.37178369984030724,None,left,1,10,0,3,54,12,None,114.81383499968797,114.81404539942741,516.0425288006663,516.0581769999117,516.0581769999117,517.5585965001956,517.5585965001956,517.5419185003266,116.31348969973624,116.3135246001184,517.550211400725,517.5585965001956,517.5585965001956,518.5575639000162,518.5575639000162,518.5416719000787,stimuli/box_empty_transparent.png,117.31322709936649,117.31325689982623,518.5417432999238,518.5575639000162,520.0580197004601,520.041287000291,118.81285279989243,,,,,,,,,,,,,,,,77777,right,no,None,2025-05-21_13h12.07.863,RL_out-of-scanner,2024.2.4,60.0937703897127,2025-05-21 13h12.39.206334 -0500,
24,0,24,space,19.91864429973066,None,5,5.4479708997532725,None,118.81417279969901,k,0.418333999812603,None,None,119.2639213996008,119.26413930021226,121.26342529989779,121.26345699932426,122.2633028998971,122.26333529967815,123.76257479935884,,,,,,,1,0,1,0,24,0,24,0,520.0580197004601,,,,,,,,,,,,,,,,,,,,,,,,,,,,,,118.81417279969901,520.0426612002775,520.0580197004601,520.0580197004601,520.0580197004601,520.0580197004601,520.4923368003219,k,0.418333999812603,None,left,1,10,0,3,54,12,None,119.2639213996008,119.26413930021226,520.4926230004057,520.5081289000809,520.5081289000809,522.5085698999465,522.5085698999465,522.4918577000499,121.26342529989779,121.26345699932426,522.4985878001899,522.5085698999465,522.5085698999465,523.5073674004525,523.5073674004525,523.4917449001223,stimuli/box_empty_transparent.png,122.2633028998971,122.26333529967815,523.4918307000771,523.5073674004525,525.0077552003786,524.9910217998549,123.76257479935884,,,,,,,,,,,,,,,,77777,right,no,None,2025-05-21_13h12.07.863,RL_out-of-scanner,2024.2.4,60.0937703897127,2025-05-21 13h12.39.206334 -0500,
25,0,25,space,19.91864429973066,None,5,5.4479708997532725,None,123.76406210009009,k,0.4193823002278805,None,None,124.2135312994942,124.21374920010567,125.2131952997297,125.21322529949248,126.2130423001945,126.21307469997555,129.71244539972395,,,,,,,1,0,1,0,25,0,25,0,525.0077552003786,,,,,,,,,,,,,,,,,,,,,,,,,,,,,,123.76406210009009,524.9925561007112,525.0077552003786,525.0077552003786,525.0077552003786,525.0077552003786,525.4419480999932,k,0.4193823002278805,None,left,1,10,0,3,54,12,None,124.2135312994942,124.21374920010567,525.4422355005518,525.4580648001283,525.4580648001283,526.4587103007361,526.4587103007361,526.441628000699,125.2131952997297,125.21322529949248,526.4487073002383,526.4587103007361,526.4587103007361,527.4573721000925,527.4573721000925,527.4414865998551,stimuli/box_empty_transparent.png,126.2130423001945,126.21307469997555,527.4415613003075,527.4573721000925,530.9581229006872,530.9408943001181,129.71244539972395,,,,,,,,,,,,,,,,77777,right,no,None,2025-05-21_13h12.07.863,RL_out-of-scanner,2024.2.4,60.0937703897127,2025-05-21 13h12.39.206334 -0500,
26,0,26,space,19.91864429973066,None,5,5.4479708997532725,None,129.71385809965432,j,0.37470410019159317,None,None,130.11335719935596,130.11362450011075,130.61318089999259,130.6132290996611,131.61286079976708,131.61290109995753,135.1121776998043,,,,,,,1,0,1,0,26,0,26,0,530.9581229006872,,,,,,,,,,,,,,,,,,,,,,,,,,,,,,129.71385809965432,530.942348100245,530.9581229006872,530.9581229006872,530.9581229006872,530.9581229006872,531.3417741004378,j,0.37470410019159317,None,left,1,10,1,3,55,13,None,130.11335719935596,130.11362450011075,531.3421097006649,531.3576636007056,531.3576636007056,531.8584134001285,531.8584134001285,531.8415938001126,130.61318089999259,130.6132290996611,531.8517682002857,531.8584134001285,531.8584134001285,532.8572058007121,532.8572058007121,532.8412995003164,stimuli/box_coin_transparent.png,131.61286079976708,131.61290109995753,532.8413965003565,532.8572058007121,536.3575089005753,536.3406233005226,135.1121776998043,,,,,,,,,,,,,,,,77777,right,no,None,2025-05-21_13h12.07.863,RL_out-of-scanner,2024.2.4,60.0937703897127,2025-05-21 13h12.39.206334 -0500,
27,0,27,space,19.91864429973066,None,5,5.4479708997532725,None,135.1136778993532,j,0.3857918996363878,None,None,135.52999909967184,135.5303507996723,137.0316332001239,137.03168099932373,138.02931169979274,138.02934989985079,139.03032469935715,,,,,,,1,0,1,0,27,0,27,0,536.3575089005753,,,,,,,,,,,,,,,,,,,,,,,,,,,,,,135.1136778993532,536.3421688005328,536.3575089005753,536.3575089005753,536.3575089005753,536.3575089005753,536.7583923004568,j,0.3857918996363878,None,left,1,10,2,3,56,14,None,135.52999909967184,135.5303507996723,536.7588480999693,536.7743431003764,536.7743431003764,538.2747820001096,538.2747820001096,538.2600474003702,137.0316332001239,137.03168099932373,538.268498999998,538.2747820001096,538.2747820001096,539.273584600538,539.273584600538,539.257751500234,stimuli/box_coin_transparent.png,138.02931169979274,138.02934989985079,539.2578484006226,539.273584600538,540.2750623999164,540.2587745999917,139.03032469935715,,,,,,,,,,,,,,,,77777,right,no,None,2025-05-21_13h12.07.863,RL_out-of-scanner,2024.2.4,60.0937703897127,2025-05-21 13h12.39.206334 -0500,
28,0,28,space,19.91864429973066,None,5,5.4479708997532725,None,139.03155909944326,j,1.200607200153172,None,['j'],140.26404639985412,140.26442189980298,141.26349749974906,141.26353299990296,142.2640371993184,142.2640755996108,145.76207889989018,[0.6001522000879049],[0.13599370047450066],,,,,1,0,1,0,28,0,28,0,540.2750623999164,,,,,,,,,,,,,,,,,,,,,,,,,,,,,,139.03155909944326,540.2600437002257,540.2750623999164,540.2750623999164,540.2750623999164,540.2750623999164,541.4923948002979,j,1.200607200153172,None,left,1,10,3,3,57,15,['j'],140.26404639985412,140.26442189980298,541.4929167004302,541.5079803001136,541.5079803001136,542.5080510005355,542.5080510005355,542.491908300668,141.26349749974906,141.26353299990296,542.5020350003615,542.5080510005355,542.5080510005355,543.5073314001784,543.5073314001784,543.4924698006362,stimuli/box_coin_transparent.png,142.2640371993184,142.2640755996108,543.4925661999732,543.5073314001784,547.007345800288,546.9905262002721,145.76207889989018,[0.6001522000879049],[0.13599370047450066],,,,,,,,,,,,,,77777,right,no,None,2025-05-21_13h12.07.863,RL_out-of-scanner,2024.2.4,60.0937703897127,2025-05-21 13h12.39.206334 -0500,
29,0,29,space,19.91864429973066,None,5,5.4479708997532725,None,145.76452790014446,j,0.9937935005873442,None,None,146.7799036996439,146.78017969988286,148.77918609976768,148.7792274998501,149.77916939929128,149.7792087001726,150.7786905001849,,,,,,,1,0,1,0,29,0,29,0,547.007345800288,,,,,,,,,,,,,,,,,,,,,,,,,,,,,,145.76452790014446,546.9930365998298,547.007345800288,547.007345800288,547.007345800288,547.007345800288,548.0083095999435,j,0.9937935005873442,None,left,0,10,3,3,58,15,None,146.7799036996439,146.78017969988286,548.0086699007079,548.0240099998191,548.0240099998191,550.0245596002787,550.0245596002787,550.0076096998528,148.77918609976768,148.7792274998501,550.0145319998264,550.0245596002787,550.0245596002787,551.0233219005167,551.0233219005167,551.0076084006578,stimuli/box_empty_transparent.png,149.77916939929128,149.7792087001726,551.0077073005959,551.0233219005167,552.0237802006304,552.0071408003569,150.7786905001849,,,,,,,,,,,,,,,,77777,right,no,None,2025-05-21_13h12.07.863,RL_out-of-scanner,2024.2.4,60.0937703897127,2025-05-21 13h12.39.206334 -0500,
30,0,30,space,19.91864429973066,None,5,5.4479708997532725,None,150.7798831993714,k,0.35457650013267994,None,None,151.16314660012722,151.16344499960542,152.16243389993906,152.16246769949794,153.16227299999446,153.1622982993722,154.16220659948885,,,,,,,1,0,1,0,30,0,30,0,552.0237802006304,,,,,,,,,,,,,,,,,,,,,,,,,,,,,,150.7798831993714,552.0083683999255,552.0237802006304,552.0237802006304,552.0237802006304,552.0237802006304,552.3915487006307,k,0.35457650013267994,None,left,0,10,3,3,58,15,None,151.16314660012722,151.16344499960542,552.3919436000288,552.4070816002786,552.4070816002786,553.4079395998269,553.4079395998269,553.3908623000607,152.16243389993906,152.16246769949794,553.3972096005455,553.4079395998269,553.4079395998269,554.4065046003088,554.4065046003088,554.3907217001542,stimuli/box_empty_transparent.png,153.16227299999446,153.1622982993722,554.3907791003585,554.4065046003088,555.4070099005476,555.390647300519,154.16220659948885,,,,,,,,,,,,,,,,77777,right,no,None,2025-05-21_13h12.07.863,RL_out-of-scanner,2024.2.4,60.0937703897127,2025-05-21 13h12.39.206334 -0500,
31,0,31,space,19.91864429973066,None,5,5.4479708997532725,None,154.16414720006287,k,0.5279602995142341,None,None,154.71299580018967,154.71329839993268,157.71331079956144,157.7133674994111,158.7284475993365,158.72848419938236,161.22912639938295,,,,,,,1,0,1,0,31,0,31,0,555.4070099005476,,,,,,,,,,,,,,,,,,,,,,,,,,,,,,154.16414720006287,555.3926455006003,555.4070099005476,555.4070099005476,555.4070099005476,555.4070099005476,555.9413887001574,k,0.5279602995142341,None,left,0,10,3,3,58,15,None,154.71299580018967,154.71329839993268,555.9417919004336,555.9569763001055,555.9569763001055,558.9589058002457,558.9589058002457,558.941706600599,157.71331079956144,157.7133674994111,558.952703599818,558.9589058002457,558.9589058002457,,,559.9568840004504,stimuli/box_empty_transparent.png,158.7284475993365,158.72848419938236,559.9569773999974,559.9731167005375,562.4737621005625,562.457559700124,161.22912639938295,,,,,,,,,,,,,,,,77777,right,no,None,2025-05-21_13h12.07.863,RL_out-of-scanner,2024.2.4,60.0937703897127,2025-05-21 13h12.39.206334 -0500,
32,0,32,space,19.91864429973066,None,5,5.4479708997532725,None,161.231508099474,j,0.40038959961384535,None,None,161.662654299289,161.66303269937634,162.66245799977332,162.66249019932002,163.6622192999348,163.66224650014192,164.66153849940747,,,,,,,1,0,1,0,32,0,32,0,562.4737621005625,,,,,,,,,,,,,,,,,,,,,,,,,,,,,,161.231508099474,562.4600084004924,562.4737621005625,562.4737621005625,562.4737621005625,562.4737621005625,562.8910417007282,j,0.40038959961384535,None,left,1,10,4,3,59,16,None,161.662654299289,161.66303269937634,562.8915317999199,562.9068381004035,562.9068381004035,563.9074164004996,563.9074164004996,563.8908903999254,162.66245799977332,162.66249019932002,563.8986213998869,563.9074164004996,563.9074164004996,564.9062935002148,564.9062935002148,564.8906639004126,stimuli/box_coin_transparent.png,163.6622192999348,163.66224650014192,564.8907324001193,564.9062935002148,565.9066869001836,565.8899836000055,164.66153849940747,,,,,,,,,,,,,,,,77777,right,no,None,2025-05-21_13h12.07.863,RL_out-of-scanner,2024.2.4,60.0937703897127,2025-05-21 13h12.39.206334 -0500,
33,0,33,space,19.91864429973066,None,5,5.4479708997532725,None,164.66304349992424,j,0.754619900137186,None,None,165.4457968994975,165.44618059974164,167.4459622995928,167.44600399956107,168.4453037995845,168.4453309001401,169.94466840010136,,,,,,,1,0,1,0,33,0,33,0,565.9066869001836,,,,,,,,,,,,,,,,,,,,,,,,,,,,,,164.66304349992424,565.8915389003232,565.9066869001836,565.9066869001836,565.9066869001836,565.9066869001836,566.6741907000542,j,0.754619900137186,None,left,1,10,5,3,60,17,None,165.4457968994975,165.44618059974164,566.6746866004542,566.6900115003809,566.6900115003809,568.6906008999795,568.6906008999795,568.6743811005726,167.4459622995928,167.44600399956107,568.6845468999818,568.6906008999795,568.6906008999795,569.6896330006421,569.6896330006421,569.673751000315,stimuli/box_coin_transparent.png,168.4453037995845,168.4453309001401,569.6738135004416,569.6896330006421,571.1898878999054,571.1731141004711,169.94466840010136,,,,,,,,,,,,,,,,77777,right,no,None,2025-05-21_13h12.07.863,RL_out-of-scanner,2024.2.4,60.0937703897127,2025-05-21 13h12.39.206334 -0500,
34,0,34,space,19.91864429973066,None,5,5.4479708997532725,None,169.94624239951372,j,0.4478446999564767,None,None,170.41241189930588,170.41270399931818,173.4283895995468,173.42842500004917,174.42849399987608,174.42852449975908,176.928356599994,,,,,,,1,0,1,0,34,0,34,0,571.1898878999054,,,,,,,,,,,,,,,,,,,,,,,,,,,,,,169.94624239951372,571.1747403005138,571.1898878999054,571.1898878999054,571.1898878999054,571.1898878999054,571.6408235998824,j,0.4478446999564767,None,left,1,10,6,3,61,18,None,170.41241189930588,170.41270399931818,571.6411941004917,571.6592462006956,571.6592462006956,574.6735907001421,574.6735907001421,574.6568200001493,173.4283895995468,173.42842500004917,574.6649429006502,574.6735907001421,574.6735907001421,575.6724982000887,575.6724982000887,575.6569322999567,stimuli/box_coin_transparent.png,174.42849399987608,174.42852449975908,575.657016100362,575.6724982000887,578.1729990001768,578.1567993005738,176.928356599994,,,,,,,,,,,,,,,,77777,right,no,None,2025-05-21_13h12.07.863,RL_out-of-scanner,2024.2.4,60.0937703897127,2025-05-21 13h12.39.206334 -0500,
35,0,35,space,19.91864429973066,None,5,5.4479708997532725,None,176.9299168996513,j,0.3818656001240015,None,None,177.32938509993255,177.32982499990612,178.8285603998229,178.82859749998897,179.82840149942786,179.82843639981002,180.8275571996346,,,,,,,1,0,1,0,35,0,35,0,578.1729990001768,,,,,,,,,,,,,,,,,,,,,,,,,,,,,,176.9299168996513,578.1584091000259,578.1729990001768,578.1729990001768,578.1729990001768,578.1729990001768,578.5577704999596,j,0.3818656001240015,None,left,0,10,6,3,62,18,None,177.32938509993255,177.32982499990612,578.5583259006962,578.5732900006697,578.5732900006697,580.0738035002723,580.0738035002723,580.0569855002686,178.8285603998229,178.82859749998897,580.065586199984,580.0738035002723,580.0738035002723,581.072534000501,581.072534000501,581.0568420002237,stimuli/box_empty_transparent.png,179.82840149942786,179.82843639981002,581.0569290006533,581.072534000501,582.0728417001665,582.0560060003772,180.8275571996346,,,,,,,,,,,,,,,,77777,right,no,None,2025-05-21_13h12.07.863,RL_out-of-scanner,2024.2.4,60.0937703897127,2025-05-21 13h12.39.206334 -0500,
36,0,36,space,19.91864429973066,None,5,5.4479708997532725,None,180.82901269942522,k,0.3759901998564601,None,None,181.2285824995488,181.22893339954317,182.7280300995335,182.72806699946523,183.72825630009174,183.7282870998606,187.22750809974968,,,,,,,1,0,1,0,36,0,36,0,582.0728417001665,,,,,,,,,,,,,,,,,,,,,,,,,,,,,,180.82901269942522,582.0575044006109,582.0728417001665,582.0728417001665,582.0728417001665,582.0728417001665,582.4569738004357,k,0.3759901998564601,None,left,0,10,6,3,62,18,None,181.2285824995488,181.22893339954317,582.4574287002906,582.4729487001896,582.4729487001896,583.9734116001055,583.9734116001055,583.956460500136,182.7280300995335,182.72806699946523,583.9632991999388,583.9734116001055,583.9734116001055,584.9724294003099,584.9724294003099,584.956697200425,stimuli/box_empty_transparent.png,183.72825630009174,183.7282870998606,584.9567745001987,584.9724294003099,588.4728973004967,588.4559562001377,187.22750809974968,,,,,,,,,,,,,,,,77777,right,no,None,2025-05-21_13h12.07.863,RL_out-of-scanner,2024.2.4,60.0937703897127,2025-05-21 13h12.39.206334 -0500,
37,0,37,space,19.91864429973066,None,5,5.4479708997532725,None,187.22892579995096,k,0.4533063992857933,None,None,187.7117285998538,187.71199299953878,189.7111732000485,189.7112099993974,190.71149729937315,190.71152490004897,191.71228449977934,,,,,,,1,0,1,0,37,0,37,0,588.4728973004967,,,,,,,,,,,,,,,,,,,,,,,,,,,,,,187.22892579995096,588.4574164999649,588.4728973004967,588.4728973004967,588.4728973004967,588.4728973004967,588.9401321001351,k,0.4533063992857933,None,left,0,10,6,3,62,18,None,187.7117285998538,187.71199299953878,588.9404811998829,588.9559361003339,588.9559361003339,590.9562226003036,590.9562226003036,590.939604700543,189.7111732000485,189.7112099993974,590.9468694999814,590.9562226003036,590.9562226003036,591.9554285006598,591.9554285006598,591.9399404004216,stimuli/box_empty_transparent.png,190.71149729937315,190.71152490004897,591.940007400699,591.9554285006598,592.9566541006789,592.9407269004732,191.71228449977934,,,,,,,,,,,,,,,,77777,right,no,None,2025-05-21_13h12.07.863,RL_out-of-scanner,2024.2.4,60.0937703897127,2025-05-21 13h12.39.206334 -0500,
38,0,38,space,19.91864429973066,None,5,5.4479708997532725,None,191.7135675996542,j,0.40214489959180355,None,None,192.14564139954746,192.1460480997339,193.14491339959204,193.1449508992955,194.16101969964802,194.16105110011995,195.6607542997226,,,,,,,1,0,1,0,38,0,38,0,592.9566541006789,,,,,,,,,,,,,,,,,,,,,,,,,,,,,,191.7135675996542,592.9420520002022,592.9566541006789,592.9566541006789,592.9566541006789,592.9566541006789,593.3740448001772,j,0.40214489959180355,None,left,1,10,7,3,63,19,None,192.14564139954746,192.1460480997339,593.3745455006137,593.3895982000977,593.3895982000977,594.3916353005916,594.3916353005916,594.3733342001215,193.14491339959204,193.1449508992955,594.3859005002305,594.3916353005916,594.3916353005916,,,595.3894613003358,stimuli/box_coin_transparent.png,194.16101969964802,194.16105110011995,595.3895415998995,595.4057523002848,596.905901200138,596.8891946999356,195.6607542997226,,,,,,,,,,,,,,,,77777,right,no,None,2025-05-21_13h12.07.863,RL_out-of-scanner,2024.2.4,60.0937703897127,2025-05-21 13h12.39.206334 -0500,
39,0,39,space,19.91864429973066,None,5,5.4479708997532725,None,195.6630612993613,j,0.4746663998812437,None,None,196.16218320000917,196.16259549930692,197.17846099939197,197.17849729955196,198.17816509958357,198.1782027995214,199.17730079963803,,,,,,,1,0,1,0,39,0,39,0,596.905901200138,,,,,,,,,,,,,,,,,,,,,,,,,,,,,,195.6630612993613,596.8915645005181,596.905901200138,596.905901200138,596.905901200138,596.905901200138,597.3905707001686,j,0.4746663998812437,None,left,0,10,7,3,64,19,None,196.16218320000917,196.16259549930692,597.3910956000909,597.4084637006745,597.4084637006745,598.4231280004606,598.4231280004606,598.4068859005347,197.17846099939197,197.17849729955196,598.4154823999852,598.4231280004606,598.4231280004606,599.4219626002014,599.4219626002014,599.4066053004935,stimuli/box_empty_transparent.png,198.17816509958357,198.1782027995214,599.4067032998428,599.4219626002014,600.4221918005496,600.4057504003868,199.17730079963803,,,,,,,,,,,,,,,,77777,right,no,None,2025-05-21_13h12.07.863,RL_out-of-scanner,2024.2.4,60.0937703897127,2025-05-21 13h12.39.206334 -0500,
40,0,40,space,19.91864429973066,None,5,5.4479708997532725,None,199.1785062002018,k,0.3601440992206335,None,None,199.56135439965874,199.5615911995992,201.06089339964092,201.06093200016767,202.0610195994377,202.06105390004814,203.06092480011284,,,,,,,1,0,1,0,40,0,40,0,600.4221918005496,,,,,,,,,,,,,,,,,,,,,,,,,,,,,,199.1785062002018,600.4069929998368,600.4221918005496,600.4221918005496,600.4221918005496,600.4221918005496,600.7897495999932,k,0.3601440992206335,None,left,0,10,7,3,64,19,None,199.56135439965874,199.5615911995992,600.7900784006342,600.8056600000709,600.8056600000709,602.306143800728,602.306143800728,602.2893111007288,201.06089339964092,201.06093200016767,602.2978127002716,602.306143800728,602.306143800728,603.3050699001178,603.3050699001178,603.2894623000175,stimuli/box_empty_transparent.png,202.0610195994377,202.06105390004814,603.2895448002964,603.3050699001178,604.3059096001089,604.2893743999302,203.06092480011284,,,,,,,,,,,,,,,,77777,right,no,None,2025-05-21_13h12.07.863,RL_out-of-scanner,2024.2.4,60.0937703897127,2025-05-21 13h12.39.206334 -0500,
41,0,41,space,19.91864429973066,None,5,5.4479708997532725,None,203.06241509970278,j,0.35833860002458096,None,None,203.44510539993644,203.44540219940245,204.4442737000063,204.44430429954082,205.44483259972185,205.4448632998392,208.44364389963448,,,,,,,1,0,1,0,41,0,41,0,604.3059096001089,,,,,,,,,,,,,,,,,,,,,,,,,,,,,,203.06241509970278,604.2909094002098,604.3059096001089,604.3059096001089,604.3059096001089,604.3059096001089,604.6735112005845,j,0.35833860002458096,None,left,1,10,8,3,65,20,None,203.44510539993644,203.44540219940245,604.6738970000297,604.6895836004987,604.6895836004987,605.6897400002927,605.6897400002927,605.6727012004703,204.4442737000063,204.44430429954082,605.6802823003381,605.6897400002927,605.6897400002927,606.6888926001266,606.6888926001266,606.6732737002894,stimuli/box_coin_transparent.png,205.44483259972185,205.4448632998392,606.673351900652,606.6888926001266,609.693124900572,609.6720944000408,208.44364389963448,,,,,,,,,,,,,,,,77777,right,no,None,2025-05-21_13h12.07.863,RL_out-of-scanner,2024.2.4,60.0937703897127,2025-05-21 13h12.39.206334 -0500,
42,0,42,space,19.91864429973066,None,5,5.4479708997532725,None,208.44491629954427,j,0.42929880041629076,None,None,208.91149089951068,208.91181359998882,210.91091240011156,210.91094289999455,211.91327789984643,211.9133077999577,215.40985229983926,,,,,,,1,0,1,0,42,0,42,0,609.693124900572,,,,,,,,,,,,,,,,,,,,,,,,,,,,,,208.44491629954427,609.6734118005261,609.693124900572,609.693124900572,609.693124900572,609.693124900572,610.1398926004767,j,0.42929880041629076,None,left,1,10,9,3,66,21,None,208.91149089951068,208.91181359998882,610.1403077002615,610.1556609002873,610.1556609002873,612.156024900265,612.156024900265,612.1393464002758,210.91091240011156,210.91094289999455,612.1480999002233,612.156024900265,612.156024900265,613.1547819003463,613.1547819003463,613.141722000204,stimuli/box_coin_transparent.png,211.91327789984643,211.9133077999577,613.1417954005301,613.1547819003463,616.6552055003121,616.6382935000584,215.40985229983926,,,,,,,,,,,,,,,,77777,right,no,None,2025-05-21_13h12.07.863,RL_out-of-scanner,2024.2.4,60.0937703897127,2025-05-21 13h12.39.206334 -0500,
43,0,43,space,19.91864429973066,None,5,5.4479708997532725,None,215.4113274998963,j,0.3773644007742405,None,None,215.8110232995823,215.81142019946128,216.81059949938208,216.81063019949943,217.81054549943656,217.8105744998902,219.80978759936988,,,,,,,1,0,1,0,43,0,43,0,616.6552055003121,,,,,,,,,,,,,,,,,,,,,,,,,,,,,,215.4113274998963,616.6398137006909,616.6552055003121,616.6552055003121,616.6552055003121,616.6552055003121,617.0393968001008,j,0.3773644007742405,None,left,1,10,10,3,67,22,None,215.8110232995823,215.81142019946128,617.0399166001007,617.0552455000579,617.0552455000579,618.0556545006111,618.0556545006111,618.0390340005979,216.81059949938208,216.81063019949943,618.0481505002826,618.0556545006111,618.0556545006111,619.0547385001555,619.0547385001555,619.0389898000285,stimuli/box_coin_transparent.png,217.81054549943656,217.8105744998902,619.0390610005707,619.0547385001555,621.0551522001624,621.0382344005629,219.80978759936988,,,,,,,,,,,,,,,,77777,right,no,None,2025-05-21_13h12.07.863,RL_out-of-scanner,2024.2.4,60.0937703897127,2025-05-21 13h12.39.206334 -0500,
44,0,44,space,19.91864429973066,None,5,5.4479708997532725,None,219.81125089991838,j,0.42009419947862625,None,None,220.26096339989454,220.26133999973536,222.76024129986763,222.7602729992941,223.7607547994703,223.76078469958156,225.75954869948328,,,,,,,1,0,1,0,44,0,44,0,621.0551522001624,,,,,,,,,,,,,,,,,,,,,,,,,,,,,,219.81125089991838,621.0397422006354,621.0551522001624,621.0551522001624,621.0551522001624,621.0551522001624,621.48934870027,j,0.42009419947862625,None,right,1,9,0,4,67,22,None,220.26096339989454,220.26133999973536,621.4898353004828,621.5055104000494,621.5055104000494,624.0058705005795,624.0058705005795,623.9886747002602,222.76024129986763,222.7602729992941,623.9952116999775,624.0058705005795,624.0058705005795,,,624.98919150047,stimuli/box_empty_transparent.png,223.7607547994703,223.76078469958156,624.9892704002559,625.0046465005726,627.0047636004165,626.9879990005866,225.75954869948328,,,,,,,,,,,,,,,,77777,right,no,None,2025-05-21_13h12.07.863,RL_out-of-scanner,2024.2.4,60.0937703897127,2025-05-21 13h12.39.206334 -0500,
45,0,45,space,19.91864429973066,None,5,5.4479708997532725,None,225.76084259990603,k,0.4154181992635131,None,None,226.19406169932336,226.1942991996184,227.19462129939348,227.19465299975127,228.20988139975816,228.2099115997553,229.2104243999347,,,,,,,1,0,1,0,45,0,45,0,627.0047636004165,,,,,,,,,,,,,,,,,,,,,,,,,,,,,,225.76084259990603,626.9893292998895,627.0047636004165,627.0047636004165,627.0047636004165,627.0047636004165,627.4224657006562,k,0.4154181992635131,None,right,1,9,1,4,68,23,None,226.19406169932336,226.1942991996184,627.4227875005454,627.4382628006861,627.4382628006861,628.4392779003829,628.4392779003829,628.4230551002547,227.19462129939348,227.19465299975127,628.4308476001024,628.4392779003829,628.4392779003829,,,629.4383240006864,stimuli/box_coin_transparent.png,228.20988139975816,228.2099115997553,629.4384006001055,629.4545371998101,630.4549973001704,630.4388664001599,229.2104243999347,,,,,,,,,,,,,,,,77777,right,no,None,2025-05-21_13h12.07.863,RL_out-of-scanner,2024.2.4,60.0937703897127,2025-05-21 13h12.39.206334 -0500,
46,0,46,space,19.91864429973066,None,5,5.4479708997532725,None,229.21260460000485,k,0.4589470000937581,None,None,229.69460699986666,229.69484370015562,231.69343389943242,231.69346909970045,232.6934329001233,232.6934679998085,233.69299269933254,,,,,,,1,0,1,0,46,0,46,0,630.4549973001704,,,,,,,,,,,,,,,,,,,,,,,,,,,,,,229.21260460000485,630.4411035003141,630.4549973001704,630.4549973001704,630.4549973001704,630.4549973001704,630.9230126002803,k,0.4589470000937581,None,right,1,9,2,4,69,24,None,229.69460699986666,229.69484370015562,630.923331500031,630.9382874006405,630.9382874006405,632.9387814998627,632.9387814998627,632.9218625007197,231.69343389943242,231.69346909970045,632.9318377003074,632.9387814998627,632.9387814998627,633.9382417006418,633.9382417006418,633.92187200021,stimuli/box_coin_transparent.png,232.6934329001233,232.6934679998085,633.9219594998285,633.9382417006418,634.9380330005661,634.9214329002425,233.69299269933254,,,,,,,,,,,,,,,,77777,right,no,None,2025-05-21_13h12.07.863,RL_out-of-scanner,2024.2.4,60.0937703897127,2025-05-21 13h12.39.206334 -0500,
47,0,47,space,19.91864429973066,None,5,5.4479708997532725,None,233.69494089949876,k,0.31948820035904646,None,None,234.04411069955677,234.04435459990054,237.04312440007925,237.04315919987857,238.04325699992478,238.04329109936953,239.54311739932746,,,,,,,1,0,1,0,47,0,47,0,634.9380330005661,,,,,,,,,,,,,,,,,,,,,,,,,,,,,,233.69494089949876,634.9234442999586,634.9380330005661,634.9380330005661,634.9380330005661,634.9380330005661,635.2724970001727,k,0.31948820035904646,None,right,1,9,3,4,70,25,None,234.04411069955677,234.04435459990054,635.2728451006114,635.2884726999328,635.2884726999328,638.2885862002149,638.2885862002149,638.2715552002192,237.04312440007925,237.04315919987857,638.2797429999337,638.2885862002149,638.2885862002149,639.287586200051,639.287586200051,639.2716976003721,stimuli/box_coin_transparent.png,238.04325699992478,238.04329109936953,639.2717828005552,639.287586200051,640.7884951001033,640.7715605003759,239.54311739932746,,,,,,,,,,,,,,,,77777,right,no,None,2025-05-21_13h12.07.863,RL_out-of-scanner,2024.2.4,60.0937703897127,2025-05-21 13h12.39.206334 -0500,
48,0,48,space,19.91864429973066,None,5,5.4479708997532725,None,239.54447169974446,k,0.3465671995654702,None,None,239.91036089975387,239.91060139983892,241.41014319937676,241.41017189994454,242.41006499994546,242.4101203000173,245.908978799358,,,,,,,1,0,1,0,48,0,48,0,640.7884951001033,,,,,,,,,,,,,,,,,,,,,,,,,,,,,,239.54447169974446,640.7729584006593,640.7884951001033,640.7884951001033,640.7884951001033,640.7884951001033,641.1387614002451,k,0.3465671995654702,None,right,1,9,4,4,71,26,None,239.91036089975387,239.91060139983892,641.1390890004113,641.1544096004218,641.1544096004218,642.655043900013,642.655043900013,642.6385717000812,241.41014319937676,241.41017189994454,642.64762120042,642.655043900013,642.655043900013,643.6540600005537,643.6540600005537,643.638504399918,stimuli/box_coin_transparent.png,242.41006499994546,242.4101203000173,643.6386171998456,643.6540600005537,647.15424240008,647.1374235004187,245.908978799358,,,,,,,,,,,,,,,,77777,right,no,None,2025-05-21_13h12.07.863,RL_out-of-scanner,2024.2.4,60.0937703897127,2025-05-21 13h12.39.206334 -0500,
49,0,49,space,19.91864429973066,None,5,5.4479708997532725,None,245.91086819954216,k,0.34354089945554733,None,None,246.2768681999296,246.27706969995052,247.77625629957765,247.7762869000435,248.77644059993327,248.77647639997303,248.77685829997063,,,,,,,1,0,1,0,49,0,49,0,647.15424240008,,,,,,,,,,,,,,,,,,,,,,,,,,,,,,245.91086819954216,647.139365600422,647.15424240008,647.15424240008,647.15424240008,647.15424240008,647.5052845999599,k,0.34354089945554733,None,right,0,9,4,4,72,26,None,246.2768681999296,246.27706969995052,647.5055531999096,647.5210017999634,647.5210017999634,649.0215766001493,649.0215766001493,649.00468919985,247.77625629957765,247.7762869000435,649.0113000003621,649.0215766001493,649.0215766001493,650.0225225007161,650.0225225007161,650.0048791998997,stimuli/box_empty_transparent.png,248.77644059993327,248.77647639997303,650.004968999885,650.0225225007161,650.0225225007161,650.0053094001487,248.77685829997063,,,,,,,,,,,,,,,,77777,right,no,None,2025-05-21_13h12.07.863,RL_out-of-scanner,2024.2.4,60.0937703897127,2025-05-21 13h12.39.206334 -0500,
1,0,1,space,19.91864429973066,None,5,5.4479708997532725,None,,,,,,,,,,,,,,,,,,,1,0,1,0,,,,,,,,,,,,,,,,,,,,,,,,,,,,,,,,,,,,,,,,,,,,,,,,,,,,,,,,,,,,,,,,,,,,,,,,,,,,,,,650.0187488002703,650.0225225007161,654.0204530004412,654.0205088006333,654.0368833001703,704.6689404007047,704.6527780005708,,,,,,,77777,right,no,None,2025-05-21_13h12.07.863,RL_out-of-scanner,2024.2.4,60.0937703897127,2025-05-21 13h12.39.206334 -0500,
0,0,0,space,11.412484700791538,None,5,2.359842600300908,None,0.0015251003205776215,j,0.4055714998394251,None,None,0.43364830035716295,0.43392520025372505,1.4331789007410407,1.4332240000367165,2.433126600459218,2.433160800486803,4.432805000804365,,,,,,,2,0,2,0,0,0,0,0,718.4854912003502,,,,,,,,,,,,,,,,704.6529287006706,704.6689404007047,704.6689404007047,716.0857086004689,space,11.412484700791538,None,716.0857792999595,716.1018048999831,716.1018048999831,718.4692507004365,5,2.359842600300908,None,0.0015251003205776215,718.4708322007209,718.4854912003502,718.4854912003502,718.4854912003502,718.4854912003502,718.9028855999932,j,0.4055714998394251,None,right,0,8,0,5,72,0,None,0.43364830035716295,0.43392520025372505,718.9032413000241,718.9188523003832,718.9188523003832,719.9193611005321,719.9193611005321,719.9024173999205,1.4331789007410407,1.4332240000367165,719.9099212000147,719.9193611005321,719.9193611005321,720.9181855004281,720.9181855004281,720.9023897005245,stimuli/box_empty_transparent.png,2.433126600459218,2.433160800486803,720.902472300455,720.9181855004281,722.9190554004163,722.902073699981,4.432805000804365,,,,,,,,,,,,,,,,77777,right,no,None,2025-05-21_13h12.07.863,RL_out-of-scanner,2024.2.4,60.0937703897127,2025-05-21 13h12.39.206334 -0500,
1,0,1,space,11.412484700791538,None,5,2.359842600300908,None,4.434151099994779,k,0.40488689951598644,None,None,4.866948200389743,4.867191200144589,6.366549500264227,6.366598499938846,7.366361900232732,7.366407600231469,8.866179200820625,,,,,,,2,0,2,0,1,0,1,0,722.9190554004163,,,,,,,,,,,,,,,,,,,,,,,,,,,,,,4.434151099994779,722.9034635005519,722.9190554004163,722.9190554004163,722.9190554004163,722.9190554004163,723.3361872006208,k,0.40488689951598644,None,right,1,8,1,5,73,1,None,4.866948200389743,4.867191200144589,723.3364994004369,723.3520398000255,723.3520398000255,724.8527052998543,724.8527052998543,724.8357869004831,6.366549500264227,6.366598499938846,724.8449645005167,724.8527052998543,724.8527052998543,725.8514896007255,725.8514896007255,725.8356271004304,stimuli/box_coin_transparent.png,7.366361900232732,7.366407600231469,725.8357186000794,725.8514896007255,727.3520876001567,727.335443300195,8.866179200820625,,,,,,,,,,,,,,,,77777,right,no,None,2025-05-21_13h12.07.863,RL_out-of-scanner,2024.2.4,60.0937703897127,2025-05-21 13h12.39.206334 -0500,
2,0,2,space,11.412484700791538,None,5,2.359842600300908,None,8.867534500546753,k,0.552547000348568,None,None,9.451034400612116,9.45141370035708,10.450247400440276,10.450293300673366,11.466062700375915,11.466094300150871,14.4658976001665,,,,,,,2,0,2,0,2,0,2,0,727.3520876001567,,,,,,,,,,,,,,,,,,,,,,,,,,,,,,8.867534500546753,727.336846199818,727.3520876001567,727.3520876001567,727.3520876001567,727.3520876001567,727.920237400569,k,0.552547000348568,None,right,1,8,2,5,74,2,None,9.451034400612116,9.45141370035708,727.9207394998521,727.9356649005786,727.9356649005786,728.9368069004267,728.9368069004267,728.9194726003334,10.450247400440276,10.450293300673366,728.9314191006124,728.9368069004267,728.9368069004267,,,729.9353248998523,stimuli/box_coin_transparent.png,11.466062700375915,11.466094300150871,729.9354041004553,729.9513458004221,732.9517760006711,732.93516010046,14.4658976001665,,,,,,,,,,,,,,,,77777,right,no,None,2025-05-21_13h12.07.863,RL_out-of-scanner,2024.2.4,60.0937703897127,2025-05-21 13h12.39.206334 -0500,
3,0,3,space,11.412484700791538,None,5,2.359842600300908,None,14.467249900102615,k,0.3743416992947459,None,None,14.866858400404453,14.867080800235271,16.883026800118387,16.88306220062077,17.88273650035262,17.88277420029044,18.88258480001241,,,,,,,2,0,2,0,3,0,3,0,732.9517760006711,,,,,,,,,,,,,,,,,,,,,,,,,,,,,,14.467249900102615,732.9365584999323,732.9517760006711,732.9517760006711,732.9517760006711,732.9517760006711,733.3360932003707,k,0.3743416992947459,None,right,1,8,3,5,75,3,None,14.866858400404453,14.867080800235271,733.3363861003891,733.354064100422,733.354064100422,735.3690598998219,735.3690598998219,735.352276599966,16.883026800118387,16.88306220062077,735.3600245006382,735.3690598998219,735.3690598998219,736.3678352003917,736.3678352003917,736.3519986001775,stimuli/box_coin_transparent.png,17.88273650035262,17.88277420029044,736.3521167999133,736.3678352003917,737.3707862002775,737.3518495000899,18.88258480001241,,,,,,,,,,,,,,,,77777,right,no,None,2025-05-21_13h12.07.863,RL_out-of-scanner,2024.2.4,60.0937703897127,2025-05-21 13h12.39.206334 -0500,
4,0,4,space,11.412484700791538,None,5,2.359842600300908,None,18.88409640081227,k,0.44552719965577126,None,None,19.35063620004803,19.35089740063995,20.349859200417995,20.34990410041064,21.34937670081854,21.349408200010657,23.84892120026052,,,,,,,2,0,2,0,4,0,4,0,737.3707862002775,,,,,,,,,,,,,,,,,,,,,,,,,,,,,,18.88409640081227,737.3534169001505,737.3707862002775,737.3707862002775,737.3707862002775,737.3707862002775,737.8198571000248,k,0.44552719965577126,None,right,1,8,4,5,76,4,None,19.35063620004803,19.35089740063995,737.8202093001455,737.8349901000038,737.8349901000038,738.8352504000068,738.8352504000068,738.8190975002944,20.349859200417995,20.34990410041064,738.8284705001861,738.8352504000068,738.8352504000068,739.8344104001299,739.8344104001299,739.8186405003071,stimuli/box_coin_transparent.png,21.34937670081854,21.349408200010657,739.8187167998403,739.8344104001299,742.334984799847,742.31819000002,23.84892120026052,,,,,,,,,,,,,,,,77777,right,no,None,2025-05-21_13h12.07.863,RL_out-of-scanner,2024.2.4,60.0937703897127,2025-05-21 13h12.39.206334 -0500,
5,0,5,space,11.412484700791538,None,5,2.359842600300908,None,23.850191900506616,k,0.33752109948545694,None,None,24.217200600542128,24.217549700289965,27.716364200226963,27.716401600278914,28.733263400383294,28.733301300555468,30.732647600583732,,,,,,,2,0,2,0,5,0,5,0,742.334984799847,,,,,,,,,,,,,,,,,,,,,,,,,,,,,,23.850191900506616,742.3195035001263,742.334984799847,742.334984799847,742.334984799847,742.334984799847,742.6864251000807,k,0.33752109948545694,None,right,0,8,4,5,77,4,None,24.217200600542128,24.217549700289965,742.6868641003966,742.7017433000728,742.7017433000728,746.20454310067,746.20454310067,746.1856117006391,27.716364200226963,27.716401600278914,746.1932171005756,746.20454310067,746.20454310067,,,747.2025204999372,stimuli/box_empty_transparent.png,28.733263400383294,28.733301300555468,747.2026169002056,747.2178973006085,749.2179148001596,749.2019046004862,30.732647600583732,,,,,,,,,,,,,,,,77777,right,no,None,2025-05-21_13h12.07.863,RL_out-of-scanner,2024.2.4,60.0937703897127,2025-05-21 13h12.39.206334 -0500,
6,0,6,space,11.412484700791538,None,5,2.359842600300908,None,30.734494199976325,j,0.32203599996864796,None,None,31.08351720031351,31.083810199983418,32.09925390034914,32.09929020050913,33.099257400259376,33.099288400262594,34.09912999998778,,,,,,,2,0,2,0,6,0,6,0,749.2179148001596,,,,,,,,,,,,,,,,,,,,,,,,,,,,,,30.734494199976325,749.2038083001971,749.2179148001596,749.2179148001596,749.2179148001596,749.2179148001596,749.5527301002294,j,0.32203599996864796,None,right,0,8,4,5,77,4,None,31.08351720031351,31.083810199983418,749.5531208999455,749.5697095002979,749.5697095002979,750.5850796001032,750.5850796001032,750.5685024000704,32.09925390034914,32.09929020050913,750.578792700544,750.5850796001032,750.5850796001032,751.5840704999864,751.5840704999864,751.568521800451,stimuli/box_empty_transparent.png,33.099257400259376,33.099288400262594,751.5685967998579,751.5840704999864,752.5847840001807,752.5683989999816,34.09912999998778,,,,,,,,,,,,,,,,77777,right,no,None,2025-05-21_13h12.07.863,RL_out-of-scanner,2024.2.4,60.0937703897127,2025-05-21 13h12.39.206334 -0500,
7,0,7,space,11.412484700791538,None,5,2.359842600300908,None,34.10080230049789,k,0.5451477002352476,None,None,34.66631090082228,34.66660110000521,36.66559040080756,36.665626800619066,37.66537760011852,37.66540770046413,39.66524020023644,,,,,,,2,0,2,0,7,0,7,0,752.5847840001807,,,,,,,,,,,,,,,,,,,,,,,,,,,,,,34.10080230049789,752.5701127005741,752.5847840001807,752.5847840001807,752.5847840001807,752.5847840001807,753.1355255004019,k,0.5451477002352476,None,right,0,8,4,5,78,4,None,34.66631090082228,34.66660110000521,753.1359181003645,753.1515469001606,753.1515469001606,755.1516200006008,755.1516200006008,755.1348393000662,36.66559040080756,36.665626800619066,755.1424119006842,755.1516200006008,755.1516200006008,756.1504989005625,756.1504989005625,756.134644200094,stimuli/box_empty_transparent.png,37.66537760011852,37.66540770046413,756.1347155999392,756.1504989005625,758.151071600616,758.1345089003444,39.66524020023644,,,,,,,,,,,,,,,,77777,right,no,None,2025-05-21_13h12.07.863,RL_out-of-scanner,2024.2.4,60.0937703897127,2025-05-21 13h12.39.206334 -0500,
8,0,8,space,11.412484700791538,None,5,2.359842600300908,None,39.6669340999797,k,0.3360673999413848,None,None,40.033389599993825,40.033675100654364,43.04871760029346,43.04874830041081,44.04900540038943,44.04904010053724,45.5483667999506,,,,,,,2,0,2,0,8,0,8,0,758.151071600616,,,,,,,,,,,,,,,,,,,,,,,,,,,,,,39.6669340999797,758.1362561006099,758.151071600616,758.151071600616,758.151071600616,758.151071600616,758.5026158001274,k,0.3360673999413848,None,right,1,8,5,5,79,5,None,40.033389599993825,40.033675100654364,758.5029938006774,758.5187734998763,758.5187734998763,761.5349628999829,761.5349628999829,761.5179687002674,43.04871760029346,43.04874830041081,761.5269977999851,761.5349628999829,761.5349628999829,762.5336984004825,762.5336984004825,762.518269000575,stimuli/box_coin_transparent.png,44.04900540038943,44.04904010053724,762.5183522999287,762.5336984004825,764.0347188999876,764.0176362004131,45.5483667999506,,,,,,,,,,,,,,,,77777,right,no,None,2025-05-21_13h12.07.863,RL_out-of-scanner,2024.2.4,60.0937703897127,2025-05-21 13h12.39.206334 -0500,
9,0,9,space,11.412484700791538,None,5,2.359842600300908,None,45.550263800658286,k,0.6508724000304937,None,None,46.232999600470066,46.2333207000047,47.7318970002234,47.73192770034075,48.731864400207996,48.731894000433385,50.73124960064888,,,,,,,2,0,2,0,9,0,9,0,764.0347188999876,,,,,,,,,,,,,,,,,,,,,,,,,,,,,,45.550263800658286,764.0195837998763,764.0347188999876,764.0347188999876,764.0347188999876,764.0347188999876,764.7022136002779,k,0.6508724000304937,None,right,1,8,6,5,80,6,None,46.232999600470066,46.2333207000047,764.7026482000947,764.717481800355,764.717481800355,766.2181517006829,766.2181517006829,766.2011460000649,47.7318970002234,47.73192770034075,766.2099962998182,766.2181517006829,766.2181517006829,767.2172368001193,767.2172368001193,767.2011315003037,stimuli/box_coin_transparent.png,48.731864400207996,48.731894000433385,767.2012020004913,767.2172368001193,769.217348200269,769.2005143007264,50.73124960064888,,,,,,,,,,,,,,,,77777,right,no,None,2025-05-21_13h12.07.863,RL_out-of-scanner,2024.2.4,60.0937703897127,2025-05-21 13h12.39.206334 -0500,
10,0,10,space,11.412484700791538,None,5,2.359842600300908,None,50.73284710012376,k,0.45698130037635565,None,None,51.216443500481546,51.216668100096285,52.71512160077691,52.71516430005431,53.715388800017536,53.715422000736,54.71500120032579,,,,,,,2,0,2,0,10,0,10,0,769.217348200269,,,,,,,,,,,,,,,,,,,,,,,,,,,,,,50.73284710012376,769.2021637000144,769.217348200269,769.217348200269,769.217348200269,769.217348200269,769.6856663003564,k,0.45698130037635565,None,right,1,8,7,5,81,7,None,51.216443500481546,51.216668100096285,769.6859748000279,769.7009601006284,769.7009601006284,771.2010914999992,771.2010914999992,771.1843651998788,52.71512160077691,52.71516430005431,771.1951079005376,771.2010914999992,771.2010914999992,772.200088900514,772.200088900514,772.1846532002091,stimuli/box_coin_transparent.png,53.715388800017536,53.715422000736,772.1847347002476,772.200088900514,773.2006203001365,773.1842561000958,54.71500120032579,,,,,,,,,,,,,,,,77777,right,no,None,2025-05-21_13h12.07.863,RL_out-of-scanner,2024.2.4,60.0937703897127,2025-05-21 13h12.39.206334 -0500,
11,0,11,space,11.412484700791538,None,5,2.359842600300908,None,54.71651430055499,k,0.5779503006488085,None,None,55.3158905999735,55.31610820069909,57.31500599998981,57.315055100247264,58.314942500554025,58.314968700520694,59.814301300793886,,,,,,,2,0,2,0,11,0,11,0,773.2006203001365,,,,,,,,,,,,,,,,,,,,,,,,,,,,,,54.71651430055499,773.1858352003619,773.2006203001365,773.2006203001365,773.2006203001365,773.2006203001365,773.7851187000051,k,0.5779503006488085,None,right,0,8,7,5,82,7,None,55.3158905999735,55.31610820069909,773.7854129001498,773.8006129004061,773.8006129004061,775.8009528005496,775.8009528005496,775.7842394001782,57.31500599998981,57.315055100247264,775.7916991999373,775.8009528005496,775.8009528005496,776.7999785002321,776.7999785002321,776.7842129999772,stimuli/box_empty_transparent.png,58.314942500554025,58.314968700520694,776.7842717999592,776.7999785002321,778.3003942007199,778.2835745001212,59.814301300793886,,,,,,,,,,,,,,,,77777,right,no,None,2025-05-21_13h12.07.863,RL_out-of-scanner,2024.2.4,60.0937703897127,2025-05-21 13h12.39.206334 -0500,
12,0,12,space,11.412484700791538,None,5,2.359842600300908,None,59.81569360010326,j,0.4741516998037696,None,None,60.31629080045968,60.31654560007155,61.31496300082654,61.31500480044633,62.31482800003141,62.314857800491154,65.31408110074699,,,,,,,2,0,2,0,12,0,12,0,778.3003942007199,,,,,,,,,,,,,,,,,,,,,,,,,,,,,,59.81569360010326,778.2850128002465,778.3003942007199,778.3003942007199,778.3003942007199,778.3003942007199,778.7855277005583,j,0.4741516998037696,None,right,0,8,7,5,82,7,None,60.31629080045968,60.31654560007155,778.7858508005738,778.800383400172,778.800383400172,779.80068770051,779.80068770051,779.7842027004808,61.31496300082654,61.31500480044633,779.7927800007164,779.80068770051,779.80068770051,780.7997329998761,780.7997329998761,780.7840951001272,stimuli/box_empty_transparent.png,62.31482800003141,62.314857800491154,780.7841658005491,780.7997329998761,783.8002328006551,783.7833524001762,65.31408110074699,,,,,,,,,,,,,,,,77777,right,no,None,2025-05-21_13h12.07.863,RL_out-of-scanner,2024.2.4,60.0937703897127,2025-05-21 13h12.39.206334 -0500,
13,0,13,space,11.412484700791538,None,5,2.359842600300908,None,65.31536999996752,k,0.3252793001011014,None,None,65.66622790042311,65.66650340054184,66.16495180036873,66.16498360037804,67.18159050028771,67.18162130005658,69.1819573007524,,,,,,,2,0,2,0,13,0,13,0,783.8002328006551,,,,,,,,,,,,,,,,,,,,,,,,,,,,,,65.31536999996752,783.7846786007285,783.8002328006551,783.8002328006551,783.8002328006551,783.8002328006551,784.1354627003893,k,0.3252793001011014,None,right,1,8,8,5,83,8,None,65.66622790042311,65.66650340054184,784.1358184004202,784.1509054005146,784.1509054005146,784.6512425001711,784.6512425001711,784.6342079006135,66.16495180036873,66.16498360037804,784.6432094005868,784.6512425001711,784.6512425001711,,,785.6508538005874,stimuli/box_coin_transparent.png,67.18159050028771,67.18162130005658,785.6509296000004,785.6661894004792,787.6675439001992,787.6512289000675,69.1819573007524,,,,,,,,,,,,,,,,77777,right,no,None,2025-05-21_13h12.07.863,RL_out-of-scanner,2024.2.4,60.0937703897127,2025-05-21 13h12.39.206334 -0500,
14,0,14,space,11.412484700791538,None,5,2.359842600300908,None,69.18313750065863,k,0.49847450014203787,None,None,69.69875549990684,69.69906490016729,71.19836890045553,71.19840610027313,72.19848360028118,72.1985146002844,73.19762980006635,,,,,,,2,0,2,0,14,0,14,0,787.6675439001992,,,,,,,,,,,,,,,,,,,,,,,,,,,,,,69.18313750065863,787.6524433000013,787.6675439001992,787.6675439001992,787.6675439001992,787.6675439001992,788.1679832004011,k,0.49847450014203787,None,left,1,7,0,6,83,8,None,69.69875549990684,69.69906490016729,788.1683760005981,788.1836631000042,788.1836631000042,789.6839354000986,789.6839354000986,789.6676136003807,71.19836890045553,71.19840610027313,789.6777947004884,789.6839354000986,789.6839354000986,790.6833560001105,790.6833560001105,790.6677482007071,stimuli/box_empty_transparent.png,72.19848360028118,72.1985146002844,790.6678229998797,790.6833560001105,791.683367700316,791.6668913001195,73.19762980006635,,,,,,,,,,,,,,,,77777,right,no,None,2025-05-21_13h12.07.863,RL_out-of-scanner,2024.2.4,60.0937703897127,2025-05-21 13h12.39.206334 -0500,
15,0,15,space,11.412484700791538,None,5,2.359842600300908,None,73.19979150034487,k,0.6911565000191331,None,None,73.91513330023736,73.91536110080779,74.91462980024517,74.91467510070652,75.91492390073836,75.91496560070664,77.91375489998609,,,,,,,2,0,2,0,15,0,15,0,791.683367700316,,,,,,,,,,,,,,,,,,,,,,,,,,,,,,73.19979150034487,791.6691056005657,791.683367700316,791.683367700316,791.683367700316,791.683367700316,792.3843624005094,k,0.6911565000191331,None,left,1,7,0,6,83,8,None,73.91513330023736,73.91536110080779,792.3846693998203,792.4001477006823,792.4001477006823,793.4008537000045,793.4008537000045,793.3838715003803,74.91462980024517,74.91467510070652,793.3954006005079,793.4008537000045,793.4008537000045,794.3996867006645,794.3996867006645,794.3841836005449,stimuli/box_empty_transparent.png,75.91492390073836,75.91496560070664,794.3842829000205,794.3996867006645,796.3999332999811,796.3830238003284,77.91375489998609,,,,,,,,,,,,,,,,77777,right,no,None,2025-05-21_13h12.07.863,RL_out-of-scanner,2024.2.4,60.0937703897127,2025-05-21 13h12.39.206334 -0500,
16,0,16,space,11.412484700791538,None,5,2.359842600300908,None,77.91516930051148,k,0.3490116996690631,None,None,78.28168170060962,78.28193960059434,80.28131940029562,80.28135390020907,81.28092849999666,81.28095500078052,82.28026599995792,,,,,,,2,0,2,0,16,0,16,0,796.3999332999811,,,,,,,,,,,,,,,,,,,,,,,,,,,,,,77.91516930051148,796.3844789005816,796.3999332999811,796.3999332999811,796.3999332999811,796.3999332999811,796.750906500034,k,0.3490116996690631,None,left,1,7,0,6,83,8,None,78.28168170060962,78.28193960059434,796.7512484006584,796.7665405999869,796.7665405999869,798.7673093006015,798.7673093006015,798.7505689002573,80.28131940029562,80.28135390020907,798.7572706006467,798.7673093006015,798.7673093006015,799.7660153005272,799.7660153005272,799.7501972001046,stimuli/box_empty_transparent.png,81.28092849999666,81.28095500078052,799.7502584001049,799.7660153005272,800.7670430000871,800.7495299000293,82.28026599995792,,,,,,,,,,,,,,,,77777,right,no,None,2025-05-21_13h12.07.863,RL_out-of-scanner,2024.2.4,60.0937703897127,2025-05-21 13h12.39.206334 -0500,
17,0,17,space,11.412484700791538,None,5,2.359842600300908,None,82.28207010030746,j,0.4380526002496481,None,None,82.74799860082567,82.74828990083188,83.74750080052763,83.74753530044109,84.74740240070969,84.74743220023811,85.74731690064073,,,,,,,2,0,2,0,17,0,17,0,800.7670430000871,,,,,,,,,,,,,,,,,,,,,,,,,,,,,,82.28207010030746,800.7513784999028,800.7670430000871,800.7670430000871,800.7670430000871,800.7670430000871,801.2172250002623,j,0.4380526002496481,None,left,1,7,1,6,84,9,None,82.74799860082567,82.74828990083188,801.2176001006737,801.2328784000129,801.2328784000129,802.2337436005473,802.2337436005473,802.2167541002855,83.74750080052763,83.74753530044109,802.2252559000626,802.2337436005473,802.2337436005473,803.2324809003621,803.2324809003621,803.2166688004509,stimuli/box_coin_transparent.png,84.74740240070969,84.74743220023811,803.2167397001758,803.2324809003621,804.2332349000499,804.2165796998888,85.74731690064073,,,,,,,,,,,,,,,,77777,right,no,None,2025-05-21_13h12.07.863,RL_out-of-scanner,2024.2.4,60.0937703897127,2025-05-21 13h12.39.206334 -0500,
18,0,18,space,11.412484700791538,None,5,2.359842600300908,None,85.74915480054915,j,0.3044635998085141,None,None,86.08180490043014,86.08213710039854,89.58202540036291,89.58205650001764,90.5809076000005,90.58093750011176,92.59731290023774,,,,,,,2,0,2,0,18,0,18,0,804.2332349000499,,,,,,,,,,,,,,,,,,,,,,,,,,,,,,85.74915480054915,804.2184746004641,804.2332349000499,804.2332349000499,804.2332349000499,804.2332349000499,804.5510200001299,j,0.3044635998085141,None,left,1,7,2,6,85,10,None,86.08180490043014,86.08213710039854,804.5514465998858,804.5665706004947,804.5665706004947,808.0673014000058,808.0673014000058,808.051281100139,89.58202540036291,89.58205650001764,808.0602430002764,808.0673014000058,808.0673014000058,809.0690668998286,809.0690668998286,809.0501727005467,stimuli/box_coin_transparent.png,90.5809076000005,90.58093750011176,809.0502452002838,809.0690668998286,811.083143800497,811.0665723001584,92.59731290023774,,,,,,,,,,,,,,,,77777,right,no,None,2025-05-21_13h12.07.863,RL_out-of-scanner,2024.2.4,60.0937703897127,2025-05-21 13h12.39.206334 -0500,
19,0,19,space,11.412484700791538,None,5,2.359842600300908,None,92.60000400058925,j,0.2688170000910759,None,None,92.89826370030642,92.89859800040722,93.89763240050524,93.89768380019814,94.89758659992367,94.89763389993459,96.39655339997262,,,,,,,2,0,2,0,19,0,19,0,811.083143800497,,,,,,,,,,,,,,,,,,,,,,,,,,,,,,92.60000400058925,811.069332100451,811.083143800497,811.083143800497,811.083143800497,811.083143800497,811.3674843003973,j,0.2688170000910759,None,left,1,7,3,6,86,11,None,92.89826370030642,92.89859800040722,811.3679141998291,811.3830235004425,811.3830235004425,812.3839279003441,812.3839279003441,812.3668637005612,93.89763240050524,93.89768380019814,812.3780755000189,812.3839279003441,812.3839279003441,813.3823629003018,813.3823629003018,813.3668421003968,stimuli/box_coin_transparent.png,94.89758659992367,94.89763389993459,813.3669637003914,813.3823629003018,814.8828165000305,814.8658196004108,96.39655339997262,,,,,,,,,,,,,,,,77777,right,no,None,2025-05-21_13h12.07.863,RL_out-of-scanner,2024.2.4,60.0937703897127,2025-05-21 13h12.39.206334 -0500,
20,0,20,space,11.412484700791538,None,5,2.359842600300908,None,96.3983898004517,j,0.3814081996679306,None,None,96.79777760058641,96.79806010052562,98.79702930059284,98.7970601003617,99.79714550077915,99.79717650078237,101.79651460051537,,,,,,,2,0,2,0,20,0,20,0,814.8828165000305,,,,,,,,,,,,,,,,,,,,,,,,,,,,,,96.3983898004517,814.8677062001079,814.8828165000305,814.8828165000305,814.8828165000305,814.8828165000305,815.2670018998906,j,0.3814081996679306,None,left,1,7,4,6,87,12,None,96.79777760058641,96.79806010052562,815.2673697005957,815.2825872004032,815.2825872004032,817.2831083005294,817.2831083005294,817.266286900267,98.79702930059284,98.7970601003617,817.2744403006509,817.2831083005294,817.2831083005294,818.2820516005158,818.2820516005158,818.2664132006466,stimuli/box_coin_transparent.png,99.79714550077915,99.79717650078237,818.2664844002575,818.2820516005158,820.282657600008,820.2657796004787,101.79651460051537,,,,,,,,,,,,,,,,77777,right,no,None,2025-05-21_13h12.07.863,RL_out-of-scanner,2024.2.4,60.0937703897127,2025-05-21 13h12.39.206334 -0500,
21,0,21,space,11.412484700791538,None,5,2.359842600300908,None,101.79808310046792,j,0.4439733996987343,None,None,102.26417480036616,102.2644875003025,105.26352270040661,105.26355920080096,106.26361700054258,106.26364280004054,107.76293100044131,,,,,,,2,0,2,0,21,0,21,0,820.282657600008,,,,,,,,,,,,,,,,,,,,,,,,,,,,,,101.79808310046792,820.2673925999552,820.282657600008,820.282657600008,820.282657600008,820.282657600008,820.7333896001801,j,0.4439733996987343,None,left,0,7,4,6,88,12,None,102.26417480036616,102.2644875003025,820.7337976004928,820.7497268998995,820.7497268998995,823.7496503004804,823.7496503004804,823.7327756006271,105.26352270040661,105.26355920080096,823.740392100066,823.7496503004804,823.7496503004804,824.7486342005432,824.7486342005432,824.7328874003142,stimuli/box_empty_transparent.png,106.26361700054258,106.26364280004054,824.7329454002902,824.7486342005432,826.2489367006347,826.2321958998218,107.76293100044131,,,,,,,,,,,,,,,,77777,right,no,None,2025-05-21_13h12.07.863,RL_out-of-scanner,2024.2.4,60.0937703897127,2025-05-21 13h12.39.206334 -0500,
22,0,22,space,11.412484700791538,None,5,2.359842600300908,None,107.76487310044467,k,0.39711140003055334,None,None,108.18066890072078,108.18090620078146,109.6799185005948,109.67994930036366,110.68004900030792,110.68008409999311,112.67951940000057,,,,,,,2,0,2,0,22,0,22,0,826.2489367006347,,,,,,,,,,,,,,,,,,,,,,,,,,,,,,107.76487310044467,826.2341927001253,826.2489367006347,826.2489367006347,826.2489367006347,826.2489367006347,826.6498896004632,k,0.39711140003055334,None,left,0,7,4,6,88,12,None,108.18066890072078,108.18090620078146,826.650215100497,826.6658719005063,826.6658719005063,828.1661197999492,828.1661197999492,828.1491735000163,109.6799185005948,109.67994930036366,828.1573766004294,828.1661197999492,828.1661197999492,829.1650775000453,829.1650775000453,829.1493122000247,stimuli/box_empty_transparent.png,110.68004900030792,110.68008409999311,829.1493963003159,829.1650775000453,831.165423700586,831.1487906007096,112.67951940000057,,,,,,,,,,,,,,,,77777,right,no,None,2025-05-21_13h12.07.863,RL_out-of-scanner,2024.2.4,60.0937703897127,2025-05-21 13h12.39.206334 -0500,
23,0,23,space,11.412484700791538,None,5,2.359842600300908,None,112.68073720019311,j,0.4500601999461651,None,None,113.14773910026997,113.14810080081224,114.64689690060914,114.64693590067327,115.64649180043489,115.6465223999694,117.14614760037512,,,,,,,2,0,2,0,23,0,23,0,831.165423700586,,,,,,,,,,,,,,,,,,,,,,,,,,,,,,112.68073720019311,831.1500446004793,831.165423700586,831.165423700586,831.165423700586,831.165423700586,831.6169539000839,j,0.4500601999461651,None,left,1,7,5,6,89,13,None,113.14773910026997,113.14810080081224,831.6174229998142,831.6322806999087,831.6322806999087,833.1328592002392,833.1328592002392,833.1161408005282,114.64689690060914,114.64693590067327,833.1245289007202,833.1328592002392,833.1328592002392,834.1316301999614,834.1316301999614,834.1157582001761,stimuli/box_coin_transparent.png,115.64649180043489,115.6465223999694,834.1158303003758,834.1316301999614,835.6322517003864,835.6154134999961,117.14614760037512,,,,,,,,,,,,,,,,77777,right,no,None,2025-05-21_13h12.07.863,RL_out-of-scanner,2024.2.4,60.0937703897127,2025-05-21 13h12.39.206334 -0500,
24,0,24,space,11.412484700791538,None,5,2.359842600300908,None,117.1477129003033,j,0.47115990053862333,None,None,117.64716139994562,117.64744760002941,119.64639759995043,119.64643590059131,120.64646690059453,120.64650910068303,122.14645080082119,,,,,,,2,0,2,0,24,0,24,0,835.6322517003864,,,,,,,,,,,,,,,,,,,,,,,,,,,,,,117.1477129003033,835.6170299006626,835.6322517003864,835.6322517003864,835.6322517003864,835.6322517003864,836.116387700662,j,0.47115990053862333,None,left,1,7,6,6,90,14,None,117.64716139994562,117.64744760002941,836.1167566999793,836.1324121998623,836.1324121998623,838.1325729005039,838.1325729005039,838.1156465001404,119.64639759995043,119.64643590059131,838.1241007000208,838.1325729005039,838.1325729005039,839.1313777007163,839.1313777007163,839.1157341003418,stimuli/box_coin_transparent.png,120.64646690059453,120.64650910068303,839.1158167999238,839.1313777007163,840.6319967005402,840.6157196005806,122.14645080082119,,,,,,,,,,,,,,,,77777,right,no,None,2025-05-21_13h12.07.863,RL_out-of-scanner,2024.2.4,60.0937703897127,2025-05-21 13h12.39.206334 -0500,
25,0,25,space,11.412484700791538,None,5,2.359842600300908,None,122.14783500041813,j,0.4829348996281624,None,None,122.647221500054,122.64748870022595,123.64620430022478,123.64623440057039,124.6471930006519,124.64722610078752,128.14617860037833,,,,,,,2,0,2,0,25,0,25,0,840.6319967005402,,,,,,,,,,,,,,,,,,,,,,,,,,,,,,122.14783500041813,840.6171470005065,840.6319967005402,840.6319967005402,840.6319967005402,840.6319967005402,841.1164473006502,j,0.4829348996281624,None,left,1,7,7,6,91,15,None,122.647221500054,122.64748870022595,841.11679750029,841.1319955000654,841.1319955000654,842.1324260002002,842.1324260002002,842.1154596004635,123.64620430022478,123.64623440057039,842.124288700521,842.1324260002002,842.1324260002002,,,843.1164537006989,stimuli/box_coin_transparent.png,124.6471930006519,124.64722610078752,843.1165377004072,843.1321170004085,846.6321224002168,846.6154380999506,128.14617860037833,,,,,,,,,,,,,,,,77777,right,no,None,2025-05-21_13h12.07.863,RL_out-of-scanner,2024.2.4,60.0937703897127,2025-05-21 13h12.39.206334 -0500,
26,0,26,space,11.412484700791538,None,5,2.359842600300908,None,128.148428699933,j,0.316749700345099,None,None,128.49702790006995,128.49737690016627,128.99645570013672,128.99649170041084,129.99701920058578,129.99705510027707,133.49544860050082,,,,,,,2,0,2,0,26,0,26,0,846.6321224002168,,,,,,,,,,,,,,,,,,,,,,,,,,,,,,128.148428699933,846.6177553003654,846.6321224002168,846.6321224002168,846.6321224002168,846.6321224002168,846.9662359002978,j,0.316749700345099,None,right,1,11,0,7,91,15,None,128.49702790006995,128.49737690016627,846.966695100069,846.9817196000367,846.9817196000367,847.4822019999847,847.4822019999847,847.4657069006935,128.99645570013672,128.99649170041084,847.4740069005638,847.4822019999847,847.4822019999847,848.4812689004466,848.4812689004466,848.4662802005187,stimuli/box_empty_transparent.png,129.99701920058578,129.99705510027707,848.46636780072,848.4812689004466,851.9813525006175,851.9647206002846,133.49544860050082,,,,,,,,,,,,,,,,77777,right,no,None,2025-05-21_13h12.07.863,RL_out-of-scanner,2024.2.4,60.0937703897127,2025-05-21 13h12.39.206334 -0500,
27,0,27,space,11.412484700791538,None,5,2.359842600300908,None,133.49697890039533,k,0.3176016006618738,None,None,133.8467912003398,133.84709409996867,135.3464536005631,135.34648440033197,136.34627590049058,136.3463123003021,137.34552860073745,,,,,,,2,0,2,0,27,0,27,0,851.9813525006175,,,,,,,,,,,,,,,,,,,,,,,,,,,,,,133.49697890039533,851.9662877004594,851.9813525006175,851.9813525006175,851.9813525006175,851.9813525006175,852.3160088006407,k,0.3176016006618738,None,right,1,11,1,7,92,16,None,133.8467912003398,133.84709409996867,852.3164090001956,852.3317459998652,852.3317459998652,853.8323622001335,853.8323622001335,853.8157072002068,135.3464536005631,135.34648440033197,853.8239810001105,853.8323622001335,853.8323622001335,854.8309524999931,854.8309524999931,854.8155375001952,stimuli/box_coin_transparent.png,136.34627590049058,136.3463123003021,854.8156285006553,854.8309524999931,855.8315102001652,855.8147998005152,137.34552860073745,,,,,,,,,,,,,,,,77777,right,no,None,2025-05-21_13h12.07.863,RL_out-of-scanner,2024.2.4,60.0937703897127,2025-05-21 13h12.39.206334 -0500,
28,0,28,space,11.412484700791538,None,5,2.359842600300908,None,137.34673420060426,k,0.766278300434351,None,None,138.13011329993606,138.13043380063027,139.12923320010304,139.12927420064807,140.12913249991834,140.12915750034153,143.6285957004875,,,,,,,2,0,2,0,28,0,28,0,855.8315102001652,,,,,,,,,,,,,,,,,,,,,,,,,,,,,,137.34673420060426,855.8160415999591,855.8315102001652,855.8315102001652,855.8315102001652,855.8315102001652,856.5993289006874,k,0.766278300434351,None,right,1,11,2,7,93,17,None,138.13011329993606,138.13043380063027,856.5997534003109,856.6153263002634,856.6153263002634,857.6153528001159,857.6153528001159,857.5984663004056,139.12923320010304,139.12927420064807,857.6084177000448,857.6153528001159,857.6153528001159,858.6141500007361,858.6141500007361,858.5984027003869,stimuli/box_coin_transparent.png,140.12913249991834,140.12915750034153,858.5984617006034,858.6141500007361,862.1145564001054,862.0978559004143,143.6285957004875,,,,,,,,,,,,,,,,77777,right,no,None,2025-05-21_13h12.07.863,RL_out-of-scanner,2024.2.4,60.0937703897127,2025-05-21 13h12.39.206334 -0500,
29,0,29,space,11.412484700791538,None,5,2.359842600300908,None,143.6305734999478,k,0.32846570014953613,None,None,143.9801211003214,143.9804394999519,145.9788905000314,145.97892819996923,146.97916310001165,146.97919900063425,147.9785862006247,,,,,,,2,0,2,0,29,0,29,0,862.1145564001054,,,,,,,,,,,,,,,,,,,,,,,,,,,,,,143.6305734999478,862.0999443000183,862.1145564001054,862.1145564001054,862.1145564001054,862.1145564001054,862.4493351001292,k,0.32846570014953613,None,right,1,11,3,7,94,18,None,143.9801211003214,143.9804394999519,862.4497575005516,862.4646743005142,862.4646743005142,864.4650143003091,864.4650143003091,864.4481394002214,145.9788905000314,145.97892819996923,864.4577763006091,864.4650143003091,864.4650143003091,,,865.4484198000282,stimuli/box_coin_transparent.png,146.97916310001165,146.97919900063425,865.4485159004107,865.4643510002643,866.4644144000486,866.4478473998606,147.9785862006247,,,,,,,,,,,,,,,,77777,right,no,None,2025-05-21_13h12.07.863,RL_out-of-scanner,2024.2.4,60.0937703897127,2025-05-21 13h12.39.206334 -0500,
30,0,30,space,11.412484700791538,None,5,2.359842600300908,None,147.9806099999696,k,0.5057433005422354,None,None,148.5129313999787,148.51317840069532,149.51220840029418,149.512240299955,150.51231480017304,150.51234490051866,151.5118340002373,,,,,,,2,0,2,0,30,0,30,0,866.4644144000486,,,,,,,,,,,,,,,,,,,,,,,,,,,,,,147.9806099999696,866.4499294003472,866.4644144000486,866.4644144000486,866.4644144000486,866.4644144000486,866.9821595000103,k,0.5057433005422354,None,right,1,11,4,7,95,19,None,148.5129313999787,148.51317840069532,866.9824886005372,866.9979365002364,866.9979365002364,867.9984985003248,867.9984985003248,867.9814643999562,149.51220840029418,149.512240299955,867.9916259003803,867.9984985003248,867.9984985003248,868.9972846005112,868.9972846005112,868.9815819002688,stimuli/box_coin_transparent.png,150.51231480017304,150.51234490051866,868.9816535003483,868.9972846005112,869.997821200639,869.9811051003635,151.5118340002373,,,,,,,,,,,,,,,,77777,right,no,None,2025-05-21_13h12.07.863,RL_out-of-scanner,2024.2.4,60.0937703897127,2025-05-21 13h12.39.206334 -0500,
31,0,31,space,11.412484700791538,None,5,2.359842600300908,None,151.51307770051062,k,0.4368096003308892,None,None,151.98027000017464,151.98059260006994,154.9787449007854,154.9787763999775,155.9788816999644,155.9789125006646,158.47816940024495,,,,,,,2,0,2,0,31,0,31,0,869.997821200639,,,,,,,,,,,,,,,,,,,,,,,,,,,,,,151.51307770051062,869.9823855003342,869.997821200639,869.997821200639,869.997821200639,869.997821200639,870.4494847999886,k,0.4368096003308892,None,right,1,11,5,7,96,20,None,151.98027000017464,151.98059260006994,870.4499164000154,870.4648620001972,870.4648620001972,873.4645472001284,873.4645472001284,873.4480023998767,154.9787449007854,154.9787763999775,873.4568218998611,873.4645472001284,873.4645472001284,874.463884900324,874.463884900324,874.4481479004025,stimuli/box_coin_transparent.png,155.9788816999644,155.9789125006646,874.4482211004943,874.463884900324,876.9642043998465,876.9474373003468,158.47816940024495,,,,,,,,,,,,,,,,77777,right,no,None,2025-05-21_13h12.07.863,RL_out-of-scanner,2024.2.4,60.0937703897127,2025-05-21 13h12.39.206334 -0500,
32,0,32,space,11.412484700791538,None,5,2.359842600300908,None,158.47997130081058,k,0.30166619922965765,None,None,158.8124548001215,158.8127473006025,159.81186250038445,159.8119016001001,160.81185960024595,160.81189080048352,161.81127039995044,,,,,,,2,0,2,0,32,0,32,0,876.9642043998465,,,,,,,,,,,,,,,,,,,,,,,,,,,,,,158.47997130081058,876.9492797004059,876.9642043998465,876.9642043998465,876.9642043998465,876.9642043998465,877.2816534005105,k,0.30166619922965765,None,right,0,11,5,7,97,20,None,158.8124548001215,158.8127473006025,877.2820698004216,877.2974676005542,877.2974676005542,878.2978632003069,878.2978632003069,878.2811195002869,159.81186250038445,159.8119016001001,878.2877643005922,878.2978632003069,878.2978632003069,879.2968543004245,879.2968543004245,879.2811256004497,stimuli/box_empty_transparent.png,160.81185960024595,160.81189080048352,879.2812007004395,879.2968543004245,880.2972523001954,880.2805368006229,161.81127039995044,,,,,,,,,,,,,,,,77777,right,no,None,2025-05-21_13h12.07.863,RL_out-of-scanner,2024.2.4,60.0937703897127,2025-05-21 13h12.39.206334 -0500,
33,0,33,space,11.412484700791538,None,5,2.359842600300908,None,161.81308560073376,j,0.7497846996411681,None,None,162.57936410047114,162.57961490005255,164.5788779007271,164.57891330029815,165.57843600027263,165.5784693006426,167.07909470051527,,,,,,,2,0,2,0,33,0,33,0,880.2972523001954,,,,,,,,,,,,,,,,,,,,,,,,,,,,,,161.81308560073376,880.2823930000886,880.2972523001954,880.2972523001954,880.2972523001954,880.2972523001954,881.0485995998606,j,0.7497846996411681,None,right,0,11,5,7,97,20,None,162.57936410047114,162.57961490005255,881.0489202002063,881.0640663001686,881.0640663001686,883.0648984005675,883.0648984005675,883.0481282006949,164.5788779007271,164.57891330029815,883.0548124006018,883.0648984005675,883.0648984005675,884.063599999994,884.063599999994,884.0477008000016,stimuli/box_empty_transparent.png,165.57843600027263,165.5784693006426,884.0477721998468,884.063599999994,885.5649265004322,885.5483624003828,167.07909470051527,,,,,,,,,,,,,,,,77777,right,no,None,2025-05-21_13h12.07.863,RL_out-of-scanner,2024.2.4,60.0937703897127,2025-05-21 13h12.39.206334 -0500,
34,0,34,space,11.412484700791538,None,5,2.359842600300908,None,167.08062810078263,k,0.37120450008660555,None,None,167.47987260017544,167.48013480007648,170.47898260038346,170.47901940066367,171.47846399992704,171.47850820049644,173.97766240034252,,,,,,,2,0,2,0,34,0,34,0,885.5649265004322,,,,,,,,,,,,,,,,,,,,,,,,,,,,,,167.08062810078263,885.5499405004084,885.5649265004322,885.5649265004322,885.5649265004322,885.5649265004322,885.9490987006575,k,0.37120450008660555,None,right,1,11,6,7,98,21,None,167.47987260017544,167.48013480007648,885.9494441002607,885.9645384000614,885.9645384000614,888.9647874003276,888.9647874003276,888.9482296006754,170.47898260038346,170.47901940066367,888.9592315005139,888.9647874003276,888.9647874003276,889.9632938001305,889.9632938001305,889.9477201001719,stimuli/box_coin_transparent.png,171.47846399992704,171.47850820049644,889.9478401998058,889.9632938001305,892.4638638002798,892.446934199892,173.97766240034252,,,,,,,,,,,,,,,,77777,right,no,None,2025-05-21_13h12.07.863,RL_out-of-scanner,2024.2.4,60.0937703897127,2025-05-21 13h12.39.206334 -0500,
35,0,35,space,11.412484700791538,None,5,2.359842600300908,None,173.97887660004199,k,0.38077340088784695,None,None,174.37886709999293,174.37910100072622,175.87805900070816,175.87809070013463,176.87802810035646,176.87806640006602,177.8780379006639,,,,,,,2,0,2,0,35,0,35,0,892.4638638002798,,,,,,,,,,,,,,,,,,,,,,,,,,,,,,173.97887660004199,892.4481846000999,892.4638638002798,892.4638638002798,892.4638638002798,892.4638638002798,892.8480882998556,k,0.38077340088784695,None,right,0,11,6,7,99,21,None,174.37886709999293,174.37910100072622,892.8484102999792,892.8637184007093,892.8637184007093,894.3641116004437,894.3641116004437,894.3473136005923,175.87805900070816,175.87809070013463,894.3546855999157,894.3641116004437,894.3641116004437,895.3629842000082,895.3629842000082,895.347291899845,stimuli/box_empty_transparent.png,176.87802810035646,176.87806640006602,895.3473821999505,895.3629842000082,896.3645951002836,896.3473025001585,177.8780379006639,,,,,,,,,,,,,,,,77777,right,no,None,2025-05-21_13h12.07.863,RL_out-of-scanner,2024.2.4,60.0937703897127,2025-05-21 13h12.39.206334 -0500,
36,0,36,space,11.412484700791538,None,5,2.359842600300908,None,177.8799429005012,k,0.69705839920789,None,None,178.59541490022093,178.5956350006163,180.0952785005793,180.095319500193,181.0950641008094,181.09509070031345,184.59393490012735,,,,,,,2,0,2,0,36,0,36,0,896.3645951002836,,,,,,,,,,,,,,,,,,,,,,,,,,,,,,177.8799429005012,896.3492614999413,896.3645951002836,896.3645951002836,896.3645951002836,896.3645951002836,897.0646520005539,k,0.69705839920789,None,right,0,11,6,7,100,21,None,178.59541490022093,178.5956350006163,897.0649394001812,897.0803092001006,897.0803092001006,898.581041900441,898.581041900441,898.564522200264,180.0952785005793,180.095319500193,898.5732371006161,898.581041900441,898.581041900441,899.5803176006302,899.5803176006302,899.5643330002204,stimuli/box_empty_transparent.png,181.0950641008094,181.09509070031345,899.5644132001325,899.5803176006302,903.0800470001996,903.0632076999173,184.59393490012735,,,,,,,,,,,,,,,,77777,right,no,None,2025-05-21_13h12.07.863,RL_out-of-scanner,2024.2.4,60.0937703897127,2025-05-21 13h12.39.206334 -0500,
37,0,37,space,11.412484700791538,None,5,2.359842600300908,None,184.5951920002699,k,0.4515931997448206,None,None,185.0784229999408,185.0786707000807,187.0780448000878,187.0780878001824,188.07832450047135,188.07835130020976,189.07725430000573,,,,,,,2,0,2,0,37,0,37,0,903.0800470001996,,,,,,,,,,,,,,,,,,,,,,,,,,,,,,184.5951920002699,903.0644994005561,903.0800470001996,903.0800470001996,903.0800470001996,903.0800470001996,903.5476592006162,k,0.4515931997448206,None,right,1,11,7,7,101,22,None,185.0784229999408,185.0786707000807,903.5479805003852,903.5633585005999,903.5633585005999,905.5638530999422,905.5638530999422,905.5472878003493,187.0780448000878,187.0780878001824,905.5570550998673,905.5638530999422,905.5638530999422,906.5629443004727,906.5629443004727,906.5475933002308,stimuli/box_coin_transparent.png,188.07832450047135,188.07835130020976,906.5476555004716,906.5629443004727,907.5632922006771,907.5465227998793,189.07725430000573,,,,,,,,,,,,,,,,77777,right,no,None,2025-05-21_13h12.07.863,RL_out-of-scanner,2024.2.4,60.0937703897127,2025-05-21 13h12.39.206334 -0500,
38,0,38,space,11.412484700791538,None,5,2.359842600300908,None,189.07870400045067,k,0.478091299533844,None,None,189.57852470036596,189.5787630006671,190.57766720000654,190.57770190015435,191.57793450076133,191.57799779996276,193.07711010053754,,,,,,,2,0,2,0,38,0,38,0,907.5632922006771,,,,,,,,,,,,,,,,,,,,,,,,,,,,,,189.07870400045067,907.5480174999684,907.5632922006771,907.5632922006771,907.5632922006771,907.5632922006771,908.047737300396,k,0.478091299533844,None,right,1,11,8,7,102,23,None,189.57852470036596,189.5787630006671,908.0480716004968,908.0632664998993,908.0632664998993,909.0636660000309,909.0636660000309,909.0469214003533,190.57766720000654,190.57770190015435,909.0556450998411,909.0636660000309,909.0636660000309,910.0627655005082,910.0627655005082,910.0471915006638,stimuli/box_coin_transparent.png,191.57793450076133,191.57799779996276,910.0473147006705,910.0627655005082,911.5630839001387,911.5463746003807,193.07711010053754,,,,,,,,,,,,,,,,77777,right,no,None,2025-05-21_13h12.07.863,RL_out-of-scanner,2024.2.4,60.0937703897127,2025-05-21 13h12.39.206334 -0500,
39,0,39,space,11.412484700791538,None,5,2.359842600300908,None,193.07861230056733,k,0.40370010025799274,None,None,193.5117375999689,193.51197770051658,194.51084300037473,194.51087439991534,195.51080300007015,195.51082860026509,196.51046100072563,,,,,,,2,0,2,0,39,0,39,0,911.5630839001387,,,,,,,,,,,,,,,,,,,,,,,,,,,,,,193.07861230056733,911.5479291006923,911.5630839001387,911.5630839001387,911.5630839001387,911.5630839001387,911.9809720003977,k,0.40370010025799274,None,right,1,11,9,7,103,24,None,193.5117375999689,193.51197770051658,911.9812823003158,911.9967614999041,911.9967614999041,912.9970874004066,912.9970874004066,912.9800972007215,194.51084300037473,194.51087439991534,912.9877503002062,912.9970874004066,912.9970874004066,913.9958151001483,913.9958151001483,913.9800730999559,stimuli/box_coin_transparent.png,195.51080300007015,195.51082860026509,913.9801313998178,913.9958151001483,914.996432300657,914.9797294000164,196.51046100072563,,,,,,,,,,,,,,,,77777,right,no,None,2025-05-21_13h12.07.863,RL_out-of-scanner,2024.2.4,60.0937703897127,2025-05-21 13h12.39.206334 -0500,
40,0,40,space,11.412484700791538,None,5,2.359842600300908,None,196.51189680024981,k,0.519497599452734,None,None,197.06165309995413,197.0619204007089,198.56075880024582,198.5607892004773,199.57725170068443,199.5772812999785,200.5767096001655,,,,,,,2,0,2,0,40,0,40,0,914.996432300657,,,,,,,,,,,,,,,,,,,,,,,,,,,,,,196.51189680024981,914.9812086001039,914.996432300657,914.996432300657,914.996432300657,914.996432300657,915.5308762006462,k,0.519497599452734,None,right,1,11,10,7,104,25,None,197.06165309995413,197.0619204007089,915.5312334001064,915.5463335001841,915.5463335001841,917.0473957005888,917.0473957005888,917.0300123998895,198.56075880024582,198.5607892004773,917.0382392005995,917.0473957005888,917.0473957005888,,,918.0465099001303,stimuli/box_coin_transparent.png,199.57725170068443,199.5772812999785,918.0465879002586,918.0626043006778,919.0628844005987,919.0459813000634,200.5767096001655,,,,,,,,,,,,,,,,77777,right,no,None,2025-05-21_13h12.07.863,RL_out-of-scanner,2024.2.4,60.0937703897127,2025-05-21 13h12.39.206334 -0500,
41,0,41,space,11.412484700791538,None,5,2.359842600300908,None,200.5781012000516,k,0.43215009942650795,None,None,201.02933450043201,201.02955890074372,202.02736659999937,202.02739790081978,203.0436030002311,203.04363000020385,206.0432224003598,,,,,,,2,0,2,0,41,0,41,0,919.0628844005987,,,,,,,,,,,,,,,,,,,,,,,,,,,,,,200.5781012000516,919.0474135000259,919.0628844005987,919.0628844005987,919.0628844005987,919.0628844005987,919.4985578004271,k,0.43215009942650795,None,right,1,11,11,7,105,26,None,201.02933450043201,201.02955890074372,919.498874200508,919.5129821998999,919.5129821998999,920.5148256001994,920.5148256001994,920.4966226005927,202.02736659999937,202.02739790081978,920.505565200001,920.5148256001994,920.5148256001994,,,921.5128684006631,stimuli/box_coin_transparent.png,203.0436030002311,203.04363000020385,921.5129348998889,921.529380700551,924.5294644003734,924.5124921007082,206.0432224003598,,,,,,,,,,,,,,,,77777,right,no,None,2025-05-21_13h12.07.863,RL_out-of-scanner,2024.2.4,60.0937703897127,2025-05-21 13h12.39.206334 -0500,
42,0,42,space,11.412484700791538,None,5,2.359842600300908,None,206.04462670069188,k,0.4748480999842286,None,None,206.54513730015606,206.54536830075085,208.5606931000948,208.56072920002043,209.5606534006074,209.56068360060453,213.0599857000634,,,,,,,2,0,2,0,42,0,42,0,924.5294644003734,,,,,,,,,,,,,,,,,,,,,,,,,,,,,,206.04462670069188,924.5139390006661,924.5294644003734,924.5294644003734,924.5294644003734,924.5294644003734,925.0143732000142,k,0.4748480999842286,None,left,1,14,0,8,105,26,None,206.54513730015606,206.54536830075085,925.0146722001955,925.0304950000718,925.0304950000718,927.0466318000108,927.0466318000108,927.0299419006333,208.5606931000948,208.56072920002043,927.0389139000326,927.0466318000108,927.0466318000108,928.0456925006583,928.0456925006583,928.0299161998555,stimuli/box_empty_transparent.png,209.5606534006074,209.56068360060453,928.0299912001938,928.0456925006583,931.5459678005427,931.5292439004406,213.0599857000634,,,,,,,,,,,,,,,,77777,right,no,None,2025-05-21_13h12.07.863,RL_out-of-scanner,2024.2.4,60.0937703897127,2025-05-21 13h12.39.206334 -0500,
43,0,43,space,11.412484700791538,None,5,2.359842600300908,None,213.06242190022022,j,0.35378209967166185,None,None,213.4447228005156,213.44506860058755,214.44399420078844,214.44403150025755,215.44356460031122,215.4435904007405,217.44301940035075,,,,,,,2,0,2,0,43,0,43,0,931.5459678005427,,,,,,,,,,,,,,,,,,,,,,,,,,,,,,213.06242190022022,931.5317550003529,931.5459678005427,931.5459678005427,931.5459678005427,931.5459678005427,931.9139350000769,j,0.35378209967166185,None,left,1,14,1,8,106,27,None,213.4447228005156,213.44506860058755,931.9143848000094,931.9294386003166,931.9294386003166,932.9298555999994,932.9298555999994,932.9132391000167,214.44399420078844,214.44403150025755,932.9218091005459,932.9298555999994,932.9298555999994,933.9286240004003,933.9286240004003,933.9128335006535,stimuli/box_coin_transparent.png,215.44356460031122,215.4435904007405,933.9128942005336,933.9286240004003,935.9291425999254,935.9122898001224,217.44301940035075,,,,,,,,,,,,,,,,77777,right,no,None,2025-05-21_13h12.07.863,RL_out-of-scanner,2024.2.4,60.0937703897127,2025-05-21 13h12.39.206334 -0500,
44,0,44,space,11.412484700791538,None,5,2.359842600300908,None,217.4443655004725,j,0.5292445998638868,None,None,217.9944753004238,217.99481029994786,220.4937223000452,220.49376620072871,221.4932822007686,221.49331960082054,223.49333760049194,,,,,,,2,0,2,0,44,0,44,0,935.9291425999254,,,,,,,,,,,,,,,,,,,,,,,,,,,,,,217.4443655004725,935.913677200675,935.9291425999254,935.9291425999254,935.9291425999254,935.9291425999254,936.4636928001419,j,0.5292445998638868,None,left,0,14,1,8,107,27,None,217.9944753004238,217.99481029994786,936.4641244998202,936.479195700027,936.479195700027,938.9794303998351,938.9794303998351,938.9629644006491,220.4937223000452,220.49376620072871,938.9709922000766,938.9794303998351,938.9794303998351,939.9786004005,939.9786004005,939.9625432007015,stimuli/box_empty_transparent.png,221.4932822007686,221.49331960082054,939.9626331003383,939.9786004005,941.9790157005191,941.9626029003412,223.49333760049194,,,,,,,,,,,,,,,,77777,right,no,None,2025-05-21_13h12.07.863,RL_out-of-scanner,2024.2.4,60.0937703897127,2025-05-21 13h12.39.206334 -0500,
45,0,45,space,11.412484700791538,None,5,2.359842600300908,None,223.49603950046003,k,0.6295874994248152,None,None,224.14409780036658,224.14433410018682,225.14330659992993,225.14335069991648,226.14348790049553,226.1435325006023,227.14268490020186,,,,,,,2,0,2,0,45,0,45,0,941.9790157005191,,,,,,,,,,,,,,,,,,,,,,,,,,,,,,223.49603950046003,941.9653612999246,941.9790157005191,941.9790157005191,941.9790157005191,941.9790157005191,942.6133334999904,k,0.6295874994248152,None,left,0,14,1,8,107,27,None,224.14409780036658,224.14433410018682,942.6136416001245,942.6293513001874,942.6293513001874,943.6295035006478,943.6295035006478,943.6125467000529,225.14330659992993,225.14335069991648,943.6214180998504,943.6295035006478,943.6295035006478,944.6290728002787,944.6290728002787,944.6127455001697,stimuli/box_empty_transparent.png,226.14348790049553,226.1435325006023,944.6128513002768,944.6290728002787,945.6290634004399,945.6119539001957,227.14268490020186,,,,,,,,,,,,,,,,77777,right,no,None,2025-05-21_13h12.07.863,RL_out-of-scanner,2024.2.4,60.0937703897127,2025-05-21 13h12.39.206334 -0500,
46,0,46,space,11.412484700791538,None,5,2.359842600300908,None,227.14411860052496,k,0.3588239997625351,None,None,227.5272421007976,227.5274812001735,229.5269822999835,229.52702590078115,230.52660750038922,230.5266350004822,231.525792600587,,,,,,,2,0,2,0,46,0,46,0,945.6290634004399,,,,,,,,,,,,,,,,,,,,,,,,,,,,,,227.14411860052496,945.613430400379,945.6290634004399,945.6290634004399,945.6290634004399,945.6290634004399,945.9964664001018,k,0.3588239997625351,None,left,0,14,1,8,107,27,None,227.5272421007976,227.5274812001735,945.996790099889,946.0120705002919,946.0120705002919,948.0129372002557,948.0129372002557,947.9962234003469,229.5269822999835,229.52702590078115,948.0044464003295,948.0129372002557,948.0129372002557,949.0117330998182,949.0117330998182,948.9958764007315,stimuli/box_empty_transparent.png,230.52660750038922,230.5266350004822,948.9959388999268,949.0117330998182,950.0119222002104,949.9950636001304,231.525792600587,,,,,,,,,,,,,,,,77777,right,no,None,2025-05-21_13h12.07.863,RL_out-of-scanner,2024.2.4,60.0937703897127,2025-05-21 13h12.39.206334 -0500,
47,0,47,space,11.412484700791538,None,5,2.359842600300908,None,231.5271201003343,j,0.3421024000272155,None,None,231.89352860022336,231.893864300102,234.89352560043335,234.89356270059943,235.89293460082263,235.89296480081975,237.3923144005239,,,,,,,2,0,2,0,47,0,47,0,950.0119222002104,,,,,,,,,,,,,,,,,,,,,,,,,,,,,,231.5271201003343,949.9964303001761,950.0119222002104,950.0119222002104,950.0119222002104,950.0119222002104,950.3627661000937,j,0.3421024000272155,None,left,1,14,2,8,108,28,None,231.89352860022336,231.893864300102,950.3631775006652,950.3785920003429,950.3785920003429,953.3794081006199,953.3794081006199,953.3627745006233,234.89352560043335,234.89356270059943,953.3728988999501,953.3794081006199,953.3794081006199,954.3782326001674,954.3782326001674,954.3622008003294,stimuli/box_coin_transparent.png,235.89293460082263,235.89296480081975,954.3622722001746,954.3782326001674,955.8784690005705,955.8615834005177,237.3923144005239,,,,,,,,,,,,,,,,77777,right,no,None,2025-05-21_13h12.07.863,RL_out-of-scanner,2024.2.4,60.0937703897127,2025-05-21 13h12.39.206334 -0500,
48,0,48,space,11.412484700791538,None,5,2.359842600300908,None,237.3937063002959,j,0.7923771003261209,None,None,238.209990600124,238.21029510069638,239.70992360077798,239.70996400061995,240.71006760001183,240.71009570080787,244.2095271004364,,,,,,,2,0,2,0,48,0,48,0,955.8784690005705,,,,,,,,,,,,,,,,,,,,,,,,,,,,,,237.3937063002959,955.8630188005045,955.8784690005705,955.8784690005705,955.8784690005705,955.8784690005705,956.679225999862,j,0.7923771003261209,None,left,0,14,2,8,109,28,None,238.209990600124,238.21029510069638,956.679610799998,956.6951541006565,956.6951541006565,958.1957502001897,958.1957502001897,958.1791631001979,239.70992360077798,239.70996400061995,958.1878110999241,958.1957502001897,958.1957502001897,959.1949026007205,959.1949026007205,959.1793312998489,stimuli/box_empty_transparent.png,240.71006760001183,240.71009570080787,959.1794039998204,959.1949026007205,962.6950991004705,962.6787961004302,244.2095271004364,,,,,,,,,,,,,,,,77777,right,no,None,2025-05-21_13h12.07.863,RL_out-of-scanner,2024.2.4,60.0937703897127,2025-05-21 13h12.39.206334 -0500,
49,0,49,space,11.412484700791538,None,5,2.359842600300908,None,244.2110783001408,k,0.27670339960604906,None,None,244.51122410036623,244.51148060057312,246.00980290025473,246.00985180027783,247.00999400019646,247.010029300116,247.0106327002868,,,,,,,2,0,2,0,49,0,49,0,962.6950991004705,,,,,,,,,,,,,,,,,,,,,,,,,,,,,,244.2110783001408,962.6803908003494,962.6950991004705,962.6950991004705,962.6950991004705,962.6950991004705,962.9804506003857,k,0.27670339960604906,None,left,0,14,2,8,109,28,None,244.51122410036623,244.51148060057312,962.9807913005352,962.9955191006884,962.9955191006884,964.4954754998907,964.4954754998907,964.479042599909,246.00980290025473,246.00985180027783,964.4879633998498,964.4954754998907,964.4954754998907,965.4968993002549,965.4968993002549,965.4792542001233,stimuli/box_empty_transparent.png,247.00999400019646,247.010029300116,965.4793426999822,965.4968993002549,965.4968993002549,965.4798942003399,247.0106327002868,,,,,,,,,,,,,,,,77777,right,no,None,2025-05-21_13h12.07.863,RL_out-of-scanner,2024.2.4,60.0937703897127,2025-05-21 13h12.39.206334 -0500,
2,0,2,space,11.412484700791538,None,5,2.359842600300908,None,,,,,,,,,,,,,,,,,,,2,0,2,0,,,,,,,,,,,,,,,,,,,,,,,,,,,,,,,,,,,,,,,,,,,,,,,,,,,,,,,,,,,,,,,,,,,,,,,,,,,,,,,965.4927000999451,965.4968993002549,969.4945354005322,969.4945975998417,969.5111485999078,1021.9092442998663,1021.8940059999004,,,,,,,77777,right,no,None,2025-05-21_13h12.07.863,RL_out-of-scanner,2024.2.4,60.0937703897127,2025-05-21 13h12.39.206334 -0500,
,,,,,,,,,,,,,,,,,,,,,,,,,,,,,,,,,,,,,,,,,,,,,,,,,,,,,,,,,,,,,,,,,,,,,,,,,,,,,,,,,,,,,,,,,,,,,,,,,,,,,,,,,,,,,,,,,,,,,,,,1021.8941318998113,1021.8943611998111,77777,right,no,None,2025-05-21_13h12.07.863,RL_out-of-scanner,2024.2.4,60.0937703897127,2025-05-21 13h12.39.206334 -0500,
