thisN,thisTrialN,thisRepN,advance_press.keys,advance_press.rt,advance_press.duration,trigger_value.keys,trigger_value.rt,trigger_value.duration,cueOnTime,cue_resp.keys,cue_resp.rt,cue_resp.duration,all_keys.keys,cueOffTime,cueRespOnTime,cueRespOffTime,outcomeOnTime,outcomeOffTime,fixOnTime,fixOffTime,all_keys.rt,all_keys.duration,practice_loop.thisRepN,practice_loop.thisTrialN,practice_loop.thisN,practice_loop.thisIndex,runs.thisRepN,runs.thisTrialN,runs.thisN,runs.thisIndex,trials.thisRepN,trials.thisTrialN,trials.thisN,trials.thisIndex,thisRow.t,notes,prac_dir.started,welcome_text.started,advance_press_pd.started,prac_dir.stopped,advance_press_pd.keys,advance_press_pd.rt,advance_press_pd.duration,summary_instructions.started,summary_text.started,advance_to_runs.started,summary_instructions.stopped,advance_to_runs.keys,advance_to_runs.rt,advance_to_runs.duration,get_ready.started,get_ready_text.started,advance_press.started,get_ready.stopped,runs.advance_press.keys,runs.advance_press.rt,runs.advance_press.duration,scanner_trigger.started,scanner_text.started,trigger_value.started,scanner_trigger.stopped,runs.trigger_value.keys,runs.trigger_value.rt,runs.trigger_value.duration,trials.cueOnTime,cue.started,left_box.started,right_box.started,cue_resp.started,all_keys.started,cue.stopped,trials.cue_resp.keys,trials.cue_resp.rt,trials.cue_resp.duration,good_side,probability_sequence_value,magic_number,num_rewarded,num_switch,total_correct,num_gold_coins,trials.all_keys.keys,trials.cueOffTime,trials.cueRespOnTime,cue_response.started,left_box_response.started,right_box_response.started,left_box_response.stopped,right_box_response.stopped,cue_response.stopped,trials.cueRespOffTime,trials.outcomeOnTime,outcome.started,outcome_left_box.started,outcome_right_box.started,outcome_left_box.stopped,outcome_right_box.stopped,outcome.stopped,outcome_image,trials.outcomeOffTime,trials.fixOnTime,fixation.started,fixation_cross.started,fixation_cross.stopped,fixation.stopped,trials.fixOffTime,trials.all_keys.rt,trials.all_keys.duration,run_feedback.started,coins_won_text.started,run_feedback.stopped,leftover_time_break.started,fixation_end.started,fixation_end.stopped,leftover_time_break.stopped,left_box.stopped,right_box.stopped,cue_resp.stopped,all_keys.stopped,end_exp.started,end_exp.stopped,participant,handedness,practice,restart_from_run,date,expName,psychopyVersion,frameRate,expStart,
,,,,,,,,,,,,,,,,,,,,,,,,,,,,,,,,,,,,,0.02368439920246601,0.028603999875485897,0.028603999875485897,0.11154979933053255,j,0.07018580008298159,None,,,,,,,,,,,,,,,,,,,,,,,,,,,,,,,,,,,,,,,,,,,,,,,,,,,,,,,,,,,,,,,,,,,,,,,,,,,,,,,777777,right,no,None,2025-05-21_13h29.59.026,RL_out-of-scanner,2024.2.4,60.1920124963998,2025-05-21 13h30.13.052300 -0500,
,,,,,,,,,,,,,,,,,,,,,,,,,,,,,,,,,,,,,,,,,,,,0.11180389951914549,0.12019639927893877,0.12019639927893877,1.0206468999385834,j,0.892794799990952,None,,,,,,,,,,,,,,,,,,,,,,,,,,,,,,,,,,,,,,,,,,,,,,,,,,,,,,,,,,,,,,,,,,,,,,,,777777,right,no,None,2025-05-21_13h29.59.026,RL_out-of-scanner,2024.2.4,60.1920124963998,2025-05-21 13h30.13.052300 -0500,
0,0,0,space,1.766652600839734,None,5,1.2996477000415325,None,0.001772100105881691,k,0.5108390003442764,None,None,0.5340795004740357,0.5343748005107045,1.533424500375986,1.533466000109911,2.533372700214386,2.5333994003012776,4.5331946006044745,,,,,,,0,0,0,0,0,0,0,0,4.136743599548936,,,,,,,,,,,,,,,,1.0209852000698447,1.036344999447465,1.036344999447465,2.8038792992010713,space,1.766652600839734,None,2.8039738992229104,2.8197542000561953,2.8197542000561953,4.120313299819827,5,1.2996477000415325,None,0.001772100105881691,4.122157699428499,4.136743599548936,4.136743599548936,4.136743599548936,4.136743599548936,4.654366999864578,k,0.5108390003442764,None,right,1,11,1,0,1,1,None,0.5340795004740357,0.5343748005107045,4.654769700020552,4.67011439986527,4.67011439986527,5.6704742992296815,5.6704742992296815,5.6537448996677995,1.533424500375986,1.533466000109911,5.663615799508989,5.6704742992296815,5.6704742992296815,6.669461200013757,6.669461200013757,6.653720200061798,stimuli/box_coin_transparent.png,2.533372700214386,2.5333994003012776,6.653777999803424,6.669461200013757,8.669872500002384,8.653536099940538,4.5331946006044745,,,,,,,,,,,,,,,,777777,right,no,None,2025-05-21_13h29.59.026,RL_out-of-scanner,2024.2.4,60.1920124963998,2025-05-21 13h30.13.052300 -0500,
1,0,1,space,1.766652600839734,None,5,1.2996477000415325,None,4.535146100446582,k,0.507463600486517,None,None,5.067723300307989,5.06807570066303,6.566824600100517,6.566860199905932,7.566832000389695,7.566870500333607,9.066180900670588,,,,,,,0,0,0,0,1,0,1,0,8.669872500002384,,,,,,,,,,,,,,,,,,,,,,,,,,,,,,4.535146100446582,8.655545399524271,8.669872500002384,8.669872500002384,8.669872500002384,8.669872500002384,9.188010399229825,k,0.507463600486517,None,right,1,11,2,0,2,2,None,5.067723300307989,5.06807570066303,9.188474799506366,9.203416999429464,9.203416999429464,10.70397389959544,10.70397389959544,10.687146599404514,6.566824600100517,6.566860199905932,10.695433599874377,10.70397389959544,10.70397389959544,11.702850699424744,11.702850699424744,11.687169599346817,stimuli/box_coin_transparent.png,7.566832000389695,7.566870500333607,11.687265600077808,11.702850699424744,13.203414399176836,13.186528399586678,9.066180900670588,,,,,,,,,,,,,,,,777777,right,no,None,2025-05-21_13h29.59.026,RL_out-of-scanner,2024.2.4,60.1920124963998,2025-05-21 13h30.13.052300 -0500,
2,0,2,space,1.766652600839734,None,5,1.2996477000415325,None,9.067671000026166,k,0.350968100130558,None,None,9.450277800671756,9.450527500361204,10.450239799916744,10.450281700119376,11.449733600020409,11.449767700396478,14.449165700003505,,,,,,,0,0,0,0,2,0,2,0,13.203414399176836,,,,,,,,,,,,,,,,,,,,,,,,,,,,,,9.067671000026166,13.188061699271202,13.203414399176836,13.203414399176836,13.203414399176836,13.203414399176836,13.570581699721515,k,0.350968100130558,None,right,1,11,3,0,3,3,None,9.450277800671756,9.450527500361204,13.57091569993645,13.586410599760711,13.586410599760711,14.586885700002313,14.586885700002313,14.570562499575317,10.450239799916744,10.450281700119376,14.58064220007509,14.586885700002313,14.586885700002313,15.58580549992621,15.58580549992621,15.570076799951494,stimuli/box_coin_transparent.png,11.449733600020409,11.449767700396478,15.570159299299121,15.58580549992621,18.58617469947785,18.56951369997114,14.449165700003505,,,,,,,,,,,,,,,,777777,right,no,None,2025-05-21_13h29.59.026,RL_out-of-scanner,2024.2.4,60.1920124963998,2025-05-21 13h30.13.052300 -0500,
3,0,3,space,1.766652600839734,None,5,1.2996477000415325,None,14.450400200672448,k,0.3066837005317211,None,None,14.783417699858546,14.783640299923718,16.783274999819696,16.78330820053816,17.7836949005723,17.783731600269675,18.783973100595176,,,,,,,0,0,0,0,3,0,3,0,18.58617469947785,,,,,,,,,,,,,,,,,,,,,,,,,,,,,,14.450400200672448,18.57078589964658,18.58617469947785,18.58617469947785,18.58617469947785,18.58617469947785,18.90373199991882,k,0.3066837005317211,None,right,0,11,3,0,4,3,None,14.783417699858546,14.783640299923718,18.90402780007571,18.919723900035024,18.919723900035024,20.92021769937128,20.92021769937128,20.903599299490452,16.783274999819696,16.78330820053816,20.910893199965358,20.92021769937128,20.92021769937128,21.921247999183834,21.921247999183834,21.904035499319434,stimuli/box_empty_transparent.png,17.7836949005723,17.783731600269675,21.904124499298632,21.921247999183834,22.920142199844122,22.90431479923427,18.783973100595176,,,,,,,,,,,,,,,,777777,right,no,None,2025-05-21_13h29.59.026,RL_out-of-scanner,2024.2.4,60.1920124963998,2025-05-21 13h30.13.052300 -0500,
4,0,4,space,1.766652600839734,None,5,1.2996477000415325,None,18.785399400629103,j,0.2968512997031212,None,None,19.10054280050099,19.1008604997769,20.100370599888265,20.100418199785054,21.100072599947453,21.100101800635457,23.599128800444305,,,,,,,0,0,0,0,4,0,4,0,22.920142199844122,,,,,,,,,,,,,,,,,,,,,,,,,,,,,,18.785399400629103,22.90578889939934,22.920142199844122,22.920142199844122,22.920142199844122,22.920142199844122,23.220841699279845,j,0.2968512997031212,None,right,0,11,3,0,4,3,None,19.10054280050099,19.1008604997769,23.2212488995865,23.23618539981544,23.23618539981544,24.23661179933697,24.23661179933697,24.220688799396157,20.100370599888265,20.100418199785054,24.228756899945438,24.23661179933697,24.23661179933697,25.236061699688435,25.236061699688435,25.220417799428105,stimuli/box_empty_transparent.png,21.100072599947453,21.100101800635457,25.220486799255013,25.236061699688435,27.736069599166512,27.719477499835193,23.599128800444305,,,,,,,,,,,,,,,,777777,right,no,None,2025-05-21_13h29.59.026,RL_out-of-scanner,2024.2.4,60.1920124963998,2025-05-21 13h30.13.052300 -0500,
5,0,5,space,1.766652600839734,None,5,1.2996477000415325,None,23.600869700312614,k,1.114329599775374,None,['k'],24.73373750038445,24.733971499837935,28.232620400376618,28.232654800638556,29.23264930024743,29.23267660010606,31.232318799942732,[0.26712859980762005],[0.1062933998182416],,,,,0,0,0,0,5,0,5,0,27.736069599166512,,,,,,,,,,,,,,,,,,,,,,,,,,,,,,23.600869700312614,27.721264299936593,27.736069599166512,27.736069599166512,27.736069599166512,27.736069599166512,28.85402369964868,k,1.114329599775374,None,right,1,11,4,0,5,4,['k'],24.73373750038445,24.733971499837935,28.854360999539495,28.86971479933709,28.86971479933709,32.37002099957317,32.37002099957317,32.35293910000473,28.232620400376618,28.232654800638556,32.3614459997043,32.37002099957317,32.37002099957317,33.36877599917352,33.36877599917352,33.352993099950254,stimuli/box_coin_transparent.png,29.23264930024743,29.23267660010606,33.353055799379945,33.36877599917352,35.369285099208355,35.35265820007771,31.232318799942732,[0.26712859980762005],[0.1062933998182416],,,,,,,,,,,,,,777777,right,no,None,2025-05-21_13h29.59.026,RL_out-of-scanner,2024.2.4,60.1920124963998,2025-05-21 13h30.13.052300 -0500,
6,0,6,space,1.766652600839734,None,5,1.2996477000415325,None,31.234052499756217,k,0.5607195999473333,None,None,31.816572800278664,31.816793899983168,32.816042699851096,32.81610590033233,33.81575720012188,33.81578399986029,34.81527379993349,,,,,,,0,0,0,0,6,0,6,0,35.369285099208355,,,,,,,,,,,,,,,,,,,,,,,,,,,,,,31.234052499756217,35.35445099975914,35.369285099208355,35.369285099208355,35.369285099208355,35.369285099208355,35.936873799189925,k,0.5607195999473333,None,right,0,11,4,0,6,4,None,31.816572800278664,31.816793899983168,35.93717799987644,35.95254909992218,35.95254909992218,36.953015899285674,36.953015899285674,36.93635109998286,32.816042699851096,32.81610590033233,36.944435799494386,36.953015899285674,36.953015899285674,37.95190219953656,37.95190219953656,37.93610549997538,stimuli/box_empty_transparent.png,33.81575720012188,33.81578399986029,37.93616499938071,37.95190219953656,38.95255939941853,38.935622999444604,34.81527379993349,,,,,,,,,,,,,,,,777777,right,no,None,2025-05-21_13h29.59.026,RL_out-of-scanner,2024.2.4,60.1920124963998,2025-05-21 13h30.13.052300 -0500,
7,0,7,space,1.766652600839734,None,5,1.2996477000415325,None,34.816859000362456,j,0.34163769986480474,None,None,35.18284559994936,35.183133400045335,37.182288399897516,37.182320300489664,38.18280990049243,38.1828474001959,40.181742399930954,,,,,,,0,0,0,0,7,0,7,0,38.95255939941853,,,,,,,,,,,,,,,,,,,,,,,,,,,,,,34.816859000362456,38.937254999764264,38.95255939941853,38.95255939941853,38.95255939941853,38.95255939941853,39.303146599791944,j,0.34163769986480474,None,right,0,11,4,0,6,4,None,35.18284559994936,35.183133400045335,39.303521199151874,39.31900569982827,39.31900569982827,41.319503099657595,41.319503099657595,41.302622399292886,37.182288399897516,37.182320300489664,41.31019369978458,41.319503099657595,41.319503099657595,42.31853469926864,42.31853469926864,42.303150199353695,stimuli/box_empty_transparent.png,38.18280990049243,38.1828474001959,42.30323929991573,42.31853469926864,44.31892779935151,44.30208659917116,40.181742399930954,,,,,,,,,,,,,,,,777777,right,no,None,2025-05-21_13h29.59.026,RL_out-of-scanner,2024.2.4,60.1920124963998,2025-05-21 13h30.13.052300 -0500,
8,0,8,space,1.766652600839734,None,5,1.2996477000415325,None,40.18416369985789,k,0.31253809947520494,None,None,40.51625660061836,40.516501700505614,43.515680599957705,43.51572810020298,44.515908299945295,44.51593929994851,46.015078799799085,,,,,,,0,0,0,0,8,0,8,0,44.31892779935151,,,,,,,,,,,,,,,,,,,,,,,,,,,,,,40.18416369985789,44.304565999656916,44.31892779935151,44.31892779935151,44.31892779935151,44.31892779935151,44.63655579928309,k,0.31253809947520494,None,right,1,11,5,0,7,5,None,40.51625660061836,40.516501700505614,44.636890299618244,44.65237700007856,44.65237700007856,47.65275159943849,47.65275159943849,47.6359958993271,43.515680599957705,43.51572810020298,47.64508299995214,47.65275159943849,47.65275159943849,48.652171599678695,48.652171599678695,48.636251599527895,stimuli/box_coin_transparent.png,44.515908299945295,44.51593929994851,48.636325199157,48.652171599678695,50.15239879954606,50.13542110007256,46.015078799799085,,,,,,,,,,,,,,,,777777,right,no,None,2025-05-21_13h29.59.026,RL_out-of-scanner,2024.2.4,60.1920124963998,2025-05-21 13h30.13.052300 -0500,
9,0,9,space,1.766652600839734,None,5,1.2996477000415325,None,46.01659299992025,k,0.41275439970195293,None,None,46.44947629980743,46.44972589984536,47.949272899888456,47.94931980036199,48.94935130048543,48.94938740041107,50.94854780007154,,,,,,,0,0,0,0,9,0,9,0,50.15239879954606,,,,,,,,,,,,,,,,,,,,,,,,,,,,,,46.01659299992025,50.13699829950929,50.15239879954606,50.15239879954606,50.15239879954606,50.15239879954606,50.56978819984943,k,0.41275439970195293,None,right,1,11,6,0,8,6,None,46.44947629980743,46.44972589984536,50.57011129986495,50.585712099447846,50.585712099447846,52.08634759951383,52.08634759951383,52.06959099974483,47.949272899888456,47.94931980036199,52.08039139956236,52.08634759951383,52.08634759951383,53.08535049948841,53.08535049948841,53.06969049945474,stimuli/box_coin_transparent.png,48.94935130048543,48.94938740041107,53.06977909989655,53.08535049948841,55.08559389971197,55.06888270005584,50.94854780007154,,,,,,,,,,,,,,,,777777,right,no,None,2025-05-21_13h29.59.026,RL_out-of-scanner,2024.2.4,60.1920124963998,2025-05-21 13h30.13.052300 -0500,
10,0,10,space,1.766652600839734,None,5,1.2996477000415325,None,50.95049460045993,k,0.4738993998616934,None,None,51.44987780041993,51.450129699893296,52.94908030051738,52.949123499915004,53.96539860032499,53.96543100010604,54.964797200635076,,,,,,,0,0,0,0,10,0,10,0,55.08559389971197,,,,,,,,,,,,,,,,,,,,,,,,,,,,,,50.95049460045993,55.07089079916477,55.08559389971197,55.08559389971197,55.08559389971197,55.08559389971197,55.5701779993251,k,0.4738993998616934,None,right,1,11,7,0,9,7,None,51.44987780041993,51.450129699893296,55.570518099702895,55.5858434997499,55.5858434997499,57.08745069988072,57.08745069988072,57.069381499662995,52.94908030051738,52.949123499915004,57.08146069943905,57.08745069988072,57.08745069988072,,,58.08573879953474,stimuli/box_coin_transparent.png,53.96539860032499,53.96543100010604,58.08581899944693,58.10156899970025,59.101800199598074,59.08514009974897,54.964797200635076,,,,,,,,,,,,,,,,777777,right,no,None,2025-05-21_13h29.59.026,RL_out-of-scanner,2024.2.4,60.1920124963998,2025-05-21 13h30.13.052300 -0500,
11,0,11,space,1.766652600839734,None,5,1.2996477000415325,None,54.966468499973416,j,0.5140896001830697,None,None,55.49956000037491,55.499813600443304,57.49954690039158,57.499585600569844,58.49926630035043,58.499297900125384,60.014919199980795,,,,,,,0,0,0,0,11,0,11,0,59.101800199598074,,,,,,,,,,,,,,,,,,,,,,,,,,,,,,54.966468499973416,59.08685479965061,59.101800199598074,59.101800199598074,59.101800199598074,59.101800199598074,59.61987179983407,j,0.5140896001830697,None,right,1,11,7,0,9,7,None,55.49956000037491,55.499813600443304,59.620200499892235,59.635240599513054,59.635240599513054,61.636554199270904,61.636554199270904,61.61986989993602,57.49954690039158,57.499585600569844,61.62787469942123,61.636554199270904,61.636554199270904,62.63559019938111,62.63559019938111,62.619608299806714,stimuli/box_empty_transparent.png,58.49926630035043,58.499297900125384,62.61968379933387,62.63559019938111,64.15169879980385,64.13526319991797,60.014919199980795,,,,,,,,,,,,,,,,777777,right,no,None,2025-05-21_13h29.59.026,RL_out-of-scanner,2024.2.4,60.1920124963998,2025-05-21 13h30.13.052300 -0500,
12,0,12,space,1.766652600839734,None,5,1.2996477000415325,None,60.016494600102305,k,0.7581901997327805,None,None,60.79917920008302,60.79953119996935,61.79842959996313,61.79847430065274,62.79887029994279,62.79892189987004,65.79797310009599,,,,,,,0,0,0,0,12,0,12,0,64.15169879980385,,,,,,,,,,,,,,,,,,,,,,,,,,,,,,60.016494600102305,64.1368871992454,64.15169879980385,64.15169879980385,64.15169879980385,64.15169879980385,64.91943629924208,k,0.7581901997327805,None,right,1,11,8,0,10,8,None,60.79917920008302,60.79953119996935,64.9199231993407,64.93508119974285,64.93508119974285,65.93543649930507,65.93543649930507,65.91874829959124,61.79842959996313,61.79847430065274,65.9292838992551,65.93543649930507,65.93543649930507,,,66.9191976999864,stimuli/box_coin_transparent.png,62.79887029994279,62.79892189987004,66.9193276995793,66.93475409969687,69.9350169999525,69.91830999962986,65.79797310009599,,,,,,,,,,,,,,,,777777,right,no,None,2025-05-21_13h29.59.026,RL_out-of-scanner,2024.2.4,60.1920124963998,2025-05-21 13h30.13.052300 -0500,
13,0,13,space,1.766652600839734,None,5,1.2996477000415325,None,65.79979160055518,k,0.3738155998289585,None,None,66.19928709976375,66.1996378004551,66.69885020051152,66.69890180043876,67.71434990037233,67.71438090037555,69.71447509992868,,,,,,,0,0,0,0,13,0,13,0,69.9350169999525,,,,,,,,,,,,,,,,,,,,,,,,,,,,,,65.79979160055518,69.92019579932094,69.9350169999525,69.9350169999525,69.9350169999525,69.9350169999525,70.319560399279,k,0.3738155998289585,None,right,1,11,9,0,11,9,None,66.19928709976375,66.1996378004551,70.3200392993167,70.33514299988747,70.33514299988747,70.83601319976151,70.83601319976151,70.81915130000561,66.69885020051152,66.69890180043876,70.82913389988244,70.83601319976151,70.83601319976151,,,71.83469069935381,stimuli/box_coin_transparent.png,67.71434990037233,67.71438090037555,71.83476839959621,71.85090779978782,73.85135009977967,73.8348167994991,69.71447509992868,,,,,,,,,,,,,,,,777777,right,no,None,2025-05-21_13h29.59.026,RL_out-of-scanner,2024.2.4,60.1920124963998,2025-05-21 13h30.13.052300 -0500,
14,0,14,space,1.766652600839734,None,5,1.2996477000415325,None,69.71610140055418,k,0.3440717998892069,None,None,70.08240120019764,70.08267119992524,71.58250240050256,71.58255290053785,72.5978781003505,72.59791970066726,73.59759110026062,,,,,,,0,0,0,0,14,0,14,0,73.85135009977967,,,,,,,,,,,,,,,,,,,,,,,,,,,,,,69.71610140055418,73.83649939950556,73.85135009977967,73.85135009977967,73.85135009977967,73.85135009977967,74.20269399974495,k,0.3440717998892069,None,right,1,11,10,0,12,10,None,70.08240120019764,70.08267119992524,74.20306399930269,74.21835569944233,74.21835569944233,75.71915469970554,75.71915469970554,75.70281549915671,71.58250240050256,71.58255290053785,75.71349259931594,75.71915469970554,75.71915469970554,,,76.7182134995237,stimuli/box_coin_transparent.png,72.5978781003505,72.59791970066726,76.71831769961864,76.73432009946555,77.7346821995452,77.71792779956013,73.59759110026062,,,,,,,,,,,,,,,,777777,right,no,None,2025-05-21_13h29.59.026,RL_out-of-scanner,2024.2.4,60.1920124963998,2025-05-21 13h30.13.052300 -0500,
15,0,15,space,1.766652600839734,None,5,1.2996477000415325,None,73.59939299989492,k,0.6818250007927418,None,None,74.29909450002015,74.29941250011325,75.29847440030426,75.2985164001584,76.2985343998298,76.29857830051333,78.29811100009829,,,,,,,0,0,0,0,15,0,15,0,77.7346821995452,,,,,,,,,,,,,,,,,,,,,,,,,,,,,,73.59939299989492,77.71978519950062,77.7346821995452,77.7346821995452,77.7346821995452,77.7346821995452,78.41939619928598,k,0.6818250007927418,None,right,1,11,11,0,13,11,None,74.29909450002015,74.29941250011325,78.41980239935219,78.4353742999956,78.4353742999956,79.43541159946471,79.43541159946471,79.41878979932517,75.29847440030426,75.2985164001584,79.42907919920981,79.43541159946471,79.43541159946471,80.43415889982134,80.43415889982134,80.41886849980801,stimuli/box_coin_transparent.png,76.2985343998298,76.29857830051333,80.4189791996032,80.43415889982134,82.43467999994755,82.41844639927149,78.29811100009829,,,,,,,,,,,,,,,,777777,right,no,None,2025-05-21_13h29.59.026,RL_out-of-scanner,2024.2.4,60.1920124963998,2025-05-21 13h30.13.052300 -0500,
16,0,16,space,1.766652600839734,None,5,1.2996477000415325,None,78.30035630054772,k,0.5998877994716167,None,None,78.91601010039449,78.91631569992751,80.91511720046401,80.91515100002289,81.91596290003508,81.91600169986486,82.91456560045481,,,,,,,0,0,0,0,16,0,16,0,82.43467999994755,,,,,,,,,,,,,,,,,,,,,,,,,,,,,,78.30035630054772,82.42076339945197,82.43467999994755,82.43467999994755,82.43467999994755,82.43467999994755,83.03630979917943,k,0.5998877994716167,None,left,1,7,0,1,13,11,None,78.91601010039449,78.91631569992751,83.03672540001571,83.05154079943895,83.05154079943895,85.05237889941782,85.05237889941782,85.03544539958239,80.91511720046401,80.91515100002289,85.04186869971454,85.05237889941782,85.05237889941782,,,86.03629979956895,stimuli/box_empty_transparent.png,81.91596290003508,81.91600169986486,86.03639489971101,86.0518635995686,87.0510867992416,87.03490509930998,82.91456560045481,,,,,,,,,,,,,,,,777777,right,no,None,2025-05-21_13h29.59.026,RL_out-of-scanner,2024.2.4,60.1920124963998,2025-05-21 13h30.13.052300 -0500,
17,0,17,space,1.766652600839734,None,5,1.2996477000415325,None,82.9165388001129,j,0.4020619997754693,None,None,83.34900060016662,83.34945830050856,84.34809309989214,84.34815139975399,85.36427910067141,85.36431230045855,86.3639878006652,,,,,,,0,0,0,0,17,0,17,0,87.0510867992416,,,,,,,,,,,,,,,,,,,,,,,,,,,,,,82.9165388001129,87.03693019971251,87.0510867992416,87.0510867992416,87.0510867992416,87.0510867992416,87.46927140001208,j,0.4020619997754693,None,left,1,7,1,1,14,12,None,83.34900060016662,83.34945830050856,87.46986759919673,87.4844915997237,87.4844915997237,88.49066299945116,88.49066299945116,88.46839789953083,84.34809309989214,84.34815139975399,88.48466469999403,88.49066299945116,88.49066299945116,,,89.48462109919637,stimuli/box_coin_transparent.png,85.36427910067141,85.36431230045855,89.48470130003989,89.50060039944947,90.50095599982888,90.48432749975473,86.3639878006652,,,,,,,,,,,,,,,,777777,right,no,None,2025-05-21_13h29.59.026,RL_out-of-scanner,2024.2.4,60.1920124963998,2025-05-21 13h30.13.052300 -0500,
18,0,18,space,1.766652600839734,None,5,1.2996477000415325,None,86.36625299975276,j,0.6096699004992843,None,None,86.99887100048363,86.99917410034686,90.49786350037903,90.49790589977056,91.49837729986757,91.49840840045363,93.49712090007961,,,,,,,0,0,0,0,18,0,18,0,90.50095599982888,,,,,,,,,,,,,,,,,,,,,,,,,,,,,,86.36625299975276,90.48665689956397,90.50095599982888,90.50095599982888,90.50095599982888,90.50095599982888,91.11916229967028,j,0.6096699004992843,None,left,0,7,1,1,15,12,None,86.99887100048363,86.99917410034686,91.11956399958581,91.13459799997509,91.13459799997509,94.63481239974499,94.63481239974499,94.61818449944258,90.49786350037903,90.49790589977056,94.62600519973785,94.63481239974499,94.63481239974499,95.63436219934374,95.63436219934374,95.6187215000391,stimuli/box_empty_transparent.png,91.49837729986757,91.49840840045363,95.61879349965602,95.63436219934374,97.63424809928983,97.61746579967439,93.49712090007961,,,,,,,,,,,,,,,,777777,right,no,None,2025-05-21_13h29.59.026,RL_out-of-scanner,2024.2.4,60.1920124963998,2025-05-21 13h30.13.052300 -0500,
19,0,19,space,1.766652600839734,None,5,1.2996477000415325,None,93.49854960013181,k,0.3761414000764489,None,None,93.89833740051836,93.89862910006195,94.8975892001763,94.89762870036066,95.89761330001056,95.89764809980989,97.39701920002699,,,,,,,0,0,0,0,19,0,19,0,97.63424809928983,,,,,,,,,,,,,,,,,,,,,,,,,,,,,,93.49854960013181,97.61894179973751,97.63424809928983,97.63424809928983,97.63424809928983,97.63424809928983,98.01860409975052,k,0.3761414000764489,None,left,0,7,1,1,15,12,None,93.89833740051836,93.89862910006195,98.01902389992028,98.03417549934238,98.03417549934238,99.03471679985523,99.03471679985523,99.017896999605,94.8975892001763,94.89762870036066,99.02596719935536,99.03471679985523,99.03471679985523,100.0335946995765,100.0335946995765,100.01795389968902,stimuli/box_empty_transparent.png,95.89761330001056,95.89764809980989,100.0180377997458,100.0335946995765,101.53410879988223,101.51736109983176,97.39701920002699,,,,,,,,,,,,,,,,777777,right,no,None,2025-05-21_13h29.59.026,RL_out-of-scanner,2024.2.4,60.1920124963998,2025-05-21 13h30.13.052300 -0500,
20,0,20,space,1.766652600839734,None,5,1.2996477000415325,None,97.39884550031275,j,0.32030180003494024,None,None,97.74831019993871,97.74867899995297,99.74755300022662,99.74759049993008,100.74791410006583,100.74795900005847,102.74806360062212,,,,,,,0,0,0,0,20,0,20,0,101.53410879988223,,,,,,,,,,,,,,,,,,,,,,,,,,,,,,97.39884550031275,101.51924399938434,101.53410879988223,101.53410879988223,101.53410879988223,101.53410879988223,101.86858109943569,j,0.32030180003494024,None,left,1,7,2,1,16,13,None,97.74831019993871,97.74867899995297,101.86907449923456,101.88421879988164,101.88421879988164,103.88445359934121,103.88445359934121,103.86787319928408,99.74755300022662,99.74759049993008,103.87762499973178,103.88445359934121,103.88445359934121,104.88344969972968,104.88344969972968,104.86824779957533,stimuli/box_coin_transparent.png,100.74791410006583,100.74795900005847,104.868358399719,104.88344969972968,106.88446259964257,106.86841219943017,102.74806360062212,,,,,,,,,,,,,,,,777777,right,no,None,2025-05-21_13h29.59.026,RL_out-of-scanner,2024.2.4,60.1920124963998,2025-05-21 13h30.13.052300 -0500,
21,0,21,space,1.766652600839734,None,5,1.2996477000415325,None,102.74924849998206,k,0.9835596000775695,None,None,103.76479490008205,103.76511370018125,106.76501710060984,106.7650608997792,107.76435520034283,107.7643977003172,109.26325310021639,,,,,,,0,0,0,0,21,0,21,0,106.88446259964257,,,,,,,,,,,,,,,,,,,,,,,,,,,,,,102.74924849998206,106.86963339988142,106.88446259964257,106.88446259964257,106.88446259964257,106.88446259964257,107.88508689962327,k,0.9835596000775695,None,left,1,7,2,1,16,13,None,103.76479490008205,103.76511370018125,107.88550429977477,107.90054709929973,107.90054709929973,110.90080779977143,110.90080779977143,110.88533079996705,106.76501710060984,106.7650608997792,110.89380269963294,110.90080779977143,110.90080779977143,111.90000299923122,111.90000299923122,111.88469039928168,stimuli/box_empty_transparent.png,107.76435520034283,107.7643977003172,111.88479479961097,111.90000299923122,113.40036529954523,113.38359399978071,109.26325310021639,,,,,,,,,,,,,,,,777777,right,no,None,2025-05-21_13h29.59.026,RL_out-of-scanner,2024.2.4,60.1920124963998,2025-05-21 13h30.13.052300 -0500,
22,0,22,space,1.766652600839734,None,5,1.2996477000415325,None,109.26507080066949,j,0.3272665999829769,None,None,109.6143372002989,109.61472390033305,111.11388960015029,111.11392890010029,112.12987199984491,112.12990459986031,114.12983400002122,,,,,,,0,0,0,0,22,0,22,0,113.40036529954523,,,,,,,,,,,,,,,,,,,,,,,,,,,,,,109.26507080066949,113.38547239918262,113.40036529954523,113.40036529954523,113.40036529954523,113.40036529954523,113.73463889956474,j,0.3272665999829769,None,left,1,7,3,1,17,14,None,109.6143372002989,109.61472390033305,113.73511619959027,113.75031419936568,113.75031419936568,115.2514428999275,115.2514428999275,115.23421309981495,111.11388960015029,111.11392890010029,115.24570419918746,115.2514428999275,115.2514428999275,,,116.25021329987794,stimuli/box_coin_transparent.png,112.12987199984491,112.12990459986031,116.25029309932142,116.26625849958509,118.2669613994658,118.25017999950796,114.12983400002122,,,,,,,,,,,,,,,,777777,right,no,None,2025-05-21_13h29.59.026,RL_out-of-scanner,2024.2.4,60.1920124963998,2025-05-21 13h30.13.052300 -0500,
23,0,23,space,1.766652600839734,None,5,1.2996477000415325,None,114.13126729987562,j,0.42452050000429153,None,None,114.58129180036485,114.58163879998028,116.0805143006146,116.08055299986154,117.0802389997989,117.08027170039713,118.57977780047804,,,,,,,0,0,0,0,23,0,23,0,118.2669613994658,,,,,,,,,,,,,,,,,,,,,,,,,,,,,,114.13126729987562,118.25165769923478,118.2669613994658,118.2669613994658,118.2669613994658,118.2669613994658,118.70159179996699,j,0.42452050000429153,None,left,1,7,4,1,18,15,None,114.58129180036485,114.58163879998028,118.70202740002424,118.7175941998139,118.7175941998139,120.21760899946094,120.21760899946094,120.2008371995762,116.0805143006146,116.08055299986154,120.2106542000547,120.21760899946094,120.21760899946094,121.21631769929081,121.21631769929081,121.20057549979538,stimuli/box_coin_transparent.png,117.0802389997989,117.08027170039713,121.20065839961171,121.21631769929081,122.71882889978588,122.70012309961021,118.57977780047804,,,,,,,,,,,,,,,,777777,right,no,None,2025-05-21_13h29.59.026,RL_out-of-scanner,2024.2.4,60.1920124963998,2025-05-21 13h30.13.052300 -0500,
24,0,24,space,1.766652600839734,None,5,1.2996477000415325,None,118.58128229994327,j,0.3427458992227912,None,None,118.94758060015738,118.94799690041691,120.94722570013255,120.94727480039,121.9470867998898,121.94711900036782,123.44606770016253,,,,,,,0,0,0,0,24,0,24,0,122.71882889978588,,,,,,,,,,,,,,,,,,,,,,,,,,,,,,118.58128229994327,122.70167509932071,122.71882889978588,122.71882889978588,122.71882889978588,122.71882889978588,123.06785189919174,j,0.3427458992227912,None,left,0,7,4,1,19,15,None,118.94758060015738,118.94799690041691,123.06840839982033,123.08339659962803,123.08339659962803,125.08407249953598,125.08407249953598,125.06753589957952,120.94722570013255,120.94727480039,125.07710389979184,125.08407249953598,125.08407249953598,126.08296339958906,126.08296339958906,126.06743029970676,stimuli/box_empty_transparent.png,121.9470867998898,121.94711900036782,126.06750509981066,126.08296339958906,127.5832313997671,127.56641089916229,123.44606770016253,,,,,,,,,,,,,,,,777777,right,no,None,2025-05-21_13h29.59.026,RL_out-of-scanner,2024.2.4,60.1920124963998,2025-05-21 13h30.13.052300 -0500,
25,0,25,space,1.766652600839734,None,5,1.2996477000415325,None,123.4478464005515,k,0.3975444007664919,None,None,123.86408239975572,123.86441840045154,124.86440730001777,124.86444579996169,125.87991760019213,125.87995400000364,129.3794816005975,,,,,,,0,0,0,0,25,0,25,0,127.5832313997671,,,,,,,,,,,,,,,,,,,,,,,,,,,,,,123.4478464005515,127.56825739983469,127.5832313997671,127.5832313997671,127.5832313997671,127.5832313997671,127.98438289947808,k,0.3975444007664919,None,left,0,7,4,1,19,15,None,123.86408239975572,123.86441840045154,127.98482699971646,127.99997879937291,127.99997879937291,129.00144799984992,129.00144799984992,128.9847281994298,124.86440730001777,124.86444579996169,128.99319889955223,129.00144799984992,129.00144799984992,,,130.00024929922074,stimuli/box_empty_transparent.png,125.87991760019213,125.87995400000364,130.00035669934005,130.0160554992035,133.5163650996983,133.49981960002333,129.3794816005975,,,,,,,,,,,,,,,,777777,right,no,None,2025-05-21_13h29.59.026,RL_out-of-scanner,2024.2.4,60.1920124963998,2025-05-21 13h30.13.052300 -0500,
26,0,26,space,1.766652600839734,None,5,1.2996477000415325,None,129.3817314002663,j,0.4706713994964957,None,None,129.88064779993147,129.8810804001987,130.37996170017868,130.38001259975135,131.38026580028236,131.38029870018363,134.87952939979732,,,,,,,0,0,0,0,26,0,26,0,133.5163650996983,,,,,,,,,,,,,,,,,,,,,,,,,,,,,,129.3817314002663,133.5021340996027,133.5163650996983,133.5163650996983,133.5163650996983,133.5163650996983,134.00091880001128,j,0.4706713994964957,None,left,0,7,4,1,20,15,None,129.88064779993147,129.8810804001987,134.00148789957166,134.01689769979566,134.01689769979566,134.5167181994766,134.5167181994766,134.50026559922844,130.37996170017868,130.38001259975135,134.5103121995926,134.5167181994766,134.5167181994766,135.5157536994666,135.5157536994666,135.50060899928212,stimuli/box_empty_transparent.png,131.38026580028236,131.38029870018363,135.50068439915776,135.5157536994666,139.01621949952096,138.99986419919878,134.87952939979732,,,,,,,,,,,,,,,,777777,right,no,None,2025-05-21_13h29.59.026,RL_out-of-scanner,2024.2.4,60.1920124963998,2025-05-21 13h30.13.052300 -0500,
27,0,27,space,1.766652600839734,None,5,1.2996477000415325,None,134.88200150057673,k,0.36113400012254715,None,None,135.26512960065156,135.2653906000778,136.7646580999717,136.76472160033882,137.77933160029352,137.77936240006238,138.77954520005733,,,,,,,0,0,0,0,27,0,27,0,139.01621949952096,,,,,,,,,,,,,,,,,,,,,,,,,,,,,,134.88200150057673,139.00240799970925,139.01621949952096,139.01621949952096,139.01621949952096,139.01621949952096,139.38542999979109,k,0.36113400012254715,None,left,0,7,4,1,20,15,None,135.26512960065156,135.2653906000778,139.38577829953283,139.4000763995573,139.4000763995573,140.90071169938892,140.90071169938892,140.88495259918272,136.7646580999717,136.76472160033882,140.8953306991607,140.90071169938892,140.90071169938892,,,141.8996705999598,stimuli/box_empty_transparent.png,137.77933160029352,137.77936240006238,141.8997499998659,141.91569579951465,142.91639479994774,142.89988159947097,138.77954520005733,,,,,,,,,,,,,,,,777777,right,no,None,2025-05-21_13h29.59.026,RL_out-of-scanner,2024.2.4,60.1920124963998,2025-05-21 13h30.13.052300 -0500,
28,0,28,space,1.766652600839734,None,5,1.2996477000415325,None,138.78175219986588,j,0.438400499522686,None,None,139.24723719991744,139.24755890015513,140.24639779981226,140.24644280038774,141.24683700036258,141.24687020014971,144.74607210047543,,,,,,,0,0,0,0,28,0,28,0,142.91639479994774,,,,,,,,,,,,,,,,,,,,,,,,,,,,,,138.78175219986588,142.90215689968318,142.91639479994774,142.91639479994774,142.91639479994774,142.91639479994774,143.36753709986806,j,0.438400499522686,None,left,1,7,5,1,21,16,None,139.24723719991744,139.24755890015513,143.36794409994036,143.38302009925246,143.38302009925246,144.38335949927568,144.38335949927568,144.3667152998969,140.24639779981226,140.24644280038774,144.37747359927744,144.38335949927568,144.38335949927568,145.38250899966806,145.38250899966806,145.36717989947647,stimuli/box_coin_transparent.png,141.24683700036258,141.24687020014971,145.36725569982082,145.38250899966806,148.88287949934602,148.86641540005803,144.74607210047543,,,,,,,,,,,,,,,,777777,right,no,None,2025-05-21_13h29.59.026,RL_out-of-scanner,2024.2.4,60.1920124963998,2025-05-21 13h30.13.052300 -0500,
29,0,29,space,1.766652600839734,None,5,1.2996477000415325,None,144.74759620055556,j,0.3554564993828535,None,None,145.1310804001987,145.13149510044605,147.13066620007157,147.13070440012962,148.13018380012363,148.13022990059108,149.12974900007248,,,,,,,0,0,0,0,29,0,29,0,148.88287949934602,,,,,,,,,,,,,,,,,,,,,,,,,,,,,,144.74759620055556,148.8679905999452,148.88287949934602,148.88287949934602,148.88287949934602,148.88287949934602,149.25132479984313,j,0.3554564993828535,None,left,1,7,6,1,22,17,None,145.1310804001987,145.13149510044605,149.25189029984176,149.26680879946798,149.26680879946798,151.2662146994844,151.2662146994844,151.2509882999584,147.13066620007157,147.13070440012962,151.2607192993164,151.2662146994844,151.2662146994844,152.2660491997376,152.2660491997376,152.2505264999345,stimuli/box_coin_transparent.png,148.13018380012363,148.13022990059108,152.25061629991978,152.2660491997376,153.2673015994951,153.25009339954704,149.12974900007248,,,,,,,,,,,,,,,,777777,right,no,None,2025-05-21_13h29.59.026,RL_out-of-scanner,2024.2.4,60.1920124963998,2025-05-21 13h30.13.052300 -0500,
30,0,30,space,1.766652600839734,None,5,1.2996477000415325,None,149.13122310023755,j,0.7307258993387222,None,None,149.88000870030373,149.88036520034075,150.87946480046958,150.87950390018523,151.8797257002443,151.8797804005444,152.8789363000542,,,,,,,0,0,0,0,30,0,30,0,153.2673015994951,,,,,,,,,,,,,,,,,,,,,,,,,,,,,,149.13122310023755,153.25161459948868,153.2673015994951,153.2673015994951,153.2673015994951,153.2673015994951,154.00029189977795,j,0.7307258993387222,None,left,1,7,7,1,23,18,None,149.88000870030373,149.88036520034075,154.00076109915972,154.01596799958497,154.01596799958497,155.01651089917868,155.01651089917868,154.99978780001402,150.87946480046958,150.87950390018523,155.0109097994864,155.01651089917868,155.01651089917868,156.01540429983288,156.01540429983288,156.00005169957876,stimuli/box_coin_transparent.png,151.8797257002443,151.8797804005444,156.00019000004977,156.01540429983288,157.01586929988116,156.9992825994268,152.8789363000542,,,,,,,,,,,,,,,,777777,right,no,None,2025-05-21_13h29.59.026,RL_out-of-scanner,2024.2.4,60.1920124963998,2025-05-21 13h30.13.052300 -0500,
31,0,31,space,1.766652600839734,None,5,1.2996477000415325,None,152.88040409982204,j,0.6786446999758482,None,None,153.57995580043644,153.58030610065907,156.57913880050182,156.57919290009886,157.5952463997528,157.59529250022024,160.09539190027863,,,,,,,0,0,0,0,31,0,31,0,157.01586929988116,,,,,,,,,,,,,,,,,,,,,,,,,,,,,,152.88040409982204,157.00079539977014,157.01586929988116,157.01586929988116,157.01586929988116,157.01586929988116,157.70024689938873,j,0.6786446999758482,None,right,1,15,0,2,23,18,None,153.57995580043644,153.58030610065907,157.70070109982044,157.71571409981698,157.71571409981698,160.71647419966757,160.71647419966757,160.69944259990007,156.57913880050182,156.57919290009886,160.70999139919877,160.71647419966757,160.71647419966757,,,161.71557819936424,stimuli/box_empty_transparent.png,157.5952463997528,157.59529250022024,161.71569269988686,161.73151509929448,164.23237490002066,164.21572980005294,160.09539190027863,,,,,,,,,,,,,,,,777777,right,no,None,2025-05-21_13h29.59.026,RL_out-of-scanner,2024.2.4,60.1920124963998,2025-05-21 13h30.13.052300 -0500,
32,0,32,space,1.766652600839734,None,5,1.2996477000415325,None,160.0974502004683,k,0.33451269939541817,None,None,160.463408799842,160.46368600055575,161.46328810043633,161.46333099994808,162.46260670013726,162.4626412000507,163.46208650059998,,,,,,,0,0,0,0,32,0,32,0,164.23237490002066,,,,,,,,,,,,,,,,,,,,,,,,,,,,,,160.0974502004683,164.21785009931773,164.23237490002066,164.23237490002066,164.23237490002066,164.23237490002066,164.5836984999478,k,0.33451269939541817,None,right,1,15,1,2,24,19,None,160.463408799842,160.46368600055575,164.58407409954816,164.59894089959562,164.59894089959562,165.59982899948955,165.59982899948955,165.58360469993204,161.46328810043633,161.46333099994808,165.59364749956876,165.59982899948955,165.59982899948955,166.5983507996425,166.5983507996425,166.58294879924506,stimuli/box_coin_transparent.png,162.46260670013726,162.4626412000507,166.58303069975227,166.5983507996425,167.59884709957987,167.58242939971387,163.46208650059998,,,,,,,,,,,,,,,,777777,right,no,None,2025-05-21_13h29.59.026,RL_out-of-scanner,2024.2.4,60.1920124963998,2025-05-21 13h30.13.052300 -0500,
33,0,33,space,1.766652600839734,None,5,1.2996477000415325,None,163.4636741997674,k,0.4092540005221963,None,None,163.89660120010376,163.89697850029916,165.89552330039442,165.8955700006336,166.8957919003442,166.89584229979664,168.39487669989467,,,,,,,0,0,0,0,33,0,33,0,167.59884709957987,,,,,,,,,,,,,,,,,,,,,,,,,,,,,,163.4636741997674,167.5840658992529,167.59884709957987,167.59884709957987,167.59884709957987,167.59884709957987,168.01688560005277,k,0.4092540005221963,None,right,0,15,1,2,25,19,None,163.89660120010376,163.89697850029916,168.017382199876,168.032644899562,168.032644899562,170.0326277995482,170.0326277995482,170.01583789940923,165.89552330039442,165.8955700006336,170.02436749916524,170.0326277995482,170.0326277995482,171.03147429972887,171.03147429972887,171.01611849945039,stimuli/box_empty_transparent.png,166.8957919003442,166.89584229979664,171.01625159941614,171.03147429972887,172.53191369958222,172.51522379927337,168.39487669989467,,,,,,,,,,,,,,,,777777,right,no,None,2025-05-21_13h29.59.026,RL_out-of-scanner,2024.2.4,60.1920124963998,2025-05-21 13h30.13.052300 -0500,
34,0,34,space,1.766652600839734,None,5,1.2996477000415325,None,168.39640699978918,j,0.5440520998090506,None,None,168.96336549986154,168.96375440061092,171.9631225997582,171.96316049993038,172.96325900033116,172.9632914001122,175.46262090001255,,,,,,,0,0,0,0,34,0,34,0,172.53191369958222,,,,,,,,,,,,,,,,,,,,,,,,,,,,,,168.39640699978918,172.51679849997163,172.53191369958222,172.53191369958222,172.53191369958222,172.53191369958222,173.0836467994377,j,0.5440520998090506,None,right,0,15,1,2,25,19,None,168.96336549986154,168.96375440061092,173.08415059931576,173.09885789919645,173.09885789919645,176.0991685995832,176.0991685995832,176.083445799537,171.9631225997582,171.96316049993038,176.0918048992753,176.0991685995832,176.0991685995832,177.09950339980423,177.09950339980423,177.08360239956528,stimuli/box_empty_transparent.png,172.96325900033116,172.9632914001122,177.08367759920657,177.09950339980423,179.5989190991968,179.5829664999619,175.46262090001255,,,,,,,,,,,,,,,,777777,right,no,None,2025-05-21_13h29.59.026,RL_out-of-scanner,2024.2.4,60.1920124963998,2025-05-21 13h30.13.052300 -0500,
35,0,35,space,1.766652600839734,None,5,1.2996477000415325,None,175.4641045005992,k,0.32727700006216764,None,None,175.81327280029655,175.81353639997542,177.31315030064434,177.3131881998852,178.31263680011034,178.31266900058836,179.312369200401,,,,,,,0,0,0,0,35,0,35,0,179.5989190991968,,,,,,,,,,,,,,,,,,,,,,,,,,,,,,175.4641045005992,179.58449529949576,179.5989190991968,179.5989190991968,179.5989190991968,179.5989190991968,179.93356669973582,k,0.32727700006216764,None,right,1,15,2,2,26,20,None,175.81327280029655,175.81353639997542,179.93392359931022,179.9485188992694,179.9485188992694,181.44892890006304,181.44892890006304,181.43347319960594,177.31315030064434,177.3131881998852,181.4434947995469,181.44892890006304,181.44892890006304,182.44881839957088,182.44881839957088,182.43297969922423,stimuli/box_coin_transparent.png,178.31263680011034,178.31266900058836,182.43305439967662,182.44881839957088,183.44903599936515,183.4327111998573,179.312369200401,,,,,,,,,,,,,,,,777777,right,no,None,2025-05-21_13h29.59.026,RL_out-of-scanner,2024.2.4,60.1920124963998,2025-05-21 13h30.13.052300 -0500,
36,0,36,space,1.766652600839734,None,5,1.2996477000415325,None,179.3139479001984,k,0.5841603996232152,None,None,179.92929629981518,179.9296896001324,181.42982880026102,181.42986650019884,182.42937720008194,182.42940940055996,185.92757530044764,,,,,,,0,0,0,0,36,0,36,0,183.44903599936515,,,,,,,,,,,,,,,,,,,,,,,,,,,,,,179.3139479001984,183.43433749955148,183.44903599936515,183.44903599936515,183.44903599936515,183.44903599936515,184.04954449925572,k,0.5841603996232152,None,right,1,15,3,2,27,21,None,179.92929629981518,179.9296896001324,184.05009199958295,184.0648809997365,184.0648809997365,185.56566719990224,185.56566719990224,185.55014969967306,181.42982880026102,181.42986650019884,185.56030519958586,185.56566719990224,185.56566719990224,186.56513449922204,186.56513449922204,186.54972120001912,stimuli/box_coin_transparent.png,182.42937720008194,182.42940940055996,186.54979609977454,186.56513449922204,190.064768999815,190.0479184994474,185.92757530044764,,,,,,,,,,,,,,,,777777,right,no,None,2025-05-21_13h29.59.026,RL_out-of-scanner,2024.2.4,60.1920124963998,2025-05-21 13h30.13.052300 -0500,
37,0,37,space,1.766652600839734,None,5,1.2996477000415325,None,185.92961410060525,k,0.273530799895525,None,None,186.22881140001118,186.22917219996452,188.22917150054127,188.22920829989016,189.22911639977247,189.22914819978178,190.2283305004239,,,,,,,0,0,0,0,37,0,37,0,190.064768999815,,,,,,,,,,,,,,,,,,,,,,,,,,,,,,185.92961410060525,190.05001250002533,190.064768999815,190.064768999815,190.064768999815,190.064768999815,190.3490802999586,k,0.273530799895525,None,right,0,15,3,2,28,21,None,186.22881140001118,186.22917219996452,190.34957959968597,190.36465989984572,190.36465989984572,192.3650726992637,192.3650726992637,192.34949439950287,188.22917150054127,188.22920829989016,192.35767659917474,192.3650726992637,192.3650726992637,193.36506129987538,193.36506129987538,193.34946049936116,stimuli/box_empty_transparent.png,189.22911639977247,189.22914819978178,193.34953349921852,193.36506129987538,194.36612459924072,194.34867579955608,190.2283305004239,,,,,,,,,,,,,,,,777777,right,no,None,2025-05-21_13h29.59.026,RL_out-of-scanner,2024.2.4,60.1920124963998,2025-05-21 13h30.13.052300 -0500,
38,0,38,space,1.766652600839734,None,5,1.2996477000415325,None,190.22979729995131,j,0.40294850058853626,None,None,190.66322240047157,190.6636028001085,191.6614612005651,191.66149730049074,192.6617132006213,192.66175490058959,194.16171560063958,,,,,,,0,0,0,0,38,0,38,0,194.36612459924072,,,,,,,,,,,,,,,,,,,,,,,,,,,,,,190.22979729995131,194.35018709953874,194.36612459924072,194.36612459924072,194.36612459924072,194.36612459924072,194.78352669999003,j,0.40294850058853626,None,right,0,15,3,2,28,21,None,190.66322240047157,190.6636028001085,194.78399309981614,194.79848189931363,194.79848189931363,195.7983192000538,195.7983192000538,195.78178419917822,191.6614612005651,191.66149730049074,195.7912170998752,195.7983192000538,195.7983192000538,196.79763499926776,196.79763499926776,196.78205089922994,stimuli/box_empty_transparent.png,192.6617132006213,192.66175490058959,196.7821492999792,196.79763499926776,198.29867589939386,198.28206039965153,194.16171560063958,,,,,,,,,,,,,,,,777777,right,no,None,2025-05-21_13h29.59.026,RL_out-of-scanner,2024.2.4,60.1920124963998,2025-05-21 13h30.13.052300 -0500,
39,0,39,space,1.766652600839734,None,5,1.2996477000415325,None,194.16324110049754,k,0.3797292001545429,None,None,194.56265849992633,194.56293070036918,195.5619993004948,195.56203760020435,196.56236909981817,196.5624005999416,197.56156409997493,,,,,,,0,0,0,0,39,0,39,0,198.29867589939386,,,,,,,,,,,,,,,,,,,,,,,,,,,,,,194.16324110049754,198.28363179974258,198.29867589939386,198.29867589939386,198.29867589939386,198.29867589939386,198.68296169955283,k,0.3797292001545429,None,right,1,15,4,2,29,22,None,194.56265849992633,194.56293070036918,198.68331860005856,198.69850429985672,198.69850429985672,199.6981762992218,199.6981762992218,199.68232319969684,195.5619993004948,195.56203760020435,199.6922678994015,199.6981762992218,199.6981762992218,200.69795839954168,200.69795839954168,200.68271359987557,stimuli/box_coin_transparent.png,196.56236909981817,196.5624005999416,200.6827872991562,200.69795839954168,201.6976053994149,201.68191199935973,197.56156409997493,,,,,,,,,,,,,,,,777777,right,no,None,2025-05-21_13h29.59.026,RL_out-of-scanner,2024.2.4,60.1920124963998,2025-05-21 13h30.13.052300 -0500,
40,0,40,space,1.766652600839734,None,5,1.2996477000415325,None,197.5630967002362,k,0.3244026992470026,None,None,197.91179500054568,197.912184599787,199.41246679984033,199.4125126004219,200.41241370048374,200.41245010029525,201.4118875004351,,,,,,,0,0,0,0,40,0,40,0,201.6976053994149,,,,,,,,,,,,,,,,,,,,,,,,,,,,,,197.5630967002362,201.68348729982972,201.6976053994149,201.6976053994149,201.6976053994149,201.6976053994149,202.0320732994005,k,0.3244026992470026,None,right,1,15,5,2,30,23,None,197.91179500054568,197.912184599787,202.03258730005473,202.04768099915236,202.04768099915236,203.54829229973257,203.54829229973257,203.53278589993715,199.41246679984033,199.4125126004219,203.54314539954066,203.54829229973257,203.54829229973257,204.54789829999208,204.54789829999208,204.53275349922478,stimuli/box_coin_transparent.png,200.41241370048374,200.41245010029525,204.53284139931202,204.54789829999208,205.54838709998876,205.53222920000553,201.4118875004351,,,,,,,,,,,,,,,,777777,right,no,None,2025-05-21_13h29.59.026,RL_out-of-scanner,2024.2.4,60.1920124963998,2025-05-21 13h30.13.052300 -0500,
41,0,41,space,1.766652600839734,None,5,1.2996477000415325,None,201.41354960016906,k,0.3591733006760478,None,None,201.79616510029882,201.7964270999655,202.79520419985056,202.79524920042604,203.79719560034573,203.79723570030183,206.7945424001664,,,,,,,0,0,0,0,41,0,41,0,205.54838709998876,,,,,,,,,,,,,,,,,,,,,,,,,,,,,,201.41354960016906,205.53393979929388,205.54838709998876,205.54838709998876,205.54838709998876,205.54838709998876,205.9164685998112,k,0.3591733006760478,None,right,0,15,5,2,31,23,None,201.79616510029882,201.7964270999655,205.91681449953467,205.93180689960718,205.93180689960718,206.93138809967786,206.93138809967786,206.9155179997906,202.79520419985056,202.79524920042604,206.9244657997042,206.93138809967786,206.93138809967786,207.93043859954923,207.93043859954923,207.91753639932722,stimuli/box_empty_transparent.png,203.79719560034573,203.79723570030183,207.91762269940227,207.93043859954923,210.93181269988418,210.91488689929247,206.7945424001664,,,,,,,,,,,,,,,,777777,right,no,None,2025-05-21_13h29.59.026,RL_out-of-scanner,2024.2.4,60.1920124963998,2025-05-21 13h30.13.052300 -0500,
42,0,42,space,1.766652600839734,None,5,1.2996477000415325,None,206.7960467999801,j,0.5843607997521758,None,None,207.4116622004658,207.4120136005804,209.41085090022534,209.41089100018144,210.4110831003636,210.4111194005236,213.91153550054878,,,,,,,0,0,0,0,42,0,42,0,210.93181269988418,,,,,,,,,,,,,,,,,,,,,,,,,,,,,,206.7960467999801,210.9164485996589,210.93181269988418,210.93181269988418,210.93181269988418,210.93181269988418,211.53194629959762,j,0.5843607997521758,None,right,0,15,5,2,31,23,None,207.4116622004658,207.4120136005804,211.53241280000657,211.54771699942648,211.54771699942648,213.54781789984554,213.54781789984554,213.53117179963738,209.41085090022534,209.41089100018144,213.540723499842,213.54781789984554,213.54781789984554,214.54704579990357,214.54704579990357,214.53142479993403,stimuli/box_empty_transparent.png,210.4110831003636,210.4111194005236,214.53151110000908,214.54704579990357,218.04840799979866,218.03187149949372,213.91153550054878,,,,,,,,,,,,,,,,777777,right,no,None,2025-05-21_13h29.59.026,RL_out-of-scanner,2024.2.4,60.1920124963998,2025-05-21 13h30.13.052300 -0500,
43,0,43,space,1.766652600839734,None,5,1.2996477000415325,None,213.9130236003548,j,0.5437269993126392,None,None,214.4785679001361,214.47897410020232,215.4772624000907,215.4772971002385,216.47752379998565,216.47756019979715,218.47811250016093,,,,,,,0,0,0,0,43,0,43,0,218.04840799979866,,,,,,,,,,,,,,,,,,,,,,,,,,,,,,213.9130236003548,218.0334137994796,218.04840799979866,218.04840799979866,218.04840799979866,218.04840799979866,218.59885589964688,j,0.5437269993126392,None,right,0,15,5,2,31,23,None,214.4785679001361,214.47897410020232,218.59938539937139,218.61449699942023,218.61449699942023,219.6147704999894,219.6147704999894,219.59759099967778,215.4772624000907,215.4772971002385,219.60566319990903,219.6147704999894,219.6147704999894,220.61328889988363,220.61328889988363,220.59786419942975,stimuli/box_empty_transparent.png,216.47752379998565,216.47756019979715,220.59794999938458,220.61328889988363,222.61443299986422,222.5984606994316,218.47811250016093,,,,,,,,,,,,,,,,777777,right,no,None,2025-05-21_13h29.59.026,RL_out-of-scanner,2024.2.4,60.1920124963998,2025-05-21 13h30.13.052300 -0500,
44,0,44,space,1.766652600839734,None,5,1.2996477000415325,None,218.4795837001875,k,0.3385718008503318,None,None,218.8458083998412,218.84614410065114,221.34373360034078,221.34377859998494,222.34416420012712,222.3442167006433,224.3447516998276,,,,,,,0,0,0,0,44,0,44,0,222.61443299986422,,,,,,,,,,,,,,,,,,,,,,,,,,,,,,218.4795837001875,222.5999741991982,222.61443299986422,222.61443299986422,222.61443299986422,222.61443299986422,222.96609620004892,k,0.3385718008503318,None,right,0,15,5,2,32,23,None,218.8458083998412,218.84614410065114,222.96653809957206,222.98115349933505,222.98115349933505,225.48092519957572,225.48092519957572,225.46405439916998,221.34373360034078,221.34377859998494,225.4736599996686,225.48092519957572,225.48092519957572,,,226.46448119916022,stimuli/box_empty_transparent.png,222.34416420012712,222.3442167006433,226.4646143997088,226.48015349917114,228.48102319985628,228.4650965994224,224.3447516998276,,,,,,,,,,,,,,,,777777,right,no,None,2025-05-21_13h29.59.026,RL_out-of-scanner,2024.2.4,60.1920124963998,2025-05-21 13h30.13.052300 -0500,
45,0,45,space,1.766652600839734,None,5,1.2996477000415325,None,224.3462379006669,j,0.32372230011969805,None,None,224.6954495003447,224.69577409978956,225.69452030025423,225.69456440024078,226.71121629979461,226.71124990005046,227.7096400000155,,,,,,,0,0,0,0,45,0,45,0,228.48102319985628,,,,,,,,,,,,,,,,,,,,,,,,,,,,,,224.3462379006669,228.4666272997856,228.48102319985628,228.48102319985628,228.48102319985628,228.48102319985628,228.8157552992925,j,0.32372230011969805,None,right,0,15,5,2,32,23,None,224.6954495003447,224.69577409978956,228.8161622993648,228.8310358999297,228.8310358999297,229.83301589917392,229.83301589917392,229.81483829952776,225.69452030025423,225.69456440024078,229.8249294999987,229.83301589917392,229.83301589917392,,,230.83154709916562,stimuli/box_empty_transparent.png,226.71121629979461,226.71124990005046,230.83163939975202,230.8471869993955,231.8468518992886,231.82998259924352,227.7096400000155,,,,,,,,,,,,,,,,777777,right,no,None,2025-05-21_13h29.59.026,RL_out-of-scanner,2024.2.4,60.1920124963998,2025-05-21 13h30.13.052300 -0500,
46,0,46,space,1.766652600839734,None,5,1.2996477000415325,None,227.71135229989886,k,0.27996319998055696,None,None,228.01103879977018,228.01141180004925,230.01134870015085,230.0113861002028,231.01163210067898,231.0116643998772,232.01116249989718,,,,,,,0,0,0,0,46,0,46,0,231.8468518992886,,,,,,,,,,,,,,,,,,,,,,,,,,,,,,227.71135229989886,231.83174890000373,231.8468518992886,231.8468518992886,231.8468518992886,231.8468518992886,232.13131179939955,k,0.27996319998055696,None,right,1,15,6,2,33,24,None,228.01103879977018,228.01141180004925,232.1318338997662,232.14677959959954,232.14677959959954,234.14707979932427,234.14707979932427,234.13167189992964,230.01134870015085,230.0113861002028,234.14165959972888,234.14707979932427,234.14707979932427,235.1473484998569,235.1473484998569,235.1319742994383,stimuli/box_coin_transparent.png,231.01163210067898,231.0116643998772,235.13204959966242,235.1473484998569,236.14760459959507,236.13150510005653,232.01116249989718,,,,,,,,,,,,,,,,777777,right,no,None,2025-05-21_13h29.59.026,RL_out-of-scanner,2024.2.4,60.1920124963998,2025-05-21 13h30.13.052300 -0500,
47,0,47,space,1.766652600839734,None,5,1.2996477000415325,None,232.01295110024512,k,0.39040399994701147,None,None,232.42819830030203,232.42851680051535,235.44331619981676,235.44335249997675,236.44411979988217,236.44415280036628,237.94399860035628,,,,,,,0,0,0,0,47,0,47,0,236.14760459959507,,,,,,,,,,,,,,,,,,,,,,,,,,,,,,232.01295110024512,236.1333469999954,236.14760459959507,236.14760459959507,236.14760459959507,236.14760459959507,236.5484862998128,k,0.39040399994701147,None,right,1,15,7,2,34,25,None,232.42819830030203,232.42851680051535,236.54891099967062,236.5642086993903,236.5642086993903,239.5806786995381,239.5806786995381,239.56364219915122,235.44331619981676,235.44335249997675,239.5750670991838,239.5806786995381,239.5806786995381,,,240.56446099933237,stimuli/box_coin_transparent.png,236.44411979988217,236.44415280036628,240.56454150006175,240.58034329954535,242.08071899972856,242.06434419937432,237.94399860035628,,,,,,,,,,,,,,,,777777,right,no,None,2025-05-21_13h29.59.026,RL_out-of-scanner,2024.2.4,60.1920124963998,2025-05-21 13h30.13.052300 -0500,
48,0,48,space,1.766652600839734,None,5,1.2996477000415325,None,237.9454733999446,k,0.34045210015028715,None,None,238.3119897004217,238.31230410002172,239.82674080040306,239.82678420003504,240.8273833002895,240.82741490006447,244.32755229994655,,,,,,,0,0,0,0,48,0,48,0,242.08071899972856,,,,,,,,,,,,,,,,,,,,,,,,,,,,,,237.9454733999446,242.06586339976639,242.08071899972856,242.08071899972856,242.08071899972856,242.08071899972856,242.43226919975132,k,0.34045210015028715,None,right,1,15,8,2,35,26,None,238.3119897004217,238.31230410002172,242.43269799929112,242.4475790997967,242.4475790997967,243.96376629918814,243.96376629918814,243.9470604993403,239.82674080040306,239.82678420003504,243.95781619939953,243.96376629918814,243.96376629918814,,,244.9477244997397,stimuli/box_coin_transparent.png,240.8273833002895,240.82741490006447,244.9478034991771,244.96393630001694,248.46414709929377,248.44789819978178,244.32755229994655,,,,,,,,,,,,,,,,777777,right,no,None,2025-05-21_13h29.59.026,RL_out-of-scanner,2024.2.4,60.1920124963998,2025-05-21 13h30.13.052300 -0500,
49,0,49,space,1.766652600839734,None,5,1.2996477000415325,None,244.32909649983048,k,0.29889870062470436,None,None,244.6448338003829,244.64509929995984,246.14330200012773,246.14334800001234,247.14365040045232,247.1436875006184,247.14437930006534,,,,,,,0,0,0,0,49,0,49,0,248.46414709929377,,,,,,,,,,,,,,,,,,,,,,,,,,,,,,244.32909649983048,248.44948659930378,248.46414709929377,248.46414709929377,248.46414709929377,248.46414709929377,248.76513719931245,k,0.29889870062470436,None,right,1,15,9,2,36,27,None,244.6448338003829,244.64509929995984,248.76548659987748,248.7802312998101,248.7802312998101,250.28502319939435,250.28502319939435,250.26362069975585,246.14330200012773,246.14334800001234,250.2735511995852,250.28502319939435,250.28502319939435,,,251.26398799940944,stimuli/box_coin_transparent.png,247.14365040045232,247.1436875006184,251.26408039964736,251.29216089937836,251.29216089937836,251.26472650002688,247.14437930006534,,,,,,,,,,,,,,,,777777,right,no,None,2025-05-21_13h29.59.026,RL_out-of-scanner,2024.2.4,60.1920124963998,2025-05-21 13h30.13.052300 -0500,
0,0,0,space,1.766652600839734,None,5,1.2996477000415325,None,,,,,,,,,,,,,,,,,,,0,0,0,0,,,,,,,,,,,,,,,,,,,,,,,,,,,,,,,,,,,,,,,,,,,,,,,,,,,,,,,,,,,,,,,,,,,,,,,,,,,,,,,251.2876642998308,251.29216089937836,255.27912779990584,255.28465549927205,255.29577529989183,307.57846909947693,307.5627695992589,,,,,,,777777,right,no,None,2025-05-21_13h29.59.026,RL_out-of-scanner,2024.2.4,60.1920124963998,2025-05-21 13h30.13.052300 -0500,
0,0,0,space,8.340659300796688,None,5,1.5014244997873902,None,0.002606700174510479,j,0.45325199980288744,None,None,0.48358820006251335,0.483967000618577,1.4831741005182266,1.4832121999934316,2.483370400033891,2.483406400308013,4.482716000638902,,,,,,,1,0,1,0,0,0,0,0,317.47888859920204,,,,,,,,,,,,,,,,307.56297379918396,307.57846909947693,307.57846909947693,315.9292695997283,space,8.340659300796688,None,315.92935019917786,315.9452498992905,315.9452498992905,317.4624546999112,5,1.5014244997873902,None,0.002606700174510479,317.465154199861,317.47888859920204,317.47888859920204,317.47888859920204,317.47888859920204,317.94604349974543,j,0.45325199980288744,None,right,1,9,0,3,36,0,None,0.48358820006251335,0.483967000618577,317.9465135997161,317.9623034996912,317.9623034996912,318.96144509967417,318.96144509967417,318.9456535000354,1.4831741005182266,1.4832121999934316,318.95494009926915,318.96144509967417,318.96144509967417,319.96138869971037,319.96138869971037,319.94586599990726,stimuli/box_empty_transparent.png,2.483370400033891,2.483406400308013,319.94595169927925,319.96138869971037,321.9616258991882,321.94521659985185,4.482716000638902,,,,,,,,,,,,,,,,777777,right,no,None,2025-05-21_13h29.59.026,RL_out-of-scanner,2024.2.4,60.1920124963998,2025-05-21 13h30.13.052300 -0500,
1,0,1,space,8.340659300796688,None,5,1.5014244997873902,None,4.484246500767767,k,0.40007990039885044,None,None,4.9010124001652,4.901278600096703,6.39996109995991,6.399996200576425,7.399692600592971,7.39972470048815,8.898118100129068,,,,,,,1,0,1,0,1,0,1,0,321.9616258991882,,,,,,,,,,,,,,,,,,,,,,,,,,,,,,4.484246500767767,321.94679409917444,321.9616258991882,321.9616258991882,321.9616258991882,321.9616258991882,322.36346999928355,k,0.40007990039885044,None,right,1,9,1,3,37,1,None,4.9010124001652,4.901278600096703,322.3638219991699,322.37800009921193,322.37800009921193,323.87796959932894,323.87796959932894,323.86244279984385,6.39996109995991,6.399996200576425,323.8723376998678,323.87796959932894,323.87796959932894,324.87759399972856,324.87759399972856,324.86219039931893,stimuli/box_coin_transparent.png,7.399692600592971,7.39972470048815,324.8622666997835,324.87759399972856,326.3774573998526,326.36062039993703,8.898118100129068,,,,,,,,,,,,,,,,777777,right,no,None,2025-05-21_13h29.59.026,RL_out-of-scanner,2024.2.4,60.1920124963998,2025-05-21 13h30.13.052300 -0500,
2,0,2,space,8.340659300796688,None,5,1.5014244997873902,None,8.899615500122309,k,0.26370020024478436,None,None,9.182642700150609,9.182965599931777,10.182861600071192,10.18289940059185,11.18301170039922,11.18304490018636,14.182338800281286,,,,,,,1,0,1,0,2,0,2,0,326.3774573998526,,,,,,,,,,,,,,,,,,,,,,,,,,,,,,8.899615500122309,326.3621629998088,326.3774573998526,326.3774573998526,326.3774573998526,326.3774573998526,326.64508299995214,k,0.26370020024478436,None,right,1,9,2,3,38,2,None,9.182642700150609,9.182965599931777,326.6455152994022,326.6608915999532,326.6608915999532,327.66118789929897,327.66118789929897,327.6453398000449,10.182861600071192,10.18289940059185,327.655179399997,327.66118789929897,327.66118789929897,328.66093489993364,328.66093489993364,328.64550969935954,stimuli/box_coin_transparent.png,11.18301170039922,11.18304490018636,328.64558669924736,328.66093489993364,331.6617396995425,331.64483979996294,14.182338800281286,,,,,,,,,,,,,,,,777777,right,no,None,2025-05-21_13h29.59.026,RL_out-of-scanner,2024.2.4,60.1920124963998,2025-05-21 13h30.13.052300 -0500,
3,0,3,space,8.340659300796688,None,5,1.5014244997873902,None,14.184083600528538,k,0.3072726000100374,None,None,14.516778500750661,14.517048000358045,16.51647590007633,16.516519400291145,17.516174000687897,17.516206200234592,18.515120800584555,,,,,,,1,0,1,0,3,0,3,0,331.6617396995425,,,,,,,,,,,,,,,,,,,,,,,,,,,,,,14.184083600528538,331.64662999939173,331.6617396995425,331.6617396995425,331.6617396995425,331.6617396995425,331.97921739984304,k,0.3072726000100374,None,right,1,9,3,3,39,3,None,14.516778500750661,14.517048000358045,331.97959139943123,331.99441499914974,331.99441499914974,333.9956717994064,333.9956717994064,333.9789471998811,16.51647590007633,16.516519400291145,333.990136699751,333.9956717994064,333.9956717994064,334.994193399325,334.994193399325,334.97867209929973,stimuli/box_coin_transparent.png,17.516174000687897,17.516206200234592,334.97874779999256,334.994193399325,335.99475189950317,335.9776201993227,18.515120800584555,,,,,,,,,,,,,,,,777777,right,no,None,2025-05-21_13h29.59.026,RL_out-of-scanner,2024.2.4,60.1920124963998,2025-05-21 13h30.13.052300 -0500,
4,0,4,space,8.340659300796688,None,5,1.5014244997873902,None,18.516907500103116,k,0.5011620000004768,None,None,19.049651900306344,19.049972200766206,20.049206000752747,20.04924420081079,21.06463610008359,21.064675300382078,23.5649725003168,,,,,,,1,0,1,0,4,0,4,0,335.99475189950317,,,,,,,,,,,,,,,,,,,,,,,,,,,,,,18.516907500103116,335.9794586999342,335.99475189950317,335.99475189950317,335.99475189950317,335.99475189950317,336.5121124992147,k,0.5011620000004768,None,right,0,9,3,3,40,3,None,19.049651900306344,19.049972200766206,336.51251709926873,336.52792309969664,336.52792309969664,337.5283223995939,337.5283223995939,337.51168559957296,20.049206000752747,20.04924420081079,337.52005639951676,337.5283223995939,337.5283223995939,,,338.5271248994395,stimuli/box_empty_transparent.png,21.06463610008359,21.064675300382078,338.5272313999012,338.54312979988754,341.0443929992616,341.0274744993076,23.5649725003168,,,,,,,,,,,,,,,,777777,right,no,None,2025-05-21_13h29.59.026,RL_out-of-scanner,2024.2.4,60.1920124963998,2025-05-21 13h30.13.052300 -0500,
5,0,5,space,8.340659300796688,None,5,1.5014244997873902,None,23.566497100517154,j,0.35165630001574755,None,None,23.9500102000311,23.950372700579464,27.44813370052725,27.448184300214052,28.448939200490713,28.448982100002468,30.44824910070747,,,,,,,1,0,1,0,5,0,5,0,341.0443929992616,,,,,,,,,,,,,,,,,,,,,,,,,,,,,,23.566497100517154,341.0290443999693,341.0443929992616,341.0443929992616,341.0443929992616,341.0443929992616,341.41246069967747,j,0.35165630001574755,None,right,0,9,3,3,40,3,None,23.9500102000311,23.950372700579464,341.4129184996709,341.4275934994221,341.4275934994221,344.9272547997534,344.9272547997534,344.9105849992484,27.44813370052725,27.448184300214052,344.92037299927324,344.9272547997534,344.9272547997534,,,345.91143319942057,stimuli/box_empty_transparent.png,28.448939200490713,28.448982100002468,345.9115272993222,345.9276599995792,347.92751279938966,347.91075100004673,30.44824910070747,,,,,,,,,,,,,,,,777777,right,no,None,2025-05-21_13h29.59.026,RL_out-of-scanner,2024.2.4,60.1920124963998,2025-05-21 13h30.13.052300 -0500,
6,0,6,space,8.340659300796688,None,5,1.5014244997873902,None,30.44977360032499,k,0.4955666000023484,None,None,30.96641210000962,30.966682600788772,31.96593450009823,31.96597610041499,32.964589700102806,32.96462590061128,33.96502189990133,,,,,,,1,0,1,0,6,0,6,0,347.92751279938966,,,,,,,,,,,,,,,,,,,,,,,,,,,,,,30.44977360032499,347.91231899987906,347.92751279938966,347.92751279938966,347.92751279938966,347.92751279938966,348.42884609941393,k,0.4955666000023484,None,right,0,9,3,3,41,3,None,30.96641210000962,30.966682600788772,348.4292253991589,348.4438357995823,348.4438357995823,349.4437125995755,349.4437125995755,349.4284071000293,31.96593450009823,31.96597610041499,349.43692109920084,349.4437125995755,349.4437125995755,350.44275359995663,350.44275359995663,350.42708519939333,stimuli/box_empty_transparent.png,32.964589700102806,32.96462590061128,350.4271740000695,350.44275359995663,351.4441858995706,351.42752439994365,33.96502189990133,,,,,,,,,,,,,,,,777777,right,no,None,2025-05-21_13h29.59.026,RL_out-of-scanner,2024.2.4,60.1920124963998,2025-05-21 13h30.13.052300 -0500,
7,0,7,space,8.340659300796688,None,5,1.5014244997873902,None,33.966554400511086,k,0.31459919922053814,None,None,34.300129500217736,34.300446200184524,36.29868520051241,36.29872169997543,37.29895820003003,37.29899620078504,39.29762100055814,,,,,,,1,0,1,0,7,0,7,0,351.4441858995706,,,,,,,,,,,,,,,,,,,,,,,,,,,,,,33.966554400511086,351.4291016999632,351.4441858995706,351.4441858995706,351.4441858995706,351.4441858995706,351.7625732999295,k,0.31459919922053814,None,right,1,9,4,3,42,4,None,34.300129500217736,34.300446200184524,351.7629960998893,351.77733139973134,351.77733139973134,353.7770504998043,353.7770504998043,353.7611634992063,36.29868520051241,36.29872169997543,353.7713619992137,353.7770504998043,353.7770504998043,354.7767925998196,354.7767925998196,354.76145239919424,stimuli/box_coin_transparent.png,37.29895820003003,37.29899620078504,354.7615465000272,354.7767925998196,356.7767122993246,356.76011529937387,39.29762100055814,,,,,,,,,,,,,,,,777777,right,no,None,2025-05-21_13h29.59.026,RL_out-of-scanner,2024.2.4,60.1920124963998,2025-05-21 13h30.13.052300 -0500,
8,0,8,space,8.340659300796688,None,5,1.5014244997873902,None,39.29927030019462,k,0.3456654008477926,None,None,39.666052900254726,39.66635080054402,42.66566740069538,42.66570880077779,43.664224199950695,43.66426930017769,45.16369810048491,,,,,,,1,0,1,0,8,0,8,0,356.7767122993246,,,,,,,,,,,,,,,,,,,,,,,,,,,,,,39.29927030019462,356.761819999665,356.7767122993246,356.7767122993246,356.7767122993246,356.7767122993246,357.128509699367,k,0.3456654008477926,None,right,1,9,5,3,43,5,None,39.666052900254726,39.66635080054402,357.1288956999779,357.144057800062,357.144057800062,360.1435132995248,360.1435132995248,360.12814349960536,42.66566740069538,42.66570880077779,360.13788189925253,360.1435132995248,360.1435132995248,361.14256129972637,361.14256129972637,361.12671269942075,stimuli/box_coin_transparent.png,43.664224199950695,43.66426930017769,361.1268324991688,361.14256129972637,362.6428325995803,362.62619819957763,45.16369810048491,,,,,,,,,,,,,,,,777777,right,no,None,2025-05-21_13h29.59.026,RL_out-of-scanner,2024.2.4,60.1920124963998,2025-05-21 13h30.13.052300 -0500,
9,0,9,space,8.340659300796688,None,5,1.5014244997873902,None,45.16527230013162,k,0.4731256999075413,None,None,45.66637390013784,45.66671840008348,47.1657452005893,47.165783300064504,48.165047500282526,48.16508010029793,50.18015700019896,,,,,,,1,0,1,0,9,0,9,0,362.6428325995803,,,,,,,,,,,,,,,,,,,,,,,,,,,,,,45.16527230013162,362.62782049924135,362.6428325995803,362.6428325995803,362.6428325995803,362.6428325995803,363.12881669960916,k,0.4731256999075413,None,right,1,9,6,3,44,6,None,45.66637390013784,45.66671840008348,363.12928880006075,363.14484609942883,363.14484609942883,364.6433139992878,364.6433139992878,364.62822529952973,47.1657452005893,47.165783300064504,364.6383747998625,364.6433139992878,364.6433139992878,365.64346379972994,365.64346379972994,365.6275463998318,stimuli/box_coin_transparent.png,48.165047500282526,48.16508010029793,365.62762159947306,365.64346379972994,367.65946489945054,367.6426508994773,50.18015700019896,,,,,,,,,,,,,,,,777777,right,no,None,2025-05-21_13h29.59.026,RL_out-of-scanner,2024.2.4,60.1920124963998,2025-05-21 13h30.13.052300 -0500,
10,0,10,space,8.340659300796688,None,5,1.5014244997873902,None,50.182350100018084,k,0.3454687995836139,None,None,50.54804230015725,50.548434000462294,52.04854190070182,52.04858490079641,53.04872450046241,53.04875800013542,54.04795750044286,,,,,,,1,0,1,0,10,0,10,0,367.65946489945054,,,,,,,,,,,,,,,,,,,,,,,,,,,,,,50.182350100018084,367.64491009991616,367.65946489945054,367.65946489945054,367.65946489945054,367.65946489945054,368.0104708997533,k,0.3454687995836139,None,right,1,9,7,3,45,7,None,50.54804230015725,50.548434000462294,368.0109941000119,368.02647269982845,368.02647269982845,369.5265660993755,369.5265660993755,369.5110129993409,52.04854190070182,52.04858490079641,369.5211257999763,369.5265660993755,369.5265660993755,370.5267043998465,370.5267043998465,370.51122289989144,stimuli/box_coin_transparent.png,53.04872450046241,53.04875800013542,370.5112997991964,370.5267043998465,371.52672059927136,371.51045989990234,54.04795750044286,,,,,,,,,,,,,,,,777777,right,no,None,2025-05-21_13h29.59.026,RL_out-of-scanner,2024.2.4,60.1920124963998,2025-05-21 13h30.13.052300 -0500,
11,0,11,space,8.340659300796688,None,5,1.5014244997873902,None,54.049448600038886,k,0.30980190075933933,None,None,54.38230090029538,54.38256740011275,56.38071340043098,56.38075440004468,57.38116080034524,57.381197799928486,58.881933900527656,,,,,,,1,0,1,0,11,0,11,0,371.52672059927136,,,,,,,,,,,,,,,,,,,,,,,,,,,,,,54.049448600038886,371.51199520006776,371.52672059927136,371.52672059927136,371.52672059927136,371.52672059927136,371.84475979954004,k,0.30980190075933933,None,right,1,9,8,3,46,8,None,54.38230090029538,54.38256740011275,371.8451105998829,371.8603022992611,371.8603022992611,373.86096729990095,373.86096729990095,373.8431859994307,56.38071340043098,56.38075440004468,373.85512499976903,373.86096729990095,373.86096729990095,,,374.8436529999599,stimuli/box_coin_transparent.png,57.38116080034524,57.381197799928486,374.8437582999468,374.85952779930085,376.35928579978645,376.3444324992597,58.881933900527656,,,,,,,,,,,,,,,,777777,right,no,None,2025-05-21_13h29.59.026,RL_out-of-scanner,2024.2.4,60.1920124963998,2025-05-21 13h30.13.052300 -0500,
12,0,12,space,8.340659300796688,None,5,1.5014244997873902,None,58.88354220055044,k,0.2949041994288564,None,None,59.198705300688744,59.198968100361526,60.198389099910855,60.198427700437605,61.198150400072336,61.19818300008774,64.21462250035256,,,,,,,1,0,1,0,12,0,12,0,376.35928579978645,,,,,,,,,,,,,,,,,,,,,,,,,,,,,,58.88354220055044,376.34608909953386,376.35928579978645,376.35928579978645,376.35928579978645,376.35928579978645,376.661166199483,k,0.2949041994288564,None,right,1,9,9,3,47,9,None,59.198705300688744,59.198968100361526,376.6615114994347,376.6768918996677,376.6768918996677,377.6763161998242,377.6763161998242,377.6608679993078,60.198389099910855,60.198427700437605,377.6710305996239,377.6763161998242,377.6763161998242,378.67834339942783,378.67834339942783,378.66064879950136,stimuli/box_coin_transparent.png,61.198150400072336,61.19818300008774,378.66072569973767,378.67834339942783,381.69338309951127,381.67712369933724,64.21462250035256,,,,,,,,,,,,,,,,777777,right,no,None,2025-05-21_13h29.59.026,RL_out-of-scanner,2024.2.4,60.1920124963998,2025-05-21 13h30.13.052300 -0500,
13,0,13,space,8.340659300796688,None,5,1.5014244997873902,None,64.21610240079463,k,0.38008170016109943,None,None,64.61520370002836,64.6154662007466,65.11528260074556,65.11532020010054,66.11416980065405,66.11420690082014,68.11291550006717,,,,,,,1,0,1,0,13,0,13,0,381.69338309951127,,,,,,,,,,,,,,,,,,,,,,,,,,,,,,64.21610240079463,381.67864969931543,381.69338309951127,381.69338309951127,381.69338309951127,381.69338309951127,382.0776631999761,k,0.38008170016109943,None,left,1,10,0,4,47,9,None,64.61520370002836,64.6154662007466,382.07800949923694,382.0935234995559,382.0935234995559,382.59286299999803,382.59286299999803,382.57776169944555,65.11528260074556,65.11532020010054,382.58588479924947,382.59286299999803,382.59286299999803,383.59248949959874,383.59248949959874,383.5766653995961,stimuli/box_empty_transparent.png,66.11416980065405,66.11420690082014,383.5767548996955,383.59248949959874,385.59220319986343,385.5754162995145,68.11291550006717,,,,,,,,,,,,,,,,777777,right,no,None,2025-05-21_13h29.59.026,RL_out-of-scanner,2024.2.4,60.1920124963998,2025-05-21 13h30.13.052300 -0500,
14,0,14,space,8.340659300796688,None,5,1.5014244997873902,None,68.11460190080106,j,0.3569192001596093,None,None,68.49774270039052,68.49816790036857,69.99764710012823,69.99768520053476,70.99764320068061,70.99768269993365,71.99779300019145,,,,,,,1,0,1,0,14,0,14,0,385.59220319986343,,,,,,,,,,,,,,,,,,,,,,,,,,,,,,68.11460190080106,385.577154699713,385.59220319986343,385.59220319986343,385.59220319986343,385.59220319986343,385.96017219964415,j,0.3569192001596093,None,left,1,10,1,4,48,10,None,68.49774270039052,68.49816790036857,385.9607261996716,385.97560169920325,385.97560169920325,387.47620809916407,387.47620809916407,387.4601268991828,69.99764710012823,69.99768520053476,387.46986299939454,387.47620809916407,387.47620809916407,388.4758696993813,388.4758696993813,388.4601385993883,stimuli/box_coin_transparent.png,70.99764320068061,70.99768269993365,388.4602313991636,388.4758696993813,389.47641129978,389.46029049996287,71.99779300019145,,,,,,,,,,,,,,,,777777,right,no,None,2025-05-21_13h29.59.026,RL_out-of-scanner,2024.2.4,60.1920124963998,2025-05-21 13h30.13.052300 -0500,
15,0,15,space,8.340659300796688,None,5,1.5014244997873902,None,71.99936030060053,j,0.35326960030943155,None,None,72.38225940056145,72.38263140060008,73.3816750003025,73.38171320036054,74.38019300065935,74.38023649994284,76.38098490051925,,,,,,,1,0,1,0,15,0,15,0,389.47641129978,,,,,,,,,,,,,,,,,,,,,,,,,,,,,,71.99936030060053,389.46190809924155,389.47641129978,389.47641129978,389.47641129978,389.47641129978,389.84471809957176,j,0.35326960030943155,None,left,1,10,2,4,49,11,None,72.38225940056145,72.38263140060008,389.8451765999198,389.8592027993873,389.8592027993873,390.859212199226,390.859212199226,390.84415300004184,73.3816750003025,73.38171320036054,390.85405749920756,390.859212199226,390.859212199226,391.85817879997194,391.85817879997194,391.84268389921635,stimuli/box_coin_transparent.png,74.38019300065935,74.38023649994284,391.8427927996963,391.85817879997194,393.8594514997676,393.84348399937153,76.38098490051925,,,,,,,,,,,,,,,,777777,right,no,None,2025-05-21_13h29.59.026,RL_out-of-scanner,2024.2.4,60.1920124963998,2025-05-21 13h30.13.052300 -0500,
16,0,16,space,8.340659300796688,None,5,1.5014244997873902,None,76.38252350036055,j,0.5294313998892903,None,None,76.93220579996705,76.93257360067219,78.93082180060446,78.93085930030793,79.92989420052618,79.92992550041527,80.93067430052906,,,,,,,1,0,1,0,16,0,16,0,393.8594514997676,,,,,,,,,,,,,,,,,,,,,,,,,,,,,,76.38252350036055,393.8450704999268,393.8594514997676,393.8594514997676,393.8594514997676,393.8594514997676,394.39466319978237,j,0.5294313998892903,None,left,0,10,2,4,50,11,None,76.93220579996705,76.93257360067219,394.395119599998,394.40963209979236,394.40963209979236,396.4089231994003,396.4089231994003,396.39330049976707,78.93082180060446,78.93085930030793,396.401537399739,396.4089231994003,396.4089231994003,397.4080673996359,397.4080673996359,397.3923933999613,stimuli/box_empty_transparent.png,79.92989420052618,79.92992550041527,397.3924682997167,397.4080673996359,398.40964589919895,398.3931728992611,80.93067430052906,,,,,,,,,,,,,,,,777777,right,no,None,2025-05-21_13h29.59.026,RL_out-of-scanner,2024.2.4,60.1920124963998,2025-05-21 13h30.13.052300 -0500,
17,0,17,space,8.340659300796688,None,5,1.5014244997873902,None,80.93229399994016,None,,,None,82.43025889992714,82.43032840080559,83.43025770038366,83.4302929006517,84.43051850050688,84.43055380042642,85.42981940042228,,,,,,,1,0,1,0,17,0,17,0,398.40964589919895,,,,,,,,,,,,,,,,,,,,,,,,,,,,,,80.93229399994016,398.3948401995003,398.40964589919895,398.40964589919895,398.40964589919895,398.40964589919895,399.8927261000499,None,,,left,0,10,2,4,50,11,None,82.43025889992714,82.43032840080559,399.8928706999868,399.9085754994303,399.9085754994303,400.90965549927205,400.90965549927205,400.89273929968476,83.43025770038366,83.4302929006517,400.9014298999682,400.90965549927205,400.90965549927205,,,401.8930111993104,no selection made,84.43051850050688,84.43055380042642,401.8930955994874,401.90896259993315,402.909142899327,402.8923203991726,85.42981940042228,,,,,,,,,,399.9085754994303,399.9085754994303,399.9085754994303,399.9085754994303,,,777777,right,no,None,2025-05-21_13h29.59.026,RL_out-of-scanner,2024.2.4,60.1920124963998,2025-05-21 13h30.13.052300 -0500,
18,0,18,space,8.340659300796688,None,5,1.5014244997873902,None,85.43125720042735,k,0.35695340018719435,None,None,85.81361330021173,85.81398360058665,89.31381190009415,89.31384890060872,90.31284209992737,90.3128727003932,92.31251590047032,,,,,,,1,0,1,0,18,0,18,0,402.909142899327,,,,,,,,,,,,,,,,,,,,,,,,,,,,,,85.43125720042735,402.89380269963294,402.909142899327,402.909142899327,402.909142899327,402.909142899327,403.2760433992371,k,0.35695340018719435,None,left,0,10,2,4,50,11,None,85.81361330021173,85.81398360058665,403.2765421997756,403.29177689924836,403.29177689924836,406.79208889976144,406.79208889976144,406.7762891994789,89.31381190009415,89.31384890060872,406.78525639977306,406.79208889976144,406.79208889976144,407.79184959921986,407.79184959921986,407.77534079924226,stimuli/box_empty_transparent.png,90.31284209992737,90.3128727003932,407.7754151998088,407.79184959921986,409.7915175994858,409.77501389943063,92.31251590047032,,,,,,,,,,,,,,,,777777,right,no,None,2025-05-21_13h29.59.026,RL_out-of-scanner,2024.2.4,60.1920124963998,2025-05-21 13h30.13.052300 -0500,
19,0,19,space,8.340659300796688,None,5,1.5014244997873902,None,92.31428670044988,j,0.3376609003171325,None,None,92.68068520072848,92.6811303999275,93.68012739997357,93.6801626002416,94.68040570057929,94.68043650034815,96.1800945000723,,,,,,,1,0,1,0,19,0,19,0,409.7915175994858,,,,,,,,,,,,,,,,,,,,,,,,,,,,,,92.31428670044988,409.77683469932526,409.7915175994858,409.7915175994858,409.7915175994858,409.7915175994858,410.14312279969454,j,0.3376609003171325,None,left,0,10,2,4,51,11,None,92.68068520072848,92.6811303999275,410.1436942992732,410.1591855995357,410.1591855995357,411.15939799975604,411.15939799975604,411.14260599948466,93.68012739997357,93.6801626002416,411.1508648991585,411.15939799975604,411.15939799975604,412.15887279994786,412.15887279994786,412.1429022997618,stimuli/box_empty_transparent.png,94.68040570057929,94.68043650034815,412.14297699928284,412.15887279994786,413.65830829925835,413.6425851993263,96.1800945000723,,,,,,,,,,,,,,,,777777,right,no,None,2025-05-21_13h29.59.026,RL_out-of-scanner,2024.2.4,60.1920124963998,2025-05-21 13h30.13.052300 -0500,
20,0,20,space,8.340659300796688,None,5,1.5014244997873902,None,96.1821604007855,k,0.2819686997681856,None,None,96.48134160041809,96.4816329004243,98.48010020051152,98.4801461007446,99.4796079006046,99.47963980026543,101.47930730041116,,,,,,,1,0,1,0,20,0,20,0,413.65830829925835,,,,,,,,,,,,,,,,,,,,,,,,,,,,,,96.1821604007855,413.64472209941596,413.65830829925835,413.65830829925835,413.65830829925835,413.65830829925835,413.94379960000515,k,0.2819686997681856,None,left,0,10,2,4,51,11,None,96.48134160041809,96.4816329004243,413.94419529940933,413.958349599503,413.958349599503,415.9589200997725,415.9589200997725,415.942570399493,98.48010020051152,98.4801461007446,415.95293150004,415.9589200997725,415.9589200997725,416.95783429965377,416.95783429965377,416.94210729934275,stimuli/box_empty_transparent.png,99.4796079006046,99.47963980026543,416.9421823993325,416.95783429965377,418.95821409951895,418.941801299341,101.47930730041116,,,,,,,,,,,,,,,,777777,right,no,None,2025-05-21_13h29.59.026,RL_out-of-scanner,2024.2.4,60.1920124963998,2025-05-21 13h30.13.052300 -0500,
21,0,21,space,8.340659300796688,None,5,1.5014244997873902,None,101.48157350067049,j,0.33002279978245497,None,None,101.82998020015657,101.83034530002624,104.82956090010703,104.82960660010576,105.84537900052965,105.84542880021036,107.34483950026333,,,,,,,1,0,1,0,21,0,21,0,418.95821409951895,,,,,,,,,,,,,,,,,,,,,,,,,,,,,,101.48157350067049,418.94413429964334,418.95821409951895,418.95821409951895,418.95821409951895,418.95821409951895,419.2924410998821,j,0.33002279978245497,None,left,1,10,3,4,52,12,None,101.82998020015657,101.83034530002624,419.29289249982685,419.30796299967915,419.30796299967915,422.3093228992075,422.3093228992075,422.2920052995905,104.82956090010703,104.82960660010576,422.30316710006446,422.3093228992075,422.3093228992075,,,423.3078699996695,stimuli/box_coin_transparent.png,105.84537900052965,105.84542880021036,423.3079782994464,423.3238619994372,424.82431919965893,424.8073429996148,107.34483950026333,,,,,,,,,,,,,,,,777777,right,no,None,2025-05-21_13h29.59.026,RL_out-of-scanner,2024.2.4,60.1920124963998,2025-05-21 13h30.13.052300 -0500,
22,0,22,space,8.340659300796688,None,5,1.5014244997873902,None,107.34624240081757,j,0.43250969983637333,None,None,107.79591700062156,107.79624540079385,109.2952156001702,109.29525180067867,110.29550230037421,110.29553150013089,112.2948056999594,,,,,,,1,0,1,0,22,0,22,0,424.82431919965893,,,,,,,,,,,,,,,,,,,,,,,,,,,,,,107.34624240081757,424.80878749955446,424.82431919965893,424.82431919965893,424.82431919965893,424.82431919965893,425.2583657996729,j,0.43250969983637333,None,left,0,10,3,4,53,12,None,107.79591700062156,107.79624540079385,425.25879139918834,425.2749005993828,425.2749005993828,426.7747300993651,426.7747300993651,426.75770119950175,109.2952156001702,109.29525180067867,426.7645430993289,426.7747300993651,426.7747300993651,427.7736931992695,427.7736931992695,427.75800330005586,stimuli/box_empty_transparent.png,110.29550230037421,110.29553150013089,427.75807219929993,427.7736931992695,429.7740717995912,429.7573093995452,112.2948056999594,,,,,,,,,,,,,,,,777777,right,no,None,2025-05-21_13h29.59.026,RL_out-of-scanner,2024.2.4,60.1920124963998,2025-05-21 13h30.13.052300 -0500,
23,0,23,space,8.340659300796688,None,5,1.5014244997873902,None,112.29619570076466,k,0.29626769945025444,None,None,112.61243440024555,112.61267370078713,114.11199090071023,114.11202770005912,115.11203560046852,115.11206270009279,116.61132410075516,,,,,,,1,0,1,0,23,0,23,0,429.7740717995912,,,,,,,,,,,,,,,,,,,,,,,,,,,,,,112.29619570076466,429.75874069985,429.7740717995912,429.7740717995912,429.7740717995912,429.7740717995912,430.0748906992376,k,0.29626769945025444,None,left,0,10,3,4,53,12,None,112.61243440024555,112.61267370078713,430.0752291996032,430.09074189979583,430.09074189979583,431.5913455998525,431.5913455998525,431.57447509933263,114.11199090071023,114.11202770005912,431.5821210993454,431.5913455998525,431.5913455998525,432.59023469965905,432.59023469965905,432.5745363999158,stimuli/box_empty_transparent.png,115.11203560046852,115.11206270009279,432.5746024996042,432.59023469965905,434.09055219963193,434.07383110001683,116.61132410075516,,,,,,,,,,,,,,,,777777,right,no,None,2025-05-21_13h29.59.026,RL_out-of-scanner,2024.2.4,60.1920124963998,2025-05-21 13h30.13.052300 -0500,
24,0,24,space,8.340659300796688,None,5,1.5014244997873902,None,116.61255430057645,k,0.2905663996934891,None,None,116.92903830017895,116.92928640078753,118.92836380004883,118.92839900031686,119.92860489990562,119.92863550037146,121.42803740035743,,,,,,,1,0,1,0,24,0,24,0,434.09055219963193,,,,,,,,,,,,,,,,,,,,,,,,,,,,,,116.61255430057645,434.07509619928896,434.09055219963193,434.09055219963193,434.09055219963193,434.09055219963193,434.3914967998862,k,0.2905663996934891,None,left,0,10,3,4,53,12,None,116.92903830017895,116.92928640078753,434.3918296992779,434.40715909935534,434.40715909935534,436.4075384000316,436.4075384000316,436.3908473998308,118.92836380004883,118.92839900031686,436.3980493992567,436.4075384000316,436.4075384000316,437.4066415000707,437.4066415000707,437.39110669959337,stimuli/box_empty_transparent.png,119.92860489990562,119.92863550037146,437.3911835998297,437.4066415000707,438.90726820006967,438.890538899228,121.42803740035743,,,,,,,,,,,,,,,,777777,right,no,None,2025-05-21_13h29.59.026,RL_out-of-scanner,2024.2.4,60.1920124963998,2025-05-21 13h30.13.052300 -0500,
25,0,25,space,8.340659300796688,None,5,1.5014244997873902,None,121.42976630013436,j,0.49654649943113327,None,None,121.94569590035826,121.9459944004193,122.94504579994828,122.94509480055422,123.94488450046629,123.94492110051215,127.44438780006021,,,,,,,1,0,1,0,25,0,25,0,438.90726820006967,,,,,,,,,,,,,,,,,,,,,,,,,,,,,,121.42976630013436,438.89231429994106,438.90726820006967,438.90726820006967,438.90726820006967,438.90726820006967,439.4081538999453,j,0.49654649943113327,None,left,1,10,4,4,54,13,None,121.94569590035826,121.9459944004193,439.4085427997634,439.423857299611,439.423857299611,440.4244399992749,440.4244399992749,440.40750639978796,122.94504579994828,122.94509480055422,440.4180322000757,440.4244399992749,440.4244399992749,441.4231891995296,441.4231891995296,441.4073811993003,stimuli/box_coin_transparent.png,123.94488450046629,123.94492110051215,441.40746969915926,441.4231891995296,444.923617599532,444.90688969939947,127.44438780006021,,,,,,,,,,,,,,,,777777,right,no,None,2025-05-21_13h29.59.026,RL_out-of-scanner,2024.2.4,60.1920124963998,2025-05-21 13h30.13.052300 -0500,
26,0,26,space,8.340659300796688,None,5,1.5014244997873902,None,127.44578190054744,j,1.0277807991951704,None,None,128.49544000066817,128.49571900069714,128.99483700003475,128.99487330019474,129.99484160076827,129.99487400054932,133.4943750007078,,,,,,,1,0,1,0,26,0,26,0,444.923617599532,,,,,,,,,,,,,,,,,,,,,,,,,,,,,,127.44578190054744,444.9083279995248,444.923617599532,444.923617599532,444.923617599532,444.923617599532,445.95789739955217,j,1.0277807991951704,None,left,0,10,4,4,55,13,None,128.49544000066817,128.49571900069714,445.9582634996623,445.97356369998306,445.97356369998306,446.4741957997903,446.4741957997903,446.45732149947435,128.99483700003475,128.99487330019474,446.4653030997142,446.4741957997903,446.4741957997903,447.47298499941826,447.47298499941826,447.45733829960227,stimuli/box_empty_transparent.png,129.99484160076827,129.99487400054932,447.4574189996347,447.47298499941826,450.97350319940597,450.9568748995662,133.4943750007078,,,,,,,,,,,,,,,,777777,right,no,None,2025-05-21_13h29.59.026,RL_out-of-scanner,2024.2.4,60.1920124963998,2025-05-21 13h30.13.052300 -0500,
27,0,27,space,8.340659300796688,None,5,1.5014244997873902,None,133.49614830035716,k,0.3325802991166711,None,None,133.8457729006186,133.84613860026002,135.34560979995877,135.34565340075642,136.3612649999559,136.36129740066826,137.36289080046117,,,,,,,1,0,1,0,27,0,27,0,450.97350319940597,,,,,,,,,,,,,,,,,,,,,,,,,,,,,,133.49614830035716,450.95870129950345,450.97350319940597,450.97350319940597,450.97350319940597,450.97350319940597,451.3082037996501,k,0.3325802991166711,None,left,0,10,4,4,55,13,None,133.8457729006186,133.84613860026002,451.30869769956917,451.32355209998786,451.32355209998786,452.824489899911,452.824489899911,452.80808469932526,135.34560979995877,135.34565340075642,452.81629609968513,452.824489899911,452.824489899911,,,453.8237602999434,stimuli/box_empty_transparent.png,136.3612649999559,136.36129740066826,453.82384089939296,453.8396130995825,454.84080559946597,454.82538809999824,137.36289080046117,,,,,,,,,,,,,,,,777777,right,no,None,2025-05-21_13h29.59.026,RL_out-of-scanner,2024.2.4,60.1920124963998,2025-05-21 13h30.13.052300 -0500,
28,0,28,space,8.340659300796688,None,5,1.5014244997873902,None,137.36472740024328,k,0.3430931996554136,None,None,137.7308828001842,137.7311490001157,138.72839970048517,138.7284420002252,139.74439640063792,139.74442820064723,143.2448396999389,,,,,,,1,0,1,0,28,0,28,0,454.84080559946597,,,,,,,,,,,,,,,,,,,,,,,,,,,,,,137.36472740024328,454.82727869972587,454.84080559946597,454.84080559946597,454.84080559946597,454.84080559946597,455.19332609977573,k,0.3430931996554136,None,left,0,10,4,4,55,13,None,137.7308828001842,137.7311490001157,455.1936924997717,455.2074370998889,455.2074370998889,456.20840879995376,456.20840879995376,456.1908735996112,138.72839970048517,138.7284420002252,456.19941249955446,456.20840879995376,456.20840879995376,,,457.20689059980214,stimuli/box_empty_transparent.png,139.74439640063792,139.74442820064723,457.2069790000096,457.22349219955504,460.7237841999158,460.70733999926597,143.2448396999389,,,,,,,,,,,,,,,,777777,right,no,None,2025-05-21_13h29.59.026,RL_out-of-scanner,2024.2.4,60.1920124963998,2025-05-21 13h30.13.052300 -0500,
29,0,29,space,8.340659300796688,None,5,1.5014244997873902,None,143.2466779006645,j,0.364903099834919,None,None,143.62959340028465,143.62992560025305,145.64458570070565,145.6446273000911,146.6450276002288,146.64506120048463,147.64479790069163,,,,,,,1,0,1,0,29,0,29,0,460.7237841999158,,,,,,,,,,,,,,,,,,,,,,,,,,,,,,143.2466779006645,460.70923069957644,460.7237841999158,460.7237841999158,460.7237841999158,460.7237841999158,461.09203999955207,j,0.364903099834919,None,left,1,10,5,4,56,14,None,143.62959340028465,143.62992560025305,461.0924691995606,461.1083128992468,461.1083128992468,463.12406049948186,463.12406049948186,463.1070624999702,145.64458570070565,145.6446273000911,463.1175929000601,463.12406049948186,463.12406049948186,,,464.1075243996456,stimuli/box_coin_transparent.png,146.6450276002288,146.64506120048463,464.1076052999124,464.1237860992551,465.12396719958633,465.1072994992137,147.64479790069163,,,,,,,,,,,,,,,,777777,right,no,None,2025-05-21_13h29.59.026,RL_out-of-scanner,2024.2.4,60.1920124963998,2025-05-21 13h30.13.052300 -0500,
30,0,30,space,8.340659300796688,None,5,1.5014244997873902,None,147.64670279994607,j,0.4178660996258259,None,None,148.09772800002247,148.0981243001297,149.09531880076975,149.09536410029978,150.09514240082353,150.0951749002561,151.11062170006335,,,,,,,1,0,1,0,30,0,30,0,465.12396719958633,,,,,,,,,,,,,,,,,,,,,,,,,,,,,,147.64670279994607,465.1092499997467,465.12396719958633,465.12396719958633,465.12396719958633,465.12396719958633,465.5601639999077,j,0.4178660996258259,None,left,1,10,6,4,57,15,None,148.09772800002247,148.0981243001297,465.5606738999486,465.5739946998656,465.5739946998656,466.57379239983857,466.57379239983857,466.55779329966754,149.09531880076975,149.09536410029978,466.5681392997503,466.57379239983857,466.57379239983857,467.57429099921137,467.57429099921137,467.5576406000182,stimuli/box_coin_transparent.png,150.09514240082353,150.0951749002561,467.55771650001407,467.57429099921137,468.58969479985535,468.57312339916825,151.11062170006335,,,,,,,,,,,,,,,,777777,right,no,None,2025-05-21_13h29.59.026,RL_out-of-scanner,2024.2.4,60.1920124963998,2025-05-21 13h30.13.052300 -0500,
31,0,31,space,8.340659300796688,None,5,1.5014244997873902,None,151.1121112005785,j,0.32176339998841286,None,None,151.4617456002161,151.46208430081606,154.46208600047976,154.46212489996105,155.46197430044413,155.46201390028,157.9616662999615,,,,,,,1,0,1,0,31,0,31,0,468.58969479985535,,,,,,,,,,,,,,,,,,,,,,,,,,,,,,151.1121112005785,468.5746582997963,468.58969479985535,468.58969479985535,468.58969479985535,468.58969479985535,468.92419099994004,j,0.32176339998841286,None,left,1,10,7,4,58,16,None,151.4617456002161,151.46208430081606,468.9246338997036,468.93984699994326,468.93984699994326,471.94117669947445,471.94117669947445,471.92456419952214,154.46208600047976,154.46212489996105,471.93559439945966,471.94117669947445,471.94117669947445,472.9398313993588,472.9398313993588,472.92446759995073,stimuli/box_coin_transparent.png,155.46197430044413,155.46201390028,472.9245618991554,472.9398313993588,475.4407677995041,475.4241673992947,157.9616662999615,,,,,,,,,,,,,,,,777777,right,no,None,2025-05-21_13h29.59.026,RL_out-of-scanner,2024.2.4,60.1920124963998,2025-05-21 13h30.13.052300 -0500,
32,0,32,space,8.340659300796688,None,5,1.5014244997873902,None,157.96315080020577,j,0.6564208995550871,None,None,158.6460363008082,158.64643179997802,159.64562080055475,159.64566510077566,160.6453431006521,160.64538080058992,161.644686200656,,,,,,,1,0,1,0,32,0,32,0,475.4407677995041,,,,,,,,,,,,,,,,,,,,,,,,,,,,,,157.96315080020577,475.42569699976593,475.4407677995041,475.4407677995041,475.4407677995041,475.4407677995041,476.1084781996906,j,0.6564208995550871,None,left,1,10,8,4,59,17,None,158.6460363008082,158.64643179997802,476.1089813997969,476.12343070004135,476.12343070004135,477.12336599919945,477.12336599919945,477.10808699950576,159.64562080055475,159.64566510077566,477.11789939925075,477.12336599919945,477.12336599919945,478.12310939934105,478.12310939934105,478.1078367996961,stimuli/box_coin_transparent.png,160.6453431006521,160.64538080058992,478.1079303994775,478.12310939934105,479.12329699937254,479.10718759987503,161.644686200656,,,,,,,,,,,,,,,,777777,right,no,None,2025-05-21_13h29.59.026,RL_out-of-scanner,2024.2.4,60.1920124963998,2025-05-21 13h30.13.052300 -0500,
33,0,33,space,8.340659300796688,None,5,1.5014244997873902,None,161.6462114006281,j,0.5822145994752645,None,None,162.2456521000713,162.24596810061485,164.24485970009118,164.24489700049162,165.24398820009083,165.2440194003284,166.74445270001888,,,,,,,1,0,1,0,33,0,33,0,479.12329699937254,,,,,,,,,,,,,,,,,,,,,,,,,,,,,,161.6462114006281,479.1087568998337,479.12329699937254,479.12329699937254,479.12329699937254,479.12329699937254,479.70811119955033,j,0.5822145994752645,None,left,1,10,9,4,60,18,None,162.2456521000713,162.24596810061485,479.70851259958,479.7233966998756,479.7233966998756,481.7231882000342,481.7231882000342,481.70733779948205,164.24485970009118,164.24489700049162,481.71717529930174,481.7231882000342,481.7231882000342,482.72230349946767,482.72230349946767,482.7064863992855,stimuli/box_coin_transparent.png,165.24398820009083,165.2440194003284,482.7065615998581,482.72230349946767,484.2235793992877,484.2069552000612,166.74445270001888,,,,,,,,,,,,,,,,777777,right,no,None,2025-05-21_13h29.59.026,RL_out-of-scanner,2024.2.4,60.1920124963998,2025-05-21 13h30.13.052300 -0500,
34,0,34,space,8.340659300796688,None,5,1.5014244997873902,None,166.74598480015993,j,0.7034655995666981,None,None,167.47876460012048,167.4790952000767,170.4780601002276,170.47809780016541,171.478648500517,171.47868680022657,173.9774233000353,,,,,,,1,0,1,0,34,0,34,0,484.2235793992877,,,,,,,,,,,,,,,,,,,,,,,,,,,,,,166.74598480015993,484.2085306998342,484.2235793992877,484.2235793992877,484.2235793992877,484.2235793992877,484.94122389983386,j,0.7034655995666981,None,left,1,10,10,4,61,19,None,167.47876460012048,167.4790952000767,484.94163919985294,484.95648529939353,484.95648529939353,487.95638410001993,487.95638410001993,487.9405378997326,170.4780601002276,170.47809780016541,487.95039469935,487.95638410001993,487.95638410001993,488.9562184000388,488.9562184000388,488.9411437995732,stimuli/box_coin_transparent.png,171.478648500517,171.47868680022657,488.94123439956456,488.9562184000388,491.45669299922884,491.4399206992239,173.9774233000353,,,,,,,,,,,,,,,,777777,right,no,None,2025-05-21_13h29.59.026,RL_out-of-scanner,2024.2.4,60.1920124963998,2025-05-21 13h30.13.052300 -0500,
35,0,35,space,8.340659300796688,None,5,1.5014244997873902,None,173.97895240038633,j,0.4010717999190092,None,None,174.41121830046177,174.41154320072383,175.91191910021007,175.91196420043707,176.9123496003449,176.91238739993423,177.9108616001904,,,,,,,1,0,1,0,35,0,35,0,491.45669299922884,,,,,,,,,,,,,,,,,,,,,,,,,,,,,,173.97895240038633,491.4414989994839,491.45669299922884,491.45669299922884,491.45669299922884,491.45669299922884,491.87367099989206,j,0.4010717999190092,None,right,1,13,0,5,61,19,None,174.41121830046177,174.41154320072383,491.874090699479,491.8890442000702,491.8890442000702,493.3897799998522,493.3897799998522,493.3743931995705,175.91191910021007,175.91196420043707,493.38299529999495,493.3897799998522,493.3897799998522,494.3892653994262,494.3892653994262,494.3748445995152,stimuli/box_empty_transparent.png,176.9123496003449,176.91238739993423,494.3749360991642,494.3892653994262,495.3900801995769,495.37335919961333,177.9108616001904,,,,,,,,,,,,,,,,777777,right,no,None,2025-05-21_13h29.59.026,RL_out-of-scanner,2024.2.4,60.1920124963998,2025-05-21 13h30.13.052300 -0500,
36,0,36,space,8.340659300796688,None,5,1.5014244997873902,None,177.91240830067545,k,0.40722070075571537,None,None,178.34539620019495,178.34569790028036,179.84429250005633,179.84433110058308,180.843586999923,180.84362320043147,184.34395170025527,,,,,,,1,0,1,0,36,0,36,0,495.3900801995769,,,,,,,,,,,,,,,,,,,,,,,,,,,,,,177.91240830067545,495.374954899773,495.3900801995769,495.3900801995769,495.3900801995769,495.3900801995769,495.8078461000696,k,0.40722070075571537,None,right,1,13,1,5,62,20,None,178.34539620019495,178.34569790028036,495.80824629962444,495.822935000062,495.822935000062,497.3227081000805,497.3227081000805,497.3067705994472,179.84429250005633,179.84433110058308,497.31654069945216,497.3227081000805,497.3227081000805,498.3217897992581,498.3217897992581,498.3060832992196,stimuli/box_coin_transparent.png,180.843586999923,180.84362320043147,498.30617079976946,498.3217897992581,501.8224340993911,501.80645279958844,184.34395170025527,,,,,,,,,,,,,,,,777777,right,no,None,2025-05-21_13h29.59.026,RL_out-of-scanner,2024.2.4,60.1920124963998,2025-05-21 13h30.13.052300 -0500,
37,0,37,space,8.340659300796688,None,5,1.5014244997873902,None,184.34548570029438,k,0.36775700002908707,None,None,184.74513670057058,184.74539970047772,186.74352570064366,186.7435710001737,187.74407300073653,187.74411480035633,188.74392140004784,,,,,,,1,0,1,0,37,0,37,0,501.8224340993911,,,,,,,,,,,,,,,,,,,,,,,,,,,,,,184.34548570029438,501.8080315999687,501.8224340993911,501.8224340993911,501.8224340993911,501.8224340993911,502.20759649947286,k,0.36775700002908707,None,right,1,13,2,5,63,21,None,184.74513670057058,184.74539970047772,502.2079429998994,502.2228627996519,502.2228627996519,504.22272299975157,504.22272299975157,504.2059969995171,186.74352570064366,186.7435710001737,504.2171161994338,504.22272299975157,504.22272299975157,,,505.2065661996603,stimuli/box_coin_transparent.png,187.74407300073653,187.74411480035633,505.20667119976133,505.22282529994845,506.22267189994454,506.20642359927297,188.74392140004784,,,,,,,,,,,,,,,,777777,right,no,None,2025-05-21_13h29.59.026,RL_out-of-scanner,2024.2.4,60.1920124963998,2025-05-21 13h30.13.052300 -0500,
38,0,38,space,8.340659300796688,None,5,1.5014244997873902,None,188.74576720036566,k,0.8107422003522515,None,None,189.57795350067317,189.57822229992598,190.57744200062007,190.5774798002094,191.57789360079914,191.57792560011148,193.07597950007766,,,,,,,1,0,1,0,38,0,38,0,506.22267189994454,,,,,,,,,,,,,,,,,,,,,,,,,,,,,,188.74576720036566,506.2083236994222,506.22267189994454,506.22267189994454,506.22267189994454,506.22267189994454,507.040409299545,k,0.8107422003522515,None,right,1,13,3,5,64,22,None,189.57795350067317,189.57822229992598,507.0407652994618,507.0562677998096,507.0562677998096,508.05561499949545,508.05561499949545,508.03991930000484,190.57744200062007,190.5774798002094,508.0500596994534,508.05561499949545,508.05561499949545,509.05567719973624,509.05567719973624,509.04039189964533,stimuli/box_coin_transparent.png,191.57789360079914,191.57792560011148,509.04046719986945,509.05567719973624,510.5550526995212,510.5384798999876,193.07597950007766,,,,,,,,,,,,,,,,777777,right,no,None,2025-05-21_13h29.59.026,RL_out-of-scanner,2024.2.4,60.1920124963998,2025-05-21 13h30.13.052300 -0500,
39,0,39,space,8.340659300796688,None,5,1.5014244997873902,None,193.07768980041146,k,0.4781598001718521,None,None,193.57777679990977,193.57810920011252,194.57741930056363,194.5774635002017,195.57773909997195,195.57777830027044,196.5769290002063,,,,,,,1,0,1,0,39,0,39,0,510.5550526995212,,,,,,,,,,,,,,,,,,,,,,,,,,,,,,193.07768980041146,510.54024240002036,510.5550526995212,510.5550526995212,510.5550526995212,510.5550526995212,511.04019849933684,k,0.4781598001718521,None,right,0,13,3,5,65,22,None,193.57777679990977,193.57810920011252,511.0406590998173,511.05619629938155,511.05619629938155,512.0555004999042,512.0555004999042,512.0398877998814,194.57741930056363,194.5774635002017,512.0491248993203,512.0555004999042,512.0555004999042,513.0556254992262,513.0556254992262,513.0402326993644,stimuli/box_empty_transparent.png,195.57773909997195,195.57777830027044,513.0403279997408,513.0556254992262,514.0558436997235,514.0394302997738,196.5769290002063,,,,,,,,,,,,,,,,777777,right,no,None,2025-05-21_13h29.59.026,RL_out-of-scanner,2024.2.4,60.1920124963998,2025-05-21 13h30.13.052300 -0500,
40,0,40,space,8.340659300796688,None,5,1.5014244997873902,None,196.5784902004525,k,0.3175795003771782,None,None,196.92793889995664,196.92825380060822,198.42643450014293,198.42648559994996,199.42688950058073,199.4269220000133,200.42806959990412,,,,,,,1,0,1,0,40,0,40,0,514.0558436997235,,,,,,,,,,,,,,,,,,,,,,,,,,,,,,196.5784902004525,514.0410361997783,514.0558436997235,514.0558436997235,514.0558436997235,514.0558436997235,514.390371799469,k,0.3175795003771782,None,right,1,13,4,5,66,23,None,196.92793889995664,196.92825380060822,514.3908029999584,514.4060482997447,514.4060482997447,515.9056620998308,515.9056620998308,515.8889002995566,198.42643450014293,198.42648559994996,515.9002547999844,515.9056620998308,515.9056620998308,516.9052866995335,516.9052866995335,516.8893872993067,stimuli/box_coin_transparent.png,199.42688950058073,199.4269220000133,516.8894638000056,516.9052866995335,517.9054991994053,517.8905688999221,200.42806959990412,,,,,,,,,,,,,,,,777777,right,no,None,2025-05-21_13h29.59.026,RL_out-of-scanner,2024.2.4,60.1920124963998,2025-05-21 13h30.13.052300 -0500,
41,0,41,space,8.340659300796688,None,5,1.5014244997873902,None,200.42966500017792,k,0.6509839994832873,None,None,201.11047280021012,201.11077970080078,202.11103380005807,202.11107140034437,203.11071640066803,203.11074820067734,206.10999240074307,,,,,,,1,0,1,0,41,0,41,0,517.9054991994053,,,,,,,,,,,,,,,,,,,,,,,,,,,,,,200.42966500017792,517.8922100998461,517.9054991994053,517.9054991994053,517.9054991994053,517.9054991994053,518.5729158995673,k,0.6509839994832873,None,right,0,13,4,5,67,23,None,201.11047280021012,201.11077970080078,518.5733292000368,518.5885731996968,518.5885731996968,519.5887340996414,519.5887340996414,519.573515499942,202.11103380005807,202.11107140034437,519.5820559998974,519.5887340996414,519.5887340996414,520.588056399487,520.588056399487,520.5732138995081,stimuli/box_empty_transparent.png,203.11071640066803,203.11074820067734,520.5732898991555,520.588056399487,523.5891998996958,523.5724906995893,206.10999240074307,,,,,,,,,,,,,,,,777777,right,no,None,2025-05-21_13h29.59.026,RL_out-of-scanner,2024.2.4,60.1920124963998,2025-05-21 13h30.13.052300 -0500,
42,0,42,space,8.340659300796688,None,5,1.5014244997873902,None,206.11166470032185,j,0.34035039972513914,None,None,206.47791330050677,206.47832580003887,208.47765660006553,208.47769420035183,209.4767418000847,209.47677410021424,212.97655440028757,,,,,,,1,0,1,0,42,0,42,0,523.5891998996958,,,,,,,,,,,,,,,,,,,,,,,,,,,,,,206.11166470032185,523.5742103997618,523.5891998996958,523.5891998996958,523.5891998996958,523.5891998996958,523.9403562992811,j,0.34035039972513914,None,right,0,13,4,5,67,23,None,206.47791330050677,206.47832580003887,523.9408807000145,523.9558327998966,523.9558327998966,525.9552470995113,525.9552470995113,525.9401343995705,208.47765660006553,208.47769420035183,525.9491094993427,525.9552470995113,525.9552470995113,526.954487499781,526.954487499781,526.9392401995137,stimuli/box_empty_transparent.png,209.4767418000847,209.47677410021424,526.9393157996237,526.954487499781,530.4556879997253,530.4390557995066,212.97655440028757,,,,,,,,,,,,,,,,777777,right,no,None,2025-05-21_13h29.59.026,RL_out-of-scanner,2024.2.4,60.1920124963998,2025-05-21 13h30.13.052300 -0500,
43,0,43,space,8.340659300796688,None,5,1.5014244997873902,None,212.97800270002335,k,0.7652877997606993,None,['k'],213.7610405003652,213.7613539006561,214.76093460060656,214.76096899993718,215.76025580056012,215.76028829999268,217.75990030076355,[0.30060279928147793],[0.14860500022768974],,,,,1,0,1,0,43,0,43,0,530.4556879997253,,,,,,,,,,,,,,,,,,,,,,,,,,,,,,212.97800270002335,530.4405483994633,530.4556879997253,530.4556879997253,530.4556879997253,530.4556879997253,531.2234378000721,k,0.7652877997606993,None,right,1,13,5,5,68,24,['k'],213.7610405003652,213.7613539006561,531.2239034995437,531.2388361999765,531.2388361999765,532.2387640997767,532.2387640997767,532.2234159996733,214.76093460060656,214.76096899993718,532.2334336992353,532.2387640997767,532.2387640997767,533.2389511000365,533.2389511000365,533.2227507997304,stimuli/box_coin_transparent.png,215.76025580056012,215.76028829999268,533.2228288995102,533.2389511000365,535.2389451991767,535.2224015993997,217.75990030076355,[0.30060279928147793],[0.14860500022768974],,,,,,,,,,,,,,777777,right,no,None,2025-05-21_13h29.59.026,RL_out-of-scanner,2024.2.4,60.1920124963998,2025-05-21 13h30.13.052300 -0500,
44,0,44,space,8.340659300796688,None,5,1.5014244997873902,None,217.76211350038648,k,0.3881986001506448,None,None,218.17769080027938,218.17795780021697,220.67665480077267,220.67669190000743,221.67668560054153,221.6767177004367,223.67643200047314,,,,,,,1,0,1,0,44,0,44,0,535.2389451991767,,,,,,,,,,,,,,,,,,,,,,,,,,,,,,217.76211350038648,535.2246588999406,535.2389451991767,535.2389451991767,535.2389451991767,535.2389451991767,535.6401502992958,k,0.3881986001506448,None,right,1,13,6,5,69,25,None,218.17769080027938,218.17795780021697,535.6405003992841,535.6552990991622,535.6552990991622,538.1548913996667,538.1548913996667,538.139132999815,220.67665480077267,220.67669190000743,538.1489649992436,538.1548913996667,538.1548913996667,539.1553169991821,539.1553169991821,539.1391849992797,stimuli/box_coin_transparent.png,221.67668560054153,221.6767177004367,539.1392596997321,539.1553169991821,541.1548542995006,541.1389335999265,223.67643200047314,,,,,,,,,,,,,,,,777777,right,no,None,2025-05-21_13h29.59.026,RL_out-of-scanner,2024.2.4,60.1920124963998,2025-05-21 13h30.13.052300 -0500,
45,0,45,space,8.340659300796688,None,5,1.5014244997873902,None,223.67791720014066,k,0.36418249923735857,None,None,224.06069259997457,224.06100950017571,225.05976130068302,225.05979860015213,226.05991260055453,226.0599509999156,227.07497070077807,,,,,,,1,0,1,0,45,0,45,0,541.1548542995006,,,,,,,,,,,,,,,,,,,,,,,,,,,,,,223.67791720014066,541.1404625996947,541.1548542995006,541.1548542995006,541.1548542995006,541.1548542995006,541.5231326995417,k,0.36418249923735857,None,right,1,13,7,5,70,26,None,224.06069259997457,224.06100950017571,541.5235593998805,541.5381985995919,541.5381985995919,542.5381397996098,542.5381397996098,542.5222386997193,225.05976130068302,225.05979860015213,542.5321027999744,542.5381397996098,542.5381397996098,,,543.5223967991769,stimuli/box_coin_transparent.png,226.05991260055453,226.0599509999156,543.5224949996918,543.5390262994915,544.5540490997955,544.5374708995223,227.07497070077807,,,,,,,,,,,,,,,,777777,right,no,None,2025-05-21_13h29.59.026,RL_out-of-scanner,2024.2.4,60.1920124963998,2025-05-21 13h30.13.052300 -0500,
46,0,46,space,8.340659300796688,None,5,1.5014244997873902,None,227.07659210078418,k,0.38204129971563816,None,None,227.4772377004847,227.47750490065664,229.47650330048054,229.47654170077294,230.4768403004855,230.47687980066985,231.4756364999339,,,,,,,1,0,1,0,46,0,46,0,544.5540490997955,,,,,,,,,,,,,,,,,,,,,,,,,,,,,,227.07659210078418,544.5391457993537,544.5540490997955,544.5540490997955,544.5540490997955,544.5540490997955,544.9396954998374,k,0.38204129971563816,None,right,1,13,8,5,71,27,None,227.4772377004847,227.47750490065664,544.9400475993752,544.9553269995376,544.9553269995376,546.9549422999844,546.9549422999844,546.9389819996431,229.47650330048054,229.47654170077294,546.9489311994985,546.9549422999844,546.9549422999844,,,547.9393342994153,stimuli/box_coin_transparent.png,230.4768403004855,230.47687980066985,547.9394276998937,547.9544219998643,548.9547366993502,548.9381358996034,231.4756364999339,,,,,,,,,,,,,,,,777777,right,no,None,2025-05-21_13h29.59.026,RL_out-of-scanner,2024.2.4,60.1920124963998,2025-05-21 13h30.13.052300 -0500,
47,0,47,space,8.340659300796688,None,5,1.5014244997873902,None,231.47746310010552,k,0.3113839002326131,None,None,231.81018170062453,231.81044550053775,234.80999010056257,234.81002840027213,235.80951940082014,235.80955160036683,237.30961719993502,,,,,,,1,0,1,0,47,0,47,0,548.9547366993502,,,,,,,,,,,,,,,,,,,,,,,,,,,,,,231.47746310010552,548.940014699474,548.9547366993502,548.9547366993502,548.9547366993502,548.9547366993502,549.2726387996227,k,0.3113839002326131,None,right,0,13,8,5,72,27,None,231.81018170062453,231.81044550053775,549.2729882998392,549.2889046994969,549.2889046994969,552.2882304992527,552.2882304992527,552.2724703997374,234.80999010056257,234.81002840027213,552.280693099834,552.2882304992527,552.2882304992527,553.2879277998582,553.2879277998582,553.2720186999068,stimuli/box_empty_transparent.png,235.80951940082014,235.80955160036683,553.2720925994217,553.2879277998582,554.7880302993581,554.7721162000671,237.30961719993502,,,,,,,,,,,,,,,,777777,right,no,None,2025-05-21_13h29.59.026,RL_out-of-scanner,2024.2.4,60.1920124963998,2025-05-21 13h30.13.052300 -0500,
48,0,48,space,8.340659300796688,None,5,1.5014244997873902,None,237.31147380080074,j,0.3494625994935632,None,None,237.67709620017558,237.67743710055947,239.17645630054176,239.17649430036545,240.17512400075793,240.17516350001097,243.67616370040923,,,,,,,1,0,1,0,48,0,48,0,554.7880302993581,,,,,,,,,,,,,,,,,,,,,,,,,,,,,,237.31147380080074,554.7740252995864,554.7880302993581,554.7880302993581,554.7880302993581,554.7880302993581,555.139555499889,j,0.3494625994935632,None,right,0,13,8,5,72,27,None,237.67709620017558,237.67743710055947,555.1399828996509,555.1547523997724,555.1547523997724,556.654663999565,556.654663999565,556.6389353992417,239.17645630054176,239.17649430036545,556.6483562998474,556.654663999565,556.654663999565,557.653372399509,557.653372399509,557.6376182995737,stimuli/box_empty_transparent.png,240.17512400075793,240.17516350001097,557.6377188991755,557.653372399509,561.154937999323,561.1386642996222,243.67616370040923,,,,,,,,,,,,,,,,777777,right,no,None,2025-05-21_13h29.59.026,RL_out-of-scanner,2024.2.4,60.1920124963998,2025-05-21 13h30.13.052300 -0500,
49,0,49,space,8.340659300796688,None,5,1.5014244997873902,None,243.677681600675,k,0.5573235005140305,None,None,244.2594739999622,244.25979050062597,245.7582437004894,245.7582855001092,246.75979530066252,246.75982809998095,246.7604200001806,,,,,,,1,0,1,0,49,0,49,0,561.154937999323,,,,,,,,,,,,,,,,,,,,,,,,,,,,,,243.677681600675,561.1402272991836,561.154937999323,561.154937999323,561.154937999323,561.154937999323,561.7219171999022,k,0.5573235005140305,None,right,1,13,9,5,73,28,None,244.2594739999622,244.25979050062597,561.7223406992853,561.7375636994839,561.7375636994839,563.2375580994412,563.2375580994412,563.2207203991711,245.7582437004894,245.7582855001092,563.2323921993375,563.2375580994412,563.2375580994412,,,564.222291899845,stimuli/box_coin_transparent.png,246.75979530066252,246.75982809998095,564.2223729994148,564.2419266998768,564.2419266998768,564.2229263996705,246.7604200001806,,,,,,,,,,,,,,,,777777,right,no,None,2025-05-21_13h29.59.026,RL_out-of-scanner,2024.2.4,60.1920124963998,2025-05-21 13h30.13.052300 -0500,
1,0,1,space,8.340659300796688,None,5,1.5014244997873902,None,,,,,,,,,,,,,,,,,,,1,0,1,0,,,,,,,,,,,,,,,,,,,,,,,,,,,,,,,,,,,,,,,,,,,,,,,,,,,,,,,,,,,,,,,,,,,,,,,,,,,,,,,564.2381114000455,564.2419266998768,568.2380871996284,568.2381506999955,568.2539273994043,620.8195306994021,620.802966799587,,,,,,,777777,right,no,None,2025-05-21_13h29.59.026,RL_out-of-scanner,2024.2.4,60.1920124963998,2025-05-21 13h30.13.052300 -0500,
0,0,0,space,5.824148800224066,None,5,1.468962199985981,None,0.002123200334608555,k,0.5226288996636868,None,None,0.5507693998515606,0.5510256001725793,1.5511582996696234,1.5512012001127005,2.5515463994815946,2.5515775997191668,4.550432600080967,,,,,,,2,0,2,0,0,0,0,0,628.1683322992176,,,,,,,,,,,,,,,,620.8031710991636,620.8195306994021,620.8195306994021,626.6533421995118,space,5.824148800224066,None,626.6534215994179,626.6690977998078,626.6690977998078,628.1520484993234,5,1.468962199985981,None,0.002123200334608555,628.1542555000633,628.1683322992176,628.1683322992176,628.1683322992176,628.1683322992176,628.7027775999159,k,0.5226288996636868,None,right,1,14,1,6,74,1,None,0.5507693998515606,0.5510256001725793,628.7031488995999,628.7183534000069,628.7183534000069,629.7187618995085,629.7187618995085,629.7032100996003,1.5511582996696234,1.5512012001127005,629.7132095992565,629.7187618995085,629.7187618995085,630.7190728997812,630.7190728997812,630.703624099493,stimuli/box_coin_transparent.png,2.5515463994815946,2.5515775997191668,630.7036953996867,630.7190728997812,632.7190879993141,632.7025143997744,4.550432600080967,,,,,,,,,,,,,,,,777777,right,no,None,2025-05-21_13h29.59.026,RL_out-of-scanner,2024.2.4,60.1920124963998,2025-05-21 13h30.13.052300 -0500,
1,0,1,space,5.824148800224066,None,5,1.468962199985981,None,4.552003200165927,k,0.3327588001266122,None,None,4.9019957995042205,4.902338299900293,6.399999399669468,6.400036999955773,7.400688899680972,7.4007262997329235,8.900951799936593,,,,,,,2,0,2,0,1,0,1,0,632.7190879993141,,,,,,,,,,,,,,,,,,,,,,,,,,,,,,4.552003200165927,632.7041288996115,632.7190879993141,632.7190879993141,632.7190879993141,632.7190879993141,633.0540191000327,k,0.3327588001266122,None,right,1,14,2,6,75,2,None,4.9019957995042205,4.902338299900293,633.054467599839,633.0688595995307,633.0688595995307,634.5688891997561,634.5688891997561,634.5520597994328,6.399999399669468,6.400036999955773,634.5630474993959,634.5688891997561,634.5688891997561,,,635.5527622997761,stimuli/box_coin_transparent.png,7.400688899680972,7.4007262997329235,635.5528550995514,635.5685874000192,637.0690463995561,637.0530321998522,8.900951799936593,,,,,,,,,,,,,,,,777777,right,no,None,2025-05-21_13h29.59.026,RL_out-of-scanner,2024.2.4,60.1920124963998,2025-05-21 13h30.13.052300 -0500,
2,0,2,space,5.824148800224066,None,5,1.468962199985981,None,8.902458599768579,k,0.3598936991766095,None,None,9.28676819987595,9.287038399837911,10.284644399769604,10.28468760009855,11.284065200015903,11.284095799550414,14.283456299453974,,,,,,,2,0,2,0,2,0,2,0,637.0690463995561,,,,,,,,,,,,,,,,,,,,,,,,,,,,,,8.902458599768579,637.0545852994546,637.0690463995561,637.0690463995561,637.0690463995561,637.0690463995561,637.4388057999313,k,0.3598936991766095,None,right,0,14,2,6,76,2,None,9.28676819987595,9.287038399837911,637.4391618994996,637.4526511998847,637.4526511998847,638.4517486998811,638.4517486998811,638.4366947999224,10.284644399769604,10.28468760009855,638.4449742995203,638.4517486998811,638.4517486998811,639.4517895998433,639.4517895998433,639.4361447999254,stimuli/box_empty_transparent.png,11.284065200015903,11.284095799550414,639.4362286999822,639.4517895998433,642.4526961995289,642.4355371994898,14.283456299453974,,,,,,,,,,,,,,,,777777,right,no,None,2025-05-21_13h29.59.026,RL_out-of-scanner,2024.2.4,60.1920124963998,2025-05-21 13h30.13.052300 -0500,
3,0,3,space,5.824148800224066,None,5,1.468962199985981,None,14.28498539980501,j,0.3034832999110222,None,None,14.618423500098288,14.618792899884284,16.617813900113106,16.61784979980439,17.61628699954599,17.616317399777472,18.615696099586785,,,,,,,2,0,2,0,3,0,3,0,642.4526961995289,,,,,,,,,,,,,,,,,,,,,,,,,,,,,,14.28498539980501,642.4371114000678,642.4526961995289,642.4526961995289,642.4526961995289,642.4526961995289,642.7704632999375,j,0.3034832999110222,None,right,0,14,2,6,76,2,None,14.618423500098288,14.618792899884284,642.7709185993299,642.785469699651,642.785469699651,644.7850245991722,644.7850245991722,644.7698711995035,16.617813900113106,16.61784979980439,644.7781026996672,644.7850245991722,644.7850245991722,645.784032699652,645.784032699652,645.7683673994616,stimuli/box_empty_transparent.png,17.61628699954599,17.616317399777472,645.7684386000037,645.784032699652,646.7845863997936,646.7677750997245,18.615696099586785,,,,,,,,,,,,,,,,777777,right,no,None,2025-05-21_13h29.59.026,RL_out-of-scanner,2024.2.4,60.1920124963998,2025-05-21 13h30.13.052300 -0500,
4,0,4,space,5.824148800224066,None,5,1.468962199985981,None,18.61736680008471,k,0.3453901996836066,None,None,18.98465389944613,18.98498489987105,19.984260800294578,19.984304499812424,20.984307199716568,20.984345000237226,23.498869500122964,,,,,,,2,0,2,0,4,0,4,0,646.7845863997936,,,,,,,,,,,,,,,,,,,,,,,,,,,,,,18.61736680008471,646.7694927994162,646.7845863997936,646.7845863997936,646.7845863997936,646.7845863997936,647.1366779999807,k,0.3453901996836066,None,right,0,14,2,6,77,2,None,18.98465389944613,18.98498489987105,647.1371136996895,647.1522128991783,647.1522128991783,648.151465700008,648.151465700008,648.1363172996789,19.984260800294578,19.984304499812424,648.1447045998648,648.151465700008,648.151465700008,649.15183290001,649.15183290001,649.1363817993551,stimuli/box_empty_transparent.png,20.984307199716568,20.984345000237226,649.1364714996889,649.15183290001,651.6677616992965,651.6509489994496,23.498869500122964,,,,,,,,,,,,,,,,777777,right,no,None,2025-05-21_13h29.59.026,RL_out-of-scanner,2024.2.4,60.1920124963998,2025-05-21 13h30.13.052300 -0500,
5,0,5,space,5.824148800224066,None,5,1.468962199985981,None,23.500607599504292,j,0.43507090024650097,None,None,23.966671399772167,23.967018299736083,27.466876099817455,27.466918899677694,28.46695979963988,28.466990900225937,30.466167699545622,,,,,,,2,0,2,0,5,0,5,0,651.6677616992965,,,,,,,,,,,,,,,,,,,,,,,,,,,,,,23.500607599504292,651.6527402997017,651.6677616992965,651.6677616992965,651.6677616992965,651.6677616992965,652.1186975995079,j,0.43507090024650097,None,right,0,14,2,6,77,2,None,23.966671399772167,23.967018299736083,652.1191493999213,652.1344184000045,652.1344184000045,655.6347250994295,655.6347250994295,655.6189299998805,27.466876099817455,27.466918899677694,655.6273823995143,655.6347250994295,655.6347250994295,656.6342833992094,656.6342833992094,656.6190382000059,stimuli/box_empty_transparent.png,28.46695979963988,28.466990900225937,656.6191121991724,656.6342833992094,658.6348006995395,658.6182467993349,30.466167699545622,,,,,,,,,,,,,,,,777777,right,no,None,2025-05-21_13h29.59.026,RL_out-of-scanner,2024.2.4,60.1920124963998,2025-05-21 13h30.13.052300 -0500,
6,0,6,space,5.824148800224066,None,5,1.468962199985981,None,30.467939799651504,k,0.2780673997476697,None,None,30.767968399450183,30.768234699964523,31.76700469944626,31.767046799883246,32.76700989995152,32.767041499726474,33.7668898999691,,,,,,,2,0,2,0,6,0,6,0,658.6348006995395,,,,,,,,,,,,,,,,,,,,,,,,,,,,,,30.467939799651504,658.6200708998367,658.6348006995395,658.6348006995395,658.6348006995395,658.6348006995395,658.9200067995116,k,0.2780673997476697,None,right,1,14,3,6,78,3,None,30.767968399450183,30.768234699964523,658.9203571993858,658.9347167992964,658.9347167992964,659.934462999925,659.934462999925,659.9190551992506,31.76700469944626,31.767046799883246,659.929137699306,659.934462999925,659.934462999925,660.9344141995534,660.9344141995534,660.9190890993923,stimuli/box_coin_transparent.png,32.76700989995152,32.767041499726474,660.9191618999466,660.9344141995534,661.9354253998026,661.9189694998786,33.7668898999691,,,,,,,,,,,,,,,,777777,right,no,None,2025-05-21_13h29.59.026,RL_out-of-scanner,2024.2.4,60.1920124963998,2025-05-21 13h30.13.052300 -0500,
7,0,7,space,5.824148800224066,None,5,1.468962199985981,None,33.768640199676156,k,0.5014404002577066,None,None,34.30150240007788,34.301768800243735,36.29957589972764,36.29961949959397,37.30008069984615,37.30011179950088,39.299089199863374,,,,,,,2,0,2,0,7,0,7,0,661.9354253998026,,,,,,,,,,,,,,,,,,,,,,,,,,,,,,33.768640199676156,661.9207714991644,661.9354253998026,661.9354253998026,661.9354253998026,661.9354253998026,662.4535427996889,k,0.5014404002577066,None,right,1,14,4,6,79,4,None,34.30150240007788,34.301768800243735,662.4538921993226,662.4683817997575,662.4683817997575,664.468194199726,664.468194199726,664.4516285993159,36.29957589972764,36.29961949959397,664.4626412997022,664.468194199726,664.468194199726,665.4677352998406,665.4677352998406,665.4521597996354,stimuli/box_coin_transparent.png,37.30008069984615,37.30011179950088,665.4522322993726,665.4677352998406,667.4681827994063,667.4511719997972,39.299089199863374,,,,,,,,,,,,,,,,777777,right,no,None,2025-05-21_13h29.59.026,RL_out-of-scanner,2024.2.4,60.1920124963998,2025-05-21 13h30.13.052300 -0500,
8,0,8,space,5.824148800224066,None,5,1.468962199985981,None,39.300902400165796,k,0.34021300077438354,None,None,39.66758089978248,39.667925199493766,42.666970499791205,42.66701340023428,43.666481799446046,43.66651319991797,45.16609719954431,,,,,,,2,0,2,0,8,0,8,0,667.4681827994063,,,,,,,,,,,,,,,,,,,,,,,,,,,,,,39.300902400165796,667.453028999269,667.4681827994063,667.4681827994063,667.4681827994063,667.4681827994063,667.8196047991514,k,0.34021300077438354,None,right,1,14,5,6,80,5,None,39.66758089978248,39.667925199493766,667.8200565995649,667.8350354991853,667.8350354991853,670.8345214994624,670.8345214994624,670.8190206997097,42.666970499791205,42.66701340023428,670.8291307995096,670.8345214994624,670.8345214994624,671.8335102992132,671.8335102992132,671.8185591995716,stimuli/box_coin_transparent.png,43.666481799446046,43.66651319991797,671.8186355000362,671.8335102992132,673.3347932994366,673.3181766998023,45.16609719954431,,,,,,,,,,,,,,,,777777,right,no,None,2025-05-21_13h29.59.026,RL_out-of-scanner,2024.2.4,60.1920124963998,2025-05-21 13h30.13.052300 -0500,
9,0,9,space,5.824148800224066,None,5,1.468962199985981,None,45.16784320026636,k,0.2509114993736148,None,None,45.45097689982504,45.4513039002195,46.9500377997756,46.95007359981537,47.96530430018902,47.96534269955009,49.96573160029948,,,,,,,2,0,2,0,9,0,9,0,673.3347932994366,,,,,,,,,,,,,,,,,,,,,,,,,,,,,,45.16784320026636,673.3199741998687,673.3347932994366,673.3347932994366,673.3347932994366,673.3347932994366,673.6029931996018,k,0.2509114993736148,None,right,1,14,6,6,81,6,None,45.45097689982504,45.4513039002195,673.6034329999238,673.6178878992796,673.6178878992796,675.119713999331,675.119713999331,675.1021000994369,46.9500377997756,46.95007359981537,675.1127264993265,675.119713999331,675.119713999331,,,676.117376299575,stimuli/box_coin_transparent.png,47.96530430018902,47.96534269955009,676.1174732996151,676.1334914993495,678.1343641998246,678.1178119992837,49.96573160029948,,,,,,,,,,,,,,,,777777,right,no,None,2025-05-21_13h29.59.026,RL_out-of-scanner,2024.2.4,60.1920124963998,2025-05-21 13h30.13.052300 -0500,
10,0,10,space,5.824148800224066,None,5,1.468962199985981,None,49.96717539988458,k,0.2871367996558547,None,None,50.28396730031818,50.28423869982362,51.7832236001268,51.78326960001141,52.78295319993049,52.782989599741995,53.78139099944383,,,,,,,2,0,2,0,10,0,10,0,678.1343641998246,,,,,,,,,,,,,,,,,,,,,,,,,,,,,,49.96717539988458,678.1193006997928,678.1343641998246,678.1343641998246,678.1343641998246,678.1343641998246,678.4360069995746,k,0.2871367996558547,None,right,1,14,7,6,82,7,None,50.28396730031818,50.28423869982362,678.4363654991612,678.4513145992532,678.4513145992532,679.9508421998471,679.9508421998471,679.9352725995705,51.7832236001268,51.78326960001141,679.9456193000078,679.9508421998471,679.9508421998471,680.9500228995457,680.9500228995457,680.9350261995569,stimuli/box_coin_transparent.png,52.78295319993049,52.782989599741995,680.9351166998968,680.9500228995457,681.9503453997895,681.9334656000137,53.78139099944383,,,,,,,,,,,,,,,,777777,right,no,None,2025-05-21_13h29.59.026,RL_out-of-scanner,2024.2.4,60.1920124963998,2025-05-21 13h30.13.052300 -0500,
11,0,11,space,5.824148800224066,None,5,1.468962199985981,None,53.78359430003911,k,0.5783565994352102,None,None,54.384095000103116,54.384407700039446,56.383329099975526,56.38336780015379,57.383000399917364,57.38303279969841,58.8811456002295,,,,,,,2,0,2,0,11,0,11,0,681.9503453997895,,,,,,,,,,,,,,,,,,,,,,,,,,,,,,53.78359430003911,681.935733099468,681.9503453997895,681.9503453997895,681.9503453997895,681.9503453997895,682.5361185995862,k,0.5783565994352102,None,right,0,14,7,6,83,7,None,54.384095000103116,54.384407700039446,682.5365362996235,682.5507970992476,682.5507970992476,684.550550699234,684.550550699234,684.5353802992031,56.383329099975526,56.38336780015379,684.5434858994558,684.550550699234,684.550550699234,685.5496494993567,685.5496494993567,685.5350784994662,stimuli/box_empty_transparent.png,57.383000399917364,57.38303279969841,685.5351545996964,685.5496494993567,687.0499951997772,687.0332249999046,58.8811456002295,,,,,,,,,,,,,,,,777777,right,no,None,2025-05-21_13h29.59.026,RL_out-of-scanner,2024.2.4,60.1920124963998,2025-05-21 13h30.13.052300 -0500,
12,0,12,space,5.824148800224066,None,5,1.468962199985981,None,58.882897899486125,j,0.3089028000831604,None,None,59.215726600028574,59.21606680005789,60.21623810008168,60.21628149971366,61.21607659943402,61.21610790025443,64.21540199965239,,,,,,,2,0,2,0,12,0,12,0,687.0499951997772,,,,,,,,,,,,,,,,,,,,,,,,,,,,,,58.882897899486125,687.0350295994431,687.0499951997772,687.0499951997772,687.0499951997772,687.0499951997772,687.3677518991753,j,0.3089028000831604,None,right,0,14,7,6,83,7,None,59.215726600028574,59.21606680005789,687.368196499534,687.3832538994029,687.3832538994029,688.3835862996057,688.3835862996057,688.368294599466,60.21623810008168,60.21628149971366,688.3779564993456,688.3835862996057,688.3835862996057,689.3837607000023,689.3837607000023,689.3681555995718,stimuli/box_empty_transparent.png,61.21607659943402,61.21610790025443,689.3682289998978,689.3837607000023,692.3840161999688,692.367483199574,64.21540199965239,,,,,,,,,,,,,,,,777777,right,no,None,2025-05-21_13h29.59.026,RL_out-of-scanner,2024.2.4,60.1920124963998,2025-05-21 13h30.13.052300 -0500,
13,0,13,space,5.824148800224066,None,5,1.468962199985981,None,64.21688919980079,k,0.35331329982727766,None,None,64.5987184997648,64.59896569978446,65.09813680034131,65.09818909969181,66.09866619948298,66.09871069993824,68.09875379968435,,,,,,,2,0,2,0,13,0,13,0,692.3840161999688,,,,,,,,,,,,,,,,,,,,,,,,,,,,,,64.21688919980079,692.3690154999495,692.3840161999688,692.3840161999688,692.3840161999688,692.3840161999688,692.7507573999465,k,0.35331329982727766,None,right,0,14,7,6,84,7,None,64.5987184997648,64.59896569978446,692.7510885996744,692.7665468994528,692.7665468994528,693.2670521996915,693.2670521996915,693.2501785997301,65.09813680034131,65.09818909969181,693.2596068996936,693.2670521996915,693.2670521996915,,,694.2507311999798,stimuli/box_empty_transparent.png,66.09866619948298,66.09871069993824,694.2508533997461,694.2672303998843,696.267419599928,696.2508332999423,68.09875379968435,,,,,,,,,,,,,,,,777777,right,no,None,2025-05-21_13h29.59.026,RL_out-of-scanner,2024.2.4,60.1920124963998,2025-05-21 13h30.13.052300 -0500,
14,0,14,space,5.824148800224066,None,5,1.468962199985981,None,68.1005993001163,j,0.32125880010426044,None,None,68.44927189964801,68.44963550008833,69.9490315001458,69.94907420035452,70.96457470022142,70.96460920013487,71.96550439950079,,,,,,,2,0,2,0,14,0,14,0,696.267419599928,,,,,,,,,,,,,,,,,,,,,,,,,,,,,,68.1005993001163,696.2527299998328,696.267419599928,696.267419599928,696.267419599928,696.267419599928,696.6013104999438,j,0.32125880010426044,None,right,0,14,7,6,84,7,None,68.44927189964801,68.44963550008833,696.6017673993483,696.6165281999856,696.6165281999856,698.1176580991596,698.1176580991596,698.1010829992592,69.9490315001458,69.94907420035452,698.1092511992902,698.1176580991596,698.1176580991596,,,699.1166499992833,stimuli/box_empty_transparent.png,70.96457470022142,70.96460920013487,699.1167351994663,699.1324562998489,700.134186799638,700.1175801996142,71.96550439950079,,,,,,,,,,,,,,,,777777,right,no,None,2025-05-21_13h29.59.026,RL_out-of-scanner,2024.2.4,60.1920124963998,2025-05-21 13h30.13.052300 -0500,
15,0,15,space,5.824148800224066,None,5,1.468962199985981,None,71.9670764002949,k,0.3005299996584654,None,None,72.29940900020301,72.29967490024865,73.29905330017209,73.29909150023013,74.29861800000072,74.29864939954132,76.2988970996812,,,,,,,2,0,2,0,15,0,15,0,700.134186799638,,,,,,,,,,,,,,,,,,,,,,,,,,,,,,71.9670764002949,700.119202199392,700.134186799638,700.134186799638,700.134186799638,700.134186799638,700.4514496996999,k,0.3005299996584654,None,right,1,14,8,6,85,8,None,72.29940900020301,72.29967490024865,700.4517977992073,700.4675598992035,700.4675598992035,701.4667362999171,701.4667362999171,701.4511127993464,73.29905330017209,73.29909150023013,701.4609461994842,701.4667362999171,701.4667362999171,702.4665404995903,702.4665404995903,702.4506969992071,stimuli/box_coin_transparent.png,74.29861800000072,74.29864939954132,702.4507718998939,702.4665404995903,704.4666901994497,704.4509785994887,76.2988970996812,,,,,,,,,,,,,,,,777777,right,no,None,2025-05-21_13h29.59.026,RL_out-of-scanner,2024.2.4,60.1920124963998,2025-05-21 13h30.13.052300 -0500,
16,0,16,space,5.824148800224066,None,5,1.468962199985981,None,76.30040830001235,k,0.4136600997298956,None,None,76.73182110022753,76.73209619987756,78.73187910020351,78.73191719967872,79.74855259992182,79.7485863994807,80.74829689972103,,,,,,,2,0,2,0,16,0,16,0,704.4666901994497,,,,,,,,,,,,,,,,,,,,,,,,,,,,,,76.30040830001235,704.4525344995782,704.4666901994497,704.4666901994497,704.4666901994497,704.4666901994497,704.8838613992557,k,0.4136600997298956,None,right,1,14,9,6,86,9,None,76.73182110022753,76.73209619987756,704.884220900014,704.8993918998167,704.8993918998167,706.9025208996609,706.9025208996609,706.8839356992394,78.73187910020351,78.73191719967872,706.8937178999186,706.9025208996609,706.9025208996609,,,707.9006108995527,stimuli/box_coin_transparent.png,79.74855259992182,79.7485863994807,707.9007210992277,707.9169342992827,708.9166027000174,708.9003781992942,80.74829689972103,,,,,,,,,,,,,,,,777777,right,no,None,2025-05-21_13h29.59.026,RL_out-of-scanner,2024.2.4,60.1920124963998,2025-05-21 13h30.13.052300 -0500,
17,0,17,space,5.824148800224066,None,5,1.468962199985981,None,80.74977159965783,k,1.3237843997776508,None,None,82.0994597999379,82.09979419969022,83.09764350019395,83.09767820034176,84.09857919998467,84.09862140007317,85.09826119989157,,,,,,,2,0,2,0,17,0,17,0,708.9166027000174,,,,,,,,,,,,,,,,,,,,,,,,,,,,,,80.74977159965783,708.9018981000409,708.9166027000174,708.9166027000174,708.9166027000174,708.9166027000174,710.251481199637,k,1.3237843997776508,None,right,1,14,10,6,87,10,None,82.0994597999379,82.09979419969022,710.2519237995148,710.2665085997432,710.2665085997432,711.2665813993663,711.2665813993663,711.2497061993927,83.09764350019395,83.09767820034176,711.2599003994837,711.2665813993663,711.2665813993663,,,712.250640399754,stimuli/box_coin_transparent.png,84.09857919998467,84.09862140007317,712.2507508993149,712.2665734998882,713.2671607993543,713.2503400994465,85.09826119989157,,,,,,,,,,,,,,,,777777,right,no,None,2025-05-21_13h29.59.026,RL_out-of-scanner,2024.2.4,60.1920124963998,2025-05-21 13h30.13.052300 -0500,
18,0,18,space,5.824148800224066,None,5,1.468962199985981,None,85.09992239996791,k,0.3818028001114726,None,None,85.49911460001022,85.49938109982759,88.99748590029776,88.99752310011536,89.99770450033247,89.99773699976504,91.99824379943311,,,,,,,2,0,2,0,18,0,18,0,713.2671607993543,,,,,,,,,,,,,,,,,,,,,,,,,,,,,,85.09992239996791,713.2520482996479,713.2671607993543,713.2671607993543,713.2671607993543,713.2671607993543,713.6511532999575,k,0.3818028001114726,None,right,1,14,11,6,88,11,None,85.49911460001022,85.49938109982759,713.651504099369,713.6666897991672,713.6666897991672,717.1663408996537,717.1663408996537,717.1495453994721,88.99748590029776,88.99752310011536,717.1605867994949,717.1663408996537,717.1663408996537,,,718.1497806999832,stimuli/box_coin_transparent.png,89.99770450033247,89.99773699976504,718.1498607993126,718.1668270993978,720.166513399221,720.150322499685,91.99824379943311,,,,,,,,,,,,,,,,777777,right,no,None,2025-05-21_13h29.59.026,RL_out-of-scanner,2024.2.4,60.1920124963998,2025-05-21 13h30.13.052300 -0500,
19,0,19,space,5.824148800224066,None,5,1.468962199985981,None,91.9998479001224,k,0.45255100075155497,None,None,92.48131559975445,92.48160730022937,93.48178699985147,93.4818247994408,94.48067389987409,94.48071580007672,95.98001409973949,,,,,,,2,0,2,0,19,0,19,0,720.166513399221,,,,,,,,,,,,,,,,,,,,,,,,,,,,,,91.9998479001224,720.1519734999165,720.166513399221,720.166513399221,720.166513399221,720.166513399221,720.6333377994597,k,0.45255100075155497,None,right,1,14,12,6,89,12,None,92.48131559975445,92.48160730022937,720.6337363999337,720.6488123992458,720.6488123992458,721.6491397991776,721.6491397991776,721.633843999356,93.48178699985147,93.4818247994408,721.6437662998214,721.6491397991776,721.6491397991776,722.6483611995354,722.6483611995354,722.632743800059,stimuli/box_coin_transparent.png,94.48067389987409,94.48071580007672,722.6328497994691,722.6483611995354,724.1494963997975,724.1320957997814,95.98001409973949,,,,,,,,,,,,,,,,777777,right,no,None,2025-05-21_13h29.59.026,RL_out-of-scanner,2024.2.4,60.1920124963998,2025-05-21 13h30.13.052300 -0500,
20,0,20,space,5.824148800224066,None,5,1.468962199985981,None,95.98153330013156,k,0.2633549999445677,None,None,96.26558000035584,96.26588310021907,98.26502489950508,98.26506249979138,99.26395639963448,99.26399219967425,101.26383879967034,,,,,,,2,0,2,0,20,0,20,0,724.1494963997975,,,,,,,,,,,,,,,,,,,,,,,,,,,,,,95.98153330013156,724.1336587993428,724.1494963997975,724.1494963997975,724.1494963997975,724.1494963997975,724.4176174998283,k,0.2633549999445677,None,right,1,14,13,6,90,13,None,96.26558000035584,96.26588310021907,724.4180077994242,724.433011399582,724.433011399582,726.4328863993287,726.4328863993287,726.4170838994905,98.26502489950508,98.26506249979138,726.426978899166,726.4328863993287,726.4328863993287,727.4316354999319,727.4316354999319,727.4160310998559,stimuli/box_coin_transparent.png,99.26395639963448,99.26399219967425,727.4161188993603,727.4316354999319,729.4326615994796,729.415910099633,101.26383879967034,,,,,,,,,,,,,,,,777777,right,no,None,2025-05-21_13h29.59.026,RL_out-of-scanner,2024.2.4,60.1920124963998,2025-05-21 13h30.13.052300 -0500,
21,0,21,space,5.824148800224066,None,5,1.468962199985981,None,101.26571100018919,k,0.3963619004935026,None,None,101.68278449960053,101.68306950014085,104.68136500008404,104.68140249978751,105.68125019967556,105.68128050025553,107.17992560006678,,,,,,,2,0,2,0,21,0,21,0,729.4326615994796,,,,,,,,,,,,,,,,,,,,,,,,,,,,,,101.26571100018919,729.4178392998874,729.4326615994796,729.4326615994796,729.4326615994796,729.4326615994796,729.8348065000027,k,0.3963619004935026,None,right,1,14,14,6,91,14,None,101.68278449960053,101.68306950014085,729.8351932996884,729.8496338995174,729.8496338995174,732.8488827999681,732.8488827999681,732.8334232997149,104.68136500008404,104.68140249978751,732.8433320997283,732.8488827999681,732.8488827999681,733.8485197992995,733.8485197992995,733.8333278000355,stimuli/box_coin_transparent.png,105.68125019967556,105.68128050025553,733.833401799202,733.8485197992995,735.3483812995255,735.3320092996582,107.17992560006678,,,,,,,,,,,,,,,,777777,right,no,None,2025-05-21_13h29.59.026,RL_out-of-scanner,2024.2.4,60.1920124963998,2025-05-21 13h30.13.052300 -0500,
22,0,22,space,5.824148800224066,None,5,1.468962199985981,None,107.18162669986486,k,0.29733939934521914,None,None,107.49848120007664,107.49879799969494,108.99774129968137,108.997783199884,110.01398540008813,110.0140287000686,112.02951719984412,,,,,,,2,0,2,0,22,0,22,0,735.3483812995255,,,,,,,,,,,,,,,,,,,,,,,,,,,,,,107.18162669986486,735.3337591998279,735.3483812995255,735.3483812995255,735.3483812995255,735.3483812995255,735.6505016991869,k,0.29733939934521914,None,left,1,12,0,7,91,14,None,107.49848120007664,107.49879799969494,735.6509270993993,735.6664907997474,735.6664907997474,737.1667104996741,737.1667104996741,737.1497966991737,108.99774129968137,108.997783199884,737.1581716993824,737.1667104996741,737.1667104996741,,,738.166046699509,stimuli/box_empty_transparent.png,110.01398540008813,110.0140287000686,738.166156899184,738.1825530994684,740.1984401997179,740.1815912993625,112.02951719984412,,,,,,,,,,,,,,,,777777,right,no,None,2025-05-21_13h29.59.026,RL_out-of-scanner,2024.2.4,60.1920124963998,2025-05-21 13h30.13.052300 -0500,
23,0,23,space,5.824148800224066,None,5,1.468962199985981,None,112.03173969965428,k,0.26780299935489893,None,None,112.33086759969592,112.33112050034106,113.83144710026681,113.83148560021073,114.8312908001244,114.83132599946111,116.33000329975039,,,,,,,2,0,2,0,23,0,23,0,740.1984401997179,,,,,,,,,,,,,,,,,,,,,,,,,,,,,,112.03173969965428,740.1838788995519,740.1984401997179,740.1984401997179,740.1984401997179,740.1984401997179,740.482845899649,k,0.26780299935489893,None,left,1,12,0,7,91,14,None,112.33086759969592,112.33112050034106,740.4832429997623,740.4982248991728,740.4982248991728,741.998601200059,741.998601200059,741.983506099321,113.83144710026681,113.83148560021073,741.9917240999639,741.998601200059,741.998601200059,742.9990584999323,742.9990584999323,742.9833677997813,stimuli/box_empty_transparent.png,114.8312908001244,114.83132599946111,742.9834505999461,742.9990584999323,744.499879299663,744.4820853993297,116.33000329975039,,,,,,,,,,,,,,,,777777,right,no,None,2025-05-21_13h29.59.026,RL_out-of-scanner,2024.2.4,60.1920124963998,2025-05-21 13h30.13.052300 -0500,
24,0,24,space,5.824148800224066,None,5,1.468962199985981,None,116.331826900132,k,0.2817393997684121,None,None,116.63309779949486,116.63341560028493,118.64789609983563,118.64795259945095,119.66321439947933,119.66325030010194,121.16395239997655,,,,,,,2,0,2,0,24,0,24,0,744.499879299663,,,,,,,,,,,,,,,,,,,,,,,,,,,,,,116.331826900132,744.4839526992291,744.499879299663,744.499879299663,744.499879299663,744.499879299663,744.785120099783,k,0.2817393997684121,None,left,1,12,0,7,91,14,None,116.63309779949486,116.63341560028493,744.7855444997549,744.8002653997391,744.8002653997391,746.8189371991903,746.8189371991903,746.7999270996079,118.64789609983563,118.64795259945095,746.8120115995407,746.8189371991903,746.8189371991903,,,747.8152877995744,stimuli/box_empty_transparent.png,119.66321439947933,119.66325030010194,747.8153823995963,747.8313839994371,749.3325808998197,749.3160331994295,121.16395239997655,,,,,,,,,,,,,,,,777777,right,no,None,2025-05-21_13h29.59.026,RL_out-of-scanner,2024.2.4,60.1920124963998,2025-05-21 13h30.13.052300 -0500,
25,0,25,space,5.824148800224066,None,5,1.468962199985981,None,121.16547510027885,j,0.6198618002235889,None,None,121.81423280015588,121.81455339957029,122.81391069944948,122.81395879946649,123.81677449960262,123.81681699957699,127.31372150033712,,,,,,,2,0,2,0,25,0,25,0,749.3325808998197,,,,,,,,,,,,,,,,,,,,,,,,,,,,,,121.16547510027885,749.3176005994901,749.3325808998197,749.3325808998197,749.3325808998197,749.3325808998197,749.9662591991946,j,0.6198618002235889,None,left,1,12,1,7,92,15,None,121.81423280015588,121.81455339957029,749.9666778994724,749.9817228000611,749.9817228000611,750.9870230993256,750.9870230993256,750.965952899307,122.81391069944948,122.81395879946649,750.9808968994766,750.9870230993256,750.9870230993256,,,751.968847499229,stimuli/box_coin_transparent.png,123.81677449960262,123.81681699957699,751.9689511992037,751.9816694995388,755.481985499151,755.4658020995557,127.31372150033712,,,,,,,,,,,,,,,,777777,right,no,None,2025-05-21_13h29.59.026,RL_out-of-scanner,2024.2.4,60.1920124963998,2025-05-21 13h30.13.052300 -0500,
26,0,26,space,5.824148800224066,None,5,1.468962199985981,None,127.31532740034163,j,0.4981190003454685,None,None,127.83159909956157,127.83199870027602,128.33036500029266,128.33040270023048,129.33075849991292,129.3307910002768,132.83037419989705,,,,,,,2,0,2,0,26,0,26,0,755.481985499151,,,,,,,,,,,,,,,,,,,,,,,,,,,,,,127.31532740034163,755.4674530997872,755.481985499151,755.481985499151,755.481985499151,755.481985499151,755.9836204992607,j,0.4981190003454685,None,left,1,12,2,7,93,16,None,127.83159909956157,127.83199870027602,755.9841244993731,755.9986040992662,755.9986040992662,756.4984301999211,756.4984301999211,756.482427299954,128.33036500029266,128.33040270023048,756.492327099666,756.4984301999211,756.4984301999211,757.4984047999606,757.4984047999606,757.482837099582,stimuli/box_coin_transparent.png,129.33075849991292,129.3307910002768,757.4829115998,757.4984047999606,760.9993751998991,760.9824542999268,132.83037419989705,,,,,,,,,,,,,,,,777777,right,no,None,2025-05-21_13h29.59.026,RL_out-of-scanner,2024.2.4,60.1920124963998,2025-05-21 13h30.13.052300 -0500,
27,0,27,space,5.824148800224066,None,5,1.468962199985981,None,132.83185250032693,j,0.5785552999004722,None,None,133.43208379950374,133.4324500001967,134.9317948995158,134.9318399000913,135.92945330031216,135.9294844996184,136.92934119980782,,,,,,,2,0,2,0,27,0,27,0,760.9993751998991,,,,,,,,,,,,,,,,,,,,,,,,,,,,,,132.83185250032693,760.9839784996584,760.9993751998991,760.9993751998991,760.9993751998991,760.9993751998991,761.5841230992228,j,0.5785552999004722,None,left,0,12,2,7,94,16,None,133.43208379950374,133.4324500001967,761.5845755999908,761.5987088000402,761.5987088000402,763.0983163993806,763.0983163993806,763.0838460996747,134.9317948995158,134.9318399000913,763.0922175999731,763.0983163993806,763.0983163993806,764.0971482992172,764.0971482992172,764.0815331991762,stimuli/box_empty_transparent.png,135.92945330031216,135.9294844996184,764.0816051997244,764.0971482992172,765.0980406999588,765.0814223997295,136.92934119980782,,,,,,,,,,,,,,,,777777,right,no,None,2025-05-21_13h29.59.026,RL_out-of-scanner,2024.2.4,60.1920124963998,2025-05-21 13h30.13.052300 -0500,
28,0,28,space,5.824148800224066,None,5,1.468962199985981,None,136.9308474995196,k,0.37443430069833994,None,None,137.3344026003033,137.33466450031847,138.33091610018164,138.33095419965684,139.3306213002652,139.33066410012543,142.8293594000861,,,,,,,2,0,2,0,28,0,28,0,765.0980406999588,,,,,,,,,,,,,,,,,,,,,,,,,,,,,,136.9308474995196,765.0829770993441,765.0980406999588,765.0980406999588,765.0980406999588,765.0980406999588,765.4864427996799,k,0.37443430069833994,None,left,0,12,2,7,94,16,None,137.3344026003033,137.33466450031847,765.4867864996195,765.4986888999119,765.4986888999119,766.498078899458,766.498078899458,766.4829770997167,138.33091610018164,138.33095419965684,766.4912351993844,766.498078899458,766.498078899458,767.4984130999073,767.4984130999073,767.4826896991581,stimuli/box_empty_transparent.png,139.3306213002652,139.33066410012543,767.4827983994037,767.4984130999073,770.9978908998892,770.9814411997795,142.8293594000861,,,,,,,,,,,,,,,,777777,right,no,None,2025-05-21_13h29.59.026,RL_out-of-scanner,2024.2.4,60.1920124963998,2025-05-21 13h30.13.052300 -0500,
29,0,29,space,5.824148800224066,None,5,1.468962199985981,None,142.83094299957156,j,0.44059860054403543,None,None,143.29801139980555,143.29841919988394,145.29682180006057,145.29685920011252,146.29742630012333,146.29747159965336,147.29594300035387,,,,,,,2,0,2,0,29,0,29,0,770.9978908998892,,,,,,,,,,,,,,,,,,,,,,,,,,,,,,142.83094299957156,770.9830720992759,770.9978908998892,770.9978908998892,770.9978908998892,770.9978908998892,771.4500333992764,j,0.44059860054403543,None,left,1,12,3,7,95,17,None,143.29801139980555,143.29841919988394,771.4505495997146,771.4647908993065,771.4647908993065,773.464786699973,773.464786699973,773.4488812992349,145.29682180006057,145.29685920011252,773.4588865991682,773.464786699973,773.464786699973,774.4638633998111,774.4638633998111,774.4494979996234,stimuli/box_coin_transparent.png,146.29742630012333,146.29747159965336,774.449606699869,774.4638633998111,775.4642243999988,775.4480203995481,147.29594300035387,,,,,,,,,,,,,,,,777777,right,no,None,2025-05-21_13h29.59.026,RL_out-of-scanner,2024.2.4,60.1920124963998,2025-05-21 13h30.13.052300 -0500,
30,0,30,space,5.824148800224066,None,5,1.468962199985981,None,147.29773680027574,j,0.41229999996721745,None,None,147.73008699994534,147.7305038999766,148.72927569970489,148.72932269982994,149.72980520036072,149.73042599949986,150.72985969949514,,,,,,,2,0,2,0,30,0,30,0,775.4642243999988,,,,,,,,,,,,,,,,,,,,,,,,,,,,,,147.29773680027574,775.4498672997579,775.4642243999988,775.4642243999988,775.4642243999988,775.4642243999988,775.8820972992107,j,0.41229999996721745,None,left,0,12,3,7,96,17,None,147.73008699994534,147.7305038999766,775.8826416991651,775.8979444997385,775.8979444997385,776.8980144998059,776.8980144998059,776.8813212998211,148.72927569970489,148.72932269982994,776.8918067999184,776.8980144998059,776.8980144998059,,,777.8818719992414,stimuli/box_empty_transparent.png,149.72980520036072,149.73042599949986,777.8825542991981,777.8967830995098,778.8981972998008,778.8819418000057,150.72985969949514,,,,,,,,,,,,,,,,777777,right,no,None,2025-05-21_13h29.59.026,RL_out-of-scanner,2024.2.4,60.1920124963998,2025-05-21 13h30.13.052300 -0500,
31,0,31,space,5.824148800224066,None,5,1.468962199985981,None,150.7314147995785,k,0.2887856001034379,None,None,151.04626210033894,151.0465009994805,154.04572999943048,154.04577609989792,155.06178830005229,155.06182659976184,157.56254199985415,,,,,,,2,0,2,0,31,0,31,0,778.8981972998008,,,,,,,,,,,,,,,,,,,,,,,,,,,,,,150.7314147995785,778.8835402997211,778.8981972998008,778.8981972998008,778.8981972998008,778.8981972998008,779.198303299956,k,0.2887856001034379,None,left,0,12,3,7,96,17,None,151.04626210033894,151.0465009994805,779.1986237997189,779.2143711000681,779.2143711000681,782.2153890999034,782.2153890999034,782.1977784996852,154.04572999943048,154.04577609989792,782.2086882991716,782.2153890999034,782.2153890999034,,,783.2138553997502,stimuli/box_empty_transparent.png,155.06178830005229,155.06182659976184,783.2139619998634,783.2307964991778,785.7316775992513,785.7146226000041,157.56254199985415,,,,,,,,,,,,,,,,777777,right,no,None,2025-05-21_13h29.59.026,RL_out-of-scanner,2024.2.4,60.1920124963998,2025-05-21 13h30.13.052300 -0500,
32,0,32,space,5.824148800224066,None,5,1.468962199985981,None,157.56430449988693,k,0.37498650047928095,None,None,157.96390619967133,157.96417339984328,158.9635245995596,158.96357040014118,159.96210050024092,159.96214030031115,160.9622492995113,,,,,,,2,0,2,0,32,0,32,0,785.7316775992513,,,,,,,,,,,,,,,,,,,,,,,,,,,,,,157.56430449988693,785.71643699985,785.7316775992513,785.7316775992513,785.7316775992513,785.7316775992513,786.1159440996125,k,0.37498650047928095,None,left,0,12,3,7,96,17,None,157.96390619967133,157.96417339984328,786.1162961991504,786.1309907995164,786.1309907995164,787.130940599367,787.130940599367,787.1155749000609,158.9635245995596,158.96357040014118,787.1241281991825,787.130940599367,787.130940599367,788.1298514995724,788.1298514995724,788.1141736991704,stimuli/box_empty_transparent.png,159.96210050024092,159.96214030031115,788.1142686000094,788.1298514995724,789.1305713998154,789.1143259992823,160.9622492995113,,,,,,,,,,,,,,,,777777,right,no,None,2025-05-21_13h29.59.026,RL_out-of-scanner,2024.2.4,60.1920124963998,2025-05-21 13h30.13.052300 -0500,
33,0,33,space,5.824148800224066,None,5,1.468962199985981,None,160.96423359960318,j,0.49162659980356693,None,None,161.48031529970467,161.48071980010718,163.4799701999873,163.48001400008798,164.47996979951859,164.480002399534,165.97789680026472,,,,,,,2,0,2,0,33,0,33,0,789.1305713998154,,,,,,,,,,,,,,,,,,,,,,,,,,,,,,160.96423359960318,789.1163650993258,789.1305713998154,789.1305713998154,789.1305713998154,789.1305713998154,789.6323368996382,j,0.49162659980356693,None,left,1,12,4,7,97,18,None,161.48031529970467,161.48071980010718,789.6328493999317,789.6476880991831,789.6476880991831,791.6480044992641,791.6480044992641,791.6320225000381,163.4799701999873,163.48001400008798,791.6428355993703,791.6480044992641,791.6480044992641,792.6471193991601,792.6471193991601,792.6320475991815,stimuli/box_coin_transparent.png,164.47996979951859,164.480002399534,792.6321246996522,792.6471193991601,794.1468446999788,794.1299756998196,165.97789680026472,,,,,,,,,,,,,,,,777777,right,no,None,2025-05-21_13h29.59.026,RL_out-of-scanner,2024.2.4,60.1920124963998,2025-05-21 13h30.13.052300 -0500,
34,0,34,space,5.824148800224066,None,5,1.468962199985981,None,165.97965419944376,j,0.45480439998209476,None,None,166.46257719956338,166.4629424996674,169.46269769966602,169.46273589972407,170.4628125000745,170.46284439973533,172.96118929982185,,,,,,,2,0,2,0,34,0,34,0,794.1468446999788,,,,,,,,,,,,,,,,,,,,,,,,,,,,,,165.97965419944376,794.1317860996351,794.1468446999788,794.1468446999788,794.1468446999788,794.1468446999788,794.614599599503,j,0.45480439998209476,None,left,1,12,5,7,98,19,None,166.46257719956338,166.4629424996674,794.6150730997324,794.6302025998011,794.6302025998011,797.6304861996323,797.6304861996323,797.6147560998797,169.46269769966602,169.46273589972407,797.6248638993129,797.6304861996323,797.6304861996323,798.6295254994184,798.6295254994184,798.6148911993951,stimuli/box_coin_transparent.png,170.4628125000745,170.46284439973533,798.6149660991505,798.6295254994184,801.1298841992393,801.1132665993646,172.96118929982185,,,,,,,,,,,,,,,,777777,right,no,None,2025-05-21_13h29.59.026,RL_out-of-scanner,2024.2.4,60.1920124963998,2025-05-21 13h30.13.052300 -0500,
35,0,35,space,5.824148800224066,None,5,1.468962199985981,None,172.96290179993957,j,0.33039889950305223,None,None,173.31232330016792,173.3126838002354,174.8117260998115,174.81176210008562,175.8120649997145,175.81210669968277,176.8277447000146,,,,,,,2,0,2,0,35,0,35,0,801.1298841992393,,,,,,,,,,,,,,,,,,,,,,,,,,,,,,172.96290179993957,801.1150332996622,801.1298841992393,801.1298841992393,801.1298841992393,801.1298841992393,801.4643405992538,j,0.33039889950305223,None,left,1,12,6,7,99,20,None,173.31232330016792,173.3126838002354,801.464814200066,801.4805378997698,801.4805378997698,802.9805696997792,802.9805696997792,802.9637877000496,174.8117260998115,174.81176210008562,802.9738706992939,802.9805696997792,802.9805696997792,,,803.9641309995204,stimuli/box_coin_transparent.png,175.8120649997145,175.81210669968277,803.9642314994708,803.9806233998388,804.9965320993215,804.9798257993534,176.8277447000146,,,,,,,,,,,,,,,,777777,right,no,None,2025-05-21_13h29.59.026,RL_out-of-scanner,2024.2.4,60.1920124963998,2025-05-21 13h30.13.052300 -0500,
36,0,36,space,5.824148800224066,None,5,1.468962199985981,None,176.82924759946764,j,0.4330014996230602,None,None,177.27963989973068,177.2799704996869,178.77867039944977,178.7787076001987,179.7791133997962,179.77914499957114,183.2780240001157,,,,,,,2,0,2,0,36,0,36,0,804.9965320993215,,,,,,,,,,,,,,,,,,,,,,,,,,,,,,176.82924759946764,804.9813735997304,804.9965320993215,804.9965320993215,804.9965320993215,804.9965320993215,805.4316684994847,j,0.4330014996230602,None,left,0,12,6,7,100,20,None,177.27963989973068,177.2799704996869,805.4320995993912,805.4465476991609,805.4465476991609,806.9469392998144,806.9469392998144,806.9307321999222,178.77867039944977,178.7787076001987,806.939306399785,806.9469392998144,806.9469392998144,807.946292899549,807.946292899549,807.9311910998076,stimuli/box_empty_transparent.png,179.7791133997962,179.77914499957114,807.9312667995691,807.946292899549,811.4468752993271,811.4300955999643,183.2780240001157,,,,,,,,,,,,,,,,777777,right,no,None,2025-05-21_13h29.59.026,RL_out-of-scanner,2024.2.4,60.1920124963998,2025-05-21 13h30.13.052300 -0500,
37,0,37,space,5.824148800224066,None,5,1.468962199985981,None,183.2796871997416,k,0.6611363999545574,None,None,183.96218260005116,183.96247550006956,185.96216529980302,185.96220269985497,186.9622224001214,186.96225319989026,187.96176099963486,,,,,,,2,0,2,0,37,0,37,0,811.4468752993271,,,,,,,,,,,,,,,,,,,,,,,,,,,,,,183.2796871997416,811.4318132000044,811.4468752993271,811.4468752993271,811.4468752993271,811.4468752993271,812.1142071997747,k,0.6611363999545574,None,left,0,12,6,7,100,20,None,183.96218260005116,183.96247550006956,812.1146048996598,812.1296537993476,812.1296537993476,814.1298140995204,814.1298140995204,814.114223299548,185.96216529980302,185.96220269985497,814.1225429996848,814.1298140995204,814.1298140995204,815.1299650995061,815.1299650995061,815.1142997993156,stimuli/box_empty_transparent.png,186.9622224001214,186.96225319989026,815.1143752997741,815.1299650995061,816.1307367999107,816.1138404998928,187.96176099963486,,,,,,,,,,,,,,,,777777,right,no,None,2025-05-21_13h29.59.026,RL_out-of-scanner,2024.2.4,60.1920124963998,2025-05-21 13h30.13.052300 -0500,
38,0,38,space,5.824148800224066,None,5,1.468962199985981,None,187.96352049987763,j,0.4408761002123356,None,None,188.42964969947934,188.43004820030183,189.42956020031124,189.42959799990058,190.4278041999787,190.4278413001448,191.92849120032042,,,,,,,2,0,2,0,38,0,38,0,816.1307367999107,,,,,,,,,,,,,,,,,,,,,,,,,,,,,,187.96352049987763,816.1156516000628,816.1307367999107,816.1307367999107,816.1307367999107,816.1307367999107,816.5816722000018,j,0.4408761002123356,None,left,1,12,7,7,101,21,None,188.42964969947934,188.43004820030183,816.5821778997779,816.5969739994034,816.5969739994034,817.5964568993077,817.5964568993077,817.5816182997078,189.42956020031124,189.42959799990058,817.5913035999984,817.5964568993077,817.5964568993077,818.5954999998212,818.5954999998212,818.5798794999719,stimuli/box_coin_transparent.png,190.4278041999787,190.4278413001448,818.5799687998369,818.5954999998212,820.0969193000346,820.0805693995208,191.92849120032042,,,,,,,,,,,,,,,,777777,right,no,None,2025-05-21_13h29.59.026,RL_out-of-scanner,2024.2.4,60.1920124963998,2025-05-21 13h30.13.052300 -0500,
39,0,39,space,5.824148800224066,None,5,1.468962199985981,None,191.930017599836,j,0.3755494002252817,None,None,192.32924919947982,192.32957729976624,193.33082340005785,193.33086149953306,194.32866229955107,194.32870110031217,195.3289248002693,,,,,,,2,0,2,0,39,0,39,0,820.0969193000346,,,,,,,,,,,,,,,,,,,,,,,,,,,,,,191.930017599836,820.0821432992816,820.0969193000346,820.0969193000346,820.0969193000346,820.0969193000346,820.4812883995473,j,0.3755494002252817,None,left,0,12,7,7,102,21,None,192.32924919947982,192.32957729976624,820.4817009996623,820.4967967998236,820.4967967998236,821.4967544991523,821.4967544991523,821.4828824996948,193.33082340005785,193.33086149953306,821.4909955998883,821.4967544991523,821.4967544991523,822.497026999481,822.497026999481,822.4807344991714,stimuli/box_empty_transparent.png,194.32866229955107,194.32870110031217,822.4808310996741,822.497026999481,823.4965251991525,823.481003199704,195.3289248002693,,,,,,,,,,,,,,,,777777,right,no,None,2025-05-21_13h29.59.026,RL_out-of-scanner,2024.2.4,60.1920124963998,2025-05-21 13h30.13.052300 -0500,
40,0,40,space,5.824148800224066,None,5,1.468962199985981,None,195.330734600313,k,0.2957279998809099,None,None,195.6450912002474,195.64545120019466,197.14534700009972,197.1453911997378,198.14568439964205,198.14571699965745,199.14502490032464,,,,,,,2,0,2,0,40,0,40,0,823.4965251991525,,,,,,,,,,,,,,,,,,,,,,,,,,,,,,195.330734600313,823.4828657992184,823.4965251991525,823.4965251991525,823.4965251991525,823.4965251991525,823.797108899802,k,0.2957279998809099,None,left,0,12,7,7,102,21,None,195.6450912002474,195.64545120019466,823.797588000074,823.8125812998042,823.8125812998042,825.313911399804,825.313911399804,825.2973997993395,197.14534700009972,197.1453911997378,825.3059851992875,825.313911399804,825.313911399804,826.3130976995453,826.3130976995453,826.2977622998878,stimuli/box_empty_transparent.png,198.14568439964205,198.14571699965745,826.2978387000039,826.3130976995453,827.3130761999637,827.2971039991826,199.14502490032464,,,,,,,,,,,,,,,,777777,right,no,None,2025-05-21_13h29.59.026,RL_out-of-scanner,2024.2.4,60.1920124963998,2025-05-21 13h30.13.052300 -0500,
41,0,41,space,5.824148800224066,None,5,1.468962199985981,None,199.14652020018548,j,0.3019786002114415,None,None,199.47934640012681,199.47982669994235,200.47973340004683,200.47977149952203,201.49382860027254,201.4938648995012,204.49460420012474,,,,,,,2,0,2,0,41,0,41,0,827.3130761999637,,,,,,,,,,,,,,,,,,,,,,,,,,,,,,199.14652020018548,827.2986463997513,827.3130761999637,827.3130761999637,827.3130761999637,827.3130761999637,827.6313691996038,j,0.3019786002114415,None,left,1,12,8,7,103,22,None,199.47934640012681,199.47982669994235,827.6319629997015,827.646972999908,827.646972999908,828.6468265000731,828.6468265000731,828.6317933993414,200.47973340004683,200.47977149952203,828.6417697994038,828.6468265000731,828.6468265000731,,,829.6459005996585,stimuli/box_coin_transparent.png,201.49382860027254,201.4938648995012,829.6459936993197,829.6618708996102,832.6630659997463,832.6466849995777,204.49460420012474,,,,,,,,,,,,,,,,777777,right,no,None,2025-05-21_13h29.59.026,RL_out-of-scanner,2024.2.4,60.1920124963998,2025-05-21 13h30.13.052300 -0500,
42,0,42,space,5.824148800224066,None,5,1.468962199985981,None,204.49606059957296,j,0.35950199980288744,None,None,204.87801439967006,204.87837859988213,206.87727709952742,206.87731860019267,207.87716619949788,207.87721060030162,211.37794320005924,,,,,,,2,0,2,0,42,0,42,0,832.6630659997463,,,,,,,,,,,,,,,,,,,,,,,,,,,,,,204.49606059957296,832.648185399361,832.6630659997463,832.6630659997463,832.6630659997463,832.6630659997463,833.0300261992961,j,0.35950199980288744,None,left,0,12,8,7,104,22,None,204.87801439967006,204.87837859988213,833.0305090993643,833.0458127995953,833.0458127995953,835.0462941993028,835.0462941993028,835.0293300999328,206.87727709952742,206.87731860019267,835.0380988996476,835.0462941993028,835.0462941993028,836.0451938994229,836.0451938994229,836.0292360000312,stimuli/box_empty_transparent.png,207.87716619949788,207.87721060030162,836.0293472995982,836.0451938994229,839.5463629998267,839.5300249997526,211.37794320005924,,,,,,,,,,,,,,,,777777,right,no,None,2025-05-21_13h29.59.026,RL_out-of-scanner,2024.2.4,60.1920124963998,2025-05-21 13h30.13.052300 -0500,
43,0,43,space,5.824148800224066,None,5,1.468962199985981,None,211.37941449973732,k,0.341856699436903,None,None,211.7454798994586,211.74579269997776,212.74536990001798,212.74540780019015,213.76017790008336,213.7602164996788,215.7614500997588,,,,,,,2,0,2,0,43,0,43,0,839.5463629998267,,,,,,,,,,,,,,,,,,,,,,,,,,,,,,211.37941449973732,839.5315402997658,839.5463629998267,839.5463629998267,839.5463629998267,839.5463629998267,839.8975131995976,k,0.341856699436903,None,left,0,12,8,7,104,22,None,211.7454798994586,211.74579269997776,839.8979211999103,839.913180699572,839.913180699572,840.9132579993457,840.9132579993457,840.8974282993004,212.74536990001798,212.74540780019015,840.9054782995954,840.9132579993457,840.9132579993457,,,841.9122471995652,stimuli/box_empty_transparent.png,213.76017790008336,213.7602164996788,841.9123450992629,841.928343099542,843.9296434000134,843.9135309997946,215.7614500997588,,,,,,,,,,,,,,,,777777,right,no,None,2025-05-21_13h29.59.026,RL_out-of-scanner,2024.2.4,60.1920124963998,2025-05-21 13h30.13.052300 -0500,
44,0,44,space,5.824148800224066,None,5,1.468962199985981,None,215.7629055995494,None,,,None,217.2613735999912,217.26144780032337,219.7769446996972,219.77698630001396,220.77708359993994,220.77712799981236,222.7774716997519,,,,,,,2,0,2,0,44,0,44,0,843.9296434000134,,,,,,,,,,,,,,,,,,,,,,,,,,,,,,215.7629055995494,843.9150300994515,843.9296434000134,843.9296434000134,843.9296434000134,843.9296434000134,845.4134144997224,None,,,left,0,12,8,7,104,22,None,217.2613735999912,217.26144780032337,845.4135671993718,845.4296506000683,845.4296506000683,847.945821499452,847.945821499452,847.9290016992018,219.7769446996972,219.77698630001396,847.9383836993948,847.945821499452,847.945821499452,848.9447511993349,848.9447511993349,848.9291516998783,no selection made,220.77708359993994,220.77712799981236,848.9292582999915,848.9447511993349,850.945870699361,850.9295516991988,222.7774716997519,,,,,,,,,,845.4296506000683,845.4296506000683,845.4296506000683,845.4296506000683,,,777777,right,no,None,2025-05-21_13h29.59.026,RL_out-of-scanner,2024.2.4,60.1920124963998,2025-05-21 13h30.13.052300 -0500,
45,0,45,space,5.824148800224066,None,5,1.468962199985981,None,222.77893100026995,k,0.2941033998504281,None,None,223.0953053003177,223.09563300013542,224.0946982000023,224.09473649971187,225.09344340022653,225.09348080027848,226.09333319962025,,,,,,,2,0,2,0,45,0,45,0,850.945870699361,,,,,,,,,,,,,,,,,,,,,,,,,,,,,,222.77893100026995,850.9310567993671,850.945870699361,850.945870699361,850.945870699361,850.945870699361,851.2473232997581,k,0.2941033998504281,None,left,0,12,8,7,104,22,None,223.0953053003177,223.09563300013542,851.2477620998397,851.2629027999938,851.2629027999938,852.2626127991825,852.2626127991825,852.2467579999939,224.0946982000023,224.09473649971187,852.2549102995545,852.2626127991825,852.2626127991825,853.261217799969,853.261217799969,853.2455179998651,stimuli/box_empty_transparent.png,225.09344340022653,225.09348080027848,853.2456089993939,853.261217799969,854.2619725000113,854.2454114994034,226.09333319962025,,,,,,,,,,,,,,,,777777,right,no,None,2025-05-21_13h29.59.026,RL_out-of-scanner,2024.2.4,60.1920124963998,2025-05-21 13h30.13.052300 -0500,
46,0,46,space,5.824148800224066,None,5,1.468962199985981,None,226.09519980009645,j,0.5493254996836185,None,None,226.66166440024972,226.66201069951057,228.66532099992037,228.66536119952798,229.66555119957775,229.66558509971946,230.66577669978142,,,,,,,2,0,2,0,46,0,46,0,854.2619725000113,,,,,,,,,,,,,,,,,,,,,,,,,,,,,,226.09519980009645,854.2473339000717,854.2619725000113,854.2619725000113,854.2619725000113,854.2619725000113,854.8137006992474,j,0.5493254996836185,None,left,1,12,9,7,105,23,None,226.66166440024972,226.66201069951057,854.8141342997551,854.8295096000656,854.8295096000656,856.833862199448,856.833862199448,856.8173802997917,228.66532099992037,228.66536119952798,856.8281406993046,856.833862199448,856.833862199448,857.8332130992785,857.8332130992785,857.8176285997033,stimuli/box_coin_transparent.png,229.66555119957775,229.66558509971946,857.8177095996216,857.8332130992785,858.8337965998799,858.8178543997929,230.66577669978142,,,,,,,,,,,,,,,,777777,right,no,None,2025-05-21_13h29.59.026,RL_out-of-scanner,2024.2.4,60.1920124963998,2025-05-21 13h30.13.052300 -0500,
47,0,47,space,5.824148800224066,None,5,1.468962199985981,None,230.66729960031807,j,0.7573660993948579,None,None,231.44846060033888,231.44880499970168,234.448863199912,234.44890149962157,235.44864439964294,235.44867610000074,236.94717799965292,,,,,,,2,0,2,0,47,0,47,0,858.8337965998799,,,,,,,,,,,,,,,,,,,,,,,,,,,,,,230.66729960031807,858.8194250995293,858.8337965998799,858.8337965998799,858.8337965998799,858.8337965998799,859.6004852997139,j,0.7573660993948579,None,left,1,12,10,7,106,24,None,231.44846060033888,231.44880499970168,859.6009588995948,859.6160241998732,859.6160241998732,862.6163833998144,862.6163833998144,862.6009227996692,234.448863199912,234.44890149962157,862.6107602994889,862.6163833998144,862.6163833998144,863.6162546994165,863.6162546994165,863.6007237993181,stimuli/box_coin_transparent.png,235.44864439964294,235.44867610000074,863.6007979996502,863.6162546994165,865.1158499000594,865.0992517992854,236.94717799965292,,,,,,,,,,,,,,,,777777,right,no,None,2025-05-21_13h29.59.026,RL_out-of-scanner,2024.2.4,60.1920124963998,2025-05-21 13h30.13.052300 -0500,
48,0,48,space,5.824148800224066,None,5,1.468962199985981,None,236.94937449973077,j,0.7634819997474551,None,None,237.73161130025983,237.73195699974895,239.23219550028443,239.23223830014467,240.2318828003481,240.23191390000284,243.73065240029246,,,,,,,2,0,2,0,48,0,48,0,865.1158499000594,,,,,,,,,,,,,,,,,,,,,,,,,,,,,,236.94937449973077,865.1015136996284,865.1158499000594,865.1158499000594,865.1158499000594,865.1158499000594,865.8836236996576,j,0.7634819997474551,None,left,1,12,11,7,107,25,None,237.73161130025983,237.73195699974895,865.8840867998078,865.8991529997438,865.8991529997438,867.3996263993904,867.3996263993904,867.3842492997646,239.23219550028443,239.23223830014467,867.3941108994186,867.3996263993904,867.3996263993904,868.3993336996064,868.3993336996064,868.3839604994282,stimuli/box_coin_transparent.png,240.2318828003481,240.23191390000284,868.3840352995321,868.3993336996064,871.8994463998824,871.8827301999554,243.73065240029246,,,,,,,,,,,,,,,,777777,right,no,None,2025-05-21_13h29.59.026,RL_out-of-scanner,2024.2.4,60.1920124963998,2025-05-21 13h30.13.052300 -0500,
49,0,49,space,5.824148800224066,None,5,1.468962199985981,None,243.73220279999077,j,0.5014949003234506,None,None,244.2656888999045,244.2661389997229,245.7649731002748,245.76501050032675,246.76546549983323,246.7654975997284,246.76594560034573,,,,,,,2,0,2,0,49,0,49,0,871.8994463998824,,,,,,,,,,,,,,,,,,,,,,,,,,,,,,243.73220279999077,871.8843297995627,871.8994463998824,871.8994463998824,871.8994463998824,871.8994463998824,872.417717400007,j,0.5014949003234506,None,left,1,12,12,7,108,26,None,244.2656888999045,244.2661389997229,872.4182709995657,872.4331618994474,872.4331618994474,873.9326561000198,873.9326561000198,873.9170343996957,245.7649731002748,245.76501050032675,873.9272149000317,873.9326561000198,873.9326561000198,874.9368158997968,874.9368158997968,874.9175432994962,stimuli/box_coin_transparent.png,246.76546549983323,246.7654975997284,874.9176206998527,874.9368158997968,874.9368158997968,874.9180312994868,246.76594560034573,,,,,,,,,,,,,,,,777777,right,no,None,2025-05-21_13h29.59.026,RL_out-of-scanner,2024.2.4,60.1920124963998,2025-05-21 13h30.13.052300 -0500,
2,0,2,space,5.824148800224066,None,5,1.468962199985981,None,,,,,,,,,,,,,,,,,,,2,0,2,0,,,,,,,,,,,,,,,,,,,,,,,,,,,,,,,,,,,,,,,,,,,,,,,,,,,,,,,,,,,,,,,,,,,,,,,,,,,,,,,874.9329126998782,874.9368158997968,878.9329094998538,878.9329661997035,878.9491134993732,931.6143481992185,931.5985505999997,,,,,,,777777,right,no,None,2025-05-21_13h29.59.026,RL_out-of-scanner,2024.2.4,60.1920124963998,2025-05-21 13h30.13.052300 -0500,
,,,,,,,,,,,,,,,,,,,,,,,,,,,,,,,,,,,,,,,,,,,,,,,,,,,,,,,,,,,,,,,,,,,,,,,,,,,,,,,,,,,,,,,,,,,,,,,,,,,,,,,,,,,,,,,,,,,,,,,,931.598662099801,931.5990084996447,777777,right,no,None,2025-05-21_13h29.59.026,RL_out-of-scanner,2024.2.4,60.1920124963998,2025-05-21 13h30.13.052300 -0500,
