thisN,thisTrialN,thisRepN,cue_resp_lp.keys,cue_resp_lp.rt,cue_resp_lp.duration,cue_resp_rp.keys,cue_resp_rp.rt,cue_resp_rp.duration,advance_press.keys,advance_press.rt,advance_press.duration,trigger_value.keys,trigger_value.rt,trigger_value.duration,cueOnTime,cue_resp.keys,all_keys.keys,cueOffTime,cueRespOnTime,cueRespOffTime,outcomeOnTime,outcomeOffTime,fixOnTime,fixOffTime,cue_resp.rt,cue_resp.duration,all_keys.rt,all_keys.duration,practice_loop.thisRepN,practice_loop.thisTrialN,practice_loop.thisN,practice_loop.thisIndex,runs.thisRepN,runs.thisTrialN,runs.thisN,runs.thisIndex,trials.thisRepN,trials.thisTrialN,trials.thisN,trials.thisIndex,thisRow.t,notes,prac_dir.started,welcome_text.started,advance_press_pd.started,prac_dir.stopped,advance_press_pd.keys,advance_press_pd.rt,advance_press_pd.duration,prac_left.started,left_box_lp.started,right_box_lp.started,cue_resp_lp.started,prac_left_text.started,prac_left.stopped,practice_loop.cue_resp_lp.keys,practice_loop.cue_resp_lp.rt,practice_loop.cue_resp_lp.duration,prac_left_response.started,left_box_lr.started,right_box_lr.started,prac_left_response.stopped,prac_right.started,left_box_rp.started,right_box_rp.started,cue_resp_rp.started,prac_right_text.started,prac_right.stopped,practice_loop.cue_resp_rp.keys,practice_loop.cue_resp_rp.rt,practice_loop.cue_resp_rp.duration,prac_right_response.started,left_box_rr.started,right_box_rr.started,prac_right_response.stopped,summary_instructions.started,summary_text.started,advance_to_runs.started,summary_instructions.stopped,advance_to_runs.keys,advance_to_runs.rt,advance_to_runs.duration,get_ready.started,get_ready_text.started,advance_press.started,get_ready.stopped,runs.advance_press.keys,runs.advance_press.rt,runs.advance_press.duration,scanner_trigger.started,scanner_text.started,trigger_value.started,scanner_trigger.stopped,runs.trigger_value.keys,runs.trigger_value.rt,runs.trigger_value.duration,trials.cueOnTime,cue.started,left_box.started,right_box.started,cue_resp.started,all_keys.started,cue.stopped,trials.cue_resp.keys,good_side,probability_sequence_value,magic_number,num_rewarded,num_switch,total_correct,num_gold_coins,trials.all_keys.keys,trials.cueOffTime,trials.cueRespOnTime,cue_response.started,left_box_response.started,right_box_response.started,left_box_response.stopped,right_box_response.stopped,cue_response.stopped,trials.cueRespOffTime,trials.outcomeOnTime,outcome.started,outcome_left_box.started,outcome_right_box.started,outcome.stopped,outcome_image,trials.outcomeOffTime,trials.fixOnTime,fixation.started,fixation_cross.started,fixation_cross.stopped,fixation.stopped,trials.fixOffTime,trials.cue_resp.rt,trials.cue_resp.duration,trials.all_keys.rt,trials.all_keys.duration,outcome_left_box.stopped,outcome_right_box.stopped,run_feedback.started,coins_won_text.started,run_feedback.stopped,leftover_time_break.started,fixation_end.started,fixation_end.stopped,leftover_time_break.stopped,left_box.stopped,right_box.stopped,cue_resp.stopped,all_keys.stopped,end_exp.started,end_exp.stopped,participant,handedness,practice,restart_from_run,date,expName,psychopyVersion,frameRate,expStart,
,,,,,,,,,,,,,,,,,,,,,,,,,,,,,,,,,,,,,,,,,,,0.03263249999145046,0.039611399988643825,0.039611399988643825,171.04050730000017,j,170.98674979998032,None,,,,,,,,,,,,,,,,,,,,,,,,,,,,,,,,,,,,,,,,,,,,,,,,,,,,,,,,,,,,,,,,,,,,,,,,,,,,,,,,,,,,,,,,,,,,,,,,,,,,,,,,,257645,right,yes,None,2025-05-06_15h16.18.266,RL_out-of-scanner,2024.2.4,59.78322602820239,2025-05-06 15h16.55.730739 -0700,
0,0,0,j,9.715419000014663,None,k,2.391096099978313,None,,,,,,,,,,,,,,,,,,,,,0,0,0,0,,,,,,,,,171.1057673000032,,,,,,,,,171.09488440002315,171.1057673000032,171.1057673000032,171.1057673000032,171.1057673000032,180.83278350002365,j,9.715419000014663,None,180.83328700001584,180.84764880000148,180.84764880000148,183.34574080002494,183.3548310000333,183.36263400001917,183.36263400001917,183.36263400001917,183.36263400001917,185.76235169998836,k,2.391096099978313,None,185.76285800000187,185.77718289999757,185.77718289999757,188.27520750003168,,,,,,,,,,,,,,,,,,,,,,,,,,,,,,,,,,,,,,,,,,,,,,,,,,,,,,,,,,,,,,,,,,,,,,,,,,,,,,,257645,right,yes,None,2025-05-06_15h16.18.266,RL_out-of-scanner,2024.2.4,59.78322602820239,2025-05-06 15h16.55.730739 -0700,
,,,,,,,,,,,,,,,,,,,,,,,,,,,,,,,,,,,,,,,,,,,,,,,,,,,,,,,,,,,,,,,,,,,,,,,,,,,,188.27533850003965,188.29149370000232,188.29149370000232,213.6402439000085,j,25.347143599996343,None,,,,,,,,,,,,,,,,,,,,,,,,,,,,,,,,,,,,,,,,,,,,,,,,,,,,,,,,,,,,,,,,,,,,,,,,257645,right,yes,None,2025-05-06_15h16.18.266,RL_out-of-scanner,2024.2.4,59.78322602820239,2025-05-06 15h16.55.730739 -0700,
0,0,0,,,,,,,space,10.853266799997073,None,5,2.8617132999934256,None,0.011448200035374612,None,None,1.5144269000156783,1.5145405000075698,2.5306265000253916,2.530679500021506,3.5455796000314876,3.5456291000009514,5.561519200040493,,,,,,,,,0,0,0,0,0,0,0,0,227.41422929998953,,,,,,,,,,,,,,,,,,,,,,,,,,,,,,,,,,,,,,,,,,213.64082900003996,213.65464690001681,213.65464690001681,224.5141842000303,space,10.853266799997073,None,224.5143205000204,224.52909940003883,224.52909940003883,227.39540350000607,5,2.8617132999934256,None,0.011448200035374612,227.40702059998875,227.41422929998953,227.41422929998953,227.41422929998953,227.41422929998953,228.90981949999696,None,right,1,15,0,0,0,0,None,1.5144269000156783,1.5145405000075698,228.9100745000178,228.9261700999923,228.9261700999923,229.95009150000988,229.95009150000988,229.92604590003612,2.5306265000253916,2.530679500021506,229.94118020002497,229.95009150000988,229.95009150000988,230.9410332000116,no selection made,3.5455796000314876,3.5456291000009514,230.94116059999214,230.95716520003043,232.97301389998756,232.95697930001188,5.561519200040493,,,,,,,,,,,,,,,,,,,,257645,right,yes,None,2025-05-06_15h16.18.266,RL_out-of-scanner,2024.2.4,59.78322602820239,2025-05-06 15h16.55.730739 -0700,
1,0,1,,,,,,,space,10.853266799997073,None,5,2.8617132999934256,None,5.563994600030128,k,None,6.012902199989185,6.013302200008184,7.5272770000156015,7.527333400037605,8.54188700002851,8.541938800015487,10.057637899997644,0.4315823999932036,None,,,,,,,0,0,0,0,1,0,1,0,232.97301389998756,,,,,,,,,,,,,,,,,,,,,,,,,,,,,,,,,,,,,,,,,,,,,,,,,,,,,,,,5.563994600030128,232.95955259999027,232.97301389998756,232.97301389998756,232.97301389998756,232.97301389998756,233.40827379998518,k,right,1,15,1,0,1,1,None,6.012902199989185,6.013302200008184,233.40884310001275,233.42274529999122,233.42274529999122,234.98951839999063,234.98951839999063,234.92270210001152,7.5272770000156015,7.527333400037605,234.98084969999036,234.98951839999063,234.98951839999063,235.93734310002765,stimuli/box_coin_transparent.png,8.54188700002851,8.541938800015487,235.9374726000242,235.95367050002096,237.46933039999567,237.4530989000341,10.057637899997644,0.4315823999932036,None,,,,,,,,,,,,,,,,,,257645,right,yes,None,2025-05-06_15h16.18.266,RL_out-of-scanner,2024.2.4,59.78322602820239,2025-05-06 15h16.55.730739 -0700,
2,0,2,,,,,,,space,10.853266799997073,None,5,2.8617132999934256,None,10.06011960003525,k,None,10.426255700003821,10.426649900036864,11.42386640002951,11.423922899994068,12.438875399995595,12.438925000024028,15.453441500023473,0.3487312000361271,None,,,,,,,0,0,0,0,2,0,2,0,237.46933039999567,,,,,,,,,,,,,,,,,,,,,,,,,,,,,,,,,,,,,,,,,,,,,,,,,,,,,,,,10.06011960003525,237.45568110002205,237.46933039999567,237.46933039999567,237.46933039999567,237.46933039999567,237.82162509998307,k,right,1,15,2,0,2,2,None,10.426255700003821,10.426649900036864,237.8221906000399,237.8357069999911,237.8357069999911,238.8444726000307,238.8444726000307,238.81929010001477,11.42386640002951,11.423922899994068,238.83734229998663,238.8444726000307,238.8444726000307,239.83433019998483,stimuli/box_coin_transparent.png,12.438875399995595,12.438925000024028,239.83446370001184,239.85023270000238,242.8649022000027,242.84889780002413,15.453441500023473,0.3487312000361271,None,,,,,,,,,,,,,,,,,,257645,right,yes,None,2025-05-06_15h16.18.266,RL_out-of-scanner,2024.2.4,59.78322602820239,2025-05-06 15h16.55.730739 -0700,
3,0,3,,,,,,,space,10.853266799997073,None,5,2.8617132999934256,None,15.456306500011124,j,None,15.770423400041182,15.770879400020931,17.785168700036593,17.785224999999627,18.80037990002893,18.80042730004061,19.800049200013746,0.2894695000140928,None,,,,,,,0,0,0,0,3,0,3,0,242.8649022000027,,,,,,,,,,,,,,,,,,,,,,,,,,,,,,,,,,,,,,,,,,,,,,,,,,,,,,,,15.456306500011124,242.85187559999758,242.8649022000027,242.8649022000027,242.8649022000027,242.8649022000027,243.16579120000824,j,right,1,15,2,0,2,2,None,15.770423400041182,15.770879400020931,243.16642299998784,243.18183190003037,243.18183190003037,245.24075530003756,245.24075530003756,245.1805866000359,17.785168700036593,17.785224999999627,245.23345180001343,245.24075530003756,245.24075530003756,246.19583470001817,stimuli/box_empty_transparent.png,18.80037990002893,18.80042730004061,246.1959613999934,246.2117900000303,247.21151460002875,247.19550800003344,19.800049200013746,0.2894695000140928,None,,,,,,,,,,,,,,,,,,257645,right,yes,None,2025-05-06_15h16.18.266,RL_out-of-scanner,2024.2.4,59.78322602820239,2025-05-06 15h16.55.730739 -0700,
4,0,4,,,,,,,space,10.853266799997073,None,5,2.8617132999934256,None,19.802604100026656,j,None,20.434669100039173,20.435117700020783,21.449027700000443,21.44908430002397,22.464093899994623,22.46414170000935,24.978888500016183,0.606456600013189,None,,,,,,,0,0,0,0,4,0,4,0,247.21151460002875,,,,,,,,,,,,,,,,,,,,,,,,,,,,,,,,,,,,,,,,,,,,,,,,,,,,,,,,19.802604100026656,247.19816120003816,247.21151460002875,247.21151460002875,247.21151460002875,247.21151460002875,247.83004740002798,j,right,1,15,2,0,2,2,None,20.434669100039173,20.435117700020783,247.8306605000398,247.84466930001508,247.84466930001508,248.86504880001303,248.86504880001303,248.84445259999484,21.449027700000443,21.44908430002397,248.8583357000025,248.86504880001303,248.86504880001303,249.8595493999892,stimuli/box_empty_transparent.png,22.464093899994623,22.46414170000935,249.8596764000249,249.87568090000423,252.39099139999598,252.37434770003892,24.978888500016183,0.606456600013189,None,,,,,,,,,,,,,,,,,,257645,right,yes,None,2025-05-06_15h16.18.266,RL_out-of-scanner,2024.2.4,59.78322602820239,2025-05-06 15h16.55.730739 -0700,
5,0,5,,,,,,,space,10.853266799997073,None,5,2.8617132999934256,None,24.98148370004492,k,None,25.29741830000421,25.297819200030062,28.8101680999971,28.8102271000389,29.824616900004912,29.8246485000127,31.840139400039334,0.2839090999914333,None,,,,,,,0,0,0,0,5,0,5,0,252.39099139999598,,,,,,,,,,,,,,,,,,,,,,,,,,,,,,,,,,,,,,,,,,,,,,,,,,,,,,,,24.98148370004492,252.3770447000279,252.39099139999598,252.39099139999598,252.39099139999598,252.39099139999598,252.69278350000968,k,right,1,15,3,0,3,3,None,25.29741830000421,25.297819200030062,252.69336000003386,252.70730130001903,252.70730130001903,256.23032710002735,256.23032710002735,256.20558479998726,28.8101680999971,28.8102271000389,256.22322660003556,256.23032710002735,256.23032710002735,257.2200842000311,stimuli/box_coin_transparent.png,29.824616900004912,29.8246485000127,257.22016640001675,257.2362696999917,259.2517974000075,259.2356027000351,31.840139400039334,0.2839090999914333,None,,,,,,,,,,,,,,,,,,257645,right,yes,None,2025-05-06_15h16.18.266,RL_out-of-scanner,2024.2.4,59.78322602820239,2025-05-06 15h16.55.730739 -0700,
6,0,6,,,,,,,space,10.853266799997073,None,5,2.8617132999934256,None,31.842555300041568,j,None,32.39198439999018,32.392441000032704,33.38976160000311,33.38984720001463,34.40467840002384,34.40472749999026,35.404642200039234,0.5281918000546284,None,,,,,,,0,0,0,0,6,0,6,0,259.2517974000075,,,,,,,,,,,,,,,,,,,,,,,,,,,,,,,,,,,,,,,,,,,,,,,,,,,,,,,,31.842555300041568,259.2381120999926,259.2517974000075,259.2517974000075,259.2517974000075,259.2517974000075,259.7873572999961,j,right,1,15,3,0,3,3,None,32.39198439999018,32.392441000032704,259.7879847000004,259.8016239000135,259.8016239000135,260.8063218999887,260.8063218999887,260.7851873000036,33.38976160000311,33.38984720001463,260.7994693000219,260.8063218999887,260.8063218999887,261.8001246000058,stimuli/box_empty_transparent.png,34.40467840002384,34.40472749999026,261.8002618000028,261.8161293999874,262.81589900003746,262.8000982000376,35.404642200039234,0.5281918000546284,None,,,,,,,,,,,,,,,,,,257645,right,yes,None,2025-05-06_15h16.18.266,RL_out-of-scanner,2024.2.4,59.78322602820239,2025-05-06 15h16.55.730739 -0700,
7,0,7,,,,,,,space,10.853266799997073,None,5,2.8617132999934256,None,35.40708969999105,j,None,36.08862190000946,36.08925000001909,38.10245450004004,38.10253080003895,39.117538599995896,39.11758740001824,41.132818899990525,0.6531546000041999,None,,,,,,,0,0,0,0,7,0,7,0,262.81589900003746,,,,,,,,,,,,,,,,,,,,,,,,,,,,,,,,,,,,,,,,,,,,,,,,,,,,,,,,35.40708969999105,262.8026433000341,262.81589900003746,262.81589900003746,262.81589900003746,262.81589900003746,263.4839862000081,j,right,1,15,3,0,3,3,None,36.08862190000946,36.08925000001909,263.4848052000161,263.4984406000003,263.4984406000003,265.51917410001624,265.51917410001624,265.4978308000136,38.10245450004004,38.10253080003895,265.5127404000377,265.51917410001624,265.51917410001624,266.51299439999275,stimuli/box_empty_transparent.png,39.117538599995896,39.11758740001824,266.51312250003684,266.5287659000023,268.5445985000115,268.5282788000186,41.132818899990525,0.6531546000041999,None,,,,,,,,,,,,,,,,,,257645,right,yes,None,2025-05-06_15h16.18.266,RL_out-of-scanner,2024.2.4,59.78322602820239,2025-05-06 15h16.55.730739 -0700,
8,0,8,,,,,,,space,10.853266799997073,None,5,2.8617132999934256,None,41.135252900014166,k,None,41.63426389999222,41.6346593000344,44.647464900044724,44.64752250001766,45.662549200002104,45.66262260003714,47.178031700022984,0.47319019999122247,None,,,,,,,0,0,0,0,8,0,8,0,268.5445985000115,,,,,,,,,,,,,,,,,,,,,,,,,,,,,,,,,,,,,,,,,,,,,,,,,,,,,,,,41.135252900014166,268.5308139999979,268.5445985000115,268.5445985000115,268.5445985000115,268.5445985000115,269.02963000000454,k,right,1,15,4,0,4,4,None,41.63426389999222,41.6346593000344,269.0301999000367,269.0441431000363,269.0441431000363,272.0674156000023,272.0674156000023,272.0428898000391,44.647464900044724,44.64752250001766,272.0600783000118,272.0674156000023,272.0674156000023,273.05789970001206,stimuli/box_coin_transparent.png,45.662549200002104,45.66262260003714,273.0581637999858,273.0738462000154,274.5897703000228,274.57348800002364,47.178031700022984,0.47319019999122247,None,,,,,,,,,,,,,,,,,,257645,right,yes,None,2025-05-06_15h16.18.266,RL_out-of-scanner,2024.2.4,59.78322602820239,2025-05-06 15h16.55.730739 -0700,
9,0,9,,,,,,,space,10.853266799997073,None,5,2.8617132999934256,None,47.180472500040196,j,None,47.58033570001135,47.58085100003518,49.093933500000276,49.093970100046135,50.108728800027166,50.108780800015666,52.12412150000455,0.3829727999982424,None,,,,,,,0,0,0,0,9,0,9,0,274.5897703000228,,,,,,,,,,,,,,,,,,,,,,,,,,,,,,,,,,,,,,,,,,,,,,,,,,,,,,,,47.180472500040196,274.57602710003266,274.5897703000228,274.5897703000228,274.5897703000228,274.5897703000228,274.9756318000145,j,right,1,15,4,0,4,4,None,47.58033570001135,47.58085100003518,274.9763953000074,274.98978689999785,274.98978689999785,276.50554769998416,276.50554769998416,276.4893799999845,49.093933500000276,49.093970100046135,276.49787110002944,276.50554769998416,276.50554769998416,277.5041852000286,stimuli/box_empty_transparent.png,50.108728800027166,50.108780800015666,277.50432160001947,277.5199944000342,279.53565830003936,279.51958030002424,52.12412150000455,0.3829727999982424,None,,,,,,,,,,,,,,,,,,257645,right,yes,None,2025-05-06_15h16.18.266,RL_out-of-scanner,2024.2.4,59.78322602820239,2025-05-06 15h16.55.730739 -0700,
10,0,10,,,,,,,space,10.853266799997073,None,5,2.8617132999934256,None,52.1265432999935,k,None,52.50889820000157,52.509342600009404,54.006643800006714,54.00669880001806,55.02144440001575,55.021491800027434,56.02066590002505,0.3523245999822393,None,,,,,,,0,0,0,0,10,0,10,0,279.53565830003936,,,,,,,,,,,,,,,,,,,,,,,,,,,,,,,,,,,,,,,,,,,,,,,,,,,,,,,,52.1265432999935,279.52209849999053,279.53565830003936,279.53565830003936,279.53565830003936,279.53565830003936,279.90427140000975,k,right,1,15,5,0,5,5,None,52.50889820000157,52.509342600009404,279.9048847000231,279.9186786999926,279.9186786999926,281.42644010001095,281.42644010001095,281.402070000011,54.006643800006714,54.00669880001806,281.4195076000178,281.42644010001095,281.42644010001095,282.4168989000027,stimuli/box_coin_transparent.png,55.02144440001575,55.021491800027434,282.4170252000331,282.43282129999716,283.43248389998917,283.41613040002994,56.02066590002505,0.3523245999822393,None,,,,,,,,,,,,,,,,,,257645,right,yes,None,2025-05-06_15h16.18.266,RL_out-of-scanner,2024.2.4,59.78322602820239,2025-05-06 15h16.55.730739 -0700,
11,0,11,,,,,,,space,10.853266799997073,None,5,2.8617132999934256,None,56.02318489999743,k,None,56.55585250002332,56.55624520004494,58.56915220001247,58.56920590001391,59.58440580003662,59.58445990004111,61.10049949999666,0.5152494999929331,None,,,,,,,0,0,0,0,11,0,11,0,283.43248389998917,,,,,,,,,,,,,,,,,,,,,,,,,,,,,,,,,,,,,,,,,,,,,,,,,,,,,,,,56.02318489999743,283.41873859998304,283.43248389998917,283.43248389998917,283.43248389998917,283.43248389998917,283.9512271999847,k,right,0,15,5,0,6,5,None,56.55585250002332,56.55624520004494,283.95178539998597,283.9655257000122,283.9655257000122,285.9868581999908,285.9868581999908,285.9645824999898,58.56915220001247,58.56920590001391,285.97949350002455,285.9868581999908,285.9868581999908,286.9798607000266,stimuli/box_empty_transparent.png,59.58440580003662,59.58445990004111,286.97999409999466,286.99595290003344,288.5121117000235,288.4959557999973,61.10049949999666,0.5152494999929331,None,,,,,,,,,,,,,,,,,,257645,right,yes,None,2025-05-06_15h16.18.266,RL_out-of-scanner,2024.2.4,59.78322602820239,2025-05-06 15h16.55.730739 -0700,
12,0,12,,,,,,,space,10.853266799997073,None,5,2.8617132999934256,None,61.10293410002487,k,None,61.6182637999882,61.61865389999002,62.61639550002292,62.616454100003466,63.63138730003266,63.631434999988414,66.646175700007,0.4985873000114225,None,,,,,,,0,0,0,0,12,0,12,0,288.5121117000235,,,,,,,,,,,,,,,,,,,,,,,,,,,,,,,,,,,,,,,,,,,,,,,,,,,,,,,,61.10293410002487,288.4984945000033,288.5121117000235,288.5121117000235,288.5121117000235,288.5121117000235,289.0136363999918,k,right,1,15,6,0,7,6,None,61.6182637999882,61.61865389999002,289.0141936999862,289.028361100005,289.028361100005,290.0358771000174,290.0358771000174,290.011821800028,62.61639550002292,62.616454100003466,290.02895910001826,290.0358771000174,290.0358771000174,291.02684090001276,stimuli/box_coin_transparent.png,63.63138730003266,63.631434999988414,291.02696950000245,291.04291170003125,294.0574173000059,294.0416332000168,66.646175700007,0.4985873000114225,None,,,,,,,,,,,,,,,,,,257645,right,yes,None,2025-05-06_15h16.18.266,RL_out-of-scanner,2024.2.4,59.78322602820239,2025-05-06 15h16.55.730739 -0700,
13,0,13,,,,,,,space,10.853266799997073,None,5,2.8617132999934256,None,66.6485581000452,k,None,67.11379600001965,67.11418790003518,67.61256149999099,67.61261930002365,68.62726530001964,68.62731370003894,70.64269200002309,0.4369511000113562,None,,,,,,,0,0,0,0,13,0,13,0,294.0574173000059,,,,,,,,,,,,,,,,,,,,,,,,,,,,,,,,,,,,,,,,,,,,,,,,,,,,,,,,66.6485581000452,294.04411220003385,294.0574173000059,294.0574173000059,294.0574173000059,294.0574173000059,294.5091653999989,k,right,1,15,7,0,8,7,None,67.11379600001965,67.11418790003518,294.5097276000306,294.52386940002907,294.52386940002907,295.0320300000021,295.0320300000021,295.00798809999833,67.61256149999099,67.61261930002365,295.0252480999916,295.0320300000021,295.0320300000021,296.0227203000104,stimuli/box_coin_transparent.png,68.62726530001964,68.62731370003894,296.02284769999096,296.0388488000026,298.0543961999938,298.0381442999933,70.64269200002309,0.4369511000113562,None,,,,,,,,,,,,,,,,,,257645,right,yes,None,2025-05-06_15h16.18.266,RL_out-of-scanner,2024.2.4,59.78322602820239,2025-05-06 15h16.55.730739 -0700,
14,0,14,,,,,,,space,10.853266799997073,None,5,2.8617132999934256,None,70.64519559999462,k,None,71.260878400004,71.26127940003062,72.77471240004525,72.77476850000676,73.78994410001906,73.78999590000603,74.78926500002854,0.5913627999834716,None,,,,,,,0,0,0,0,14,0,14,0,298.0543961999938,,,,,,,,,,,,,,,,,,,,,,,,,,,,,,,,,,,,,,,,,,,,,,,,,,,,,,,,70.64519559999462,298.0407897999976,298.0543961999938,298.0543961999938,298.0543961999938,298.0543961999938,298.6562208000105,k,right,0,15,7,0,9,7,None,71.260878400004,71.26127940003062,298.6568197000306,298.6704200000386,298.6704200000386,300.1910331000108,300.1910331000108,300.17014220001874,72.77471240004525,72.77476850000676,300.1844190999982,300.1910331000108,300.1910331000108,301.1853992000106,stimuli/box_empty_transparent.png,73.78994410001906,73.78999590000603,301.18553050002083,301.2013670000015,302.20079660002375,302.1847232999862,74.78926500002854,0.5913627999834716,None,,,,,,,,,,,,,,,,,,257645,right,yes,None,2025-05-06_15h16.18.266,RL_out-of-scanner,2024.2.4,59.78322602820239,2025-05-06 15h16.55.730739 -0700,
15,0,15,,,,,,,space,10.853266799997073,None,5,2.8617132999934256,None,74.79192250000779,k,None,75.29078850004589,75.29121719999239,76.30516859999625,76.30522320000455,77.32084350002697,77.32087510003475,79.33623070002068,0.4688478999887593,None,,,,,,,0,0,0,0,15,0,15,0,302.20079660002375,,,,,,,,,,,,,,,,,,,,,,,,,,,,,,,,,,,,,,,,,,,,,,,,,,,,,,,,74.79192250000779,302.18748180003604,302.20079660002375,302.20079660002375,302.20079660002375,302.20079660002375,302.68615740002133,k,right,1,15,8,0,10,8,None,75.29078850004589,75.29121719999239,302.6867582999985,302.70077980001224,302.70077980001224,303.7909215000109,303.7909215000109,303.7006020999979,76.30516859999625,76.30522320000455,303.7845044999849,303.7909215000109,303.7909215000109,304.71630959998583,stimuli/box_coin_transparent.png,77.32084350002697,77.32087510003475,304.7163937999867,304.7320886999951,306.7478129999945,306.73168900003657,79.33623070002068,0.4688478999887593,None,,,,,,,,,,,,,,,,,,257645,right,yes,None,2025-05-06_15h16.18.266,RL_out-of-scanner,2024.2.4,59.78322602820239,2025-05-06 15h16.55.730739 -0700,
16,0,16,,,,,,,space,10.853266799997073,None,5,2.8617132999934256,None,79.33866880001733,j,None,79.9031832999899,79.90346890001092,81.91825370001607,81.91831179999281,82.93317700002808,82.93322539998917,83.9486911999993,0.5489267000230029,None,,,,,,,0,0,0,0,16,0,16,0,306.7478129999945,,,,,,,,,,,,,,,,,,,,,,,,,,,,,,,,,,,,,,,,,,,,,,,,,,,,,,,,79.33866880001733,306.7342257000273,306.7478129999945,306.7478129999945,306.7478129999945,306.7478129999945,307.2986002000398,j,right,1,15,8,0,10,8,None,79.9031832999899,79.90346890001092,307.29899019998265,307.3142324000364,307.3142324000364,309.3354806000134,309.3354806000134,309.31367860001046,81.91825370001607,81.91831179999281,309.3280287000234,309.3354806000134,309.3354806000134,310.32862960000057,stimuli/box_empty_transparent.png,82.93317700002808,82.93322539998917,310.32876000000397,310.3445691000088,311.3605489000329,311.3441578000202,83.9486911999993,0.5489267000230029,None,,,,,,,,,,,,,,,,,,257645,right,yes,None,2025-05-06_15h16.18.266,RL_out-of-scanner,2024.2.4,59.78322602820239,2025-05-06 15h16.55.730739 -0700,
17,0,17,,,,,,,space,10.853266799997073,None,5,2.8617132999934256,None,83.9504084000364,k,None,84.45070970000234,84.45110400003614,85.4489070000127,85.44896890001837,86.46390289999545,86.4639597000205,87.4797794999904,0.482070800033398,None,,,,,,,0,0,0,0,17,0,17,0,311.3605489000329,,,,,,,,,,,,,,,,,,,,,,,,,,,,,,,,,,,,,,,,,,,,,,,,,,,,,,,,83.9504084000364,311.3459544000216,311.3605489000329,311.3605489000329,311.3605489000329,311.3605489000329,311.84607510000933,k,right,0,15,8,0,11,8,None,84.45070970000234,84.45110400003614,311.8466426000232,311.8604123000405,311.8604123000405,312.8665056999889,312.8665056999889,312.8443275000318,85.4489070000127,85.44896890001837,312.859016900009,312.8665056999889,312.8665056999889,313.8593540000147,stimuli/box_empty_transparent.png,86.46390289999545,86.4639597000205,313.85949470003834,313.8753433999955,314.8914024999831,314.8752383000101,87.4797794999904,0.482070800033398,None,,,,,,,,,,,,,,,,,,257645,right,yes,None,2025-05-06_15h16.18.266,RL_out-of-scanner,2024.2.4,59.78322602820239,2025-05-06 15h16.55.730739 -0700,
18,0,18,,,,,,,space,10.853266799997073,None,5,2.8617132999934256,None,87.48230690002674,k,None,87.98093620000873,87.98135600000387,91.49365650000982,91.49371240002802,92.50882680003997,92.5088777000201,94.52334499999415,0.4804506999789737,None,,,,,,,0,0,0,0,18,0,18,0,314.8914024999831,,,,,,,,,,,,,,,,,,,,,,,,,,,,,,,,,,,,,,,,,,,,,,,,,,,,,,,,87.48230690002674,314.87786220002454,314.8914024999831,314.8914024999831,314.8914024999831,314.8914024999831,315.37631030002376,k,right,1,15,9,0,12,9,None,87.98093620000873,87.98135600000387,315.37689710000996,315.39112859999295,315.39112859999295,318.9146998000215,318.9146998000215,318.8890868999879,91.49365650000982,91.49371240002802,318.90719370002626,318.9146998000215,318.9146998000215,319.90428230003454,stimuli/box_coin_transparent.png,92.50882680003997,92.5088777000201,319.90441290003946,319.92077969998354,321.93520000000717,321.91880769998534,94.52334499999415,0.4804506999789737,None,,,,,,,,,,,,,,,,,,257645,right,yes,None,2025-05-06_15h16.18.266,RL_out-of-scanner,2024.2.4,59.78322602820239,2025-05-06 15h16.55.730739 -0700,
19,0,19,,,,,,,space,10.853266799997073,None,5,2.8617132999934256,None,94.52509340003598,k,None,94.97584770002868,94.97623950004345,95.97366910002893,95.97372599999653,96.98844720004126,96.98851840000134,98.50485980004305,0.4206118999863975,None,,,,,,,0,0,0,0,19,0,19,0,321.93520000000717,,,,,,,,,,,,,,,,,,,,,,,,,,,,,,,,,,,,,,,,,,,,,,,,,,,,,,,,94.52509340003598,321.9206251000287,321.93520000000717,321.93520000000717,321.93520000000717,321.93520000000717,322.3712198000285,k,right,0,15,9,0,13,9,None,94.97584770002868,94.97623950004345,322.3717792000389,322.3856770999846,322.3856770999846,323.39051410002867,323.39051410002867,323.36909550003475,95.97366910002893,95.97372599999653,323.3831082000397,323.39051410002867,323.39051410002867,324.3839030000381,stimuli/box_empty_transparent.png,96.98844720004126,96.98851840000134,324.38405300001614,324.4001669000136,325.9160138000152,325.9003151000361,98.50485980004305,0.4206118999863975,None,,,,,,,,,,,,,,,,,,257645,right,yes,None,2025-05-06_15h16.18.266,RL_out-of-scanner,2024.2.4,59.78322602820239,2025-05-06 15h16.55.730739 -0700,
20,0,20,,,,,,,space,10.853266799997073,None,5,2.8617132999934256,None,98.50784710003063,j,None,99.23916810000082,99.23961560003227,101.25277320004534,101.25282960000914,102.2676027000416,102.26765059999889,104.28246590000344,0.7067002999829128,None,,,,,,,0,0,0,0,20,0,20,0,325.9160138000152,,,,,,,,,,,,,,,,,,,,,,,,,,,,,,,,,,,,,,,,,,,,,,,,,,,,,,,,98.50784710003063,325.90340750000905,325.9160138000152,325.9160138000152,325.9160138000152,325.9160138000152,326.6345399999991,j,right,0,15,9,0,13,9,None,99.23916810000082,99.23961560003227,326.63515700004064,326.6488207000075,326.6488207000075,328.66953519999515,328.66953519999515,328.648198000039,101.25277320004534,101.25282960000914,328.6621019000304,328.66953519999515,328.66953519999515,329.6630579000339,stimuli/box_empty_transparent.png,102.2676027000416,102.26765059999889,329.6632905000006,329.67923050001264,331.6944124000147,331.6779263000353,104.28246590000344,0.7067002999829128,None,,,,,,,,,,,,,,,,,,257645,right,yes,None,2025-05-06_15h16.18.266,RL_out-of-scanner,2024.2.4,59.78322602820239,2025-05-06 15h16.55.730739 -0700,
21,0,21,,,,,,,space,10.853266799997073,None,5,2.8617132999934256,None,104.28428120003082,k,None,104.76797879999503,104.7683931000065,107.78103370004101,107.78114259999711,108.7957146000117,108.79576240002643,110.31187870004214,0.4638893000083044,None,,,,,,,0,0,0,0,21,0,21,0,331.6944124000147,,,,,,,,,,,,,,,,,,,,,,,,,,,,,,,,,,,,,,,,,,,,,,,,,,,,,,,,104.28428120003082,331.679812700022,331.6944124000147,331.6944124000147,331.6944124000147,331.6944124000147,332.163352500007,k,right,1,15,10,0,14,10,None,104.76797879999503,104.7683931000065,332.1639331000042,332.17765969998436,332.17765969998436,335.20256960002007,335.20256960002007,335.1764588000369,107.78103370004101,107.78114259999711,335.19524640002055,335.20256960002007,335.20256960002007,336.19116990000475,stimuli/box_coin_transparent.png,108.7957146000117,108.79576240002643,336.1912977999891,336.20721459999913,337.7236128000077,337.7073362999945,110.31187870004214,0.4638893000083044,None,,,,,,,,,,,,,,,,,,257645,right,yes,None,2025-05-06_15h16.18.266,RL_out-of-scanner,2024.2.4,59.78322602820239,2025-05-06 15h16.55.730739 -0700,
22,0,22,,,,,,,space,10.853266799997073,None,5,2.8617132999934256,None,110.31436429999303,j,None,110.64554850000422,110.64599759998964,112.1439142000163,112.14397209999152,113.15890249999939,113.15895400004229,115.17461540002842,0.3064780999557115,None,,,,,,,0,0,0,0,22,0,22,0,337.7236128000077,,,,,,,,,,,,,,,,,,,,,,,,,,,,,,,,,,,,,,,,,,,,,,,,,,,,,,,,110.31436429999303,337.70991850004066,337.7236128000077,337.7236128000077,337.7236128000077,337.7236128000077,338.0409150000196,j,right,1,15,10,0,14,10,None,110.64554850000422,110.64599759998964,338.04153990000486,338.05597919999855,338.05597919999855,339.56052910001017,339.56052910001017,339.5393358999863,112.1439142000163,112.14397209999152,339.5534994000336,339.56052910001017,339.56052910001017,340.554358399997,stimuli/box_empty_transparent.png,113.15890249999939,113.15895400004229,340.5545420999988,340.57047800003784,342.58598080003867,342.5700744999922,115.17461540002842,0.3064780999557115,None,,,,,,,,,,,,,,,,,,257645,right,yes,None,2025-05-06_15h16.18.266,RL_out-of-scanner,2024.2.4,59.78322602820239,2025-05-06 15h16.55.730739 -0700,
23,0,23,,,,,,,space,10.853266799997073,None,5,2.8617132999934256,None,115.17738830001326,k,None,115.57590160000836,115.57630820001941,117.07354640000267,117.07360350003,118.08847590000369,118.08852789999219,119.60391870001331,0.37481149996165186,None,,,,,,,0,0,0,0,23,0,23,0,342.58598080003867,,,,,,,,,,,,,,,,,,,,,,,,,,,,,,,,,,,,,,,,,,,,,,,,,,,,,,,,115.17738830001326,342.57295190001605,342.58598080003867,342.58598080003867,342.58598080003867,342.58598080003867,342.97127320000436,k,right,1,15,11,0,15,11,None,115.57590160000836,115.57630820001941,342.9718506000354,342.9855768000125,342.9855768000125,344.49396769999294,344.49396769999294,344.46897029998945,117.07354640000267,117.07360350003,344.4868779000244,344.49396769999294,344.49396769999294,345.4839307999937,stimuli/box_coin_transparent.png,118.08847590000369,118.08852789999219,345.48406280000927,345.50021150003886,347.0156532000401,346.99938360002125,119.60391870001331,0.37481149996165186,None,,,,,,,,,,,,,,,,,,257645,right,yes,None,2025-05-06_15h16.18.266,RL_out-of-scanner,2024.2.4,59.78322602820239,2025-05-06 15h16.55.730739 -0700,
24,0,24,,,,,,,space,10.853266799997073,None,5,2.8617132999934256,None,119.60680990002584,j,None,120.23897270002635,120.23942490003537,122.25284319999628,122.25292920001084,123.26803239999572,123.26808260002872,124.78343920002226,0.6120164999738336,None,,,,,,,0,0,0,0,24,0,24,0,347.0156532000401,,,,,,,,,,,,,,,,,,,,,,,,,,,,,,,,,,,,,,,,,,,,,,,,,,,,,,,,119.60680990002584,347.00237240002025,347.0156532000401,347.0156532000401,347.0156532000401,347.0156532000401,347.63433909998275,j,right,1,15,11,0,15,11,None,120.23897270002635,120.23942490003537,347.63496580003994,347.6485800000373,347.6485800000373,349.66957040003035,349.66957040003035,349.64824569999473,122.25284319999628,122.25292920001084,349.6622533000191,349.66957040003035,349.66957040003035,350.66348129999824,stimuli/box_empty_transparent.png,123.26803239999572,123.26808260002872,350.66361859999597,350.6791038000374,352.19508010003483,352.1788958000252,124.78343920002226,0.6120164999738336,None,,,,,,,,,,,,,,,,,,257645,right,yes,None,2025-05-06_15h16.18.266,RL_out-of-scanner,2024.2.4,59.78322602820239,2025-05-06 15h16.55.730739 -0700,
25,0,25,,,,,,,space,10.853266799997073,None,5,2.8617132999934256,None,124.78586140001426,k,None,125.08537550002802,125.08577380003408,126.08274290000554,126.0827994000283,127.09794020000845,127.09799330000533,130.61201929999515,0.2788101999904029,None,,,,,,,0,0,0,0,25,0,25,0,352.19508010003483,,,,,,,,,,,,,,,,,,,,,,,,,,,,,,,,,,,,,,,,,,,,,,,,,,,,,,,,124.78586140001426,352.1814189000288,352.19508010003483,352.19508010003483,352.19508010003483,352.19508010003483,352.480745000008,k,right,0,15,11,0,16,11,None,125.08537550002802,125.08577380003408,352.48131310002645,352.49492550001014,352.49492550001014,353.49966269999277,353.49966269999277,353.47816729999613,126.08274290000554,126.0827994000283,353.4921464000363,353.49966269999277,353.49966269999277,354.493395700003,stimuli/box_empty_transparent.png,127.09794020000845,127.09799330000533,354.4935290000285,354.50968170003034,358.02406239998527,358.0074770000065,130.61201929999515,0.2788101999904029,None,,,,,,,,,,,,,,,,,,257645,right,yes,None,2025-05-06_15h16.18.266,RL_out-of-scanner,2024.2.4,59.78322602820239,2025-05-06 15h16.55.730739 -0700,
26,0,26,,,,,,,space,10.853266799997073,None,5,2.8617132999934256,None,130.61446920002345,k,None,131.0636733000283,131.06406750000315,131.56172290001996,131.56177960004425,132.57682820002083,132.57687650003936,136.09053470002254,0.41864660003921017,None,,,,,,,0,0,0,0,26,0,26,0,358.02406239998527,,,,,,,,,,,,,,,,,,,,,,,,,,,,,,,,,,,,,,,,,,,,,,,,,,,,,,,,130.61446920002345,358.01002480002353,358.02406239998527,358.02406239998527,358.02406239998527,358.02406239998527,358.45904759998666,k,right,1,15,12,0,17,12,None,131.0636733000283,131.06406750000315,358.45960880001076,358.4733659999911,358.4733659999911,358.9810257999925,358.9810257999925,358.95714260003297,131.56172290001996,131.56177960004425,358.97428200003924,358.9810257999925,358.9810257999925,359.9722850000253,stimuli/box_coin_transparent.png,132.57682820002083,132.57687650003936,359.97241240000585,359.98833620001096,363.50236280000536,363.4859931000392,136.09053470002254,0.41864660003921017,None,,,,,,,,,,,,,,,,,,257645,right,yes,None,2025-05-06_15h16.18.266,RL_out-of-scanner,2024.2.4,59.78322602820239,2025-05-06 15h16.55.730739 -0700,
27,0,27,,,,,,,space,10.853266799997073,None,5,2.8617132999934256,None,136.09253560000798,k,None,136.42463970003882,136.42489500000374,137.92390100000193,137.9239598000422,138.93854490004014,138.93859500001417,139.93798109999625,0.3088728000293486,None,,,,,,,0,0,0,0,27,0,27,0,363.50236280000536,,,,,,,,,,,,,,,,,,,,,,,,,,,,,,,,,,,,,,,,,,,,,,,,,,,,,,,,136.09253560000798,363.488076300011,363.50236280000536,363.50236280000536,363.50236280000536,363.50236280000536,363.8200581999845,k,right,1,15,13,0,18,13,None,136.42463970003882,136.42489500000374,363.8204157000291,363.83534049999435,363.83534049999435,365.34332300000824,365.34332300000824,365.31932609999785,137.92390100000193,137.9239598000422,365.33658340002876,365.34332300000824,365.34332300000824,366.3339960000012,stimuli/box_coin_transparent.png,138.93854490004014,138.93859500001417,366.33413269999437,366.3496448000078,367.3496011000243,367.33344010001747,139.93798109999625,0.3088728000293486,None,,,,,,,,,,,,,,,,,,257645,right,yes,None,2025-05-06_15h16.18.266,RL_out-of-scanner,2024.2.4,59.78322602820239,2025-05-06 15h16.55.730739 -0700,
28,0,28,,,,,,,space,10.853266799997073,None,5,2.8617132999934256,None,139.94072740001138,j,None,140.43983650003793,140.44030750001548,141.4373215000378,141.43737880000845,142.45244459999958,142.45249310001964,145.96666890004417,0.47018479998223484,None,,,,,,,0,0,0,0,28,0,28,0,367.3496011000243,,,,,,,,,,,,,,,,,,,,,,,,,,,,,,,,,,,,,,,,,,,,,,,,,,,,,,,,139.94072740001138,367.3362888999982,367.3496011000243,367.3496011000243,367.3496011000243,367.3496011000243,367.8352069000248,j,right,1,15,13,0,18,13,None,140.43983650003793,140.44030750001548,367.8358511000406,367.8491844999953,367.8491844999953,368.85390019998886,368.85390019998886,368.83274630003143,141.4373215000378,141.43737880000845,368.8467371999868,368.85390019998886,368.85390019998886,369.8479001999949,stimuli/box_empty_transparent.png,142.45244459999958,142.45249310001964,369.8480267000268,369.86368469998706,373.378207700036,373.36212639999576,145.96666890004417,0.47018479998223484,None,,,,,,,,,,,,,,,,,,257645,right,yes,None,2025-05-06_15h16.18.266,RL_out-of-scanner,2024.2.4,59.78322602820239,2025-05-06 15h16.55.730739 -0700,
29,0,29,,,,,,,space,10.853266799997073,None,5,2.8617132999934256,None,145.96909349999623,k,None,146.36809629999334,146.36849010002334,148.3818006000365,148.38185740000335,149.39692610001657,149.3969796000165,150.3961888999911,0.3765354999923147,None,,,,,,,0,0,0,0,29,0,29,0,373.378207700036,,,,,,,,,,,,,,,,,,,,,,,,,,,,,,,,,,,,,,,,,,,,,,,,,,,,,,,,145.96909349999623,373.3646504000062,373.378207700036,373.378207700036,373.378207700036,373.378207700036,373.76346839999314,k,right,1,15,14,0,19,14,None,146.36809629999334,146.36849010002334,373.7640295000165,373.77786730002845,373.77786730002845,375.8022556999931,375.8022556999931,375.77722440002253,148.3818006000365,148.38185740000335,375.7949048000155,375.8022556999931,375.8022556999931,376.79238240001723,stimuli/box_coin_transparent.png,149.39692610001657,149.3969796000165,376.79251250001835,376.80832900002133,377.80841739999596,377.7916461999994,150.3961888999911,0.3765354999923147,None,,,,,,,,,,,,,,,,,,257645,right,yes,None,2025-05-06_15h16.18.266,RL_out-of-scanner,2024.2.4,59.78322602820239,2025-05-06 15h16.55.730739 -0700,
30,0,30,,,,,,,space,10.853266799997073,None,5,2.8617132999934256,None,150.39861390000442,k,None,150.78098189999582,150.78138030000264,151.779079800006,151.77913600002648,152.79427700000815,152.79433750000317,153.79355589998886,0.35353700001724064,None,,,,,,,0,0,0,0,30,0,30,0,377.80841739999596,,,,,,,,,,,,,,,,,,,,,,,,,,,,,,,,,,,,,,,,,,,,,,,,,,,,,,,,150.39861390000442,377.79416859999765,377.80841739999596,377.80841739999596,377.80841739999596,377.80841739999596,378.1763459999929,k,right,1,15,15,0,20,15,None,150.78098189999582,150.78138030000264,378.1769193999935,378.19103929999983,378.19103929999983,379.19882480002707,379.19882480002707,379.1744968999992,151.779079800006,151.77913600002648,379.1916869999841,379.19882480002707,379.19882480002707,380.1897003999911,stimuli/box_coin_transparent.png,152.79427700000815,152.79433750000317,380.18987679999555,380.20581539999694,381.2050541000208,381.1890154000139,153.79355589998886,0.35353700001724064,None,,,,,,,,,,,,,,,,,,257645,right,yes,None,2025-05-06_15h16.18.266,RL_out-of-scanner,2024.2.4,59.78322602820239,2025-05-06 15h16.55.730739 -0700,
31,0,31,,,,,,,space,10.853266799997073,None,5,2.8617132999934256,None,153.7959529000218,k,None,154.54387630004203,154.54444190004142,157.55758349999087,157.55763920000754,158.5729634000454,158.5730113000027,161.08821459999308,0.7194590999861248,None,,,,,,,0,0,0,0,31,0,31,0,381.2050541000208,,,,,,,,,,,,,,,,,,,,,,,,,,,,,,,,,,,,,,,,,,,,,,,,,,,,,,,,153.7959529000218,381.19150780001655,381.2050541000208,381.2050541000208,381.2050541000208,381.2050541000208,381.93925350002246,k,left,1,9,0,1,20,15,None,154.54387630004203,154.54444190004142,381.93999990000157,381.95437890000176,381.95437890000176,384.974790200009,384.974790200009,384.95301050000126,157.55758349999087,157.55763920000754,384.9670649000327,384.974790200009,384.974790200009,385.96841660002246,stimuli/box_empty_transparent.png,158.5729634000454,158.5730113000027,385.9685466000228,385.9843765000114,388.49929930001963,388.48367809999036,161.08821459999308,0.7194590999861248,None,,,,,,,,,,,,,,,,,,257645,right,yes,None,2025-05-06_15h16.18.266,RL_out-of-scanner,2024.2.4,59.78322602820239,2025-05-06 15h16.55.730739 -0700,
32,0,32,,,,,,,space,10.853266799997073,None,5,2.8617132999934256,None,161.09081120003248,j,None,161.43952800001716,161.4400733000366,162.4374972000369,162.43755229999078,163.45217840000987,163.45222450001165,164.4515452000196,0.32645199995022267,None,,,,,,,0,0,0,0,32,0,32,0,388.49929930001963,,,,,,,,,,,,,,,,,,,,,,,,,,,,,,,,,,,,,,,,,,,,,,,,,,,,,,,,161.09081120003248,388.4863694999949,388.49929930001963,388.49929930001963,388.49929930001963,388.49929930001963,388.8349054999999,j,left,1,9,1,1,21,16,None,161.43952800001716,161.4400733000366,388.83561860001646,388.8491626000032,388.8491626000032,389.85759040003177,389.85759040003177,389.8329231000389,162.4374972000369,162.43755229999078,389.8504634000128,389.85759040003177,389.85759040003177,390.84763620002195,stimuli/box_coin_transparent.png,163.45217840000987,163.45222450001165,390.847757200012,390.8636526000337,391.8633904000162,391.84700980002526,164.4515452000196,0.32645199995022267,None,,,,,,,,,,,,,,,,,,257645,right,yes,None,2025-05-06_15h16.18.266,RL_out-of-scanner,2024.2.4,59.78322602820239,2025-05-06 15h16.55.730739 -0700,
33,0,33,,,,,,,space,10.853266799997073,None,5,2.8617132999934256,None,164.4544440000318,None,None,165.96692810003879,165.96705060004024,167.98282610002207,167.98288050002884,168.9980469000293,168.99810220004292,170.51401620003162,,,,,,,,,0,0,0,0,33,0,33,0,391.8633904000162,,,,,,,,,,,,,,,,,,,,,,,,,,,,,,,,,,,,,,,,,,,,,,,,,,,,,,,,164.4544440000318,391.8502419000142,391.8633904000162,391.8633904000162,391.8633904000162,391.8633904000162,393.36232880002353,None,left,1,9,1,1,21,16,None,165.96692810003879,165.96705060004024,393.3625841999892,393.3787362999865,393.3787362999865,395.4000017000362,395.4000017000362,395.3782530000317,167.98282610002207,167.98288050002884,395.39245610003127,395.4000017000362,395.4000017000362,396.3935038000345,no selection made,168.9980469000293,168.99810220004292,396.39363180001965,396.40948600001866,397.92552809999324,397.9094771000091,170.51401620003162,,,,,,,,,,,,,,,,,,,,257645,right,yes,None,2025-05-06_15h16.18.266,RL_out-of-scanner,2024.2.4,59.78322602820239,2025-05-06 15h16.55.730739 -0700,
34,0,34,,,,,,,space,10.853266799997073,None,5,2.8617132999934256,None,170.51640359999146,k,None,170.79881549999118,170.79921580001246,173.81182390003232,173.8118814000045,174.82654400001047,174.82659640000202,177.3414710999932,0.2639311000239104,None,,,,,,,0,0,0,0,34,0,34,0,397.92552809999324,,,,,,,,,,,,,,,,,,,,,,,,,,,,,,,,,,,,,,,,,,,,,,,,,,,,,,,,170.51640359999146,397.91195560002234,397.92552809999324,397.92552809999324,397.92552809999324,397.92552809999324,398.1941869999864,k,left,1,9,1,1,21,16,None,170.79881549999118,170.79921580001246,398.19475460000103,398.2085552000208,398.2085552000208,401.22968550003134,401.22968550003134,401.2072488000267,173.81182390003232,173.8118814000045,401.2220812999876,401.22968550003134,401.22968550003134,402.22200130001875,stimuli/box_empty_transparent.png,174.82654400001047,174.82659640000202,402.222130500013,402.2379885999835,404.75308470003074,404.73693030001596,177.3414710999932,0.2639311000239104,None,,,,,,,,,,,,,,,,,,257645,right,yes,None,2025-05-06_15h16.18.266,RL_out-of-scanner,2024.2.4,59.78322602820239,2025-05-06 15h16.55.730739 -0700,
35,0,35,,,,,,,space,10.853266799997073,None,5,2.8617132999934256,None,177.34391450003022,j,None,178.04326470004162,178.04371190001257,179.54036420001648,179.54042010003468,180.5553593999939,180.5554143000045,181.55491370003438,0.6819496999960393,None,,,,,,,0,0,0,0,35,0,35,0,404.75308470003074,,,,,,,,,,,,,,,,,,,,,,,,,,,,,,,,,,,,,,,,,,,,,,,,,,,,,,,,177.34391450003022,404.7394691000227,404.75308470003074,404.75308470003074,404.75308470003074,404.75308470003074,405.43864210002357,j,left,0,9,1,1,22,16,None,178.04326470004162,178.04371190001257,405.43925200001104,405.4524246000219,405.4524246000219,406.9578278000117,406.9578278000117,406.93579030002,179.54036420001648,179.54042010003468,406.95047989999875,406.9578278000117,406.9578278000117,407.9508138000383,stimuli/box_empty_transparent.png,180.5553593999939,180.5554143000045,407.95097380003426,407.96689530002186,408.96643660002155,408.9503721999936,181.55491370003438,0.6819496999960393,None,,,,,,,,,,,,,,,,,,257645,right,yes,None,2025-05-06_15h16.18.266,RL_out-of-scanner,2024.2.4,59.78322602820239,2025-05-06 15h16.55.730739 -0700,
36,0,36,,,,,,,space,10.853266799997073,None,5,2.8617132999934256,None,181.55733250000048,k,None,182.15633120003622,182.1567459999933,183.6706846000161,183.67074080003658,184.6854030000395,184.68544999998994,188.19991490000393,0.5744225999806076,None,,,,,,,0,0,0,0,36,0,36,0,408.96643660002155,,,,,,,,,,,,,,,,,,,,,,,,,,,,,,,,,,,,,,,,,,,,,,,,,,,,,,,,181.55733250000048,408.9528871999937,408.96643660002155,408.96643660002155,408.96643660002155,408.96643660002155,409.5517059999984,k,left,0,9,1,1,22,16,None,182.15633120003622,182.1567459999933,409.5522854999872,409.566098899988,409.566098899988,411.0885272999876,411.0885272999876,411.0661103000166,183.6706846000161,183.67074080003658,411.0813809999963,411.0885272999876,411.0885272999876,412.08086089999415,stimuli/box_empty_transparent.png,184.6854030000395,184.68544999998994,412.08098379999865,412.0966469999985,415.6111044000136,415.59537440002896,188.19991490000393,0.5744225999806076,None,,,,,,,,,,,,,,,,,,257645,right,yes,None,2025-05-06_15h16.18.266,RL_out-of-scanner,2024.2.4,59.78322602820239,2025-05-06 15h16.55.730739 -0700,
37,0,37,,,,,,,space,10.853266799997073,None,5,2.8617132999934256,None,188.2024536000099,k,None,188.7830299999914,188.78328710002825,190.7984235000331,190.7984804000007,191.81278440001188,191.81283150002128,192.81234030000633,0.5568678999552503,None,,,,,,,0,0,0,0,37,0,37,0,415.6111044000136,,,,,,,,,,,,,,,,,,,,,,,,,,,,,,,,,,,,,,,,,,,,,,,,,,,,,,,,188.2024536000099,415.59800930001074,415.6111044000136,415.6111044000136,415.6111044000136,415.6111044000136,416.1784516000189,k,left,0,9,1,1,22,16,None,188.7830299999914,188.78328710002825,416.1788077999954,416.1938275999855,416.1938275999855,418.2153984000324,418.2153984000324,418.19384439999703,190.7984235000331,190.7984804000007,418.2079948000028,418.2153984000324,418.2153984000324,419.20824070001254,stimuli/box_empty_transparent.png,191.81278440001188,191.81283150002128,419.2083661000361,419.22456629999215,420.2242230999982,420.2078011999838,192.81234030000633,0.5568678999552503,None,,,,,,,,,,,,,,,,,,257645,right,yes,None,2025-05-06_15h16.18.266,RL_out-of-scanner,2024.2.4,59.78322602820239,2025-05-06 15h16.55.730739 -0700,
38,0,38,,,,,,,space,10.853266799997073,None,5,2.8617132999934256,None,192.81531560001895,None,['k'],194.32788810000056,194.32800320000388,195.32769230002305,195.3277495999937,196.34260340000037,196.34265750000486,197.85861749999458,,,[1.2822292000055313],[0.1645783000276424],,,,,0,0,0,0,38,0,38,0,420.2242230999982,,,,,,,,,,,,,,,,,,,,,,,,,,,,,,,,,,,,,,,,,,,,,,,,,,,,,,,,192.81531560001895,420.2108798000263,420.2242230999982,420.2242230999982,420.2242230999982,420.2242230999982,421.72322919999715,None,left,0,9,1,1,22,16,['k'],194.32788810000056,194.32800320000388,421.7235370000126,421.7396921000327,421.7396921000327,422.7451724000275,422.7451724000275,422.7231173000182,195.32769230002305,195.3277495999937,422.73749100003624,422.7451724000275,422.7451724000275,423.73806120001245,no selection made,196.34260340000037,196.34265750000486,423.7381912000128,423.7541823000065,425.2701570999925,425.2540789000341,197.85861749999458,,,[1.2822292000055313],[0.1645783000276424],,,,,,,,,,,,,,,,257645,right,yes,None,2025-05-06_15h16.18.266,RL_out-of-scanner,2024.2.4,59.78322602820239,2025-05-06 15h16.55.730739 -0700,
39,0,39,,,,,,,space,10.853266799997073,None,5,2.8617132999934256,None,197.86149600002682,k,None,198.2102012000396,198.2108009000076,199.20789570000488,199.2079513000208,200.22334640001645,200.22339790000115,201.23900560004404,0.3290409999899566,None,,,,,,,0,0,0,0,39,0,39,0,425.2701570999925,,,,,,,,,,,,,,,,,,,,,,,,,,,,,,,,,,,,,,,,,,,,,,,,,,,,,,,,197.86149600002682,425.2570567000075,425.2701570999925,425.2701570999925,425.2701570999925,425.2701570999925,425.60557880002307,k,left,0,9,1,1,22,16,None,198.2102012000396,198.2108009000076,425.606351000024,425.6199355000281,425.6199355000281,426.62460660003126,426.62460660003126,426.6033229000168,199.20789570000488,199.2079513000208,426.61720630002674,426.62460660003126,426.62460660003126,427.6188027000171,stimuli/box_empty_transparent.png,200.22334640001645,200.22339790000115,427.618932900019,427.6346688999911,428.65075510001043,428.63446720002685,201.23900560004404,0.3290409999899566,None,,,,,,,,,,,,,,,,,,257645,right,yes,None,2025-05-06_15h16.18.266,RL_out-of-scanner,2024.2.4,59.78322602820239,2025-05-06 15h16.55.730739 -0700,
40,0,40,,,,,,,space,10.853266799997073,None,5,2.8617132999934256,None,201.24172170000384,j,None,201.6079452999984,201.608395999996,203.12135160004254,203.12140659999568,204.13629709999077,204.13634560001083,205.1359911999898,0.3433414999744855,None,,,,,,,0,0,0,0,40,0,40,0,428.65075510001043,,,,,,,,,,,,,,,,,,,,,,,,,,,,,,,,,,,,,,,,,,,,,,,,,,,,,,,,201.24172170000384,428.63730260002194,428.65075510001043,428.65075510001043,428.65075510001043,428.65075510001043,429.00332499999786,j,left,0,9,1,1,23,16,None,201.6079452999984,201.608395999996,429.00393740000436,429.01705379999476,429.01705379999476,430.5391179000144,430.5391179000144,430.51678030000767,203.12135160004254,203.12140659999568,430.53157540003303,430.5391179000144,430.5391179000144,431.5317544999998,stimuli/box_empty_transparent.png,204.13629709999077,204.13634560001083,431.5318795000203,431.5480762000079,432.54766530002235,432.53145200002473,205.1359911999898,0.3433414999744855,None,,,,,,,,,,,,,,,,,,257645,right,yes,None,2025-05-06_15h16.18.266,RL_out-of-scanner,2024.2.4,59.78322602820239,2025-05-06 15h16.55.730739 -0700,
41,0,41,,,,,,,space,10.853266799997073,None,5,2.8617132999934256,None,205.138425800018,j,None,205.5707143000327,205.571168399998,206.56911710003624,206.5691722999909,207.5836775000207,207.58372830000008,210.59810330002801,0.41019490000326186,None,,,,,,,0,0,0,0,41,0,41,0,432.54766530002235,,,,,,,,,,,,,,,,,,,,,,,,,,,,,,,,,,,,,,,,,,,,,,,,,,,,,,,,205.138425800018,432.5339816000196,432.54766530002235,432.54766530002235,432.54766530002235,432.54766530002235,432.9660913000116,j,left,1,9,2,1,24,17,None,205.5707143000327,205.571168399998,432.9667097000056,432.98059049999574,432.98059049999574,433.9891327000223,433.9891327000223,433.9645413000253,206.56911710003624,206.5691722999909,433.9817814999842,433.9891327000223,433.9891327000223,434.9791334000183,stimuli/box_coin_transparent.png,207.5836775000207,207.58372830000008,434.9792625000118,434.9953947000322,438.00985989999026,437.9935626999941,210.59810330002801,0.41019490000326186,None,,,,,,,,,,,,,,,,,,257645,right,yes,None,2025-05-06_15h16.18.266,RL_out-of-scanner,2024.2.4,59.78322602820239,2025-05-06 15h16.55.730739 -0700,
42,0,42,,,,,,,space,10.853266799997073,None,5,2.8617132999934256,None,210.60043250001036,j,None,211.01648950000526,211.01697699999204,213.03031090000877,213.03034689999186,214.0454613000038,214.04550910001853,217.55936210002983,0.3957166000036523,None,,,,,,,0,0,0,0,42,0,42,0,438.00985989999026,,,,,,,,,,,,,,,,,,,,,,,,,,,,,,,,,,,,,,,,,,,,,,,,,,,,,,,,210.60043250001036,437.99597049999284,438.00985989999026,438.00985989999026,438.00985989999026,438.00985989999026,438.41185000003316,j,left,1,9,3,1,25,18,None,211.01648950000526,211.01697699999204,438.41251829999965,438.4262099000043,438.4262099000043,440.4433394999942,440.4433394999942,440.42575840000063,213.03031090000877,213.03034689999186,440.4368323000381,440.4433394999942,440.4433394999942,441.4409154999885,stimuli/box_coin_transparent.png,214.0454613000038,214.04550910001853,441.4410441000364,441.4567690999829,444.97118090000004,444.9548204999883,217.55936210002983,0.3957166000036523,None,,,,,,,,,,,,,,,,,,257645,right,yes,None,2025-05-06_15h16.18.266,RL_out-of-scanner,2024.2.4,59.78322602820239,2025-05-06 15h16.55.730739 -0700,
43,0,43,,,,,,,space,10.853266799997073,None,5,2.8617132999934256,None,217.56177210004535,k,None,218.07748249999713,218.07800770003814,219.07509540003957,219.07514900004026,220.09030959999654,220.0903568000067,222.1054747000453,0.4889197999727912,None,,,,,,,0,0,0,0,43,0,43,0,444.97118090000004,,,,,,,,,,,,,,,,,,,,,,,,,,,,,,,,,,,,,,,,,,,,,,,,,,,,,,,,217.56177210004535,444.9573239000165,444.97118090000004,444.97118090000004,444.97118090000004,444.97118090000004,445.4728479000041,k,left,1,9,3,1,25,18,None,218.07748249999713,218.07800770003814,445.473548799986,445.4872108999989,445.4872108999989,446.4932484999881,446.4932484999881,446.47052680002525,219.07509540003957,219.07514900004026,446.485628800001,446.4932484999881,446.4932484999881,447.48576790001243,stimuli/box_empty_transparent.png,220.09030959999654,220.0903568000067,447.48589000001084,447.5021117000142,449.51734770002076,449.5009380999836,222.1054747000453,0.4889197999727912,None,,,,,,,,,,,,,,,,,,257645,right,yes,None,2025-05-06_15h16.18.266,RL_out-of-scanner,2024.2.4,59.78322602820239,2025-05-06 15h16.55.730739 -0700,
44,0,44,,,,,,,space,10.853266799997073,None,5,2.8617132999934256,None,222.10797810001532,k,None,222.50695599999744,222.50737900001695,225.02050340001006,225.02055640000617,226.0357397000189,226.0357900999952,228.0509114000015,0.3679553000256419,None,,,,,,,0,0,0,0,44,0,44,0,449.51734770002076,,,,,,,,,,,,,,,,,,,,,,,,,,,,,,,,,,,,,,,,,,,,,,,,,,,,,,,,222.10797810001532,449.5035372999846,449.51734770002076,449.51734770002076,449.51734770002076,449.51734770002076,449.9023332000361,k,left,1,9,3,1,25,18,None,222.50695599999744,222.50737900001695,449.90291950001847,449.91718210000545,449.91718210000545,452.4373063000385,452.4373063000385,452.4159373000148,225.02050340001006,225.02055640000617,452.4302246000152,452.4373063000385,452.4373063000385,453.4311783000012,stimuli/box_empty_transparent.png,226.0357397000189,226.0357900999952,453.431326800026,453.4470128000248,455.4631924999994,455.44637030002195,228.0509114000015,0.3679553000256419,None,,,,,,,,,,,,,,,,,,257645,right,yes,None,2025-05-06_15h16.18.266,RL_out-of-scanner,2024.2.4,59.78322602820239,2025-05-06 15h16.55.730739 -0700,
45,0,45,,,,,,,space,10.853266799997073,None,5,2.8617132999934256,None,228.0533509000088,j,None,228.48591270000907,228.48639830003958,229.50052570004482,229.5005802999949,230.5153427000041,230.51538860000437,231.514927500044,0.4039805000065826,None,,,,,,,0,0,0,0,45,0,45,0,455.4631924999994,,,,,,,,,,,,,,,,,,,,,,,,,,,,,,,,,,,,,,,,,,,,,,,,,,,,,,,,228.0533509000088,455.4489067000104,455.4631924999994,455.4631924999994,455.4631924999994,455.4631924999994,455.88129079999635,j,left,1,9,4,1,26,19,None,228.48591270000907,228.48639830003958,455.88194250001106,455.8961010000203,455.8961010000203,456.92066480003996,456.92066480003996,456.89595149998786,229.50052570004482,229.5005802999949,456.9134410000406,456.92066480003996,456.92066480003996,457.9107995000086,stimuli/box_coin_transparent.png,230.5153427000041,230.51538860000437,457.91092170000775,457.92685899999924,458.9270399000379,458.9103875000146,231.514927500044,0.4039805000065826,None,,,,,,,,,,,,,,,,,,257645,right,yes,None,2025-05-06_15h16.18.266,RL_out-of-scanner,2024.2.4,59.78322602820239,2025-05-06 15h16.55.730739 -0700,
46,0,46,,,,,,,space,10.853266799997073,None,5,2.8617132999934256,None,231.5173551000189,j,None,232.08313670003554,232.0836193000432,234.09645539999474,234.09651160001522,235.11183720000554,235.11189600004582,236.1276010000147,0.5484203000087291,None,,,,,,,0,0,0,0,46,0,46,0,458.9270399000379,,,,,,,,,,,,,,,,,,,,,,,,,,,,,,,,,,,,,,,,,,,,,,,,,,,,,,,,231.5173551000189,458.9129109000205,458.9270399000379,458.9270399000379,458.9270399000379,458.9270399000379,459.47851580003044,j,left,1,9,5,1,27,20,None,232.08313670003554,232.0836193000432,459.47916410001926,459.492991600011,459.492991600011,461.51644530001795,461.51644530001795,461.4918908000109,234.09645539999474,234.09651160001522,461.5094914000365,461.51644530001795,461.51644530001795,462.5072661000304,stimuli/box_coin_transparent.png,235.11183720000554,235.11189600004582,462.50743490003515,462.5234787000227,463.53961219999474,463.5230657000211,236.1276010000147,0.5484203000087291,None,,,,,,,,,,,,,,,,,,257645,right,yes,None,2025-05-06_15h16.18.266,RL_out-of-scanner,2024.2.4,59.78322602820239,2025-05-06 15h16.55.730739 -0700,
47,0,47,,,,,,,space,10.853266799997073,None,5,2.8617132999934256,None,236.1310741000343,j,None,236.59586370002944,236.59630540001672,239.6083279000013,239.60836270003347,240.60806890000822,240.60809759999393,242.12317370000528,0.4390461000148207,None,,,,,,,0,0,0,0,47,0,47,0,463.53961219999474,,,,,,,,,,,,,,,,,,,,,,,,,,,,,,,,,,,,,,,,,,,,,,,,,,,,,,,,236.1310741000343,463.5266317999922,463.53961219999474,463.53961219999474,463.53961219999474,463.53961219999474,463.99123710003914,j,left,1,9,6,1,28,21,None,236.59586370002944,236.59630540001672,463.9918467000243,464.0059874000144,464.0059874000144,467.0200421999907,467.0200421999907,467.00377880001906,239.6083279000013,239.60836270003347,467.01421150000533,467.0200421999907,467.0200421999907,468.00353869999526,stimuli/box_coin_transparent.png,240.60806890000822,240.60809759999393,468.00361379998503,468.0190596000175,469.53492170001846,469.5186343000387,242.12317370000528,0.4390461000148207,None,,,468.0190596000175,468.0190596000175,,,,,,,,,,,,,,257645,right,yes,None,2025-05-06_15h16.18.266,RL_out-of-scanner,2024.2.4,59.78322602820239,2025-05-06 15h16.55.730739 -0700,
48,0,48,,,,,,,space,10.853266799997073,None,5,2.8617132999934256,None,242.1256763000274,k,None,242.4572628000169,242.45765620004386,243.97195030003786,243.97200569999404,244.9871356000076,244.98718550003832,248.50153700000374,0.3042077000136487,None,,,,,,,0,0,0,0,48,0,48,0,469.53492170001846,,,,,,,,,,,,,,,,,,,,,,,,,,,,,,,,,,,,,,,,,,,,,,,,,,,,,,,,242.1256763000274,469.52122910000617,469.53492170001846,469.53492170001846,469.53492170001846,469.53492170001846,469.8526215000311,k,left,1,9,6,1,28,21,None,242.4572628000169,242.45765620004386,469.8531941000256,469.8678931000177,469.8678931000177,471.38875640003243,471.38875640003243,471.36735499999486,243.97195030003786,243.97200569999404,471.3816733999993,471.38875640003243,471.38875640003243,472.3825829999987,stimuli/box_empty_transparent.png,244.9871356000076,244.98718550003832,472.3827227000147,472.3985718000331,475.91316330002155,475.8969975000364,248.50153700000374,0.3042077000136487,None,,,,,,,,,,,,,,,,,,257645,right,yes,None,2025-05-06_15h16.18.266,RL_out-of-scanner,2024.2.4,59.78322602820239,2025-05-06 15h16.55.730739 -0700,
49,0,49,,,,,,,space,10.853266799997073,None,5,2.8617132999934256,None,248.5043751000194,j,None,248.95304450002732,248.95349770004395,250.46674400003394,250.46679800003767,251.48209880001377,251.48214680003002,251.48295360000338,0.42493929999182,None,,,,,,,0,0,0,0,49,0,49,0,475.91316330002155,,,,,,,,,,,,,,,,,,,,,,,,,,,,,,,,,,,,,,,,,,,,,,,,,,,,,,,,248.5043751000194,475.8999312000233,475.91316330002155,475.91316330002155,475.91316330002155,475.91316330002155,476.34841909998795,j,left,1,9,7,1,29,22,None,248.95304450002732,248.95349770004395,476.34904000000097,476.3625861000037,476.3625861000037,477.88718459999654,477.88718459999654,477.86217819998274,250.46674400003394,250.46679800003767,477.8798059000401,477.88718459999654,477.88718459999654,478.8775554000167,stimuli/box_coin_transparent.png,251.48209880001377,251.48214680003002,478.8776807000395,478.9513120999909,478.9513120999909,478.8784186000121,251.48295360000338,0.42493929999182,None,,,,,,,,,,,,,,,,,,257645,right,yes,None,2025-05-06_15h16.18.266,RL_out-of-scanner,2024.2.4,59.78322602820239,2025-05-06 15h16.55.730739 -0700,
0,0,0,,,,,,,space,10.853266799997073,None,5,2.8617132999934256,None,,,,,,,,,,,,,,,,,,,0,0,0,0,,,,,,,,,,,,,,,,,,,,,,,,,,,,,,,,,,,,,,,,,,,,,,,,,,,,,,,,,,,,,,,,,,,,,,,,,,,,,,,,,,,,,,,,,,,,,,,,,,,,,,,,,478.94631209998624,478.9513120999909,482.89003960002447,482.8933537999983,482.9068391000037,532.3672037000069,532.35104030004,,,,,,,257645,right,yes,None,2025-05-06_15h16.18.266,RL_out-of-scanner,2024.2.4,59.78322602820239,2025-05-06 15h16.55.730739 -0700,
0,0,0,,,,,,,space,7.445799799985252,None,5,3.3460015000309795,None,0.002014000026974827,None,None,1.4992913999594748,1.49936430004891,2.498515099985525,2.498567400034517,3.5134151000529528,3.513442700030282,5.528650299995206,,,,,,,,,1,0,1,0,0,0,0,0,543.2090962000075,,,,,,,,,,,,,,,,,,,,,,,,,,,,,,,,,,,,,,,,,,532.3511717999936,532.3672037000069,532.3672037000069,539.8289093000349,space,7.445799799985252,None,539.828985500033,539.8444592999876,539.8444592999876,543.1928743000026,5,3.3460015000309795,None,0.002014000026974827,543.1949694000068,543.2090962000075,543.2090962000075,543.2090962000075,543.2090962000075,544.6921551999985,None,right,1,10,0,2,29,0,None,1.4992913999594748,1.49936430004891,544.6923054999788,544.7078999999794,544.7078999999794,545.7082940999535,545.7082940999535,545.6913700999576,2.498515099985525,2.498567400034517,545.6989101999789,545.7082940999535,545.7082940999535,546.7063120999956,no selection made,3.5134151000529528,3.513442700030282,546.706378700037,546.7227154999855,548.7379418999772,548.7215447000344,5.528650299995206,,,,,,,,,,,,,,544.7078999999794,544.7078999999794,544.7078999999794,544.7078999999794,,,257645,right,yes,None,2025-05-06_15h16.18.266,RL_out-of-scanner,2024.2.4,59.78322602820239,2025-05-06 15h16.55.730739 -0700,
1,0,1,,,,,,,space,7.445799799985252,None,5,3.3460015000309795,None,5.530224899994209,k,None,6.0957430000416934,6.096002300037071,7.610733499983326,7.610769600025378,8.626434199977666,8.62646689999383,10.125534099992365,0.5368339000269771,None,,,,,,,1,0,1,0,1,0,1,0,548.7379418999772,,,,,,,,,,,,,,,,,,,,,,,,,,,,,,,,,,,,,,,,,,,,,,,,,,,,,,,,5.530224899994209,548.7231910999981,548.7379418999772,548.7379418999772,548.7379418999772,548.7379418999772,549.2885899000685,k,right,1,10,1,2,30,1,None,6.0957430000416934,6.096002300037071,549.2889477999997,549.304554399976,549.304554399976,550.8199983999948,550.8199983999948,550.8036098000011,7.610733499983326,7.610769600025378,550.8138069999986,550.8199983999948,550.8199983999948,551.819329400023,stimuli/box_coin_transparent.png,8.626434199977666,8.62646689999383,551.8194097000523,551.8352109999978,553.3343918000464,553.318427900027,10.125534099992365,0.5368339000269771,None,,,,,,,,,,,,,,,,,,257645,right,yes,None,2025-05-06_15h16.18.266,RL_out-of-scanner,2024.2.4,59.78322602820239,2025-05-06 15h16.55.730739 -0700,
2,0,2,,,,,,,space,7.445799799985252,None,5,3.3460015000309795,None,10.126991800032556,j,None,10.49253819999285,10.492820400046185,11.49133069999516,11.491367900045589,12.506693099974655,12.50672519998625,15.5210954999784,0.3409293999429792,None,,,,,,,1,0,1,0,2,0,2,0,553.3343918000464,,,,,,,,,,,,,,,,,,,,,,,,,,,,,,,,,,,,,,,,,,,,,,,,,,,,,,,,10.126991800032556,553.3199521999923,553.3343918000464,553.3343918000464,553.3343918000464,553.3343918000464,553.6853859000257,j,right,1,10,1,2,30,1,None,10.49253819999285,10.492820400046185,553.6857666000142,553.7006737000193,553.7006737000193,554.7004950000555,554.7004950000555,554.6842003999627,11.49133069999516,11.491367900045589,554.6925707000191,554.7004950000555,554.7004950000555,555.6995812999667,stimuli/box_empty_transparent.png,12.506693099974655,12.50672519998625,555.6996691000531,555.7155186000164,558.7304390000063,558.7139967000694,15.5210954999784,0.3409293999429792,None,,,,,,,,,,,,,,,,,,257645,right,yes,None,2025-05-06_15h16.18.266,RL_out-of-scanner,2024.2.4,59.78322602820239,2025-05-06 15h16.55.730739 -0700,
3,0,3,,,,,,,space,7.445799799985252,None,5,3.3460015000309795,None,15.52259349997621,k,None,15.971457800013013,15.97168179997243,17.985670599970035,17.985696000047028,19.00146209995728,19.001487800036557,20.017070300062187,0.4238380999304354,None,,,,,,,1,0,1,0,3,0,3,0,558.7304390000063,,,,,,,,,,,,,,,,,,,,,,,,,,,,,,,,,,,,,,,,,,,,,,,,,,,,,,,,15.52259349997621,558.715551500034,558.7304390000063,558.7304390000063,558.7304390000063,558.7304390000063,559.1643113999744,k,right,1,10,2,2,31,2,None,15.971457800013013,15.97168179997243,559.1646236000233,559.179570599983,559.179570599983,561.1954092999804,561.1954092999804,561.1785631999956,17.985670599970035,17.985696000047028,561.1854067000677,561.1954092999804,561.1954092999804,562.1943625000422,stimuli/box_coin_transparent.png,19.00146209995728,19.001487800036557,562.1944243000471,562.2102424000041,563.2262259000563,563.2099355999962,20.017070300062187,0.4238380999304354,None,,,,,,,,,,,,,,,,,,257645,right,yes,None,2025-05-06_15h16.18.266,RL_out-of-scanner,2024.2.4,59.78322602820239,2025-05-06 15h16.55.730739 -0700,
4,0,4,,,,,,,space,7.445799799985252,None,5,3.3460015000309795,None,20.01819750003051,j,None,20.550618899986148,20.55083319998812,21.549790099961683,21.549815300037153,22.565233599976636,22.56525760004297,25.07982520002406,0.5135001000016928,None,,,,,,,1,0,1,0,4,0,4,0,563.2262259000563,,,,,,,,,,,,,,,,,,,,,,,,,,,,,,,,,,,,,,,,,,,,,,,,,,,,,,,,20.01819750003051,563.2111486000358,563.2262259000563,563.2262259000563,563.2262259000563,563.2262259000563,563.7434840000351,j,right,1,10,2,2,31,2,None,20.550618899986148,20.55083319998812,563.7437719000154,563.7594062999706,563.7594062999706,564.7592422000016,564.7592422000016,564.7426799999666,21.549790099961683,21.549815300037153,564.7485342999571,564.7592422000016,564.7592422000016,565.7581328000524,stimuli/box_empty_transparent.png,22.565233599976636,22.56525760004297,565.7581947000581,565.7738968000631,568.288910500065,568.2727107999963,25.07982520002406,0.5135001000016928,None,,,,,,,,,,,,,,,,,,257645,right,yes,None,2025-05-06_15h16.18.266,RL_out-of-scanner,2024.2.4,59.78322602820239,2025-05-06 15h16.55.730739 -0700,
5,0,5,,,,,,,space,7.445799799985252,None,5,3.3460015000309795,None,25.081407099962234,k,None,26.131561600021087,26.131957500008866,29.644032899988815,29.644088500062935,30.65899480006192,30.65904389997013,32.674211199977435,1.0311633000383154,None,,,,,,,1,0,1,0,5,0,5,0,568.288910500065,,,,,,,,,,,,,,,,,,,,,,,,,,,,,,,,,,,,,,,,,,,,,,,,,,,,,,,,25.081407099962234,568.2743718999554,568.288910500065,568.288910500065,568.288910500065,568.288910500065,569.324359500024,k,right,0,10,2,2,32,2,None,26.131561600021087,26.131957500008866,569.3249230000074,569.3388936999836,569.3388936999836,572.8577293999842,572.8577293999842,572.8368850000552,29.644032899988815,29.644088500062935,572.8508479999728,572.8577293999842,572.8577293999842,573.8518719999702,stimuli/box_empty_transparent.png,30.65899480006192,30.65904389997013,573.8520043000462,573.8678393000155,575.8835173999541,575.8671009999816,32.674211199977435,1.0311633000383154,None,,,,,,,,,,,,,,,,,,257645,right,yes,None,2025-05-06_15h16.18.266,RL_out-of-scanner,2024.2.4,59.78322602820239,2025-05-06 15h16.55.730739 -0700,
6,0,6,,,,,,,space,7.445799799985252,None,5,3.3460015000309795,None,32.67671120003797,j,None,33.52544430003036,33.52589200006332,34.523315500002354,34.523402599967085,35.53827420005109,35.53832070005592,36.53777080005966,0.8227269999915734,None,,,,,,,1,0,1,0,6,0,6,0,575.8835173999541,,,,,,,,,,,,,,,,,,,,,,,,,,,,,,,,,,,,,,,,,,,,,,,,,,,,,,,,32.67671120003797,575.8696917000343,575.8835173999541,575.8835173999541,575.8835173999541,575.8835173999541,576.7182462000637,j,right,0,10,2,2,32,2,None,33.52544430003036,33.52589200006332,576.7188891000696,576.7328892000369,576.7328892000369,577.737386700057,577.737386700057,577.7161672000657,34.523315500002354,34.523402599967085,577.7303247000673,577.737386700057,577.737386700057,578.7311556999921,stimuli/box_empty_transparent.png,35.53827420005109,35.53832070005592,578.7312789999996,578.7471706000506,579.7468050000607,579.7306613999535,36.53777080005966,0.8227269999915734,None,,,,,,,,,,,,,,,,,,257645,right,yes,None,2025-05-06_15h16.18.266,RL_out-of-scanner,2024.2.4,59.78322602820239,2025-05-06 15h16.55.730739 -0700,
7,0,7,,,,,,,space,7.445799799985252,None,5,3.3460015000309795,None,36.54027550003957,k,None,37.03869099996518,37.03911410004366,39.052683699992485,39.05271940003149,40.06828060001135,40.06833330006339,42.083763299975544,0.4677287000231445,None,,,,,,,1,0,1,0,7,0,7,0,579.7468050000607,,,,,,,,,,,,,,,,,,,,,,,,,,,,,,,,,,,,,,,,,,,,,,,,,,,,,,,,36.54027550003957,579.7332534000161,579.7468050000607,579.7468050000607,579.7468050000607,579.7468050000607,580.2314951000153,k,right,1,10,3,2,33,3,None,37.03869099996518,37.03911410004366,580.2320867999806,580.2463502999744,580.2463502999744,582.2628000999684,582.2628000999684,582.2455610000179,39.052683699992485,39.05271940003149,582.2561975999852,582.2628000999684,582.2628000999684,583.2611618000665,stimuli/box_coin_transparent.png,40.06828060001135,40.06833330006339,583.2612918000086,583.2769147999934,585.2928457999951,585.2766495000687,42.083763299975544,0.4677287000231445,None,,,,,,,,,,,,,,,,,,257645,right,yes,None,2025-05-06_15h16.18.266,RL_out-of-scanner,2024.2.4,59.78322602820239,2025-05-06 15h16.55.730739 -0700,
8,0,8,,,,,,,space,7.445799799985252,None,5,3.3460015000309795,None,42.08635320002213,k,None,42.551545900059864,42.551937800017186,45.564238799968734,45.5642948000459,46.57942209998146,46.579469199990854,48.09509880002588,0.43670870002824813,None,,,,,,,1,0,1,0,8,0,8,0,585.2928457999951,,,,,,,,,,,,,,,,,,,,,,,,,,,,,,,,,,,,,,,,,,,,,,,,,,,,,,,,42.08635320002213,585.279340200068,585.2928457999951,585.2928457999951,585.2928457999951,585.2928457999951,585.744339100027,k,right,1,10,4,2,34,4,None,42.551545900059864,42.551937800017186,585.7449027000112,585.7592068999656,585.7592068999656,588.7820009999559,588.7820009999559,588.7570983999758,45.564238799968734,45.5642948000459,588.774737800064,588.7820009999559,588.7820009999559,589.7723036000389,stimuli/box_coin_transparent.png,46.57942209998146,46.579469199990854,589.7724288000609,589.788545999967,591.3039924000041,591.2879990999936,48.09509880002588,0.43670870002824813,None,,,,,,,,,,,,,,,,,,257645,right,yes,None,2025-05-06_15h16.18.266,RL_out-of-scanner,2024.2.4,59.78322602820239,2025-05-06 15h16.55.730739 -0700,
9,0,9,,,,,,,space,7.445799799985252,None,5,3.3460015000309795,None,48.09657619998325,j,None,48.446424299967475,48.44671639997978,49.960341900005005,49.96039739996195,50.97560320002958,50.975652900058776,52.99071170005482,0.3297125999815762,None,,,,,,,1,0,1,0,9,0,9,0,591.3039924000041,,,,,,,,,,,,,,,,,,,,,,,,,,,,,,,,,,,,,,,,,,,,,,,,,,,,,,,,48.09657619998325,591.2895326000289,591.3039924000041,591.3039924000041,591.3039924000041,591.3039924000041,591.6392704999889,j,right,1,10,4,2,34,4,None,48.446424299967475,48.44671639997978,591.6396636999561,591.6541475999984,591.6541475999984,593.1700000999845,593.1700000999845,593.1532016000128,49.960341900005005,49.96039739996195,593.1617593999836,593.1700000999845,593.1700000999845,594.1684834999614,stimuli/box_empty_transparent.png,50.97560320002958,50.975652900058776,594.1686127000139,594.1848172000027,596.200136200001,596.1835997000453,52.99071170005482,0.3297125999815762,None,,,,,,,,,,,,,,,,,,257645,right,yes,None,2025-05-06_15h16.18.266,RL_out-of-scanner,2024.2.4,59.78322602820239,2025-05-06 15h16.55.730739 -0700,
10,0,10,,,,,,,space,7.445799799985252,None,5,3.3460015000309795,None,52.992997399996966,k,None,53.34172490006313,53.341971699963324,54.84019829996396,54.84023440000601,55.85511470003985,55.85516360006295,56.854711599997245,0.33193139999639243,None,,,,,,,1,0,1,0,10,0,10,0,596.200136200001,,,,,,,,,,,,,,,,,,,,,,,,,,,,,,,,,,,,,,,,,,,,,,,,,,,,,,,,52.992997399996966,596.1859769999865,596.200136200001,596.200136200001,596.200136200001,596.200136200001,596.5345730999834,k,right,1,10,5,2,35,5,None,53.34172490006313,53.341971699963324,596.5349171000416,596.5498830000288,596.5498830000288,598.0497946000542,598.0497946000542,598.033076599997,54.84019829996396,54.84023440000601,598.0434079999686,598.0497946000542,598.0497946000542,599.0479889000417,stimuli/box_coin_transparent.png,55.85511470003985,55.85516360006295,599.0481255000341,599.0643850999768,600.0641854999703,600.047602000006,56.854711599997245,0.33193139999639243,None,,,,,,,,,,,,,,,,,,257645,right,yes,None,2025-05-06_15h16.18.266,RL_out-of-scanner,2024.2.4,59.78322602820239,2025-05-06 15h16.55.730739 -0700,
11,0,11,,,,,,,space,7.445799799985252,None,5,3.3460015000309795,None,56.85723500000313,j,None,57.438974900054745,57.43943849997595,59.45336639997549,59.45345370005816,60.468386200023815,60.468435000046156,61.98462100001052,0.5610184000106528,None,,,,,,,1,0,1,0,11,0,11,0,600.0641854999703,,,,,,,,,,,,,,,,,,,,,,,,,,,,,,,,,,,,,,,,,,,,,,,,,,,,,,,,56.85723500000313,600.0502159000025,600.0641854999703,600.0641854999703,600.0641854999703,600.0641854999703,600.6317794999923,j,right,1,10,5,2,35,5,None,57.438974900054745,57.43943849997595,600.632405899989,600.6470372999902,600.6470372999902,602.6677880000207,602.6677880000207,602.6462183000403,59.45336639997549,59.45345370005816,602.6606318000122,602.6677880000207,602.6677880000207,603.6612681999686,stimuli/box_empty_transparent.png,60.468386200023815,60.468435000046156,603.6613937999937,603.677411099954,605.1934055999736,605.1775055999751,61.98462100001052,0.5610184000106528,None,,,,,,,,,,,,,,,,,,257645,right,yes,None,2025-05-06_15h16.18.266,RL_out-of-scanner,2024.2.4,59.78322602820239,2025-05-06 15h16.55.730739 -0700,
12,0,12,,,,,,,space,7.445799799985252,None,5,3.3460015000309795,None,61.987061199964955,k,None,62.518900600029156,62.51929500000551,63.533481499995105,63.533537200069986,64.5489204999758,64.54897050000727,67.56347150006332,0.5065740999998525,None,,,,,,,1,0,1,0,12,0,12,0,605.1934055999736,,,,,,,,,,,,,,,,,,,,,,,,,,,,,,,,,,,,,,,,,,,,,,,,,,,,,,,,61.987061199964955,605.1800388000556,605.1934055999736,605.1934055999736,605.1934055999736,605.1934055999736,605.7116954000085,k,right,1,10,6,2,36,6,None,62.518900600029156,62.51929500000551,605.7122598999995,605.7262520000222,605.7262520000222,606.7515831000055,606.7515831000055,606.7263335000607,63.533481499995105,63.533537200069986,606.743945800059,606.7515831000055,606.7515831000055,607.7417931999662,stimuli/box_coin_transparent.png,64.5489204999758,64.54897050000727,607.7419335999875,607.7574145000544,610.7723634000286,610.7563581000431,67.56347150006332,0.5065740999998525,None,,,,,,,,,,,,,,,,,,257645,right,yes,None,2025-05-06_15h16.18.266,RL_out-of-scanner,2024.2.4,59.78322602820239,2025-05-06 15h16.55.730739 -0700,
13,0,13,,,,,,,space,7.445799799985252,None,5,3.3460015000309795,None,67.56605939997826,j,None,68.08038329996634,68.08084059995599,68.58001849998254,68.58007250004448,69.59457509999629,69.59462250000797,71.61021519999485,0.4905354999937117,None,,,,,,,1,0,1,0,13,0,13,0,610.7723634000286,,,,,,,,,,,,,,,,,,,,,,,,,,,,,,,,,,,,,,,,,,,,,,,,,,,,,,,,67.56605939997826,610.7590391999693,610.7723634000286,610.7723634000286,610.7723634000286,610.7723634000286,611.2731902000378,j,right,1,10,6,2,36,6,None,68.08038329996634,68.08084059995599,611.2738091999781,611.2885741000646,611.2885741000646,611.794417499972,611.794417499972,611.7728715000558,68.58001849998254,68.58007250004448,611.7868576000328,611.794417499972,611.794417499972,612.7874575000606,stimuli/box_empty_transparent.png,69.59457509999629,69.59462250000797,612.7875906000263,612.8037753999815,614.8191555999801,614.8031005999655,71.61021519999485,0.4905354999937117,None,,,,,,,,,,,,,,,,,,257645,right,yes,None,2025-05-06_15h16.18.266,RL_out-of-scanner,2024.2.4,59.78322602820239,2025-05-06 15h16.55.730739 -0700,
14,0,14,,,,,,,space,7.445799799985252,None,5,3.3460015000309795,None,71.61275830003433,k,None,72.0450232999865,72.04541949997656,73.5592799000442,73.55933540000115,74.57386010000482,74.57390840002336,75.57357190002222,0.40379470004700124,None,,,,,,,1,0,1,0,14,0,14,0,614.8191555999801,,,,,,,,,,,,,,,,,,,,,,,,,,,,,,,,,,,,,,,,,,,,,,,,,,,,,,,,71.61275830003433,614.8057408000459,614.8191555999801,614.8191555999801,614.8191555999801,614.8191555999801,615.2378222999978,k,right,0,10,6,2,37,6,None,72.0450232999865,72.04541949997656,615.2383848999743,615.2527609000099,615.2527609000099,616.773289899982,616.773289899982,616.7521295999759,73.5592799000442,73.55933540000115,616.7660692000645,616.773289899982,616.773289899982,617.7667426999542,stimuli/box_empty_transparent.png,74.57386010000482,74.57390840002336,617.7668676999747,617.7828504000208,618.7826951000025,618.7664575999952,75.57357190002222,0.40379470004700124,None,,,,,,,,,,,,,,,,,,257645,right,yes,None,2025-05-06_15h16.18.266,RL_out-of-scanner,2024.2.4,59.78322602820239,2025-05-06 15h16.55.730739 -0700,
15,0,15,,,,,,,space,7.445799799985252,None,5,3.3460015000309795,None,75.57611010002438,j,None,76.02496409998275,76.02542409999296,77.02295889996458,77.02301540004555,78.03781380003784,78.03786080004647,80.05294429999776,0.4248410000000149,None,,,,,,,1,0,1,0,15,0,15,0,618.7826951000025,,,,,,,,,,,,,,,,,,,,,,,,,,,,,,,,,,,,,,,,,,,,,,,,,,,,,,,,75.57611010002438,618.7690907000215,618.7826951000025,618.7826951000025,618.7826951000025,618.7826951000025,619.2177663000184,j,right,0,10,6,2,37,6,None,76.02496409998275,76.02542409999296,619.2183929000166,619.2320807000506,619.2320807000506,620.2368383999565,620.2368383999565,620.2158111000317,77.02295889996458,77.02301540004555,620.2297297999612,620.2368383999565,620.2368383999565,621.2306966999895,stimuli/box_empty_transparent.png,78.03781380003784,78.03786080004647,621.2308190999902,621.24682020006,623.2620941000641,623.2458329999936,80.05294429999776,0.4248410000000149,None,,,,,,,,,,,,,,,,,,257645,right,yes,None,2025-05-06_15h16.18.266,RL_out-of-scanner,2024.2.4,59.78322602820239,2025-05-06 15h16.55.730739 -0700,
16,0,16,,,,,,,space,7.445799799985252,None,5,3.3460015000309795,None,80.05685090005863,k,None,80.37133650004398,80.37173170002643,82.3848629000131,82.38491779996548,83.4003750999691,83.4004310000455,84.41572879999876,0.2855808000313118,None,,,,,,,1,0,1,0,16,0,16,0,623.2620941000641,,,,,,,,,,,,,,,,,,,,,,,,,,,,,,,,,,,,,,,,,,,,,,,,,,,,,,,,80.05685090005863,623.2498358999728,623.2620941000641,623.2620941000641,623.2620941000641,623.2620941000641,623.5641389999655,k,right,0,10,6,2,38,6,None,80.37133650004398,80.37173170002643,623.5646968000219,623.5787693999591,623.5787693999591,625.5995704000234,625.5995704000234,625.5777223000186,82.3848629000131,82.38491779996548,625.5920621000114,625.5995704000234,625.5995704000234,626.5932579000364,stimuli/box_empty_transparent.png,83.4003750999691,83.4004310000455,626.5933913000044,626.609158300038,627.6251026000245,627.608618600003,84.41572879999876,0.2855808000313118,None,,,,,,,,,,,,,,,,,,257645,right,yes,None,2025-05-06_15h16.18.266,RL_out-of-scanner,2024.2.4,59.78322602820239,2025-05-06 15h16.55.730739 -0700,
17,0,17,,,,,,,space,7.445799799985252,None,5,3.3460015000309795,None,84.41746260004584,j,None,84.78307050000876,84.78334800002631,85.78193719999399,85.78199539997149,86.79730310000014,86.79733370000031,87.81325889995787,0.33751620003022254,None,,,,,,,1,0,1,0,17,0,17,0,627.6251026000245,,,,,,,,,,,,,,,,,,,,,,,,,,,,,,,,,,,,,,,,,,,,,,,,,,,,,,,,84.41746260004584,627.6104210999911,627.6251026000245,627.6251026000245,627.6251026000245,627.6251026000245,627.9759196000523,j,right,0,10,6,2,38,6,None,84.78307050000876,84.78334800002631,627.9762947999989,627.9915839000023,627.9915839000023,628.9915360999876,628.9915360999876,628.9747376000159,85.78193719999399,85.78199539997149,628.9833398999763,628.9915360999876,628.9915360999876,629.9901986000477,stimuli/box_empty_transparent.png,86.79730310000014,86.79733370000031,629.9902771000634,630.0064099999727,631.0224653999903,631.0061596000451,87.81325889995787,0.33751620003022254,None,,,,,,,,,,,,,,,,,,257645,right,yes,None,2025-05-06_15h16.18.266,RL_out-of-scanner,2024.2.4,59.78322602820239,2025-05-06 15h16.55.730739 -0700,
18,0,18,,,,,,,space,7.445799799985252,None,5,3.3460015000309795,None,87.81474659999367,None,None,89.32871819997672,89.32882439997047,92.84353710000869,92.84359249996487,93.85868169995956,93.85873149998952,95.87364660005551,,,,,,,,,1,0,1,0,18,0,18,0,631.0224653999903,,,,,,,,,,,,,,,,,,,,,,,,,,,,,,,,,,,,,,,,,,,,,,,,,,,,,,,,87.81474659999367,631.0077037000447,631.0224653999903,631.0224653999903,631.0224653999903,631.0224653999903,632.5215445999638,None,right,0,10,6,2,38,6,None,89.32871819997672,89.32882439997047,632.5217833000352,632.5379806999699,632.5379806999699,636.0576090000686,636.0576090000686,636.0363886999548,92.84353710000869,92.84359249996487,636.0505068000057,636.0576090000686,636.0576090000686,637.0515647000284,no selection made,93.85868169995956,93.85873149998952,637.0516910000588,637.0678172000335,639.0828556999913,639.0665362000582,95.87364660005551,,,,,,,,,,,,,,,,,,,,257645,right,yes,None,2025-05-06_15h16.18.266,RL_out-of-scanner,2024.2.4,59.78322602820239,2025-05-06 15h16.55.730739 -0700,
19,0,19,,,,,,,space,7.445799799985252,None,5,3.3460015000309795,None,95.87612739996985,k,None,96.30810989998281,96.30853340006433,97.30638620001264,97.30644079996273,98.32167039997876,98.32171699998435,99.83712569996715,0.40046320005785674,None,,,,,,,1,0,1,0,19,0,19,0,639.0828556999913,,,,,,,,,,,,,,,,,,,,,,,,,,,,,,,,,,,,,,,,,,,,,,,,,,,,,,,,95.87612739996985,639.0691078999662,639.0828556999913,639.0828556999913,639.0828556999913,639.0828556999913,639.500914400036,k,right,1,10,7,2,39,7,None,96.30810989998281,96.30853340006433,639.5014981000568,639.5160892999847,639.5160892999847,640.5240292000235,640.5240292000235,640.4992468000273,97.30638620001264,97.30644079996273,640.5168385999859,640.5240292000235,640.5240292000235,641.5145514000324,stimuli/box_coin_transparent.png,98.32167039997876,98.32171699998435,641.5146765000536,641.5305835999898,643.0463272999623,643.0300162999774,99.83712569996715,0.40046320005785674,None,,,,,,,,,,,,,,,,,,257645,right,yes,None,2025-05-06_15h16.18.266,RL_out-of-scanner,2024.2.4,59.78322602820239,2025-05-06 15h16.55.730739 -0700,
20,0,20,,,,,,,space,7.445799799985252,None,5,3.3460015000309795,None,99.83964749996085,k,None,100.35550970002078,100.3559091000352,102.36957229999825,102.369628299959,103.3847413000185,103.38480250001885,105.3997759000631,0.48957249999511987,None,,,,,,,1,0,1,0,20,0,20,0,643.0463272999623,,,,,,,,,,,,,,,,,,,,,,,,,,,,,,,,,,,,,,,,,,,,,,,,,,,,,,,,99.83964749996085,643.0326271000667,643.0463272999623,643.0463272999623,643.0463272999623,643.0463272999623,643.5483122000587,k,right,1,10,8,2,40,8,None,100.35550970002078,100.3559091000352,643.5488730000216,643.5629795999848,643.5629795999848,645.5868908999837,645.5868908999837,645.562414199987,102.36957229999825,102.369628299959,645.5796194000286,645.5868908999837,645.5868908999837,646.5775882000453,stimuli/box_coin_transparent.png,103.3847413000185,103.38480250001885,646.5777667000075,646.5935206000577,648.6089573000208,648.5926594000193,105.3997759000631,0.48957249999511987,None,,,,,,,,,,,,,,,,,,257645,right,yes,None,2025-05-06_15h16.18.266,RL_out-of-scanner,2024.2.4,59.78322602820239,2025-05-06 15h16.55.730739 -0700,
21,0,21,,,,,,,space,7.445799799985252,None,5,3.3460015000309795,None,105.40237220004201,k,None,105.78381349996198,105.78423360001761,108.79743260005489,108.7974900000263,109.8124273000285,109.81247640005313,111.32813649997115,0.35852720006369054,None,,,,,,,1,0,1,0,21,0,21,0,648.6089573000208,,,,,,,,,,,,,,,,,,,,,,,,,,,,,,,,,,,,,,,,,,,,,,,,,,,,,,,,105.40237220004201,648.5953617999912,648.6089573000208,648.6089573000208,648.6089573000208,648.6089573000208,648.976620600035,k,right,1,10,9,2,41,9,None,105.78381349996198,105.78423360001761,648.9771998000215,648.9918206000584,648.9918206000584,652.01561209996,652.01561209996,651.9902851000079,108.79743260005489,108.7974900000263,652.0078651999938,652.01561209996,652.01561209996,653.005306899955,stimuli/box_coin_transparent.png,109.8124273000285,109.81247640005313,653.0054365000105,653.0212992999586,654.537223100022,654.5210256999708,111.32813649997115,0.35852720006369054,None,,,,,,,,,,,,,,,,,,257645,right,yes,None,2025-05-06_15h16.18.266,RL_out-of-scanner,2024.2.4,59.78322602820239,2025-05-06 15h16.55.730739 -0700,
22,0,22,,,,,,,space,7.445799799985252,None,5,3.3460015000309795,None,111.33064130006824,k,None,111.79580810002517,111.79623300000094,113.31043890002184,113.3104932999704,114.3257116000168,114.32576080004219,116.34087419998832,0.4344791999319568,None,,,,,,,1,0,1,0,22,0,22,0,654.537223100022,,,,,,,,,,,,,,,,,,,,,,,,,,,,,,,,,,,,,,,,,,,,,,,,,,,,,,,,111.33064130006824,654.5236200000509,654.537223100022,654.537223100022,654.537223100022,654.537223100022,654.988613399968,k,right,0,10,9,2,42,9,None,111.79580810002517,111.79623300000094,654.9891980999964,655.0039041999844,655.0039041999844,656.5253134000232,656.5253134000232,656.5032942999969,113.31043890002184,113.3104932999704,656.5176777999732,656.5253134000232,656.5253134000232,657.5185933999601,stimuli/box_empty_transparent.png,114.3257116000168,114.32576080004219,657.518722000008,657.5348059000098,659.550102899957,659.5337627999834,116.34087419998832,0.4344791999319568,None,,,,,,,,,,,,,,,,,,257645,right,yes,None,2025-05-06_15h16.18.266,RL_out-of-scanner,2024.2.4,59.78322602820239,2025-05-06 15h16.55.730739 -0700,
23,0,23,,,,,,,space,7.445799799985252,None,5,3.3460015000309795,None,116.34333599999081,j,None,116.75852460006718,116.75895020004828,118.25673779996578,118.25679330003913,119.27151400002185,119.2715607000282,120.78697140002623,0.39269910007715225,None,,,,,,,1,0,1,0,23,0,23,0,659.550102899957,,,,,,,,,,,,,,,,,,,,,,,,,,,,,,,,,,,,,,,,,,,,,,,,,,,,,,,,116.34333599999081,659.5363154999795,659.550102899957,659.550102899957,659.550102899957,659.550102899957,659.9513276999933,j,right,0,10,9,2,42,9,None,116.75852460006718,116.75895020004828,659.9519161000499,659.9663070999668,659.9663070999668,661.470572399965,661.470572399965,661.4495906000375,118.25673779996578,118.25679330003913,661.4634352999856,661.470572399965,661.470572399965,662.4643952999613,stimuli/box_empty_transparent.png,119.27151400002185,119.2715607000282,662.4645195999765,662.4805827000528,663.9962114999653,663.9798546999809,120.78697140002623,0.39269910007715225,None,,,,,,,,,,,,,,,,,,257645,right,yes,None,2025-05-06_15h16.18.266,RL_out-of-scanner,2024.2.4,59.78322602820239,2025-05-06 15h16.55.730739 -0700,
24,0,24,,,,,,,space,7.445799799985252,None,5,3.3460015000309795,None,120.78846660000272,k,None,121.62142119999044,121.62180970003828,123.63603170006536,123.63608920003753,124.65075370005798,124.65080050006509,126.1661489000544,0.8084574999520555,None,,,,,,,1,0,1,0,24,0,24,0,663.9962114999653,,,,,,,,,,,,,,,,,,,,,,,,,,,,,,,,,,,,,,,,,,,,,,,,,,,,,,,,120.78846660000272,663.9814302999876,663.9962114999653,663.9962114999653,663.9962114999653,663.9962114999653,664.8142253000406,k,right,1,10,10,2,43,10,None,121.62142119999044,121.62180970003828,664.8147739000269,664.829030599969,664.829030599969,666.8530688000028,666.8530688000028,666.8288836000138,123.63603170006536,123.63608920003753,666.8460566000431,666.8530688000028,666.8530688000028,667.8436366000096,stimuli/box_coin_transparent.png,124.65075370005798,124.65080050006509,667.8437592000118,667.85942719999,669.375370499969,669.3590389000601,126.1661489000544,0.8084574999520555,None,,,,,,,,,,,,,,,,,,257645,right,yes,None,2025-05-06_15h16.18.266,RL_out-of-scanner,2024.2.4,59.78322602820239,2025-05-06 15h16.55.730739 -0700,
25,0,25,,,,,,,space,7.445799799985252,None,5,3.3460015000309795,None,126.16864459996577,j,None,126.56793070002459,126.56838489999063,127.56596989999525,127.56602520006709,128.58077680005226,128.58082519995514,132.09533939999528,0.3690302000613883,None,,,,,,,1,0,1,0,25,0,25,0,669.375370499969,,,,,,,,,,,,,,,,,,,,,,,,,,,,,,,,,,,,,,,,,,,,,,,,,,,,,,,,126.16864459996577,669.3616256999667,669.375370499969,669.375370499969,669.375370499969,669.375370499969,669.7607016000547,j,left,1,12,1,3,44,11,None,126.56793070002459,126.56838489999063,669.761351299996,669.7753758000326,669.7753758000326,670.7847085999674,670.7847085999674,670.7588197000441,127.56596989999525,127.56602520006709,670.7760463000159,670.7847085999674,670.7847085999674,671.7736578999902,stimuli/box_coin_transparent.png,128.58077680005226,128.58082519995514,671.7737854000297,671.7897785000387,675.3041293999995,675.2882245999645,132.09533939999528,0.3690302000613883,None,,,,,,,,,,,,,,,,,,257645,right,yes,None,2025-05-06_15h16.18.266,RL_out-of-scanner,2024.2.4,59.78322602820239,2025-05-06 15h16.55.730739 -0700,
26,0,26,,,,,,,space,7.445799799985252,None,5,3.3460015000309795,None,132.09774999995716,k,None,132.5457299000118,132.5461578000104,133.04509350005537,133.04514870001003,134.06033790006768,134.06038479995914,137.57394080003724,0.4241862000199035,None,,,,,,,1,0,1,0,26,0,26,0,675.3041293999995,,,,,,,,,,,,,,,,,,,,,,,,,,,,,,,,,,,,,,,,,,,,,,,,,,,,,,,,132.09774999995716,675.2907296000631,675.3041293999995,675.3041293999995,675.3041293999995,675.3041293999995,675.7385340000619,k,left,1,12,1,3,44,11,None,132.5457299000118,132.5461578000104,675.7391234000097,675.7541159999673,675.7541159999673,676.2595028000069,676.2595028000069,676.2379456000053,133.04509350005537,133.04514870001003,676.2523193000234,676.2595028000069,676.2595028000069,677.2532171999919,stimuli/box_empty_transparent.png,134.06033790006768,134.06038479995914,677.2533438000246,677.2689637999865,680.7830793000176,680.7668382999836,137.57394080003724,0.4241862000199035,None,,,,,,,,,,,,,,,,,,257645,right,yes,None,2025-05-06_15h16.18.266,RL_out-of-scanner,2024.2.4,59.78322602820239,2025-05-06 15h16.55.730739 -0700,
27,0,27,,,,,,,space,7.445799799985252,None,5,3.3460015000309795,None,137.5754353000084,j,None,138.19166400004178,138.19194559997413,139.70595580001827,139.7060115999775,140.72112260002177,140.7211714000441,141.72046630003024,0.5868507000850514,None,,,,,,,1,0,1,0,27,0,27,0,680.7830793000176,,,,,,,,,,,,,,,,,,,,,,,,,,,,,,,,,,,,,,,,,,,,,,,,,,,,,,,,137.5754353000084,680.7683920000563,680.7830793000176,680.7830793000176,680.7830793000176,680.7830793000176,681.3845095000579,j,left,1,12,2,3,45,12,None,138.19166400004178,138.19194559997413,681.3848932999535,681.3992973999702,681.3992973999702,682.9239285999793,682.9239285999793,682.8988037000527,139.70595580001827,139.7060115999775,682.9163896999671,682.9239285999793,682.9239285999793,683.9139886999619,stimuli/box_coin_transparent.png,140.72112260002177,140.7211714000441,683.9141299999901,683.9299517999752,684.9298451999784,684.9133570000413,141.72046630003024,0.5868507000850514,None,,,,,,,,,,,,,,,,,,257645,right,yes,None,2025-05-06_15h16.18.266,RL_out-of-scanner,2024.2.4,59.78322602820239,2025-05-06 15h16.55.730739 -0700,
28,0,28,,,,,,,space,7.445799799985252,None,5,3.3460015000309795,None,141.72299869998824,k,None,142.12220260000322,142.12260540004354,143.1363961000461,143.1364330999786,144.1520982000511,144.15215680003166,147.66571970004588,0.3820342000108212,None,,,,,,,1,0,1,0,28,0,28,0,684.9298451999784,,,,,,,,,,,,,,,,,,,,,,,,,,,,,,,,,,,,,,,,,,,,,,,,,,,,,,,,141.72299869998824,684.9159796999884,684.9298451999784,684.9298451999784,684.9298451999784,684.9298451999784,685.3150049000396,k,left,1,12,2,3,45,12,None,142.12220260000322,142.12260540004354,685.315570100036,685.3298632000224,685.3298632000224,686.3457633000216,686.3457633000216,686.3292718000594,143.1363961000461,143.1364330999786,686.3379309999873,686.3457633000216,686.3457633000216,687.3449173999834,stimuli/box_empty_transparent.png,144.1520982000511,144.15215680003166,687.3451212000218,687.3609406999894,690.8750491999672,690.8586042000097,147.66571970004588,0.3820342000108212,None,,,,,,,,,,,,,,,,,,257645,right,yes,None,2025-05-06_15h16.18.266,RL_out-of-scanner,2024.2.4,59.78322602820239,2025-05-06 15h16.55.730739 -0700,
29,0,29,,,,,,,space,7.445799799985252,None,5,3.3460015000309795,None,147.66820099996403,j,None,148.11683600000106,148.117266700021,150.13153400004376,150.13159050000831,151.14628660003655,151.1463351000566,152.1460246000206,0.42992180003784597,None,,,,,,,1,0,1,0,29,0,29,0,690.8750491999672,,,,,,,,,,,,,,,,,,,,,,,,,,,,,,,,,,,,,,,,,,,,,,,,,,,,,,,,147.66820099996403,690.8611810999573,690.8750491999672,690.8750491999672,690.8750491999672,690.8750491999672,691.309641000058,j,left,1,12,3,3,46,13,None,148.11683600000106,148.117266700021,691.3102309000096,691.3248790000216,691.3248790000216,693.3488325999933,693.3488325999933,693.3243760000332,150.13153400004376,150.13159050000831,693.3415733000147,693.3488325999933,693.3488325999933,694.3391605000361,stimuli/box_coin_transparent.png,151.14628660003655,151.1463351000566,694.3392967000254,694.3550571000087,695.3550188000663,695.3389100999921,152.1460246000206,0.42992180003784597,None,,,,,,,,,,,,,,,,,,257645,right,yes,None,2025-05-06_15h16.18.266,RL_out-of-scanner,2024.2.4,59.78322602820239,2025-05-06 15h16.55.730739 -0700,
30,0,30,,,,,,,space,7.445799799985252,None,5,3.3460015000309795,None,152.1490530000301,j,None,152.91380930005107,152.9142946000211,153.91155429999344,153.9116103000706,154.92705639998894,154.92710950004403,155.9262069000397,0.7364517999812961,None,,,,,,,1,0,1,0,30,0,30,0,695.3550188000663,,,,,,,,,,,,,,,,,,,,,,,,,,,,,,,,,,,,,,,,,,,,,,,,,,,,,,,,152.1490530000301,695.34203660005,695.3550188000663,695.3550188000663,695.3550188000663,695.3550188000663,696.1066109999665,j,left,1,12,4,3,47,14,None,152.91380930005107,152.9142946000211,696.1072705999832,696.1209918000386,696.1209918000386,697.1284024000051,697.1284024000051,697.1044033000362,153.91155429999344,153.9116103000706,697.1215014999616,697.1284024000051,697.1284024000051,698.1199386000517,stimuli/box_coin_transparent.png,154.92705639998894,154.92710950004403,698.1200776000624,698.1355444000219,699.1355175000499,699.1190923000104,155.9262069000397,0.7364517999812961,None,,,,,,,,,,,,,,,,,,257645,right,yes,None,2025-05-06_15h16.18.266,RL_out-of-scanner,2024.2.4,59.78322602820239,2025-05-06 15h16.55.730739 -0700,
31,0,31,,,,,,,space,7.445799799985252,None,5,3.3460015000309795,None,155.92876829998568,j,None,156.91127709997818,156.91177760006394,159.92263369995635,159.92267080000602,160.93819370004348,160.93824080005288,163.45334300003015,0.953280600020662,None,,,,,,,1,0,1,0,31,0,31,0,699.1355175000499,,,,,,,,,,,,,,,,,,,,,,,,,,,,,,,,,,,,,,,,,,,,,,,,,,,,,,,,155.92876829998568,699.1217497999896,699.1355175000499,699.1355175000499,699.1355175000499,699.1355175000499,700.1040761999902,j,left,1,12,5,3,48,15,None,156.91127709997818,156.91177760006394,700.104753200023,700.1179229999543,700.1179229999543,703.132508599956,703.132508599956,703.1155094999704,159.92263369995635,159.92267080000602,703.1261806999682,703.132508599956,703.132508599956,704.1310740999761,stimuli/box_coin_transparent.png,160.93819370004348,160.93824080005288,704.1312017000164,704.1472116000368,706.6623440000112,706.6462294000085,163.45334300003015,0.953280600020662,None,,,,,,,,,,,,,,,,,,257645,right,yes,None,2025-05-06_15h16.18.266,RL_out-of-scanner,2024.2.4,59.78322602820239,2025-05-06 15h16.55.730739 -0700,
32,0,32,,,,,,,space,7.445799799985252,None,5,3.3460015000309795,None,163.4559365999885,k,None,163.805324499961,163.8057281000074,164.8192918000277,164.81934679998085,165.8345255999593,165.83457509998698,166.833971700049,0.31908889999613166,None,,,,,,,1,0,1,0,32,0,32,0,706.6623440000112,,,,,,,,,,,,,,,,,,,,,,,,,,,,,,,,,,,,,,,,,,,,,,,,,,,,,,,,163.4559365999885,706.648921200016,706.6623440000112,706.6623440000112,706.6623440000112,706.6623440000112,706.9981059999554,k,left,1,12,5,3,48,15,None,163.805324499961,163.8057281000074,706.9986927999998,707.0123470000108,707.0123470000108,708.0332674000529,708.0332674000529,708.0121439999784,164.8192918000277,164.81934679998085,708.0263378000236,708.0332674000529,708.0332674000529,709.0274000999634,stimuli/box_empty_transparent.png,165.8345255999593,165.83457509998698,709.0275372999604,709.0433099000365,710.0431606000639,710.0268597000395,166.833971700049,0.31908889999613166,None,,,,,,,,,,,,,,,,,,257645,right,yes,None,2025-05-06_15h16.18.266,RL_out-of-scanner,2024.2.4,59.78322602820239,2025-05-06 15h16.55.730739 -0700,
33,0,33,,,,,,,space,7.445799799985252,None,5,3.3460015000309795,None,166.8365033000009,j,None,167.26800719997846,167.26847859995905,169.28234529995825,169.2824003000278,170.29754579998553,170.2975945000071,171.81337700004224,0.40457390004303306,None,,,,,,,1,0,1,0,33,0,33,0,710.0431606000639,,,,,,,,,,,,,,,,,,,,,,,,,,,,,,,,,,,,,,,,,,,,,,,,,,,,,,,,166.8365033000009,710.0294909000513,710.0431606000639,710.0431606000639,710.0431606000639,710.0431606000639,710.4608151000575,j,left,0,12,5,3,49,15,None,167.26800719997846,167.26847859995905,710.4614467999781,710.4760405000416,710.4760405000416,712.4968568999902,712.4968568999902,712.4752044999623,169.28234529995825,169.2824003000278,712.4895124000614,712.4968568999902,712.4968568999902,713.490428100049,stimuli/box_empty_transparent.png,170.29754579998553,170.2975945000071,713.4905551999691,713.5067584000644,715.0224369000061,715.0062627000152,171.81337700004224,0.40457390004303306,None,,,,,,,,,,,,,,,,,,257645,right,yes,None,2025-05-06_15h16.18.266,RL_out-of-scanner,2024.2.4,59.78322602820239,2025-05-06 15h16.55.730739 -0700,
34,0,34,,,,,,,space,7.445799799985252,None,5,3.3460015000309795,None,171.81581649999134,k,None,172.21510450006463,172.21549950004555,175.22809019999113,175.2281462000683,176.2430717999814,176.24313529999927,178.75754839996807,0.3788504999829456,None,,,,,,,1,0,1,0,34,0,34,0,715.0224369000061,,,,,,,,,,,,,,,,,,,,,,,,,,,,,,,,,,,,,,,,,,,,,,,,,,,,,,,,171.81581649999134,715.0087952999747,715.0224369000061,715.0224369000061,715.0224369000061,715.0224369000061,715.4079043999664,k,left,0,12,5,3,49,15,None,172.21510450006463,172.21549950004555,715.4084641000372,715.4225416000118,715.4225416000118,718.4428682999569,718.4428682999569,718.4209343999973,175.22809019999113,175.2281462000683,718.4353114000405,718.4428682999569,718.4428682999569,719.4359542000457,stimuli/box_empty_transparent.png,176.2430717999814,176.24313529999927,719.4360966999666,719.4517247999902,721.9667186999577,721.9504344000597,178.75754839996807,0.3788504999829456,None,,,,,,,,,,,,,,,,,,257645,right,yes,None,2025-05-06_15h16.18.266,RL_out-of-scanner,2024.2.4,59.78322602820239,2025-05-06 15h16.55.730739 -0700,
35,0,35,,,,,,,space,7.445799799985252,None,5,3.3460015000309795,None,178.76003740006126,j,None,179.17529110005125,179.17577730002813,180.69027779996395,180.69033510005102,181.70500730001368,181.70505620003678,182.7047842000611,0.3921487999614328,None,,,,,,,1,0,1,0,35,0,35,0,721.9667186999577,,,,,,,,,,,,,,,,,,,,,,,,,,,,,,,,,,,,,,,,,,,,,,,,,,,,,,,,178.76003740006126,721.9530189000652,721.9667186999577,721.9667186999577,721.9667186999577,721.9667186999577,722.3680943999789,j,left,1,12,6,3,50,16,None,179.17529110005125,179.17577730002813,722.3687465000548,722.383399399987,722.383399399987,723.9051171000465,723.9051171000465,723.8831243999884,180.69027779996395,180.69033510005102,723.898937800026,723.9051171000465,723.9051171000465,724.8978881000658,stimuli/box_coin_transparent.png,181.70500730001368,181.70505620003678,724.8980194000178,724.9140893000294,725.9140191999613,725.8976728000562,182.7047842000611,0.3921487999614328,None,,,,,,,,,,,,,,,,,,257645,right,yes,None,2025-05-06_15h16.18.266,RL_out-of-scanner,2024.2.4,59.78322602820239,2025-05-06 15h16.55.730739 -0700,
36,0,36,,,,,,,space,7.445799799985252,None,5,3.3460015000309795,None,182.7073037000373,None,None,184.22008210001513,184.2201893000165,185.73607990005985,185.73613370000385,186.75133030000143,186.75138480006717,190.26529730006587,,,,,,,,,1,0,1,0,36,0,36,0,725.9140191999613,,,,,,,,,,,,,,,,,,,,,,,,,,,,,,,,,,,,,,,,,,,,,,,,,,,,,,,,182.7073037000373,725.9002837000298,725.9140191999613,725.9140191999613,725.9140191999613,725.9140191999613,727.4129062999855,None,left,1,12,6,3,50,16,None,184.22008210001513,184.2201893000165,727.4131482999655,727.4294403000386,727.4294403000386,728.9509886999731,728.9509886999731,728.9289406999596,185.73607990005985,185.73613370000385,728.9436308000586,728.9509886999731,728.9509886999731,729.9442111000535,no selection made,186.75133030000143,186.75138480006717,729.9443397999858,729.960329399968,733.4746951000416,733.4581876999582,190.26529730006587,,,,,,,,,,,,,,,,,,,,257645,right,yes,None,2025-05-06_15h16.18.266,RL_out-of-scanner,2024.2.4,59.78322602820239,2025-05-06 15h16.55.730739 -0700,
37,0,37,,,,,,,space,7.445799799985252,None,5,3.3460015000309795,None,190.26780160004273,k,None,190.68267460004427,190.6830635999795,192.69699049997143,192.6970447000349,193.71248760004528,193.71253430005163,194.71195470006205,0.3880518999649212,None,,,,,,,1,0,1,0,37,0,37,0,733.4746951000416,,,,,,,,,,,,,,,,,,,,,,,,,,,,,,,,,,,,,,,,,,,,,,,,,,,,,,,,190.26780160004273,733.4607819000375,733.4746951000416,733.4746951000416,733.4746951000416,733.4746951000416,733.8754805999924,k,left,1,12,6,3,50,16,None,190.68267460004427,190.6830635999795,733.876028299972,733.890793800063,733.890793800063,735.9111178999883,735.9111178999883,735.8898517999914,192.69699049997143,192.6970447000349,735.9043459999957,735.9111178999883,735.9111178999883,736.9053689999855,stimuli/box_empty_transparent.png,193.71248760004528,193.71253430005163,736.9055361999781,736.9214599000406,737.9210184000549,737.9048397000297,194.71195470006205,0.3880518999649212,None,,,,,,,,,,,,,,,,,,257645,right,yes,None,2025-05-06_15h16.18.266,RL_out-of-scanner,2024.2.4,59.78322602820239,2025-05-06 15h16.55.730739 -0700,
38,0,38,,,,,,,space,7.445799799985252,None,5,3.3460015000309795,None,194.71451870002784,j,None,195.0302406999981,195.03069150005467,196.04444239998702,196.04449929995462,197.05968259996735,197.0597289999714,198.57548850006424,0.29035569995176047,None,,,,,,,1,0,1,0,38,0,38,0,737.9210184000549,,,,,,,,,,,,,,,,,,,,,,,,,,,,,,,,,,,,,,,,,,,,,,,,,,,,,,,,194.71451870002784,737.9074995000265,737.9210184000549,737.9210184000549,737.9210184000549,737.9210184000549,738.2230437000399,j,left,1,12,7,3,51,17,None,195.0302406999981,195.03069150005467,738.2236583000631,738.2374019000563,738.2374019000563,739.2623342000297,739.2623342000297,739.2372910000267,196.04444239998702,196.04449929995462,739.2548570000217,739.2623342000297,739.2623342000297,740.2525653000339,stimuli/box_coin_transparent.png,197.05968259996735,197.0597289999714,740.2526923000696,740.26881400001,741.7843649000279,741.7683735000319,198.57548850006424,0.29035569995176047,None,,,,,,,,,,,,,,,,,,257645,right,yes,None,2025-05-06_15h16.18.266,RL_out-of-scanner,2024.2.4,59.78322602820239,2025-05-06 15h16.55.730739 -0700,
39,0,39,,,,,,,space,7.445799799985252,None,5,3.3460015000309795,None,198.57852690003347,k,None,198.99354519997723,198.99396089999937,199.9916605000617,199.99171900004148,201.0066891000606,201.00673779996578,202.02267340000253,0.3839837999548763,None,,,,,,,1,0,1,0,39,0,39,0,741.7843649000279,,,,,,,,,,,,,,,,,,,,,,,,,,,,,,,,,,,,,,,,,,,,,,,,,,,,,,,,198.57852690003347,741.7715177999926,741.7843649000279,741.7843649000279,741.7843649000279,741.7843649000279,742.1863467000076,k,left,1,12,7,3,51,17,None,198.99354519997723,198.99396089999937,742.1869255999918,742.2011579999817,742.2011579999817,743.2060336999712,743.2060336999712,743.1844503000029,199.9916605000617,199.99171900004148,743.1987872999744,743.2060336999712,743.2060336999712,744.1995698999963,stimuli/box_empty_transparent.png,201.0066891000606,201.00673779996578,744.1996982000419,744.2161816000589,745.2319728000439,745.215556799958,202.02267340000253,0.3839837999548763,None,,,,,,,,,,,,,,,,,,257645,right,yes,None,2025-05-06_15h16.18.266,RL_out-of-scanner,2024.2.4,59.78322602820239,2025-05-06 15h16.55.730739 -0700,
40,0,40,,,,,,,space,7.445799799985252,None,5,3.3460015000309795,None,202.02516570000444,j,None,202.4735014999751,202.47395779995713,203.98846789996605,203.98852590005845,205.00321540003642,205.00326240004506,206.00251490005758,0.4290205999277532,None,,,,,,,1,0,1,0,40,0,40,0,745.2319728000439,,,,,,,,,,,,,,,,,,,,,,,,,,,,,,,,,,,,,,,,,,,,,,,,,,,,,,,,202.02516570000444,745.2181448999909,745.2319728000439,745.2319728000439,745.2319728000439,745.2319728000439,745.6663063000306,j,left,0,12,7,3,52,17,None,202.4735014999751,202.47395779995713,745.6669249999686,745.6814662999823,745.6814662999823,747.2024021000252,747.2024021000252,747.1813194000279,203.98846789996605,203.98852590005845,747.1951566000353,747.2024021000252,747.2024021000252,748.1960962999729,stimuli/box_empty_transparent.png,205.00321540003642,205.00326240004506,748.1962217999971,748.2122372000595,749.2117525999784,749.1954051000648,206.00251490005758,0.4290205999277532,None,,,,,,,,,,,,,,,,,,257645,right,yes,None,2025-05-06_15h16.18.266,RL_out-of-scanner,2024.2.4,59.78322602820239,2025-05-06 15h16.55.730739 -0700,
41,0,41,,,,,,,space,7.445799799985252,None,5,3.3460015000309795,None,206.0050537000643,k,None,206.6044661999913,206.6048609999707,207.60185139998794,207.60190670005977,208.6169205000624,208.6169668000657,211.63140860002022,0.570515500032343,None,,,,,,,1,0,1,0,41,0,41,0,749.2117525999784,,,,,,,,,,,,,,,,,,,,,,,,,,,,,,,,,,,,,,,,,,,,,,,,,,,,,,,,206.0050537000643,749.1980340000591,749.2117525999784,749.2117525999784,749.2117525999784,749.2117525999784,749.7972686000285,k,left,0,12,7,3,52,17,None,206.6044661999913,206.6048609999707,749.79782659997,749.8114934999612,749.8114934999612,750.8165413999814,750.8165413999814,750.7947091999813,207.60185139998794,207.60190670005977,750.8089797000284,750.8165413999814,750.8165413999814,751.8098028000095,stimuli/box_empty_transparent.png,208.6169205000624,208.6169668000657,751.809925700014,751.8262918999535,754.8407185000251,754.8242971000145,211.63140860002022,0.570515500032343,None,,,,,,,,,,,,,,,,,,257645,right,yes,None,2025-05-06_15h16.18.266,RL_out-of-scanner,2024.2.4,59.78322602820239,2025-05-06 15h16.55.730739 -0700,
42,0,42,,,,,,,space,7.445799799985252,None,5,3.3460015000309795,None,211.63391610002145,j,None,211.98317410005257,211.9836436000187,213.9972971000243,213.99735279998276,215.0121247000061,215.01217760005966,218.5259134999942,0.321003400022164,None,,,,,,,1,0,1,0,42,0,42,0,754.8407185000251,,,,,,,,,,,,,,,,,,,,,,,,,,,,,,,,,,,,,,,,,,,,,,,,,,,,,,,,211.63391610002145,754.8268974000239,754.8407185000251,754.8407185000251,754.8407185000251,754.8407185000251,755.1759754999657,j,left,1,12,8,3,53,18,None,211.98317410005257,211.9836436000187,755.1766108000302,755.1906781000434,755.1906781000434,757.2151675000205,757.2151675000205,757.190149299975,213.9972971000243,213.99735279998276,757.2073009999585,757.2151675000205,757.2151675000205,758.2050059000612,stimuli/box_coin_transparent.png,215.0121247000061,215.01217760005966,758.2051365000079,758.2208261000342,761.7354200999835,761.7188041000045,218.5259134999942,0.321003400022164,None,,,,,,,,,,,,,,,,,,257645,right,yes,None,2025-05-06_15h16.18.266,RL_out-of-scanner,2024.2.4,59.78322602820239,2025-05-06 15h16.55.730739 -0700,
43,0,43,,,,,,,space,7.445799799985252,None,5,3.3460015000309795,None,218.5284184999764,j,None,219.09457600000314,219.09502440004144,220.10888710001018,220.10894309997093,221.12386669998523,221.12392130005173,223.13916470005643,0.5412404999369755,None,,,,,,,1,0,1,0,43,0,43,0,761.7354200999835,,,,,,,,,,,,,,,,,,,,,,,,,,,,,,,,,,,,,,,,,,,,,,,,,,,,,,,,218.5284184999764,761.7213972999598,761.7354200999835,761.7354200999835,761.7354200999835,761.7354200999835,762.2873724999954,j,left,0,12,8,3,54,18,None,219.09457600000314,219.09502440004144,762.2879915000522,762.302431499993,762.302431499993,763.3238248000271,763.3238248000271,763.3017398999655,220.10888710001018,220.10894309997093,763.316134200024,763.3238248000271,763.3238248000271,764.3167335000471,stimuli/box_empty_transparent.png,221.12386669998523,221.12392130005173,764.3168811000069,764.3327214000165,766.3482789999689,766.3320507000317,223.13916470005643,0.5412404999369755,None,,,,,,,,,,,,,,,,,,257645,right,yes,None,2025-05-06_15h16.18.266,RL_out-of-scanner,2024.2.4,59.78322602820239,2025-05-06 15h16.55.730739 -0700,
44,0,44,,,,,,,space,7.445799799985252,None,5,3.3460015000309795,None,223.14157520001754,k,None,223.70744390005711,223.70784010004718,226.22021090006456,226.22026440000627,227.23551270004828,227.23557360004634,229.25102910003625,0.5419658001046628,None,,,,,,,1,0,1,0,44,0,44,0,766.3482789999689,,,,,,,,,,,,,,,,,,,,,,,,,,,,,,,,,,,,,,,,,,,,,,,,,,,,,,,,223.14157520001754,766.3345563000184,766.3482789999689,766.3482789999689,766.3482789999689,766.3482789999689,766.9002462999779,k,left,0,12,8,3,54,18,None,223.70744390005711,223.70784010004718,766.9008048000396,766.9144185999758,766.9144185999758,769.4344529000227,769.4344529000227,769.4130715999636,226.22021090006456,226.22026440000627,769.4272325999918,769.4344529000227,769.4344529000227,770.428347899986,stimuli/box_empty_transparent.png,227.23551270004828,227.23557360004634,770.4285384000395,770.4445822999696,772.4600950000458,772.4439146000077,229.25102910003625,0.5419658001046628,None,,,,,,,,,,,,,,,,,,257645,right,yes,None,2025-05-06_15h16.18.266,RL_out-of-scanner,2024.2.4,59.78322602820239,2025-05-06 15h16.55.730739 -0700,
45,0,45,,,,,,,space,7.445799799985252,None,5,3.3460015000309795,None,229.2535645000171,j,None,229.6026726999553,229.60312620003242,230.6007840000093,230.60084159998223,231.6154934000224,231.61554010002874,232.61466970003676,0.32165709999389946,None,,,,,,,1,0,1,0,45,0,45,0,772.4600950000458,,,,,,,,,,,,,,,,,,,,,,,,,,,,,,,,,,,,,,,,,,,,,,,,,,,,,,,,229.2535645000171,772.4465447000111,772.4600950000458,772.4600950000458,772.4600950000458,772.4600950000458,772.7954642000259,j,left,1,12,9,3,55,19,None,229.6026726999553,229.60312620003242,772.7960962000652,772.8100508000352,772.8100508000352,773.8186996000004,773.8186996000004,773.7936353999539,230.6007840000093,230.60084159998223,773.8112341999658,773.8186996000004,773.8186996000004,774.8083751999657,stimuli/box_coin_transparent.png,231.6154934000224,231.61554010002874,774.8084994999808,774.8242073000292,775.8239058000618,775.8075602000463,232.61466970003676,0.32165709999389946,None,,,,,,,,,,,,,,,,,,257645,right,yes,None,2025-05-06_15h16.18.266,RL_out-of-scanner,2024.2.4,59.78322602820239,2025-05-06 15h16.55.730739 -0700,
46,0,46,,,,,,,space,7.445799799985252,None,5,3.3460015000309795,None,232.61715990002267,None,None,234.13021039997693,234.1303445000667,236.14652249997016,236.14657770004123,237.1608953999821,237.16094400000293,238.1608508999925,,,,,,,,,1,0,1,0,46,0,46,0,775.8239058000618,,,,,,,,,,,,,,,,,,,,,,,,,,,,,,,,,,,,,,,,,,,,,,,,,,,,,,,,232.61715990002267,775.8101405000198,775.8239058000618,775.8239058000618,775.8239058000618,775.8239058000618,777.3230324000469,None,left,1,12,9,3,55,19,None,234.13021039997693,234.1303445000667,777.3233053000295,777.339669799956,777.339669799956,779.361024700047,779.361024700047,779.3393743000343,236.14652249997016,236.14657770004123,779.3535072999657,779.361024700047,779.361024700047,780.353776700038,no selection made,237.1608953999821,237.16094400000293,780.3538997000433,780.3698375999811,781.3696557999938,781.3537373999716,238.1608508999925,,,,,,,,,,,,,,,,,,,,257645,right,yes,None,2025-05-06_15h16.18.266,RL_out-of-scanner,2024.2.4,59.78322602820239,2025-05-06 15h16.55.730739 -0700,
47,0,47,,,,,,,space,7.445799799985252,None,5,3.3460015000309795,None,238.16328460001387,j,None,238.57868060003966,238.57913029997144,241.59161040000618,241.59166529995855,242.60664969997015,242.60669599997345,244.1222463999875,0.3920726999640465,None,,,,,,,1,0,1,0,47,0,47,0,781.3696557999938,,,,,,,,,,,,,,,,,,,,,,,,,,,,,,,,,,,,,,,,,,,,,,,,,,,,,,,,238.16328460001387,781.3562636999995,781.3696557999938,781.3696557999938,781.3696557999938,781.3696557999938,781.7714819000685,j,left,1,12,10,3,56,20,None,238.57868060003966,238.57913029997144,781.772096199973,781.7862624000409,781.7862624000409,784.8094020999852,784.8094020999852,784.784470100014,241.59161040000618,241.59166529995855,784.8020626999787,784.8094020999852,784.8094020999852,785.7995313000283,stimuli/box_coin_transparent.png,242.60664969997015,242.60669599997345,785.7996548000374,785.8154935000348,787.3316197000095,787.3151361999917,244.1222463999875,0.3920726999640465,None,,,,,,,,,,,,,,,,,,257645,right,yes,None,2025-05-06_15h16.18.266,RL_out-of-scanner,2024.2.4,59.78322602820239,2025-05-06 15h16.55.730739 -0700,
48,0,48,,,,,,,space,7.445799799985252,None,5,3.3460015000309795,None,244.12474949995521,k,None,244.54046150005888,244.5408731000498,246.0547706000507,246.05482700001448,247.0696481000632,247.06969400006346,250.5836460000137,0.38606299995444715,None,,,,,,,1,0,1,0,48,0,48,0,787.3316197000095,,,,,,,,,,,,,,,,,,,,,,,,,,,,,,,,,,,,,,,,,,,,,,,,,,,,,,,,244.12474949995521,787.317730000068,787.3316197000095,787.3316197000095,787.3316197000095,787.3316197000095,787.7332565000397,k,left,1,12,10,3,56,20,None,244.54046150005888,244.5408731000498,787.7338399000582,787.7479485000367,787.7479485000367,789.269003900059,789.269003900059,789.2476159000653,246.0547706000507,246.05482700001448,789.2613795999787,789.269003900059,789.269003900059,790.2625300000072,stimuli/box_empty_transparent.png,247.0696481000632,247.06969400006346,790.2626526000095,790.2788217999623,793.7930918000056,793.7765333999996,250.5836460000137,0.38606299995444715,None,,,,,,,,,,,,,,,,,,257645,right,yes,None,2025-05-06_15h16.18.266,RL_out-of-scanner,2024.2.4,59.78322602820239,2025-05-06 15h16.55.730739 -0700,
49,0,49,,,,,,,space,7.445799799985252,None,5,3.3460015000309795,None,250.58616870001424,j,None,251.10205370001495,251.10250489995815,252.61594010004774,252.61599600000773,253.63133240002207,253.6314270000439,253.6321850999957,0.48918559995945543,None,,,,,,,1,0,1,0,49,0,49,0,793.7930918000056,,,,,,,,,,,,,,,,,,,,,,,,,,,,,,,,,,,,,,,,,,,,,,,,,,,,,,,,250.58616870001424,793.7791479000007,793.7930918000056,793.7930918000056,793.7930918000056,793.7930918000056,794.2948472999851,j,left,1,12,11,3,57,21,None,251.10205370001495,251.10250489995815,794.2954700999544,794.3094293999602,794.3094293999602,795.8330900000292,795.8330900000292,795.8088015000685,252.61594010004774,252.61599600000773,795.8263346000458,795.8330900000292,795.8330900000292,796.8242143999669,stimuli/box_coin_transparent.png,253.63133240002207,253.6314270000439,796.824388500012,796.8576057999744,796.8576057999744,796.8250825000578,253.6321850999957,0.48918559995945543,None,,,,,,,,,,,,,,,,,,257645,right,yes,None,2025-05-06_15h16.18.266,RL_out-of-scanner,2024.2.4,59.78322602820239,2025-05-06 15h16.55.730739 -0700,
1,0,1,,,,,,,space,7.445799799985252,None,5,3.3460015000309795,None,,,,,,,,,,,,,,,,,,,1,0,1,0,,,,,,,,,,,,,,,,,,,,,,,,,,,,,,,,,,,,,,,,,,,,,,,,,,,,,,,,,,,,,,,,,,,,,,,,,,,,,,,,,,,,,,,,,,,,,,,,,,,,,,,,,796.8520166000235,796.8576057999744,800.8371473999578,800.8372301000054,800.8541132000391,848.2992585000466,848.2837459999719,,,,,,,257645,right,yes,None,2025-05-06_15h16.18.266,RL_out-of-scanner,2024.2.4,59.78322602820239,2025-05-06 15h16.55.730739 -0700,
0,0,0,,,,,,,space,2.4362218999303877,None,5,0.6444428999675438,None,0.002840299974195659,j,None,1.1334925999399275,1.1339822999434546,2.1308881000149995,2.1309441999765113,3.1462121999356896,3.1462584999389946,5.161642999970354,1.100765599985607,None,,,,,,,2,0,2,0,0,0,0,0,851.4305765999597,,,,,,,,,,,,,,,,,,,,,,,,,,,,,,,,,,,,,,,,,,848.2840425000177,848.2992585000466,848.2992585000466,850.7490682000644,space,2.4362218999303877,None,850.7492055000621,850.7641964000068,850.7641964000068,851.4151851999923,5,0.6444428999675438,None,0.002840299974195659,851.4181686000084,851.4305765999597,851.4305765999597,851.4305765999597,851.4305765999597,852.5486431000172,j,right,1,8,0,4,57,0,None,1.1334925999399275,1.1339822999434546,852.5493000000133,852.5628073000698,852.5628073000698,853.5681240000413,853.5681240000413,853.5460897000157,2.1308881000149995,2.1309441999765113,853.560421900067,853.5681240000413,853.5681240000413,854.5614420000347,stimuli/box_empty_transparent.png,3.1462121999356896,3.1462584999389946,854.5615651000408,854.5772843000595,856.5934199999901,856.5768764999812,5.161642999970354,1.100765599985607,None,,,,,,,,,,,,,,,,,,257645,right,yes,None,2025-05-06_15h16.18.266,RL_out-of-scanner,2024.2.4,59.78322602820239,2025-05-06 15h16.55.730739 -0700,
1,0,1,,,,,,,space,2.4362218999303877,None,5,0.6444428999675438,None,5.164196499972604,k,None,5.578972999937832,5.57939400000032,7.0936541999690235,7.093709199922159,8.109068099991418,8.109128599986434,9.62487429997418,0.3853565000463277,None,,,,,,,2,0,2,0,1,0,1,0,856.5934199999901,,,,,,,,,,,,,,,,,,,,,,,,,,,,,,,,,,,,,,,,,,,,,,,,,,,,,,,,5.164196499972604,856.5795592000359,856.5934199999901,856.5934199999901,856.5934199999901,856.5934199999901,856.9941275000456,k,right,1,8,1,4,58,1,None,5.578972999937832,5.57939400000032,856.9947095000534,857.0091842000256,857.0091842000256,858.5335838000174,858.5335838000174,858.5088465000154,7.0936541999690235,7.093709199922159,858.5263937999844,858.5335838000174,858.5335838000174,859.5242672999739,stimuli/box_coin_transparent.png,8.109068099991418,8.109128599986434,859.524443500035,859.5402586999699,861.0561334000085,861.0401087999926,9.62487429997418,0.3853565000463277,None,,,,,,,,,,,,,,,,,,257645,right,yes,None,2025-05-06_15h16.18.266,RL_out-of-scanner,2024.2.4,59.78322602820239,2025-05-06 15h16.55.730739 -0700,
2,0,2,,,,,,,space,2.4362218999303877,None,5,0.6444428999675438,None,9.627313799923286,None,None,11.139896999928169,11.140004199929535,12.139735899982043,12.13978959992528,13.15476549998857,13.154815799905919,16.169232899905182,,,,,,,,,2,0,2,0,2,0,2,0,861.0561334000085,,,,,,,,,,,,,,,,,,,,,,,,,,,,,,,,,,,,,,,,,,,,,,,,,,,,,,,,9.627313799923286,861.0426431999658,861.0561334000085,861.0561334000085,861.0561334000085,861.0561334000085,862.555071000068,None,right,1,8,1,4,58,1,None,11.139896999928169,11.140004199929535,862.5553137000534,862.571526499989,862.571526499989,863.5764285000623,863.5764285000623,863.5549454000429,12.139735899982043,12.13978959992528,863.569500600046,863.5764285000623,863.5764285000623,864.5699956999742,no selection made,13.15476549998857,13.154815799905919,864.5701218000031,864.586247499974,867.6003637000103,867.5844732999685,16.169232899905182,,,,,,,,,,,,,,,,,,,,257645,right,yes,None,2025-05-06_15h16.18.266,RL_out-of-scanner,2024.2.4,59.78322602820239,2025-05-06 15h16.55.730739 -0700,
3,0,3,,,,,,,space,2.4362218999303877,None,5,0.6444428999675438,None,16.170910399989225,j,None,16.636637899908237,16.637110300012864,18.65062989993021,18.6506671999814,19.66618129995186,19.666212999960408,20.665608800016344,0.43945890001486987,None,,,,,,,2,0,2,0,3,0,3,0,867.6003637000103,,,,,,,,,,,,,,,,,,,,,,,,,,,,,,,,,,,,,,,,,,,,,,,,,,,,,,,,16.170910399989225,867.5862375000142,867.6003637000103,867.6003637000103,867.6003637000103,867.6003637000103,868.051782500057,j,right,1,8,1,4,58,1,None,16.636637899908237,16.637110300012864,868.0524128999677,868.0663899999927,868.0663899999927,870.0823679000023,870.0823679000023,870.0658584000194,18.65062989993021,18.6506671999814,870.0744320999947,870.0823679000023,870.0823679000023,871.0814259000472,stimuli/box_empty_transparent.png,19.66618129995186,19.666212999960408,871.0815064999624,871.0971478999709,872.0970683000633,872.0808437000378,20.665608800016344,0.43945890001486987,None,,,,,,,,,,,,,,,,,,257645,right,yes,None,2025-05-06_15h16.18.266,RL_out-of-scanner,2024.2.4,59.78322602820239,2025-05-06 15h16.55.730739 -0700,
4,0,4,,,,,,,space,2.4362218999303877,None,5,0.6444428999675438,None,20.668025599909015,k,None,21.11680289998185,21.117200799984857,22.13132369995583,22.13141089992132,23.1463994999649,23.14644739998039,25.661465000011958,0.42250320001039654,None,,,,,,,2,0,2,0,4,0,4,0,872.0970683000633,,,,,,,,,,,,,,,,,,,,,,,,,,,,,,,,,,,,,,,,,,,,,,,,,,,,,,,,20.668025599909015,872.0833552999538,872.0970683000633,872.0970683000633,872.0970683000633,872.0970683000633,872.5319460000028,k,right,1,8,2,4,59,2,None,21.11680289998185,21.117200799984857,872.5325157000334,872.5468166999635,872.5468166999635,873.5714860000298,873.5714860000298,873.5465174000128,22.13132369995583,22.13141089992132,873.5640328999725,873.5714860000298,873.5714860000298,874.5616303999559,stimuli/box_coin_transparent.png,23.1463994999649,23.14644739998039,874.561756399984,874.5777002999675,877.0931697000633,877.076700500038,25.661465000011958,0.42250320001039654,None,,,,,,,,,,,,,,,,,,257645,right,yes,None,2025-05-06_15h16.18.266,RL_out-of-scanner,2024.2.4,59.78322602820239,2025-05-06 15h16.55.730739 -0700,
5,0,5,,,,,,,space,2.4362218999303877,None,5,0.6444428999675438,None,25.663873999961652,j,None,26.12979869998526,26.13023869995959,29.64226339990273,29.642318599973805,30.657150899991393,30.65719729999546,32.67268459999468,0.4475345000391826,None,,,,,,,2,0,2,0,5,0,5,0,877.0931697000633,,,,,,,,,,,,,,,,,,,,,,,,,,,,,,,,,,,,,,,,,,,,,,,,,,,,,,,,25.663873999961652,877.0792019999935,877.0931697000633,877.0931697000633,877.0931697000633,877.0931697000633,877.5449515999644,j,right,1,8,2,4,59,2,None,26.12979869998526,26.13023869995959,877.5455524999998,877.559038700012,877.559038700012,881.0797916000593,881.0797916000593,881.0574664000305,29.64226339990273,29.642318599973805,881.0725330999703,881.0797916000593,881.0797916000593,882.0723816999816,stimuli/box_empty_transparent.png,30.657150899991393,30.65719729999546,882.0725069000036,882.0886740000569,884.1039867000072,884.0879215000314,32.67268459999468,0.4475345000391826,None,,,,,,,,,,,,,,,,,,257645,right,yes,None,2025-05-06_15h16.18.266,RL_out-of-scanner,2024.2.4,59.78322602820239,2025-05-06 15h16.55.730739 -0700,
6,0,6,,,,,,,space,2.4362218999303877,None,5,0.6444428999675438,None,32.675141599960625,k,None,33.007380999973975,33.00779920001514,34.00596470001619,34.00602249999065,35.02021009998862,35.020257199998014,36.019555200007744,0.3040685999440029,None,,,,,,,2,0,2,0,6,0,6,0,884.1039867000072,,,,,,,,,,,,,,,,,,,,,,,,,,,,,,,,,,,,,,,,,,,,,,,,,,,,,,,,32.675141599960625,884.0904660999659,884.1039867000072,884.1039867000072,884.1039867000072,884.1039867000072,884.4225278000231,k,right,0,8,2,4,60,2,None,33.007380999973975,33.00779920001514,884.4231186999823,884.4371071999776,884.4371071999776,885.4416410000413,885.4416410000413,885.4211577000679,34.00596470001619,34.00602249999065,885.4349700000021,885.4416410000413,885.4416410000413,886.4354404999758,stimuli/box_empty_transparent.png,35.02021009998862,35.020257199998014,886.4355666000047,886.4515513000661,887.4510677999933,887.4347947000642,36.019555200007744,0.3040685999440029,None,,,,,,,,,,,,,,,,,,257645,right,yes,None,2025-05-06_15h16.18.266,RL_out-of-scanner,2024.2.4,59.78322602820239,2025-05-06 15h16.55.730739 -0700,
7,0,7,,,,,,,space,2.4362218999303877,None,5,0.6444428999675438,None,36.02205699996557,j,None,36.85404120001476,36.85451340000145,38.868131099967286,38.86818729992956,39.88303039991297,39.8830773999216,41.89819599990733,0.8140048999339342,None,,,,,,,2,0,2,0,7,0,7,0,887.4510677999933,,,,,,,,,,,,,,,,,,,,,,,,,,,,,,,,,,,,,,,,,,,,,,,,,,,,,,,,36.02205699996557,887.4373841999914,887.4510677999933,887.4510677999933,887.4510677999933,887.4510677999933,888.269196600013,j,right,0,8,2,4,60,2,None,36.85404120001476,36.85451340000145,888.2698315999587,888.2839825000265,888.2839825000265,890.3038018000661,890.3038018000661,890.2833334999741,38.868131099967286,38.86818729992956,890.2971437000087,890.3038018000661,890.3038018000661,891.2982614000211,stimuli/box_empty_transparent.png,39.88303039991297,39.8830773999216,891.2983864000416,891.3143517999561,893.3299319999642,893.3134426000179,41.89819599990733,0.8140048999339342,None,,,,,,,,,,,,,,,,,,257645,right,yes,None,2025-05-06_15h16.18.266,RL_out-of-scanner,2024.2.4,59.78322602820239,2025-05-06 15h16.55.730739 -0700,
8,0,8,,,,,,,space,2.4362218999303877,None,5,0.6444428999675438,None,41.89971359993797,k,None,42.31532689998858,42.315617399988696,45.3289211000083,45.32895639992785,46.34433789993636,46.344369099941105,47.84404769993853,0.3938943000975996,None,,,,,,,2,0,2,0,8,0,8,0,893.3299319999642,,,,,,,,,,,,,,,,,,,,,,,,,,,,,,,,,,,,,,,,,,,,,,,,,,,,,,,,41.89971359993797,893.3150243999553,893.3299319999642,893.3299319999642,893.3299319999642,893.3299319999642,893.7305252999649,k,right,1,8,3,4,61,3,None,42.31532689998858,42.315617399988696,893.7309142000158,893.7460552000557,893.7460552000557,896.7614192000474,896.7614192000474,896.7441540000145,45.3289211000083,45.32895639992785,896.7544092999888,896.7614192000474,896.7614192000474,897.7595817000256,stimuli/box_coin_transparent.png,46.34433789993636,46.344369099941105,897.7596623000572,897.7760489000357,899.2754513000255,899.259282999963,47.84404769993853,0.3938943000975996,None,,,,,,,,,,,,,,,,,,257645,right,yes,None,2025-05-06_15h16.18.266,RL_out-of-scanner,2024.2.4,59.78322602820239,2025-05-06 15h16.55.730739 -0700,
9,0,9,,,,,,,space,2.4362218999303877,None,5,0.6444428999675438,None,47.846579500008374,j,None,48.22876979992725,48.2292138999328,49.74227719998453,49.742313999915496,50.74201940000057,50.74206779990345,52.75594780000392,0.35976010002195835,None,,,,,,,2,0,2,0,9,0,9,0,899.2754513000255,,,,,,,,,,,,,,,,,,,,,,,,,,,,,,,,,,,,,,,,,,,,,,,,,,,,,,,,47.846579500008374,899.2619113999535,899.2754513000255,899.2754513000255,899.2754513000255,899.2754513000255,899.6439166999771,j,right,1,8,3,4,61,3,None,48.22876979992725,48.2292138999328,899.644529799989,899.6584130999981,899.6584130999981,901.1738524999819,901.1738524999819,901.1575029000524,49.74227719998453,49.742313999915496,901.1667848000652,901.1738524999819,901.1738524999819,902.1572490999824,stimuli/box_empty_transparent.png,50.74201940000057,50.74206779990345,902.1573805000517,902.1724863000563,904.1877685000072,904.1711942999973,52.75594780000392,0.35976010002195835,None,,,902.1724863000563,902.1724863000563,,,,,,,,,,,,,,257645,right,yes,None,2025-05-06_15h16.18.266,RL_out-of-scanner,2024.2.4,59.78322602820239,2025-05-06 15h16.55.730739 -0700,
10,0,10,,,,,,,space,2.4362218999303877,None,5,0.6444428999675438,None,52.75753760000225,k,None,53.1239360999316,53.12419969995972,54.638184399926104,54.63822019996587,55.653690699953586,55.65372269996442,56.65333609993104,0.3441202000249177,None,,,,,,,2,0,2,0,10,0,10,0,904.1877685000072,,,,,,,,,,,,,,,,,,,,,,,,,,,,,,,,,,,,,,,,,,,,,,,,,,,,,,,,52.75753760000225,904.1728535000584,904.1877685000072,904.1877685000072,904.1877685000072,904.1877685000072,904.5390825999784,k,right,0,8,3,4,62,3,None,53.1239360999316,53.12419969995972,904.539495999983,904.5542564000352,904.5542564000352,906.0700910000014,906.0700910000014,906.0534047999536,54.638184399926104,54.63822019996587,906.0620328999939,906.0700910000014,906.0700910000014,907.0689349000459,stimuli/box_empty_transparent.png,55.653690699953586,55.65372269996442,907.069016399968,907.0850139000104,908.0848314000177,908.0685825000401,56.65333609993104,0.3441202000249177,None,,,,,,,,,,,,,,,,,,257645,right,yes,None,2025-05-06_15h16.18.266,RL_out-of-scanner,2024.2.4,59.78322602820239,2025-05-06 15h16.55.730739 -0700,
11,0,11,,,,,,,space,2.4362218999303877,None,5,0.6444428999675438,None,56.65491809998639,j,None,57.004180699936114,57.00447489996441,59.01835669996217,59.018410999909975,60.033601099974476,60.033649099990726,61.53297689999454,0.3294326000614092,None,,,,,,,2,0,2,0,11,0,11,0,908.0848314000177,,,,,,,,,,,,,,,,,,,,,,,,,,,,,,,,,,,,,,,,,,,,,,,,,,,,,,,,56.65491809998639,908.0702318000258,908.0848314000177,908.0848314000177,908.0848314000177,908.0848314000177,908.4193765000091,j,right,0,8,3,4,62,3,None,57.004180699936114,57.00447489996441,908.4197745000129,908.4346341000055,908.4346341000055,910.4556411000085,910.4556411000085,910.433566200023,59.01835669996217,59.018410999909975,910.4490403000382,910.4556411000085,910.4556411000085,911.4488328999723,stimuli/box_empty_transparent.png,60.033601099974476,60.033649099990726,911.4489577999921,911.4649409000413,912.9642667000298,912.9482117000152,61.53297689999454,0.3294326000614092,None,,,,,,,,,,,,,,,,,,257645,right,yes,None,2025-05-06_15h16.18.266,RL_out-of-scanner,2024.2.4,59.78322602820239,2025-05-06 15h16.55.730739 -0700,
12,0,12,,,,,,,space,2.4362218999303877,None,5,0.6444428999675438,None,61.53550100000575,k,None,61.93472249992192,61.935135899926536,62.93241949996445,62.93247889995109,63.9471651999047,63.94721169990953,66.96158090000972,0.3782695000991225,None,,,,,,,2,0,2,0,12,0,12,0,912.9642667000298,,,,,,,,,,,,,,,,,,,,,,,,,,,,,,,,,,,,,,,,,,,,,,,,,,,,,,,,61.53550100000575,912.9508334999555,912.9642667000298,912.9642667000298,912.9642667000298,912.9642667000298,913.3498744000099,k,right,1,8,4,4,63,4,None,61.93472249992192,61.935135899926536,913.3504511999781,913.3641709000221,913.3641709000221,914.3721749999677,914.3721749999677,914.3476188000641,62.93241949996445,62.93247889995109,914.3652639999636,914.3721749999677,914.3721749999677,915.3623963000136,stimuli/box_coin_transparent.png,63.9471651999047,63.94721169990953,915.3625189000159,915.3784857000574,918.393468800059,918.3768195000594,66.96158090000972,0.3782695000991225,None,,,,,,,,,,,,,,,,,,257645,right,yes,None,2025-05-06_15h16.18.266,RL_out-of-scanner,2024.2.4,59.78322602820239,2025-05-06 15h16.55.730739 -0700,
13,0,13,,,,,,,space,2.4362218999303877,None,5,0.6444428999675438,None,66.96406659996137,j,None,67.2967895999318,67.297276499914,67.7948519999627,67.79490649991203,68.8100663999794,68.81011419999413,70.82583829993382,0.3053032000316307,None,,,,,,,2,0,2,0,13,0,13,0,918.393468800059,,,,,,,,,,,,,,,,,,,,,,,,,,,,,,,,,,,,,,,,,,,,,,,,,,,,,,,,66.96406659996137,918.3793978000176,918.393468800059,918.393468800059,918.393468800059,918.393468800059,918.711943500035,j,right,1,8,4,4,63,4,None,67.2967895999318,67.297276499914,918.7126024000463,918.7263131000218,918.7263131000218,919.2309066999587,919.2309066999587,919.2100515000639,67.7948519999627,67.79490649991203,919.2241995999939,919.2309066999587,919.2309066999587,920.2252972999704,stimuli/box_empty_transparent.png,68.8100663999794,68.81011419999413,920.2254231999977,920.2412341000163,922.2569941999973,922.2410432999604,70.82583829993382,0.3053032000316307,None,,,,,,,,,,,,,,,,,,257645,right,yes,None,2025-05-06_15h16.18.266,RL_out-of-scanner,2024.2.4,59.78322602820239,2025-05-06 15h16.55.730739 -0700,
14,0,14,,,,,,,space,2.4362218999303877,None,5,0.6444428999675438,None,70.82841730001383,j,None,71.42597250000108,71.42642689996865,72.94112440000754,72.94118119997438,73.95612479990814,73.95617519994266,74.95560210000258,0.5687452999409288,None,,,,,,,2,0,2,0,14,0,14,0,922.2569941999973,,,,,,,,,,,,,,,,,,,,,,,,,,,,,,,,,,,,,,,,,,,,,,,,,,,,,,,,70.82841730001383,922.2437529999879,922.2569941999973,922.2569941999973,922.2569941999973,922.2569941999973,922.8411304000183,j,right,1,8,4,4,63,4,None,71.42597250000108,71.42642689996865,922.841742700024,922.8563493000693,922.8563493000693,924.3769295999664,924.3769295999664,924.356326100009,72.94112440000754,72.94118119997438,924.3700329999556,924.3769295999664,924.3769295999664,925.371355500014,stimuli/box_empty_transparent.png,73.95612479990814,73.95617519994266,925.3714903999935,925.3874598000548,926.3869673000299,926.3708329999936,74.95560210000258,0.5687452999409288,None,,,,,,,,,,,,,,,,,,257645,right,yes,None,2025-05-06_15h16.18.266,RL_out-of-scanner,2024.2.4,59.78322602820239,2025-05-06 15h16.55.730739 -0700,
15,0,15,,,,,,,space,2.4362218999303877,None,5,0.6444428999675438,None,74.95811889995821,k,None,75.39012039999943,75.39055109990295,76.40434090001509,76.40437689993996,77.41962339996826,77.41967289999593,79.43500139995012,0.40071269997861236,None,,,,,,,2,0,2,0,15,0,15,0,926.3869673000299,,,,,,,,,,,,,,,,,,,,,,,,,,,,,,,,,,,,,,,,,,,,,,,,,,,,,,,,74.95811889995821,926.3734493000084,926.3869673000299,926.3869673000299,926.3869673000299,926.3869673000299,926.8052724999725,k,right,1,8,5,4,64,5,None,75.39012039999943,75.39055109990295,926.805868699972,926.8198711999576,926.8198711999576,927.8358838999993,927.8358838999993,927.8195674999733,76.40434090001509,76.40437689993996,927.8298856999609,927.8358838999993,927.8358838999993,928.8348537999555,stimuli/box_coin_transparent.png,77.41962339996826,77.41967289999593,928.8349848000216,928.8508580000489,930.8664866999607,930.8502409000066,79.43500139995012,0.40071269997861236,None,,,,,,,,,,,,,,,,,,257645,right,yes,None,2025-05-06_15h16.18.266,RL_out-of-scanner,2024.2.4,59.78322602820239,2025-05-06 15h16.55.730739 -0700,
16,0,16,,,,,,,space,2.4362218999303877,None,5,0.6444428999675438,None,79.43753569992259,j,None,79.87019779998809,79.87064669991378,81.88348969991785,81.88354529999197,82.8987670999486,82.89881279994734,83.89798509993125,0.4162726999493316,None,,,,,,,2,0,2,0,16,0,16,0,930.8664866999607,,,,,,,,,,,,,,,,,,,,,,,,,,,,,,,,,,,,,,,,,,,,,,,,,,,,,,,,79.43753569992259,930.8528661999735,930.8664866999607,930.8664866999607,930.8664866999607,930.8664866999607,931.2853494999581,j,right,1,8,5,4,64,5,None,79.87019779998809,79.87064669991378,931.2859624999692,931.2999152000411,931.2999152000411,933.3192057000124,933.3192057000124,933.2986901000259,81.88348969991785,81.88354529999197,933.3127053999924,933.3192057000124,933.3192057000124,934.3139993000659,stimuli/box_empty_transparent.png,82.8987670999486,82.89881279994734,934.3141228999593,934.330064000038,935.3295810999698,935.3132330000517,83.89798509993125,0.4162726999493316,None,,,,,,,,,,,,,,,,,,257645,right,yes,None,2025-05-06_15h16.18.266,RL_out-of-scanner,2024.2.4,59.78322602820239,2025-05-06 15h16.55.730739 -0700,
17,0,17,,,,,,,space,2.4362218999303877,None,5,0.6444428999675438,None,83.89945569995325,k,None,84.36513199994806,84.36538279999513,85.36367379990406,85.36370989994612,86.36304019996896,86.36307029996533,87.36206199997105,0.4369199000066146,None,,,,,,,2,0,2,0,17,0,17,0,935.3295810999698,,,,,,,,,,,,,,,,,,,,,,,,,,,,,,,,,,,,,,,,,,,,,,,,,,,,,,,,83.89945569995325,935.3147647999576,935.3295810999698,935.3295810999698,935.3295810999698,935.3295810999698,935.7803247999982,k,right,1,8,6,4,65,6,None,84.36513199994806,84.36538279999513,935.7806780000101,935.7957077000174,935.7957077000174,936.7952611999935,936.7952611999935,936.7789056000183,85.36367379990406,85.36370989994612,936.7895702999667,936.7952611999935,936.7952611999935,937.7782848000643,stimuli/box_coin_transparent.png,86.36304019996896,86.36307029996533,937.778363099962,937.7940762000508,938.7935195000027,938.7772991000093,87.36206199997105,0.4369199000066146,None,,,937.7940762000508,937.7940762000508,,,,,,,,,,,,,,257645,right,yes,None,2025-05-06_15h16.18.266,RL_out-of-scanner,2024.2.4,59.78322602820239,2025-05-06 15h16.55.730739 -0700,
18,0,18,,,,,,,space,2.4362218999303877,None,5,0.6444428999675438,None,87.36457779991906,j,None,87.98005050001666,87.98052889993414,91.4924148999853,91.49246929993387,92.50818779994734,92.50823579996359,94.52296719991136,0.5838910000165924,None,,,,,,,2,0,2,0,18,0,18,0,938.7935195000027,,,,,,,,,,,,,,,,,,,,,,,,,,,,,,,,,,,,,,,,,,,,,,,,,,,,,,,,87.36457779991906,938.779908699973,938.7935195000027,938.7935195000027,938.7935195000027,938.7935195000027,939.3951955000521,j,right,1,8,6,4,65,6,None,87.98005050001666,87.98052889993414,939.3958463000017,939.410342600022,939.410342600022,942.9294631999801,942.9294631999801,942.9076239000424,91.4924148999853,91.49246929993387,942.9226973000332,942.9294631999801,942.9294631999801,943.923419000057,stimuli/box_empty_transparent.png,92.50818779994734,92.50823579996359,943.9235449999687,943.9393666000688,945.9546904999879,945.938206199964,94.52296719991136,0.5838910000165924,None,,,,,,,,,,,,,,,,,,257645,right,yes,None,2025-05-06_15h16.18.266,RL_out-of-scanner,2024.2.4,59.78322602820239,2025-05-06 15h16.55.730739 -0700,
19,0,19,,,,,,,space,2.4362218999303877,None,5,0.6444428999675438,None,94.52548579999711,k,None,94.97476799995638,94.97520320001058,95.98945549991913,95.98951159999706,97.00475339998957,97.0048012000043,98.51986329990905,0.4190459999954328,None,,,,,,,2,0,2,0,19,0,19,0,945.9546904999879,,,,,,,,,,,,,,,,,,,,,,,,,,,,,,,,,,,,,,,,,,,,,,,,,,,,,,,,94.52548579999711,945.9408175000572,945.9546904999879,945.9546904999879,945.9546904999879,945.9546904999879,946.3899201000459,k,right,1,8,7,4,66,7,None,94.97476799995638,94.97520320001058,946.3905202999595,946.404492700065,946.404492700065,947.428967600048,947.428967600048,947.404656800034,95.98945549991913,95.98951159999706,947.4221629000385,947.428967600048,947.428967600048,948.4199850999867,stimuli/box_coin_transparent.png,97.00475339998957,97.0048012000043,948.4201391999959,948.435830100032,949.9515161000309,949.9351002000622,98.51986329990905,0.4190459999954328,None,,,,,,,,,,,,,,,,,,257645,right,yes,None,2025-05-06_15h16.18.266,RL_out-of-scanner,2024.2.4,59.78322602820239,2025-05-06 15h16.55.730739 -0700,
20,0,20,,,,,,,space,2.4362218999303877,None,5,0.6444428999675438,None,98.52236449997872,j,None,98.92106349999085,98.9215389000019,100.93516979995184,100.9352267999202,101.95025180000812,101.95030239992775,103.96545319992583,0.37116590002551675,None,,,,,,,2,0,2,0,20,0,20,0,949.9515161000309,,,,,,,,,,,,,,,,,,,,,,,,,,,,,,,,,,,,,,,,,,,,,,,,,,,,,,,,98.52236449997872,949.9376938000205,949.9515161000309,949.9515161000309,949.9515161000309,949.9515161000309,950.3362196999951,j,right,1,8,7,4,66,7,None,98.92106349999085,98.9215389000019,950.3368634000071,950.3510434000636,950.3510434000636,952.3711687999894,952.3711687999894,952.3503715999541,100.93516979995184,100.9352267999202,952.364583800023,952.3711687999894,952.3711687999894,953.3654815999907,stimuli/box_empty_transparent.png,101.95025180000812,101.95030239992775,953.3656117000501,953.3815004999633,955.3969855000614,955.3806922999793,103.96545319992583,0.37116590002551675,None,,,,,,,,,,,,,,,,,,257645,right,yes,None,2025-05-06_15h16.18.266,RL_out-of-scanner,2024.2.4,59.78322602820239,2025-05-06 15h16.55.730739 -0700,
21,0,21,,,,,,,space,2.4362218999303877,None,5,0.6444428999675438,None,103.96797130000778,k,None,104.26719579997007,104.26759930001572,107.28006589994766,107.28012099990156,108.29564869997557,108.29569569998421,109.81093579996377,0.2782502999762073,None,,,,,,,2,0,2,0,21,0,21,0,955.3969855000614,,,,,,,,,,,,,,,,,,,,,,,,,,,,,,,,,,,,,,,,,,,,,,,,,,,,,,,,103.96797130000778,955.3833014000556,955.3969855000614,955.3969855000614,955.3969855000614,955.3969855000614,955.6823474000557,k,right,1,8,8,4,67,8,None,104.26719579997007,104.26759930001572,955.682914300065,955.6968665000168,955.6968665000168,958.7202530999784,958.7202530999784,958.6952717999811,107.28006589994766,107.28012099990156,958.7135378000676,958.7202530999784,958.7202530999784,959.7108797999681,stimuli/box_coin_transparent.png,108.29564869997557,108.29569569998421,959.711004199984,959.726855499961,961.2425663000322,961.2261691999738,109.81093579996377,0.2782502999762073,None,,,,,,,,,,,,,,,,,,257645,right,yes,None,2025-05-06_15h16.18.266,RL_out-of-scanner,2024.2.4,59.78322602820239,2025-05-06 15h16.55.730739 -0700,
22,0,22,,,,,,,space,2.4362218999303877,None,5,0.6444428999675438,None,109.81342029990628,j,None,110.26168439991307,110.26215119997505,111.77641639998183,111.77647289994638,112.79160759993829,112.79164129996207,114.806832299917,0.41715300001669675,None,,,,,,,2,0,2,0,22,0,22,0,961.2425663000322,,,,,,,,,,,,,,,,,,,,,,,,,,,,,,,,,,,,,,,,,,,,,,,,,,,,,,,,109.81342029990628,961.2287836999749,961.2425663000322,961.2425663000322,961.2425663000322,961.2425663000322,961.6768390000216,j,left,1,7,1,5,68,9,None,110.26168439991307,110.26215119997505,961.6774698000518,961.6920097000548,961.6920097000548,963.2162767999689,963.2162767999689,963.191626600048,111.77641639998183,111.77647289994638,963.2090995000326,963.2162767999689,963.2162767999689,964.2068506000214,stimuli/box_coin_transparent.png,112.79160759993829,112.79164129996207,964.2069363999763,964.2231023000204,966.2383519999566,966.2220718999743,114.806832299917,0.41715300001669675,None,,,,,,,,,,,,,,,,,,257645,right,yes,None,2025-05-06_15h16.18.266,RL_out-of-scanner,2024.2.4,59.78322602820239,2025-05-06 15h16.55.730739 -0700,
23,0,23,,,,,,,space,2.4362218999303877,None,5,0.6444428999675438,None,114.80932150001172,k,None,115.27493509999476,115.27533169998787,116.77281529991888,116.77287190000061,117.78795129992068,117.78799789992627,119.30319989996497,0.44205229997169226,None,,,,,,,2,0,2,0,23,0,23,0,966.2383519999566,,,,,,,,,,,,,,,,,,,,,,,,,,,,,,,,,,,,,,,,,,,,,,,,,,,,,,,,114.80932150001172,966.2246511000558,966.2383519999566,966.2383519999566,966.2383519999566,966.2383519999566,966.6900882999762,k,left,1,7,1,5,68,9,None,115.27493509999476,115.27533169998787,966.6906461000326,966.7047088000108,966.7047088000108,968.2085277999868,968.2085277999868,968.188011899998,116.77281529991888,116.77287190000061,968.2017072999734,968.2085277999868,968.2085277999868,969.2031837000395,stimuli/box_empty_transparent.png,117.78795129992068,117.78799789992627,969.2033069000463,969.2191564000095,970.7347245000419,970.7184325999697,119.30319989996497,0.44205229997169226,None,,,,,,,,,,,,,,,,,,257645,right,yes,None,2025-05-06_15h16.18.266,RL_out-of-scanner,2024.2.4,59.78322602820239,2025-05-06 15h16.55.730739 -0700,
24,0,24,,,,,,,space,2.4362218999303877,None,5,0.6444428999675438,None,119.30516989994794,j,None,119.63694779993966,119.63722599996254,121.652671799995,121.65272709995043,122.66705739998724,122.66710369999055,124.1827683999436,0.3107536000898108,None,,,,,,,2,0,2,0,24,0,24,0,970.7347245000419,,,,,,,,,,,,,,,,,,,,,,,,,,,,,,,,,,,,,,,,,,,,,,,,,,,,,,,,119.30516989994794,970.7204762000474,970.7347245000419,970.7347245000419,970.7347245000419,970.7347245000419,971.0521471000393,j,left,0,7,1,5,69,9,None,119.63694779993966,119.63722599996254,971.0525225999882,971.0675346999778,971.0675346999778,973.0891269000131,973.0891269000131,973.0678722999874,121.652671799995,121.65272709995043,973.0821266000276,973.0891269000131,973.0891269000131,974.0822888999828,stimuli/box_empty_transparent.png,122.66705739998724,122.66710369999055,974.0824125999934,974.098286100023,975.6142080999562,975.5980034999666,124.1827683999436,0.3107536000898108,None,,,,,,,,,,,,,,,,,,257645,right,yes,None,2025-05-06_15h16.18.266,RL_out-of-scanner,2024.2.4,59.78322602820239,2025-05-06 15h16.55.730739 -0700,
25,0,25,,,,,,,space,2.4362218999303877,None,5,0.6444428999675438,None,124.18529689998832,k,None,124.61748179991264,124.61774359992705,125.61573879991192,125.61579519999214,126.63066909997724,126.63074139994569,130.14477449993137,0.40705590008292347,None,,,,,,,2,0,2,0,25,0,25,0,975.6142080999562,,,,,,,,,,,,,,,,,,,,,,,,,,,,,,,,,,,,,,,,,,,,,,,,,,,,,,,,124.18529689998832,975.6006276000408,975.6142080999562,975.6142080999562,975.6142080999562,975.6142080999562,976.0326699000434,k,left,0,7,1,5,69,9,None,124.61748179991264,124.61774359992705,976.033039800066,976.0475132000283,976.0475132000283,977.051588399976,977.051588399976,977.0309347999864,125.61573879991192,125.61579519999214,977.0447464000317,977.051588399976,977.051588399976,978.0458987999591,stimuli/box_empty_transparent.png,126.63066909997724,126.63074139994569,978.0460528999683,978.0621829999727,981.5757995000458,981.5600065000472,130.14477449993137,0.40705590008292347,None,,,,,,,,,,,,,,,,,,257645,right,yes,None,2025-05-06_15h16.18.266,RL_out-of-scanner,2024.2.4,59.78322602820239,2025-05-06 15h16.55.730739 -0700,
26,0,26,,,,,,,space,2.4362218999303877,None,5,0.6444428999675438,None,130.14729899994563,j,None,130.47991210001055,130.48035819991492,130.977310199989,130.97734519990627,131.99306649994105,131.99311329994816,135.5069780999329,0.31077270000241697,None,,,,,,,2,0,2,0,26,0,26,0,981.5757995000458,,,,,,,,,,,,,,,,,,,,,,,,,,,,,,,,,,,,,,,,,,,,,,,,,,,,,,,,130.14729899994563,981.5626386000658,981.5757995000458,981.5757995000458,981.5757995000458,981.5757995000458,981.8950599000673,j,left,1,7,2,5,70,10,None,130.47991210001055,130.48035819991492,981.8956750999787,981.9094629999599,981.9094629999599,982.4092146000476,982.4092146000476,982.392537100066,130.977310199989,130.97734519990627,982.4026305999723,982.4092146000476,982.4092146000476,983.4082970000454,stimuli/box_coin_transparent.png,131.99306649994105,131.99311329994816,983.4084217000636,983.4242601000587,986.938593400002,986.9222177999909,135.5069780999329,0.31077270000241697,None,,,,,,,,,,,,,,,,,,257645,right,yes,None,2025-05-06_15h16.18.266,RL_out-of-scanner,2024.2.4,59.78322602820239,2025-05-06 15h16.55.730739 -0700,
27,0,27,,,,,,,space,2.4362218999303877,None,5,0.6444428999675438,None,135.50953189993743,k,['k'],136.6909795999527,136.69137729995418,138.2049168999074,138.20495119993575,139.22046879993286,139.22051539993845,140.22045839997008,1.1639033999526873,None,[0.5996917999582365],[0.1312379000009969],,,,,2,0,2,0,27,0,27,0,986.938593400002,,,,,,,,,,,,,,,,,,,,,,,,,,,,,,,,,,,,,,,,,,,,,,,,,,,,,,,,135.50953189993743,986.9248615999823,986.938593400002,986.938593400002,986.938593400002,986.938593400002,988.106061199971,k,left,1,7,2,5,70,10,['k'],136.6909795999527,136.69137729995418,988.1066920000012,988.1209937000531,988.1209937000531,989.636701099982,989.636701099982,989.6201442999882,138.2049168999074,138.20495119993575,989.6284940000041,989.636701099982,989.636701099982,990.6356960000121,stimuli/box_empty_transparent.png,139.22046879993286,139.22051539993845,990.635820400028,990.6518194999662,991.6518895000336,991.6356763999793,140.22045839997008,1.1639033999526873,None,[0.5996917999582365],[0.1312379000009969],,,,,,,,,,,,,,,,257645,right,yes,None,2025-05-06_15h16.18.266,RL_out-of-scanner,2024.2.4,59.78322602820239,2025-05-06 15h16.55.730739 -0700,
28,0,28,,,,,,,space,2.4362218999303877,None,5,0.6444428999675438,None,140.2229856000049,k,None,140.6716863999609,140.67208259995095,141.6697088999208,141.66976489999797,142.68466209992766,142.6847103999462,146.19844379997812,0.43224220001138747,None,,,,,,,2,0,2,0,28,0,28,0,991.6518895000336,,,,,,,,,,,,,,,,,,,,,,,,,,,,,,,,,,,,,,,,,,,,,,,,,,,,,,,,140.2229856000049,991.6383154000505,991.6518895000336,991.6518895000336,991.6518895000336,991.6518895000336,992.0868368000374,k,left,1,7,2,5,70,10,None,140.6716863999609,140.67208259995095,992.0873966999934,992.1012247000472,992.1012247000472,993.1054811999784,993.1054811999784,993.0849096000311,141.6697088999208,141.66976489999797,993.0986630999832,993.1054811999784,993.1054811999784,994.0998916000244,stimuli/box_empty_transparent.png,142.68466209992766,142.6847103999462,994.1000199999544,994.1157797000487,997.6300373999984,997.6136829000316,146.19844379997812,0.43224220001138747,None,,,,,,,,,,,,,,,,,,257645,right,yes,None,2025-05-06_15h16.18.266,RL_out-of-scanner,2024.2.4,59.78322602820239,2025-05-06 15h16.55.730739 -0700,
29,0,29,,,,,,,space,2.4362218999303877,None,5,0.6444428999675438,None,146.20100799994543,j,None,146.98346829996444,146.98391889990307,148.99678439996205,148.9968403999228,150.01192690001335,150.01197439990938,151.0118286999641,0.762568200007081,None,,,,,,,2,0,2,0,29,0,29,0,997.6300373999984,,,,,,,,,,,,,,,,,,,,,,,,,,,,,,,,,,,,,,,,,,,,,,,,,,,,,,,,146.20100799994543,997.616339900007,997.6300373999984,997.6300373999984,997.6300373999984,997.6300373999984,998.3986209000577,j,left,0,7,2,5,71,10,None,146.98346829996444,146.98391889990307,998.399235299963,998.4128991000471,998.4128991000471,1000.4325003000558,1000.4325003000558,1000.4119930000161,148.99678439996205,148.9968403999228,1000.4258427000022,1000.4325003000558,1000.4325003000558,1001.4271567999967,stimuli/box_empty_transparent.png,150.01192690001335,150.01197439990938,1001.4272831000271,1001.4432062999695,1002.4430649000569,1002.4270641999901,151.0118286999641,0.762568200007081,None,,,,,,,,,,,,,,,,,,257645,right,yes,None,2025-05-06_15h16.18.266,RL_out-of-scanner,2024.2.4,59.78322602820239,2025-05-06 15h16.55.730739 -0700,
30,0,30,,,,,,,space,2.4362218999303877,None,5,0.6444428999675438,None,151.0144488000078,k,None,152.16261989995837,152.16305299999658,153.16048769990448,153.16054479999002,154.17565499991179,154.17570319992956,155.17495189991314,1.1294725000625476,None,,,,,,,2,0,2,0,30,0,30,0,1002.4430649000569,,,,,,,,,,,,,,,,,,,,,,,,,,,,,,,,,,,,,,,,,,,,,,,,,,,,,,,,151.0144488000078,1002.429787800007,1002.4430649000569,1002.4430649000569,1002.4430649000569,1002.4430649000569,1003.5777611999656,k,left,0,7,2,5,71,10,None,152.16261989995837,152.16305299999658,1003.5783761999919,1003.5921404000255,1003.5921404000255,1004.5962544000358,1004.5962544000358,1004.5756817999645,153.16048769990448,153.16054479999002,1004.5894589999807,1004.5962544000358,1004.5962544000358,1005.5908624999574,stimuli/box_empty_transparent.png,154.17565499991179,154.17570319992956,1005.5910131000564,1005.6068718999741,1006.6064123999677,1006.5901834000251,155.17495189991314,1.1294725000625476,None,,,,,,,,,,,,,,,,,,257645,right,yes,None,2025-05-06_15h16.18.266,RL_out-of-scanner,2024.2.4,59.78322602820239,2025-05-06 15h16.55.730739 -0700,
31,0,31,,,,,,,space,2.4362218999303877,None,5,0.6444428999675438,None,155.1774647999555,j,None,155.5597659999039,155.56021739996504,158.57246279995888,158.5725185999181,159.58775880001485,159.5878103999421,162.10256469994783,0.359875800088048,None,,,,,,,2,0,2,0,31,0,31,0,1006.6064123999677,,,,,,,,,,,,,,,,,,,,,,,,,,,,,,,,,,,,,,,,,,,,,,,,,,,,,,,,155.1774647999555,1006.592804099957,1006.6064123999677,1006.6064123999677,1006.6064123999677,1006.6064123999677,1006.9749141999637,j,left,0,7,2,5,72,10,None,155.5597659999039,155.56021739996504,1006.9755350000341,1006.9897808000096,1006.9897808000096,1010.0095756999799,1010.0095756999799,1009.9876721000182,158.57246279995888,158.5725185999181,1010.0022221999825,1010.0095756999799,1010.0095756999799,1011.0029865999823,stimuli/box_empty_transparent.png,159.58775880001485,159.5878103999421,1011.0031204999541,1011.0189536000253,1013.533978899999,1013.5177999999723,162.10256469994783,0.359875800088048,None,,,,,,,,,,,,,,,,,,257645,right,yes,None,2025-05-06_15h16.18.266,RL_out-of-scanner,2024.2.4,59.78322602820239,2025-05-06 15h16.55.730739 -0700,
32,0,32,,,,,,,space,2.4362218999303877,None,5,0.6444428999675438,None,162.10506809991784,k,None,162.47117299993988,162.47157509997487,163.48526769992895,163.48532510001678,164.5006609999109,164.50071479997132,165.50003529991955,0.34345149993896484,None,,,,,,,2,0,2,0,32,0,32,0,1013.533978899999,,,,,,,,,,,,,,,,,,,,,,,,,,,,,,,,,,,,,,,,,,,,,,,,,,,,,,,,162.10506809991784,1013.5203966999543,1013.533978899999,1013.533978899999,1013.533978899999,1013.533978899999,1013.8863237000187,k,left,0,7,2,5,72,10,None,162.47117299993988,162.47157509997487,1013.8869293999742,1013.9008089999552,1013.9008089999552,1014.922088100051,1014.922088100051,1014.9004773999914,163.48526769992895,163.48532510001678,1014.9153469000594,1014.922088100051,1014.922088100051,1015.9158906000084,stimuli/box_empty_transparent.png,164.5006609999109,164.50071479997132,1015.9160247999826,1015.931988700002,1016.9316440000548,1016.9152710000635,165.50003529991955,0.34345149993896484,None,,,,,,,,,,,,,,,,,,257645,right,yes,None,2025-05-06_15h16.18.266,RL_out-of-scanner,2024.2.4,59.78322602820239,2025-05-06 15h16.55.730739 -0700,
33,0,33,,,,,,,space,2.4362218999303877,None,5,0.6444428999675438,None,165.50275220000185,None,None,167.01540319994092,167.01550869992934,169.0309482999146,169.03100169997197,170.04613819997758,170.04619179992005,171.5621141999727,,,,,,,,,2,0,2,0,33,0,33,0,1016.9316440000548,,,,,,,,,,,,,,,,,,,,,,,,,,,,,,,,,,,,,,,,,,,,,,,,,,,,,,,,165.50275220000185,1016.9180850999546,1016.9316440000548,1016.9316440000548,1016.9316440000548,1016.9316440000548,1018.4305758999544,None,left,0,7,2,5,72,10,None,167.01540319994092,167.01550869992934,1018.4308176000486,1018.4469221999752,1018.4469221999752,1020.4679656000226,1020.4679656000226,1020.4461582999793,169.0309482999146,169.03100169997197,1020.4611454000114,1020.4679656000226,1020.4679656000226,1021.4613668000675,no selection made,170.04613819997758,170.04619179992005,1021.461498300021,1021.4773622999783,1022.9933113000006,1022.9773455999675,171.5621141999727,,,,,,,,,,,,,,,,,,,,257645,right,yes,None,2025-05-06_15h16.18.266,RL_out-of-scanner,2024.2.4,59.78322602820239,2025-05-06 15h16.55.730739 -0700,
34,0,34,,,,,,,space,2.4362218999303877,None,5,0.6444428999675438,None,171.56464489991777,j,None,171.9134875999298,171.91397439991124,174.92627519997768,174.92633149994072,175.94158370001242,175.9416385999648,178.45637479994912,0.32766690000426024,None,,,,,,,2,0,2,0,34,0,34,0,1022.9933113000006,,,,,,,,,,,,,,,,,,,,,,,,,,,,,,,,,,,,,,,,,,,,,,,,,,,,,,,,171.56464489991777,1022.9799797000014,1022.9933113000006,1022.9933113000006,1022.9933113000006,1022.9933113000006,1023.3286310000694,j,left,1,7,3,5,73,11,None,171.9134875999298,171.91397439991124,1023.3292925999849,1023.3431665000389,1023.3431665000389,1026.3664082000614,1026.3664082000614,1026.3414843000355,174.92627519997768,174.92633149994072,1026.3595955999917,1026.3664082000614,1026.3664082000614,1027.356815600011,stimuli/box_coin_transparent.png,175.94158370001242,175.9416385999648,1027.3569483999745,1027.3726158000645,1029.8878753999597,1029.8716089999652,178.45637479994912,0.32766690000426024,None,,,,,,,,,,,,,,,,,,257645,right,yes,None,2025-05-06_15h16.18.266,RL_out-of-scanner,2024.2.4,59.78322602820239,2025-05-06 15h16.55.730739 -0700,
35,0,35,,,,,,,space,2.4362218999303877,None,5,0.6444428999675438,None,178.45879920001607,k,None,178.85748849995434,178.8579088000115,180.3554751999909,180.35553069994785,181.37033919990063,181.3703917999519,182.37036249996163,0.38160800002515316,None,,,,,,,2,0,2,0,35,0,35,0,1029.8878753999597,,,,,,,,,,,,,,,,,,,,,,,,,,,,,,,,,,,,,,,,,,,,,,,,,,,,,,,,178.45879920001607,1029.8741381000145,1029.8878753999597,1029.8878753999597,1029.8878753999597,1029.8878753999597,1030.2726434000651,k,left,1,7,3,5,73,11,None,178.85748849995434,178.8579088000115,1030.2732243000646,1030.2873485000455,1030.2873485000455,1031.7917145999963,1031.7917145999963,1031.7706786000053,180.3554751999909,180.35553069994785,1031.7844533000025,1031.7917145999963,1031.7917145999963,1032.785567199986,stimuli/box_empty_transparent.png,181.37033919990063,181.3703917999519,1032.7857011999586,1032.8016683000023,1033.8015326000168,1033.7855963999755,182.37036249996163,0.38160800002515316,None,,,,,,,,,,,,,,,,,,257645,right,yes,None,2025-05-06_15h16.18.266,RL_out-of-scanner,2024.2.4,59.78322602820239,2025-05-06 15h16.55.730739 -0700,
36,0,36,,,,,,,space,2.4362218999303877,None,5,0.6444428999675438,None,182.37278589990456,j,None,183.6041075999383,183.60455449996516,185.10166679997928,185.10172269993927,186.11701839999296,186.1170672000153,189.63086179993115,1.211525100050494,None,,,,,,,2,0,2,0,36,0,36,0,1033.8015326000168,,,,,,,,,,,,,,,,,,,,,,,,,,,,,,,,,,,,,,,,,,,,,,,,,,,,,,,,182.37278589990456,1033.7881176999654,1033.8015326000168,1033.8015326000168,1033.8015326000168,1033.8015326000168,1035.0192601000308,j,left,1,7,4,5,74,12,None,183.6041075999383,183.60455449996516,1035.0198702000198,1035.033607899968,1035.033607899968,1036.5409859000356,1036.5409859000356,1036.5168699999922,185.10166679997928,185.10172269993927,1036.534183300042,1036.5409859000356,1036.5409859000356,1037.5322490999824,stimuli/box_coin_transparent.png,186.11701839999296,186.1170672000153,1037.5323775000288,1037.5479732000385,1041.0623054999742,1041.0460960000637,189.63086179993115,1.211525100050494,None,,,,,,,,,,,,,,,,,,257645,right,yes,None,2025-05-06_15h16.18.266,RL_out-of-scanner,2024.2.4,59.78322602820239,2025-05-06 15h16.55.730739 -0700,
37,0,37,,,,,,,space,2.4362218999303877,None,5,0.6444428999675438,None,189.63335469993763,k,None,189.99926059995778,189.9997026999481,192.01297009992413,192.0130271000089,193.02790270000696,193.02795219991822,194.0274802999338,0.34767209994606674,None,,,,,,,2,0,2,0,37,0,37,0,1041.0623054999742,,,,,,,,,,,,,,,,,,,,,,,,,,,,,,,,,,,,,,,,,,,,,,,,,,,,,,,,189.63335469993763,1041.0486911000335,1041.0623054999742,1041.0623054999742,1041.0623054999742,1041.0623054999742,1041.4143252999638,k,left,1,7,4,5,74,12,None,189.99926059995778,189.9997026999481,1041.4150188000058,1041.4284809000674,1041.4284809000674,1043.448697899992,1043.448697899992,1043.4281678000116,192.01297009992413,192.0130271000089,1043.4418760999688,1043.448697899992,1043.448697899992,1044.4431337999995,stimuli/box_empty_transparent.png,193.02790270000696,193.02795219991822,1044.4432633000542,1044.4589926000335,1045.4587712999783,1045.4427154999576,194.0274802999338,0.34767209994606674,None,,,,,,,,,,,,,,,,,,257645,right,yes,None,2025-05-06_15h16.18.266,RL_out-of-scanner,2024.2.4,59.78322602820239,2025-05-06 15h16.55.730739 -0700,
38,0,38,,,,,,,space,2.4362218999303877,None,5,0.6444428999675438,None,194.02993740001693,j,None,194.52863209997304,194.52908709994517,195.52645829995163,195.52651339990553,196.54210929991677,196.54215689992998,198.05752949998714,0.47967999998945743,None,,,,,,,2,0,2,0,38,0,38,0,1045.4587712999783,,,,,,,,,,,,,,,,,,,,,,,,,,,,,,,,,,,,,,,,,,,,,,,,,,,,,,,,194.02993740001693,1045.4452703999705,1045.4587712999783,1045.4587712999783,1045.4587712999783,1045.4587712999783,1045.9437837000587,j,left,0,7,4,5,75,12,None,194.52863209997304,194.52908709994517,1045.9444047000143,1045.9583891999791,1045.9583891999791,1046.9632670999854,1046.9632670999854,1046.9416682000156,195.52645829995163,195.52651339990553,1046.956363400037,1046.9632670999854,1046.9632670999854,1047.9573402000242,stimuli/box_empty_transparent.png,196.54210929991677,196.54215689992998,1047.9574662000523,1047.9731629000162,1049.4890361000434,1049.4727622999926,198.05752949998714,0.47967999998945743,None,,,,,,,,,,,,,,,,,,257645,right,yes,None,2025-05-06_15h16.18.266,RL_out-of-scanner,2024.2.4,59.78322602820239,2025-05-06 15h16.55.730739 -0700,
39,0,39,,,,,,,space,2.4362218999303877,None,5,0.6444428999675438,None,198.05998999997973,k,None,198.84202749992255,198.84242030000314,199.8398692999035,199.83992519997992,200.85489760001656,200.85495029995218,201.85458609997295,0.762461100006476,None,,,,,,,2,0,2,0,39,0,39,0,1049.4890361000434,,,,,,,,,,,,,,,,,,,,,,,,,,,,,,,,,,,,,,,,,,,,,,,,,,,,,,,,198.05998999997973,1049.4753214000375,1049.4890361000434,1049.4890361000434,1049.4890361000434,1049.4890361000434,1050.257179200009,k,left,0,7,4,5,75,12,None,198.84202749992255,198.84242030000314,1050.2577348000486,1050.2714154000278,1050.2714154000278,1051.275425800064,1051.275425800064,1051.2550707000191,199.8398692999035,199.83992519997992,1051.2688155000214,1051.275425800064,1051.275425800064,1052.2701293000137,stimuli/box_empty_transparent.png,200.85489760001656,200.85495029995218,1052.2702590999543,1052.2865416999557,1053.285979599983,1053.2698225000058,201.85458609997295,0.762461100006476,None,,,,,,,,,,,,,,,,,,257645,right,yes,None,2025-05-06_15h16.18.266,RL_out-of-scanner,2024.2.4,59.78322602820239,2025-05-06 15h16.55.730739 -0700,
40,0,40,,,,,,,space,2.4362218999303877,None,5,0.6444428999675438,None,201.8570422999328,j,None,203.12184709997382,203.12230289995205,204.63621649995912,204.63627329992596,205.6514182999963,205.6514694999205,206.6673676999053,1.2395614000270143,None,,,,,,,2,0,2,0,40,0,40,0,1053.285979599983,,,,,,,,,,,,,,,,,,,,,,,,,,,,,,,,,,,,,,,,,,,,,,,,,,,,,,,,201.8570422999328,1053.27237099997,1053.285979599983,1053.285979599983,1053.285979599983,1053.285979599983,1054.5369955000351,j,left,1,7,5,5,76,13,None,203.12184709997382,203.12230289995205,1054.5376202000189,1054.551753100066,1054.551753100066,1056.0689448000048,1056.0689448000048,1056.0514170000679,204.63621649995912,204.63627329992596,1056.0633916999795,1056.0689448000048,1056.0689448000048,1057.066649299988,stimuli/box_coin_transparent.png,205.6514182999963,205.6514694999205,1057.0667803000542,1057.0827807000023,1058.0986816000077,1058.0826004000264,206.6673676999053,1.2395614000270143,None,,,,,,,,,,,,,,,,,,257645,right,yes,None,2025-05-06_15h16.18.266,RL_out-of-scanner,2024.2.4,59.78322602820239,2025-05-06 15h16.55.730739 -0700,
41,0,41,,,,,,,space,2.4362218999303877,None,5,0.6444428999675438,None,206.67057660000864,None,None,208.18259779992513,208.18271009996533,209.18235039990395,209.18240729998797,210.19781969999894,210.19787499995437,213.21184179990087,,,,,,,,,2,0,2,0,41,0,41,0,1058.0986816000077,,,,,,,,,,,,,,,,,,,,,,,,,,,,,,,,,,,,,,,,,,,,,,,,,,,,,,,,206.67057660000864,1058.085912599985,1058.0986816000077,1058.0986816000077,1058.0986816000077,1058.0986816000077,1059.5977742999676,None,left,1,7,5,5,76,13,None,208.18259779992513,208.18271009996533,1059.5980188999674,1059.6141437000479,1059.6141437000479,1060.6187652999652,1060.6187652999652,1060.597551600018,209.18235039990395,209.18240729998797,1060.6116230000625,1060.6187652999652,1060.6187652999652,1061.6130507999915,no selection made,210.19781969999894,210.19787499995437,1061.61318080005,1061.6289007999585,1064.6432420999627,1064.6270819999627,213.21184179990087,,,,,,,,,,,,,,,,,,,,257645,right,yes,None,2025-05-06_15h16.18.266,RL_out-of-scanner,2024.2.4,59.78322602820239,2025-05-06 15h16.55.730739 -0700,
42,0,42,,,,,,,space,2.4362218999303877,None,5,0.6444428999675438,None,213.21434539998882,j,None,213.58037529990543,213.5808221999323,215.5936600000132,215.59371699998155,216.60895499994513,216.60906659998,220.12271199992392,0.3445882999803871,None,,,,,,,2,0,2,0,42,0,42,0,1064.6432420999627,,,,,,,,,,,,,,,,,,,,,,,,,,,,,,,,,,,,,,,,,,,,,,,,,,,,,,,,213.21434539998882,1064.6296755000367,1064.6432420999627,1064.6432420999627,1064.6432420999627,1064.6432420999627,1064.9955160000245,j,left,1,7,6,5,77,14,None,213.58037529990543,213.5808221999323,1064.9961391999968,1065.0097269999678,1065.0097269999678,1067.0329821999767,1067.0329821999767,1067.0088617000147,215.5936600000132,215.59371699998155,1067.026039099961,1067.0329821999767,1067.0329821999767,1068.024166600022,stimuli/box_coin_transparent.png,216.60895499994513,216.60906659998,1068.024382100033,1068.0402706000605,1071.5543252999778,1071.5379632999538,220.12271199992392,0.3445882999803871,None,,,,,,,,,,,,,,,,,,257645,right,yes,None,2025-05-06_15h16.18.266,RL_out-of-scanner,2024.2.4,59.78322602820239,2025-05-06 15h16.55.730739 -0700,
43,0,43,,,,,,,space,2.4362218999303877,None,5,0.6444428999675438,None,220.12457200000063,k,None,220.49024139996618,220.49051529995631,221.48846609995235,221.4885016999906,222.50407469994389,222.50411179999355,224.51941359997727,0.3428455999819562,None,,,,,,,2,0,2,0,43,0,43,0,1071.5543252999778,,,,,,,,,,,,,,,,,,,,,,,,,,,,,,,,,,,,,,,,,,,,,,,,,,,,,,,,220.12457200000063,1071.5398858000408,1071.5543252999778,1071.5543252999778,1071.5543252999778,1071.5543252999778,1071.905439800059,k,left,1,7,6,5,77,14,None,220.49024139996618,220.49051529995631,1071.9058131999918,1071.9206991000683,1071.9206991000683,1072.9206730999867,1072.9206730999867,1072.9036970000598,221.48846609995235,221.4885016999906,1072.9122519000084,1072.9206730999867,1072.9206730999867,1073.9192903000512,stimuli/box_empty_transparent.png,222.50407469994389,222.50411179999355,1073.9194073000108,1073.9351613000617,1075.9510392000084,1075.9346514000208,224.51941359997727,0.3428455999819562,None,,,,,,,,,,,,,,,,,,257645,right,yes,None,2025-05-06_15h16.18.266,RL_out-of-scanner,2024.2.4,59.78322602820239,2025-05-06 15h16.55.730739 -0700,
44,0,44,,,,,,,space,2.4362218999303877,None,5,0.6444428999675438,None,224.52196619997267,j,None,224.9707809999818,224.97123259992804,227.48444079991896,227.48449679999612,228.49952249997295,228.49957280000672,230.51500879996456,0.43271090008784086,None,,,,,,,2,0,2,0,44,0,44,0,1075.9510392000084,,,,,,,,,,,,,,,,,,,,,,,,,,,,,,,,,,,,,,,,,,,,,,,,,,,,,,,,224.52196619997267,1075.9373005000525,1075.9510392000084,1075.9510392000084,1075.9510392000084,1075.9510392000084,1076.385935599974,j,left,1,7,7,5,78,15,None,224.9707809999818,224.97123259992804,1076.3865496999933,1076.4006199000287,1076.4006199000287,1078.9248694000416,1078.9248694000416,1078.899638700008,227.48444079991896,227.48449679999612,1078.917753799993,1078.9248694000416,1078.9248694000416,1079.9147505000583,stimuli/box_coin_transparent.png,228.49952249997295,228.49957280000672,1079.9148823000141,1079.9306816000608,1081.946346600016,1081.9302385000628,230.51500879996456,0.43271090008784086,None,,,,,,,,,,,,,,,,,,257645,right,yes,None,2025-05-06_15h16.18.266,RL_out-of-scanner,2024.2.4,59.78322602820239,2025-05-06 15h16.55.730739 -0700,
45,0,45,,,,,,,space,2.4362218999303877,None,5,0.6444428999675438,None,230.5174678999465,k,None,230.84911009995267,230.84956319991034,231.8645683999639,231.86462599993683,232.8793890000088,232.87944189994596,233.87895579996984,0.3016048999270424,None,,,,,,,2,0,2,0,45,0,45,0,1081.946346600016,,,,,,,,,,,,,,,,,,,,,,,,,,,,,,,,,,,,,,,,,,,,,,,,,,,,,,,,230.5174678999465,1081.9327969999867,1081.946346600016,1081.946346600016,1081.946346600016,1081.946346600016,1082.2641906999634,k,right,1,14,1,6,79,16,None,230.84911009995267,230.84956319991034,1082.2648802999756,1082.2794168999535,1082.2794168999535,1083.3037564000697,1083.3037564000697,1083.2797644000384,231.8645683999639,231.86462599993683,1083.2969552999712,1083.3037564000697,1083.3037564000697,1084.2946217000135,stimuli/box_coin_transparent.png,232.8793890000088,232.87944189994596,1084.2947508000652,1084.3106048000627,1085.310256799974,1085.2941910999944,233.87895579996984,0.3016048999270424,None,,,,,,,,,,,,,,,,,,257645,right,yes,None,2025-05-06_15h16.18.266,RL_out-of-scanner,2024.2.4,59.78322602820239,2025-05-06 15h16.55.730739 -0700,
46,0,46,,,,,,,space,2.4362218999303877,None,5,0.6444428999675438,None,233.88137839990668,None,None,235.39419469994027,235.3943037999561,237.40974189992994,237.40982760000043,238.42487679992337,238.4249294999754,239.4242360999342,,,,,,,,,2,0,2,0,46,0,46,0,1085.310256799974,,,,,,,,,,,,,,,,,,,,,,,,,,,,,,,,,,,,,,,,,,,,,,,,,,,,,,,,233.88137839990668,1085.296708699956,1085.310256799974,1085.310256799974,1085.310256799974,1085.310256799974,1086.8093361000647,None,right,1,14,1,6,79,16,None,235.39419469994027,235.3943037999561,1086.8096131999628,1086.8260726000299,1086.8260726000299,1088.846498000028,1088.846498000028,1088.8249438000494,237.40974189992994,237.40982760000043,1088.839506599994,1088.846498000028,1088.846498000028,1089.8400990999653,no selection made,238.42487679992337,238.4249294999754,1089.8402365999646,1089.8561224999721,1090.8557201000513,1090.8394734999747,239.4242360999342,,,,,,,,,,,,,,,,,,,,257645,right,yes,None,2025-05-06_15h16.18.266,RL_out-of-scanner,2024.2.4,59.78322602820239,2025-05-06 15h16.55.730739 -0700,
47,0,47,,,,,,,space,2.4362218999303877,None,5,0.6444428999675438,None,239.42670009995345,j,None,239.8094298999058,239.80987849994563,242.82194759999402,242.82200409995858,243.83739120000973,243.8374380999012,245.35305359994527,0.351061400026083,None,,,,,,,2,0,2,0,47,0,47,0,1090.8557201000513,,,,,,,,,,,,,,,,,,,,,,,,,,,,,,,,,,,,,,,,,,,,,,,,,,,,,,,,239.42670009995345,1090.842031600012,1090.8557201000513,1090.8557201000513,1090.8557201000513,1090.8557201000513,1091.2245815999922,j,right,1,14,1,6,79,16,None,239.8094298999058,239.80987849994563,1091.2251965000178,1091.2392096999683,1091.2392096999683,1094.2583227999858,1094.2583227999858,1094.2371500000008,242.82194759999402,242.82200409995858,1094.2515797999804,1094.2583227999858,1094.2583227999858,1095.2526229000068,stimuli/box_empty_transparent.png,243.83739120000973,243.8374380999012,1095.2527481000288,1095.2689089000341,1096.784403299971,1096.7682892999728,245.35305359994527,0.351061400026083,None,,,,,,,,,,,,,,,,,,257645,right,yes,None,2025-05-06_15h16.18.266,RL_out-of-scanner,2024.2.4,59.78322602820239,2025-05-06 15h16.55.730739 -0700,
48,0,48,,,,,,,space,2.4362218999303877,None,5,0.6444428999675438,None,245.35559489997104,k,None,245.72120669996366,245.72161209990736,247.23516109993216,247.23521529999562,248.25027299998328,248.25032170000486,251.765003999928,0.34278720000293106,None,,,,,,,2,0,2,0,48,0,48,0,1096.784403299971,,,,,,,,,,,,,,,,,,,,,,,,,,,,,,,,,,,,,,,,,,,,,,,,,,,,,,,,245.35559489997104,1096.7709244000143,1096.784403299971,1096.784403299971,1096.784403299971,1096.784403299971,1097.13635840005,k,right,1,14,2,6,80,17,None,245.72120669996366,245.72161209990736,1097.1369266000693,1097.1507536999998,1097.1507536999998,1098.6756275999942,1098.6756275999942,1098.6503681999748,247.23516109993216,247.23521529999562,1098.6679912000545,1098.6756275999942,1098.6756275999942,1099.6655041999766,stimuli/box_coin_transparent.png,248.25027299998328,248.25032170000486,1099.6656339000328,1099.6815383000649,1103.1959114999627,1103.1802385000628,251.765003999928,0.34278720000293106,None,,,,,,,,,,,,,,,,,,257645,right,yes,None,2025-05-06_15h16.18.266,RL_out-of-scanner,2024.2.4,59.78322602820239,2025-05-06 15h16.55.730739 -0700,
49,0,49,,,,,,,space,2.4362218999303877,None,5,0.6444428999675438,None,251.76753710000776,j,None,252.34867599990685,252.34913320001215,253.86324279999826,253.86329759994987,254.8785227999324,254.87858319992665,254.87951569992583,0.5627281999913976,None,,,,,,,2,0,2,0,49,0,49,0,1103.1959114999627,,,,,,,,,,,,,,,,,,,,,,,,,,,,,,,,,,,,,,,,,,,,,,,,,,,,,,,,251.76753710000776,1103.182864900038,1103.1959114999627,1103.1959114999627,1103.1959114999627,1103.1959114999627,1103.763832400029,j,right,1,14,2,6,80,17,None,252.34867599990685,252.34913320001215,1103.7644499999587,1103.778803400055,1103.778803400055,1105.2995006000274,1105.2995006000274,1105.2784451000043,253.86324279999826,253.86329759994987,1105.2928772000014,1105.2995006000274,1105.2995006000274,1106.293722100032,stimuli/box_empty_transparent.png,254.8785227999324,254.87858319992665,1106.2938970999676,1106.3365514999605,1106.3365514999605,1106.2947570999968,254.87951569992583,0.5627281999913976,None,,,,,,,,,,,,,,,,,,257645,right,yes,None,2025-05-06_15h16.18.266,RL_out-of-scanner,2024.2.4,59.78322602820239,2025-05-06 15h16.55.730739 -0700,
2,0,2,,,,,,,space,2.4362218999303877,None,5,0.6444428999675438,None,,,,,,,,,,,,,,,,,,,2,0,2,0,,,,,,,,,,,,,,,,,,,,,,,,,,,,,,,,,,,,,,,,,,,,,,,,,,,,,,,,,,,,,,,,,,,,,,,,,,,,,,,,,,,,,,,,,,,,,,,,,,,,,,,,,1106.3311246999656,1106.3365514999605,1110.3069489000482,1110.307031299977,1110.3233222000417,1156.3200380000635,1156.3043321000296,,,,,,,257645,right,yes,None,2025-05-06_15h16.18.266,RL_out-of-scanner,2024.2.4,59.78322602820239,2025-05-06 15h16.55.730739 -0700,
,,,,,,,,,,,,,,,,,,,,,,,,,,,,,,,,,,,,,,,,,,,,,,,,,,,,,,,,,,,,,,,,,,,,,,,,,,,,,,,,,,,,,,,,,,,,,,,,,,,,,,,,,,,,,,,,,,,,,,,,,,,,,,,,,,,,,,,,,,,,,,,,,,,,,,,,1156.3045442000148,1156.3051106000203,257645,right,yes,None,2025-05-06_15h16.18.266,RL_out-of-scanner,2024.2.4,59.78322602820239,2025-05-06 15h16.55.730739 -0700,
