thisN,thisTrialN,thisRepN,cue_resp_lp.keys,cue_resp_lp.rt,cue_resp_lp.duration,cue_resp_rp.keys,cue_resp_rp.rt,cue_resp_rp.duration,advance_press.keys,advance_press.rt,advance_press.duration,trigger_value.keys,trigger_value.rt,trigger_value.duration,cueOnTime,cue_resp.keys,all_keys.keys,cueOffTime,cueRespOnTime,cueRespOffTime,outcomeOnTime,outcomeOffTime,fixOnTime,fixOffTime,cue_resp.rt,cue_resp.duration,all_keys.rt,all_keys.duration,practice_loop.thisRepN,practice_loop.thisTrialN,practice_loop.thisN,practice_loop.thisIndex,runs.thisRepN,runs.thisTrialN,runs.thisN,runs.thisIndex,trials.thisRepN,trials.thisTrialN,trials.thisN,trials.thisIndex,thisRow.t,notes,prac_dir.started,welcome_text.started,advance_press_pd.started,prac_dir.stopped,advance_press_pd.keys,advance_press_pd.rt,advance_press_pd.duration,prac_left.started,left_box_lp.started,right_box_lp.started,cue_resp_lp.started,prac_left_text.started,prac_left.stopped,practice_loop.cue_resp_lp.keys,practice_loop.cue_resp_lp.rt,practice_loop.cue_resp_lp.duration,prac_left_response.started,left_box_lr.started,right_box_lr.started,prac_left_response.stopped,prac_right.started,left_box_rp.started,right_box_rp.started,cue_resp_rp.started,prac_right_text.started,prac_right.stopped,practice_loop.cue_resp_rp.keys,practice_loop.cue_resp_rp.rt,practice_loop.cue_resp_rp.duration,prac_right_response.started,left_box_rr.started,right_box_rr.started,prac_right_response.stopped,summary_instructions.started,summary_text.started,advance_to_runs.started,summary_instructions.stopped,advance_to_runs.keys,advance_to_runs.rt,advance_to_runs.duration,get_ready.started,get_ready_text.started,advance_press.started,get_ready.stopped,runs.advance_press.keys,runs.advance_press.rt,runs.advance_press.duration,scanner_trigger.started,scanner_text.started,trigger_value.started,scanner_trigger.stopped,runs.trigger_value.keys,runs.trigger_value.rt,runs.trigger_value.duration,trials.cueOnTime,cue.started,left_box.started,right_box.started,cue_resp.started,all_keys.started,cue.stopped,trials.cue_resp.keys,good_side,probability_sequence_value,magic_number,num_rewarded,num_switch,total_correct,num_gold_coins,trials.all_keys.keys,trials.cueOffTime,trials.cueRespOnTime,cue_response.started,left_box_response.started,right_box_response.started,left_box_response.stopped,right_box_response.stopped,cue_response.stopped,trials.cueRespOffTime,trials.outcomeOnTime,outcome.started,outcome_left_box.started,outcome_right_box.started,outcome.stopped,outcome_image,trials.outcomeOffTime,trials.fixOnTime,fixation.started,fixation_cross.started,fixation_cross.stopped,fixation.stopped,trials.fixOffTime,trials.cue_resp.rt,trials.cue_resp.duration,trials.all_keys.rt,trials.all_keys.duration,run_feedback.started,coins_won_text.started,run_feedback.stopped,leftover_time_break.started,fixation_end.started,fixation_end.stopped,leftover_time_break.stopped,outcome_left_box.stopped,outcome_right_box.stopped,left_box.stopped,right_box.stopped,cue_resp.stopped,all_keys.stopped,end_exp.started,end_exp.stopped,participant,handedness,practice,restart_from_run,date,expName,psychopyVersion,frameRate,expStart,
,,,,,,,,,,,,,,,,,,,,,,,,,,,,,,,,,,,,,,,,,,,0.031552799977362156,0.03709609998622909,0.03709609998622909,119.2143337999587,j,119.15498840005603,None,,,,,,,,,,,,,,,,,,,,,,,,,,,,,,,,,,,,,,,,,,,,,,,,,,,,,,,,,,,,,,,,,,,,,,,,,,,,,,,,,,,,,,,,,,,,,,,,,,,,,,,,,390092,right,yes,None,2025-05-06_11h49.00.376,RL_out-of-scanner,2024.2.4,60.038352505050334,2025-05-06 11h49.09.092266 -0700,
0,0,0,j,1.0635922999936156,None,k,0.8623920999816619,None,,,,,,,,,,,,,,,,,,,,,0,0,0,0,,,,,,,,,119.24002570001176,,,,,,,,,119.23169320001034,119.24002570001176,119.24002570001176,119.24002570001176,119.24002570001176,120.30815679999068,j,1.0635922999936156,None,120.30864030000521,120.3231497000088,120.3231497000088,122.82133609999437,122.83076919999439,122.83900279999943,122.83900279999943,122.83900279999943,122.83900279999943,123.70549709995976,k,0.8623920999816619,None,123.70597760000965,123.7203118999605,123.7203118999605,126.21854229999008,,,,,,,,,,,,,,,,,,,,,,,,,,,,,,,,,,,,,,,,,,,,,,,,,,,,,,,,,,,,,,,,,,,,,,,,,,,,,,,390092,right,yes,None,2025-05-06_11h49.00.376,RL_out-of-scanner,2024.2.4,60.038352505050334,2025-05-06 11h49.09.092266 -0700,
,,,,,,,,,,,,,,,,,,,,,,,,,,,,,,,,,,,,,,,,,,,,,,,,,,,,,,,,,,,,,,,,,,,,,,,,,,,,126.21872969996184,126.23533559998032,126.23533559998032,161.44187929999316,j,35.192412800039165,None,,,,,,,,,,,,,,,,,,,,,,,,,,,,,,,,,,,,,,,,,,,,,,,,,,,,,,,,,,,,,,,,,,,,,,,,390092,right,yes,None,2025-05-06_11h49.00.376,RL_out-of-scanner,2024.2.4,60.038352505050334,2025-05-06 11h49.09.092266 -0700,
0,0,0,,,,,,,space,9.403662700031418,None,5,13.969112000020687,None,0.0036016000085510314,None,None,1.514263299992308,1.514401699998416,2.530107799975667,2.530141099996399,3.545427999983076,3.5455623000161722,5.560924399993382,,,,,,,,,0,0,0,0,0,0,0,0,184.87176469998667,,,,,,,,,,,,,,,,,,,,,,,,,,,,,,,,,,,,,,,,,,161.44241729995701,161.45664619997842,161.45664619997842,170.86680339998566,space,9.403662700031418,None,170.86688980000326,170.88232279999647,170.88232279999647,184.8563739999663,5,13.969112000020687,None,0.0036016000085510314,184.86013679997995,184.87176469998667,184.87176469998667,184.87176469998667,184.87176469998667,186.3706295999582,None,right,1,8,0,0,0,0,None,1.514263299992308,1.514401699998416,186.37091409997083,186.387144599983,186.387144599983,187.40364569996018,187.40364569996018,187.386534499994,2.530107799975667,2.530141099996399,187.39661649998743,187.40364569996018,187.40364569996018,188.40185669995844,no selection made,3.545427999983076,3.5455623000161722,188.40205959999003,188.41809569997713,190.4336081999936,190.4173588999547,5.560924399993382,,,,,,,,,,,,,,,,,,,,390092,right,yes,None,2025-05-06_11h49.00.376,RL_out-of-scanner,2024.2.4,60.038352505050334,2025-05-06 11h49.09.092266 -0700,
1,0,1,,,,,,,space,9.403662700031418,None,5,13.969112000020687,None,5.5633955000084825,k,None,6.0292620999971405,6.029674799996428,7.543145700008608,7.543201899970882,8.558615499990992,8.558670600003097,10.074433200003114,0.4446590999723412,None,,,,,,,0,0,0,0,1,0,1,0,190.4336081999936,,,,,,,,,,,,,,,,,,,,,,,,,,,,,,,,,,,,,,,,,,,,,,,,,,,,,,,,5.5633955000084825,190.41992789995857,190.4336081999936,190.4336081999936,190.4336081999936,190.4336081999936,190.885574099957,k,right,1,8,1,0,1,1,None,6.0292620999971405,6.029674799996428,190.88619260000996,190.9000992999645,190.9000992999645,192.44536119996337,192.44536119996337,192.39954529999522,7.543145700008608,7.543201899970882,192.43283529998735,192.44536119996337,192.44536119996337,193.41504499997245,stimuli/box_coin_transparent.png,8.558615499990992,8.558670600003097,193.4151829999755,193.43100719997892,194.94714879995445,194.93086919997586,10.074433200003114,0.4446590999723412,None,,,,,,,,,,,,,,,,,,390092,right,yes,None,2025-05-06_11h49.00.376,RL_out-of-scanner,2024.2.4,60.038352505050334,2025-05-06 11h49.09.092266 -0700,
2,0,2,,,,,,,space,9.403662700031418,None,5,13.969112000020687,None,10.077039900003001,k,None,10.942436099983752,10.942838200018741,11.939775299979374,11.939831700001378,12.955089600000065,12.955140299978666,15.969363800017163,0.8339199000038207,None,,,,,,,0,0,0,0,2,0,2,0,194.94714879995445,,,,,,,,,,,,,,,,,,,,,,,,,,,,,,,,,,,,,,,,,,,,,,,,,,,,,,,,10.077039900003001,194.9335742999683,194.94714879995445,194.94714879995445,194.94714879995445,194.94714879995445,195.7987795000081,k,right,1,8,2,0,2,2,None,10.942436099983752,10.942838200018741,195.79935559997102,195.81281039997702,195.81281039997702,196.82031679997453,196.82031679997453,196.79617569997208,11.939775299979374,11.939831700001378,196.81331639998825,196.82031679997453,196.82031679997453,197.81151889998,stimuli/box_coin_transparent.png,12.955089600000065,12.955140299978666,197.8116529000108,197.82760929997312,200.84203060000436,200.82579819997773,15.969363800017163,0.8339199000038207,None,,,,,,,,,,,,,,,,,,390092,right,yes,None,2025-05-06_11h49.00.376,RL_out-of-scanner,2024.2.4,60.038352505050334,2025-05-06 11h49.09.092266 -0700,
3,0,3,,,,,,,space,9.403662700031418,None,5,13.969112000020687,None,15.971832700015511,k,None,16.537914699991234,16.53833070001565,18.55126639996888,18.55132169998251,19.56698539998615,19.567039699992165,20.56606169999577,0.5407774999621324,None,,,,,,,0,0,0,0,3,0,3,0,200.84203060000436,,,,,,,,,,,,,,,,,,,,,,,,,,,,,,,,,,,,,,,,,,,,,,,,,,,,,,,,15.971832700015511,200.8283655999694,200.84203060000436,200.84203060000436,200.84203060000436,200.84203060000436,201.39417579997098,k,right,0,8,2,0,3,2,None,16.537914699991234,16.53833070001565,201.39484859997174,201.4083251999691,201.4083251999691,203.4441044999985,203.4441044999985,203.40766580001218,18.55126639996888,18.55132169998251,203.43728690000717,203.4441044999985,203.4441044999985,204.42341280000983,stimuli/box_empty_transparent.png,19.56698539998615,19.567039699992165,204.42355119995773,204.43893559998833,205.43861829995876,205.42249649995938,20.56606169999577,0.5407774999621324,None,,,,,,,,,,,,,,,,,,390092,right,yes,None,2025-05-06_11h49.00.376,RL_out-of-scanner,2024.2.4,60.038352505050334,2025-05-06 11h49.09.092266 -0700,
4,0,4,,,,,,,space,9.403662700031418,None,5,13.969112000020687,None,20.568655500013847,j,None,20.83415640000021,20.834655400016345,21.832074999983888,21.832132300012745,22.846976700006053,22.84702769998694,25.36179270001594,0.241735499992501,None,,,,,,,0,0,0,0,4,0,4,0,205.43861829995876,,,,,,,,,,,,,,,,,,,,,,,,,,,,,,,,,,,,,,,,,,,,,,,,,,,,,,,,20.568655500013847,205.42518919997383,205.43861829995876,205.43861829995876,205.43861829995876,205.43861829995876,205.690501199977,j,right,0,8,2,0,3,2,None,20.83415640000021,20.834655400016345,205.6911756999907,205.70501099998364,205.70501099998364,206.7096973999869,206.7096973999869,206.68847220001044,21.832074999983888,21.832132300012745,206.70256939996034,206.7096973999869,206.7096973999869,207.70340609998675,stimuli/box_empty_transparent.png,22.846976700006053,22.84702769998694,207.70353890000843,207.71941019996302,210.2345255999826,210.21822769998107,25.36179270001594,0.241735499992501,None,,,,,,,,,,,,,,,,,,390092,right,yes,None,2025-05-06_11h49.00.376,RL_out-of-scanner,2024.2.4,60.038352505050334,2025-05-06 11h49.09.092266 -0700,
5,0,5,,,,,,,space,9.403662700031418,None,5,13.969112000020687,None,25.364249799982645,k,None,25.61386979999952,25.614270199963357,29.126096399966627,29.126156000012998,30.141442099993583,30.1414937999798,32.15675550000742,0.23198229999979958,None,,,,,,,0,0,0,0,5,0,5,0,210.2345255999826,,,,,,,,,,,,,,,,,,,,,,,,,,,,,,,,,,,,,,,,,,,,,,,,,,,,,,,,25.364249799982645,210.2207817999879,210.2345255999826,210.2345255999826,210.2345255999826,210.2345255999826,210.470213899971,k,right,0,8,2,0,4,2,None,25.61386979999952,25.614270199963357,210.4707871999708,210.4844947999809,210.4844947999809,214.00327589997323,214.00327589997323,213.98249089997262,29.126096399966627,29.126156000012998,213.9966191999847,214.00327589997323,214.00327589997323,214.99787189997733,stimuli/box_empty_transparent.png,30.141442099993583,30.1414937999798,214.9980060000089,215.01384319999488,217.0293493999634,217.01319019997027,32.15675550000742,0.23198229999979958,None,,,,,,,,,,,,,,,,,,390092,right,yes,None,2025-05-06_11h49.00.376,RL_out-of-scanner,2024.2.4,60.038352505050334,2025-05-06 11h49.09.092266 -0700,
6,0,6,,,,,,,space,9.403662700031418,None,5,13.969112000020687,None,32.15932919998886,k,None,32.524794599972665,32.52519879996544,33.52312319999328,33.52318269998068,34.53794619999826,34.53799489996163,35.53731029998744,0.34913839999353513,None,,,,,,,0,0,0,0,6,0,6,0,217.0293493999634,,,,,,,,,,,,,,,,,,,,,,,,,,,,,,,,,,,,,,,,,,,,,,,,,,,,,,,,32.15932919998886,217.01589619996957,217.0293493999634,217.0293493999634,217.0293493999634,217.0293493999634,217.38113739999244,k,right,1,8,3,0,5,3,None,32.524794599972665,32.52519879996544,217.3817162999767,217.39573709998513,217.39573709998513,218.40446299995529,218.40446299995529,218.37952079996467,33.52312319999328,33.52318269998068,218.39704229997005,218.40446299995529,218.40446299995529,219.39437449997058,stimuli/box_coin_transparent.png,34.53794619999826,34.53799489996163,219.394530199992,219.41032659995835,220.40989809995517,220.39374440000392,35.53731029998744,0.34913839999353513,None,,,,,,,,,,,,,,,,,,390092,right,yes,None,2025-05-06_11h49.00.376,RL_out-of-scanner,2024.2.4,60.038352505050334,2025-05-06 11h49.09.092266 -0700,
7,0,7,,,,,,,space,9.403662700031418,None,5,13.969112000020687,None,35.53982989996439,k,None,35.85569039999973,35.85613099997863,37.868963899964,37.86902009998448,38.88415050000185,38.88420009997208,40.89940439997008,0.2971164000337012,None,,,,,,,0,0,0,0,7,0,7,0,220.40989809995517,,,,,,,,,,,,,,,,,,,,,,,,,,,,,,,,,,,,,,,,,,,,,,,,,,,,,,,,35.53982989996439,220.3963642999879,220.40989809995517,220.40989809995517,220.40989809995517,220.40989809995517,220.7120339999674,k,right,1,8,4,0,6,4,None,35.85569039999973,35.85613099997863,220.71264909999445,220.7262339000008,220.7262339000008,222.7490356999915,222.7490356999915,222.7253638000111,37.868963899964,37.86902009998448,222.74251849995926,222.7490356999915,222.7490356999915,223.74058039998636,stimuli/box_coin_transparent.png,38.88415050000185,38.88420009997208,223.74072770000203,223.75665840000147,225.77216240001144,225.75584189995425,40.89940439997008,0.2971164000337012,None,,,,,,,,,,,,,,,,,,390092,right,yes,None,2025-05-06_11h49.00.376,RL_out-of-scanner,2024.2.4,60.038352505050334,2025-05-06 11h49.09.092266 -0700,
8,0,8,,,,,,,space,9.403662700031418,None,5,13.969112000020687,None,40.9018619999988,k,None,41.268057200009935,41.26850249996642,44.28099110000767,44.28104769997299,45.29628369997954,45.296333400008734,46.8113999000052,0.3431290999869816,None,,,,,,,0,0,0,0,8,0,8,0,225.77216240001144,,,,,,,,,,,,,,,,,,,,,,,,,,,,,,,,,,,,,,,,,,,,,,,,,,,,,,,,40.9018619999988,225.75839380000252,225.77216240001144,225.77216240001144,225.77216240001144,225.77216240001144,226.12439049995737,k,right,1,8,5,0,7,5,None,41.268057200009935,41.26850249996642,226.12502849998418,226.13870459998725,226.13870459998725,229.16144120000536,229.16144120000536,229.1373890999821,44.28099110000767,44.28104769997299,229.15455709997332,229.16144120000536,229.16144120000536,230.15271389996633,stimuli/box_coin_transparent.png,45.29628369997954,45.296333400008734,230.1528453999781,230.1683519000071,231.6842469999683,231.66783529997338,46.8113999000052,0.3431290999869816,None,,,,,,,,,,,,,,,,,,390092,right,yes,None,2025-05-06_11h49.00.376,RL_out-of-scanner,2024.2.4,60.038352505050334,2025-05-06 11h49.09.092266 -0700,
9,0,9,,,,,,,space,9.403662700031418,None,5,13.969112000020687,None,46.81384859996615,None,None,48.32719499996165,48.32730830000946,49.84285239997553,49.8429054999724,50.858079899975564,50.85813289997168,52.87318960000994,,,,,,,,,0,0,0,0,9,0,9,0,231.6842469999683,,,,,,,,,,,,,,,,,,,,,,,,,,,,,,,,,,,,,,,,,,,,,,,,,,,,,,,,46.81384859996615,231.67037989996606,231.6842469999683,231.6842469999683,231.6842469999683,231.6842469999683,233.18356019997736,None,right,1,8,5,0,7,5,None,48.32719499996165,48.32730830000946,233.1838200999773,233.19986910000443,233.19986910000443,234.71993809996638,234.71993809996638,234.6992554999888,49.84285239997553,49.8429054999724,234.7135037999833,234.71993809996638,234.71993809996638,235.7145029999665,no selection made,50.858079899975564,50.85813289997168,235.71464079996804,235.73046429996612,237.74586049997015,237.729626299988,52.87318960000994,,,,,,,,,,,,,,,,,,,,390092,right,yes,None,2025-05-06_11h49.00.376,RL_out-of-scanner,2024.2.4,60.038352505050334,2025-05-06 11h49.09.092266 -0700,
10,0,10,,,,,,,space,9.403662700031418,None,5,13.969112000020687,None,52.875667799962685,k,None,53.407573400007095,53.407973199966364,54.922121300012805,54.922180800000206,55.93766489997506,55.93771979998564,56.9370123000117,0.5063818000489846,None,,,,,,,0,0,0,0,10,0,10,0,237.74586049997015,,,,,,,,,,,,,,,,,,,,,,,,,,,,,,,,,,,,,,,,,,,,,,,,,,,,,,,,52.875667799962685,237.7321973000071,237.74586049997015,237.74586049997015,237.74586049997015,237.74586049997015,238.26391859998694,k,right,1,8,6,0,8,6,None,53.407573400007095,53.407973199966364,238.2644901999738,238.27881489996798,238.27881489996798,239.80274099996313,239.80274099996313,239.77852130000247,54.922121300012805,54.922180800000206,239.79571629996644,239.80274099996313,239.80274099996313,240.7940951999626,stimuli/box_coin_transparent.png,55.93766489997506,55.93771979998564,240.79423120000865,240.80990789999487,241.8096097999951,241.79341749998275,56.9370123000117,0.5063818000489846,None,,,,,,,,,,,,,,,,,,390092,right,yes,None,2025-05-06_11h49.00.376,RL_out-of-scanner,2024.2.4,60.038352505050334,2025-05-06 11h49.09.092266 -0700,
11,0,11,,,,,,,space,9.403662700031418,None,5,13.969112000020687,None,56.93959560000803,k,None,57.47179179999512,57.472233599983156,59.48508399998536,59.48514180001803,60.500488099991344,60.500559200008865,62.0159734999761,0.515415700036101,None,,,,,,,0,0,0,0,11,0,11,0,241.8096097999951,,,,,,,,,,,,,,,,,,,,,,,,,,,,,,,,,,,,,,,,,,,,,,,,,,,,,,,,56.93959560000803,241.79613179998705,241.8096097999951,241.8096097999951,241.8096097999951,241.8096097999951,242.32813519996125,k,right,1,8,7,0,9,7,None,57.47179179999512,57.472233599983156,242.32875349995447,242.34258050000062,242.34258050000062,244.36628719995497,244.36628719995497,244.34148609999102,59.48508399998536,59.48514180001803,244.35877509997226,244.36628719995497,244.36628719995497,245.35691559995757,stimuli/box_coin_transparent.png,60.500488099991344,60.500559200008865,245.3570722999866,245.3727663999889,246.88859559997218,246.8724086000002,62.0159734999761,0.515415700036101,None,,,,,,,,,,,,,,,,,,390092,right,yes,None,2025-05-06_11h49.00.376,RL_out-of-scanner,2024.2.4,60.038352505050334,2025-05-06 11h49.09.092266 -0700,
12,0,12,,,,,,,space,9.403662700031418,None,5,13.969112000020687,None,62.018528899992816,k,None,62.684064299974125,62.68448619998526,63.68225889996393,63.68231870001182,64.69719330000225,64.6972483000136,67.71151079999981,0.637901599984616,None,,,,,,,0,0,0,0,12,0,12,0,246.88859559997218,,,,,,,,,,,,,,,,,,,,,,,,,,,,,,,,,,,,,,,,,,,,,,,,,,,,,,,,62.018528899992816,246.87506329995813,246.88859559997218,246.88859559997218,246.88859559997218,246.88859559997218,247.54040820000228,k,right,1,8,8,0,10,8,None,62.684064299974125,62.68448619998526,247.54100480000488,247.5549534999882,247.5549534999882,248.56290189997526,248.56290189997526,248.53864839999005,63.68225889996393,63.68231870001182,248.5561027000076,248.56290189997526,248.56290189997526,249.55362149997381,stimuli/box_coin_transparent.png,64.69719330000225,64.6972483000136,249.55376129999058,249.56963869999163,252.58409969997592,252.56794569996418,67.71151079999981,0.637901599984616,None,,,,,,,,,,,,,,,,,,390092,right,yes,None,2025-05-06_11h49.00.376,RL_out-of-scanner,2024.2.4,60.038352505050334,2025-05-06 11h49.09.092266 -0700,
13,0,13,,,,,,,space,9.403662700031418,None,5,13.969112000020687,None,67.71398770000087,k,None,68.37964559998363,68.38005169999087,68.87781919998815,68.8778777999687,69.89278429996921,69.89283520000754,71.90806200000225,0.642065400024876,None,,,,,,,0,0,0,0,13,0,13,0,252.58409969997592,,,,,,,,,,,,,,,,,,,,,,,,,,,,,,,,,,,,,,,,,,,,,,,,,,,,,,,,67.71398770000087,252.5705200000084,252.58409969997592,252.58409969997592,252.58409969997592,252.58409969997592,253.2359852999798,k,left,1,10,0,1,10,8,None,68.37964559998363,68.38005169999087,253.23656970000593,253.25051029998576,253.25051029998576,253.754969600006,253.754969600006,253.73421809996944,68.87781919998815,68.8778777999687,253.74840419995598,253.754969600006,253.754969600006,254.74921410001116,stimuli/box_empty_transparent.png,69.89278429996921,69.89283520000754,254.749347999983,254.76535110000987,256.7807470000116,256.76449759997195,71.90806200000225,0.642065400024876,None,,,,,,,,,,,,,,,,,,390092,right,yes,None,2025-05-06_11h49.00.376,RL_out-of-scanner,2024.2.4,60.038352505050334,2025-05-06 11h49.09.092266 -0700,
14,0,14,,,,,,,space,9.403662700031418,None,5,13.969112000020687,None,71.91053719999036,k,None,72.19308659998933,72.19334769999841,73.70711929997196,73.70717529999092,74.72260749997804,74.7226586000179,75.73874309996609,0.2559787000063807,None,,,,,,,0,0,0,0,14,0,14,0,256.7807470000116,,,,,,,,,,,,,,,,,,,,,,,,,,,,,,,,,,,,,,,,,,,,,,,,,,,,,,,,71.91053719999036,256.76707169995643,256.7807470000116,256.7807470000116,256.7807470000116,256.7807470000116,257.0494747000048,k,left,1,10,0,1,10,8,None,72.19308659998933,72.19334769999841,257.04984429996694,257.0640010999632,257.0640010999632,258.5844475000049,258.5844475000049,258.5635200999677,73.70711929997196,73.70717529999092,258.5776887999964,258.5844475000049,258.5844475000049,259.57903689995874,stimuli/box_empty_transparent.png,74.72260749997804,74.7226586000179,259.57916929997737,259.5950314999791,260.6112119999598,260.5951737999567,75.73874309996609,0.2559787000063807,None,,,,,,,,,,,,,,,,,,390092,right,yes,None,2025-05-06_11h49.00.376,RL_out-of-scanner,2024.2.4,60.038352505050334,2025-05-06 11h49.09.092266 -0700,
15,0,15,,,,,,,space,9.403662700031418,None,5,13.969112000020687,None,75.74141909996979,j,None,76.05619049997767,76.0566317999619,77.05493990000105,77.05500310001662,78.06980739999563,78.06985749996966,80.08552620001137,0.2987853999948129,None,,,,,,,0,0,0,0,15,0,15,0,260.6112119999598,,,,,,,,,,,,,,,,,,,,,,,,,,,,,,,,,,,,,,,,,,,,,,,,,,,,,,,,75.74141909996979,260.5979524999857,260.6112119999598,260.6112119999598,260.6112119999598,260.6112119999598,260.9125361999613,j,left,1,10,1,1,11,9,None,76.05619049997767,76.0566317999619,260.9131499999785,260.9275369999814,260.9275369999814,261.93634829996154,261.93634829996154,261.91133149998495,77.05493990000105,77.05500310001662,261.9296546999831,261.93634829996154,261.93634829996154,262.9262344999588,stimuli/box_coin_transparent.png,78.06980739999563,78.06985749996966,262.9263706000056,262.9421308999881,264.9581018000026,264.9419606999727,80.08552620001137,0.2987853999948129,None,,,,,,,,,,,,,,,,,,390092,right,yes,None,2025-05-06_11h49.00.376,RL_out-of-scanner,2024.2.4,60.038352505050334,2025-05-06 11h49.09.092266 -0700,
16,0,16,,,,,,,space,9.403662700031418,None,5,13.969112000020687,None,80.0880169000011,j,None,80.3534793999861,80.35395309998421,82.36734060000163,82.36739909998141,83.3823053999804,83.38236059999326,84.38183119997848,0.24236460000975057,None,,,,,,,0,0,0,0,16,0,16,0,264.9581018000026,,,,,,,,,,,,,,,,,,,,,,,,,,,,,,,,,,,,,,,,,,,,,,,,,,,,,,,,80.0880169000011,264.94454940001015,264.9581018000026,264.9581018000026,264.9581018000026,264.9581018000026,265.20982250000816,j,left,0,10,1,1,12,9,None,80.3534793999861,80.35395309998421,265.2104732999578,265.224652600009,265.224652600009,267.2453535000095,267.2453535000095,267.2237366999616,82.36734060000163,82.36739909998141,267.2378887999803,267.2453535000095,267.2453535000095,268.238736099971,stimuli/box_empty_transparent.png,83.3823053999804,83.38236059999326,268.2388723999611,268.2548518999829,269.25448509998387,269.23826579999877,84.38183119997848,0.24236460000975057,None,,,,,,,,,,,,,,,,,,390092,right,yes,None,2025-05-06_11h49.00.376,RL_out-of-scanner,2024.2.4,60.038352505050334,2025-05-06 11h49.09.092266 -0700,
17,0,17,,,,,,,space,9.403662700031418,None,5,13.969112000020687,None,84.38441020000027,j,None,84.83324399997946,84.83370179997291,85.83111079997616,85.83116780000273,86.84619529999327,86.84624659997644,87.84569619997637,0.4234998000320047,None,,,,,,,0,0,0,0,17,0,17,0,269.25448509998387,,,,,,,,,,,,,,,,,,,,,,,,,,,,,,,,,,,,,,,,,,,,,,,,,,,,,,,,84.38441020000027,269.24094619997777,269.25448509998387,269.25448509998387,269.25448509998387,269.25448509998387,269.6895863999962,j,left,0,10,1,1,13,9,None,84.83324399997946,84.83370179997291,269.6902209999971,269.70422549999785,269.70422549999785,270.70850820001215,270.70850820001215,270.6875071999966,85.83111079997616,85.83116780000273,270.7016545999795,270.70850820001215,270.70850820001215,271.7026181999827,stimuli/box_empty_transparent.png,86.84619529999327,86.84624659997644,271.70275950001087,271.71844159998,272.7786758999573,272.70212959998753,87.84569619997637,0.4234998000320047,None,,,,,,,,,,,,,,,,,,390092,right,yes,None,2025-05-06_11h49.00.376,RL_out-of-scanner,2024.2.4,60.038352505050334,2025-05-06 11h49.09.092266 -0700,
18,0,18,,,,,,,space,9.403662700031418,None,5,13.969112000020687,None,87.91726179997204,k,None,88.21458789997268,88.21499469998525,91.72664439998334,91.72670240001753,92.74216229998274,92.74221240001498,94.75714970001718,0.27514739998150617,None,,,,,,,0,0,0,0,18,0,18,0,272.7786758999573,,,,,,,,,,,,,,,,,,,,,,,,,,,,,,,,,,,,,,,,,,,,,,,,,,,,,,,,87.91726179997204,272.77378099999623,272.7786758999573,272.7786758999573,272.7786758999573,272.7786758999573,273.0709132999764,k,left,0,10,1,1,13,9,None,88.21458789997268,88.21499469998525,273.071512399998,273.0850434000022,273.0850434000022,276.60390280000865,276.60390280000865,276.5830438999692,91.72664439998334,91.72670240001753,276.59698859998025,276.60390280000865,276.60390280000865,277.59859239996877,stimuli/box_empty_transparent.png,92.74216229998274,92.74221240001498,277.5987288999604,277.61442050000187,279.6296622999944,279.61358459998155,94.75714970001718,0.27514739998150617,None,,,,,,,,,,,,,,,,,,390092,right,yes,None,2025-05-06_11h49.00.376,RL_out-of-scanner,2024.2.4,60.038352505050334,2025-05-06 11h49.09.092266 -0700,
19,0,19,,,,,,,space,9.403662700031418,None,5,13.969112000020687,None,94.75964070000919,j,None,95.05906150001101,95.0595631999895,96.07314489997225,96.07320310000796,97.0884143000003,97.08846359996824,98.5875565999886,0.26879569998709485,None,,,,,,,0,0,0,0,19,0,19,0,279.6296622999944,,,,,,,,,,,,,,,,,,,,,,,,,,,,,,,,,,,,,,,,,,,,,,,,,,,,,,,,94.75964070000919,279.616175299976,279.6296622999944,279.6296622999944,279.6296622999944,279.6296622999944,279.91539449995616,j,left,1,10,2,1,14,10,None,95.05906150001101,95.0595631999895,279.9160848999745,279.9301251999568,279.9301251999568,280.953535299981,280.953535299981,280.9295428000041,96.07314489997225,96.07320310000796,280.94668329996057,280.953535299981,280.953535299981,281.94484459998785,stimuli/box_coin_transparent.png,97.0884143000003,97.08846359996824,281.9449758999981,281.96072259999346,283.4599445000058,283.44399110000813,98.5875565999886,0.26879569998709485,None,,,,,,,,,,,,,,,,,,390092,right,yes,None,2025-05-06_11h49.00.376,RL_out-of-scanner,2024.2.4,60.038352505050334,2025-05-06 11h49.09.092266 -0700,
20,0,20,,,,,,,space,9.403662700031418,None,5,13.969112000020687,None,98.5900215000147,j,None,98.8893530999776,98.88981279998552,100.90255349996733,100.90260959998704,101.91782809997676,101.91787900001509,103.93304460000945,0.27299879997735843,None,,,,,,,0,0,0,0,20,0,20,0,283.4599445000058,,,,,,,,,,,,,,,,,,,,,,,,,,,,,,,,,,,,,,,,,,,,,,,,,,,,,,,,98.5900215000147,283.44655449996935,283.4599445000058,283.4599445000058,283.4599445000058,283.4599445000058,283.7456971000065,j,left,1,10,3,1,15,11,None,98.8893530999776,98.88981279998552,283.7463308000006,283.7599945999682,283.7599945999682,285.78290289995493,285.78290289995493,285.7589552999707,100.90255349996733,100.90260959998704,285.77613459998975,285.78290289995493,285.78290289995493,286.7742596999742,stimuli/box_coin_transparent.png,101.91782809997676,101.91787900001509,286.7743923999951,286.79026049998356,288.80591920000734,288.78948099998524,103.93304460000945,0.27299879997735843,None,,,,,,,,,,,,,,,,,,390092,right,yes,None,2025-05-06_11h49.00.376,RL_out-of-scanner,2024.2.4,60.038352505050334,2025-05-06 11h49.09.092266 -0700,
21,0,21,,,,,,,space,9.403662700031418,None,5,13.969112000020687,None,103.93551519996254,j,None,104.45158270001411,104.45204170001671,107.46456539997598,107.46466459997464,108.47946090000914,108.47951370000374,109.99509629997192,0.4953987000044435,None,,,,,,,0,0,0,0,21,0,21,0,288.80591920000734,,,,,,,,,,,,,,,,,,,,,,,,,,,,,,,,,,,,,,,,,,,,,,,,,,,,,,,,103.93551519996254,288.7920483999769,288.80591920000734,288.80591920000734,288.80591920000734,288.80591920000734,289.3079241999658,j,left,1,10,4,1,16,12,None,104.45158270001411,104.45204170001671,289.30856049997965,289.3223789999611,289.3223789999611,292.34674929996254,292.34674929996254,292.3209538999945,107.46456539997598,107.46466459997464,292.3396276999847,292.34674929996254,292.34674929996254,293.33589210000355,stimuli/box_coin_transparent.png,108.47946090000914,108.47951370000374,293.3360262999777,293.3521554999752,294.867787199968,294.8515247000032,109.99509629997192,0.4953987000044435,None,,,,,,,,,,,,,,,,,,390092,right,yes,None,2025-05-06_11h49.00.376,RL_out-of-scanner,2024.2.4,60.038352505050334,2025-05-06 11h49.09.092266 -0700,
22,0,22,,,,,,,space,9.403662700031418,None,5,13.969112000020687,None,109.99768819997553,j,None,110.52983279997716,110.53028939996148,112.02769700001227,112.02775449998444,113.04257799999323,113.04263300000457,115.05755490000593,0.5130094999913126,None,,,,,,,0,0,0,0,22,0,22,0,294.867787199968,,,,,,,,,,,,,,,,,,,,,,,,,,,,,,,,,,,,,,,,,,,,,,,,,,,,,,,,109.99768819997553,294.85422099998686,294.867787199968,294.867787199968,294.867787199968,294.867787199968,295.38617680000607,j,left,1,10,5,1,17,13,None,110.52983279997716,110.53028939996148,295.38680729997577,295.40064479998546,295.40064479998546,296.908601299976,296.908601299976,296.88409249996766,112.02769700001227,112.02775449998444,296.90147599997,296.908601299976,296.908601299976,297.8990082999808,stimuli/box_coin_transparent.png,113.04257799999323,113.04263300000457,297.8991452999762,297.9151254000026,299.93013619998237,299.91399019997334,115.05755490000593,0.5130094999913126,None,,,,,,,,,,,,,,,,,,390092,right,yes,None,2025-05-06_11h49.00.376,RL_out-of-scanner,2024.2.4,60.038352505050334,2025-05-06 11h49.09.092266 -0700,
23,0,23,,,,,,,space,9.403662700031418,None,5,13.969112000020687,None,115.06001949997153,j,None,115.6926100999699,115.6931070999708,117.20624149998184,117.20629860000918,118.22153679997427,118.22158710000804,119.72095559997251,0.6128256000229158,None,,,,,,,0,0,0,0,23,0,23,0,299.93013619998237,,,,,,,,,,,,,,,,,,,,,,,,,,,,,,,,,,,,,,,,,,,,,,,,,,,,,,,,115.06001949997153,299.916551399976,299.93013619998237,299.93013619998237,299.93013619998237,299.93013619998237,300.5489540999988,j,left,1,10,6,1,18,14,None,115.6926100999699,115.6931070999708,300.5496278000064,300.5632086999831,300.5632086999831,302.0875772999716,302.0875772999716,302.0626411999692,117.20624149998184,117.20629860000918,302.07993409998016,302.0875772999716,302.0875772999716,303.0779663999565,stimuli/box_coin_transparent.png,118.22153679997427,118.22158710000804,303.07812279998325,303.09391180000966,304.59339589998126,304.57738959998824,119.72095559997251,0.6128256000229158,None,,,,,,,,,,,,,,,,,,390092,right,yes,None,2025-05-06_11h49.00.376,RL_out-of-scanner,2024.2.4,60.038352505050334,2025-05-06 11h49.09.092266 -0700,
24,0,24,,,,,,,space,9.403662700031418,None,5,13.969112000020687,None,119.7239583999617,j,None,120.12254100001883,120.12300189997768,122.13566839997657,122.13572459999705,123.15092449996155,123.15095909999218,124.65025860001333,0.3689382000011392,None,,,,,,,0,0,0,0,24,0,24,0,304.59339589998126,,,,,,,,,,,,,,,,,,,,,,,,,,,,,,,,,,,,,,,,,,,,,,,,,,,,,,,,119.7239583999617,304.5804946999997,304.59339589998126,304.59339589998126,304.59339589998126,304.59339589998126,304.9788540999871,j,left,0,10,6,1,19,14,None,120.12254100001883,120.12300189997768,304.9795224999543,304.9931504999986,304.9931504999986,307.01303759997245,307.01303759997245,306.9920676999609,122.13566839997657,122.13572459999705,307.0060367999831,307.01303759997245,307.01303759997245,308.0073677999899,stimuli/box_empty_transparent.png,123.15092449996155,123.15095909999218,308.00745380000444,308.0231177000096,309.5227463999763,309.5066896000062,124.65025860001333,0.3689382000011392,None,,,,,,,,,,,,,,,,,,390092,right,yes,None,2025-05-06_11h49.00.376,RL_out-of-scanner,2024.2.4,60.038352505050334,2025-05-06 11h49.09.092266 -0700,
25,0,25,,,,,,,space,9.403662700031418,None,5,13.969112000020687,None,124.65285869996296,j,None,124.93433169997297,124.93477439996786,125.94932089996291,125.94937829999253,126.96454780001659,126.96459809999214,130.47878750000382,0.2516075000166893,None,,,,,,,0,0,0,0,25,0,25,0,309.5227463999763,,,,,,,,,,,,,,,,,,,,,,,,,,,,,,,,,,,,,,,,,,,,,,,,,,,,,,,,124.65285869996296,309.5094039000105,309.5227463999763,309.5227463999763,309.5227463999763,309.5227463999763,309.790676500008,j,left,1,10,7,1,20,15,None,124.93433169997297,124.93477439996786,309.79129309998825,309.806303499965,309.806303499965,310.8297810999793,310.8297810999793,310.8057203000062,125.94932089996291,125.94937829999253,310.82286079996265,310.8297810999793,310.8297810999793,311.82097699999576,stimuli/box_coin_transparent.png,126.96454780001659,126.96459809999214,311.8211108999676,311.83693479996873,315.3514587999671,315.3352230999735,130.47878750000382,0.2516075000166893,None,,,,,,,,,,,,,,,,,,390092,right,yes,None,2025-05-06_11h49.00.376,RL_out-of-scanner,2024.2.4,60.038352505050334,2025-05-06 11h49.09.092266 -0700,
26,0,26,,,,,,,space,9.403662700031418,None,5,13.969112000020687,None,130.4813990999828,j,None,130.82960110000568,130.83004410000285,131.32872639998095,131.3287821999984,132.34355970000615,132.34361039998475,135.8579423999763,0.31768039998132735,None,,,,,,,0,0,0,0,26,0,26,0,315.3514587999671,,,,,,,,,,,,,,,,,,,,,,,,,,,,,,,,,,,,,,,,,,,,,,,,,,,,,,,,130.4813990999828,315.3379333000048,315.3514587999671,315.3514587999671,315.3514587999671,315.3514587999671,315.6859447999741,j,left,0,10,7,1,21,15,None,130.82960110000568,130.83004410000285,315.6865631999681,315.7014760999591,315.7014760999591,316.20614209998166,316.20614209998166,316.1851273999782,131.32872639998095,131.3287821999984,316.19910369999707,316.20614209998166,316.20614209998166,317.1999883999815,stimuli/box_empty_transparent.png,132.34355970000615,132.34361039998475,317.2001450000098,317.21595149999484,320.7305341999745,320.7143722999608,135.8579423999763,0.31768039998132735,None,,,,,,,,,,,,,,,,,,390092,right,yes,None,2025-05-06_11h49.00.376,RL_out-of-scanner,2024.2.4,60.038352505050334,2025-05-06 11h49.09.092266 -0700,
27,0,27,,,,,,,space,9.403662700031418,None,5,13.969112000020687,None,135.86050129996147,j,None,136.27609040000243,136.27654699998675,137.78989680000814,137.78995389997726,138.8050629000063,138.805114399991,139.80448479996994,0.39017450000392273,None,,,,,,,0,0,0,0,27,0,27,0,320.7305341999745,,,,,,,,,,,,,,,,,,,,,,,,,,,,,,,,,,,,,,,,,,,,,,,,,,,,,,,,135.86050129996147,320.71703739999793,320.7305341999745,320.7305341999745,320.7305341999745,320.7305341999745,321.13243080000393,j,left,1,10,8,1,22,16,None,136.27609040000243,136.27654699998675,321.1330663000117,321.14717059995746,321.14717059995746,322.6714176000096,322.6714176000096,322.6462737999973,137.78989680000814,137.78995389997726,322.66407349996734,322.6714176000096,322.6714176000096,323.66148750000866,stimuli/box_coin_transparent.png,138.8050629000063,138.805114399991,323.66162719996646,323.6775239999988,324.6770894000074,324.66091959999176,139.80448479996994,0.39017450000392273,None,,,,,,,,,,,,,,,,,,390092,right,yes,None,2025-05-06_11h49.00.376,RL_out-of-scanner,2024.2.4,60.038352505050334,2025-05-06 11h49.09.092266 -0700,
28,0,28,,,,,,,space,9.403662700031418,None,5,13.969112000020687,None,139.80695870000636,j,None,140.30610370001523,140.30657640000572,141.30425019998802,141.3043086999678,142.31889300001785,142.3189446000033,145.83339949999936,0.4693649999680929,None,,,,,,,0,0,0,0,28,0,28,0,324.6770894000074,,,,,,,,,,,,,,,,,,,,,,,,,,,,,,,,,,,,,,,,,,,,,,,,,,,,,,,,139.80695870000636,324.66349079995416,324.6770894000074,324.6770894000074,324.6770894000074,324.6770894000074,325.1624448999646,j,left,1,10,9,1,23,17,None,140.30610370001523,140.30657640000572,325.16309779998846,325.17680749995634,325.17680749995634,326.18500259995926,326.18500259995926,326.16064429999096,141.30425019998802,141.3043086999678,326.17799140000716,326.18500259995926,326.18500259995926,327.1753214999917,stimuli/box_coin_transparent.png,142.31889300001785,142.3189446000033,327.1754569999757,327.19133319996763,330.7055921999854,330.689834699966,145.83339949999936,0.4693649999680929,None,,,,,,,,,,,,,,,,,,390092,right,yes,None,2025-05-06_11h49.00.376,RL_out-of-scanner,2024.2.4,60.038352505050334,2025-05-06 11h49.09.092266 -0700,
29,0,29,,,,,,,space,9.403662700031418,None,5,13.969112000020687,None,145.8360119999852,j,None,146.40055449999636,146.40100349998102,148.4152665999718,148.41532570001436,149.43011339998338,149.43016320001334,150.42987569997786,0.533441599982325,None,,,,,,,0,0,0,0,29,0,29,0,330.7055921999854,,,,,,,,,,,,,,,,,,,,,,,,,,,,,,,,,,,,,,,,,,,,,,,,,,,,,,,,145.8360119999852,330.69254610000644,330.7055921999854,330.7055921999854,330.7055921999854,330.7055921999854,331.25690109998686,j,left,1,10,10,1,24,18,None,146.40055449999636,146.40100349998102,331.2575213999953,331.2718816999695,331.2718816999695,333.2963287999737,333.2963287999737,333.27166540001053,148.4152665999718,148.41532570001436,333.2887516999617,333.2963287999737,333.2963287999737,334.2865432999679,stimuli/box_coin_transparent.png,149.43011339998338,149.43016320001334,334.28669089998584,334.3023164999904,335.3023348999559,335.28630609996617,150.42987569997786,0.533441599982325,None,,,,,,,,,,,,,,,,,,390092,right,yes,None,2025-05-06_11h49.00.376,RL_out-of-scanner,2024.2.4,60.038352505050334,2025-05-06 11h49.09.092266 -0700,
30,0,30,,,,,,,space,9.403662700031418,None,5,13.969112000020687,None,150.43247900001006,j,None,150.88122749998,150.88168869999936,151.87906239996664,151.8791201999993,152.89425889996346,152.89431229996262,153.89314050000394,0.43083369999658316,None,,,,,,,0,0,0,0,30,0,30,0,335.3023348999559,,,,,,,,,,,,,,,,,,,,,,,,,,,,,,,,,,,,,,,,,,,,,,,,,,,,,,,,150.43247900001006,335.28902329999255,335.3023348999559,335.3023348999559,335.3023348999559,335.3023348999559,335.73754040000495,j,right,1,12,0,2,24,18,None,150.88122749998,150.88168869999936,335.7382076999638,335.7519062999636,335.7519062999636,336.7571208999725,336.7571208999725,336.7354595999932,151.87906239996664,151.8791201999993,336.74958979996154,336.7571208999725,336.7571208999725,337.75068960001227,stimuli/box_empty_transparent.png,152.89425889996346,152.89431229996262,337.7508259000024,337.7664300999604,338.7659858999541,338.7495764999767,153.89314050000394,0.43083369999658316,None,,,,,,,,,,,,,,,,,,390092,right,yes,None,2025-05-06_11h49.00.376,RL_out-of-scanner,2024.2.4,60.038352505050334,2025-05-06 11h49.09.092266 -0700,
31,0,31,,,,,,,space,9.403662700031418,None,5,13.969112000020687,None,153.8955756999785,j,None,154.26189869997324,154.26236649998464,157.27466549997916,157.27472529996885,158.2897370000137,158.28978970000753,160.8048007999896,0.3354152999818325,None,,,,,,,0,0,0,0,31,0,31,0,338.7659858999541,,,,,,,,,,,,,,,,,,,,,,,,,,,,,,,,,,,,,,,,,,,,,,,,,,,,,,,,153.8955756999785,338.75210380001226,338.7659858999541,338.7659858999541,338.7659858999541,338.7659858999541,339.11824189999606,j,right,1,12,0,2,24,18,None,154.26189869997324,154.26236649998464,339.11888560000807,339.132475099992,339.132475099992,342.15242719999515,342.15242719999515,342.13105769996764,157.27466549997916,157.27472529996885,342.14506409998285,342.15242719999515,342.15242719999515,343.14616110001225,stimuli/box_empty_transparent.png,158.2897370000137,158.28978970000753,343.14630239998223,343.1624614999746,345.6770331999869,345.66123189998325,160.8048007999896,0.3354152999818325,None,,,,,,,,,,,,,,,,,,390092,right,yes,None,2025-05-06_11h49.00.376,RL_out-of-scanner,2024.2.4,60.038352505050334,2025-05-06 11h49.09.092266 -0700,
32,0,32,,,,,,,space,9.403662700031418,None,5,13.969112000020687,None,160.80735819996335,k,None,161.05631419998826,161.05672920000507,162.07047739997506,162.07053079997422,163.08604580000974,163.0860939999693,164.08562510000775,0.22280470002442598,None,,,,,,,0,0,0,0,32,0,32,0,345.6770331999869,,,,,,,,,,,,,,,,,,,,,,,,,,,,,,,,,,,,,,,,,,,,,,,,,,,,,,,,160.80735819996335,345.66389079997316,345.6770331999869,345.6770331999869,345.6770331999869,345.6770331999869,345.9126644000062,k,right,1,12,1,2,25,19,None,161.05631419998826,161.05672920000507,345.91324629995506,345.92718629998853,345.92718629998853,346.95090239995625,346.95090239995625,346.9268789999769,162.07047739997506,162.07053079997422,346.9439970999956,346.95090239995625,346.95090239995625,347.94247780001024,stimuli/box_coin_transparent.png,163.08604580000974,163.0860939999693,347.9426058999961,347.9584265999729,348.9579367999686,348.9420607999782,164.08562510000775,0.22280470002442598,None,,,,,,,,,,,,,,,,,,390092,right,yes,None,2025-05-06_11h49.00.376,RL_out-of-scanner,2024.2.4,60.038352505050334,2025-05-06 11h49.09.092266 -0700,
33,0,33,,,,,,,space,9.403662700031418,None,5,13.969112000020687,None,164.088213799987,k,None,164.47017509996658,164.47062019997975,166.48386420001043,166.48391899996204,167.49889459996484,167.49894550000317,169.0144609999843,0.35934299998916686,None,,,,,,,0,0,0,0,33,0,33,0,348.9579367999686,,,,,,,,,,,,,,,,,,,,,,,,,,,,,,,,,,,,,,,,,,,,,,,,,,,,,,,,164.088213799987,348.94474549998995,348.9579367999686,348.9579367999686,348.9579367999686,348.9579367999686,349.32652489998145,k,right,1,12,2,2,26,20,None,164.47017509996658,164.47062019997975,349.32714790001046,349.34106139995856,349.34106139995856,351.3650856000022,351.3650856000022,351.34026299999095,166.48386420001043,166.48391899996204,351.35826439998345,351.3650856000022,351.3650856000022,352.3553152999957,stimuli/box_coin_transparent.png,167.49889459996484,167.49894550000317,352.3554609999992,352.37181419995613,353.88748470001156,353.8708975999616,169.0144609999843,0.35934299998916686,None,,,,,,,,,,,,,,,,,,390092,right,yes,None,2025-05-06_11h49.00.376,RL_out-of-scanner,2024.2.4,60.038352505050334,2025-05-06 11h49.09.092266 -0700,
34,0,34,,,,,,,space,9.403662700031418,None,5,13.969112000020687,None,169.01691959996242,k,None,169.31645220000064,169.3168513000128,172.32956909999484,172.32962460001,173.34468849998666,173.34473770001205,175.85961619997397,0.28209490003064275,None,,,,,,,0,0,0,0,34,0,34,0,353.88748470001156,,,,,,,,,,,,,,,,,,,,,,,,,,,,,,,,,,,,,,,,,,,,,,,,,,,,,,,,169.01691959996242,353.8734507999616,353.88748470001156,353.88748470001156,353.88748470001156,353.88748470001156,354.17280319996644,k,right,1,12,3,2,27,21,None,169.31645220000064,169.3168513000128,354.17336739995517,354.18711749999784,354.18711749999784,357.2105115999584,357.2105115999584,357.1859642000054,172.32956909999484,172.32962460001,357.20324409997556,357.2105115999584,357.2105115999584,358.20112029998563,stimuli/box_coin_transparent.png,173.34468849998666,173.34473770001205,358.2012512999936,358.21709009999176,360.7321007999708,360.7160522000049,175.85961619997397,0.28209490003064275,None,,,,,,,,,,,,,,,,,,390092,right,yes,None,2025-05-06_11h49.00.376,RL_out-of-scanner,2024.2.4,60.038352505050334,2025-05-06 11h49.09.092266 -0700,
35,0,35,,,,,,,space,9.403662700031418,None,5,13.969112000020687,None,175.86224879999645,k,None,176.26089299999876,176.2612996000098,177.7750212000101,177.77507879998302,178.79041839996353,178.79046459996607,179.80612269998528,0.37856640003155917,None,,,,,,,0,0,0,0,35,0,35,0,360.7321007999708,,,,,,,,,,,,,,,,,,,,,,,,,,,,,,,,,,,,,,,,,,,,,,,,,,,,,,,,175.86224879999645,360.71878479997395,360.7321007999708,360.7321007999708,360.7321007999708,360.7321007999708,361.11724140000297,k,right,1,12,4,2,28,22,None,176.26089299999876,176.2612996000098,361.1178159000119,361.13197849999415,361.13197849999415,362.65653159999056,362.65653159999056,362.63138499995694,177.7750212000101,177.77507879998302,362.649051699962,362.65653159999056,362.65653159999056,363.6468491999549,stimuli/box_coin_transparent.png,178.79041839996353,178.79046459996607,363.64697529998375,363.6627635000041,364.6787669999758,364.66255859995726,179.80612269998528,0.37856640003155917,None,,,,,,,,,,,,,,,,,,390092,right,yes,None,2025-05-06_11h49.00.376,RL_out-of-scanner,2024.2.4,60.038352505050334,2025-05-06 11h49.09.092266 -0700,
36,0,36,,,,,,,space,9.403662700031418,None,5,13.969112000020687,None,179.80872139998246,k,None,180.34104349999689,180.3414837999735,181.83850030001486,181.8385549999657,182.85351059999084,182.85358039999846,186.3677558999625,0.502724300022237,None,,,,,,,0,0,0,0,36,0,36,0,364.6787669999758,,,,,,,,,,,,,,,,,,,,,,,,,,,,,,,,,,,,,,,,,,,,,,,,,,,,,,,,179.80872139998246,364.66525429999456,364.6787669999758,364.6787669999758,364.6787669999758,364.6787669999758,365.1973943999619,k,right,0,12,4,2,29,22,None,180.34104349999689,180.3414837999735,365.1980031999992,365.2116096999962,365.2116096999962,366.7169271999737,366.7169271999737,366.6948992999969,181.83850030001486,181.8385549999657,366.70900470000925,366.7169271999737,366.7169271999737,367.7099413999822,stimuli/box_empty_transparent.png,182.85351059999084,182.85358039999846,367.71009309997316,367.7260840999661,371.24022619996686,371.2241936000064,186.3677558999625,0.502724300022237,None,,,,,,,,,,,,,,,,,,390092,right,yes,None,2025-05-06_11h49.00.376,RL_out-of-scanner,2024.2.4,60.038352505050334,2025-05-06 11h49.09.092266 -0700,
37,0,37,,,,,,,space,9.403662700031418,None,5,13.969112000020687,None,186.37023619998945,k,['k'],187.73503290000372,187.735439400014,189.74901590001537,189.74907510000048,190.76372739998624,190.76377700001467,191.76298820000375,1.334779900033027,None,[0.3499290000181645],[0.06938579998677596],,,,,0,0,0,0,37,0,37,0,371.24022619996686,,,,,,,,,,,,,,,,,,,,,,,,,,,,,,,,,,,,,,,,,,,,,,,,,,,,,,,,186.37023619998945,371.22676569997566,371.24022619996686,371.24022619996686,371.24022619996686,371.24022619996686,372.59130589995766,k,right,1,12,5,2,30,23,['k'],187.73503290000372,187.735439400014,372.5919553999556,372.60606319998624,372.60606319998624,374.6304758999613,374.6304758999613,374.60541059996467,189.74901590001537,189.74907510000048,374.62284729996463,374.6304758999613,374.6304758999613,375.6201546000084,stimuli/box_coin_transparent.png,190.76372739998624,190.76377700001467,375.6202844000072,375.63625239999965,376.6360144999926,376.6194276000024,191.76298820000375,1.334779900033027,None,[0.3499290000181645],[0.06938579998677596],,,,,,,,,,,,,,,,390092,right,yes,None,2025-05-06_11h49.00.376,RL_out-of-scanner,2024.2.4,60.038352505050334,2025-05-06 11h49.09.092266 -0700,
38,0,38,,,,,,,space,9.403662700031418,None,5,13.969112000020687,None,191.76545329997316,None,['k'],193.278765199997,193.27887759997975,194.27847119997023,194.27852679998614,195.2933562999824,195.29340299998876,196.8092935999739,,,[0.4663769999751821],[0.08656100003281608],,,,,0,0,0,0,38,0,38,0,376.6360144999926,,,,,,,,,,,,,,,,,,,,,,,,,,,,,,,,,,,,,,,,,,,,,,,,,,,,,,,,191.76545329997316,376.6219817000092,376.6360144999926,376.6360144999926,376.6360144999926,376.6360144999926,378.1350749999983,None,right,1,12,5,2,30,23,['k'],193.278765199997,193.27887759997975,378.1353873999906,378.15152059996035,378.15152059996035,379.15637869999046,379.15637869999046,379.13487259997055,194.27847119997023,194.27852679998614,379.1490245999885,379.15637869999046,379.15637869999046,380.1497866999707,no selection made,195.2933562999824,195.29340299998876,380.1499130000011,380.1661197000067,381.6818839999614,381.6657290000003,196.8092935999739,,,[0.4663769999751821],[0.08656100003281608],,,,,,,,,,,,,,,,390092,right,yes,None,2025-05-06_11h49.00.376,RL_out-of-scanner,2024.2.4,60.038352505050334,2025-05-06 11h49.09.092266 -0700,
39,0,39,,,,,,,space,9.403662700031418,None,5,13.969112000020687,None,196.81186549999984,k,None,197.3111579999677,197.3116139000049,198.3249635999673,198.32501809997484,199.34009379998315,199.34014240000397,200.35624529997585,0.4685338000417687,None,,,,,,,0,0,0,0,39,0,39,0,381.6818839999614,,,,,,,,,,,,,,,,,,,,,,,,,,,,,,,,,,,,,,,,,,,,,,,,,,,,,,,,196.81186549999984,381.66839859995525,381.6818839999614,381.6818839999614,381.6818839999614,381.6818839999614,382.16750370000955,k,right,1,12,6,2,31,24,None,197.3111579999677,197.3116139000049,382.16813549998915,382.18192409997573,382.18192409997573,383.20634390000487,383.20634390000487,383.1813637999585,198.3249635999673,198.32501809997484,383.1986512999865,383.20634390000487,383.20634390000487,384.1965250999783,stimuli/box_coin_transparent.png,199.34009379998315,199.34014240000397,384.19665569998324,384.2128667999641,385.2288498999551,385.2126846999745,200.35624529997585,0.4685338000417687,None,,,,,,,,,,,,,,,,,,390092,right,yes,None,2025-05-06_11h49.00.376,RL_out-of-scanner,2024.2.4,60.038352505050334,2025-05-06 11h49.09.092266 -0700,
40,0,40,,,,,,,space,9.403662700031418,None,5,13.969112000020687,None,200.35868219996337,k,None,200.8579987999983,200.85840109997662,202.3718191999942,202.37187289999565,203.386971800006,203.38702049996937,204.38600369996857,0.4748035999946296,None,,,,,,,0,0,0,0,40,0,40,0,385.2288498999551,,,,,,,,,,,,,,,,,,,,,,,,,,,,,,,,,,,,,,,,,,,,,,,,,,,,,,,,200.35868219996337,385.2152098999941,385.2288498999551,385.2288498999551,385.2288498999551,385.2288498999551,385.71434379997663,k,right,1,12,7,2,32,25,None,200.8579987999983,200.85840109997662,385.7149171999772,385.72868289996404,385.72868289996404,387.2521393999923,387.2521393999923,387.2282177999732,202.3718191999942,202.37187289999565,387.24536040000385,387.2521393999923,387.2521393999923,388.2433968000114,stimuli/box_coin_transparent.png,203.386971800006,203.38702049996937,388.24353219999466,388.2593198000104,389.25897429999895,389.2424472999992,204.38600369996857,0.4748035999946296,None,,,,,,,,,,,,,,,,,,390092,right,yes,None,2025-05-06_11h49.00.376,RL_out-of-scanner,2024.2.4,60.038352505050334,2025-05-06 11h49.09.092266 -0700,
41,0,41,,,,,,,space,9.403662700031418,None,5,13.969112000020687,None,204.38760089996504,k,None,204.838359699992,204.83876660000533,205.83589649997884,205.83595079998486,206.85103099996923,206.85107989999233,209.86558559996774,0.4283055999549106,None,,,,,,,0,0,0,0,41,0,41,0,389.25897429999895,,,,,,,,,,,,,,,,,,,,,,,,,,,,,,,,,,,,,,,,,,,,,,,,,,,,,,,,204.38760089996504,389.2441191999824,389.25897429999895,389.25897429999895,389.25897429999895,389.25897429999895,389.69470799999544,k,right,1,12,8,2,33,26,None,204.838359699992,204.83876660000533,389.6952828000067,389.7090306999744,389.7090306999744,390.71678869996686,390.71678869996686,390.69229430000996,205.83589649997884,205.83595079998486,390.70942540001124,390.71678869996686,390.71678869996686,391.70746269996744,stimuli/box_coin_transparent.png,206.85103099996923,206.85107989999233,391.7076161999721,391.7235257999855,394.73814919998404,394.72202119999565,209.86558559996774,0.4283055999549106,None,,,,,,,,,,,,,,,,,,390092,right,yes,None,2025-05-06_11h49.00.376,RL_out-of-scanner,2024.2.4,60.038352505050334,2025-05-06 11h49.09.092266 -0700,
42,0,42,,,,,,,space,9.403662700031418,None,5,13.969112000020687,None,209.86818839999614,k,None,210.35043130000122,210.3508429999929,212.36411399999633,212.36416940001072,213.37893770000665,213.3789874999784,216.892855699989,0.45111139997607097,None,,,,,,,0,0,0,0,42,0,42,0,394.73814919998404,,,,,,,,,,,,,,,,,,,,,,,,,,,,,,,,,,,,,,,,,,,,,,,,,,,,,,,,209.86818839999614,394.724721400009,394.73814919998404,394.73814919998404,394.73814919998404,394.73814919998404,395.20678020000923,k,right,1,12,9,2,34,27,None,210.35043130000122,210.3508429999929,395.2073598999996,395.22113739995984,395.22113739995984,397.2455508999992,397.2455508999992,397.22051199997077,212.36411399999633,212.36416940001072,397.2379697999568,397.2455508999992,397.2455508999992,398.23536729998887,stimuli/box_coin_transparent.png,213.37893770000665,213.3789874999784,398.2354992000037,398.2513965999824,401.76560779998545,401.74928779999027,216.892855699989,0.45111139997607097,None,,,,,,,,,,,,,,,,,,390092,right,yes,None,2025-05-06_11h49.00.376,RL_out-of-scanner,2024.2.4,60.038352505050334,2025-05-06 11h49.09.092266 -0700,
43,0,43,,,,,,,space,9.403662700031418,None,5,13.969112000020687,None,216.89444599999115,k,None,217.29456489998847,217.29498439998133,218.29275510000298,218.2928086000029,219.3077647999744,219.3078235000139,221.32290759996977,0.3743826999561861,None,,,,,,,0,0,0,0,43,0,43,0,401.76560779998545,,,,,,,,,,,,,,,,,,,,,,,,,,,,,,,,,,,,,,,,,,,,,,,,,,,,,,,,216.89444599999115,401.7509633000009,401.76560779998545,401.76560779998545,401.76560779998545,401.76560779998545,402.15087660000427,k,right,1,12,10,2,35,28,None,217.29456489998847,217.29498439998133,402.15150410000933,402.16556059999857,402.16556059999857,403.17370039998787,403.17370039998787,403.1491541999858,218.29275510000298,218.2928086000029,403.1666610999964,403.17370039998787,403.17370039998787,404.1641946999589,stimuli/box_coin_transparent.png,219.3077647999744,219.3078235000139,404.1643353999825,404.18022579996614,406.19552479998674,406.1793447000091,221.32290759996977,0.3743826999561861,None,,,,,,,,,,,,,,,,,,390092,right,yes,None,2025-05-06_11h49.00.376,RL_out-of-scanner,2024.2.4,60.038352505050334,2025-05-06 11h49.09.092266 -0700,
44,0,44,,,,,,,space,9.403662700031418,None,5,13.969112000020687,None,221.3253550999798,k,None,221.82379250001395,221.8241928999778,224.3375609999639,224.33761619997676,225.35300970001845,225.3530573999742,227.36792129999958,0.48140669998247176,None,,,,,,,0,0,0,0,44,0,44,0,406.19552479998674,,,,,,,,,,,,,,,,,,,,,,,,,,,,,,,,,,,,,,,,,,,,,,,,,,,,,,,,221.3253550999798,406.18188499996904,406.19552479998674,406.19552479998674,406.19552479998674,406.19552479998674,406.68014529999346,k,right,1,12,11,2,36,29,None,221.82379250001395,221.8241928999778,406.68070879997686,406.6953649999923,406.6953649999923,409.21846289996756,409.21846289996756,409.1939593999996,224.3375609999639,224.33761619997676,409.21113059995696,409.21846289996756,409.21846289996756,410.2094408000121,stimuli/box_coin_transparent.png,225.35300970001845,225.3530573999742,410.20956899999874,410.22558359999675,412.2406620999682,412.2243588999845,227.36792129999958,0.48140669998247176,None,,,,,,,,,,,,,,,,,,390092,right,yes,None,2025-05-06_11h49.00.376,RL_out-of-scanner,2024.2.4,60.038352505050334,2025-05-06 11h49.09.092266 -0700,
45,0,45,,,,,,,space,9.403662700031418,None,5,13.969112000020687,None,227.37080589996185,k,None,227.71970610000426,227.7201132000191,228.73437640001066,228.73443419998512,229.74928270000964,229.74933029996464,230.749039599963,0.3218129999586381,None,,,,,,,0,0,0,0,45,0,45,0,412.2406620999682,,,,,,,,,,,,,,,,,,,,,,,,,,,,,,,,,,,,,,,,,,,,,,,,,,,,,,,,227.37080589996185,412.22734039998613,412.2406620999682,412.2406620999682,412.2406620999682,412.2406620999682,412.57605319999857,k,right,0,12,11,2,37,29,None,227.71970610000426,227.7201132000191,412.57663019996835,412.5908618000103,412.5908618000103,413.61212569999043,413.61212569999043,413.590775699995,228.73437640001066,228.73443419998512,413.60483839997323,413.61212569999043,413.61212569999043,414.60571390000405,stimuli/box_empty_transparent.png,229.74928270000964,229.74933029996464,414.6058418999892,414.62188900000183,415.62149900000077,415.60547539999243,230.749039599963,0.3218129999586381,None,,,,,,,,,,,,,,,,,,390092,right,yes,None,2025-05-06_11h49.00.376,RL_out-of-scanner,2024.2.4,60.038352505050334,2025-05-06 11h49.09.092266 -0700,
46,0,46,,,,,,,space,9.403662700031418,None,5,13.969112000020687,None,230.75159980001627,k,None,231.2174405999831,231.21784180001123,233.23064919997705,233.2307023999747,234.24585349997506,234.24590129998978,235.24563829996623,0.44757469999603927,None,,,,,,,0,0,0,0,46,0,46,0,415.62149900000077,,,,,,,,,,,,,,,,,,,,,,,,,,,,,,,,,,,,,,,,,,,,,,,,,,,,,,,,230.75159980001627,415.60813249996863,415.62149900000077,415.62149900000077,415.62149900000077,415.62149900000077,416.07379220001167,k,right,1,12,12,2,38,30,None,231.2174405999831,231.21784180001123,416.07435809995513,416.0879813999636,416.0879813999636,418.1111974999658,418.1111974999658,418.08704879996367,233.23064919997705,233.2307023999747,418.1043411999708,418.1111974999658,418.1111974999658,419.1022840999649,stimuli/box_coin_transparent.png,234.24585349997506,234.24590129998978,419.10241180000594,419.1181155999657,420.11824789998354,420.10207439999795,235.24563829996623,0.44757469999603927,None,,,,,,,,,,,,,,,,,,390092,right,yes,None,2025-05-06_11h49.00.376,RL_out-of-scanner,2024.2.4,60.038352505050334,2025-05-06 11h49.09.092266 -0700,
47,0,47,,,,,,,space,9.403662700031418,None,5,13.969112000020687,None,235.24812209996162,k,None,235.54611449997174,235.54650850000326,238.560456599982,238.56051239999942,239.57491879997542,239.57497079996392,241.09054349997314,0.26704619999509305,None,,,,,,,0,0,0,0,47,0,47,0,420.11824789998354,,,,,,,,,,,,,,,,,,,,,,,,,,,,,,,,,,,,,,,,,,,,,,,,,,,,,,,,235.24812209996162,420.1046520000091,420.11824789998354,420.11824789998354,420.11824789998354,420.11824789998354,420.40246439998737,k,left,1,9,0,3,38,30,None,235.54611449997174,235.54650850000326,420.40302379999775,420.4176052999683,420.4176052999683,423.4381516999565,423.4381516999565,423.41685629996937,238.560456599982,238.56051239999942,423.4309430999565,423.4381516999565,423.4381516999565,424.43134859995916,stimuli/box_empty_transparent.png,239.57491879997542,239.57497079996392,424.43148219998693,424.4476150999544,425.96331189997727,425.94697910000104,241.09054349997314,0.26704619999509305,None,,,,,,,,,,,,,,,,,,390092,right,yes,None,2025-05-06_11h49.00.376,RL_out-of-scanner,2024.2.4,60.038352505050334,2025-05-06 11h49.09.092266 -0700,
48,0,48,,,,,,,space,9.403662700031418,None,5,13.969112000020687,None,241.09302809997462,k,None,241.60888279997744,241.60931979998713,243.1227029999718,243.1227562999702,244.1380524999695,244.13810129999183,247.6522179999738,0.49562760000117123,None,,,,,,,0,0,0,0,48,0,48,0,425.96331189997727,,,,,,,,,,,,,,,,,,,,,,,,,,,,,,,,,,,,,,,,,,,,,,,,,,,,,,,,241.09302809997462,425.9495573999593,425.96331189997727,425.96331189997727,425.96331189997727,425.96331189997727,426.4652317999862,k,left,1,9,0,3,38,30,None,241.60888279997744,241.60931979998713,426.46583840000676,426.4796062000096,426.4796062000096,428.0005055000074,428.0005055000074,427.9791000999976,243.1227029999718,243.1227562999702,427.99312259996077,428.0005055000074,428.0005055000074,428.99446959997294,stimuli/box_empty_transparent.png,244.1380524999695,244.13810129999183,428.9946127999574,429.0101824000012,432.52483089995803,432.50865400000475,247.6522179999738,0.49562760000117123,None,,,,,,,,,,,,,,,,,,390092,right,yes,None,2025-05-06_11h49.00.376,RL_out-of-scanner,2024.2.4,60.038352505050334,2025-05-06 11h49.09.092266 -0700,
49,0,49,,,,,,,space,9.403662700031418,None,5,13.969112000020687,None,247.65467239997815,k,None,248.43691859999672,248.43732399999863,249.95128229999682,249.9513364000013,250.96565560001181,250.9657022000174,250.9665096999961,0.7638971999986097,None,,,,,,,0,0,0,0,49,0,49,0,432.52483089995803,,,,,,,,,,,,,,,,,,,,,,,,,,,,,,,,,,,,,,,,,,,,,,,,,,,,,,,,247.65467239997815,432.5112012999598,432.52483089995803,432.52483089995803,432.52483089995803,432.52483089995803,433.2932664999971,k,left,1,9,0,3,38,30,None,248.43691859999672,248.43732399999863,433.29384209995624,433.3077137999935,433.3077137999935,434.8289969000034,434.8289969000034,434.8076746999868,249.95128229999682,249.9513364000013,434.8217188999988,434.8289969000034,434.8289969000034,435.8220885999617,stimuli/box_empty_transparent.png,250.96565560001181,250.9657022000174,435.8222315000021,435.86237379995873,435.86237379995873,435.8229521999601,250.9665096999961,0.7638971999986097,None,,,,,,,,,,,,,,,,,,390092,right,yes,None,2025-05-06_11h49.00.376,RL_out-of-scanner,2024.2.4,60.038352505050334,2025-05-06 11h49.09.092266 -0700,
0,0,0,,,,,,,space,9.403662700031418,None,5,13.969112000020687,None,,,,,,,,,,,,,,,,,,,0,0,0,0,,,,,,,,,,,,,,,,,,,,,,,,,,,,,,,,,,,,,,,,,,,,,,,,,,,,,,,,,,,,,,,,,,,,,,,,,,,,,,,,,,,,,,,,,,,,,,,,,,,,,,,435.85635349998483,435.86237379995873,439.83516660000896,439.8403976999689,439.85164649999933,489.9618737999699,489.94640729995444,,,,,,,,,390092,right,yes,None,2025-05-06_11h49.00.376,RL_out-of-scanner,2024.2.4,60.038352505050334,2025-05-06 11h49.09.092266 -0700,
0,0,0,,,,,,,space,11.04329520004103,None,5,1.4318728999933228,None,0.0030464999726973474,j,None,1.0827314999769442,1.083038899989333,2.0812777999672107,2.081334499991499,3.0966821999754757,3.0967310999985784,5.1116488999687135,1.061457799980417,None,,,,,,,1,0,1,0,0,0,0,0,502.485732799978,,,,,,,,,,,,,,,,,,,,,,,,,,,,,,,,,,,,,,,,,,489.94673639995744,489.9618737999699,489.9618737999699,501.0213714999845,space,11.04329520004103,None,501.0215120000066,501.03645289997803,501.03645289997803,502.4702849999885,5,1.4318728999933228,None,0.0030464999726973474,502.47347029997036,502.485732799978,502.485732799978,502.485732799978,502.485732799978,503.55301829997916,j,right,1,9,0,3,38,0,None,1.0827314999769442,1.083038899989333,503.55342889996246,503.5679305999656,503.5679305999656,504.57272960001137,504.57272960001137,504.55155859998195,2.0812777999672107,2.081334499991499,504.5654497999931,504.57272960001137,504.57272960001137,505.5670056999661,stimuli/box_empty_transparent.png,3.0966821999754757,3.0967310999985784,505.5671306999866,505.58300879999297,507.5984166999697,507.5819776999997,5.1116488999687135,1.061457799980417,None,,,,,,,,,,,,,,,,,,390092,right,yes,None,2025-05-06_11h49.00.376,RL_out-of-scanner,2024.2.4,60.038352505050334,2025-05-06 11h49.09.092266 -0700,
1,0,1,,,,,,,space,11.04329520004103,None,5,1.4318728999933228,None,5.1142510999925435,k,None,5.446905499964487,5.447346200002357,6.944333099992946,6.944388700008858,7.959436999983154,7.959485300001688,9.474664099980146,0.30248429998755455,None,,,,,,,1,0,1,0,1,0,1,0,507.5984166999697,,,,,,,,,,,,,,,,,,,,,,,,,,,,,,,,,,,,,,,,,,,,,,,,,,,,,,,,5.1142510999925435,507.58467579999706,507.5984166999697,507.5984166999697,507.5984166999697,507.5984166999697,507.9171447000117,k,right,1,9,1,3,39,1,None,5.446905499964487,5.447346200002357,507.9177609999897,507.93126089998987,507.93126089998987,509.43933009996545,509.43933009996545,509.41462399996817,6.944333099992946,6.944388700008858,509.4317914999556,509.43933009996545,509.43933009996545,510.42976029997226,stimuli/box_coin_transparent.png,7.959436999983154,7.959485300001688,510.42988889996195,510.4456860999926,511.96166520001134,511.94498999998905,9.474664099980146,0.30248429998755455,None,,,,,,,,,,,,,,,,,,390092,right,yes,None,2025-05-06_11h49.00.376,RL_out-of-scanner,2024.2.4,60.038352505050334,2025-05-06 11h49.09.092266 -0700,
2,0,2,,,,,,,space,11.04329520004103,None,5,1.4318728999933228,None,9.477197900007013,k,None,10.225594600022305,10.225995099986903,11.224293000006583,11.224348999967333,12.239136499993037,12.239219399983995,15.253771799965762,0.7261988999671303,None,,,,,,,1,0,1,0,2,0,2,0,511.96166520001134,,,,,,,,,,,,,,,,,,,,,,,,,,,,,,,,,,,,,,,,,,,,,,,,,,,,,,,,9.477197900007013,511.94762559997616,511.96166520001134,511.96166520001134,511.96166520001134,511.96166520001134,512.6958393999957,k,right,0,9,1,3,40,1,None,10.225594600022305,10.225995099986903,512.696403799986,512.7111905000056,512.7111905000056,513.7156633999548,513.7156633999548,513.6945804999559,11.224293000006583,11.224348999967333,513.7087115999893,513.7156633999548,513.7156633999548,514.7094600999844,stimuli/box_empty_transparent.png,12.239136499993037,12.239219399983995,514.7096427999786,514.7256699999562,517.7401660999749,517.7240997999907,15.253771799965762,0.7261988999671303,None,,,,,,,,,,,,,,,,,,390092,right,yes,None,2025-05-06_11h49.00.376,RL_out-of-scanner,2024.2.4,60.038352505050334,2025-05-06 11h49.09.092266 -0700,
3,0,3,,,,,,,space,11.04329520004103,None,5,1.4318728999933228,None,15.256339400017168,k,None,15.538736400019843,15.539169800002128,17.55227919999743,17.552335000014864,18.56725079996977,18.567303699965123,19.583490899996832,0.25835710001410916,None,,,,,,,1,0,1,0,3,0,3,0,517.7401660999749,,,,,,,,,,,,,,,,,,,,,,,,,,,,,,,,,,,,,,,,,,,,,,,,,,,,,,,,15.256339400017168,517.7267641999642,517.7401660999749,517.7401660999749,517.7401660999749,517.7401660999749,518.0089781999704,k,right,0,9,1,3,41,1,None,15.538736400019843,15.539169800002128,518.0095785000012,518.0234565999708,518.0234565999708,520.0442177999648,520.0442177999648,520.0225629999768,17.55227919999743,17.552335000014864,520.0367617000011,520.0442177999648,520.0442177999648,521.0375740999589,stimuli/box_empty_transparent.png,18.56725079996977,18.567303699965123,521.0377073999844,521.0539069999941,522.0702337999828,522.0538188999635,19.583490899996832,0.25835710001410916,None,,,,,,,,,,,,,,,,,,390092,right,yes,None,2025-05-06_11h49.00.376,RL_out-of-scanner,2024.2.4,60.038352505050334,2025-05-06 11h49.09.092266 -0700,
4,0,4,,,,,,,space,11.04329520004103,None,5,1.4318728999933228,None,19.58594570000423,k,None,20.117498799983878,20.117898700002115,21.11605229997076,21.116105799970683,22.131124800012913,22.131156699964777,24.646319499996025,0.5063703000196256,None,,,,,,,1,0,1,0,4,0,4,0,522.0702337999828,,,,,,,,,,,,,,,,,,,,,,,,,,,,,,,,,,,,,,,,,,,,,,,,,,,,,,,,19.58594570000423,522.0563676999882,522.0702337999828,522.0702337999828,522.0702337999828,522.0702337999828,522.5877445999649,k,right,0,9,1,3,42,1,None,20.117498799983878,20.117898700002115,522.5883069999982,522.6028003999963,522.6028003999963,523.607893999957,523.607893999957,523.5863455999643,21.11605229997076,21.116105799970683,523.6009597000084,523.607893999957,523.607893999957,524.6014606999815,stimuli/box_empty_transparent.png,22.131124800012913,22.131156699964777,524.6015444999794,524.6174805999617,527.1325874999748,527.1166455000057,24.646319499996025,0.5063703000196256,None,,,,,,,,,,,,,,,,,,390092,right,yes,None,2025-05-06_11h49.00.376,RL_out-of-scanner,2024.2.4,60.038352505050334,2025-05-06 11h49.09.092266 -0700,
5,0,5,,,,,,,space,11.04329520004103,None,5,1.4318728999933228,None,24.648809499980416,j,None,24.997256200003903,24.99771419999888,28.509733800019603,28.509769199998118,29.50949359999504,29.509545999986585,31.524147899996024,0.32463129999814555,None,,,,,,,1,0,1,0,5,0,5,0,527.1325874999748,,,,,,,,,,,,,,,,,,,,,,,,,,,,,,,,,,,,,,,,,,,,,,,,,,,,,,,,24.648809499980416,527.1192359999986,527.1325874999748,527.1325874999748,527.1325874999748,527.1325874999748,527.4675011999789,j,right,0,9,1,3,42,1,None,24.997256200003903,24.99771419999888,527.4681261999649,527.4823002999765,527.4823002999765,530.9964542000089,530.9964542000089,530.9800488000037,28.509733800019603,28.509769199998118,530.988740700006,530.9964542000089,530.9964542000089,531.9798168999841,stimuli/box_empty_transparent.png,29.50949359999504,29.509545999986585,531.9799497000058,531.9953128999914,534.0107725999551,533.9944756999612,31.524147899996024,0.32463129999814555,None,,,,,,,,,,531.9953128999914,531.9953128999914,,,,,,,390092,right,yes,None,2025-05-06_11h49.00.376,RL_out-of-scanner,2024.2.4,60.038352505050334,2025-05-06 11h49.09.092266 -0700,
6,0,6,,,,,,,space,11.04329520004103,None,5,1.4318728999933228,None,31.526778700004797,j,None,31.892435999994632,31.89293039997574,32.890230200020596,32.89028619998135,33.90496879996499,33.90501869999571,34.90449320001062,0.34357109997654334,None,,,,,,,1,0,1,0,6,0,6,0,534.0107725999551,,,,,,,,,,,,,,,,,,,,,,,,,,,,,,,,,,,,,,,,,,,,,,,,,,,,,,,,31.526778700004797,533.9972068999778,534.0107725999551,534.0107725999551,534.0107725999551,534.0107725999551,534.3626779000042,j,right,0,9,1,3,42,1,None,31.892435999994632,31.89293039997574,534.363344399957,534.3769063999644,534.3769063999644,535.3816076999647,535.3816076999647,535.3605194999836,32.890230200020596,32.89028619998135,535.3744227999705,535.3816076999647,535.3816076999647,536.3752895999933,stimuli/box_empty_transparent.png,33.90496879996499,33.90501869999571,536.3754255999811,536.3916360999574,537.3912659999914,537.374820499972,34.90449320001062,0.34357109997654334,None,,,,,,,,,,,,,,,,,,390092,right,yes,None,2025-05-06_11h49.00.376,RL_out-of-scanner,2024.2.4,60.038352505050334,2025-05-06 11h49.09.092266 -0700,
7,0,7,,,,,,,space,11.04329520004103,None,5,1.4318728999933228,None,34.90719140000874,k,None,35.272091899998486,35.27248420001706,37.28638689999934,37.28644280001754,38.30144629999995,38.30156549997628,40.31694799999241,0.3376050000078976,None,,,,,,,1,0,1,0,7,0,7,0,537.3912659999914,,,,,,,,,,,,,,,,,,,,,,,,,,,,,,,,,,,,,,,,,,,,,,,,,,,,,,,,34.90719140000874,537.3776178999688,537.3912659999914,537.3912659999914,537.3912659999914,537.3912659999914,537.742337099975,k,right,1,9,2,3,43,2,None,35.272091899998486,35.27248420001706,537.7428925999557,537.7577482999768,537.7577482999768,539.7827916999813,539.7827916999813,539.7566773999715,37.28638689999934,37.28644280001754,539.7744821999804,539.7827916999813,539.7827916999813,540.7717686999822,stimuli/box_coin_transparent.png,38.30144629999995,38.30156549997628,540.77204229997,540.7880020999582,542.8035317999893,542.7872750000097,40.31694799999241,0.3376050000078976,None,,,,,,,,,,,,,,,,,,390092,right,yes,None,2025-05-06_11h49.00.376,RL_out-of-scanner,2024.2.4,60.038352505050334,2025-05-06 11h49.09.092266 -0700,
8,0,8,,,,,,,space,11.04329520004103,None,5,1.4318728999933228,None,40.31945030001225,k,None,40.7514599999995,40.75189199997112,43.764677300001495,43.76473100000294,44.780062299978454,44.780116399982944,46.2790515999659,0.4005299999844283,None,,,,,,,1,0,1,0,8,0,8,0,542.8035317999893,,,,,,,,,,,,,,,,,,,,,,,,,,,,,,,,,,,,,,,,,,,,,,,,,,,,,,,,40.31945030001225,542.7898831999628,542.8035317999893,542.8035317999893,542.8035317999893,542.8035317999893,543.2216999999946,k,right,1,9,3,3,44,3,None,40.7514599999995,40.75189199997112,543.2223012999748,543.2363479000051,543.2363479000051,546.2597939999541,546.2597939999541,546.2349689999828,43.764677300001495,43.76473100000294,546.2527757000062,546.2597939999541,546.2597939999541,547.2503844999592,stimuli/box_coin_transparent.png,44.780062299978454,44.780116399982944,547.2505194999976,547.266147999966,548.7652177999844,548.7493756999611,46.2790515999659,0.4005299999844283,None,,,,,,,,,,,,,,,,,,390092,right,yes,None,2025-05-06_11h49.00.376,RL_out-of-scanner,2024.2.4,60.038352505050334,2025-05-06 11h49.09.092266 -0700,
9,0,9,,,,,,,space,11.04329520004103,None,5,1.4318728999933228,None,46.281657200015616,k,None,46.62995879998198,46.63035779999336,48.14449289999902,48.144548500014935,49.15975230000913,49.159806600015145,51.175447100016754,0.32916290004504845,None,,,,,,,1,0,1,0,9,0,9,0,548.7652177999844,,,,,,,,,,,,,,,,,,,,,,,,,,,,,,,,,,,,,,,,,,,,,,,,,,,,,,,,46.281657200015616,548.7520836999756,548.7652177999844,548.7652177999844,548.7652177999844,548.7652177999844,549.1002028000075,k,right,1,9,4,3,45,4,None,46.62995879998198,46.63035779999336,549.1007677000016,549.1152451999951,549.1152451999951,550.6396080999984,550.6396080999984,550.6147839999758,48.14449289999902,48.144548500014935,550.6319959000102,550.6396080999984,550.6396080999984,551.6300754999975,stimuli/box_coin_transparent.png,49.15975230000913,49.159806600015145,551.6302095999708,551.6460941999685,553.6618056999869,553.6457745999796,51.175447100016754,0.32916290004504845,None,,,,,,,,,,,,,,,,,,390092,right,yes,None,2025-05-06_11h49.00.376,RL_out-of-scanner,2024.2.4,60.038352505050334,2025-05-06 11h49.09.092266 -0700,
10,0,10,,,,,,,space,11.04329520004103,None,5,1.4318728999933228,None,51.17807929997798,k,None,51.64306699996814,51.643493000010494,53.15729080000892,53.157346299965866,54.17255810002098,54.172609200002626,55.17177090002224,0.43866819998947904,None,,,,,,,1,0,1,0,10,0,10,0,553.6618056999869,,,,,,,,,,,,,,,,,,,,,,,,,,,,,,,,,,,,,,,,,,,,,,,,,,,,,,,,51.17807929997798,553.6485098999692,553.6618056999869,553.6618056999869,553.6618056999869,553.6618056999869,554.1133063999587,k,right,1,9,5,3,46,5,None,51.64306699996814,51.643493000010494,554.1140310000046,554.1277609000099,554.1277609000099,555.6531534999958,555.6531534999958,555.6275813999819,53.15729080000892,53.157346299965866,555.6452429000055,555.6531534999958,555.6531534999958,556.6428815000108,stimuli/box_coin_transparent.png,54.17255810002098,54.172609200002626,556.6430143999751,556.6586628999794,557.6585091999732,557.6420974999783,55.17177090002224,0.43866819998947904,None,,,,,,,,,,,,,,,,,,390092,right,yes,None,2025-05-06_11h49.00.376,RL_out-of-scanner,2024.2.4,60.038352505050334,2025-05-06 11h49.09.092266 -0700,
11,0,11,,,,,,,space,11.04329520004103,None,5,1.4318728999933228,None,55.174389699997846,k,None,55.85701119998703,55.85741519997828,57.870274499990046,57.87033160001738,58.8855228999746,58.88557209999999,60.401371799991466,0.6628000999917276,None,,,,,,,1,0,1,0,11,0,11,0,557.6585091999732,,,,,,,,,,,,,,,,,,,,,,,,,,,,,,,,,,,,,,,,,,,,,,,,,,,,,,,,55.174389699997846,557.6448182999738,557.6585091999732,557.6585091999732,557.6585091999732,557.6585091999732,558.3272497999715,k,right,0,9,5,3,47,5,None,55.85701119998703,55.85741519997828,558.3278245999827,558.341223699972,558.341223699972,560.3622561999946,560.3622561999946,560.3405632000067,57.870274499990046,57.87033160001738,560.3547815000056,560.3622561999946,560.3622561999946,561.3558461999637,stimuli/box_empty_transparent.png,58.8855228999746,58.88557209999999,561.355975399958,561.3716139000026,562.8877294999547,562.8717003999627,60.401371799991466,0.6628000999917276,None,,,,,,,,,,,,,,,,,,390092,right,yes,None,2025-05-06_11h49.00.376,RL_out-of-scanner,2024.2.4,60.038352505050334,2025-05-06 11h49.09.092266 -0700,
12,0,12,,,,,,,space,11.04329520004103,None,5,1.4318728999933228,None,60.40398409997579,k,None,60.78530240000691,60.785701200016774,61.78367769997567,61.78373329999158,62.79922300000908,62.79927740001585,65.81310059997486,0.35728369996650144,None,,,,,,,1,0,1,0,12,0,12,0,562.8877294999547,,,,,,,,,,,,,,,,,,,,,,,,,,,,,,,,,,,,,,,,,,,,,,,,,,,,,,,,60.40398409997579,562.8744094999856,562.8877294999547,562.8877294999547,562.8877294999547,562.8877294999547,563.2555452999659,k,right,1,9,6,3,48,6,None,60.78530240000691,60.785701200016774,563.2561189999687,563.2707418999635,563.2707418999635,564.2787433000049,564.2787433000049,564.2539702999638,61.78367769997567,61.78373329999158,564.2718149999855,564.2787433000049,564.2787433000049,565.2695455999929,stimuli/box_coin_transparent.png,62.79922300000908,62.79927740001585,565.2696809999761,565.2852801000117,568.2998640000005,568.2834281999967,65.81310059997486,0.35728369996650144,None,,,,,,,,,,,,,,,,,,390092,right,yes,None,2025-05-06_11h49.00.376,RL_out-of-scanner,2024.2.4,60.038352505050334,2025-05-06 11h49.09.092266 -0700,
13,0,13,,,,,,,space,11.04329520004103,None,5,1.4318728999933228,None,65.81594060000498,k,None,66.53013879997889,66.53041770000709,67.02955480001401,67.02961580001283,68.04453720001038,68.04458579997299,70.06000699999277,0.6972743999795057,None,,,,,,,1,0,1,0,13,0,13,0,568.2998640000005,,,,,,,,,,,,,,,,,,,,,,,,,,,,,,,,,,,,,,,,,,,,,,,,,,,,,,,,65.81594060000498,568.2863733000122,568.2998640000005,568.2998640000005,568.2998640000005,568.2998640000005,569.0004281000001,k,right,1,9,7,3,49,7,None,66.53013879997889,66.53041770000709,569.0008076999802,569.0156094999984,569.0156094999984,569.525178699987,569.525178699987,569.4998465999961,67.02955480001401,67.02961580001283,569.5173568999744,569.525178699987,569.525178699987,570.5148609000025,stimuli/box_coin_transparent.png,68.04453720001038,68.04458579997299,570.5149882999831,570.5308689000085,572.546510199958,572.5303360999678,70.06000699999277,0.6972743999795057,None,,,,,,,,,,,,,,,,,,390092,right,yes,None,2025-05-06_11h49.00.376,RL_out-of-scanner,2024.2.4,60.038352505050334,2025-05-06 11h49.09.092266 -0700,
14,0,14,,,,,,,space,11.04329520004103,None,5,1.4318728999933228,None,70.06258219998563,k,None,71.01035029999912,71.01087270001881,72.52489170001354,72.52494639996439,73.54021800000919,73.54026749997865,74.53948139998829,0.9241850000107661,None,,,,,,,1,0,1,0,14,0,14,0,572.546510199958,,,,,,,,,,,,,,,,,,,,,,,,,,,,,,,,,,,,,,,,,,,,,,,,,,,,,,,,70.06258219998563,572.5330062999856,572.546510199958,572.546510199958,572.546510199958,572.546510199958,573.4805938999634,k,right,1,9,8,3,50,8,None,71.01035029999912,71.01087270001881,573.4812913999776,573.4956631999812,573.4956631999812,575.019775599998,575.019775599998,574.9951825999888,72.52489170001354,72.52494639996439,575.0124034999753,575.019775599998,575.019775599998,576.0105397999869,stimuli/box_coin_transparent.png,73.54021800000919,73.54026749997865,576.0106708999956,576.0265299999737,577.0259471999598,577.0098117999732,74.53948139998829,0.9241850000107661,None,,,,,,,,,,,,,,,,,,390092,right,yes,None,2025-05-06_11h49.00.376,RL_out-of-scanner,2024.2.4,60.038352505050334,2025-05-06 11h49.09.092266 -0700,
15,0,15,,,,,,,space,11.04329520004103,None,5,1.4318728999933228,None,74.5419257999747,None,None,76.03904060000787,76.03915189998224,77.03831590001937,77.03836790000787,78.05304610001622,78.05309539998416,80.06897939997725,,,,,,,,,1,0,1,0,15,0,15,0,577.0259471999598,,,,,,,,,,,,,,,,,,,,,,,,,,,,,,,,,,,,,,,,,,,,,,,,,,,,,,,,74.5419257999747,577.0123482999625,577.0259471999598,577.0259471999598,577.0259471999598,577.0259471999598,578.5093092999887,None,right,1,9,8,3,50,8,None,76.03904060000787,76.03915189998224,578.5095546999946,578.5251429000054,578.5251429000054,579.5305580999702,579.5305580999702,579.5086110999691,77.03831590001937,77.03836790000787,579.5229886999587,579.5305580999702,579.5305580999702,580.5233657999779,no selection made,78.05304610001622,78.05309539998416,580.5235072000069,580.5394555999665,582.5554059999995,582.5393069999991,80.06897939997725,,,,,,,,,,,,,,578.5251429000054,578.5251429000054,578.5251429000054,578.5251429000054,,,390092,right,yes,None,2025-05-06_11h49.00.376,RL_out-of-scanner,2024.2.4,60.038352505050334,2025-05-06 11h49.09.092266 -0700,
16,0,16,,,,,,,space,11.04329520004103,None,5,1.4318728999933228,None,80.07144410000183,k,None,80.58726240001852,80.58766520000063,82.6005575999734,82.60061459999997,83.61550000001444,83.615548199974,84.61510070000077,0.49852139997528866,None,,,,,,,1,0,1,0,16,0,16,0,582.5554059999995,,,,,,,,,,,,,,,,,,,,,,,,,,,,,,,,,,,,,,,,,,,,,,,,,,,,,,,,80.07144410000183,582.5418677999987,582.5554059999995,582.5554059999995,582.5554059999995,582.5554059999995,583.0575015000068,k,right,0,9,8,3,51,8,None,80.58726240001852,80.58766520000063,583.0580743000028,583.0714714999776,583.0714714999776,585.0922019999707,585.0922019999707,585.0708494999562,82.6005575999734,82.60061459999997,585.084724699962,585.0922019999707,585.0922019999707,586.0858223999967,stimuli/box_empty_transparent.png,83.61550000001444,83.615548199974,586.0859520999948,586.1017622000072,587.1017937999568,587.0854300999781,84.61510070000077,0.49852139997528866,None,,,,,,,,,,,,,,,,,,390092,right,yes,None,2025-05-06_11h49.00.376,RL_out-of-scanner,2024.2.4,60.038352505050334,2025-05-06 11h49.09.092266 -0700,
17,0,17,,,,,,,space,11.04329520004103,None,5,1.4318728999933228,None,84.61770930001512,k,None,85.08317980001448,85.08365049998974,86.08092789998045,86.08098259998951,87.09608220000518,87.09613059996627,88.09595549997175,0.4482484000036493,None,,,,,,,1,0,1,0,17,0,17,0,587.1017937999568,,,,,,,,,,,,,,,,,,,,,,,,,,,,,,,,,,,,,,,,,,,,,,,,,,,,,,,,84.61770930001512,587.0881674999837,587.1017937999568,587.1017937999568,587.1017937999568,587.1017937999568,587.5534216999658,k,right,0,9,8,3,52,8,None,85.08317980001448,85.08365049998974,587.5540617000079,587.5679393999744,587.5679393999744,588.5725205999915,588.5725205999915,588.5512185000116,86.08092789998045,86.08098259998951,588.5653829000075,588.5725205999915,588.5725205999915,589.5664064000011,stimuli/box_empty_transparent.png,87.09608220000518,87.09613059996627,589.5665348999901,589.5822577999788,590.5819704000023,590.5662840000005,88.09595549997175,0.4482484000036493,None,,,,,,,,,,,,,,,,,,390092,right,yes,None,2025-05-06_11h49.00.376,RL_out-of-scanner,2024.2.4,60.038352505050334,2025-05-06 11h49.09.092266 -0700,
18,0,18,,,,,,,space,11.04329520004103,None,5,1.4318728999933228,None,88.09862389997579,None,None,89.61075230001006,89.61086349998368,93.12530379998498,93.12535719998414,94.14036800002214,94.14041839999845,96.15595450002002,,,,,,,,,1,0,1,0,18,0,18,0,590.5819704000023,,,,,,,,,,,,,,,,,,,,,,,,,,,,,,,,,,,,,,,,,,,,,,,,,,,,,,,,88.09862389997579,590.5690566999838,590.5819704000023,590.5819704000023,590.5819704000023,590.5819704000023,592.0810161999543,None,right,0,9,8,3,52,8,None,89.61075230001006,89.61086349998368,592.0812660999945,592.0976400999934,592.0976400999934,595.6166310000117,595.6166310000117,595.5955959999701,93.12530379998498,93.12535719998414,595.6098023999948,595.6166310000117,595.6166310000117,596.6106905000051,no selection made,94.14036800002214,94.14041839999845,596.6108174999827,596.6266098999768,598.642203299969,598.6262824999867,96.15595450002002,,,,,,,,,,,,,,,,,,,,390092,right,yes,None,2025-05-06_11h49.00.376,RL_out-of-scanner,2024.2.4,60.038352505050334,2025-05-06 11h49.09.092266 -0700,
19,0,19,,,,,,,space,11.04329520004103,None,5,1.4318728999933228,None,96.1584043999901,k,None,96.62377299997024,96.62417510000523,97.638564999972,97.63862079998944,98.65397380001377,98.6540220999741,100.15330669999821,0.4463513999944553,None,,,,,,,1,0,1,0,19,0,19,0,598.642203299969,,,,,,,,,,,,,,,,,,,,,,,,,,,,,,,,,,,,,,,,,,,,,,,,,,,,,,,,96.1584043999901,598.628828099987,598.642203299969,598.642203299969,598.642203299969,598.642203299969,599.0940116999554,k,right,1,9,9,3,53,9,None,96.62377299997024,96.62417510000523,599.094584800012,599.1089399000048,599.1089399000048,600.1342718999949,600.1342718999949,600.1088550999993,97.638564999972,97.63862079998944,600.1267119999975,600.1342718999949,600.1342718999949,601.1242960999953,stimuli/box_coin_transparent.png,98.65397380001377,98.6540220999741,601.1244258999941,601.1399972999934,602.6391502000042,602.6236475000042,100.15330669999821,0.4463513999944553,None,,,,,,,,,,,,,,,,,,390092,right,yes,None,2025-05-06_11h49.00.376,RL_out-of-scanner,2024.2.4,60.038352505050334,2025-05-06 11h49.09.092266 -0700,
20,0,20,,,,,,,space,11.04329520004103,None,5,1.4318728999933228,None,100.15482809999958,k,None,100.78748150001047,100.78790310001932,102.80080739996629,102.80086259997915,103.81591589999152,103.81596510001691,105.83114009996643,0.6071064000134356,None,,,,,,,1,0,1,0,20,0,20,0,602.6391502000042,,,,,,,,,,,,,,,,,,,,,,,,,,,,,,,,,,,,,,,,,,,,,,,,,,,,,,,,100.15482809999958,602.6252273999853,602.6391502000042,602.6391502000042,602.6391502000042,602.6391502000042,603.2576857999666,k,left,1,14,0,4,53,9,None,100.78748150001047,100.78790310001932,603.2583163999952,603.2721945999656,603.2721945999656,605.2924616999808,605.2924616999808,605.2710742999916,102.80080739996629,102.80086259997915,605.2852335000061,605.2924616999808,605.2924616999808,606.286238199973,stimuli/box_empty_transparent.png,103.81591589999152,103.81596510001691,606.2863683999749,606.3022446999676,608.3180080999737,608.3014708999544,105.83114009996643,0.6071064000134356,None,,,,,,,,,,,,,,,,,,390092,right,yes,None,2025-05-06_11h49.00.376,RL_out-of-scanner,2024.2.4,60.038352505050334,2025-05-06 11h49.09.092266 -0700,
21,0,21,,,,,,,space,11.04329520004103,None,5,1.4318728999933228,None,105.83359910000581,k,None,106.38147109997226,106.38173419999657,109.39588909997838,109.39594529999886,110.41066819999833,110.4107173999655,111.91013979999116,0.5179288999643177,None,,,,,,,1,0,1,0,21,0,21,0,608.3180080999737,,,,,,,,,,,,,,,,,,,,,,,,,,,,,,,,,,,,,,,,,,,,,,,,,,,,,,,,105.83359910000581,608.3040195999783,608.3180080999737,608.3180080999737,608.3180080999737,608.3180080999737,608.8517567999661,k,left,1,14,0,4,53,9,None,106.38147109997226,106.38173419999657,608.8521238999674,608.8671883000061,608.8671883000061,611.8873984999955,611.8873984999955,611.8661801999551,109.39588909997838,109.39594529999886,611.8802685999544,611.8873984999955,611.8873984999955,612.8809915999882,stimuli/box_empty_transparent.png,110.41066819999833,110.4107173999655,612.881120999984,612.8970877999673,614.3969220999861,614.3804671000107,111.91013979999116,0.5179288999643177,None,,,,,,,,,,,,,,,,,,390092,right,yes,None,2025-05-06_11h49.00.376,RL_out-of-scanner,2024.2.4,60.038352505050334,2025-05-06 11h49.09.092266 -0700,
22,0,22,,,,,,,space,11.04329520004103,None,5,1.4318728999933228,None,111.91297210002085,j,None,112.36100679996889,112.36145919997944,113.85919950000243,113.85925609996775,114.87410979997367,114.87415779998992,116.88912710000295,0.4253951999708079,None,,,,,,,1,0,1,0,22,0,22,0,614.3969220999861,,,,,,,,,,,,,,,,,,,,,,,,,,,,,,,,,,,,,,,,,,,,,,,,,,,,,,,,111.91297210002085,614.3834049999714,614.3969220999861,614.3969220999861,614.3969220999861,614.3969220999861,614.8312472999678,j,left,1,14,1,4,54,10,None,112.36100679996889,112.36145919997944,614.831870199996,614.8460192999919,614.8460192999919,616.3540676999837,616.3540676999837,616.3294890999678,113.85919950000243,113.85925609996775,616.3466111999587,616.3540676999837,616.3540676999837,617.344432599959,stimuli/box_coin_transparent.png,114.87410979997367,114.87415779998992,617.3445608000038,617.3601175000076,619.3756232999731,619.3594588999986,116.88912710000295,0.4253951999708079,None,,,,,,,,,,,,,,,,,,390092,right,yes,None,2025-05-06_11h49.00.376,RL_out-of-scanner,2024.2.4,60.038352505050334,2025-05-06 11h49.09.092266 -0700,
23,0,23,,,,,,,space,11.04329520004103,None,5,1.4318728999933228,None,116.89157879998675,j,None,117.40751569997519,117.40797349996865,118.92127960000653,118.921335299965,119.93671049998375,119.93676259997301,121.45227499998873,0.4916289999964647,None,,,,,,,1,0,1,0,23,0,23,0,619.3756232999731,,,,,,,,,,,,,,,,,,,,,,,,,,,,,,,,,,,,,,,,,,,,,,,,,,,,,,,,116.89157879998675,619.3620016999776,619.3756232999731,619.3756232999731,619.3756232999731,619.3756232999731,619.8777525000041,j,left,1,14,2,4,55,11,None,117.40751569997519,117.40797349996865,619.8783858999959,619.892311899981,619.892311899981,621.4157973999972,621.4157973999972,621.3915751999593,118.92127960000653,118.921335299965,621.4088592999615,621.4157973999972,621.4157973999972,622.4070352999843,stimuli/box_coin_transparent.png,119.93671049998375,119.93676259997301,622.4071688000113,622.4232876999886,623.9388677999959,623.9225996999885,121.45227499998873,0.4916289999964647,None,,,,,,,,,,,,,,,,,,390092,right,yes,None,2025-05-06_11h49.00.376,RL_out-of-scanner,2024.2.4,60.038352505050334,2025-05-06 11h49.09.092266 -0700,
24,0,24,,,,,,,space,11.04329520004103,None,5,1.4318728999933228,None,121.45483860000968,None,None,122.95191730000079,122.9520305999904,124.96675740001956,124.9668115999666,125.98169169999892,125.98174179997295,127.49753709998913,,,,,,,,,1,0,1,0,24,0,24,0,623.9388677999959,,,,,,,,,,,,,,,,,,,,,,,,,,,,,,,,,,,,,,,,,,,,,,,,,,,,,,,,121.45483860000968,623.9252650999697,623.9388677999959,623.9388677999959,623.9388677999959,623.9388677999959,625.4221775999758,None,left,1,14,2,4,55,11,None,122.95191730000079,122.9520305999904,625.4224320999929,625.4377621999593,625.4377621999593,627.4585630999645,627.4585630999645,627.4370486999978,124.96675740001956,124.9668115999666,627.4511289999937,627.4585630999645,627.4585630999645,628.4520114999614,no selection made,125.98169169999892,125.98174179997295,628.45214020001,628.4680197999696,629.9839904999826,629.9678656999604,127.49753709998913,,,,,,,,,,,,,,625.4377621999593,625.4377621999593,625.4377621999593,625.4377621999593,,,390092,right,yes,None,2025-05-06_11h49.00.376,RL_out-of-scanner,2024.2.4,60.038352505050334,2025-05-06 11h49.09.092266 -0700,
25,0,25,,,,,,,space,11.04329520004103,None,5,1.4318728999933228,None,127.50045910000335,j,None,127.96521210001083,127.96565399999963,128.98008860001573,128.980144799978,129.99534429999767,129.99539459997322,133.50948249996873,0.43840039998758584,None,,,,,,,1,0,1,0,25,0,25,0,629.9839904999826,,,,,,,,,,,,,,,,,,,,,,,,,,,,,,,,,,,,,,,,,,,,,,,,,,,,,,,,127.50045910000335,629.9708854999626,629.9839904999826,629.9839904999826,629.9839904999826,629.9839904999826,630.4354570999858,j,left,1,14,3,4,56,12,None,127.96521210001083,127.96565399999963,630.4360660999664,630.4503882999998,630.4503882999998,631.4743571999716,631.4743571999716,631.4503780999803,128.98008860001573,128.980144799978,631.4675063999603,631.4743571999716,631.4743571999716,632.4656681999913,stimuli/box_coin_transparent.png,129.99534429999767,129.99539459997322,632.4657990999985,632.4820015999721,635.9957120000036,635.9798121000058,133.50948249996873,0.43840039998758584,None,,,,,,,,,,,,,,,,,,390092,right,yes,None,2025-05-06_11h49.00.376,RL_out-of-scanner,2024.2.4,60.038352505050334,2025-05-06 11h49.09.092266 -0700,
26,0,26,,,,,,,space,11.04329520004103,None,5,1.4318728999933228,None,133.51219310000306,j,None,133.92683750001015,133.92727729998296,134.43753729999298,134.4375942000188,135.44122699997388,135.4412760999985,138.9549787999713,0.38630339998053387,None,,,,,,,1,0,1,0,26,0,26,0,635.9957120000036,,,,,,,,,,,,,,,,,,,,,,,,,,,,,,,,,,,,,,,,,,,,,,,,,,,,,,,,133.51219310000306,635.9826203999692,635.9957120000036,635.9957120000036,635.9957120000036,635.9957120000036,636.3970830999897,j,left,1,14,4,4,57,13,None,133.92683750001015,133.92727729998296,636.3976879999973,636.4121578999911,636.4121578999911,636.9331557999831,636.9331557999831,636.9078191999579,134.43753729999298,134.4375942000188,636.9257896000054,636.9331557999831,636.9331557999831,637.9115508999676,stimuli/box_coin_transparent.png,135.44122699997388,135.4412760999985,637.9116806999664,637.9275615999941,641.4416528999573,641.4253067999962,138.9549787999713,0.38630339998053387,None,,,,,,,,,,,,,,,,,,390092,right,yes,None,2025-05-06_11h49.00.376,RL_out-of-scanner,2024.2.4,60.038352505050334,2025-05-06 11h49.09.092266 -0700,
27,0,27,,,,,,,space,11.04329520004103,None,5,1.4318728999933228,None,138.9574265999836,j,None,139.28999459999613,139.29048219998367,140.8033041000017,140.80334119999316,141.803439899988,141.80348679999588,142.80245760001708,0.3075916999951005,None,,,,,,,1,0,1,0,27,0,27,0,641.4416528999573,,,,,,,,,,,,,,,,,,,,,,,,,,,,,,,,,,,,,,,,,,,,,,,,,,,,,,,,138.9574265999836,641.4278492999729,641.4416528999573,641.4416528999573,641.4416528999573,641.4416528999573,641.7602361000027,j,left,1,14,5,4,58,14,None,139.28999459999613,139.29048219998367,641.760892499995,641.7749877999886,641.7749877999886,643.2902521999786,643.2902521999786,643.2736170999706,140.8033041000017,140.80334119999316,643.2840516999713,643.2902521999786,643.2902521999786,644.2737586000003,stimuli/box_coin_transparent.png,141.803439899988,141.80348679999588,644.2738902999554,644.2888432999607,645.288730899978,645.2727864999906,142.80245760001708,0.3075916999951005,None,,,,,,,,,,644.2888432999607,644.2888432999607,,,,,,,390092,right,yes,None,2025-05-06_11h49.00.376,RL_out-of-scanner,2024.2.4,60.038352505050334,2025-05-06 11h49.09.092266 -0700,
28,0,28,,,,,,,space,11.04329520004103,None,5,1.4318728999933228,None,142.80502299999353,j,None,143.23635419999482,143.2368041999871,144.2344797999831,144.23453429999063,145.2495901999646,145.24963869998464,148.7639063000097,0.40429919998859987,None,,,,,,,1,0,1,0,28,0,28,0,645.288730899978,,,,,,,,,,,,,,,,,,,,,,,,,,,,,,,,,,,,,,,,,,,,,,,,,,,,,,,,142.80502299999353,645.2754503999604,645.288730899978,645.288730899978,645.288730899978,645.288730899978,645.7065976999584,j,left,0,14,5,4,59,14,None,143.23635419999482,143.2368041999871,645.7072163999546,645.7215338000096,645.7215338000096,646.7258792999783,646.7258792999783,646.7047686000005,144.2344797999831,144.23453429999063,646.7187593999552,646.7258792999783,646.7258792999783,647.7199125000043,stimuli/box_empty_transparent.png,145.2495901999646,145.24963869998464,647.7200435000123,647.735928799957,651.2504851999693,651.2342314999551,148.7639063000097,0.40429919998859987,None,,,,,,,,,,,,,,,,,,390092,right,yes,None,2025-05-06_11h49.00.376,RL_out-of-scanner,2024.2.4,60.038352505050334,2025-05-06 11h49.09.092266 -0700,
29,0,29,,,,,,,space,11.04329520004103,None,5,1.4318728999933228,None,148.7664479999803,j,None,149.1645884999889,149.165064300003,151.17884959996445,151.17890619998798,152.1941880999948,152.1942413999932,153.21065480000107,0.37088490003952757,None,,,,,,,1,0,1,0,29,0,29,0,651.2504851999693,,,,,,,,,,,,,,,,,,,,,,,,,,,,,,,,,,,,,,,,,,,,,,,,,,,,,,,,148.7664479999803,651.2368698999635,651.2504851999693,651.2504851999693,651.2504851999693,651.2504851999693,651.6348219999927,j,left,1,14,6,4,60,15,None,149.1645884999889,149.165064300003,651.6354819999542,651.6500326999812,651.6500326999812,653.673476499971,653.673476499971,653.649139199988,151.17884959996445,151.17890619998798,653.6665359999752,653.673476499971,653.673476499971,654.6645107999793,stimuli/box_coin_transparent.png,152.1941880999948,152.1942413999932,654.6646479999763,654.6810729999561,655.6971222999855,655.680982299964,153.21065480000107,0.37088490003952757,None,,,,,,,,,,,,,,,,,,390092,right,yes,None,2025-05-06_11h49.00.376,RL_out-of-scanner,2024.2.4,60.038352505050334,2025-05-06 11h49.09.092266 -0700,
30,0,30,,,,,,,space,11.04329520004103,None,5,1.4318728999933228,None,153.21327229996677,None,None,154.7256827999954,154.72579489997588,155.7257650999818,155.72581769997487,156.7405301000108,156.74058039998636,157.7398054000223,,,,,,,,,1,0,1,0,30,0,30,0,655.6971222999855,,,,,,,,,,,,,,,,,,,,,,,,,,,,,,,,,,,,,,,,,,,,,,,,,,,,,,,,153.21327229996677,655.6836972999736,655.6971222999855,655.6971222999855,655.6971222999855,655.6971222999855,657.1959478000063,None,left,1,14,6,4,60,15,None,154.7256827999954,154.72579489997588,657.1961979999905,657.2123817999964,657.2123817999964,658.2175044000032,658.2175044000032,658.1960509999772,155.7257650999818,155.72581769997487,658.210318700003,658.2175044000032,658.2175044000032,659.2108529999969,no selection made,156.7405301000108,156.74058039998636,659.210979299969,659.2267919000005,660.2263902999694,660.2101345999981,157.7398054000223,,,,,,,,,,,,,,,,,,,,390092,right,yes,None,2025-05-06_11h49.00.376,RL_out-of-scanner,2024.2.4,60.038352505050334,2025-05-06 11h49.09.092266 -0700,
31,0,31,,,,,,,space,11.04329520004103,None,5,1.4318728999933228,None,157.742258400016,j,['j'],158.5916366999736,158.59209599997848,161.60390719998395,161.6039600999793,162.61934959999053,162.61940229998436,165.13427019998198,0.8298348999815062,None,[0.3503298999858089],[0.09784760000184178],,,,,1,0,1,0,31,0,31,0,660.2263902999694,,,,,,,,,,,,,,,,,,,,,,,,,,,,,,,,,,,,,,,,,,,,,,,,,,,,,,,,157.742258400016,660.2126817000099,660.2263902999694,660.2263902999694,660.2263902999694,660.2263902999694,661.0618205000064,j,left,0,14,6,4,61,15,['j'],158.5916366999736,158.59209599997848,661.0625067999936,661.0758657999686,661.0758657999686,664.0957481999649,664.0957481999649,664.0741996999714,161.60390719998395,161.6039600999793,664.0881334999576,664.0957481999649,664.0957481999649,665.0896694000112,stimuli/box_empty_transparent.png,162.61934959999053,162.61940229998436,665.0898013999686,665.1058873999864,667.6211922999937,667.6045974000008,165.13427019998198,0.8298348999815062,None,[0.3503298999858089],[0.09784760000184178],,,,,,,,,,,,,,,,390092,right,yes,None,2025-05-06_11h49.00.376,RL_out-of-scanner,2024.2.4,60.038352505050334,2025-05-06 11h49.09.092266 -0700,
32,0,32,,,,,,,space,11.04329520004103,None,5,1.4318728999933228,None,165.13688030000776,None,None,166.64951239997754,166.64962549996562,167.64973589999136,167.64978819998214,168.66443509998498,168.66448590002256,169.66392239998095,,,,,,,,,1,0,1,0,32,0,32,0,667.6211922999937,,,,,,,,,,,,,,,,,,,,,,,,,,,,,,,,,,,,,,,,,,,,,,,,,,,,,,,,165.13688030000776,667.607302599994,667.6211922999937,667.6211922999937,667.6211922999937,667.6211922999937,669.1197752999724,None,left,0,14,6,4,61,15,None,166.64951239997754,166.64962549996562,669.1200283999788,669.1361900999909,669.1361900999909,670.1415144999628,670.1415144999628,670.1200295999879,167.64973589999136,167.64978819998214,670.1343610999756,670.1415144999628,670.1415144999628,671.1347591999802,no selection made,168.66443509998498,168.66448590002256,671.1348847000045,671.1505908999825,672.1505096000037,672.1342491999967,169.66392239998095,,,,,,,,,,,,,,,,,,,,390092,right,yes,None,2025-05-06_11h49.00.376,RL_out-of-scanner,2024.2.4,60.038352505050334,2025-05-06 11h49.09.092266 -0700,
33,0,33,,,,,,,space,11.04329520004103,None,5,1.4318728999933228,None,169.66644399997313,j,None,170.14861019997625,170.14906500000507,172.16213750001043,172.16219180001644,173.1776590999798,173.177710799966,174.69291789998533,0.4647004999569617,None,,,,,,,1,0,1,0,33,0,33,0,672.1505096000037,,,,,,,,,,,,,,,,,,,,,,,,,,,,,,,,,,,,,,,,,,,,,,,,,,,,,,,,169.66644399997313,672.1368674999685,672.1505096000037,672.1505096000037,672.1505096000037,672.1505096000037,672.6188521999866,j,left,1,14,7,4,62,16,None,170.14861019997625,170.14906500000507,672.6194748999551,672.6334496999625,672.6334496999625,674.6573566999868,674.6573566999868,674.632429499994,172.16213750001043,172.16219180001644,674.6497327999678,674.6573566999868,674.6573566999868,675.647983599978,stimuli/box_coin_transparent.png,173.1776590999798,173.177710799966,675.6481152999913,675.6639965999639,677.1796006999793,677.1632489999756,174.69291789998533,0.4647004999569617,None,,,,,,,,,,,,,,,,,,390092,right,yes,None,2025-05-06_11h49.00.376,RL_out-of-scanner,2024.2.4,60.038352505050334,2025-05-06 11h49.09.092266 -0700,
34,0,34,,,,,,,space,11.04329520004103,None,5,1.4318728999933228,None,174.69547229999444,j,None,175.54438619996654,175.54487899999367,178.55705449997913,178.55710909998743,179.57255579996854,179.5726069000084,182.0876784999855,0.8280540999840014,None,,,,,,,1,0,1,0,34,0,34,0,677.1796006999793,,,,,,,,,,,,,,,,,,,,,,,,,,,,,,,,,,,,,,,,,,,,,,,,,,,,,,,,174.69547229999444,677.1658943999792,677.1796006999793,677.1796006999793,677.1796006999793,677.1796006999793,678.0146273999708,j,left,1,14,8,4,63,17,None,175.54438619996654,175.54487899999367,678.0152899000095,678.0291573999566,678.0291573999566,681.0516710999655,681.0516710999655,681.0273431999958,178.55705449997913,178.55710909998743,681.0447432000074,681.0516710999655,681.0516710999655,682.0428720999626,stimuli/box_coin_transparent.png,179.57255579996854,179.5726069000084,682.043010799971,682.0587182999589,684.5739900000044,684.558005400002,182.0876784999855,0.8280540999840014,None,,,,,,,,,,,,,,,,,,390092,right,yes,None,2025-05-06_11h49.00.376,RL_out-of-scanner,2024.2.4,60.038352505050334,2025-05-06 11h49.09.092266 -0700,
35,0,35,,,,,,,space,11.04329520004103,None,5,1.4318728999933228,None,182.090298599971,j,None,182.4888304999913,182.48932920000516,184.00347739999415,184.00353270000778,185.01813119999133,185.01818499999354,186.01786409999477,0.3820248999982141,None,,,,,,,1,0,1,0,35,0,35,0,684.5739900000044,,,,,,,,,,,,,,,,,,,,,,,,,,,,,,,,,,,,,,,,,,,,,,,,,,,,,,,,182.090298599971,684.5607225999702,684.5739900000044,684.5739900000044,684.5739900000044,684.5739900000044,684.9590719999978,j,left,1,14,9,4,64,18,None,182.4888304999913,182.48932920000516,684.9597415999742,684.9738193000085,684.9738193000085,686.4987376999925,686.4987376999925,686.4737684999709,184.00347739999415,184.00353270000778,686.4911222999799,686.4987376999925,686.4987376999925,687.4884527999675,stimuli/box_coin_transparent.png,185.01813119999133,185.01818499999354,687.4885881000082,687.5048142999876,688.5040516000008,688.4881936999736,186.01786409999477,0.3820248999982141,None,,,,,,,,,,,,,,,,,,390092,right,yes,None,2025-05-06_11h49.00.376,RL_out-of-scanner,2024.2.4,60.038352505050334,2025-05-06 11h49.09.092266 -0700,
36,0,36,,,,,,,space,11.04329520004103,None,5,1.4318728999933228,None,186.0204592999653,j,None,186.11924139998155,186.1196934999898,187.63346869999077,187.6335556000122,188.64872120000655,188.64877059997525,192.16258240002207,0.07869310001842678,None,,,,,,,1,0,1,0,36,0,36,0,688.5040516000008,,,,,,,,,,,,,,,,,,,,,,,,,,,,,,,,,,,,,,,,,,,,,,,,,,,,,,,,186.0204592999653,688.4908823999576,688.5040516000008,688.5040516000008,688.5040516000008,688.5040516000008,688.5894818999805,j,left,0,14,9,4,65,18,None,186.11924139998155,186.1196934999898,688.5901035999996,688.6040012000012,688.6040012000012,690.1253721999819,690.1253721999819,690.1037585999584,187.63346869999077,187.6335556000122,690.1179012999637,690.1253721999819,690.1253721999819,691.1190454000025,stimuli/box_empty_transparent.png,188.64872120000655,188.64877059997525,691.1191737999907,691.1348903999897,694.6492437999696,694.6328785999794,192.16258240002207,0.07869310001842678,None,,,,,,,,,,,,,,,,,,390092,right,yes,None,2025-05-06_11h49.00.376,RL_out-of-scanner,2024.2.4,60.038352505050334,2025-05-06 11h49.09.092266 -0700,
37,0,37,,,,,,,space,11.04329520004103,None,5,1.4318728999933228,None,192.16516689996934,j,None,192.59793839999475,192.59839920001104,194.6112054999685,194.61126089998288,195.62629939999897,195.62634750001598,196.64209290000144,0.41311329999007285,None,,,,,,,1,0,1,0,37,0,37,0,694.6492437999696,,,,,,,,,,,,,,,,,,,,,,,,,,,,,,,,,,,,,,,,,,,,,,,,,,,,,,,,192.16516689996934,694.6355919999769,694.6492437999696,694.6492437999696,694.6492437999696,694.6492437999696,695.0681803000043,j,left,1,14,10,4,66,19,None,192.59793839999475,192.59839920001104,695.0688092999626,695.082346399955,695.082346399955,697.1058434000006,697.1058434000006,697.081495099992,194.6112054999685,194.61126089998288,697.0985814000014,697.1058434000006,697.1058434000006,698.0966228999896,stimuli/box_coin_transparent.png,195.62629939999897,195.62634750001598,698.0967503999709,698.1128591999877,699.1292527999613,699.1124213999719,196.64209290000144,0.41311329999007285,None,,,,,,,,,,,,,,,,,,390092,right,yes,None,2025-05-06_11h49.00.376,RL_out-of-scanner,2024.2.4,60.038352505050334,2025-05-06 11h49.09.092266 -0700,
38,0,38,,,,,,,space,11.04329520004103,None,5,1.4318728999933228,None,196.64455540000927,None,None,198.15809529996477,198.15820529998746,199.1577477999963,199.15780250000535,200.17260240000905,200.1726358999731,201.67190129996743,,,,,,,,,1,0,1,0,38,0,38,0,699.1292527999613,,,,,,,,,,,,,,,,,,,,,,,,,,,,,,,,,,,,,,,,,,,,,,,,,,,,,,,,196.64455540000927,699.1149780999986,699.1292527999613,699.1292527999613,699.1292527999613,699.1292527999613,700.6283598999726,None,left,1,14,10,4,66,19,None,198.15809529996477,198.15820529998746,700.6286076999968,700.6443853999954,700.6443853999954,701.6495879999711,701.6495879999711,701.6280387999723,199.1577477999963,199.15780250000535,701.6424622999621,701.6495879999711,701.6495879999711,702.6429386999807,no selection made,200.17260240000905,200.1726358999731,702.6430207999656,702.658520099998,704.1582754999981,704.1422297999961,201.67190129996743,,,,,,,,,,,,,,,,,,,,390092,right,yes,None,2025-05-06_11h49.00.376,RL_out-of-scanner,2024.2.4,60.038352505050334,2025-05-06 11h49.09.092266 -0700,
39,0,39,,,,,,,space,11.04329520004103,None,5,1.4318728999933228,None,201.67501289997017,j,None,202.17321269999957,202.17366480000783,203.18745019997004,203.18750709999586,204.20262190001085,204.20266999996966,205.2022822999861,0.4734812999959104,None,,,,,,,1,0,1,0,39,0,39,0,704.1582754999981,,,,,,,,,,,,,,,,,,,,,,,,,,,,,,,,,,,,,,,,,,,,,,,,,,,,,,,,201.67501289997017,704.1454405999975,704.1582754999981,704.1582754999981,704.1582754999981,704.1582754999981,704.6434548000107,j,left,1,14,11,4,67,20,None,202.17321269999957,202.17366480000783,704.6440752999624,704.6582052999875,704.6582052999875,705.6823060999741,705.6823060999741,705.6577367999707,203.18745019997004,203.18750709999586,705.675099199987,705.6823060999741,705.6823060999741,706.6729445999954,stimuli/box_coin_transparent.png,204.20262190001085,204.20266999996966,706.6730733999866,706.6889392999583,707.6888957999763,707.6726055999752,205.2022822999861,0.4734812999959104,None,,,,,,,,,,,,,,,,,,390092,right,yes,None,2025-05-06_11h49.00.376,RL_out-of-scanner,2024.2.4,60.038352505050334,2025-05-06 11h49.09.092266 -0700,
40,0,40,,,,,,,space,11.04329520004103,None,5,1.4318728999933228,None,205.2048701000167,j,None,205.82000529998913,205.82046249997802,207.33459879999282,207.33465299999807,208.34921700000996,208.34929340000963,209.34869299997808,0.5834059999906458,None,,,,,,,1,0,1,0,40,0,40,0,707.6888957999763,,,,,,,,,,,,,,,,,,,,,,,,,,,,,,,,,,,,,,,,,,,,,,,,,,,,,,,,205.2048701000167,707.6752949999645,707.6888957999763,707.6888957999763,707.6888957999763,707.6888957999763,708.2902291999781,j,left,1,14,12,4,68,21,None,205.82000529998913,205.82046249997802,708.2908726999885,708.3050121999695,708.3050121999695,709.8293801000109,709.8293801000109,709.8048908999772,207.33459879999282,207.33465299999807,709.8221563999541,709.8293801000109,709.8293801000109,710.8195411000052,stimuli/box_coin_transparent.png,208.34921700000996,208.34929340000963,710.8196971999714,710.8354197999579,711.8352194000036,711.8190222999547,209.34869299997808,0.5834059999906458,None,,,,,,,,,,,,,,,,,,390092,right,yes,None,2025-05-06_11h49.00.376,RL_out-of-scanner,2024.2.4,60.038352505050334,2025-05-06 11h49.09.092266 -0700,
41,0,41,,,,,,,space,11.04329520004103,None,5,1.4318728999933228,None,209.35114029998658,j,None,209.85052819998236,209.85103630000958,210.84807810001075,210.84813419997226,211.8632242999738,211.86327909998363,214.87761710002087,0.4827580999699421,None,,,,,,,1,0,1,0,41,0,41,0,711.8352194000036,,,,,,,,,,,,,,,,,,,,,,,,,,,,,,,,,,,,,,,,,,,,,,,,,,,,,,,,209.35114029998658,711.821563799982,711.8352194000036,711.8352194000036,711.8352194000036,711.8352194000036,712.3207617999869,j,left,1,14,13,4,69,22,None,209.85052819998236,209.85103630000958,712.32145389996,712.3350016999757,712.3350016999757,713.3422630999703,713.3422630999703,713.3183702999959,210.84807810001075,210.84813419997226,713.3355093999999,713.3422630999703,713.3422630999703,714.3335482999682,stimuli/box_coin_transparent.png,211.8632242999738,211.86327909998363,714.3336865999736,714.3496692999615,717.3643825000036,717.3479460999952,214.87761710002087,0.4827580999699421,None,,,,,,,,,,,,,,,,,,390092,right,yes,None,2025-05-06_11h49.00.376,RL_out-of-scanner,2024.2.4,60.038352505050334,2025-05-06 11h49.09.092266 -0700,
42,0,42,,,,,,,space,11.04329520004103,None,5,1.4318728999933228,None,214.88006799999857,j,None,215.41273569996702,215.41319689998636,217.42610839998815,217.4261449999758,218.44159940001555,218.44165079999948,221.95630039996468,0.5032020999933593,None,,,,,,,1,0,1,0,42,0,42,0,717.3643825000036,,,,,,,,,,,,,,,,,,,,,,,,,,,,,,,,,,,,,,,,,,,,,,,,,,,,,,,,214.88006799999857,717.3504896999802,717.3643825000036,717.3643825000036,717.3643825000036,717.3643825000036,717.8829359000083,j,left,1,14,14,4,70,23,None,215.41273569996702,215.41319689998636,717.8836071999976,717.8973139000009,717.8973139000009,719.9130226999987,719.9130226999987,719.8964225999662,217.42610839998815,217.4261449999758,719.9066983999801,719.9130226999987,719.9130226999987,720.9119240999571,stimuli/box_coin_transparent.png,218.44159940001555,218.44165079999948,720.9120558999712,720.9279141000006,724.4421045999625,724.4266275999835,221.95630039996468,0.5032020999933593,None,,,,,,,,,,,,,,,,,,390092,right,yes,None,2025-05-06_11h49.00.376,RL_out-of-scanner,2024.2.4,60.038352505050334,2025-05-06 11h49.09.092266 -0700,
43,0,43,,,,,,,space,11.04329520004103,None,5,1.4318728999933228,None,221.95892259996617,j,None,222.39065770001616,222.39110110001639,223.40461239998695,223.40466599998763,224.4202251000097,224.4202806999674,226.43580809998093,0.4119471000158228,None,,,,,,,1,0,1,0,43,0,43,0,724.4421045999625,,,,,,,,,,,,,,,,,,,,,,,,,,,,,,,,,,,,,,,,,,,,,,,,,,,,,,,,221.95892259996617,724.4293482999783,724.4421045999625,724.4421045999625,724.4421045999625,724.4421045999625,724.860901499982,j,right,1,11,0,5,70,23,None,222.39065770001616,222.39110110001639,724.8615099999588,724.8752334999735,724.8752334999735,725.8958467000048,725.8958467000048,725.8749054999789,223.40461239998695,223.40466599998763,725.888870899973,725.8958467000048,725.8958467000048,726.890549600008,stimuli/box_empty_transparent.png,224.4202251000097,224.4202806999674,726.8906838999828,726.9064088999876,728.9223154999781,728.9061339999898,226.43580809998093,0.4119471000158228,None,,,,,,,,,,,,,,,,,,390092,right,yes,None,2025-05-06_11h49.00.376,RL_out-of-scanner,2024.2.4,60.038352505050334,2025-05-06 11h49.09.092266 -0700,
44,0,44,,,,,,,space,11.04329520004103,None,5,1.4318728999933228,None,226.43829700001515,j,None,227.519686500018,227.52016209997237,230.0331725999713,230.0332297999994,231.04834089998621,231.04839259997243,233.06373150000582,1.0623033999581821,None,,,,,,,1,0,1,0,44,0,44,0,728.9223154999781,,,,,,,,,,,,,,,,,,,,,,,,,,,,,,,,,,,,,,,,,,,,,,,,,,,,,,,,226.43829700001515,728.908720700012,728.9223154999781,728.9223154999781,728.9223154999781,728.9223154999781,729.989929399977,j,right,1,11,0,5,70,23,None,227.519686500018,227.52016209997237,729.9905743999989,730.0044799000025,730.0044799000025,732.5250153999659,732.5250153999659,732.5034645999549,230.0331725999713,230.0332297999994,732.517795199994,732.5250153999659,732.5250153999659,733.518665599986,stimuli/box_empty_transparent.png,231.04834089998621,231.04839259997243,733.5187978000031,733.534711699991,735.5501723999623,735.5340583999641,233.06373150000582,1.0623033999581821,None,,,,,,,,,,,,,,,,,,390092,right,yes,None,2025-05-06_11h49.00.376,RL_out-of-scanner,2024.2.4,60.038352505050334,2025-05-06 11h49.09.092266 -0700,
45,0,45,,,,,,,space,11.04329520004103,None,5,1.4318728999933228,None,233.06622089998564,k,None,233.14856000000145,233.1490074999747,234.162697999971,234.16275339998538,235.17808919999516,235.1781423999928,236.17780559998937,0.05808669998077676,None,,,,,,,1,0,1,0,45,0,45,0,735.5501723999623,,,,,,,,,,,,,,,,,,,,,,,,,,,,,,,,,,,,,,,,,,,,,,,,,,,,,,,,233.06622089998564,735.5366467999993,735.5501723999623,735.5501723999623,735.5501723999623,735.5501723999623,735.6187567999586,k,right,1,11,1,5,71,24,None,233.14856000000145,233.1490074999747,735.6194171999814,735.6333498999593,735.6333498999593,736.6577965999604,736.6577965999604,736.6329919999698,234.162697999971,234.16275339998538,736.6501937999856,736.6577965999604,736.6577965999604,737.6484123999835,stimuli/box_coin_transparent.png,235.17808919999516,235.1781423999928,737.6485449000029,737.6646672000061,738.6641474000062,738.648133300012,236.17780559998937,0.05808669998077676,None,,,,,,,,,,,,,,,,,,390092,right,yes,None,2025-05-06_11h49.00.376,RL_out-of-scanner,2024.2.4,60.038352505050334,2025-05-06 11h49.09.092266 -0700,
46,0,46,,,,,,,space,11.04329520004103,None,5,1.4318728999933228,None,236.18040969996946,k,None,236.69611829996575,236.6965936999768,238.70977459999267,238.70983110001544,239.7245294000022,239.7245782999671,240.72390490002,0.4988576000323519,None,,,,,,,1,0,1,0,46,0,46,0,738.6641474000062,,,,,,,,,,,,,,,,,,,,,,,,,,,,,,,,,,,,,,,,,,,,,,,,,,,,,,,,236.18040969996946,738.6508340999717,738.6641474000062,738.6641474000062,738.6641474000062,738.6641474000062,739.1663585999631,k,right,1,11,2,5,72,25,None,236.69611829996575,236.6965936999768,739.1670119999908,739.1804482999723,739.1804482999723,741.2047478999593,741.2047478999593,741.1800643999595,238.70977459999267,238.70983110001544,741.1975301000057,741.2047478999593,741.2047478999593,742.1948496999685,stimuli/box_coin_transparent.png,239.7245294000022,239.7245782999671,742.1949817999848,742.2106521999813,743.2102835999685,743.1942308999714,240.72390490002,0.4988576000323519,None,,,,,,,,,,,,,,,,,,390092,right,yes,None,2025-05-06_11h49.00.376,RL_out-of-scanner,2024.2.4,60.038352505050334,2025-05-06 11h49.09.092266 -0700,
47,0,47,,,,,,,space,11.04329520004103,None,5,1.4318728999933228,None,240.72643019998213,k,None,241.358550200006,241.35895029996755,244.37163880001754,244.371694499976,245.38662200002,245.3866708999849,246.88598329998786,0.6082893999991938,None,,,,,,,1,0,1,0,47,0,47,0,743.2102835999685,,,,,,,,,,,,,,,,,,,,,,,,,,,,,,,,,,,,,,,,,,,,,,,,,,,,,,,,240.72643019998213,743.1968580000103,743.2102835999685,743.2102835999685,743.2102835999685,743.2102835999685,743.8287909000064,k,right,0,11,2,5,73,25,None,241.358550200006,241.35895029996755,743.8293669999694,743.8436607999611,743.8436607999611,746.8640725999721,746.8640725999721,746.8419319000095,244.37163880001754,244.371694499976,746.8559775999747,746.8640725999721,746.8640725999721,747.8569456000114,stimuli/box_empty_transparent.png,245.38662200002,245.3866708999849,747.8570753000095,747.8728395999642,749.372215499985,749.3563100000028,246.88598329998786,0.6082893999991938,None,,,,,,,,,,,,,,,,,,390092,right,yes,None,2025-05-06_11h49.00.376,RL_out-of-scanner,2024.2.4,60.038352505050334,2025-05-06 11h49.09.092266 -0700,
48,0,48,,,,,,,space,11.04329520004103,None,5,1.4318728999933228,None,246.88845099997707,k,None,247.17061490000924,247.1710172999883,248.66836499999044,248.66842190001626,249.68329660000745,249.68335040000966,253.19702079996932,0.26549530000193045,None,,,,,,,1,0,1,0,48,0,48,0,749.372215499985,,,,,,,,,,,,,,,,,,,,,,,,,,,,,,,,,,,,,,,,,,,,,,,,,,,,,,,,246.88845099997707,749.3588752999785,749.372215499985,749.372215499985,749.372215499985,749.372215499985,749.6408562999568,k,right,1,11,3,5,74,26,None,247.17061490000924,247.1710172999883,749.6414251999813,749.6553312999895,749.6553312999895,751.164939499984,751.164939499984,751.1386522999965,248.66836499999044,248.66842190001626,751.1561314999708,751.164939499984,751.164939499984,752.153619299992,stimuli/box_coin_transparent.png,249.68329660000745,249.68335040000966,752.1537539999699,752.1698961000075,755.6839352999814,755.6673505000072,253.19702079996932,0.26549530000193045,None,,,,,,,,,,,,,,,,,,390092,right,yes,None,2025-05-06_11h49.00.376,RL_out-of-scanner,2024.2.4,60.038352505050334,2025-05-06 11h49.09.092266 -0700,
49,0,49,,,,,,,space,11.04329520004103,None,5,1.4318728999933228,None,253.19983469997533,k,None,253.69917819998227,253.6996078999946,255.2126350000035,255.21269149996806,256.2281487999717,256.2281990000047,256.2290197999682,0.47335990000283346,None,,,,,,,1,0,1,0,49,0,49,0,755.6839352999814,,,,,,,,,,,,,,,,,,,,,,,,,,,,,,,,,,,,,,,,,,,,,,,,,,,,,,,,253.19983469997533,755.6702616999974,755.6839352999814,755.6839352999814,755.6839352999814,755.6839352999814,756.1694192999857,k,right,0,11,3,5,75,26,None,253.69917819998227,253.6996078999946,756.170017299999,756.1834878000082,756.1834878000082,757.7049870999763,757.7049870999763,757.6829309999594,255.2126350000035,255.21269149996806,757.697714000009,757.7049870999763,757.7049870999763,758.6984718999593,stimuli/box_empty_transparent.png,256.2281487999717,256.2281990000047,758.6986035999726,758.7388618999976,758.7388618999976,758.699349100003,256.2290197999682,0.47335990000283346,None,,,,,,,,,,,,,,,,,,390092,right,yes,None,2025-05-06_11h49.00.376,RL_out-of-scanner,2024.2.4,60.038352505050334,2025-05-06 11h49.09.092266 -0700,
1,0,1,,,,,,,space,11.04329520004103,None,5,1.4318728999933228,None,,,,,,,,,,,,,,,,,,,1,0,1,0,,,,,,,,,,,,,,,,,,,,,,,,,,,,,,,,,,,,,,,,,,,,,,,,,,,,,,,,,,,,,,,,,,,,,,,,,,,,,,,,,,,,,,,,,,,,,,,,,,,,,,,758.7346876999945,758.7388618999976,762.7113371999585,762.7114234999754,762.7278339999611,807.3090479999664,807.2929490999668,,,,,,,,,390092,right,yes,None,2025-05-06_11h49.00.376,RL_out-of-scanner,2024.2.4,60.038352505050334,2025-05-06 11h49.09.092266 -0700,
0,0,0,,,,,,,space,2.782220499997493,None,5,0.7238782999920659,None,0.003054399974644184,j,None,0.8004612999502569,0.8009666999569163,1.8148114999639802,1.8148668999783695,2.830334799946286,2.8303909999667667,4.845269999990705,0.7822578999912366,None,,,,,,,2,0,2,0,0,0,0,0,810.8732782999869,,,,,,,,,,,,,,,,,,,,,,,,,,,,,,,,,,,,,,,,,,807.2932462999597,807.3090479999664,807.3090479999664,810.1081307999557,space,2.782220499997493,None,810.1082703999709,810.1234836999793,810.1234836999793,810.8578886999749,5,0.7238782999920659,None,0.003054399974644184,810.8610798000009,810.8732782999869,810.8732782999869,810.8732782999869,810.8732782999869,811.6582968999865,j,right,0,13,0,6,75,0,None,0.8004612999502569,0.8009666999569163,811.6589787999983,811.6727708000108,811.6727708000108,812.6943887000089,812.6943887000089,812.6726969999727,1.8148114999639802,1.8148668999783695,812.6868822000106,812.6943887000089,812.6943887000089,813.688251399959,stimuli/box_empty_transparent.png,2.830334799946286,2.8303909999667667,813.6883918999811,813.7037830000045,815.7193232999998,815.7031963999616,4.845269999990705,0.7822578999912366,None,,,,,,,,,,,,,,,,,,390092,right,yes,None,2025-05-06_11h49.00.376,RL_out-of-scanner,2024.2.4,60.038352505050334,2025-05-06 11h49.09.092266 -0700,
1,0,1,,,,,,,space,2.782220499997493,None,5,0.7238782999920659,None,4.847914799989667,k,None,5.31349999998929,5.31391219998477,6.827423399954569,6.827477299957536,7.842670999991242,7.842720599961467,9.341848199954256,0.4402195999864489,None,,,,,,,2,0,2,0,1,0,1,0,815.7193232999998,,,,,,,,,,,,,,,,,,,,,,,,,,,,,,,,,,,,,,,,,,,,,,,,,,,,,,,,4.847914799989667,815.7059439999866,815.7193232999998,815.7193232999998,815.7193232999998,815.7193232999998,816.1713414000114,k,right,1,13,1,6,76,1,None,5.31349999998929,5.31391219998477,816.1719258999801,816.1860320999986,816.1860320999986,817.7102461999748,817.7102461999748,817.6853160999599,6.827423399954569,6.827477299957536,817.7033525999868,817.7102461999748,817.7102461999748,818.7005888999556,stimuli/box_coin_transparent.png,7.842670999991242,7.842720599961467,818.7007251000032,818.7164066999685,820.2156254999572,820.1997764999978,9.341848199954256,0.4402195999864489,None,,,,,,,,,,,,,,,,,,390092,right,yes,None,2025-05-06_11h49.00.376,RL_out-of-scanner,2024.2.4,60.038352505050334,2025-05-06 11h49.09.092266 -0700,
2,0,2,,,,,,,space,2.782220499997493,None,5,0.7238782999920659,None,9.344425199960824,k,None,10.04303559998516,10.043496599944774,11.04082469997229,11.040880499989726,12.056062099989504,12.056116899999324,15.070504399947822,0.67124379996676,None,,,,,,,2,0,2,0,2,0,2,0,820.2156254999572,,,,,,,,,,,,,,,,,,,,,,,,,,,,,,,,,,,,,,,,,,,,,,,,,,,,,,,,9.344425199960824,820.2024514999939,820.2156254999572,820.2156254999572,820.2156254999572,820.2156254999572,820.9008784999605,k,right,1,13,2,6,77,2,None,10.04303559998516,10.043496599944774,820.9015076999785,820.9153546000016,820.9153546000016,821.9237140999758,821.9237140999758,821.8987109999871,11.04082469997229,11.040880499989726,821.916459799977,821.9237140999758,821.9237140999758,822.9139848999912,stimuli/box_coin_transparent.png,12.056062099989504,12.056116899999324,822.9141206999775,822.9298852999927,825.9446878999588,825.9284318999853,15.070504399947822,0.67124379996676,None,,,,,,,,,,,,,,,,,,390092,right,yes,None,2025-05-06_11h49.00.376,RL_out-of-scanner,2024.2.4,60.038352505050334,2025-05-06 11h49.09.092266 -0700,
3,0,3,,,,,,,space,2.782220499997493,None,5,0.7238782999920659,None,15.073109099990688,k,None,15.488613999972586,15.489025999966543,17.502566799987108,17.502623999956995,18.5174960999866,18.51755079999566,19.51690339995548,0.3862290999968536,None,,,,,,,2,0,2,0,3,0,3,0,825.9446878999588,,,,,,,,,,,,,,,,,,,,,,,,,,,,,,,,,,,,,,,,,,,,,,,,,,,,,,,,15.073109099990688,825.93113729998,825.9446878999588,825.9446878999588,825.9446878999588,825.9446878999588,826.3464248999953,k,right,1,13,3,6,78,3,None,15.488613999972586,15.489025999966543,826.3470343999797,826.3608101999853,826.3608101999853,828.3852808999945,828.3852808999945,828.3604567999719,17.502566799987108,17.502623999956995,828.3779183999868,828.3852808999945,828.3852808999945,829.3754182999837,stimuli/box_coin_transparent.png,18.5174960999866,18.51755079999566,829.3755549999769,829.3914119999972,830.3914261999889,830.3748313999968,19.51690339995548,0.3862290999968536,None,,,,,,,,,,,,,,,,,,390092,right,yes,None,2025-05-06_11h49.00.376,RL_out-of-scanner,2024.2.4,60.038352505050334,2025-05-06 11h49.09.092266 -0700,
4,0,4,,,,,,,space,2.782220499997493,None,5,0.7238782999920659,None,19.519381499965675,k,None,20.05181829998037,20.052229399967473,21.06663319998188,21.0666897999472,22.081469799974002,22.08151779999025,24.596123899973463,0.5112199999857694,None,,,,,,,2,0,2,0,4,0,4,0,830.3914261999889,,,,,,,,,,,,,,,,,,,,,,,,,,,,,,,,,,,,,,,,,,,,,,,,,,,,,,,,19.519381499965675,830.3774059999851,830.3914261999889,830.3914261999889,830.3914261999889,830.3914261999889,830.9096607000101,k,right,1,13,4,6,79,4,None,20.05181829998037,20.052229399967473,830.9102393999929,830.9243278999929,830.9243278999929,831.9492867999943,831.9492867999943,831.9245249999803,21.06663319998188,21.0666897999472,831.9419981999672,831.9492867999943,831.9492867999943,832.9393923999742,stimuli/box_coin_transparent.png,22.081469799974002,22.08151779999025,832.9395209999639,832.955188699998,835.4702160999877,835.4540504000033,24.596123899973463,0.5112199999857694,None,,,,,,,,,,,,,,,,,,390092,right,yes,None,2025-05-06_11h49.00.376,RL_out-of-scanner,2024.2.4,60.038352505050334,2025-05-06 11h49.09.092266 -0700,
5,0,5,,,,,,,space,2.782220499997493,None,5,0.7238782999920659,None,24.598699999973178,k,None,25.36386779998429,25.364270799967926,28.876681699999608,28.87673859996721,29.891526499995962,29.891576799971517,31.90748499997426,0.7467968999990262,None,,,,,,,2,0,2,0,5,0,5,0,835.4702160999877,,,,,,,,,,,,,,,,,,,,,,,,,,,,,,,,,,,,,,,,,,,,,,,,,,,,,,,,24.598699999973178,835.4567281999625,835.4702160999877,835.4702160999877,835.4702160999877,835.4702160999877,836.2217105999589,k,right,0,13,4,6,80,4,None,25.36386779998429,25.364270799967926,836.2222801999887,836.2369513000012,836.2369513000012,839.7563664999907,839.7563664999907,839.7345676000114,28.876681699999608,28.87673859996721,839.7487078999984,839.7563664999907,839.7563664999907,840.7494469999801,stimuli/box_empty_transparent.png,29.891526499995962,29.891576799971517,840.7496036000084,840.7660088000121,842.781191899965,842.7654148999718,31.90748499997426,0.7467968999990262,None,,,,,,,,,,,,,,,,,,390092,right,yes,None,2025-05-06_11h49.00.376,RL_out-of-scanner,2024.2.4,60.038352505050334,2025-05-06 11h49.09.092266 -0700,
6,0,6,,,,,,,space,2.782220499997493,None,5,0.7238782999920659,None,31.910065699950792,k,None,32.22537049994571,32.2257725999807,33.223289099987596,33.223344400001224,34.23835229995893,34.23840029997518,35.237669299996924,0.29937870003050193,None,,,,,,,2,0,2,0,6,0,6,0,842.781191899965,,,,,,,,,,,,,,,,,,,,,,,,,,,,,,,,,,,,,,,,,,,,,,,,,,,,,,,,31.910065699950792,842.7680894999648,842.781191899965,842.781191899965,842.781191899965,842.781191899965,843.0832110999618,k,right,1,13,5,6,81,5,None,32.22537049994571,32.2257725999807,843.0837814999977,843.0978240999975,843.0978240999975,844.1064810999669,844.1064810999669,844.0811744999955,33.223289099987596,33.223344400001224,844.0986414999934,844.1064810999669,844.1064810999669,845.096276199969,stimuli/box_coin_transparent.png,34.23835229995893,34.23840029997518,845.0964038000093,845.112288400007,846.1118343999842,846.0955983999884,35.237669299996924,0.29937870003050193,None,,,,,,,,,,,,,,,,,,390092,right,yes,None,2025-05-06_11h49.00.376,RL_out-of-scanner,2024.2.4,60.038352505050334,2025-05-06 11h49.09.092266 -0700,
7,0,7,,,,,,,space,2.782220499997493,None,5,0.7238782999920659,None,35.240287699969485,None,None,36.75299259996973,36.753105699957814,38.76802239997778,38.76805489999242,39.78365929995198,39.783713799959514,41.799037599994335,,,,,,,,,2,0,2,0,7,0,7,0,846.1118343999842,,,,,,,,,,,,,,,,,,,,,,,,,,,,,,,,,,,,,,,,,,,,,,,,,,,,,,,,35.240287699969485,846.0983175999718,846.1118343999842,846.1118343999842,846.1118343999842,846.1118343999842,847.6108578999992,None,right,1,13,5,6,81,5,None,36.75299259996973,36.753105699957814,847.6111080999835,847.6272537999903,847.6272537999903,849.6428234999767,849.6428234999767,849.6259456999833,38.76802239997778,38.76805489999242,849.6346209999756,849.6428234999767,849.6428234999767,850.6415548999794,no selection made,39.78365929995198,39.783713799959514,850.6417194000096,850.6577983999741,852.6734228999703,852.6569641999668,41.799037599994335,,,,,,,,,,,,,,,,,,,,390092,right,yes,None,2025-05-06_11h49.00.376,RL_out-of-scanner,2024.2.4,60.038352505050334,2025-05-06 11h49.09.092266 -0700,
8,0,8,,,,,,,space,2.782220499997493,None,5,0.7238782999920659,None,41.80153919995064,k,None,42.25016539997887,42.2505709999823,45.26336209999863,45.263419699971564,46.278699499962386,46.27875339996535,47.79478849994484,0.4223018999909982,None,,,,,,,2,0,2,0,8,0,8,0,852.6734228999703,,,,,,,,,,,,,,,,,,,,,,,,,,,,,,,,,,,,,,,,,,,,,,,,,,,,,,,,41.80153919995064,852.6595677000005,852.6734228999703,852.6734228999703,852.6734228999703,852.6734228999703,853.1080088999588,k,right,1,13,6,6,82,6,None,42.25016539997887,42.2505709999823,853.1085829999647,853.1230071999598,853.1230071999598,856.1459536000038,856.1459536000038,856.1212535999948,45.26336209999863,45.263419699971564,856.1385185999679,856.1459536000038,856.1459536000038,857.1366229999694,stimuli/box_coin_transparent.png,46.278699499962386,46.27875339996535,857.1367568999995,857.1527730000089,858.668480399996,858.6527172999922,47.79478849994484,0.4223018999909982,None,,,,,,,,,,,,,,,,,,390092,right,yes,None,2025-05-06_11h49.00.376,RL_out-of-scanner,2024.2.4,60.038352505050334,2025-05-06 11h49.09.092266 -0700,
9,0,9,,,,,,,space,2.782220499997493,None,5,0.7238782999920659,None,47.79727909999201,k,None,48.42900689999806,48.42940959997941,49.94319469999755,49.94325269997353,50.958441099966876,50.95849089999683,52.973461199959274,0.6095915000187233,None,,,,,,,2,0,2,0,9,0,9,0,858.668480399996,,,,,,,,,,,,,,,,,,,,,,,,,,,,,,,,,,,,,,,,,,,,,,,,,,,,,,,,47.79727909999201,858.6553015999962,858.668480399996,858.668480399996,858.668480399996,858.668480399996,859.2868498999742,k,right,0,13,6,6,83,6,None,48.42900689999806,48.42940959997941,859.2874178999919,859.3013894999749,859.3013894999749,860.8220925999922,860.8220925999922,860.8010841999785,49.94319469999755,49.94325269997353,860.814922599995,860.8220925999922,860.8220925999922,861.8163621999556,stimuli/box_empty_transparent.png,50.958441099966876,50.95849089999683,861.8165176999755,861.8320025999565,863.8474833999644,863.8313898000051,52.973461199959274,0.6095915000187233,None,,,,,,,,,,,,,,,,,,390092,right,yes,None,2025-05-06_11h49.00.376,RL_out-of-scanner,2024.2.4,60.038352505050334,2025-05-06 11h49.09.092266 -0700,
10,0,10,,,,,,,space,2.782220499997493,None,5,0.7238782999920659,None,52.97592779999832,k,None,53.85766139999032,53.858058999991044,55.37262239999836,55.37267679994693,56.387223199999426,56.38727349997498,57.403479099972174,0.8548377999686636,None,,,,,,,2,0,2,0,10,0,10,0,863.8474833999644,,,,,,,,,,,,,,,,,,,,,,,,,,,,,,,,,,,,,,,,,,,,,,,,,,,,,,,,52.97592779999832,863.8339510000078,863.8474833999644,863.8474833999644,863.8474833999644,863.8474833999644,864.7154746999731,k,right,0,13,6,6,84,6,None,53.85766139999032,53.858058999991044,864.7160673000035,864.7302368999808,864.7302368999808,866.2521938999998,866.2521938999998,866.2305113999755,55.37262239999836,55.37267679994693,866.245253400004,866.2521938999998,866.2521938999998,867.2451385000022,stimuli/box_empty_transparent.png,56.387223199999426,56.38727349997498,867.2452779999585,867.2613364999997,868.2774001999642,868.2614042999921,57.403479099972174,0.8548377999686636,None,,,,,,,,,,,,,,,,,,390092,right,yes,None,2025-05-06_11h49.00.376,RL_out-of-scanner,2024.2.4,60.038352505050334,2025-05-06 11h49.09.092266 -0700,
11,0,11,,,,,,,space,2.782220499997493,None,5,0.7238782999920659,None,57.40655559999868,k,None,57.97119459998794,57.97165269998368,59.985184899996966,59.985221199982334,61.00028919999022,61.000340799975675,62.51602919999277,0.5345807999838144,None,,,,,,,2,0,2,0,11,0,11,0,868.2774001999642,,,,,,,,,,,,,,,,,,,,,,,,,,,,,,,,,,,,,,,,,,,,,,,,,,,,,,,,57.40655559999868,868.2645927999984,868.2774001999642,868.2774001999642,868.2774001999642,868.2774001999642,868.8290293999598,k,right,1,13,7,6,85,7,None,57.97119459998794,57.97165269998368,868.8296664999798,868.8437867999892,868.8437867999892,870.8673803999554,870.8673803999554,870.843100500002,59.985184899996966,59.985221199982334,870.8604159000097,870.8673803999554,870.8673803999554,871.8582121999934,stimuli/box_coin_transparent.png,61.00028919999022,61.000340799975675,871.8583450999577,871.8744559999905,873.3902565999888,873.373954300012,62.51602919999277,0.5345807999838144,None,,,,,,,,,,,,,,,,,,390092,right,yes,None,2025-05-06_11h49.00.376,RL_out-of-scanner,2024.2.4,60.038352505050334,2025-05-06 11h49.09.092266 -0700,
12,0,12,,,,,,,space,2.782220499997493,None,5,0.7238782999920659,None,62.518784799962305,k,None,63.333749099983834,63.334150399954524,64.3482600999996,64.34831529995427,65.36377089994494,65.36382339999545,68.37768769997638,0.7985900000203401,None,,,,,,,2,0,2,0,12,0,12,0,873.3902565999888,,,,,,,,,,,,,,,,,,,,,,,,,,,,,,,,,,,,,,,,,,,,,,,,,,,,,,,,62.518784799962305,873.3768166999798,873.3902565999888,873.3902565999888,873.3902565999888,873.3902565999888,874.1915914999554,k,right,1,13,8,6,86,8,None,63.333749099983834,63.334150399954524,874.1921593999723,874.2065347000025,874.2065347000025,875.2309815000044,875.2309815000044,875.2061524000019,64.3482600999996,64.34831529995427,875.2236962000025,875.2309815000044,875.2309815000044,876.2216944000102,stimuli/box_coin_transparent.png,65.36377089994494,65.36382339999545,876.2218273999752,876.2374103000038,879.2519155999762,879.2356168999686,68.37768769997638,0.7985900000203401,None,,,,,,,,,,,,,,,,,,390092,right,yes,None,2025-05-06_11h49.00.376,RL_out-of-scanner,2024.2.4,60.038352505050334,2025-05-06 11h49.09.092266 -0700,
13,0,13,,,,,,,space,2.782220499997493,None,5,0.7238782999920659,None,68.38018089998513,k,None,69.3783962999587,69.37879229994724,69.87720049999189,69.87725809996482,70.89245719998144,70.89254589995835,72.90737029997399,0.9743992000003345,None,,,,,,,2,0,2,0,13,0,13,0,879.2519155999762,,,,,,,,,,,,,,,,,,,,,,,,,,,,,,,,,,,,,,,,,,,,,,,,,,,,,,,,68.38018089998513,879.2382099999813,879.2519155999762,879.2519155999762,879.2519155999762,879.2519155999762,880.2362317999941,k,right,1,13,9,6,87,9,None,69.3783962999587,69.37879229994724,880.2368011999642,880.2512254999601,880.2512254999601,880.7605125000118,880.7605125000118,880.735088699963,69.87720049999189,69.87725809996482,880.7525656999787,880.7605125000118,880.7605125000118,881.7503803999862,stimuli/box_coin_transparent.png,70.89245719998144,70.89254589995835,881.7505786999827,881.7665458999691,883.7817608999903,883.76529999997,72.90737029997399,0.9743992000003345,None,,,,,,,,,,,,,,,,,,390092,right,yes,None,2025-05-06_11h49.00.376,RL_out-of-scanner,2024.2.4,60.038352505050334,2025-05-06 11h49.09.092266 -0700,
14,0,14,,,,,,,space,2.782220499997493,None,5,0.7238782999920659,None,72.91010309994454,k,None,73.64234639995266,73.64280169998528,75.15634819999104,75.15640569996322,76.17182009998942,76.17187089996878,77.18761569994967,0.7091969999601133,None,,,,,,,2,0,2,0,14,0,14,0,883.7817608999903,,,,,,,,,,,,,,,,,,,,,,,,,,,,,,,,,,,,,,,,,,,,,,,,,,,,,,,,72.91010309994454,883.7681309999898,883.7817608999903,883.7817608999903,883.7817608999903,883.7817608999903,884.5001867999672,k,right,1,13,10,6,88,10,None,73.64234639995266,73.64280169998528,884.5008127999608,884.514491799986,884.514491799986,886.0386331999907,886.0386331999907,886.0142367999651,75.15634819999104,75.15640569996322,886.031438999984,886.0386331999907,886.0386331999907,887.0297411999782,stimuli/box_coin_transparent.png,76.17182009998942,76.17187089996878,887.0298749000067,887.0453719999641,888.0615147000062,888.0455453000031,77.18761569994967,0.7091969999601133,None,,,,,,,,,,,,,,,,,,390092,right,yes,None,2025-05-06_11h49.00.376,RL_out-of-scanner,2024.2.4,60.038352505050334,2025-05-06 11h49.09.092266 -0700,
15,0,15,,,,,,,space,2.782220499997493,None,5,0.7238782999920659,None,77.19007489999058,k,None,78.67160999996122,78.67201539996313,79.66951819998212,79.66957549995277,80.68441459996393,80.68446789996233,82.69998639996629,1.4593444999773055,None,,,,,,,2,0,2,0,15,0,15,0,888.0615147000062,,,,,,,,,,,,,,,,,,,,,,,,,,,,,,,,,,,,,,,,,,,,,,,,,,,,,,,,77.19007489999058,888.0481361999991,888.0615147000062,888.0615147000062,888.0615147000062,888.0615147000062,889.5294484999613,k,right,1,13,11,6,89,11,None,78.67160999996122,78.67201539996313,889.5300344999996,889.544150199974,889.544150199974,890.5524159999914,890.5524159999914,890.5274040999939,79.66951819998212,79.66957549995277,890.5449358999613,890.5524159999914,890.5524159999914,891.5423386999755,stimuli/box_coin_transparent.png,80.68441459996393,80.68446789996233,891.5424716999987,891.5586052999715,893.5740786999813,893.5579152999562,82.69998639996629,1.4593444999773055,None,,,,,,,,,,,,,,,,,,390092,right,yes,None,2025-05-06_11h49.00.376,RL_out-of-scanner,2024.2.4,60.038352505050334,2025-05-06 11h49.09.092266 -0700,
16,0,16,,,,,,,space,2.782220499997493,None,5,0.7238782999920659,None,82.70254499994917,k,None,83.2346067999606,83.2350129999686,85.24807619996136,85.2481311999727,86.2635248999577,86.26357599999756,87.26279629999772,0.5038300000014715,None,,,,,,,2,0,2,0,16,0,16,0,893.5740786999813,,,,,,,,,,,,,,,,,,,,,,,,,,,,,,,,,,,,,,,,,,,,,,,,,,,,,,,,82.70254499994917,893.5605701999739,893.5740786999813,893.5740786999813,893.5740786999813,893.5740786999813,894.0924488999881,k,right,1,13,12,6,90,12,None,83.2346067999606,83.2350129999686,894.0930235999986,894.1069720999803,894.1069720999803,896.1310720999609,896.1310720999609,896.1059710999834,85.24807619996136,85.2481311999727,896.1240434999927,896.1310720999609,896.1310720999609,897.1214468000107,stimuli/box_coin_transparent.png,86.2635248999577,86.26357599999756,897.1215797999757,897.1373856999562,898.1368396999897,898.1207246999838,87.26279629999772,0.5038300000014715,None,,,,,,,,,,,,,,,,,,390092,right,yes,None,2025-05-06_11h49.00.376,RL_out-of-scanner,2024.2.4,60.038352505050334,2025-05-06 11h49.09.092266 -0700,
17,0,17,,,,,,,space,2.782220499997493,None,5,0.7238782999920659,None,87.26559769996675,k,['k'],88.16408699995372,88.16449009999633,89.16204709996236,89.16210169997066,90.1769159999676,90.17696369998157,91.17637459997786,0.8763845000066794,None,[0.43324870005017146],[0.08545449998928234],,,,,2,0,2,0,17,0,17,0,898.1368396999897,,,,,,,,,,,,,,,,,,,,,,,,,,,,,,,,,,,,,,,,,,,,,,,,,,,,,,,,87.26559769996675,898.1236268999637,898.1368396999897,898.1368396999897,898.1368396999897,898.1368396999897,899.0218751999782,k,right,1,13,13,6,91,13,['k'],88.16408699995372,88.16449009999633,899.0224991999567,899.0364894999657,899.0364894999657,900.0443085999577,900.0443085999577,900.0199349999893,89.16204709996236,89.16210169997066,900.0370831000037,900.0443085999577,900.0443085999577,901.0348353000009,stimuli/box_coin_transparent.png,90.1769159999676,90.17696369998157,901.034963699989,901.0509870999958,902.0507269999944,902.0343030999647,91.17637459997786,0.8763845000066794,None,[0.43324870005017146],[0.08545449998928234],,,,,,,,,,,,,,,,390092,right,yes,None,2025-05-06_11h49.00.376,RL_out-of-scanner,2024.2.4,60.038352505050334,2025-05-06 11h49.09.092266 -0700,
18,0,18,,,,,,,space,2.782220499997493,None,5,0.7238782999920659,None,91.17898099997547,k,None,91.66103819996351,91.66144080000231,95.17371309996815,95.17376869998407,96.18895979999797,96.1890138000017,98.20428549998906,0.4503197000012733,None,,,,,,,2,0,2,0,18,0,18,0,902.0507269999944,,,,,,,,,,,,,,,,,,,,,,,,,,,,,,,,,,,,,,,,,,,,,,,,,,,,,,,,91.17898099997547,902.0370036999811,902.0507269999944,902.0507269999944,902.0507269999944,902.0507269999944,902.5188825000077,k,left,1,7,0,7,91,13,None,91.66103819996351,91.66144080000231,902.5194495999604,902.5334607000113,902.5334607000113,906.0533676999621,906.0533676999621,906.0316049999674,95.17371309996815,95.17376869998407,906.0458300999599,906.0533676999621,906.0533676999621,907.046881199989,stimuli/box_empty_transparent.png,96.18895979999797,96.1890138000017,907.0470171999768,907.0633524999721,909.0783187999623,909.0622139999759,98.20428549998906,0.4503197000012733,None,,,,,,,,,,,,,,,,,,390092,right,yes,None,2025-05-06_11h49.00.376,RL_out-of-scanner,2024.2.4,60.038352505050334,2025-05-06 11h49.09.092266 -0700,
19,0,19,,,,,,,space,2.782220499997493,None,5,0.7238782999920659,None,98.20690509997075,k,None,98.72288439999102,98.72328539995942,99.7202831999748,99.72034079994773,100.73512099997606,100.73516919999383,102.25070509995567,0.4976708999602124,None,,,,,,,2,0,2,0,19,0,19,0,909.0783187999623,,,,,,,,,,,,,,,,,,,,,,,,,,,,,,,,,,,,,,,,,,,,,,,,,,,,,,,,98.20690509997075,909.0649329999578,909.0783187999623,909.0783187999623,909.0783187999623,909.0783187999623,909.5807252000086,k,left,1,7,0,7,91,13,None,98.72288439999102,98.72328539995942,909.5812950999825,909.5945151000051,909.5945151000051,910.5995325999684,910.5995325999684,910.5781744999695,99.7202831999748,99.72034079994773,910.5923076999607,910.5995325999684,910.5995325999684,911.59304409998,stimuli/box_empty_transparent.png,100.73512099997606,100.73516919999383,911.5931730999728,911.6092514999909,913.1252009999589,913.1086345000076,102.25070509995567,0.4976708999602124,None,,,,,,,,,,,,,,,,,,390092,right,yes,None,2025-05-06_11h49.00.376,RL_out-of-scanner,2024.2.4,60.038352505050334,2025-05-06 11h49.09.092266 -0700,
20,0,20,,,,,,,space,2.782220499997493,None,5,0.7238782999920659,None,102.25346539996099,j,None,102.71933299995726,102.71979730000021,104.73296489997301,104.73302319995128,105.74782529997174,105.74787419999484,107.7629243999836,0.44138650002423674,None,,,,,,,2,0,2,0,20,0,20,0,913.1252009999589,,,,,,,,,,,,,,,,,,,,,,,,,,,,,,,,,,,,,,,,,,,,,,,,,,,,,,,,102.25346539996099,913.1114950999618,913.1252009999589,913.1252009999589,913.1252009999589,913.1252009999589,913.5771725999657,j,left,1,7,1,7,92,14,None,102.71933299995726,102.71979730000021,913.5778225999675,913.591381999955,913.591381999955,915.6156420999905,915.6156420999905,915.590854799957,104.73296489997301,104.73302319995128,915.6084320999798,915.6156420999905,915.6156420999905,916.605748699978,stimuli/box_coin_transparent.png,105.74782529997174,105.74787419999484,916.6058790999814,916.6216715999763,918.6373356999829,918.6208535999758,107.7629243999836,0.44138650002423674,None,,,,,,,,,,,,,,,,,,390092,right,yes,None,2025-05-06_11h49.00.376,RL_out-of-scanner,2024.2.4,60.038352505050334,2025-05-06 11h49.09.092266 -0700,
21,0,21,,,,,,,space,2.782220499997493,None,5,0.7238782999920659,None,107.76536199997645,None,None,109.26284219999798,109.26295759994537,112.27734879998025,112.27739829994971,113.29192079999484,113.29197539994493,114.79120799998054,,,,,,,,,2,0,2,0,21,0,21,0,918.6373356999829,,,,,,,,,,,,,,,,,,,,,,,,,,,,,,,,,,,,,,,,,,,,,,,,,,,,,,,,107.76536199997645,918.6233843999798,918.6373356999829,918.6373356999829,918.6373356999829,918.6373356999829,920.1207002999727,None,left,1,7,1,7,92,14,None,109.26284219999798,109.26295759994537,920.1209639000008,920.1362816999899,920.1362816999899,923.1569260999677,923.1569260999677,923.1352380999597,112.27734879998025,112.27739829994971,923.149555699958,923.1569260999677,923.1569260999677,924.1498403999722,no selection made,113.29192079999484,113.29197539994493,924.1499761999585,924.1659268999938,925.6653837999911,925.649135399959,114.79120799998054,,,,,,,,,,,,,,920.1362816999899,920.1362816999899,920.1362816999899,920.1362816999899,,,390092,right,yes,None,2025-05-06_11h49.00.376,RL_out-of-scanner,2024.2.4,60.038352505050334,2025-05-06 11h49.09.092266 -0700,
22,0,22,,,,,,,space,2.782220499997493,None,5,0.7238782999920659,None,114.79379189998144,j,['j'],115.89200239995262,115.89246079995064,117.40599109994946,117.40604439994786,118.42111649998697,118.42116999998689,120.43663729995023,1.0705762999714352,None,[0.3326929999748245],[0.09049879998201504],,,,,2,0,2,0,22,0,22,0,925.6653837999911,,,,,,,,,,,,,,,,,,,,,,,,,,,,,,,,,,,,,,,,,,,,,,,,,,,,,,,,114.79379189998144,925.6518172000069,925.6653837999911,925.6653837999911,925.6653837999911,925.6653837999911,926.7497901999741,j,left,1,7,2,7,93,15,['j'],115.89200239995262,115.89246079995064,926.7504734999966,926.7643963999581,926.7643963999581,928.288006799994,928.288006799994,928.26388340001,117.40599109994946,117.40604439994786,928.2811817000038,928.288006799994,928.288006799994,929.2790356999612,stimuli/box_coin_transparent.png,118.42111649998697,118.42116999998689,929.2791695999913,929.2950535999844,931.3103307999554,931.2945649999892,120.43663729995023,1.0705762999714352,None,[0.3326929999748245],[0.09049879998201504],,,,,,,,,,,,,,,,390092,right,yes,None,2025-05-06_11h49.00.376,RL_out-of-scanner,2024.2.4,60.038352505050334,2025-05-06 11h49.09.092266 -0700,
23,0,23,,,,,,,space,2.782220499997493,None,5,0.7238782999920659,None,120.43940949998796,j,None,120.93822559999535,120.93869359995006,122.45185269997455,122.45190669997828,123.46730179997394,123.46735229995102,124.98288799996953,0.4719040000345558,None,,,,,,,2,0,2,0,23,0,23,0,931.3103307999554,,,,,,,,,,,,,,,,,,,,,,,,,,,,,,,,,,,,,,,,,,,,,,,,,,,,,,,,120.43940949998796,931.2974422999541,931.3103307999554,931.3103307999554,931.3103307999554,931.3103307999554,931.7960236999788,j,left,1,7,3,7,94,16,None,120.93822559999535,120.93869359995006,931.7967045999831,931.8105400999775,931.8105400999775,933.3337386999629,933.3337386999629,933.3097449999768,122.45185269997455,122.45190669997828,933.3269377999823,933.3337386999629,933.3337386999629,934.3252195999958,stimuli/box_coin_transparent.png,123.46730179997394,123.46735229995102,934.3253576999996,934.3409232999547,935.8570750000072,935.84081590001,124.98288799996953,0.4719040000345558,None,,,,,,,,,,,,,,,,,,390092,right,yes,None,2025-05-06_11h49.00.376,RL_out-of-scanner,2024.2.4,60.038352505050334,2025-05-06 11h49.09.092266 -0700,
24,0,24,,,,,,,space,2.782220499997493,None,5,0.7238782999920659,None,124.98544799996307,j,None,125.51712529995712,125.51744139997754,127.53102059999947,127.53107769996859,128.54636949999258,128.54641839995747,130.0457810999942,0.512109600007534,None,,,,,,,2,0,2,0,24,0,24,0,935.8570750000072,,,,,,,,,,,,,,,,,,,,,,,,,,,,,,,,,,,,,,,,,,,,,,,,,,,,,,,,124.98544799996307,935.8434694999596,935.8570750000072,935.8570750000072,935.8570750000072,935.8570750000072,936.3750080000027,j,left,1,7,4,7,95,17,None,125.51712529995712,125.51744139997754,936.3754375999561,936.389902099967,936.389902099967,938.4128661999712,938.4128661999712,938.3889160999679,127.53102059999947,127.53107769996859,938.4060495999875,938.4128661999712,938.4128661999712,939.4042915999889,stimuli/box_coin_transparent.png,128.54636949999258,128.54641839995747,939.4044393000077,939.4204133999883,940.9194299000083,940.9037110999925,130.0457810999942,0.512109600007534,None,,,,,,,,,,,,,,,,,,390092,right,yes,None,2025-05-06_11h49.00.376,RL_out-of-scanner,2024.2.4,60.038352505050334,2025-05-06 11h49.09.092266 -0700,
25,0,25,,,,,,,space,2.782220499997493,None,5,0.7238782999920659,None,130.04823839996243,j,None,130.74708189995727,130.7475407999591,131.76151909999317,131.7615810999996,132.77670269994996,132.77675209997687,136.2905410999665,0.6828850999590941,None,,,,,,,2,0,2,0,25,0,25,0,940.9194299000083,,,,,,,,,,,,,,,,,,,,,,,,,,,,,,,,,,,,,,,,,,,,,,,,,,,,,,,,130.04823839996243,940.9062596999574,940.9194299000083,940.9194299000083,940.9194299000083,940.9194299000083,941.6049244999886,j,left,0,7,4,7,96,17,None,130.74708189995727,130.7475407999591,941.6055530000012,941.6195355000091,941.6195355000091,942.6406423999579,942.6406423999579,942.6194099999848,131.76151909999317,131.7615810999996,942.6335012000054,942.6406423999579,942.6406423999579,943.6346258000121,stimuli/box_empty_transparent.png,132.77670269994996,132.77675209997687,943.6347554000095,943.6502710999921,947.1645723999827,947.1484695000108,136.2905410999665,0.6828850999590941,None,,,,,,,,,,,,,,,,,,390092,right,yes,None,2025-05-06_11h49.00.376,RL_out-of-scanner,2024.2.4,60.038352505050334,2025-05-06 11h49.09.092266 -0700,
26,0,26,,,,,,,space,2.782220499997493,None,5,0.7238782999920659,None,136.29312249994837,None,['j'],137.79006539995316,137.7902109999559,138.28956089995336,138.28961709997384,139.30453339999076,139.30458199995337,142.8183717999491,,,[1.0161384999519214],[0.08260080002946779],,,,,2,0,2,0,26,0,26,0,947.1645723999827,,,,,,,,,,,,,,,,,,,,,,,,,,,,,,,,,,,,,,,,,,,,,,,,,,,,,,,,136.29312249994837,947.1511450000107,947.1645723999827,947.1645723999827,947.1645723999827,947.1645723999827,948.6478783999919,None,left,0,7,4,7,96,17,['j'],137.79006539995316,137.7902109999559,948.6482149999938,948.6634878999903,948.6634878999903,949.1691091000102,949.1691091000102,949.1474535999587,138.28956089995336,138.28961709997384,949.1619041999802,949.1691091000102,949.1691091000102,950.1624565999955,no selection made,139.30453339999076,139.30458199995337,950.1625833999715,950.1784820999601,953.6926574999816,953.6763019000064,142.8183717999491,,,[1.0161384999519214],[0.08260080002946779],,,,,,,,,,948.6634878999903,948.6634878999903,948.6634878999903,948.6634878999903,,,390092,right,yes,None,2025-05-06_11h49.00.376,RL_out-of-scanner,2024.2.4,60.038352505050334,2025-05-06 11h49.09.092266 -0700,
27,0,27,,,,,,,space,2.782220499997493,None,5,0.7238782999920659,None,142.82082859997172,j,None,143.1205247999751,143.12097969994647,144.6340985999559,144.63413520000177,145.64920699998038,145.64925539999967,146.64926689997083,0.27905939996708184,None,,,,,,,2,0,2,0,27,0,27,0,953.6926574999816,,,,,,,,,,,,,,,,,,,,,,,,,,,,,,,,,,,,,,,,,,,,,,,,,,,,,,,,142.82082859997172,953.6788517999812,953.6926574999816,953.6926574999816,953.6926574999816,953.6926574999816,953.978363799979,j,left,0,7,4,7,97,17,None,143.1205247999751,143.12097969994647,953.9789915999863,953.9926635999582,953.9926635999582,955.5081258999999,955.5081258999999,955.4920132000116,144.6340985999559,144.63413520000177,955.5002679000027,955.5081258999999,955.5081258999999,956.5071301999851,stimuli/box_empty_transparent.png,145.64920699998038,145.64925539999967,956.5072587999748,956.5231728999643,957.5233590999851,957.5071945000091,146.64926689997083,0.27905939996708184,None,,,,,,,,,,,,,,,,,,390092,right,yes,None,2025-05-06_11h49.00.376,RL_out-of-scanner,2024.2.4,60.038352505050334,2025-05-06 11h49.09.092266 -0700,
28,0,28,,,,,,,space,2.782220499997493,None,5,0.7238782999920659,None,146.65185039996868,j,None,146.9341310999589,146.9345833999687,147.93144079996273,147.9314951999695,148.9470997999888,148.947153599991,152.46112009999342,0.2604027999914251,None,,,,,,,2,0,2,0,28,0,28,0,957.5233590999851,,,,,,,,,,,,,,,,,,,,,,,,,,,,,,,,,,,,,,,,,,,,,,,,,,,,,,,,146.65185039996868,957.5098757999949,957.5233590999851,957.5233590999851,957.5233590999851,957.5233590999851,957.7919606000069,j,left,1,7,5,7,98,18,None,146.9341310999589,146.9345833999687,957.7925953000085,957.8060396999936,957.8060396999936,958.8132771999808,958.8132771999808,958.7893350999802,147.93144079996273,147.9314951999695,958.8064750999911,958.8132771999808,958.8132771999808,959.8050224999897,stimuli/box_coin_transparent.png,148.9470997999888,148.947153599991,959.8051579999737,959.8212327999645,963.335558199964,963.3190480999765,152.46112009999342,0.2604027999914251,None,,,,,,,,,,,,,,,,,,390092,right,yes,None,2025-05-06_11h49.00.376,RL_out-of-scanner,2024.2.4,60.038352505050334,2025-05-06 11h49.09.092266 -0700,
29,0,29,,,,,,,space,2.782220499997493,None,5,0.7238782999920659,None,152.46366309997393,j,None,152.9459253999521,152.946389299992,154.95924449997256,154.95929859997705,155.9743195999763,155.97436860000016,156.973950399959,0.46491410001181066,None,,,,,,,2,0,2,0,29,0,29,0,963.335558199964,,,,,,,,,,,,,,,,,,,,,,,,,,,,,,,,,,,,,,,,,,,,,,,,,,,,,,,,152.46366309997393,963.3216880999971,963.335558199964,963.335558199964,963.335558199964,963.335558199964,963.8037650999613,j,left,1,7,6,7,99,19,None,152.9459253999521,152.946389299992,963.8044012999744,963.8180154999718,963.8180154999718,965.8410285999998,965.8410285999998,965.8171382999863,154.95924449997256,154.95929859997705,965.8342690999852,965.8410285999998,965.8410285999998,966.8322430999833,stimuli/box_coin_transparent.png,155.9743195999763,155.97436860000016,966.8323721999768,966.848361100012,967.8481542000081,967.8318765999866,156.973950399959,0.46491410001181066,None,,,,,,,,,,,,,,,,,,390092,right,yes,None,2025-05-06_11h49.00.376,RL_out-of-scanner,2024.2.4,60.038352505050334,2025-05-06 11h49.09.092266 -0700,
30,0,30,,,,,,,space,2.782220499997493,None,5,0.7238782999920659,None,156.97656569996616,j,None,157.3581454999512,157.35858229995938,158.35700369998813,158.3570585999987,159.37189599999692,159.3719451999641,160.3879965999513,0.3612357000238262,None,,,,,,,2,0,2,0,30,0,30,0,967.8481542000081,,,,,,,,,,,,,,,,,,,,,,,,,,,,,,,,,,,,,,,,,,,,,,,,,,,,,,,,156.97656569996616,967.8345993999974,967.8481542000081,967.8481542000081,967.8481542000081,967.8481542000081,968.2159910000046,j,left,0,7,6,7,100,19,None,157.3581454999512,157.35858229995938,968.2165924999863,968.2312112000072,968.2312112000072,969.23658659996,969.23658659996,969.2148945999797,158.35700369998813,158.3570585999987,969.2286825999618,969.23658659996,969.23658659996,970.2298200000077,stimuli/box_empty_transparent.png,159.37189599999692,159.3719451999641,970.2299486999982,970.2461328000063,971.2621622000006,971.2459219999728,160.3879965999513,0.3612357000238262,None,,,,,,,,,,,,,,,,,,390092,right,yes,None,2025-05-06_11h49.00.376,RL_out-of-scanner,2024.2.4,60.038352505050334,2025-05-06 11h49.09.092266 -0700,
31,0,31,,,,,,,space,2.782220499997493,None,5,0.7238782999920659,None,160.39056169998366,j,None,160.9730890999781,160.9735454999609,163.98590390000027,163.98595899995416,165.00091609999072,165.00096829998074,167.51531799999066,0.5580237000249326,None,,,,,,,2,0,2,0,31,0,31,0,971.2621622000006,,,,,,,,,,,,,,,,,,,,,,,,,,,,,,,,,,,,,,,,,,,,,,,,,,,,,,,,160.39056169998366,971.2485866000061,971.2621622000006,971.2621622000006,971.2621622000006,971.2621622000006,971.8309315000079,j,left,1,7,7,7,101,20,None,160.9730890999781,160.9735454999609,971.8315581000061,971.8451751999673,971.8451751999673,974.8688118999708,974.8688118999708,974.843793899985,163.98590390000027,163.98595899995416,974.8613824999775,974.8688118999708,974.8688118999708,975.8588403000031,stimuli/box_coin_transparent.png,165.00091609999072,165.00096829998074,975.8589719999582,975.874877299997,978.3895114999614,978.3732467999798,167.51531799999066,0.5580237000249326,None,,,,,,,,,,,,,,,,,,390092,right,yes,None,2025-05-06_11h49.00.376,RL_out-of-scanner,2024.2.4,60.038352505050334,2025-05-06 11h49.09.092266 -0700,
32,0,32,,,,,,,space,2.782220499997493,None,5,0.7238782999920659,None,167.5177891999483,j,None,167.8840406999807,167.88449789996957,168.89905179996276,168.89910769998096,169.91343749995576,169.91348619997734,170.91264999995474,0.3496014000265859,None,,,,,,,2,0,2,0,32,0,32,0,978.3895114999614,,,,,,,,,,,,,,,,,,,,,,,,,,,,,,,,,,,,,,,,,,,,,,,,,,,,,,,,167.5177891999483,978.3758129999624,978.3895114999614,978.3895114999614,978.3895114999614,978.3895114999614,978.741881599999,j,right,1,15,0,8,101,20,None,167.8840406999807,167.88449789996957,978.7425384999951,978.7568521999638,978.7568521999638,979.7783571999753,979.7783571999753,979.7569336000015,168.89905179996276,168.89910769998096,979.7710169999627,979.7783571999753,979.7783571999753,980.7713595000096,stimuli/box_empty_transparent.png,169.91343749995576,169.91348619997734,980.7714908999624,980.7871741999988,981.7872230999637,981.7705809999607,170.91264999995474,0.3496014000265859,None,,,,,,,,,,,,,,,,,,390092,right,yes,None,2025-05-06_11h49.00.376,RL_out-of-scanner,2024.2.4,60.038352505050334,2025-05-06 11h49.09.092266 -0700,
33,0,33,,,,,,,space,2.782220499997493,None,5,0.7238782999920659,None,170.91512969997711,j,None,171.73004429996945,171.73048279999057,173.74445800000103,173.7445128999534,174.7595381999854,174.75959089997923,176.2587782999617,0.7941646999679506,None,,,,,,,2,0,2,0,33,0,33,0,981.7872230999637,,,,,,,,,,,,,,,,,,,,,,,,,,,,,,,,,,,,,,,,,,,,,,,,,,,,,,,,170.91512969997711,981.7731610999908,981.7872230999637,981.7872230999637,981.7872230999637,981.7872230999637,982.587880600011,j,right,1,15,0,8,101,20,None,171.73004429996945,171.73048279999057,982.5884931999608,982.6033821000019,982.6033821000019,984.623777300003,984.623777300003,984.6023528999649,173.74445800000103,173.7445128999534,984.6165107999695,984.623777300003,984.623777300003,985.6174623999977,stimuli/box_empty_transparent.png,174.7595381999854,174.75959089997923,985.6175957999658,985.6334507999709,987.1328180999844,987.1167064000037,176.2587782999617,0.7941646999679506,None,,,,,,,,,,,,,,,,,,390092,right,yes,None,2025-05-06_11h49.00.376,RL_out-of-scanner,2024.2.4,60.038352505050334,2025-05-06 11h49.09.092266 -0700,
34,0,34,,,,,,,space,2.782220499997493,None,5,0.7238782999920659,None,176.26131779997377,j,None,177.05989089998184,177.06035990000237,180.07311349996598,180.07317389996024,181.08765889995266,181.08772279997356,183.60265989997424,0.767816000035964,None,,,,,,,2,0,2,0,34,0,34,0,987.1328180999844,,,,,,,,,,,,,,,,,,,,,,,,,,,,,,,,,,,,,,,,,,,,,,,,,,,,,,,,176.26131779997377,987.1193422999931,987.1328180999844,987.1328180999844,987.1328180999844,987.1328180999844,987.9177320000017,j,right,1,15,0,8,101,20,None,177.05989089998184,177.06035990000237,987.918375899957,987.9323499999591,987.9323499999591,990.9526695999666,990.9526695999666,990.9309756999719,180.07311349996598,180.07317389996024,990.9451160999597,990.9526695999666,990.9526695999666,991.945582699962,stimuli/box_empty_transparent.png,181.08765889995266,181.08772279997356,991.9457281999639,991.9616095999954,994.4769170999643,994.4605914999847,183.60265989997424,0.767816000035964,None,,,,,,,,,,,,,,,,,,390092,right,yes,None,2025-05-06_11h49.00.376,RL_out-of-scanner,2024.2.4,60.038352505050334,2025-05-06 11h49.09.092266 -0700,
35,0,35,,,,,,,space,2.782220499997493,None,5,0.7238782999920659,None,183.60523979994468,j,None,184.00450669997372,184.00496879999992,185.5183547999477,185.51841079996666,186.53349629999138,186.5335453999578,187.53292789997067,0.37986470002215356,None,,,,,,,2,0,2,0,35,0,35,0,994.4769170999643,,,,,,,,,,,,,,,,,,,,,,,,,,,,,,,,,,,,,,,,,,,,,,,,,,,,,,,,183.60523979994468,994.4632705000113,994.4769170999643,994.4769170999643,994.4769170999643,994.4769170999643,994.8623475999921,j,right,1,15,0,8,101,20,None,184.00450669997372,184.00496879999992,994.8629806999816,994.8766444000066,994.8766444000066,996.3969667999772,996.3969667999772,996.3762470000074,185.5183547999477,185.51841079996666,996.3901021999773,996.3969667999772,996.3969667999772,997.3914183999877,stimuli/box_empty_transparent.png,186.53349629999138,186.5335453999578,997.3915491999942,997.4072909000097,998.4070231000078,998.3908588999766,187.53292789997067,0.37986470002215356,None,,,,,,,,,,,,,,,,,,390092,right,yes,None,2025-05-06_11h49.00.376,RL_out-of-scanner,2024.2.4,60.038352505050334,2025-05-06 11h49.09.092266 -0700,
36,0,36,,,,,,,space,2.782220499997493,None,5,0.7238782999920659,None,187.53551859996514,j,None,188.267315999954,188.2677612999687,189.78149129997473,189.78154820000054,190.79665859998204,190.79671539994888,194.3110976999742,0.7082468000007793,None,,,,,,,2,0,2,0,36,0,36,0,998.4070231000078,,,,,,,,,,,,,,,,,,,,,,,,,,,,,,,,,,,,,,,,,,,,,,,,,,,,,,,,187.53551859996514,998.3935460000066,998.4070231000078,998.4070231000078,998.4070231000078,998.4070231000078,999.1251607000013,j,right,1,15,0,8,101,20,None,188.267315999954,188.2677612999687,999.125774199958,999.1398412999697,999.1398412999697,1000.6609320999705,1000.6609320999705,1000.639381099958,189.78149129997473,189.78154820000054,1000.6536199999973,1000.6609320999705,1000.6609320999705,1001.654581299983,stimuli/box_empty_transparent.png,190.79665859998204,190.79671539994888,1001.6547182999784,1001.6707165999687,1005.1851969999843,1005.1690248000086,194.3110976999742,0.7082468000007793,None,,,,,,,,,,,,,,,,,,390092,right,yes,None,2025-05-06_11h49.00.376,RL_out-of-scanner,2024.2.4,60.038352505050334,2025-05-06 11h49.09.092266 -0700,
37,0,37,,,,,,,space,2.782220499997493,None,5,0.7238782999920659,None,194.3136706999503,k,None,194.64594109996688,194.64637139998376,196.6596001999569,196.6596558999736,197.674778399989,197.67482639994705,198.6904597999528,0.30144929996458814,None,,,,,,,2,0,2,0,37,0,37,0,1005.1851969999843,,,,,,,,,,,,,,,,,,,,,,,,,,,,,,,,,,,,,,,,,,,,,,,,,,,,,,,,194.3136706999503,1005.1716949999682,1005.1851969999843,1005.1851969999843,1005.1851969999843,1005.1851969999843,1005.503782499989,k,right,1,15,1,8,102,21,None,194.64594109996688,194.64637139998376,1005.5043820999563,1005.5182602999848,1005.5182602999848,1007.5423076999723,1007.5423076999723,1007.5174904000014,196.6596001999569,196.6596558999736,1007.5349014999811,1007.5423076999723,1007.5423076999723,1008.532704000012,stimuli/box_coin_transparent.png,197.674778399989,197.67482639994705,1008.5328769999905,1008.5489049999742,1009.5647793000098,1009.5483880999964,198.6904597999528,0.30144929996458814,None,,,,,,,,,,,,,,,,,,390092,right,yes,None,2025-05-06_11h49.00.376,RL_out-of-scanner,2024.2.4,60.038352505050334,2025-05-06 11h49.09.092266 -0700,
38,0,38,,,,,,,space,2.782220499997493,None,5,0.7238782999920659,None,198.69290849997196,None,None,200.19037809997099,200.1904936999781,201.20597109996015,201.20602259994484,202.22117489995435,202.22122509998735,203.7370755999582,,,,,,,,,2,0,2,0,38,0,38,0,1009.5647793000098,,,,,,,,,,,,,,,,,,,,,,,,,,,,,,,,,,,,,,,,,,,,,,,,,,,,,,,,198.69290849997196,1009.5509324999875,1009.5647793000098,1009.5647793000098,1009.5647793000098,1009.5647793000098,1011.0482138000079,None,right,1,15,1,8,102,21,None,200.19037809997099,200.1904936999781,1011.0484960000031,1011.0638180999667,1011.0638180999667,1012.0859447999974,1012.0859447999974,1012.0638657999807,201.20597109996015,201.20602259994484,1012.0788710999768,1012.0859447999974,1012.0859447999974,1013.0790936999838,no selection made,202.22117489995435,202.22122509998735,1013.0792240999872,1013.0953401000006,1014.6112915999838,1014.5950051000109,203.7370755999582,,,,,,,,,,,,,,1011.0638180999667,1011.0638180999667,1011.0638180999667,1011.0638180999667,,,390092,right,yes,None,2025-05-06_11h49.00.376,RL_out-of-scanner,2024.2.4,60.038352505050334,2025-05-06 11h49.09.092266 -0700,
39,0,39,,,,,,,space,2.782220499997493,None,5,0.7238782999920659,None,203.73965499998303,k,None,204.2548347999691,204.2552409999771,205.25264539994532,205.25269959995057,206.2679431999568,206.26799759996356,207.28382029995555,0.4922361999633722,None,,,,,,,2,0,2,0,39,0,39,0,1014.6112915999838,,,,,,,,,,,,,,,,,,,,,,,,,,,,,,,,,,,,,,,,,,,,,,,,,,,,,,,,203.73965499998303,1014.5976780999918,1014.6112915999838,1014.6112915999838,1014.6112915999838,1014.6112915999838,1015.1126743999775,k,right,0,15,1,8,103,21,None,204.2548347999691,204.2552409999771,1015.1132501999964,1015.1270122999558,1015.1270122999558,1016.1312915000017,1016.1312915000017,1016.1105395999621,205.25264539994532,205.25269959995057,1016.1244769999757,1016.1312915000017,1016.1312915000017,1017.1258666999638,stimuli/box_empty_transparent.png,206.2679431999568,206.26799759996356,1017.1260005999939,1017.1422258999664,1018.157535300008,1018.141747799993,207.28382029995555,0.4922361999633722,None,,,,,,,,,,,,,,,,,,390092,right,yes,None,2025-05-06_11h49.00.376,RL_out-of-scanner,2024.2.4,60.038352505050334,2025-05-06 11h49.09.092266 -0700,
40,0,40,,,,,,,space,2.782220499997493,None,5,0.7238782999920659,None,207.2863672999665,k,None,207.95115909999004,207.95156519999728,209.46601539995754,209.46607119997498,210.4813038999564,210.4813535999856,211.48032789997524,0.6398004000075161,None,,,,,,,2,0,2,0,40,0,40,0,1018.157535300008,,,,,,,,,,,,,,,,,,,,,,,,,,,,,,,,,,,,,,,,,,,,,,,,,,,,,,,,207.2863672999665,1018.1443984999787,1018.157535300008,1018.157535300008,1018.157535300008,1018.157535300008,1018.8090040999814,k,right,1,15,2,8,104,22,None,207.95115909999004,207.95156519999728,1018.809573800012,1018.8240851999726,1018.8240851999726,1020.3491461999947,1020.3491461999947,1020.3239114999888,209.46601539995754,209.46607119997498,1020.341992600006,1020.3491461999947,1020.3491461999947,1021.3392256000079,stimuli/box_coin_transparent.png,210.4813038999564,210.4813535999856,1021.3393576999661,1021.3549589999602,1022.3547394999769,1022.3382575999713,211.48032789997524,0.6398004000075161,None,,,,,,,,,,,,,,,,,,390092,right,yes,None,2025-05-06_11h49.00.376,RL_out-of-scanner,2024.2.4,60.038352505050334,2025-05-06 11h49.09.092266 -0700,
41,0,41,,,,,,,space,2.782220499997493,None,5,0.7238782999920659,None,211.4828192999703,k,None,212.0149695999571,212.01522609998938,213.0131398999947,213.0131943000015,214.02827989996877,214.02833069994813,217.04285469994647,0.5028881999896839,None,,,,,,,2,0,2,0,41,0,41,0,1022.3547394999769,,,,,,,,,,,,,,,,,,,,,,,,,,,,,,,,,,,,,,,,,,,,,,,,,,,,,,,,211.4828192999703,1022.3408413999714,1022.3547394999769,1022.3547394999769,1022.3547394999769,1022.3547394999769,1022.872857099981,k,right,1,15,3,8,105,23,None,212.0149695999571,212.01522609998938,1022.8732164999819,1022.8876071999548,1022.8876071999548,1023.896939600003,1023.896939600003,1023.871030499984,213.0131398999947,213.0131943000015,1023.8896420999663,1023.896939600003,1023.896939600003,1024.8862033999758,stimuli/box_coin_transparent.png,214.02827989996877,214.02833069994813,1024.8863349999883,1024.9022671999992,1027.9170422999887,1027.9007831999916,217.04285469994647,0.5028881999896839,None,,,,,,,,,,,,,,,,,,390092,right,yes,None,2025-05-06_11h49.00.376,RL_out-of-scanner,2024.2.4,60.038352505050334,2025-05-06 11h49.09.092266 -0700,
42,0,42,,,,,,,space,2.782220499997493,None,5,0.7238782999920659,None,217.04545839998173,k,None,217.56055039999774,217.56098159996327,219.5747741999803,219.5748313999502,220.58994169998914,220.58998930000234,224.10385199997108,0.48992860002908856,None,,,,,,,2,0,2,0,42,0,42,0,1027.9170422999887,,,,,,,,,,,,,,,,,,,,,,,,,,,,,,,,,,,,,,,,,,,,,,,,,,,,,,,,217.04545839998173,1027.9034818999935,1027.9170422999887,1027.9170422999887,1027.9170422999887,1027.9170422999887,1028.4183788999799,k,right,1,15,4,8,106,24,None,217.56055039999774,217.56098159996327,1028.4189948999556,1028.4332460999722,1028.4332460999722,1030.457355099963,1030.457355099963,1030.432664199965,219.5747741999803,219.5748313999502,1030.4498437999864,1030.457355099963,1030.457355099963,1031.4478634999832,stimuli/box_coin_transparent.png,220.58994169998914,220.58998930000234,1031.447992899979,1031.4638900999562,1034.978185099957,1034.9617799000116,224.10385199997108,0.48992860002908856,None,,,,,,,,,,,,,,,,,,390092,right,yes,None,2025-05-06_11h49.00.376,RL_out-of-scanner,2024.2.4,60.038352505050334,2025-05-06 11h49.09.092266 -0700,
43,0,43,,,,,,,space,2.782220499997493,None,5,0.7238782999920659,None,224.1064772999962,k,None,224.5221386999474,224.5225435999455,225.5363768999814,225.5364319999935,226.55170889996225,226.5517573999823,228.56635879998794,0.3990480999927968,None,,,,,,,2,0,2,0,43,0,43,0,1034.978185099957,,,,,,,,,,,,,,,,,,,,,,,,,,,,,,,,,,,,,,,,,,,,,,,,,,,,,,,,224.1064772999962,1034.9645038999734,1034.978185099957,1034.978185099957,1034.978185099957,1034.978185099957,1035.3799786999589,k,right,1,15,5,8,107,25,None,224.5221386999474,224.5225435999455,1035.3805540999747,1035.3946387000033,1035.3946387000033,1036.419945599977,1036.419945599977,1036.3942709999974,225.5363768999814,225.5364319999935,1036.4123806999996,1036.419945599977,1036.419945599977,1037.4096319999662,stimuli/box_coin_transparent.png,226.55170889996225,226.5517573999823,1037.4097650999902,1037.4258181999903,1039.4409366999753,1039.4242998000118,228.56635879998794,0.3990480999927968,None,,,,,,,,,,,,,,,,,,390092,right,yes,None,2025-05-06_11h49.00.376,RL_out-of-scanner,2024.2.4,60.038352505050334,2025-05-06 11h49.09.092266 -0700,
44,0,44,,,,,,,space,2.782220499997493,None,5,0.7238782999920659,None,228.5682944,None,None,230.08198679995257,230.08209159999387,232.59708069998305,232.59712989995023,233.5972815999994,233.59733269998105,235.61156029999256,,,,,,,,,2,0,2,0,44,0,44,0,1039.4409366999753,,,,,,,,,,,,,,,,,,,,,,,,,,,,,,,,,,,,,,,,,,,,,,,,,,,,,,,,228.5682944,1039.4262951999553,1039.4409366999753,1039.4409366999753,1039.4409366999753,1039.4409366999753,1040.9398546000011,None,right,1,15,5,8,107,25,None,230.08198679995257,230.08209159999387,1040.9400784999598,1040.9561011999613,1040.9561011999613,1043.4715423999587,1043.4715423999587,1043.455000499962,232.59708069998305,232.59712989995023,1043.4638332999893,1043.4715423999587,1043.4715423999587,1044.4552038999973,no selection made,233.5972815999994,233.59733269998105,1044.4553317999816,1044.4700603999663,1046.4855258999742,1046.4694865999627,235.61156029999256,,,,,,,,,,,,1044.4700603999663,1044.4700603999663,,,,,,,390092,right,yes,None,2025-05-06_11h49.00.376,RL_out-of-scanner,2024.2.4,60.038352505050334,2025-05-06 11h49.09.092266 -0700,
45,0,45,,,,,,,space,2.782220499997493,None,5,0.7238782999920659,None,235.61416779999854,k,None,235.93033809994813,235.9307426000014,236.92778759996872,236.9278437999892,237.94270999997389,237.94276009994792,238.94220369996037,0.29957860003924,None,,,,,,,2,0,2,0,45,0,45,0,1046.4855258999742,,,,,,,,,,,,,,,,,,,,,,,,,,,,,,,,,,,,,,,,,,,,,,,,,,,,,,,,235.61416779999854,1046.4721931999666,1046.4855258999742,1046.4855258999742,1046.4855258999742,1046.4855258999742,1046.7881769000087,k,right,1,15,6,8,108,26,None,235.93033809994813,235.9307426000014,1046.7887596999644,1046.8021439999575,1046.8021439999575,1047.8112408999586,1047.8112408999586,1047.7856796999695,236.92778759996872,236.9278437999892,1047.803733000008,1047.8112408999586,1047.8112408999586,1048.8006268999889,stimuli/box_coin_transparent.png,237.94270999997389,237.94276009994792,1048.8007641999866,1048.8163332999684,1049.8163730999804,1049.800132000004,238.94220369996037,0.29957860003924,None,,,,,,,,,,,,,,,,,,390092,right,yes,None,2025-05-06_11h49.00.376,RL_out-of-scanner,2024.2.4,60.038352505050334,2025-05-06 11h49.09.092266 -0700,
46,0,46,,,,,,,space,2.782220499997493,None,5,0.7238782999920659,None,238.94480119994842,None,None,240.4573856999632,240.4574958999874,242.47334219998447,242.47339659999125,243.4880871999776,243.4881412999821,244.48772529995767,,,,,,,,,2,0,2,0,46,0,46,0,1049.8163730999804,,,,,,,,,,,,,,,,,,,,,,,,,,,,,,,,,,,,,,,,,,,,,,,,,,,,,,,,238.94480119994842,1049.8028240999556,1049.8163730999804,1049.8163730999804,1049.8163730999804,1049.8163730999804,1051.3152490999782,None,right,1,15,6,8,108,26,None,240.4573856999632,240.4574958999874,1051.3154981999542,1051.3315148999682,1051.3315148999682,1053.3527709000045,1053.3527709000045,1053.331234799989,242.47334219998447,242.47339659999125,1053.3455264999648,1053.3527709000045,1053.3527709000045,1054.3460046999971,no selection made,243.4880871999776,243.4881412999821,1054.3461401999812,1054.362129999965,1055.3617495999788,1055.345655000012,244.48772529995767,,,,,,,,,,,,,,,,,,,,390092,right,yes,None,2025-05-06_11h49.00.376,RL_out-of-scanner,2024.2.4,60.038352505050334,2025-05-06 11h49.09.092266 -0700,
47,0,47,,,,,,,space,2.782220499997493,None,5,0.7238782999920659,None,244.4904922999558,k,None,245.03913199994713,245.03953459998593,248.05212989996653,248.05218649999006,249.0673937999527,249.06744409998646,250.58325389999663,0.5274937999784015,None,,,,,,,2,0,2,0,47,0,47,0,1055.3617495999788,,,,,,,,,,,,,,,,,,,,,,,,,,,,,,,,,,,,,,,,,,,,,,,,,,,,,,,,244.4904922999558,1055.3485219999566,1055.3617495999788,1055.3617495999788,1055.3617495999788,1055.3617495999788,1055.8969640999567,k,right,0,15,6,8,109,26,None,245.03913199994713,245.03953459998593,1055.8975427999976,1055.9112496000016,1055.9112496000016,1058.9309214999666,1058.9309214999666,1058.9100215999642,248.05212989996653,248.05218649999006,1058.9241521999938,1058.9309214999666,1058.9309214999666,1059.9253163000103,stimuli/box_empty_transparent.png,249.0673937999527,249.06744409998646,1059.925446899957,1059.9410259999568,1061.4572065999964,1061.4411820999812,250.58325389999663,0.5274937999784015,None,,,,,,,,,,,,,,,,,,390092,right,yes,None,2025-05-06_11h49.00.376,RL_out-of-scanner,2024.2.4,60.038352505050334,2025-05-06 11h49.09.092266 -0700,
48,0,48,,,,,,,space,2.782220499997493,None,5,0.7238782999920659,None,250.58571969997138,k,None,250.951148299966,250.95155719999457,252.46483399998397,252.464890299947,253.48012739996193,253.4801776999957,256.99448349996237,0.3382347999722697,None,,,,,,,2,0,2,0,48,0,48,0,1061.4572065999964,,,,,,,,,,,,,,,,,,,,,,,,,,,,,,,,,,,,,,,,,,,,,,,,,,,,,,,,250.58571969997138,1061.4437428999809,1061.4572065999964,1061.4572065999964,1061.4572065999964,1061.4572065999964,1061.8089487999678,k,right,1,15,7,8,110,27,None,250.951148299966,250.95155719999457,1061.8095669999602,1061.8233252000064,1061.8233252000064,1063.3470341999782,1063.3470341999782,1063.3227278999984,252.46483399998397,252.464890299947,1063.3401701999828,1063.3470341999782,1063.3470341999782,1064.3380274999654,stimuli/box_coin_transparent.png,253.48012739996193,253.4801776999957,1064.338181399973,1064.3541797999642,1067.868714399985,1067.8524120000075,256.99448349996237,0.3382347999722697,None,,,,,,,,,,,,,,,,,,390092,right,yes,None,2025-05-06_11h49.00.376,RL_out-of-scanner,2024.2.4,60.038352505050334,2025-05-06 11h49.09.092266 -0700,
49,0,49,,,,,,,space,2.782220499997493,None,5,0.7238782999920659,None,256.9971030000015,k,None,257.4457180999452,257.44622699997853,258.95998139999574,258.9600388999679,259.97485790000064,259.97490759997163,259.9759158999659,0.4274451000383124,None,,,,,,,2,0,2,0,49,0,49,0,1067.868714399985,,,,,,,,,,,,,,,,,,,,,,,,,,,,,,,,,,,,,,,,,,,,,,,,,,,,,,,,256.9971030000015,1067.8551295999787,1067.868714399985,1067.868714399985,1067.868714399985,1067.868714399985,1068.3035590999643,k,right,1,15,8,8,111,28,None,257.4457180999452,257.44622699997853,1068.3042443000013,1068.3184116999619,1068.3184116999619,1069.8428398999968,1069.8428398999968,1069.8178723999881,258.95998139999574,258.9600388999679,1069.8355522999773,1069.8428398999968,1069.8428398999968,1070.8327815000084,stimuli/box_coin_transparent.png,259.97485790000064,259.97490759997163,1070.832910600002,1070.8755497999955,1070.8755497999955,1070.833843600005,259.9759158999659,0.4274451000383124,None,,,,,,,,,,,,,,,,,,390092,right,yes,None,2025-05-06_11h49.00.376,RL_out-of-scanner,2024.2.4,60.038352505050334,2025-05-06 11h49.09.092266 -0700,
2,0,2,,,,,,,space,2.782220499997493,None,5,0.7238782999920659,None,,,,,,,,,,,,,,,,,,,2,0,2,0,,,,,,,,,,,,,,,,,,,,,,,,,,,,,,,,,,,,,,,,,,,,,,,,,,,,,,,,,,,,,,,,,,,,,,,,,,,,,,,,,,,,,,,,,,,,,,,,,,,,,,,1070.8701486999635,1070.8755497999955,1074.8462093999842,1074.8463241999852,1074.8628089999547,1115.829572699964,1115.813945700007,,,,,,,,,390092,right,yes,None,2025-05-06_11h49.00.376,RL_out-of-scanner,2024.2.4,60.038352505050334,2025-05-06 11h49.09.092266 -0700,
,,,,,,,,,,,,,,,,,,,,,,,,,,,,,,,,,,,,,,,,,,,,,,,,,,,,,,,,,,,,,,,,,,,,,,,,,,,,,,,,,,,,,,,,,,,,,,,,,,,,,,,,,,,,,,,,,,,,,,,,,,,,,,,,,,,,,,,,,,,,,,,,,,,,,,,,1115.814119399991,1115.8145192000084,390092,right,yes,None,2025-05-06_11h49.00.376,RL_out-of-scanner,2024.2.4,60.038352505050334,2025-05-06 11h49.09.092266 -0700,
