thisN,thisTrialN,thisRepN,advance_press.keys,advance_press.rt,advance_press.duration,trigger_value.keys,trigger_value.rt,trigger_value.duration,cueOnTime,cue_resp.keys,cue_resp.rt,cue_resp.duration,all_keys.keys,cueOffTime,cueRespOnTime,cueRespOffTime,outcomeOnTime,outcomeOffTime,fixOnTime,fixOffTime,all_keys.rt,all_keys.duration,practice_loop.thisRepN,practice_loop.thisTrialN,practice_loop.thisN,practice_loop.thisIndex,runs.thisRepN,runs.thisTrialN,runs.thisN,runs.thisIndex,trials.thisRepN,trials.thisTrialN,trials.thisN,trials.thisIndex,thisRow.t,notes,prac_dir.started,welcome_text.started,advance_press_pd.started,prac_dir.stopped,advance_press_pd.keys,advance_press_pd.rt,advance_press_pd.duration,summary_instructions.started,summary_text.started,advance_to_runs.started,summary_instructions.stopped,advance_to_runs.keys,advance_to_runs.rt,advance_to_runs.duration,get_ready.started,get_ready_text.started,advance_press.started,get_ready.stopped,runs.advance_press.keys,runs.advance_press.rt,runs.advance_press.duration,scanner_trigger.started,scanner_text.started,trigger_value.started,scanner_trigger.stopped,runs.trigger_value.keys,runs.trigger_value.rt,runs.trigger_value.duration,trials.cueOnTime,cue.started,left_box.started,right_box.started,cue_resp.started,all_keys.started,cue.stopped,trials.cue_resp.keys,trials.cue_resp.rt,trials.cue_resp.duration,good_side,probability_sequence_value,magic_number,num_rewarded,num_switch,total_correct,num_gold_coins,trials.all_keys.keys,trials.cueOffTime,trials.cueRespOnTime,cue_response.started,left_box_response.started,right_box_response.started,left_box_response.stopped,right_box_response.stopped,cue_response.stopped,trials.cueRespOffTime,trials.outcomeOnTime,outcome.started,outcome_left_box.started,outcome_right_box.started,outcome_left_box.stopped,outcome_right_box.stopped,outcome.stopped,outcome_image,trials.outcomeOffTime,trials.fixOnTime,fixation.started,fixation_cross.started,fixation_cross.stopped,fixation.stopped,trials.fixOffTime,left_box.stopped,right_box.stopped,cue_resp.stopped,all_keys.stopped,run_feedback.started,coins_won_text.started,run_feedback.stopped,leftover_time_break.started,fixation_end.started,fixation_end.stopped,leftover_time_break.stopped,trials.all_keys.rt,trials.all_keys.duration,end_exp.started,end_exp.stopped,participant,handedness,practice,restart_from_run,date,expName,psychopyVersion,frameRate,expStart,
,,,,,,,,,,,,,,,,,,,,,,,,,,,,,,,,,,,,,0.026898100040853024,0.03269159980118275,0.03269159980118275,5.022527600172907,j,4.982075100298971,None,,,,,,,,,,,,,,,,,,,,,,,,,,,,,,,,,,,,,,,,,,,,,,,,,,,,,,,,,,,,,,,,,,,,,,,,,,,,,,,333333,right,no,None,2025-05-09_11h25.32.581,RL_out-of-scanner,2024.2.4,59.785477605207106,2025-05-09 11h25.42.933660 -0500,
,,,,,,,,,,,,,,,,,,,,,,,,,,,,,,,,,,,,,,,,,,,,5.022851000074297,5.031266199890524,5.031266199890524,6.516489699948579,j,1.4728902000933886,None,,,,,,,,,,,,,,,,,,,,,,,,,,,,,,,,,,,,,,,,,,,,,,,,,,,,,,,,,,,,,,,,,,,,,,,,333333,right,no,None,2025-05-09_11h25.32.581,RL_out-of-scanner,2024.2.4,59.785477605207106,2025-05-09 11h25.42.933660 -0500,
0,0,0,space,1.8479798999615014,None,5,2.8734221002086997,None,0.0025135003961622715,j,0.7569482997059822,None,None,0.7840742999687791,0.7844973001629114,1.7831736002117395,1.7832188000902534,2.783472300041467,2.783507500309497,4.782658900134265,,,,,,,0,0,0,0,0,0,0,0,11.29773150011897,,,,,,,,,,,,,,,,6.516892999876291,6.531249300111085,6.531249300111085,8.381563500035554,space,1.8479798999615014,None,8.381659499835223,8.397348300088197,8.397348300088197,11.28145070001483,5,2.8734221002086997,None,0.0025135003961622715,11.284043699968606,11.29773150011897,11.29773150011897,11.29773150011897,11.29773150011897,12.065466600004584,j,0.7569482997059822,None,right,1,7,0,0,0,0,None,0.7840742999687791,0.7844973001629114,12.066033199895173,12.081287799868733,12.081287799868733,13.081495800055563,13.081495800055563,13.064618300180882,1.7831736002117395,1.7832188000902534,13.07462040008977,13.081495800055563,13.081495800055563,14.080609600059688,14.080609600059688,14.064946199767292,stimuli/box_empty_transparent.png,2.783472300041467,2.783507500309497,14.065025200136006,14.080609600059688,16.080914500169456,16.064133299980313,4.782658900134265,,,,,,,,,,,,,,,,333333,right,no,None,2025-05-09_11h25.32.581,RL_out-of-scanner,2024.2.4,59.785477605207106,2025-05-09 11h25.42.933660 -0500,
1,0,1,space,1.8479798999615014,None,5,2.8734221002086997,None,4.7844621003605425,k,0.5043831001967192,None,None,5.317317900247872,5.317697500344366,6.8177374000661075,6.817778900265694,7.832866800017655,7.8329015001654625,9.332698800135404,,,,,,,0,0,0,0,1,0,1,0,16.080914500169456,,,,,,,,,,,,,,,,,,,,,,,,,,,,,,4.7844621003605425,16.065995200071484,16.080914500169456,16.080914500169456,16.080914500169456,16.080914500169456,16.59872390003875,k,0.5043831001967192,None,right,1,7,1,0,1,1,None,5.317317900247872,5.317697500344366,16.59923220006749,16.614218699745834,16.614218699745834,18.116030999924988,18.116030999924988,18.09918410005048,6.8177374000661075,6.817778900265694,18.109891700092703,18.116030999924988,18.116030999924988,,,19.11433759983629,stimuli/box_coin_transparent.png,7.832866800017655,7.8329015001654625,19.114424699917436,19.130795099772513,20.630735899787396,20.61417259974405,9.332698800135404,,,,,,,,,,,,,,,,333333,right,no,None,2025-05-09_11h25.32.581,RL_out-of-scanner,2024.2.4,59.785477605207106,2025-05-09 11h25.42.933660 -0500,
2,0,2,space,1.8479798999615014,None,5,2.8734221002086997,None,9.334403099957854,k,0.4587672003544867,None,None,9.817110100295395,9.81738440040499,10.81732500018552,10.81736410036683,11.817597100045532,11.81763460021466,14.815941400360316,,,,,,,0,0,0,0,2,0,2,0,20.630735899787396,,,,,,,,,,,,,,,,,,,,,,,,,,,,,,9.334403099957854,20.615921100135893,20.630735899787396,20.630735899787396,20.630735899787396,20.630735899787396,21.098540999926627,k,0.4587672003544867,None,right,0,7,1,0,2,1,None,9.817110100295395,9.81738440040499,21.098907600156963,21.114102200139314,21.114102200139314,22.115805000066757,22.115805000066757,22.098786000162363,10.81732500018552,10.81736410036683,22.105421099811792,22.115805000066757,22.115805000066757,23.11437529977411,23.11437529977411,23.099068900104612,stimuli/box_empty_transparent.png,11.817597100045532,11.81763460021466,23.099157999735326,23.11437529977411,26.11402860004455,26.097413799725473,14.815941400360316,,,,,,,,,,,,,,,,333333,right,no,None,2025-05-09_11h25.32.581,RL_out-of-scanner,2024.2.4,59.785477605207106,2025-05-09 11h25.42.933660 -0500,
3,0,3,space,1.8479798999615014,None,5,2.8734221002086997,None,14.817791300360113,j,0.3776716999709606,None,None,15.217769300099462,15.218243200331926,17.217298300005496,17.217345300130546,18.217907800339162,18.21794530004263,19.21685770014301,,,,,,,0,0,0,0,3,0,3,0,26.11402860004455,,,,,,,,,,,,,,,,,,,,,,,,,,,,,,14.817791300360113,26.09932090016082,26.11402860004455,26.11402860004455,26.11402860004455,26.11402860004455,26.49916910007596,j,0.3776716999709606,None,right,0,7,1,0,2,1,None,15.217769300099462,15.218243200331926,26.499779399950057,26.51419819984585,26.51419819984585,28.514232899993658,28.514232899993658,28.498749000020325,17.217298300005496,17.217345300130546,28.507367699872702,28.514232899993658,28.514232899993658,29.515036100056022,29.515036100056022,29.49937989981845,stimuli/box_empty_transparent.png,18.217907800339162,18.21794530004263,29.499468899797648,29.515036100056022,30.514999100007117,30.498334100004286,19.21685770014301,,,,,,,,,,,,,,,,333333,right,no,None,2025-05-09_11h25.32.581,RL_out-of-scanner,2024.2.4,59.785477605207106,2025-05-09 11h25.42.933660 -0500,
4,0,4,space,1.8479798999615014,None,5,2.8734221002086997,None,19.21839260030538,k,0.34216649970039725,None,None,19.585015200078487,19.585328600369394,20.583979200106114,20.58401930006221,21.582987200003117,21.58302400028333,24.083284000400454,,,,,,,0,0,0,0,4,0,4,0,30.514999100007117,,,,,,,,,,,,,,,,,,,,,,,,,,,,,,19.21839260030538,30.49991409992799,30.514999100007117,30.514999100007117,30.514999100007117,30.514999100007117,30.866428299807012,k,0.34216649970039725,None,right,1,7,2,0,3,2,None,19.585015200078487,19.585328600369394,30.866854600142688,30.881806700024754,30.881806700024754,31.880913499742746,31.880913499742746,31.865436300169677,20.583979200106114,20.58401930006221,31.875423199962825,31.880913499742746,31.880913499742746,32.87989819981158,32.87989819981158,32.86445889994502,stimuli/box_coin_transparent.png,21.582987200003117,21.58302400028333,32.864548000041395,32.87989819981158,35.38158999988809,35.3647607001476,24.083284000400454,,,,,,,,,,,,,,,,333333,right,no,None,2025-05-09_11h25.32.581,RL_out-of-scanner,2024.2.4,59.785477605207106,2025-05-09 11h25.42.933660 -0500,
5,0,5,space,1.8479798999615014,None,5,2.8734221002086997,None,24.08480289997533,k,0.29821470007300377,None,None,24.400940400082618,24.40119790006429,27.89921130007133,27.899255900178105,28.899943199940026,28.899982300121337,30.8996614003554,,,,,,,0,0,0,0,5,0,5,0,35.38158999988809,,,,,,,,,,,,,,,,,,,,,,,,,,,,,,24.08480289997533,35.36632429994643,35.38158999988809,35.38158999988809,35.38158999988809,35.38158999988809,35.682374499738216,k,0.29821470007300377,None,right,1,7,3,0,4,3,None,24.400940400082618,24.40119790006429,35.68271759990603,35.69763789977878,35.69763789977878,39.19723869999871,39.19723869999871,39.18066400010139,27.89921130007133,27.899255900178105,39.191655700095,39.19723869999871,39.19723869999871,,,40.18140950007364,stimuli/box_coin_transparent.png,28.899943199940026,28.899982300121337,40.181523100007325,40.19801100017503,42.19817649992183,42.18113789986819,30.8996614003554,,,,,,,,,,,,,,,,333333,right,no,None,2025-05-09_11h25.32.581,RL_out-of-scanner,2024.2.4,59.785477605207106,2025-05-09 11h25.42.933660 -0500,
6,0,6,space,1.8479798999615014,None,5,2.8734221002086997,None,30.901230200193822,k,0.5516290999948978,None,None,31.483908500056714,31.48417229996994,32.4824390001595,32.48248260002583,33.498774900101125,33.49881790019572,34.49950010003522,,,,,,,0,0,0,0,6,0,6,0,42.19817649992183,,,,,,,,,,,,,,,,,,,,,,,,,,,,,,30.901230200193822,42.18275179993361,42.19817649992183,42.19817649992183,42.19817649992183,42.19817649992183,42.7653425000608,k,0.5516290999948978,None,right,1,7,4,0,5,4,None,31.483908500056714,31.48417229996994,42.765692099928856,42.78081989986822,42.78081989986822,43.78138849977404,43.78138849977404,43.76389259984717,32.4824390001595,32.48248260002583,43.77563409972936,43.78138849977404,43.78138849977404,,,44.78023819997907,stimuli/box_coin_transparent.png,33.498774900101125,33.49881790019572,44.7803499000147,44.796157899778336,45.797586699947715,45.78097489988431,34.49950010003522,,,,,,,,,,,,,,,,333333,right,no,None,2025-05-09_11h25.32.581,RL_out-of-scanner,2024.2.4,59.785477605207106,2025-05-09 11h25.42.933660 -0500,
7,0,7,space,1.8479798999615014,None,5,2.8734221002086997,None,34.5013263002038,k,0.5981226000003517,None,None,35.11743910005316,35.11776460008696,37.13273179996759,37.13277669996023,38.133252600207925,38.1332928002812,40.13218320021406,,,,,,,0,0,0,0,7,0,7,0,45.797586699947715,,,,,,,,,,,,,,,,,,,,,,,,,,,,,,34.5013263002038,45.782854199875146,45.797586699947715,45.797586699947715,45.797586699947715,45.797586699947715,46.39887409983203,k,0.5981226000003517,None,right,1,7,5,0,6,5,None,35.11743910005316,35.11776460008696,46.3992857998237,46.41470149997622,46.41470149997622,48.430183299817145,48.430183299817145,48.414184499997646,37.13273179996759,37.13277669996023,48.4243699000217,48.430183299817145,48.430183299817145,49.429674100130796,49.429674100130796,49.41471950011328,stimuli/box_coin_transparent.png,38.133252600207925,38.1332928002812,49.414819799829274,49.429674100130796,51.43047889973968,51.413660099729896,40.13218320021406,,,,,,,,,,,,,,,,333333,right,no,None,2025-05-09_11h25.32.581,RL_out-of-scanner,2024.2.4,59.785477605207106,2025-05-09 11h25.42.933660 -0500,
8,0,8,space,1.8479798999615014,None,5,2.8734221002086997,None,40.13368150033057,k,0.26643519988283515,None,None,40.41720120003447,40.41748489998281,43.416955100372434,43.41699369996786,44.41601289995015,44.416048400104046,45.91534820012748,,,,,,,0,0,0,0,8,0,8,0,51.43047889973968,,,,,,,,,,,,,,,,,,,,,,,,,,,,,,40.13368150033057,51.41520379995927,51.43047889973968,51.43047889973968,51.43047889973968,51.43047889973968,51.6986333001405,k,0.26643519988283515,None,right,1,7,6,0,7,6,None,40.41720120003447,40.41748489998281,51.699004699941725,51.71423949999735,51.71423949999735,54.71336229983717,54.71336229983717,54.698411100078374,43.416955100372434,43.41699369996786,54.70815380010754,54.71336229983717,54.71336229983717,55.712773100007325,55.712773100007325,55.69748440012336,stimuli/box_coin_transparent.png,44.41601289995015,44.416048400104046,55.697570899967104,55.712773100007325,57.213157000020146,57.19681920018047,45.91534820012748,,,,,,,,,,,,,,,,333333,right,no,None,2025-05-09_11h25.32.581,RL_out-of-scanner,2024.2.4,59.785477605207106,2025-05-09 11h25.42.933660 -0500,
9,0,9,space,1.8479798999615014,None,5,2.8734221002086997,None,45.91741240024567,k,0.7469875002279878,None,None,46.68347349995747,46.68373610032722,48.18220590008423,48.18224350037053,49.1821926003322,49.182225400116295,51.18197440030053,,,,,,,0,0,0,0,9,0,9,0,57.213157000020146,,,,,,,,,,,,,,,,,,,,,,,,,,,,,,45.91741240024567,57.19894549995661,57.213157000020146,57.213157000020146,57.213157000020146,57.213157000020146,57.96490570018068,k,0.7469875002279878,None,right,1,7,7,0,8,7,None,46.68347349995747,46.68373610032722,57.965256799943745,57.98010740010068,57.98010740010068,59.48026550002396,59.48026550002396,59.46366210002452,48.18220590008423,48.18224350037053,59.473928899969906,59.48026550002396,59.48026550002396,60.47948190011084,60.47948190011084,60.46366639994085,stimuli/box_coin_transparent.png,49.1821926003322,49.182225400116295,60.46374290017411,60.47948190011084,62.47970899986103,62.46344760013744,51.18197440030053,,,,,,,,,,,,,,,,333333,right,no,None,2025-05-09_11h25.32.581,RL_out-of-scanner,2024.2.4,59.785477605207106,2025-05-09 11h25.42.933660 -0500,
10,0,10,space,1.8479798999615014,None,5,2.8734221002086997,None,51.1838173000142,None,,,None,52.682337700389326,52.68241150025278,54.181965900119394,54.182001600041986,55.18168559996411,55.181719300337136,56.18268630001694,,,,,,,0,0,0,0,10,0,10,0,62.47970899986103,,,,,,,,,,,,,,,,,,,,,,,,,,,,,,51.1838173000142,62.46535150008276,62.47970899986103,62.47970899986103,62.47970899986103,62.47970899986103,63.9637808999978,None,,,left,1,8,0,1,8,7,None,52.682337700389326,52.68241150025278,63.963928800076246,63.97971699992195,63.97971699992195,65.48014809982851,65.48014809982851,65.46342260017991,54.181965900119394,54.182001600041986,65.47187520004809,65.48014809982851,65.48014809982851,66.47897640010342,66.47897640010342,66.46315649989992,no selection made,55.18168559996411,55.181719300337136,66.4632345000282,66.47897640010342,67.48068019980565,67.46416290011257,56.18268630001694,63.97971699992195,63.97971699992195,63.97971699992195,63.97971699992195,,,,,,,,,,,,333333,right,no,None,2025-05-09_11h25.32.581,RL_out-of-scanner,2024.2.4,59.785477605207106,2025-05-09 11h25.42.933660 -0500,
11,0,11,space,1.8479798999615014,None,5,2.8734221002086997,None,56.18415000010282,k,0.4455367997288704,None,None,56.65018750028685,56.65044800005853,58.64953069994226,58.649569700006396,59.6483159000054,59.64835310028866,61.14817960001528,,,,,,,0,0,0,0,11,0,11,0,67.48068019980565,,,,,,,,,,,,,,,,,,,,,,,,,,,,,,56.18415000010282,67.46567169995978,67.48068019980565,67.48068019980565,67.48068019980565,67.48068019980565,67.93161559989676,k,0.4455367997288704,None,left,1,8,0,1,8,7,None,56.65018750028685,56.65044800005853,67.93196729989722,67.94737059995532,67.94737059995532,69.94658019999042,69.94658019999042,69.93098609987646,58.64953069994226,58.649569700006396,69.9401003997773,69.94658019999042,69.94658019999042,70.94542790018022,70.94542790018022,70.92978580016643,stimuli/box_empty_transparent.png,59.6483159000054,59.64835310028866,70.92987710004672,70.94542790018022,72.44616949977353,72.42964790016413,61.14817960001528,,,,,,,,,,,,,,,,333333,right,no,None,2025-05-09_11h25.32.581,RL_out-of-scanner,2024.2.4,59.785477605207106,2025-05-09 11h25.42.933660 -0500,
12,0,12,space,1.8479798999615014,None,5,2.8734221002086997,None,61.15032390039414,j,0.530404900200665,None,None,61.69901520013809,61.69947120035067,62.69840270001441,62.698457200080156,63.71483390033245,63.714879900217056,66.71494590025395,,,,,,,0,0,0,0,12,0,12,0,72.44616949977353,,,,,,,,,,,,,,,,,,,,,,,,,,,,,,61.15032390039414,72.43185799987987,72.44616949977353,72.44616949977353,72.44616949977353,72.44616949977353,72.98041700012982,j,0.530404900200665,None,left,1,8,1,1,9,8,None,61.69901520013809,61.69947120035067,72.98101070011035,72.99586150003597,72.99586150003597,73.99859760003164,73.99859760003164,73.97984329983592,62.69840270001441,62.698457200080156,73.99136479990557,73.99859760003164,73.99859760003164,,,74.9962957999669,stimuli/box_coin_transparent.png,63.71483390033245,63.714879900217056,74.99641659995541,75.01197759993374,78.01319169998169,77.99642289988697,66.71494590025395,,,,,,,,,,,,,,,,333333,right,no,None,2025-05-09_11h25.32.581,RL_out-of-scanner,2024.2.4,59.785477605207106,2025-05-09 11h25.42.933660 -0500,
13,0,13,space,1.8479798999615014,None,5,2.8734221002086997,None,66.71640740009025,j,0.45876580011099577,None,None,67.19968950003386,67.20008960040286,67.69911080040038,67.6991508002393,68.6991249001585,68.69916180009022,70.69875039998442,,,,,,,0,0,0,0,13,0,13,0,78.01319169998169,,,,,,,,,,,,,,,,,,,,,,,,,,,,,,66.71640740009025,77.99794230004773,78.01319169998169,78.01319169998169,78.01319169998169,78.01319169998169,78.48110760003328,j,0.45876580011099577,None,left,0,8,1,1,10,8,None,67.19968950003386,67.20008960040286,78.4816160001792,78.4959829999134,78.4959829999134,78.9963484001346,78.9963484001346,78.98056649975479,67.69911080040038,67.6991508002393,78.98912760009989,78.9963484001346,78.9963484001346,79.99577380018309,79.99577380018309,79.98059540009126,stimuli/box_empty_transparent.png,68.6991249001585,68.69916180009022,79.98068400006741,79.99577380018309,81.99673159979284,81.98022669972852,70.69875039998442,,,,,,,,,,,,,,,,333333,right,no,None,2025-05-09_11h25.32.581,RL_out-of-scanner,2024.2.4,59.785477605207106,2025-05-09 11h25.42.933660 -0500,
14,0,14,space,1.8479798999615014,None,5,2.8734221002086997,None,70.70075160032138,k,0.5113486996851861,None,None,71.23190800007433,71.23213910032064,72.73212120030075,72.73216430004686,73.73217830015346,73.73221389995888,74.74776110006496,,,,,,,0,0,0,0,14,0,14,0,81.99673159979284,,,,,,,,,,,,,,,,,,,,,,,,,,,,,,70.70075160032138,81.9822863000445,81.99673159979284,81.99673159979284,81.99673159979284,81.99673159979284,82.51334329973906,k,0.5113486996851861,None,left,0,8,1,1,10,8,None,71.23190800007433,71.23213910032064,82.51365830004215,82.52982070017606,82.52982070017606,84.02922770008445,84.02922770008445,84.0135742998682,72.73212120030075,72.73216430004686,84.02274429984391,84.02922770008445,84.02922770008445,85.02948360005394,85.02948360005394,85.01364809973165,stimuli/box_empty_transparent.png,73.73217830015346,73.73221389995888,85.01373609993607,85.02948360005394,86.04563369974494,86.02923159999773,74.74776110006496,,,,,,,,,,,,,,,,333333,right,no,None,2025-05-09_11h25.32.581,RL_out-of-scanner,2024.2.4,59.785477605207106,2025-05-09 11h25.42.933660 -0500,
15,0,15,space,1.8479798999615014,None,5,2.8734221002086997,None,74.75009760027751,j,0.7215847000479698,None,None,75.49900030018762,75.4993882002309,76.49855890031904,76.49859670037404,77.49836250022054,77.49839700013399,79.49768560007215,,,,,,,0,0,0,0,15,0,15,0,86.04563369974494,,,,,,,,,,,,,,,,,,,,,,,,,,,,,,74.75009760027751,86.03163419989869,86.04563369974494,86.04563369974494,86.04563369974494,86.04563369974494,86.78041470004246,j,0.7215847000479698,None,left,0,8,1,1,11,8,None,75.49900030018762,75.4993882002309,86.78092319983989,86.79625699995086,86.79625699995086,87.79616180015728,87.79616180015728,87.78001570003107,76.49855890031904,76.49859670037404,87.78820159984753,87.79616180015728,87.79616180015728,88.79508769977838,88.79508769977838,88.77983570005745,stimuli/box_empty_transparent.png,77.49836250022054,77.49839700013399,88.77991859987378,88.79508769977838,90.79558270005509,90.77916389983147,79.49768560007215,,,,,,,,,,,,,,,,333333,right,no,None,2025-05-09_11h25.32.581,RL_out-of-scanner,2024.2.4,59.785477605207106,2025-05-09 11h25.42.933660 -0500,
16,0,16,space,1.8479798999615014,None,5,2.8734221002086997,None,79.49953770032153,k,0.21231819968670607,None,None,79.7321824003011,79.73246060032398,81.73138830019161,81.73143120016903,82.73107310011983,82.7310991003178,83.73067270033062,,,,,,,0,0,0,0,16,0,16,0,90.79558270005509,,,,,,,,,,,,,,,,,,,,,,,,,,,,,,79.49953770032153,90.78106419974938,90.79558270005509,90.79558270005509,90.79558270005509,90.79558270005509,91.01359649980441,k,0.21231819968670607,None,left,0,8,1,1,11,8,None,79.7321824003011,79.73246060032398,91.01398140005767,91.02891180012375,91.02891180012375,93.02937240013853,93.02937240013853,93.01283869985491,81.73138830019161,81.73143120016903,93.02255970006809,93.02937240013853,93.02937240013853,94.02839539991692,94.02839539991692,94.01255099987611,stimuli/box_empty_transparent.png,82.73107310011983,82.7310991003178,94.0126184001565,94.02839539991692,95.02879930008203,95.01215109974146,83.73067270033062,,,,,,,,,,,,,,,,333333,right,no,None,2025-05-09_11h25.32.581,RL_out-of-scanner,2024.2.4,59.785477605207106,2025-05-09 11h25.42.933660 -0500,
17,0,17,space,1.8479798999615014,None,5,2.8734221002086997,None,83.73234860040247,k,0.3994709998369217,None,None,84.1486406000331,84.14885690016672,85.14766130037606,85.14770660037175,86.14801070000976,86.14804650004953,87.14755080034956,,,,,,,0,0,0,0,17,0,17,0,95.02879930008203,,,,,,,,,,,,,,,,,,,,,,,,,,,,,,83.73234860040247,95.01387420017272,95.02879930008203,95.02879930008203,95.02879930008203,95.02879930008203,95.43008409999311,k,0.3994709998369217,None,left,0,8,1,1,11,8,None,84.1486406000331,84.14885690016672,95.43037169985473,95.44541769986972,95.44541769986972,96.4458663999103,96.4458663999103,96.42911199992523,85.14766130037606,85.14770660037175,96.43757670000196,96.4458663999103,96.4458663999103,97.44503830000758,97.44503830000758,97.42948180017993,stimuli/box_empty_transparent.png,86.14801070000976,86.14804650004953,97.42956699989736,97.44503830000758,98.44517790013924,98.42902679974213,87.14755080034956,,,,,,,,,,,,,,,,333333,right,no,None,2025-05-09_11h25.32.581,RL_out-of-scanner,2024.2.4,59.785477605207106,2025-05-09 11h25.42.933660 -0500,
18,0,18,space,1.8479798999615014,None,5,2.8734221002086997,None,87.14911960018799,j,0.3126727999188006,None,None,87.4835920999758,87.4839264000766,90.98081420036033,90.98085140017793,91.98086850019172,91.98090249998495,93.98037210013717,,,,,,,0,0,0,0,18,0,18,0,98.44517790013924,,,,,,,,,,,,,,,,,,,,,,,,,,,,,,87.14911960018799,98.43063759990036,98.44517790013924,98.44517790013924,98.44517790013924,98.44517790013924,98.7650199001655,j,0.3126727999188006,None,left,1,8,2,1,12,9,None,87.4835920999758,87.4839264000766,98.76545940013602,98.77845089975744,98.77845089975744,102.27868749992922,102.27868749992922,102.26227409997955,90.98081420036033,90.98085140017793,102.27068509999663,102.27868749992922,102.27868749992922,103.27799879992381,103.27799879992381,103.26234079990536,stimuli/box_coin_transparent.png,91.98086850019172,91.98090249998495,103.26242299983278,103.27799879992381,105.27828809991479,105.26184970000759,93.98037210013717,,,,,,,,,,,,,,,,333333,right,no,None,2025-05-09_11h25.32.581,RL_out-of-scanner,2024.2.4,59.785477605207106,2025-05-09 11h25.42.933660 -0500,
19,0,19,space,1.8479798999615014,None,5,2.8734221002086997,None,93.98182940017432,None,,,None,95.4809219003655,95.48099820036441,96.48178370017558,96.48182150023058,97.4811392002739,97.48119230009615,98.99668680038303,,,,,,,0,0,0,0,19,0,19,0,105.27828809991479,,,,,,,,,,,,,,,,,,,,,,,,,,,,,,93.98182940017432,105.2633540998213,105.27828809991479,105.27828809991479,105.27828809991479,105.27828809991479,106.7623604000546,None,,,left,1,8,2,1,12,9,None,95.4809219003655,95.48099820036441,106.76251849997789,106.7791006998159,106.7791006998159,107.77891909983009,107.77891909983009,107.76323670009151,96.48178370017558,96.48182150023058,107.7727776998654,107.77891909983009,107.77891909983009,108.77870350005105,108.77870350005105,108.76260979985818,no selection made,97.4811392002739,97.48119230009615,108.76271290006116,108.77870350005105,110.29470890015364,110.2781559000723,98.99668680038303,,,,,,,,,,,,,,,,333333,right,no,None,2025-05-09_11h25.32.581,RL_out-of-scanner,2024.2.4,59.785477605207106,2025-05-09 11h25.42.933660 -0500,
20,0,20,space,1.8479798999615014,None,5,2.8734221002086997,None,98.99898550007492,k,0.2229228001087904,None,None,99.24790150020272,99.24828719999641,101.24855090025812,101.24859010009095,102.24840010004118,102.2484369003214,104.24665230000392,,,,,,,0,0,0,0,20,0,20,0,110.29470890015364,,,,,,,,,,,,,,,,,,,,,,,,,,,,,,98.99898550007492,110.2805225001648,110.29470890015364,110.29470890015364,110.29470890015364,110.29470890015364,110.52930659987032,k,0.2229228001087904,None,left,1,8,2,1,12,9,None,99.24790150020272,99.24828719999641,110.52982369996607,110.54486310016364,110.54486310016364,112.54537159996107,112.54537159996107,112.53000980010256,101.24855090025812,101.24859010009095,112.53828219976276,112.54537159996107,112.54537159996107,113.54488779976964,113.54488779976964,113.52987129986286,stimuli/box_empty_transparent.png,102.24840010004118,102.2484369003214,113.52996019972488,113.54488779976964,115.54492839984596,115.52812220016494,104.24665230000392,,,,,,,,,,,,,,,,333333,right,no,None,2025-05-09_11h25.32.581,RL_out-of-scanner,2024.2.4,59.785477605207106,2025-05-09 11h25.42.933660 -0500,
21,0,21,space,1.8479798999615014,None,5,2.8734221002086997,None,104.24890600005165,j,0.5854478999972343,None,None,104.86493539996445,104.86537620006129,107.86390840029344,107.86395200015977,108.86409500008449,108.86413739994168,110.37984330020845,,,,,,,0,0,0,0,21,0,21,0,115.54492839984596,,,,,,,,,,,,,,,,,,,,,,,,,,,,,,104.24890600005165,115.53043949976563,115.54492839984596,115.54492839984596,115.54492839984596,115.54492839984596,116.14633779972792,j,0.5854478999972343,None,left,1,8,3,1,13,10,None,104.86493539996445,104.86537620006129,116.14691350003704,116.1614430998452,116.1614430998452,119.16155660012737,119.16155660012737,119.145358200185,107.86390840029344,107.86395200015977,119.15569909987971,119.16155660012737,119.16155660012737,120.16186370002106,120.16186370002106,120.14555929973722,stimuli/box_coin_transparent.png,108.86409500008449,108.86413739994168,120.14567840006202,120.16186370002106,121.6778917000629,121.66132010007277,110.37984330020845,,,,,,,,,,,,,,,,333333,right,no,None,2025-05-09_11h25.32.581,RL_out-of-scanner,2024.2.4,59.785477605207106,2025-05-09 11h25.42.933660 -0500,
22,0,22,space,1.8479798999615014,None,5,2.8734221002086997,None,110.38150110002607,k,0.27494770009070635,None,None,110.68144730012864,110.6817457000725,112.18087000027299,112.18091550003737,113.18145180027932,113.18149770004675,115.18078870000318,,,,,,,0,0,0,0,22,0,22,0,121.6778917000629,,,,,,,,,,,,,,,,,,,,,,,,,,,,,,110.38150110002607,121.66303199995309,121.6778917000629,121.6778917000629,121.6778917000629,121.6778917000629,121.96286709979177,k,0.27494770009070635,None,left,1,8,3,1,13,10,None,110.68144730012864,110.6817457000725,121.9632708998397,121.9780557998456,121.9780557998456,123.47836819989607,123.47836819989607,123.46232090005651,112.18087000027299,112.18091550003737,123.4710002001375,123.47836819989607,123.47836819989607,124.47733289981261,124.47733289981261,124.4629155001603,stimuli/box_empty_transparent.png,113.18145180027932,113.18149770004675,124.46303529990837,124.47733289981261,126.47829120000824,126.46226229984313,115.18078870000318,,,,,,,,,,,,,,,,333333,right,no,None,2025-05-09_11h25.32.581,RL_out-of-scanner,2024.2.4,59.785477605207106,2025-05-09 11h25.42.933660 -0500,
23,0,23,space,1.8479798999615014,None,5,2.8734221002086997,None,115.18254530010745,j,0.6707716998644173,None,None,115.88156939996406,115.88199520017952,117.37998550012708,117.38003700040281,118.38019479997456,118.38022980000824,119.87949299998581,,,,,,,0,0,0,0,23,0,23,0,126.47829120000824,,,,,,,,,,,,,,,,,,,,,,,,,,,,,,115.18254530010745,126.46406710008159,126.47829120000824,126.47829120000824,126.47829120000824,126.47829120000824,127.16297450009733,j,0.6707716998644173,None,left,1,8,4,1,14,11,None,115.88156939996406,115.88199520017952,127.16351900016889,127.1781207001768,127.1781207001768,128.68071400001645,128.68071400001645,128.6614304999821,117.37998550012708,117.38003700040281,128.67499019997194,128.68071400001645,128.68071400001645,,,129.66165609983727,stimuli/box_coin_transparent.png,118.38019479997456,118.38022980000824,129.66175199998543,129.6778421998024,131.17772600008175,131.1609625997953,119.87949299998581,,,,,,,,,,,,,,,,333333,right,no,None,2025-05-09_11h25.32.581,RL_out-of-scanner,2024.2.4,59.785477605207106,2025-05-09 11h25.42.933660 -0500,
24,0,24,space,1.8479798999615014,None,5,2.8734221002086997,None,119.88189190020785,k,0.712062300182879,None,None,120.61451210035011,120.61481259996071,122.61423680000007,122.61428089998662,123.61319610010833,123.61323700007051,125.1135440999642,,,,,,,0,0,0,0,24,0,24,0,131.17772600008175,,,,,,,,,,,,,,,,,,,,,,,,,,,,,,119.88189190020785,131.16343489987776,131.17772600008175,131.17772600008175,131.17772600008175,131.17772600008175,131.89593910006806,k,0.712062300182879,None,left,1,8,4,1,14,11,None,120.61451210035011,120.61481259996071,131.89633730007336,131.91125429980457,131.91125429980457,133.91112609999254,133.91112609999254,133.89569009980187,122.61423680000007,122.61428089998662,133.9041251000017,133.91112609999254,133.91112609999254,134.91036009974778,134.91036009974778,134.89466230012476,stimuli/box_empty_transparent.png,123.61319610010833,123.61323700007051,134.8947636000812,134.91036009974778,136.41165839973837,136.39501099986956,125.1135440999642,,,,,,,,,,,,,,,,333333,right,no,None,2025-05-09_11h25.32.581,RL_out-of-scanner,2024.2.4,59.785477605207106,2025-05-09 11h25.42.933660 -0500,
25,0,25,space,1.8479798999615014,None,5,2.8734221002086997,None,125.1151433000341,j,0.518157500308007,None,None,125.6649795002304,125.66542360000312,126.66344920033589,126.66348920017481,127.66374200023711,127.6637733001262,131.16239090031013,,,,,,,0,0,0,0,25,0,25,0,136.41165839973837,,,,,,,,,,,,,,,,,,,,,,,,,,,,,,125.1151433000341,136.39666529977694,136.41165839973837,136.41165839973837,136.41165839973837,136.41165839973837,136.9463943997398,j,0.518157500308007,None,left,0,8,4,1,15,11,None,125.6649795002304,125.66542360000312,136.94695049989969,136.96138430014253,136.96138430014253,137.96104669990018,137.96104669990018,137.94490509992465,126.66344920033589,126.66348920017481,137.9532249001786,137.96104669990018,137.96104669990018,138.96046339999884,138.96046339999884,138.94521880010143,stimuli/box_empty_transparent.png,127.66374200023711,127.6637733001262,138.94528939994052,138.96046339999884,142.46134069981053,142.44386530015618,131.16239090031013,,,,,,,,,,,,,,,,333333,right,no,None,2025-05-09_11h25.32.581,RL_out-of-scanner,2024.2.4,59.785477605207106,2025-05-09 11h25.42.933660 -0500,
26,0,26,space,1.8479798999615014,None,5,2.8734221002086997,None,131.16462799999863,k,0.3780269999988377,None,None,131.5639154999517,131.5642592003569,132.0629500001669,132.0629877001047,133.063585200347,133.06362200016156,136.56228019995615,,,,,,,0,0,0,0,26,0,26,0,142.46134069981053,,,,,,,,,,,,,,,,,,,,,,,,,,,,,,131.16462799999863,142.44616409996524,142.46134069981053,142.46134069981053,142.46134069981053,142.46134069981053,142.84534880006686,k,0.3780269999988377,None,left,0,8,4,1,15,11,None,131.5639154999517,131.5642592003569,142.84579430008307,142.86072199977934,142.86072199977934,143.36106739984825,143.36106739984825,143.3444018997252,132.0629500001669,132.0629877001047,143.35388199985027,143.36106739984825,143.36106739984825,144.35998489987105,144.35998489987105,144.34505689982325,stimuli/box_empty_transparent.png,133.063585200347,133.06362200016156,144.34514639992267,144.35998489987105,147.86055540014058,147.843751499895,136.56228019995615,,,,,,,,,,,,,,,,333333,right,no,None,2025-05-09_11h25.32.581,RL_out-of-scanner,2024.2.4,59.785477605207106,2025-05-09 11h25.42.933660 -0500,
27,0,27,space,1.8479798999615014,None,5,2.8734221002086997,None,136.56438670028,j,0.5159582998603582,None,None,137.09693900030106,137.09727200027555,138.5962530001998,138.59630980016664,139.6126097002998,139.6126431999728,140.61190400039777,,,,,,,0,0,0,0,27,0,27,0,147.86055540014058,,,,,,,,,,,,,,,,,,,,,,,,,,,,,,136.56438670028,147.84592140000314,147.86055540014058,147.86055540014058,147.86055540014058,147.86055540014058,148.37837189994752,j,0.5159582998603582,None,left,1,8,5,1,16,12,None,137.09693900030106,137.09727200027555,148.3787962999195,148.39384339982644,148.39384339982644,149.89668009988964,149.89668009988964,149.87769170012325,138.5962530001998,138.59630980016664,149.8906517000869,149.89668009988964,149.89668009988964,,,150.89407959999517,stimuli/box_coin_transparent.png,139.6126097002998,139.6126431999728,150.89416009979323,150.9095827001147,151.91021119989455,151.89337950013578,140.61190400039777,,,,,,,,,,,,,,,,333333,right,no,None,2025-05-09_11h25.32.581,RL_out-of-scanner,2024.2.4,59.785477605207106,2025-05-09 11h25.42.933660 -0500,
28,0,28,space,1.8479798999615014,None,5,2.8734221002086997,None,140.61328530032188,k,0.7565502999350429,None,None,141.3964400002733,141.3966971002519,142.3958742003888,142.39590940019116,143.41200629994273,143.41204240033403,146.91193350031972,,,,,,,0,0,0,0,28,0,28,0,151.91021119989455,,,,,,,,,,,,,,,,,,,,,,,,,,,,,,140.61328530032188,151.89480199990794,151.91021119989455,151.91021119989455,151.91021119989455,151.91021119989455,152.67786550009623,k,0.7565502999350429,None,left,1,8,5,1,16,12,None,141.3964400002733,141.3966971002519,152.67821600008756,152.6937333997339,152.6937333997339,153.69473600015044,153.69473600015044,153.6773334997706,142.3958742003888,142.39590940019116,153.6842526998371,153.69473600015044,153.69473600015044,,,154.6934759998694,stimuli/box_empty_transparent.png,143.41200629994273,143.41204240033403,154.693565600086,154.70941790007055,158.21008750004694,158.19341109972447,146.91193350031972,,,,,,,,,,,,,,,,333333,right,no,None,2025-05-09_11h25.32.581,RL_out-of-scanner,2024.2.4,59.785477605207106,2025-05-09 11h25.42.933660 -0500,
29,0,29,space,1.8479798999615014,None,5,2.8734221002086997,None,146.91334680002183,k,0.28798120003193617,None,None,147.22978490032256,147.23010740010068,149.22876690002158,149.22881520027295,150.22865439997986,150.22868560021743,151.22822630032897,,,,,,,0,0,0,0,29,0,29,0,158.21008750004694,,,,,,,,,,,,,,,,,,,,,,,,,,,,,,146.91334680002183,158.19486990012228,158.21008750004694,158.21008750004694,158.21008750004694,158.21008750004694,158.51120560010895,k,0.28798120003193617,None,left,1,8,5,1,16,12,None,147.22978490032256,147.23010740010068,158.51163480011746,158.5267940000631,158.5267940000631,160.52712969994172,160.52712969994172,160.510212500114,149.22876690002158,149.22881520027295,160.51797459973022,160.52712969994172,160.52712969994172,161.525984399952,161.525984399952,161.5101308999583,stimuli/box_empty_transparent.png,150.22865439997986,150.22868560021743,161.51020319992676,161.525984399952,162.5265350001864,162.5097023001872,151.22822630032897,,,,,,,,,,,,,,,,333333,right,no,None,2025-05-09_11h25.32.581,RL_out-of-scanner,2024.2.4,59.785477605207106,2025-05-09 11h25.42.933660 -0500,
30,0,30,space,1.8479798999615014,None,5,2.8734221002086997,None,151.22973240027204,j,0.35886779986321926,None,None,151.61249700002372,151.61280870018527,152.61200059996918,152.61203910037875,153.612505200319,153.61255730036646,154.61176889995113,,,,,,,0,0,0,0,30,0,30,0,162.5265350001864,,,,,,,,,,,,,,,,,,,,,,,,,,,,,,151.22973240027204,162.51125979982316,162.5265350001864,162.5265350001864,162.5265350001864,162.5265350001864,162.8939376999624,j,0.35886779986321926,None,left,1,8,6,1,17,13,None,151.61249700002372,151.61280870018527,162.89432619977742,162.9098348999396,162.9098348999396,163.91018150001764,163.91018150001764,163.8934491998516,152.61200059996918,152.61203910037875,163.90238089999184,163.91018150001764,163.91018150001764,164.90937869995832,164.90937869995832,164.8939681998454,stimuli/box_coin_transparent.png,153.612505200319,153.61255730036646,164.89408400002867,164.90937869995832,165.90960599994287,165.89324699994177,154.61176889995113,,,,,,,,,,,,,,,,333333,right,no,None,2025-05-09_11h25.32.581,RL_out-of-scanner,2024.2.4,59.785477605207106,2025-05-09 11h25.42.933660 -0500,
31,0,31,space,1.8479798999615014,None,5,2.8734221002086997,None,154.61320850020275,k,0.4467580998316407,None,None,155.0789962001145,155.0792104001157,158.07856649998575,158.0786127001047,159.07867790013552,159.0787337999791,161.5778772002086,,,,,,,0,0,0,0,31,0,31,0,165.90960599994287,,,,,,,,,,,,,,,,,,,,,,,,,,,,,,154.61320850020275,165.8947310000658,165.90960599994287,165.90960599994287,165.90960599994287,165.90960599994287,166.36044189985842,k,0.4467580998316407,None,left,1,8,6,1,17,13,None,155.0789962001145,155.0792104001157,166.36072439979762,166.3764406000264,166.3764406000264,169.37682829983532,169.37682829983532,169.36001989990473,158.07856649998575,158.0786127001047,169.3682574001141,169.37682829983532,169.37682829983532,170.37575959973037,170.37575959973037,170.3601437001489,stimuli/box_empty_transparent.png,159.07867790013552,159.0787337999791,170.36026560002938,170.37575959973037,172.8761507999152,172.85935819987208,161.5778772002086,,,,,,,,,,,,,,,,333333,right,no,None,2025-05-09_11h25.32.581,RL_out-of-scanner,2024.2.4,59.785477605207106,2025-05-09 11h25.42.933660 -0500,
32,0,32,space,1.8479798999615014,None,5,2.8734221002086997,None,161.57956340024248,j,0.3389515997841954,None,None,161.94553779996932,161.94583840016276,162.94561460008845,162.94565070001408,163.9454873003997,163.94552180031314,164.94465600000694,,,,,,,0,0,0,0,32,0,32,0,172.8761507999152,,,,,,,,,,,,,,,,,,,,,,,,,,,,,,161.57956340024248,172.86109310016036,172.8761507999152,172.8761507999152,172.8761507999152,172.8761507999152,173.22696920018643,j,0.3389515997841954,None,left,1,8,7,1,18,14,None,161.94553779996932,161.94583840016276,173.22735890001059,173.2428998001851,173.2428998001851,174.24324540002272,174.24324540002272,174.22707320004702,162.94561460008845,162.94565070001408,174.2374899997376,174.24324540002272,174.24324540002272,175.2424590997398,175.2424590997398,175.22694810014218,stimuli/box_coin_transparent.png,163.9454873003997,163.94552180031314,175.22704359982163,175.2424590997398,176.24285449972376,176.22613639989868,164.94465600000694,,,,,,,,,,,,,,,,333333,right,no,None,2025-05-09_11h25.32.581,RL_out-of-scanner,2024.2.4,59.785477605207106,2025-05-09 11h25.42.933660 -0500,
33,0,33,space,1.8479798999615014,None,5,2.8734221002086997,None,164.94583770027384,j,0.47291320003569126,None,None,165.4455164000392,165.44594940030947,167.44512880034745,167.44516500039026,168.44506510021165,168.44510420039296,169.9446153002791,,,,,,,0,0,0,0,33,0,33,0,176.24285449972376,,,,,,,,,,,,,,,,,,,,,,,,,,,,,,164.94583770027384,176.22736439993605,176.24285449972376,176.24285449972376,176.24285449972376,176.24285449972376,176.72696379991248,j,0.47291320003569126,None,left,0,8,7,1,19,14,None,165.4455164000392,165.44594940030947,176.72747260006145,176.74278760002926,176.74278760002926,178.74322379985824,178.74322379985824,178.7265898999758,167.44512880034745,167.44516500039026,178.73374010017142,178.74322379985824,178.74322379985824,179.74217099975795,179.74217099975795,179.7265417999588,stimuli/box_empty_transparent.png,168.44506510021165,168.44510420039296,179.72662199987099,179.74217099975795,181.24274839973077,181.22609219979495,169.9446153002791,,,,,,,,,,,,,,,,333333,right,no,None,2025-05-09_11h25.32.581,RL_out-of-scanner,2024.2.4,59.785477605207106,2025-05-09 11h25.42.933660 -0500,
34,0,34,space,1.8479798999615014,None,5,2.8734221002086997,None,169.94585830019787,k,0.4902523001655936,None,None,170.4622861002572,170.46258090017363,173.4613578999415,173.46139280032367,174.46171990036964,174.46175430016592,176.96192880021408,,,,,,,0,0,0,0,34,0,34,0,181.24274839973077,,,,,,,,,,,,,,,,,,,,,,,,,,,,,,169.94585830019787,181.22737779980525,181.24274839973077,181.24274839973077,181.24274839973077,181.24274839973077,181.7437140000984,k,0.4902523001655936,None,left,0,8,7,1,19,14,None,170.4622861002572,170.46258090017363,181.74410420004278,181.75938780000433,181.75938780000433,184.75964439986274,184.75964439986274,184.74281969992444,173.4613578999415,173.46139280032367,184.7501444001682,184.75964439986274,184.75964439986274,185.75863299984485,185.75863299984485,185.74319989979267,stimuli/box_empty_transparent.png,174.46171990036964,174.46175430016592,185.74329499993473,185.75863299984485,188.26024919981137,188.24340989999473,176.96192880021408,,,,,,,,,,,,,,,,333333,right,no,None,2025-05-09_11h25.32.581,RL_out-of-scanner,2024.2.4,59.785477605207106,2025-05-09 11h25.42.933660 -0500,
35,0,35,space,1.8479798999615014,None,5,2.8734221002086997,None,176.96312440000474,j,0.3754409998655319,None,None,177.36365480022505,177.3640754004009,178.86373200034723,178.86376980040222,179.87822550022975,179.8782587000169,180.87852380005643,,,,,,,0,0,0,0,35,0,35,0,188.26024919981137,,,,,,,,,,,,,,,,,,,,,,,,,,,,,,176.96312440000474,188.24463960016146,188.26024919981137,188.26024919981137,188.26024919981137,188.26024919981137,188.64506819983944,j,0.3754409998655319,None,left,1,8,8,1,20,15,None,177.36365480022505,177.3640754004009,188.64560869988054,188.65986920008436,188.65986920008436,190.1610352001153,190.1610352001153,190.14518730016425,178.86373200034723,178.86376980040222,190.15498520014808,190.1610352001153,190.1610352001153,,,191.15969080012292,stimuli/box_coin_transparent.png,179.87822550022975,179.8782587000169,191.15978020010516,191.17553790006787,192.17592549975961,192.1599956001155,180.87852380005643,,,,,,,,,,,,,,,,333333,right,no,None,2025-05-09_11h25.32.581,RL_out-of-scanner,2024.2.4,59.785477605207106,2025-05-09 11h25.42.933660 -0500,
36,0,36,space,1.8479798999615014,None,5,2.8734221002086997,None,180.88038060022518,j,0.5350576001219451,None,None,181.44556630030274,181.44591680029407,182.9453167002648,182.94536270014942,183.94569410011172,183.94572430010885,187.46129060024396,,,,,,,0,0,0,0,36,0,36,0,192.17592549975961,,,,,,,,,,,,,,,,,,,,,,,,,,,,,,180.88038060022518,192.1619027997367,192.17592549975961,192.17592549975961,192.17592549975961,192.17592549975961,192.72698719985783,j,0.5350576001219451,None,right,1,12,0,2,20,15,None,181.44556630030274,181.44591680029407,192.72744409972802,192.74298449978232,192.74298449978232,194.24288460006937,194.24288460006937,194.2267686999403,182.9453167002648,182.94536270014942,194.23558160010725,194.24288460006937,194.24288460006937,195.24343879986554,195.24343879986554,195.22716980008408,stimuli/box_empty_transparent.png,183.94569410011172,183.94572430010885,195.22724180016667,195.24343879986554,198.75957620004192,198.74276709975675,187.46129060024396,,,,,,,,,,,,,,,,333333,right,no,None,2025-05-09_11h25.32.581,RL_out-of-scanner,2024.2.4,59.785477605207106,2025-05-09 11h25.42.933660 -0500,
37,0,37,space,1.8479798999615014,None,5,2.8734221002086997,None,187.46273000026122,k,0.41849360009655356,None,None,187.91214779997244,187.9125151000917,189.9117291001603,189.91176660032943,190.91156390029937,190.9115949003026,191.91341640008613,,,,,,,0,0,0,0,37,0,37,0,198.75957620004192,,,,,,,,,,,,,,,,,,,,,,,,,,,,,,187.46273000026122,198.74425119999796,198.75957620004192,198.75957620004192,198.75957620004192,198.75957620004192,199.193558299914,k,0.41849360009655356,None,right,1,12,1,2,21,16,None,187.91214779997244,187.9125151000917,199.1940476000309,199.2090165000409,199.2090165000409,201.20945930015296,201.20945930015296,201.1931859999895,189.9117291001603,189.91176660032943,201.2028847001493,201.20945930015296,201.20945930015296,202.20854600006714,202.20854600006714,202.1930391001515,stimuli/box_coin_transparent.png,190.91156390029937,190.9115949003026,202.19311130000278,202.20854600006714,203.2093027997762,203.1948921000585,191.91341640008613,,,,,,,,,,,,,,,,333333,right,no,None,2025-05-09_11h25.32.581,RL_out-of-scanner,2024.2.4,59.785477605207106,2025-05-09 11h25.42.933660 -0500,
38,0,38,space,1.8479798999615014,None,5,2.8734221002086997,None,191.91517100017518,j,0.5715837003663182,None,None,192.51233910024166,192.5126525000669,193.5115069001913,193.51155500020832,194.51143479999155,194.51147120026872,196.01066490029916,,,,,,,0,0,0,0,38,0,38,0,203.2093027997762,,,,,,,,,,,,,,,,,,,,,,,,,,,,,,191.91517100017518,203.1966991997324,203.2093027997762,203.2093027997762,203.2093027997762,203.2093027997762,203.7937765000388,j,0.5715837003663182,None,right,1,12,1,2,21,16,None,192.51233910024166,192.5126525000669,203.79417350003496,203.8088484001346,203.8088484001346,204.80940619995818,204.80940619995818,204.79295059992,193.5115069001913,193.51155500020832,204.80219249986112,204.80940619995818,204.80940619995818,205.80845340015367,205.80845340015367,205.79290510015562,stimuli/box_empty_transparent.png,194.51143479999155,194.51147120026872,205.79299539979547,205.80845340015367,207.30900109978393,207.29213979979977,196.01066490029916,,,,,,,,,,,,,,,,333333,right,no,None,2025-05-09_11h25.32.581,RL_out-of-scanner,2024.2.4,59.785477605207106,2025-05-09 11h25.42.933660 -0500,
39,0,39,space,1.8479798999615014,None,5,2.8734221002086997,None,196.01240530004725,k,0.452067700214684,None,None,196.49562900001183,196.49593320023268,197.49466580012813,197.49470739997923,198.51078890031204,198.51082530012354,199.52721330011263,,,,,,,0,0,0,0,39,0,39,0,207.30900109978393,,,,,,,,,,,,,,,,,,,,,,,,,,,,,,196.01240530004725,207.29393339995295,207.30900109978393,207.30900109978393,207.30900109978393,207.30900109978393,207.77704950002953,k,0.452067700214684,None,right,1,12,2,2,22,17,None,196.49562900001183,196.49593320023268,207.77745850011706,207.7920972998254,207.7920972998254,208.79331609979272,208.79331609979272,208.77611800003797,197.49466580012813,197.49470739997923,208.78739839978516,208.79331609979272,208.79331609979272,,,209.79225639998913,stimuli/box_coin_transparent.png,198.51078890031204,198.51082530012354,209.7923515997827,209.80948559986427,210.82529360009357,210.8086859001778,199.52721330011263,,,,,,,,,,,,,,,,333333,right,no,None,2025-05-09_11h25.32.581,RL_out-of-scanner,2024.2.4,59.785477605207106,2025-05-09 11h25.42.933660 -0500,
40,0,40,space,1.8479798999615014,None,5,2.8734221002086997,None,199.52906130021438,k,0.33045880030840635,None,None,199.87833890039474,199.878587000072,201.3776075001806,201.37764620035887,202.37825240008533,202.37829280039296,203.37723040021956,,,,,,,0,0,0,0,40,0,40,0,210.82529360009357,,,,,,,,,,,,,,,,,,,,,,,,,,,,,,199.52906130021438,210.81059069978073,210.82529360009357,210.82529360009357,210.82529360009357,210.82529360009357,211.15977740008384,k,0.33045880030840635,None,right,1,12,3,2,23,18,None,199.87833890039474,199.878587000072,211.16010600002483,211.17522600013763,211.17522600013763,212.6756688999012,212.6756688999012,212.65906709991395,201.3776075001806,201.37764620035887,212.67036589980125,212.6756688999012,212.6756688999012,,,213.6597184999846,stimuli/box_coin_transparent.png,202.37825240008533,202.37829280039296,213.65982129983604,213.6745959999971,214.67525839991868,214.65870760008693,203.37723040021956,,,,,,,,,,,,,,,,333333,right,no,None,2025-05-09_11h25.32.581,RL_out-of-scanner,2024.2.4,59.785477605207106,2025-05-09 11h25.42.933660 -0500,
41,0,41,space,1.8479798999615014,None,5,2.8734221002086997,None,203.37880549998954,k,0.4470950001850724,None,None,203.84511300036684,203.84537410037592,204.84420370031148,204.8442400000058,205.84440060006455,205.84443460032344,208.84356730012223,,,,,,,0,0,0,0,41,0,41,0,214.67525839991868,,,,,,,,,,,,,,,,,,,,,,,,,,,,,,203.37880549998954,214.66032980009913,214.67525839991868,214.67525839991868,214.67525839991868,214.67525839991868,215.12654699990526,k,0.4470950001850724,None,right,1,12,4,2,24,19,None,203.84511300036684,203.84537410037592,215.12692139996216,215.14198749978095,215.14198749978095,216.14232099987566,216.14232099987566,216.12566159991547,204.84420370031148,204.8442400000058,216.13552440004423,216.14232099987566,216.14232099987566,217.14133210014552,217.14133210014552,217.12584860017523,stimuli/box_coin_transparent.png,205.84440060006455,205.84443460032344,217.12595759984106,217.14133210014552,220.14162530004978,220.12504420010373,208.84356730012223,,,,,,,,,,,,,,,,333333,right,no,None,2025-05-09_11h25.32.581,RL_out-of-scanner,2024.2.4,59.785477605207106,2025-05-09 11h25.42.933660 -0500,
42,0,42,space,1.8479798999615014,None,5,2.8734221002086997,None,208.84548470005393,k,0.3418410001322627,None,None,209.2119893003255,209.2122429003939,211.21061310032383,211.21065160026774,212.21109560038894,212.21113139996305,215.71008950006217,,,,,,,0,0,0,0,42,0,42,0,220.14162530004978,,,,,,,,,,,,,,,,,,,,,,,,,,,,,,208.84548470005393,220.1270381999202,220.14162530004978,220.14162530004978,220.14162530004978,220.14162530004978,220.49342319974676,k,0.3418410001322627,None,right,0,12,4,2,25,19,None,209.2119893003255,209.2122429003939,220.49376170011237,220.50859870016575,220.50859870016575,222.5087600997649,222.5087600997649,222.49207289982587,211.21061310032383,211.21065160026774,222.50193689996377,222.5087600997649,222.5087600997649,223.50799540011212,223.50799540011212,223.49256619997323,stimuli/box_empty_transparent.png,212.21109560038894,212.21113139996305,223.49265629984438,223.50799540011212,227.00852089980617,226.99156290013343,215.71008950006217,,,,,,,,,,,,,,,,333333,right,no,None,2025-05-09_11h25.32.581,RL_out-of-scanner,2024.2.4,59.785477605207106,2025-05-09 11h25.42.933660 -0500,
43,0,43,space,1.8479798999615014,None,5,2.8734221002086997,None,215.71153970016167,j,0.3560148999094963,None,None,216.09479180024937,216.0951718003489,217.09407130023465,217.09412160003558,218.09382860036567,218.09387050010264,220.09394060028717,,,,,,,0,0,0,0,43,0,43,0,227.00852089980617,,,,,,,,,,,,,,,,,,,,,,,,,,,,,,215.71153970016167,226.9930616999045,227.00852089980617,227.00852089980617,227.00852089980617,227.00852089980617,227.37621210003272,j,0.3560148999094963,None,right,0,12,4,2,25,19,None,216.09479180024937,216.0951718003489,227.37669900013134,227.39152539987117,227.39152539987117,228.39204380009323,228.39204380009323,228.37551059992984,217.09407130023465,217.09412160003558,228.3849323000759,228.39204380009323,228.39204380009323,229.39080399973318,229.39080399973318,229.37529540015385,stimuli/box_empty_transparent.png,218.09382860036567,218.09387050010264,229.37540089990944,229.39080399973318,231.39153280016035,231.3754137000069,220.09394060028717,,,,,,,,,,,,,,,,333333,right,no,None,2025-05-09_11h25.32.581,RL_out-of-scanner,2024.2.4,59.785477605207106,2025-05-09 11h25.42.933660 -0500,
44,0,44,space,1.8479798999615014,None,5,2.8734221002086997,None,220.09571190038696,k,0.47210759995505214,None,None,220.59522120002657,220.59548070002347,223.09471720037982,223.09476390015334,224.10986970039085,224.1099111000076,226.10991700040177,,,,,,,0,0,0,0,44,0,44,0,231.39153280016035,,,,,,,,,,,,,,,,,,,,,,,,,,,,,,220.09571190038696,231.377239999827,231.39153280016035,231.39153280016035,231.39153280016035,231.39153280016035,231.87665829993784,k,0.47210759995505214,None,right,1,12,5,2,26,20,None,220.59522120002657,220.59548070002347,231.87699949974194,231.89179929997772,231.89179929997772,234.39485809998587,234.39485809998587,234.37616019975394,223.09471720037982,223.09476390015334,234.3883658000268,234.39485809998587,234.39485809998587,,,235.3913337001577,stimuli/box_coin_transparent.png,224.10986970039085,224.1099111000076,235.39144389983267,235.4073932999745,237.40916869975626,237.39139509992674,226.10991700040177,,,,,,,,,,,,,,,,333333,right,no,None,2025-05-09_11h25.32.581,RL_out-of-scanner,2024.2.4,59.785477605207106,2025-05-09 11h25.42.933660 -0500,
45,0,45,space,1.8479798999615014,None,5,2.8734221002086997,None,226.1114428001456,k,0.2955002998933196,None,None,226.4285502000712,226.42888700030744,227.42781060002744,227.4278478003107,228.42706250026822,228.42709270026535,229.42634310014546,,,,,,,0,0,0,0,45,0,45,0,237.40916869975626,,,,,,,,,,,,,,,,,,,,,,,,,,,,,,226.1114428001456,237.39296409999952,237.40916869975626,237.40916869975626,237.40916869975626,237.40916869975626,237.7099661999382,k,0.2955002998933196,None,right,0,12,5,2,27,20,None,226.4285502000712,226.42888700030744,237.7104132999666,237.72476649982855,237.72476649982855,238.72504619974643,238.72504619974643,238.70926810009405,227.42781060002744,227.4278478003107,238.71795699978247,238.72504619974643,238.72504619974643,239.72459169989452,239.72459169989452,239.70853659976274,stimuli/box_empty_transparent.png,228.42706250026822,228.42709270026535,239.70861009974033,239.72459169989452,240.72431570012122,240.70781280007213,229.42634310014546,,,,,,,,,,,,,,,,333333,right,no,None,2025-05-09_11h25.32.581,RL_out-of-scanner,2024.2.4,59.785477605207106,2025-05-09 11h25.42.933660 -0500,
46,0,46,space,1.8479798999615014,None,5,2.8734221002086997,None,229.42858149996027,k,0.44051059987396,None,None,229.89426290011033,229.89463730016723,231.8937099003233,231.893747900147,232.89381729997694,232.89384740032256,233.8941614003852,,,,,,,0,0,0,0,46,0,46,0,240.72431570012122,,,,,,,,,,,,,,,,,,,,,,,,,,,,,,229.42858149996027,240.71011650003493,240.72431570012122,240.72431570012122,240.72431570012122,240.72431570012122,241.17567460006103,k,0.44051059987396,None,right,1,12,6,2,28,21,None,229.89426290011033,229.89463730016723,241.17616909975186,241.19088110001758,241.19088110001758,243.19125819997862,243.19125819997862,243.17516640014946,231.8937099003233,231.893747900147,243.18480679998174,243.19125819997862,243.19125819997862,244.19130240008235,244.19130240008235,244.17529350006953,stimuli/box_coin_transparent.png,232.89381729997694,232.89384740032256,244.1753650000319,244.19130240008235,245.1915696999058,245.17563880002126,233.8941614003852,,,,,,,,,,,,,,,,333333,right,no,None,2025-05-09_11h25.32.581,RL_out-of-scanner,2024.2.4,59.785477605207106,2025-05-09 11h25.42.933660 -0500,
47,0,47,space,1.8479798999615014,None,5,2.8734221002086997,None,233.89561010012403,k,0.46556709986180067,None,None,234.37805079994723,234.37831940036267,237.3777068001218,237.37774490006268,238.37739970022812,238.37742990022525,239.8758865003474,,,,,,,0,0,0,0,47,0,47,0,245.1915696999058,,,,,,,,,,,,,,,,,,,,,,,,,,,,,,233.89561010012403,245.17713070008904,245.1915696999058,245.1915696999058,245.1915696999058,245.1915696999058,245.65945830009878,k,0.46556709986180067,None,right,1,12,7,2,29,22,None,234.37805079994723,234.37831940036267,245.65983809996396,245.67474559973925,245.67474559973925,248.67465599998832,248.67465599998832,248.6591646997258,237.3777068001218,237.37774490006268,248.66895289998502,248.67465599998832,248.67465599998832,249.67448950000107,249.67448950000107,249.65887349983677,stimuli/box_coin_transparent.png,238.37739970022812,238.37742990022525,249.65894840005785,249.67448950000107,251.17438399977982,251.15736269997433,239.8758865003474,,,,,,,,,,,,,,,,333333,right,no,None,2025-05-09_11h25.32.581,RL_out-of-scanner,2024.2.4,59.785477605207106,2025-05-09 11h25.42.933660 -0500,
48,0,48,space,1.8479798999615014,None,5,2.8734221002086997,None,239.8773837001063,k,0.33833219995722175,None,None,240.24486810015514,240.24512580037117,241.74326730007306,241.7433024002239,242.74333330010995,242.74337409995496,246.2423118003644,,,,,,,0,0,0,0,48,0,48,0,251.17438399977982,,,,,,,,,,,,,,,,,,,,,,,,,,,,,,239.8773837001063,251.158905999735,251.17438399977982,251.17438399977982,251.17438399977982,251.17438399977982,251.52630419982597,k,0.33833219995722175,None,right,1,12,8,2,30,23,None,240.24486810015514,240.24512580037117,251.52664409996942,251.54068899992853,251.54068899992853,253.0415432001464,253.0415432001464,253.02472379989922,241.74326730007306,241.7433024002239,253.0361806000583,253.0415432001464,253.0415432001464,254.0400478001684,254.0400478001684,254.02480140002444,stimuli/box_coin_transparent.png,242.74333330010995,242.74337409995496,254.0249032001011,254.0400478001684,257.54064749972895,257.52378819976,246.2423118003644,,,,,,,,,,,,,,,,333333,right,no,None,2025-05-09_11h25.32.581,RL_out-of-scanner,2024.2.4,59.785477605207106,2025-05-09 11h25.42.933660 -0500,
49,0,49,space,1.8479798999615014,None,5,2.8734221002086997,None,246.2439363002777,k,0.42505750013515353,None,None,246.69475830020383,246.69503600010648,248.19543420011178,248.19549249997362,249.2089006002061,249.20893430011347,249.2094048000872,,,,,,,0,0,0,0,49,0,49,0,257.54064749972895,,,,,,,,,,,,,,,,,,,,,,,,,,,,,,246.2439363002777,257.5254579000175,257.54064749972895,257.54064749972895,257.54064749972895,257.54064749972895,257.97619420010597,k,0.42505750013515353,None,right,1,12,9,2,31,24,None,246.69475830020383,246.69503600010648,257.97655489994213,257.9908559001051,257.9908559001051,259.49486739980057,259.49486739980057,259.47687669983134,248.19543420011178,248.19549249997362,259.48908879980445,259.49486739980057,259.49486739980057,,,260.4903718000278,stimuli/box_coin_transparent.png,249.2089006002061,249.20893430011347,260.4904561000876,260.511006699875,260.511006699875,260.49088359996676,249.2094048000872,,,,,,,,,,,,,,,,333333,right,no,None,2025-05-09_11h25.32.581,RL_out-of-scanner,2024.2.4,59.785477605207106,2025-05-09 11h25.42.933660 -0500,
0,0,0,space,1.8479798999615014,None,5,2.8734221002086997,None,,,,,,,,,,,,,,,,,,,0,0,0,0,,,,,,,,,,,,,,,,,,,,,,,,,,,,,,,,,,,,,,,,,,,,,,,,,,,,,,,,,,,,,,,,,,,,,,,,,,,,,,,,,260.50618090014905,260.511006699875,264.5065203998238,264.50998609978706,264.52309310017154,314.73931939993054,314.7231943998486,,,,,333333,right,no,None,2025-05-09_11h25.32.581,RL_out-of-scanner,2024.2.4,59.785477605207106,2025-05-09 11h25.42.933660 -0500,
0,0,0,space,6.350223699584603,None,5,1.5730491997674108,None,0.0017235004343092442,j,0.7172229001298547,None,None,0.7516451003029943,0.7520981002599001,1.7507537002675235,1.7507910002022982,2.750213799998164,2.750249700155109,4.750124600250274,,,,,,,1,0,1,0,0,0,0,0,322.72208300000057,,,,,,,,,,,,,,,,314.7233819998801,314.73931939993054,314.73931939993054,321.1061379997991,space,6.350223699584603,None,321.1062312000431,321.1220211000182,321.1220211000182,322.7053559999913,5,1.5730491997674108,None,0.0017235004343092442,322.7071500001475,322.72208300000057,322.72208300000057,322.72208300000057,322.72208300000057,323.4569410998374,j,0.7172229001298547,None,right,1,14,0,3,31,0,None,0.7516451003029943,0.7520981002599001,323.4575396999717,323.4722126000561,323.4722126000561,324.4726979001425,324.4726979001425,324.4561159997247,1.7507537002675235,1.7507910002022982,324.4649613997899,324.4726979001425,324.4726979001425,325.4713562000543,325.4713562000543,325.4555894997902,stimuli/box_empty_transparent.png,2.750213799998164,2.750249700155109,325.45568129979074,325.4713562000543,327.47593790013343,327.4554997999221,4.750124600250274,,,,,,,,,,,,,,,,333333,right,no,None,2025-05-09_11h25.32.581,RL_out-of-scanner,2024.2.4,59.785477605207106,2025-05-09 11h25.42.933660 -0500,
1,0,1,space,6.350223699584603,None,5,1.5730491997674108,None,4.752052100375295,k,0.3389907004311681,None,None,5.117563700303435,5.117860400117934,6.617709900252521,6.617753700353205,7.633088600356132,7.633124700281769,9.134326900355518,,,,,,,1,0,1,0,1,0,1,0,327.47593790013343,,,,,,,,,,,,,,,,,,,,,,,,,,,,,,4.752052100375295,327.457494399976,327.47593790013343,327.47593790013343,327.47593790013343,327.47593790013343,327.822886900045,k,0.3389907004311681,None,right,1,14,1,3,32,1,None,5.117563700303435,5.117860400117934,327.82329030008987,327.83838320011273,327.83838320011273,329.34008259978145,329.34008259978145,329.3230654001236,6.617709900252521,6.617753700353205,329.33442019997165,329.34008259978145,329.34008259978145,,,330.33846039976925,stimuli/box_coin_transparent.png,7.633088600356132,7.633124700281769,330.3385628000833,330.35456999996677,331.8558108997531,331.83970439992845,9.134326900355518,,,,,,,,,,,,,,,,333333,right,no,None,2025-05-09_11h25.32.581,RL_out-of-scanner,2024.2.4,59.785477605207106,2025-05-09 11h25.42.933660 -0500,
2,0,2,space,6.350223699584603,None,5,1.5730491997674108,None,9.135876800399274,k,0.36280979961156845,None,None,9.517854900099337,9.518152300268412,10.517636900302023,10.517674500122666,11.518077400047332,11.518113700207323,14.517608500085771,,,,,,,1,0,1,0,2,0,2,0,331.8558108997531,,,,,,,,,,,,,,,,,,,,,,,,,,,,,,9.135876800399274,331.84130299976096,331.8558108997531,331.8558108997531,331.8558108997531,331.8558108997531,332.2231839001179,k,0.36280979961156845,None,right,0,14,1,3,33,1,None,9.517854900099337,9.518152300268412,332.2235769997351,332.23921180004254,332.23921180004254,333.23957969993353,333.23957969993353,333.2229991001077,10.517636900302023,10.517674500122666,333.2312742997892,333.23957969993353,333.23957969993353,334.2384056998417,334.2384056998417,334.22345250006765,stimuli/box_empty_transparent.png,11.518077400047332,11.518113700207323,334.22354169981554,334.2384056998417,337.2388749998063,337.2229889999144,14.517608500085771,,,,,,,,,,,,,,,,333333,right,no,None,2025-05-09_11h25.32.581,RL_out-of-scanner,2024.2.4,59.785477605207106,2025-05-09 11h25.42.933660 -0500,
3,0,3,space,6.350223699584603,None,5,1.5730491997674108,None,14.51942540006712,j,0.4331684997305274,None,None,14.984852300025523,14.98523180000484,16.98408760037273,16.984129700344056,17.983939400408417,17.983969300054014,18.99927470041439,,,,,,,1,0,1,0,3,0,3,0,337.2388749998063,,,,,,,,,,,,,,,,,,,,,,,,,,,,,,14.51942540006712,337.2248577000573,337.2388749998063,337.2388749998063,337.2388749998063,337.2388749998063,337.6901818001643,j,0.4331684997305274,None,right,0,14,1,3,33,1,None,14.984852300025523,14.98523180000484,337.69065740006045,337.7053478001617,337.7053478001617,339.7051216000691,339.7051216000691,339.68944069975987,16.98408760037273,16.984129700344056,339.6980261998251,339.7051216000691,339.7051216000691,340.7052031997591,340.7052031997591,340.6893188999966,stimuli/box_empty_transparent.png,17.983939400408417,17.983969300054014,340.68939119996503,340.7052031997591,341.7213281998411,341.7046531997621,18.99927470041439,,,,,,,,,,,,,,,,333333,right,no,None,2025-05-09_11h25.32.581,RL_out-of-scanner,2024.2.4,59.785477605207106,2025-05-09 11h25.42.933660 -0500,
4,0,4,space,6.350223699584603,None,5,1.5730491997674108,None,19.000797300133854,j,0.3424064996652305,None,None,19.367001300211996,19.367398499976844,20.367269000038505,20.367306100204587,21.36734290001914,21.367373900022358,23.866129300091416,,,,,,,1,0,1,0,4,0,4,0,341.7213281998411,,,,,,,,,,,,,,,,,,,,,,,,,,,,,,19.000797300133854,341.70622329972684,341.7213281998411,341.7213281998411,341.7213281998411,341.7213281998411,342.072318600025,j,0.3424064996652305,None,right,0,14,1,3,33,1,None,19.367001300211996,19.367398499976844,342.0728354998864,342.0880185998976,342.0880185998976,343.0886149001308,343.0886149001308,343.0726295001805,20.367269000038505,20.367306100204587,343.0811959998682,343.0886149001308,343.0886149001308,344.08844990003854,344.08844990003854,344.0727214999497,stimuli/box_empty_transparent.png,21.36734290001914,21.367373900022358,344.07279590005055,344.08844990003854,346.58875390002504,346.57151080016047,23.866129300091416,,,,,,,,,,,,,,,,333333,right,no,None,2025-05-09_11h25.32.581,RL_out-of-scanner,2024.2.4,59.785477605207106,2025-05-09 11h25.42.933660 -0500,
5,0,5,space,6.350223699584603,None,5,1.5730491997674108,None,23.86761200008914,k,0.3651606999337673,None,None,24.250583700370044,24.25089710019529,27.750846800394356,27.750884900335222,28.750838600099087,28.750869899988174,30.765450600069016,,,,,,,1,0,1,0,5,0,5,0,346.58875390002504,,,,,,,,,,,,,,,,,,,,,,,,,,,,,,23.86761200008914,346.5730385999195,346.58875390002504,346.58875390002504,346.58875390002504,346.58875390002504,346.9559002998285,k,0.3651606999337673,None,right,1,14,2,3,34,2,None,24.250583700370044,24.25089710019529,346.95632380014285,346.9712314000353,346.9712314000353,350.47133590001613,350.47133590001613,350.45620599994436,27.750846800394356,27.750884900335222,350.46599359996617,350.47133590001613,350.47133590001613,351.4718921999447,351.4718921999447,351.4562173001468,stimuli/box_coin_transparent.png,28.750838600099087,28.750869899988174,351.45629270002246,351.4718921999447,353.4875698001124,353.4708289997652,30.765450600069016,,,,,,,,,,,,,,,,333333,right,no,None,2025-05-09_11h25.32.581,RL_out-of-scanner,2024.2.4,59.785477605207106,2025-05-09 11h25.42.933660 -0500,
6,0,6,space,6.350223699584603,None,5,1.5730491997674108,None,30.767211799975485,k,0.4533020998351276,None,None,31.250003500375897,31.25031530018896,32.25098020024598,32.25101700006053,33.25060460017994,33.250634600408375,34.24952370021492,,,,,,,1,0,1,0,6,0,6,0,353.4875698001124,,,,,,,,,,,,,,,,,,,,,,,,,,,,,,30.767211799975485,353.472645400092,353.4875698001124,353.4875698001124,353.4875698001124,353.4875698001124,353.9553160001524,k,0.4533020998351276,None,right,1,14,3,3,35,3,None,31.250003500375897,31.25031530018896,353.95574470004067,353.97074409993365,353.97074409993365,354.9711039997637,354.9711039997637,354.9563429998234,32.25098020024598,32.25101700006053,354.9661127999425,354.9711039997637,354.9711039997637,355.9713192000054,355.9713192000054,355.9559840001166,stimuli/box_coin_transparent.png,33.25060460017994,33.250634600408375,355.95605559973046,355.9713192000054,356.97156499978155,356.9549066000618,34.24952370021492,,,,,,,,,,,,,,,,333333,right,no,None,2025-05-09_11h25.32.581,RL_out-of-scanner,2024.2.4,59.785477605207106,2025-05-09 11h25.42.933660 -0500,
7,0,7,space,6.350223699584603,None,5,1.5730491997674108,None,34.251058500260115,k,0.3956422000192106,None,None,34.667868399992585,34.66818780032918,36.68249090015888,36.68254140019417,37.69995390018448,37.69998890021816,39.6995334001258,,,,,,,1,0,1,0,7,0,7,0,356.97156499978155,,,,,,,,,,,,,,,,,,,,,,,,,,,,,,34.251058500260115,356.95648470008746,356.97156499978155,356.97156499978155,356.97156499978155,356.97156499978155,357.3731909999624,k,0.3956422000192106,None,right,1,14,4,3,36,4,None,34.667868399992585,34.66818780032918,357.373618000187,357.3886179998517,357.3886179998517,359.4056190000847,359.4056190000847,359.3878385000862,36.68249090015888,36.68254140019417,359.40047460002825,359.4056190000847,359.4056190000847,,,360.4053190997802,stimuli/box_coin_transparent.png,37.69995390018448,37.69998890021816,360.40541409980506,360.42125259991735,362.4238411998376,362.40491149993613,39.6995334001258,,,,,,,,,,,,,,,,333333,right,no,None,2025-05-09_11h25.32.581,RL_out-of-scanner,2024.2.4,59.785477605207106,2025-05-09 11h25.42.933660 -0500,
8,0,8,space,6.350223699584603,None,5,1.5730491997674108,None,39.70115300035104,k,0.3079618997871876,None,None,40.03385000023991,40.03416190017015,43.03234430029988,43.032389000058174,44.03295930009335,44.03300180006772,45.53349980013445,,,,,,,1,0,1,0,8,0,8,0,362.4238411998376,,,,,,,,,,,,,,,,,,,,,,,,,,,,,,39.70115300035104,362.4065791000612,362.4238411998376,362.4238411998376,362.4238411998376,362.4238411998376,362.73915020003915,k,0.3079618997871876,None,right,0,14,4,3,37,4,None,40.03385000023991,40.03416190017015,362.73959069978446,362.75474409991875,362.75474409991875,365.7545555001125,365.7545555001125,365.73770149983466,43.03234430029988,43.032389000058174,365.74695240007713,365.7545555001125,365.7545555001125,,,366.7383217001334,stimuli/box_empty_transparent.png,44.03295930009335,44.03300180006772,366.7384337000549,366.7545435000211,368.2550523998216,368.23888040008023,45.53349980013445,,,,,,,,,,,,,,,,333333,right,no,None,2025-05-09_11h25.32.581,RL_out-of-scanner,2024.2.4,59.785477605207106,2025-05-09 11h25.42.933660 -0500,
9,0,9,space,6.350223699584603,None,5,1.5730491997674108,None,45.53501110011712,j,0.2809118996374309,None,None,45.833917000330985,45.83428440010175,47.334435400087386,47.33447340037674,48.33204030012712,48.33208140032366,50.33252560021356,,,,,,,1,0,1,0,9,0,9,0,368.2550523998216,,,,,,,,,,,,,,,,,,,,,,,,,,,,,,45.53501110011712,368.2404375001788,368.2550523998216,368.2550523998216,368.2550523998216,368.2550523998216,368.53925639996305,j,0.2809118996374309,None,right,0,14,4,3,37,4,None,45.833917000330985,45.83428440010175,368.53971070004627,368.55486869998276,368.55486869998276,370.05413269996643,370.05413269996643,370.03979329997674,47.334435400087386,47.33447340037674,370.04797279974446,370.05413269996643,370.05413269996643,371.0532558998093,371.0532558998093,371.037394199986,stimuli/box_empty_transparent.png,48.33204030012712,48.33208140032366,371.0375172998756,371.0532558998093,373.0546454000287,373.03790709981695,50.33252560021356,,,,,,,,,,,,,,,,333333,right,no,None,2025-05-09_11h25.32.581,RL_out-of-scanner,2024.2.4,59.785477605207106,2025-05-09 11h25.42.933660 -0500,
10,0,10,space,6.350223699584603,None,5,1.5730491997674108,None,50.33397290017456,k,0.9725755997933447,None,['k'],51.33380840020254,51.334072600118816,52.83284900011495,52.83288430003449,53.83296440029517,53.83299680007622,54.831397200003266,[0.2668768996372819],[0.11025460017845035],,,,,1,0,1,0,10,0,10,0,373.0546454000287,,,,,,,,,,,,,,,,,,,,,,,,,,,,,,50.33397290017456,373.0393984997645,373.0546454000287,373.0546454000287,373.0546454000287,373.0546454000287,374.0391130000353,k,0.9725755997933447,None,right,1,14,5,3,38,5,['k'],51.33380840020254,51.334072600118816,374.0394962998107,374.0545295998454,374.0545295998454,375.5539861000143,375.5539861000143,375.53820879990235,52.83284900011495,52.83288430003449,375.54798839986324,375.5539861000143,375.5539861000143,376.5535464999266,376.5535464999266,376.5383389000781,stimuli/box_coin_transparent.png,53.83296440029517,53.83299680007622,376.5384161998518,376.5535464999266,377.5533833000809,377.53676899988204,54.831397200003266,,,,,,,,,,,,[0.2668768996372819],[0.11025460017845035],,,333333,right,no,None,2025-05-09_11h25.32.581,RL_out-of-scanner,2024.2.4,59.785477605207106,2025-05-09 11h25.42.933660 -0500,
11,0,11,space,6.350223699584603,None,5,1.5730491997674108,None,54.83356760023162,k,0.3458328996784985,None,None,55.199784700293094,55.200110600329936,57.200271900277585,57.200308999978006,58.198546500410885,58.198589500039816,59.69909540005028,,,,,,,1,0,1,0,11,0,11,0,377.5533833000809,,,,,,,,,,,,,,,,,,,,,,,,,,,,,,54.83356760023162,377.5390067999251,377.5533833000809,377.5533833000809,377.5533833000809,377.5533833000809,377.9051067000255,k,0.3458328996784985,None,right,1,14,6,3,39,6,None,55.199784700293094,55.200110600329936,377.9055492999032,377.9207978998311,377.9207978998311,379.92040659999475,379.92040659999475,379.90563130006194,57.200271900277585,57.200308999978006,379.91536490013823,379.92040659999475,379.92040659999475,380.9197987001389,380.9197987001389,380.9039154998027,stimuli/box_coin_transparent.png,58.198546500410885,58.198589500039816,380.9040278997272,380.9197987001389,382.4221776998602,382.4044765001163,59.69909540005028,,,,,,,,,,,,,,,,333333,right,no,None,2025-05-09_11h25.32.581,RL_out-of-scanner,2024.2.4,59.785477605207106,2025-05-09 11h25.42.933660 -0500,
12,0,12,space,6.350223699584603,None,5,1.5730491997674108,None,59.700536200311035,k,1.231264099944383,None,None,60.96589810028672,60.9662630003877,61.96632870007306,61.96636650012806,62.966519200243056,62.96655080001801,65.96622780011967,,,,,,,1,0,1,0,12,0,12,0,382.4221776998602,,,,,,,,,,,,,,,,,,,,,,,,,,,,,,59.700536200311035,382.40596209978685,382.4221776998602,382.4221776998602,382.4221776998602,382.4221776998602,383.6712083001621,k,1.231264099944383,None,right,0,14,6,3,40,6,None,60.96589810028672,60.9662630003877,383.6717044999823,383.68675519991666,383.68675519991666,384.6875184997916,384.6875184997916,384.6716895997524,61.96632870007306,61.96636650012806,384.67984580015764,384.6875184997916,384.6875184997916,,,385.67189610004425,stimuli/box_empty_transparent.png,62.966519200243056,62.96655080001801,385.6719885999337,385.6871404000558,388.6868992000818,388.67160680005327,65.96622780011967,,,,,,,,,,,,,,,,333333,right,no,None,2025-05-09_11h25.32.581,RL_out-of-scanner,2024.2.4,59.785477605207106,2025-05-09 11h25.42.933660 -0500,
13,0,13,space,6.350223699584603,None,5,1.5730491997674108,None,65.96798600023612,j,0.29498889995738864,None,None,66.28245210042223,66.28287450037897,66.78162780031562,66.78167150029913,67.78204670036212,67.7820853004232,69.78166260011494,,,,,,,1,0,1,0,13,0,13,0,388.6868992000818,,,,,,,,,,,,,,,,,,,,,,,,,,,,,,65.96798600023612,388.67342119989917,388.6868992000818,388.6868992000818,388.6868992000818,388.6868992000818,388.98776119994,j,0.29498889995738864,None,right,0,14,6,3,40,6,None,66.28245210042223,66.28287450037897,388.9883186998777,389.0032140999101,389.0032140999101,389.5037036999129,389.5037036999129,389.4869833001867,66.78162780031562,66.78167150029913,389.4963712999597,389.5037036999129,389.5037036999129,,,390.4874176001176,stimuli/box_empty_transparent.png,67.78204670036212,67.7820853004232,390.4875305998139,390.5034586000256,392.50367939984426,392.48704360006377,69.78166260011494,,,,,,,,,,,,,,,,333333,right,no,None,2025-05-09_11h25.32.581,RL_out-of-scanner,2024.2.4,59.785477605207106,2025-05-09 11h25.42.933660 -0500,
14,0,14,space,6.350223699584603,None,5,1.5730491997674108,None,69.78315120004117,k,0.30628230003640056,None,None,70.11679710028693,70.1170598003082,71.61629300005734,71.61633820040151,72.63105460023507,72.63108970038593,73.63228989997879,,,,,,,1,0,1,0,14,0,14,0,392.50367939984426,,,,,,,,,,,,,,,,,,,,,,,,,,,,,,69.78315120004117,392.4885768997483,392.50367939984426,392.50367939984426,392.50367939984426,392.50367939984426,392.82213590014726,k,0.30628230003640056,None,right,1,14,7,3,41,7,None,70.11679710028693,70.1170598003082,392.8224832001142,392.83770920010284,392.83770920010284,394.33797319978476,394.33797319978476,394.32163289980963,71.61629300005734,71.61633820040151,394.33203659998253,394.33797319978476,394.33797319978476,,,395.33642790000886,stimuli/box_coin_transparent.png,72.63105460023507,72.63108970038593,395.33651869976893,395.3524531000294,396.3549768999219,396.33766459999606,73.63228989997879,,,,,,,,,,,,,,,,333333,right,no,None,2025-05-09_11h25.32.581,RL_out-of-scanner,2024.2.4,59.785477605207106,2025-05-09 11h25.42.933660 -0500,
15,0,15,space,6.350223699584603,None,5,1.5730491997674108,None,73.63425220036879,k,0.4296232000924647,None,None,74.08359080040827,74.08385320007801,75.08238270040601,75.08242750028148,76.08255770010874,76.08258859999478,78.0974793001078,,,,,,,1,0,1,0,15,0,15,0,396.3549768999219,,,,,,,,,,,,,,,,,,,,,,,,,,,,,,73.63425220036879,396.3396863001399,396.3549768999219,396.3549768999219,396.3549768999219,396.3549768999219,396.788929999806,k,0.4296232000924647,None,right,1,14,8,3,42,8,None,74.08359080040827,74.08385320007801,396.7892768997699,396.80380260013044,396.80380260013044,397.80315379984677,397.80315379984677,397.7877340000123,75.08238270040601,75.08242750028148,397.798159299884,397.80315379984677,397.80315379984677,398.803934100084,398.803934100084,398.78793579991907,stimuli/box_coin_transparent.png,76.08255770010874,76.08258859999478,398.7880099997856,398.803934100084,400.81953949993476,400.80285880016163,78.0974793001078,,,,,,,,,,,,,,,,333333,right,no,None,2025-05-09_11h25.32.581,RL_out-of-scanner,2024.2.4,59.785477605207106,2025-05-09 11h25.42.933660 -0500,
16,0,16,space,6.350223699584603,None,5,1.5730491997674108,None,78.09923710022122,k,0.2847774000838399,None,None,78.41532120015472,78.41560930013657,80.41536830039695,80.41540640033782,81.41594930039719,81.41597960004583,82.43154140003026,,,,,,,1,0,1,0,16,0,16,0,400.81953949993476,,,,,,,,,,,,,,,,,,,,,,,,,,,,,,78.09923710022122,400.8046705001034,400.81953949993476,400.81953949993476,400.81953949993476,400.81953949993476,401.12064450001344,k,0.2847774000838399,None,right,1,14,9,3,43,9,None,78.41532120015472,78.41560930013657,401.1210400001146,401.1361520001665,401.1361520001665,403.1364241000265,403.1364241000265,403.1207284000702,80.41536830039695,80.41540640033782,403.1305073997937,403.1364241000265,403.1364241000265,404.1382332001813,404.1382332001813,404.1213249997236,stimuli/box_coin_transparent.png,81.41594930039719,81.41597960004583,404.121401600074,404.1382332001813,405.15379479993135,405.1369206998497,82.43154140003026,,,,,,,,,,,,,,,,333333,right,no,None,2025-05-09_11h25.32.581,RL_out-of-scanner,2024.2.4,59.785477605207106,2025-05-09 11h25.42.933660 -0500,
17,0,17,space,6.350223699584603,None,5,1.5730491997674108,None,82.43336490029469,k,0.28043629974126816,None,None,82.7325938004069,82.7329068002291,83.74794130027294,83.74798390036449,84.74816399998963,84.74819680023938,85.7485140003264,,,,,,,1,0,1,0,17,0,17,0,405.15379479993135,,,,,,,,,,,,,,,,,,,,,,,,,,,,,,82.43336490029469,405.1387972999364,405.15379479993135,405.15379479993135,405.15379479993135,405.15379479993135,405.43790529994294,k,0.28043629974126816,None,right,0,14,9,3,44,9,None,82.7325938004069,82.7329068002291,405.43833599984646,405.4541436000727,405.4541436000727,406.469830899965,406.469830899965,406.45329950004816,83.74794130027294,83.74798390036449,406.46262319991365,406.469830899965,406.469830899965,,,407.45352850016207,stimuli/box_empty_transparent.png,84.74816399998963,84.74819680023938,407.45362270018086,407.4690776001662,408.46935460017994,408.45389509992674,85.7485140003264,,,,,,,,,,,,,,,,333333,right,no,None,2025-05-09_11h25.32.581,RL_out-of-scanner,2024.2.4,59.785477605207106,2025-05-09 11h25.42.933660 -0500,
18,0,18,space,6.350223699584603,None,5,1.5730491997674108,None,85.75002000015229,j,0.3590088998898864,None,None,86.13177690003067,86.13206600025296,89.63099570013583,89.63104070024565,90.63141999999061,90.63145750015974,92.63176540005952,,,,,,,1,0,1,0,18,0,18,0,408.46935460017994,,,,,,,,,,,,,,,,,,,,,,,,,,,,,,85.75002000015229,408.45544590009376,408.46935460017994,408.46935460017994,408.46935460017994,408.46935460017994,408.8371172999032,j,0.3590088998898864,None,right,0,14,9,3,44,9,None,86.13177690003067,86.13206600025296,408.837490899954,408.8526889998466,408.8526889998466,412.3531411997974,412.3531411997974,412.33635370014235,89.63099570013583,89.63104070024565,412.34548769984394,412.3531411997974,412.3531411997974,413.35365519998595,413.35365519998595,413.3367952001281,stimuli/box_empty_transparent.png,90.63141999999061,90.63145750015974,413.33688540011644,413.35365519998595,415.3532611997798,415.33714739978313,92.63176540005952,,,,,,,,,,,,,,,,333333,right,no,None,2025-05-09_11h25.32.581,RL_out-of-scanner,2024.2.4,59.785477605207106,2025-05-09 11h25.42.933660 -0500,
19,0,19,space,6.350223699584603,None,5,1.5730491997674108,None,92.63324490003288,k,0.2499122996814549,None,None,92.90007840003818,92.90039880014956,93.89854940026999,93.89859390025958,94.89878410007805,94.89881850033998,96.39682810008526,,,,,,,1,0,1,0,19,0,19,0,415.3532611997798,,,,,,,,,,,,,,,,,,,,,,,,,,,,,,92.63324490003288,415.3386703999713,415.3532611997798,415.3532611997798,415.3532611997798,415.3532611997798,415.60541709978133,k,0.2499122996814549,None,right,1,14,10,3,45,10,None,92.90007840003818,92.90039880014956,415.605824300088,415.61942690005526,415.61942690005526,416.61971249990165,416.61971249990165,416.6039009001106,93.89854940026999,93.89859390025958,416.61435109982267,416.61971249990165,416.61971249990165,417.6192441000603,417.6192441000603,417.6041581998579,stimuli/box_coin_transparent.png,94.89878410007805,94.89881850033998,417.6042451001704,417.6192441000603,419.1189685999416,419.1022104998119,96.39682810008526,,,,,,,,,,,,,,,,333333,right,no,None,2025-05-09_11h25.32.581,RL_out-of-scanner,2024.2.4,59.785477605207106,2025-05-09 11h25.42.933660 -0500,
20,0,20,space,6.350223699584603,None,5,1.5730491997674108,None,96.39832670008764,None,,,None,97.89774910034612,97.8978330004029,99.89916500030085,99.89920530002564,100.89881180040538,100.89884999999776,102.89767860015854,,,,,,,1,0,1,0,20,0,20,0,419.1189685999416,,,,,,,,,,,,,,,,,,,,,,,,,,,,,,96.39832670008764,419.10375380003825,419.1189685999416,419.1189685999416,419.1189685999416,419.1189685999416,420.6030863998458,None,,,right,1,14,10,3,45,10,None,97.89774910034612,97.8978330004029,420.6032603001222,420.6198848998174,420.6198848998174,422.6192636000924,422.6192636000924,422.6045169001445,99.89916500030085,99.89920530002564,422.6131178000942,422.6192636000924,422.6192636000924,423.61919969972223,423.61919969972223,423.60418740008026,no selection made,100.89881180040538,100.89884999999776,423.6042741998099,423.61919969972223,425.61964359972626,425.60306009976193,102.89767860015854,,,,,,,,,,,,,,,,333333,right,no,None,2025-05-09_11h25.32.581,RL_out-of-scanner,2024.2.4,59.785477605207106,2025-05-09 11h25.42.933660 -0500,
21,0,21,space,6.350223699584603,None,5,1.5730491997674108,None,102.89911950007081,j,0.305430700071156,None,None,103.23277800017968,103.23317570006475,106.23159700026736,106.23164120037109,107.23133070021868,107.23136690026149,108.73075460037217,,,,,,,1,0,1,0,21,0,21,0,425.61964359972626,,,,,,,,,,,,,,,,,,,,,,,,,,,,,,102.89911950007081,425.6045454000123,425.61964359972626,425.61964359972626,425.61964359972626,425.61964359972626,425.9380982001312,j,0.305430700071156,None,right,1,14,10,3,45,10,None,103.23277800017968,103.23317570006475,425.9386062999256,425.9529213998467,425.9529213998467,428.95248989993706,428.95248989993706,428.9369505997747,106.23159700026736,106.23164120037109,428.94531079987064,428.95248989993706,428.95248989993706,429.951949799899,429.951949799899,429.93670640001073,stimuli/box_empty_transparent.png,107.23133070021868,107.23136690026149,429.9367956998758,429.951949799899,431.45275099994615,431.43613759987056,108.73075460037217,,,,,,,,,,,,,,,,333333,right,no,None,2025-05-09_11h25.32.581,RL_out-of-scanner,2024.2.4,59.785477605207106,2025-05-09 11h25.42.933660 -0500,
22,0,22,space,6.350223699584603,None,5,1.5730491997674108,None,108.73227480007336,k,0.36066569993272424,None,None,109.11560490028933,109.11587320035324,110.61535080010071,110.6153967003338,111.61458900012076,111.61462480016053,113.61467320006341,,,,,,,1,0,1,0,22,0,22,0,431.45275099994615,,,,,,,,,,,,,,,,,,,,,,,,,,,,,,108.73227480007336,431.4377011000179,431.45275099994615,431.45275099994615,431.45275099994615,431.45275099994615,431.8209235998802,k,0.36066569993272424,None,right,1,14,11,3,46,11,None,109.11560490028933,109.11587320035324,431.8212963999249,431.8359940997325,431.8359940997325,433.3361303000711,433.3361303000711,433.3207060000859,110.61535080010071,110.6153967003338,433.33095759991556,433.3361303000711,433.3361303000711,434.33569339988753,434.33569339988753,434.31996480003,stimuli/box_coin_transparent.png,111.61458900012076,111.61462480016053,434.3200528998859,434.33569339988753,436.3353074998595,436.32005199976265,113.61467320006341,,,,,,,,,,,,,,,,333333,right,no,None,2025-05-09_11h25.32.581,RL_out-of-scanner,2024.2.4,59.785477605207106,2025-05-09 11h25.42.933660 -0500,
23,0,23,space,6.350223699584603,None,5,1.5730491997674108,None,113.61634030006826,k,0.4147243998013437,None,None,114.04759730026126,114.04786350019276,115.5476585002616,115.54769680043682,116.5476800003089,116.54771040007472,118.04736710013822,,,,,,,1,0,1,0,23,0,23,0,436.3353074998595,,,,,,,,,,,,,,,,,,,,,,,,,,,,,,113.61634030006826,436.3217739001848,436.3353074998595,436.3353074998595,436.3353074998595,436.3353074998595,436.7529056998901,k,0.4147243998013437,None,right,0,14,11,3,47,11,None,114.04759730026126,114.04786350019276,436.7532868999988,436.76838519982994,436.76838519982994,438.2693782998249,438.2693782998249,438.25301889982074,115.5476585002616,115.54769680043682,438.2614802001044,438.2693782998249,438.2693782998249,439.26882109977305,439.26882109977305,439.25305739976466,stimuli/box_empty_transparent.png,116.5476800003089,116.54771040007472,439.2531324001029,439.26882109977305,440.7699385001324,440.7527486998588,118.04736710013822,,,,,,,,,,,,,,,,333333,right,no,None,2025-05-09_11h25.32.581,RL_out-of-scanner,2024.2.4,59.785477605207106,2025-05-09 11h25.42.933660 -0500,
24,0,24,space,6.350223699584603,None,5,1.5730491997674108,None,118.0488567003049,j,0.5865185996517539,None,None,118.66485800035298,118.66518480004743,120.6644717999734,120.66451030038297,121.66454900009558,121.6645844001323,123.16431310027838,,,,,,,1,0,1,0,24,0,24,0,440.7699385001324,,,,,,,,,,,,,,,,,,,,,,,,,,,,,,118.0488567003049,440.75428219977766,440.7699385001324,440.7699385001324,440.7699385001324,440.7699385001324,441.37019759975374,j,0.5865185996517539,None,right,0,14,11,3,47,11,None,118.66485800035298,118.66518480004743,441.37060880009085,441.38607810018584,441.38607810018584,443.3854883997701,443.3854883997701,443.36983199976385,120.6644717999734,120.66451030038297,443.37796609988436,443.3854883997701,443.3854883997701,444.3858125000261,444.3858125000261,444.36992379976436,stimuli/box_empty_transparent.png,121.66454900009558,121.6645844001323,444.37001139996573,444.3858125000261,445.8861046000384,445.8696912997402,123.16431310027838,,,,,,,,,,,,,,,,333333,right,no,None,2025-05-09_11h25.32.581,RL_out-of-scanner,2024.2.4,59.785477605207106,2025-05-09 11h25.42.933660 -0500,
25,0,25,space,6.350223699584603,None,5,1.5730491997674108,None,123.16617750003934,k,0.3579858997836709,None,None,123.54874170012772,123.54900450026616,124.54789690021425,124.54793480038643,125.54649170022458,125.54652720037848,129.0489102001302,,,,,,,1,0,1,0,25,0,25,0,445.8861046000384,,,,,,,,,,,,,,,,,,,,,,,,,,,,,,123.16617750003934,445.87160399975255,445.8861046000384,445.8861046000384,445.8861046000384,445.8861046000384,446.2540802001022,k,0.3579858997836709,None,right,1,14,12,3,48,12,None,123.54874170012772,123.54900450026616,446.25442769983783,446.26946899993345,446.26946899993345,447.2687085000798,447.2687085000798,447.25325619988143,124.54789690021425,124.54793480038643,447.26297929976135,447.2687085000798,447.2687085000798,448.2676177001558,448.2676177001558,448.25186740001664,stimuli/box_coin_transparent.png,125.54649170022458,125.54652720037848,448.2519553001039,448.2676177001558,451.7686820998788,451.7542885001749,129.0489102001302,,,,,,,,,,,,,,,,333333,right,no,None,2025-05-09_11h25.32.581,RL_out-of-scanner,2024.2.4,59.785477605207106,2025-05-09 11h25.42.933660 -0500,
26,0,26,space,6.350223699584603,None,5,1.5730491997674108,None,129.05046270042658,j,0.5160702001303434,None,None,129.58200450008735,129.58236630028114,130.08083270024508,130.0808704001829,131.07960670022294,131.07963629998267,134.58012290019542,,,,,,,1,0,1,0,26,0,26,0,451.7686820998788,,,,,,,,,,,,,,,,,,,,,,,,,,,,,,129.05046270042658,451.75588880013674,451.7686820998788,451.7686820998788,451.7686820998788,451.7686820998788,452.2873455998488,j,0.5160702001303434,None,right,1,14,12,3,48,12,None,129.58200450008735,129.58236630028114,452.28779219975695,452.3018077998422,452.3018077998422,452.801804699935,452.801804699935,452.7861938998103,130.08083270024508,130.0808704001829,452.7945341998711,452.801804699935,452.801804699935,453.800820000004,453.800820000004,453.7849869001657,stimuli/box_empty_transparent.png,131.07960670022294,131.07963629998267,453.7850572001189,453.800820000004,457.3021812001243,457.2855035997927,134.58012290019542,,,,,,,,,,,,,,,,333333,right,no,None,2025-05-09_11h25.32.581,RL_out-of-scanner,2024.2.4,59.785477605207106,2025-05-09 11h25.42.933660 -0500,
27,0,27,space,6.350223699584603,None,5,1.5730491997674108,None,134.58158360002562,k,0.5338517003692687,None,None,135.1478997003287,135.14817920001224,136.64732930017635,136.647372700274,137.64676090003923,137.6468086000532,138.64668840030208,,,,,,,1,0,1,0,27,0,27,0,457.3021812001243,,,,,,,,,,,,,,,,,,,,,,,,,,,,,,134.58158360002562,457.2870093998499,457.3021812001243,457.3021812001243,457.3021812001243,457.3021812001243,457.8532404000871,k,0.5338517003692687,None,right,1,14,13,3,49,13,None,135.1478997003287,135.14817920001224,457.85360240004957,457.86879019998014,457.86879019998014,459.3683321001008,459.3683321001008,459.352682699915,136.64732930017635,136.647372700274,459.36273710010573,459.3683321001008,459.3683321001008,460.3672261000611,460.3672261000611,460.3521282998845,stimuli/box_coin_transparent.png,137.64676090003923,137.6468086000532,460.3522514998913,460.3672261000611,461.36861679982394,461.35207000002265,138.64668840030208,,,,,,,,,,,,,,,,333333,right,no,None,2025-05-09_11h25.32.581,RL_out-of-scanner,2024.2.4,59.785477605207106,2025-05-09 11h25.42.933660 -0500,
28,0,28,space,6.350223699584603,None,5,1.5730491997674108,None,138.6481630001217,j,0.4746797000989318,None,None,139.1479845000431,139.1483551003039,140.14701100019738,140.1470493003726,141.14739910000935,141.14743070024997,144.64628580026329,,,,,,,1,0,1,0,28,0,28,0,461.36861679982394,,,,,,,,,,,,,,,,,,,,,,,,,,,,,,138.6481630001217,461.3535889000632,461.36861679982394,461.36861679982394,461.36861679982394,461.36861679982394,461.8533211001195,j,0.4746797000989318,None,right,1,14,13,3,49,13,None,139.1479845000431,139.1483551003039,461.85378499981016,461.86835419991985,461.86835419991985,462.86829649982974,462.86829649982974,462.85237170010805,140.14701100019738,140.1470493003726,462.86053190007806,462.86829649982974,462.86829649982974,463.86817929986864,463.86817929986864,463.85277710016817,stimuli/box_empty_transparent.png,141.14739910000935,141.14743070024997,463.8528534998186,463.86817929986864,467.3684797999449,467.3516669999808,144.64628580026329,,,,,,,,,,,,,,,,333333,right,no,None,2025-05-09_11h25.32.581,RL_out-of-scanner,2024.2.4,59.785477605207106,2025-05-09 11h25.42.933660 -0500,
29,0,29,space,6.350223699584603,None,5,1.5730491997674108,None,144.64778020000085,k,0.5198917998932302,None,None,145.19762660004199,145.19790500029922,147.21261790022254,147.21265430003405,148.21332500036806,148.213367999997,149.21250790031627,,,,,,,1,0,1,0,29,0,29,0,467.3684797999449,,,,,,,,,,,,,,,,,,,,,,,,,,,,,,144.64778020000085,467.3532076999545,467.3684797999449,467.3684797999449,467.3684797999449,467.3684797999449,467.90295450016856,k,0.5198917998932302,None,right,1,14,14,3,50,14,None,145.19762660004199,145.19790500029922,467.90332859987393,467.9187063998543,467.9187063998543,469.93487419979647,469.93487419979647,469.91798279993236,147.21261790022254,147.21265430003405,469.9289771998301,469.93487419979647,469.93487419979647,,,470.91870129993185,stimuli/box_coin_transparent.png,148.21332500036806,148.213367999997,470.91879320004955,470.9344770000316,471.93415350001305,471.91788920015097,149.21250790031627,,,,,,,,,,,,,,,,333333,right,no,None,2025-05-09_11h25.32.581,RL_out-of-scanner,2024.2.4,59.785477605207106,2025-05-09 11h25.42.933660 -0500,
30,0,30,space,6.350223699584603,None,5,1.5730491997674108,None,149.21419950015843,j,0.3669608999043703,None,None,149.61307290010154,149.61348360031843,150.61336130043492,150.6133986003697,151.61347320023924,151.61351150041446,152.6129553001374,,,,,,,1,0,1,0,30,0,30,0,471.93415350001305,,,,,,,,,,,,,,,,,,,,,,,,,,,,,,149.21419950015843,471.91962829977274,471.93415350001305,471.93415350001305,471.93415350001305,471.93415350001305,472.3183848997578,j,0.3669608999043703,None,left,1,15,1,4,51,15,None,149.61307290010154,149.61348360031843,472.31894049979746,472.3351989998482,472.3351989998482,473.33454769989476,473.33454769989476,473.3187222001143,150.61336130043492,150.6133986003697,473.3288258998655,473.33454769989476,473.33454769989476,474.33383010001853,474.33383010001853,474.3188518998213,stimuli/box_coin_transparent.png,151.61347320023924,151.61351150041446,474.31893469998613,474.33383010001853,475.33545150002465,475.31833329983056,152.6129553001374,,,,,,,,,,,,,,,,333333,right,no,None,2025-05-09_11h25.32.581,RL_out-of-scanner,2024.2.4,59.785477605207106,2025-05-09 11h25.42.933660 -0500,
31,0,31,space,6.350223699584603,None,5,1.5730491997674108,None,152.61453500017524,k,0.3908413997851312,None,None,153.0308296000585,153.03109340043738,156.02988780010492,156.02992730028927,157.02973429998383,157.02976609999314,159.52942789997905,,,,,,,1,0,1,0,31,0,31,0,475.33545150002465,,,,,,,,,,,,,,,,,,,,,,,,,,,,,,152.61453500017524,475.3199616000056,475.33545150002465,475.33545150002465,475.33545150002465,475.33545150002465,475.7361655998975,k,0.3908413997851312,None,left,1,15,1,4,51,15,None,153.0308296000585,153.03109340043738,475.7365163001232,475.75178819987923,475.75178819987923,478.7518246998079,478.7518246998079,478.7352477000095,156.02988780010492,156.02992730028927,478.7436119997874,478.7518246998079,478.7518246998079,479.7511360999197,479.7511360999197,479.73511239979416,stimuli/box_empty_transparent.png,157.02973429998383,157.02976609999314,479.7351870997809,479.7511360999197,482.2512671998702,482.23480910016224,159.52942789997905,,,,,,,,,,,,,,,,333333,right,no,None,2025-05-09_11h25.32.581,RL_out-of-scanner,2024.2.4,59.785477605207106,2025-05-09 11h25.42.933660 -0500,
32,0,32,space,6.350223699584603,None,5,1.5730491997674108,None,159.53095840010792,j,0.4009656999260187,None,None,159.9638261999935,159.96421190025285,160.97888070018962,160.97893550014123,161.9792285002768,161.97925920039415,162.97914150031283,,,,,,,1,0,1,0,32,0,32,0,482.2512671998702,,,,,,,,,,,,,,,,,,,,,,,,,,,,,,159.53095840010792,482.23638440016657,482.2512671998702,482.2512671998702,482.2512671998702,482.2512671998702,482.66914919996634,j,0.4009656999260187,None,left,0,15,1,4,52,15,None,159.9638261999935,159.96421190025285,482.66964219976217,482.6851570000872,482.6851570000872,483.7009950997308,483.7009950997308,483.68422619998455,160.97888070018962,160.97893550014123,483.69471979979426,483.7009950997308,483.7009950997308,,,484.68460519984365,stimuli/box_empty_transparent.png,161.9792285002768,161.97925920039415,484.6846831999719,484.70039170002565,485.70115969982,485.6845225999132,162.97914150031283,,,,,,,,,,,,,,,,333333,right,no,None,2025-05-09_11h25.32.581,RL_out-of-scanner,2024.2.4,59.785477605207106,2025-05-09 11h25.42.933660 -0500,
33,0,33,space,6.350223699584603,None,5,1.5730491997674108,None,162.98066340014338,k,0.49965040013194084,None,None,163.49771290039644,163.49797470029444,165.49609740031883,165.49613530002534,166.51382150035352,166.51385470014066,168.01263220002875,,,,,,,1,0,1,0,33,0,33,0,485.70115969982,,,,,,,,,,,,,,,,,,,,,,,,,,,,,,162.98066340014338,485.68608930008486,485.70115969982,485.70115969982,485.70115969982,485.70115969982,486.2030528001487,k,0.49965040013194084,None,left,0,15,1,4,52,15,None,163.49771290039644,163.49797470029444,486.2033983999863,486.21757530001923,486.21757530001923,488.2181278001517,488.2181278001517,488.201456699986,165.49609740031883,165.49613530002534,488.20988490013406,488.2181278001517,488.2181278001517,,,489.21918859984726,stimuli/box_empty_transparent.png,166.51382150035352,166.51385470014066,489.21928060008213,489.2335208998993,490.7343373000622,490.71801020018756,168.01263220002875,,,,,,,,,,,,,,,,333333,right,no,None,2025-05-09_11h25.32.581,RL_out-of-scanner,2024.2.4,59.785477605207106,2025-05-09 11h25.42.933660 -0500,
34,0,34,space,6.350223699584603,None,5,1.5730491997674108,None,168.01422940008342,k,0.2839232999831438,None,None,168.33046620013192,168.33074560016394,171.3293543001637,171.32939220033586,172.32987070037052,172.32990030013025,174.82922010030597,,,,,,,1,0,1,0,34,0,34,0,490.7343373000622,,,,,,,,,,,,,,,,,,,,,,,,,,,,,,168.01422940008342,490.7196558001451,490.7343373000622,490.7343373000622,490.7343373000622,490.7343373000622,491.03579689981416,k,0.2839232999831438,None,left,0,15,1,4,52,15,None,168.33046620013192,168.33074560016394,491.03616899996996,491.0511953998357,491.0511953998357,494.0506482999772,494.0506482999772,494.03471430018544,171.3293543001637,171.32939220033586,494.04401789978147,494.0506482999772,494.0506482999772,495.0505731999874,495.0505731999874,495.03524979995564,stimuli/box_empty_transparent.png,172.32987070037052,172.32990030013025,495.03532169992104,495.0505731999874,497.5505503001623,497.53459959989414,174.82922010030597,,,,,,,,,,,,,,,,333333,right,no,None,2025-05-09_11h25.32.581,RL_out-of-scanner,2024.2.4,59.785477605207106,2025-05-09 11h25.42.933660 -0500,
35,0,35,space,6.350223699584603,None,5,1.5730491997674108,None,174.83082500007004,k,0.5445980997756124,None,None,175.39661190006882,175.39693470019847,176.89611320011318,176.89615050004795,177.89639860019088,177.89642840018496,178.91112730000168,,,,,,,1,0,1,0,35,0,35,0,497.5505503001623,,,,,,,,,,,,,,,,,,,,,,,,,,,,,,174.83082500007004,497.53625079989433,497.5505503001623,497.5505503001623,497.5505503001623,497.5505503001623,498.1019346998073,k,0.5445980997756124,None,left,0,15,1,4,52,15,None,175.39661190006882,175.39693470019847,498.1023654001765,498.1174272997305,498.1174272997305,499.6168197998777,499.6168197998777,499.60147029999644,176.89611320011318,176.89615050004795,499.6097829998471,499.6168197998777,499.6168197998777,500.617178699933,500.617178699933,500.6017783000134,stimuli/box_empty_transparent.png,177.89639860019088,177.89642840018496,500.6018501999788,500.617178699933,501.6331535000354,501.6165062999353,178.91112730000168,,,,,,,,,,,,,,,,333333,right,no,None,2025-05-09_11h25.32.581,RL_out-of-scanner,2024.2.4,59.785477605207106,2025-05-09 11h25.42.933660 -0500,
36,0,36,space,6.350223699584603,None,5,1.5730491997674108,None,178.91294080018997,j,0.2772613000124693,None,None,179.21248820004985,179.21291670016944,180.71294460026547,180.71298140008003,181.71251170011237,181.71254210034385,185.22754060011357,,,,,,,1,0,1,0,36,0,36,0,501.6331535000354,,,,,,,,,,,,,,,,,,,,,,,,,,,,,,178.91294080018997,501.6183774000965,501.6331535000354,501.6331535000354,501.6331535000354,501.6331535000354,501.9177994998172,j,0.2772613000124693,None,left,0,15,1,4,53,15,None,179.21248820004985,179.21291670016944,501.91835949989036,501.9337321999483,501.9337321999483,503.43379479972646,503.43379479972646,503.4183080000803,180.71294460026547,180.71298140008003,503.4268692000769,503.43379479972646,503.43379479972646,504.43359130015597,504.43359130015597,504.41788950003684,stimuli/box_empty_transparent.png,181.71251170011237,181.71254210034385,504.41796340001747,504.43359130015597,507.94955909997225,507.9329201998189,185.22754060011357,,,,,,,,,,,,,,,,333333,right,no,None,2025-05-09_11h25.32.581,RL_out-of-scanner,2024.2.4,59.785477605207106,2025-05-09 11h25.42.933660 -0500,
37,0,37,space,6.350223699584603,None,5,1.5730491997674108,None,185.22927850019187,k,0.29388330038636923,None,None,185.54558970034122,185.54582300037146,187.5456916000694,187.54572880035266,188.54782740026712,188.54785940004513,189.5450665000826,,,,,,,1,0,1,0,37,0,37,0,507.94955909997225,,,,,,,,,,,,,,,,,,,,,,,,,,,,,,185.22927850019187,507.9347123000771,507.94955909997225,507.94955909997225,507.94955909997225,507.94955909997225,508.25093149999157,k,0.29388330038636923,None,left,0,15,1,4,53,15,None,185.54558970034122,185.54582300037146,508.25124600017443,508.2672137999907,508.2672137999907,510.26781619992107,510.26781619992107,510.2510526999831,187.5456916000694,187.54572880035266,510.2591411997564,510.26781619992107,510.26781619992107,,,511.253202999942,stimuli/box_empty_transparent.png,188.54782740026712,188.54785940004513,511.25328420009464,511.2665643999353,512.2668580999598,512.2504441998899,189.5450665000826,,,,,,,,,,,,,,,,333333,right,no,None,2025-05-09_11h25.32.581,RL_out-of-scanner,2024.2.4,59.785477605207106,2025-05-09 11h25.42.933660 -0500,
38,0,38,space,6.350223699584603,None,5,1.5730491997674108,None,189.5466236001812,j,0.4979857997968793,None,None,190.06297650001943,190.063381400425,191.06126440037042,191.06130890036002,192.06202950002626,192.06206150026992,193.5612439000979,,,,,,,1,0,1,0,38,0,38,0,512.2668580999598,,,,,,,,,,,,,,,,,,,,,,,,,,,,,,189.5466236001812,512.2520490000024,512.2668580999598,512.2668580999598,512.2668580999598,512.2668580999598,512.7682797997259,j,0.4979857997968793,None,left,1,15,2,4,54,16,None,190.06297650001943,190.063381400425,512.7688127001747,512.7836270998232,512.7836270998232,513.7831819001585,513.7831819001585,513.7666230001487,191.06126440037042,191.06130890036002,513.7776597999036,513.7831819001585,513.7831819001585,,,514.7674054000527,stimuli/box_coin_transparent.png,192.06202950002626,192.06206150026992,514.7674861997366,514.7826588000171,516.2832444999367,516.2666255999357,193.5612439000979,,,,,,,,,,,,,,,,333333,right,no,None,2025-05-09_11h25.32.581,RL_out-of-scanner,2024.2.4,59.785477605207106,2025-05-09 11h25.42.933660 -0500,
39,0,39,space,6.350223699584603,None,5,1.5730491997674108,None,193.56275250017643,j,0.2773147998377681,None,None,193.86257600039244,193.86290240008384,194.86251750029624,194.86255520023406,195.86234280001372,195.86238020006567,196.87768490007147,,,,,,,1,0,1,0,39,0,39,0,516.2832444999367,,,,,,,,,,,,,,,,,,,,,,,,,,,,,,193.56275250017643,516.2681785998866,516.2832444999367,516.2832444999367,516.2832444999367,516.2832444999367,516.5679127001204,j,0.2773147998377681,None,left,1,15,3,4,55,17,None,193.86257600039244,193.86290240008384,516.568326599896,516.583613499999,516.583613499999,517.5843294998631,517.5843294998631,517.567874299828,194.86251750029624,194.86255520023406,517.5789446001872,517.5843294998631,517.5843294998631,518.5834543001838,518.5834543001838,518.5677180001512,stimuli/box_coin_transparent.png,195.86234280001372,195.86238020006567,518.567807499785,518.5834543001838,519.5992112997919,519.5830661999062,196.87768490007147,,,,,,,,,,,,,,,,333333,right,no,None,2025-05-09_11h25.32.581,RL_out-of-scanner,2024.2.4,59.785477605207106,2025-05-09 11h25.42.933660 -0500,
40,0,40,space,6.350223699584603,None,5,1.5730491997674108,None,196.8793291002512,j,0.35837370017543435,None,None,197.26203890005127,197.26238460000604,198.7620237004012,198.76206050021574,199.76214250037447,199.7621734002605,200.7616322003305,,,,,,,1,0,1,0,40,0,40,0,519.5992112997919,,,,,,,,,,,,,,,,,,,,,,,,,,,,,,196.8793291002512,519.5847586998716,519.5992112997919,519.5992112997919,519.5992112997919,519.5992112997919,519.9673736998811,j,0.35837370017543435,None,left,1,15,4,4,56,18,None,197.26203890005127,197.26238460000604,519.9678122997284,519.9830232001841,519.9830232001841,521.4830251997337,521.4830251997337,521.4673818000592,198.7620237004012,198.76206050021574,521.4774266998284,521.4830251997337,521.4830251997337,522.4832462999038,522.4832462999038,522.4675231999718,stimuli/box_coin_transparent.png,199.76214250037447,199.7621734002605,522.4675941001624,522.4832462999038,523.4832983999513,523.4670110000297,200.7616322003305,,,,,,,,,,,,,,,,333333,right,no,None,2025-05-09_11h25.32.581,RL_out-of-scanner,2024.2.4,59.785477605207106,2025-05-09 11h25.42.933660 -0500,
41,0,41,space,6.350223699584603,None,5,1.5730491997674108,None,200.76378050027415,j,0.3639709996059537,None,None,201.1457458003424,201.14615210006014,202.16251020040363,202.16255910042673,203.17751300008968,203.17755100037903,206.17807190027088,,,,,,,1,0,1,0,41,0,41,0,523.4832983999513,,,,,,,,,,,,,,,,,,,,,,,,,,,,,,200.76378050027415,523.469213000033,523.4832983999513,523.4832983999513,523.4832983999513,523.4832983999513,523.8510692999698,j,0.3639709996059537,None,left,1,15,5,4,57,19,None,201.1457458003424,201.14615210006014,523.851582699921,523.8671829998493,523.8671829998493,524.8858739999123,524.8858739999123,524.8678568000905,202.16251020040363,202.16255910042673,524.8805303000845,524.8858739999123,524.8858739999123,,,525.8828841000795,stimuli/box_coin_transparent.png,203.17751300008968,203.17755100037903,525.8829824998975,525.8989403001033,528.9000070998445,528.883449899964,206.17807190027088,,,,,,,,,,,,,,,,333333,right,no,None,2025-05-09_11h25.32.581,RL_out-of-scanner,2024.2.4,59.785477605207106,2025-05-09 11h25.42.933660 -0500,
42,0,42,space,6.350223699584603,None,5,1.5730491997674108,None,206.1795443003066,j,0.35503359977155924,None,None,206.5621068002656,206.56242700014263,208.5775673002936,208.57762390002608,209.57802290003747,209.5780539000407,213.07788310013711,,,,,,,1,0,1,0,42,0,42,0,528.9000070998445,,,,,,,,,,,,,,,,,,,,,,,,,,,,,,206.1795443003066,528.8849701997824,528.9000070998445,528.9000070998445,528.9000070998445,528.9000070998445,529.2674440997653,j,0.35503359977155924,None,left,0,15,5,4,58,19,None,206.5621068002656,206.56242700014263,529.2678513000719,529.2849257998168,529.2849257998168,531.2994602001272,531.2994602001272,531.2829003999941,208.5775673002936,208.57762390002608,531.2932123001665,531.2994602001272,531.2994602001272,532.2994221998379,532.2994221998379,532.2834005998448,stimuli/box_empty_transparent.png,209.57802290003747,209.5780539000407,532.28347520018,532.2994221998379,535.799814700149,535.7832639999688,213.07788310013711,,,,,,,,,,,,,,,,333333,right,no,None,2025-05-09_11h25.32.581,RL_out-of-scanner,2024.2.4,59.785477605207106,2025-05-09 11h25.42.933660 -0500,
43,0,43,space,6.350223699584603,None,5,1.5730491997674108,None,213.07933740038425,j,0.26886049984022975,None,None,213.37915300019085,213.37952660024166,214.39403570024297,214.39407820021734,215.39463120000437,215.39466900005937,217.394102900289,,,,,,,1,0,1,0,43,0,43,0,535.799814700149,,,,,,,,,,,,,,,,,,,,,,,,,,,,,,213.07933740038425,535.7847635000944,535.799814700149,535.799814700149,535.799814700149,535.799814700149,536.0844807997346,j,0.26886049984022975,None,left,1,15,6,4,59,20,None,213.37915300019085,213.37952660024166,536.0849564000964,536.0998718999326,536.0998718999326,537.1171162999235,537.1171162999235,537.0993939000182,214.39403570024297,214.39407820021734,537.110735299997,537.1171162999235,537.1171162999235,,,538.0999962999485,stimuli/box_coin_transparent.png,215.39463120000437,215.39466900005937,538.1000935998745,538.1159739000723,540.1165577000938,540.0994790997356,217.394102900289,,,,,,,,,,,,,,,,333333,right,no,None,2025-05-09_11h25.32.581,RL_out-of-scanner,2024.2.4,59.785477605207106,2025-05-09 11h25.42.933660 -0500,
44,0,44,space,6.350223699584603,None,5,1.5730491997674108,None,217.39588740002364,j,0.3036648998968303,None,None,217.72860040003434,217.72899560024962,220.22700239997357,220.22704610042274,221.22766410000622,221.2276997002773,223.22754980018362,,,,,,,1,0,1,0,44,0,44,0,540.1165577000938,,,,,,,,,,,,,,,,,,,,,,,,,,,,,,217.39588740002364,540.1013195998967,540.1165577000938,540.1165577000938,540.1165577000938,540.1165577000938,540.4339238000102,j,0.3036648998968303,None,left,1,15,7,4,60,21,None,217.72860040003434,217.72899560024962,540.4344259998761,540.4495922001079,540.4495922001079,542.949083799962,542.949083799962,542.9323609001003,220.22700239997357,220.22704610042274,542.9428952001035,542.949083799962,542.949083799962,,,543.9330385997891,stimuli/box_coin_transparent.png,221.22766410000622,221.2276997002773,543.9331304999068,543.9481322998181,545.9499486000277,545.9329295000061,223.22754980018362,,,,,,,,,,,,,,,,333333,right,no,None,2025-05-09_11h25.32.581,RL_out-of-scanner,2024.2.4,59.785477605207106,2025-05-09 11h25.42.933660 -0500,
45,0,45,space,6.350223699584603,None,5,1.5730491997674108,None,223.22914350032806,j,0.32120650028809905,None,None,223.57863780017942,223.57904920028523,224.578365100082,224.57840270036831,225.57815890014172,225.57819580007344,226.59297680016607,,,,,,,1,0,1,0,45,0,45,0,545.9499486000277,,,,,,,,,,,,,,,,,,,,,,,,,,,,,,223.22914350032806,545.9345693998039,545.9499486000277,545.9499486000277,545.9499486000277,545.9499486000277,546.2839589999057,j,0.32120650028809905,None,left,1,15,8,4,61,22,None,223.57863780017942,223.57904920028523,546.2844793000259,546.2996225999668,546.2996225999668,547.2991388998926,547.2991388998926,547.2837276998907,224.578365100082,224.57840270036831,547.2938433000818,547.2991388998926,547.2991388998926,548.2989452998154,548.2989452998154,548.2835333999246,stimuli/box_coin_transparent.png,225.57815890014172,225.57819580007344,548.2836234997958,548.2989452998154,549.3151683998294,549.2983559998684,226.59297680016607,,,,,,,,,,,,,,,,333333,right,no,None,2025-05-09_11h25.32.581,RL_out-of-scanner,2024.2.4,59.785477605207106,2025-05-09 11h25.42.933660 -0500,
46,0,46,space,6.350223699584603,None,5,1.5730491997674108,None,226.59470760030672,j,0.35159730026498437,None,None,226.97787190042436,226.97825090028346,228.97771220002323,228.97775640012696,229.9776899004355,229.977726300247,230.97734930040315,,,,,,,1,0,1,0,46,0,46,0,549.3151683998294,,,,,,,,,,,,,,,,,,,,,,,,,,,,,,226.59470760030672,549.3001413000748,549.3151683998294,549.3151683998294,549.3151683998294,549.3151683998294,549.683195500169,j,0.35159730026498437,None,left,0,15,8,4,62,22,None,226.97787190042436,226.97825090028346,549.6836823001504,549.6986679001711,549.6986679001711,551.6988550000824,551.6988550000824,551.6830640998669,228.97771220002323,228.97775640012696,551.6915849000216,551.6988550000824,551.6988550000824,552.698931899853,552.698931899853,552.683063799981,stimuli/box_empty_transparent.png,229.9776899004355,229.977726300247,552.6831546998583,552.698931899853,553.698555199895,553.6827308000065,230.97734930040315,,,,,,,,,,,,,,,,333333,right,no,None,2025-05-09_11h25.32.581,RL_out-of-scanner,2024.2.4,59.785477605207106,2025-05-09 11h25.42.933660 -0500,
47,0,47,space,6.350223699584603,None,5,1.5730491997674108,None,230.97885760013014,j,0.28953339997678995,None,None,231.29530940018594,231.29568750038743,234.29456060007215,234.29459740035236,235.29445650009438,235.29448690032586,236.79392060032114,,,,,,,1,0,1,0,47,0,47,0,553.698555199895,,,,,,,,,,,,,,,,,,,,,,,,,,,,,,230.97885760013014,553.6842839000747,553.698555199895,553.698555199895,553.698555199895,553.698555199895,554.0006333999336,j,0.28953339997678995,None,left,1,15,9,4,63,23,None,231.29530940018594,231.29568750038743,554.001118300017,554.0157933998853,554.0157933998853,557.0151635999791,557.0151635999791,556.9999210997485,234.29456060007215,234.29459740035236,557.0098164998926,557.0151635999791,557.0151635999791,558.0155659001321,558.0155659001321,557.9998351000249,stimuli/box_coin_transparent.png,235.29445650009438,235.29448690032586,557.9999088998884,558.0155659001321,559.5164399999194,559.4993016999215,236.79392060032114,,,,,,,,,,,,,,,,333333,right,no,None,2025-05-09_11h25.32.581,RL_out-of-scanner,2024.2.4,59.785477605207106,2025-05-09 11h25.42.933660 -0500,
48,0,48,space,6.350223699584603,None,5,1.5730491997674108,None,236.79553530039266,j,0.30865930020809174,None,None,237.12885570013896,237.12924960022792,238.6265190001577,238.62656700005755,239.62692950014025,239.62696240004152,243.12804880039766,,,,,,,1,0,1,0,48,0,48,0,559.5164399999194,,,,,,,,,,,,,,,,,,,,,,,,,,,,,,236.79553530039266,559.5009614997543,559.5164399999194,559.5164399999194,559.5164399999194,559.5164399999194,559.8341792998835,j,0.30865930020809174,None,left,1,15,10,4,64,24,None,237.12885570013896,237.12924960022792,559.8346795998514,559.8486452000216,559.8486452000216,561.3485977998935,561.3485977998935,561.3318670000881,238.6265190001577,238.62656700005755,561.3433187999763,561.3485977998935,561.3485977998935,,,562.3323062998243,stimuli/box_coin_transparent.png,239.62692950014025,239.62696240004152,562.3323892001063,562.3480090000667,565.8491426999681,565.8334292001091,243.12804880039766,,,,,,,,,,,,,,,,333333,right,no,None,2025-05-09_11h25.32.581,RL_out-of-scanner,2024.2.4,59.785477605207106,2025-05-09 11h25.42.933660 -0500,
49,0,49,space,6.350223699584603,None,5,1.5730491997674108,None,243.129570200108,j,0.31750259967520833,None,None,243.4782145000063,243.47857740009204,244.97637070016935,244.9764119000174,245.9768205001019,245.97685259999707,245.977436600253,,,,,,,1,0,1,0,49,0,49,0,565.8491426999681,,,,,,,,,,,,,,,,,,,,,,,,,,,,,,243.129570200108,565.8349962998182,565.8491426999681,565.8491426999681,565.8491426999681,565.8491426999681,566.1835527997464,j,0.31750259967520833,None,left,1,15,11,4,65,25,None,243.4782145000063,243.47857740009204,566.1840034001507,566.1986098997295,566.1986098997295,567.6984274000861,567.6984274000861,567.681729500182,244.97637070016935,244.9764119000174,567.691512899939,567.6984274000861,567.6984274000861,,,568.6821968001314,stimuli/box_coin_transparent.png,245.9768205001019,245.97685259999707,568.6822774000466,568.7028878000565,568.7028878000565,568.6828227997757,245.977436600253,,,,,,,,,,,,,,,,333333,right,no,None,2025-05-09_11h25.32.581,RL_out-of-scanner,2024.2.4,59.785477605207106,2025-05-09 11h25.42.933660 -0500,
1,0,1,space,6.350223699584603,None,5,1.5730491997674108,None,,,,,,,,,,,,,,,,,,,1,0,1,0,,,,,,,,,,,,,,,,,,,,,,,,,,,,,,,,,,,,,,,,,,,,,,,,,,,,,,,,,,,,,,,,,,,,,,,,,,,,,,,,,568.6987993000075,568.7028878000565,572.6974363001063,572.6974971001036,572.713910299819,626.3289471999742,626.3127657999285,,,,,333333,right,no,None,2025-05-09_11h25.32.581,RL_out-of-scanner,2024.2.4,59.785477605207106,2025-05-09 11h25.42.933660 -0500,
0,0,0,space,5.8082773997448385,None,5,1.7034371998161077,None,0.0017492999322712421,k,0.7977978996932507,None,None,0.8172359000891447,0.8175550000742078,1.816542400047183,1.8165792003273964,2.8160025998950005,2.816038700286299,4.8157669003121555,,,,,,,2,0,2,0,0,0,0,0,633.896564300172,,,,,,,,,,,,,,,,626.3129694997333,626.3289471999742,626.3289471999742,632.1463742000051,space,5.8082773997448385,None,632.1464697001502,632.1621674997732,632.1621674997732,633.8812942998484,5,1.7034371998161077,None,0.0017492999322712421,633.8831230998039,633.896564300172,633.896564300172,633.896564300172,633.896564300172,634.6984876999632,k,0.7977978996932507,None,right,1,10,1,5,66,1,None,0.8172359000891447,0.8175550000742078,634.69892229978,634.7136756000109,634.7136756000109,635.7129032998346,635.7129032998346,635.6978339999914,1.816542400047183,1.8165792003273964,635.7080333000049,635.7129032998346,635.7129032998346,636.7134214001708,636.7134214001708,636.6973156998865,stimuli/box_coin_transparent.png,2.8160025998950005,2.816038700286299,636.6974017000757,636.7134214001708,638.7132512000389,638.6970847998746,4.8157669003121555,,,,,,,,,,,,,,,,333333,right,no,None,2025-05-09_11h25.32.581,RL_out-of-scanner,2024.2.4,59.785477605207106,2025-05-09 11h25.42.933660 -0500,
1,0,1,space,5.8082773997448385,None,5,1.7034371998161077,None,4.817417200189084,k,0.55234199995175,None,None,5.4002205999568105,5.4005394000560045,6.8997214999981225,6.899756600148976,7.899407099932432,7.899444200098515,9.398825200274587,,,,,,,2,0,2,0,1,0,1,0,638.7132512000389,,,,,,,,,,,,,,,,,,,,,,,,,,,,,,4.817417200189084,638.6987809999846,638.7132512000389,638.7132512000389,638.7132512000389,638.7132512000389,639.2814819999039,k,0.55234199995175,None,right,1,10,2,5,67,2,None,5.4002205999568105,5.4005394000560045,639.2819072999991,639.2973369001411,639.2973369001411,640.7965673999861,640.7965673999861,640.781019799877,6.8997214999981225,6.899756600148976,640.7911290000193,640.7965673999861,640.7965673999861,641.7961221998557,641.7961221998557,641.7807185999118,stimuli/box_coin_transparent.png,7.899407099932432,7.899444200098515,641.7808113000356,641.7961221998557,643.2967062001117,643.2801437997259,9.398825200274587,,,,,,,,,,,,,,,,333333,right,no,None,2025-05-09_11h25.32.581,RL_out-of-scanner,2024.2.4,59.785477605207106,2025-05-09 11h25.42.933660 -0500,
2,0,2,space,5.8082773997448385,None,5,1.7034371998161077,None,9.400382900144905,k,0.5429258001968265,None,None,9.966077399905771,9.966383600141853,10.966233000159264,10.966277800034732,11.981897000223398,11.9819290000014,14.981445900164545,,,,,,,2,0,2,0,2,0,2,0,643.2967062001117,,,,,,,,,,,,,,,,,,,,,,,,,,,,,,9.400382900144905,643.2817577999085,643.2967062001117,643.2967062001117,643.2967062001117,643.2967062001117,643.8473370997235,k,0.5429258001968265,None,right,1,10,3,5,68,3,None,9.966077399905771,9.966383600141853,643.8477527997456,643.8624609997496,643.8624609997496,644.8635980999097,644.8635980999097,644.8475271998905,10.966233000159264,10.966277800034732,644.8584770997986,644.8635980999097,644.8635980999097,,,645.8632124997675,stimuli/box_coin_transparent.png,11.981897000223398,11.9819290000014,645.8632912999019,645.8794697998092,648.8798000998795,648.8627646998502,14.981445900164545,,,,,,,,,,,,,,,,333333,right,no,None,2025-05-09_11h25.32.581,RL_out-of-scanner,2024.2.4,59.785477605207106,2025-05-09 11h25.42.933660 -0500,
3,0,3,space,5.8082773997448385,None,5,1.7034371998161077,None,14.982914499938488,k,0.33172470005229115,None,None,15.333152800332755,15.33347860025242,17.332321099936962,17.332358200103045,18.33141790004447,18.33146100025624,19.330768400337547,,,,,,,2,0,2,0,3,0,3,0,648.8798000998795,,,,,,,,,,,,,,,,,,,,,,,,,,,,,,14.982914499938488,648.8642782000825,648.8798000998795,648.8798000998795,648.8798000998795,648.8798000998795,649.2144136000425,k,0.33172470005229115,None,right,1,10,4,5,69,4,None,15.333152800332755,15.33347860025242,649.2148472000845,649.2297450997867,649.2297450997867,651.2293541999534,651.2293541999534,651.2136212000623,17.332321099936962,17.332358200103045,651.2238527997397,651.2293541999534,651.2293541999534,652.2285270001739,652.2285270001739,652.2127243997529,stimuli/box_coin_transparent.png,18.33141790004447,18.33146100025624,652.212836700026,652.2285270001739,653.2288408000022,653.2120813000947,19.330768400337547,,,,,,,,,,,,,,,,333333,right,no,None,2025-05-09_11h25.32.581,RL_out-of-scanner,2024.2.4,59.785477605207106,2025-05-09 11h25.42.933660 -0500,
4,0,4,space,5.8082773997448385,None,5,1.7034371998161077,None,19.33293420029804,k,0.40394530026242137,None,None,19.765347100328654,19.7655974002555,20.765896500088274,20.765934000257403,21.764421100262552,21.76445800019428,24.265486900229007,,,,,,,2,0,2,0,4,0,4,0,653.2288408000022,,,,,,,,,,,,,,,,,,,,,,,,,,,,,,19.33293420029804,653.2142996997572,653.2288408000022,653.2288408000022,653.2288408000022,653.2288408000022,653.6466147997417,k,0.40394530026242137,None,right,0,10,4,5,70,4,None,19.765347100328654,19.7655974002555,653.6469581001438,653.6625008997507,653.6625008997507,654.6624110001139,654.6624110001139,654.6471941997297,20.765896500088274,20.765934000257403,654.6556997001171,654.6624110001139,654.6624110001139,655.6614243998192,655.6614243998192,655.6457337997854,stimuli/box_empty_transparent.png,21.764421100262552,21.76445800019428,655.6458235997707,655.6614243998192,658.162875500042,658.1468026000075,24.265486900229007,,,,,,,,,,,,,,,,333333,right,no,None,2025-05-09_11h25.32.581,RL_out-of-scanner,2024.2.4,59.785477605207106,2025-05-09 11h25.42.933660 -0500,
5,0,5,space,5.8082773997448385,None,5,1.7034371998161077,None,24.26728569995612,k,0.31132940016686916,None,None,24.599009500350803,24.59927499992773,28.114428100176156,28.11447330005467,29.115086500067264,29.11512179998681,31.114934500306845,,,,,,,2,0,2,0,5,0,5,0,658.162875500042,,,,,,,,,,,,,,,,,,,,,,,,,,,,,,24.26728569995612,658.1486559999175,658.162875500042,658.162875500042,658.162875500042,658.162875500042,658.4802814000286,k,0.31132940016686916,None,right,0,10,4,5,71,4,None,24.599009500350803,24.59927499992773,658.4806356001645,658.4962431001477,658.4962431001477,662.012053700164,662.012053700164,661.995717599988,28.114428100176156,28.11447330005467,662.0042102001607,662.012053700164,662.012053700164,663.0117127997801,663.0117127997801,662.9963986999355,stimuli/box_empty_transparent.png,29.115086500067264,29.11512179998681,662.9964856998995,663.0117127997801,665.0126461000182,664.9962504999712,31.114934500306845,,,,,,,,,,,,,,,,333333,right,no,None,2025-05-09_11h25.32.581,RL_out-of-scanner,2024.2.4,59.785477605207106,2025-05-09 11h25.42.933660 -0500,
6,0,6,space,5.8082773997448385,None,5,1.7034371998161077,None,31.11642280034721,j,0.9156883000396192,None,['j'],32.049323100131005,32.04969160025939,33.04836290003732,33.04839830007404,34.04726740019396,34.047308300156146,35.047972599975765,[0.3833654997870326],[0.08535550022497773],,,,,2,0,2,0,6,0,6,0,665.0126461000182,,,,,,,,,,,,,,,,,,,,,,,,,,,,,,31.11642280034721,664.9977861000225,665.0126461000182,665.0126461000182,665.0126461000182,665.0126461000182,665.9305647001602,j,0.9156883000396192,None,right,0,10,4,5,71,4,['j'],32.049323100131005,32.04969160025939,665.931055100169,665.9460748001002,665.9460748001002,666.9454538999125,666.9454538999125,666.9296613000333,33.04836290003732,33.04839830007404,666.9379881997593,666.9454538999125,666.9454538999125,667.9444430000149,667.9444430000149,667.9285711999983,stimuli/box_empty_transparent.png,34.04726740019396,34.047308300156146,667.928674899973,667.9444430000149,668.9489203998819,668.9292910001241,35.047972599975765,,,,,,,,,,,,[0.3833654997870326],[0.08535550022497773],,,333333,right,no,None,2025-05-09_11h25.32.581,RL_out-of-scanner,2024.2.4,59.785477605207106,2025-05-09 11h25.42.933660 -0500,
7,0,7,space,5.8082773997448385,None,5,1.7034371998161077,None,35.049427000340074,j,0.30316910007968545,None,None,35.382620499935,35.38294839998707,37.38175560021773,37.38179500028491,38.381586600095034,38.38161820033565,40.38125899992883,,,,,,,2,0,2,0,7,0,7,0,668.9489203998819,,,,,,,,,,,,,,,,,,,,,,,,,,,,,,35.049427000340074,668.930790099781,668.9489203998819,668.9489203998819,668.9489203998819,668.9489203998819,669.2638908000663,j,0.30316910007968545,None,right,0,10,4,5,71,4,None,35.382620499935,35.38294839998707,669.2643102998845,669.2792774001136,669.2792774001136,671.2787275998853,671.2787275998853,671.263047600165,37.38175560021773,37.38179500028491,671.2711851997301,671.2787275998853,671.2787275998853,672.2786316997372,672.2786316997372,672.2629031999968,stimuli/box_empty_transparent.png,38.381586600095034,38.38161820033565,672.2629780001007,672.2786316997372,674.2790306997485,674.2625750000589,40.38125899992883,,,,,,,,,,,,,,,,333333,right,no,None,2025-05-09_11h25.32.581,RL_out-of-scanner,2024.2.4,59.785477605207106,2025-05-09 11h25.42.933660 -0500,
8,0,8,space,5.8082773997448385,None,5,1.7034371998161077,None,40.382730999961495,k,0.4436582000926137,None,None,40.8496969002299,40.84996860008687,43.84954610001296,43.849584800191224,44.847280600108206,44.8473110999912,46.34685410000384,,,,,,,2,0,2,0,8,0,8,0,674.2790306997485,,,,,,,,,,,,,,,,,,,,,,,,,,,,,,40.382730999961495,674.2640941999853,674.2790306997485,674.2790306997485,674.2790306997485,674.2790306997485,674.730973099824,k,0.4436582000926137,None,right,1,10,5,5,72,5,None,40.8496969002299,40.84996860008687,674.7313298000954,674.7460970999673,674.7460970999673,677.7455774000846,677.7455774000846,677.7308430997655,43.84954610001296,43.849584800191224,677.740584500134,677.7455774000846,677.7455774000846,678.7443932997994,678.7443932997994,678.7285957997665,stimuli/box_coin_transparent.png,44.847280600108206,44.8473110999912,678.7286708001047,678.7443932997994,680.2448041001335,680.2281689997762,46.34685410000384,,,,,,,,,,,,,,,,333333,right,no,None,2025-05-09_11h25.32.581,RL_out-of-scanner,2024.2.4,59.785477605207106,2025-05-09 11h25.42.933660 -0500,
9,0,9,space,5.8082773997448385,None,5,1.7034371998161077,None,46.348668000195175,k,0.25514439959079027,None,None,46.63151380000636,46.6318240002729,48.130573300179094,48.13061850005761,49.1304784999229,49.13051010016352,51.12963870028034,,,,,,,2,0,2,0,9,0,9,0,680.2448041001335,,,,,,,,,,,,,,,,,,,,,,,,,,,,,,46.348668000195175,680.2300386000425,680.2448041001335,680.2448041001335,680.2448041001335,680.2448041001335,680.5127751999535,k,0.25514439959079027,None,right,1,10,6,5,73,6,None,46.63151380000636,46.6318240002729,680.5131910000928,680.5287986998446,680.5287986998446,682.0284234997816,682.0284234997816,682.011864699889,48.130573300179094,48.13061850005761,682.0221132999286,682.0284234997816,682.0284234997816,683.0273058000021,683.0273058000021,683.0117943999358,stimuli/box_coin_transparent.png,49.1304784999229,49.13051010016352,683.0118694999255,683.0273058000021,685.0277472999878,685.0109525998123,51.12963870028034,,,,,,,,,,,,,,,,333333,right,no,None,2025-05-09_11h25.32.581,RL_out-of-scanner,2024.2.4,59.785477605207106,2025-05-09 11h25.42.933660 -0500,
10,0,10,space,5.8082773997448385,None,5,1.7034371998161077,None,51.13173480005935,k,0.2680947999469936,None,None,51.4315232001245,51.431770800147206,52.93084429996088,52.9308893000707,53.93016850017011,53.930201600305736,54.930174600332975,,,,,,,2,0,2,0,10,0,10,0,685.0277472999878,,,,,,,,,,,,,,,,,,,,,,,,,,,,,,51.13173480005935,685.0131121999584,685.0277472999878,685.0277472999878,685.0277472999878,685.0277472999878,685.3128027999774,k,0.2680947999469936,None,right,0,10,6,5,74,6,None,51.4315232001245,51.431770800147206,685.3131328001618,685.3282050001435,685.3282050001435,686.8285457999445,686.8285457999445,686.8121368000284,52.93084429996088,52.9308893000707,686.8212295998819,686.8285457999445,686.8285457999445,687.8272234001197,687.8272234001197,687.8114836001769,stimuli/box_empty_transparent.png,53.93016850017011,53.930201600305736,687.8115671998821,687.8272234001197,688.8282093000598,688.8114875997417,54.930174600332975,,,,,,,,,,,,,,,,333333,right,no,None,2025-05-09_11h25.32.581,RL_out-of-scanner,2024.2.4,59.785477605207106,2025-05-09 11h25.42.933660 -0500,
11,0,11,space,5.8082773997448385,None,5,1.7034371998161077,None,54.932184900157154,k,0.2328548999503255,None,None,55.181688600219786,55.181997099891305,57.18005320010707,57.18008890002966,58.180126999970526,58.18018230004236,59.68103440012783,,,,,,,2,0,2,0,11,0,11,0,688.8282093000598,,,,,,,,,,,,,,,,,,,,,,,,,,,,,,54.932184900157154,688.8135502999648,688.8282093000598,688.8282093000598,688.8282093000598,688.8282093000598,689.0629496998154,k,0.2328548999503255,None,right,1,10,7,5,75,7,None,55.181688600219786,55.181997099891305,689.0633657998405,689.0776856001467,689.0776856001467,691.0782771999948,691.0782771999948,691.0613535000011,57.18005320010707,57.18008890002966,691.0716697997414,691.0782771999948,691.0782771999948,692.0772830001079,692.0772830001079,692.061438200064,stimuli/box_coin_transparent.png,58.180126999970526,58.18018230004236,692.061548799742,692.0772830001079,693.578077999875,693.5623503997922,59.68103440012783,,,,,,,,,,,,,,,,333333,right,no,None,2025-05-09_11h25.32.581,RL_out-of-scanner,2024.2.4,59.785477605207106,2025-05-09 11h25.42.933660 -0500,
12,0,12,space,5.8082773997448385,None,5,1.7034371998161077,None,59.68256100034341,k,0.2545346999540925,None,None,59.96506950026378,59.965333700180054,60.96397879999131,60.964016899932176,61.96418090024963,61.96421639993787,64.96430040011182,,,,,,,2,0,2,0,12,0,12,0,693.578077999875,,,,,,,,,,,,,,,,,,,,,,,,,,,,,,59.68256100034341,693.5639244001359,693.578077999875,693.578077999875,693.578077999875,693.578077999875,693.8463451997377,k,0.2545346999540925,None,right,1,10,8,5,76,8,None,59.96506950026378,59.965333700180054,693.8466942999512,693.8617426999845,693.8617426999845,694.8613148001023,694.8613148001023,694.8452797997743,60.96397879999131,60.964016899932176,694.8558013001457,694.8613148001023,694.8613148001023,695.861031500157,695.861031500157,695.8454934000038,stimuli/box_coin_transparent.png,61.96418090024963,61.96421639993787,695.8455815999769,695.861031500157,698.8616881999187,698.845613699872,64.96430040011182,,,,,,,,,,,,,,,,333333,right,no,None,2025-05-09_11h25.32.581,RL_out-of-scanner,2024.2.4,59.785477605207106,2025-05-09 11h25.42.933660 -0500,
13,0,13,space,5.8082773997448385,None,5,1.7034371998161077,None,64.96598169999197,k,0.3605698999017477,None,None,65.34767869999632,65.34794400027022,65.8475438002497,65.84758180007339,66.84729410009459,66.847328200005,68.8458318002522,,,,,,,2,0,2,0,13,0,13,0,698.8616881999187,,,,,,,,,,,,,,,,,,,,,,,,,,,,,,64.96598169999197,698.8473463999107,698.8616881999187,698.8616881999187,698.8616881999187,698.8616881999187,699.2289535999298,k,0.3605698999017477,None,right,1,10,9,5,77,9,None,65.34767869999632,65.34794400027022,699.2293044999242,699.2449378999881,699.2449378999881,699.7441790001467,699.7441790001467,699.7288413001224,65.8475438002497,65.84758180007339,699.7386313001625,699.7441790001467,699.7441790001467,700.7442299998365,700.7442299998365,700.7286092997529,stimuli/box_coin_transparent.png,66.84729410009459,66.847328200005,700.7286907001399,700.7442299998365,702.7439860999584,702.7271443000063,68.8458318002522,,,,,,,,,,,,,,,,333333,right,no,None,2025-05-09_11h25.32.581,RL_out-of-scanner,2024.2.4,59.785477605207106,2025-05-09 11h25.42.933660 -0500,
14,0,14,space,5.8082773997448385,None,5,1.7034371998161077,None,68.84807169996202,k,0.26583960000425577,None,None,69.13061330001801,69.13089810032398,70.63091600034386,70.63095510005951,71.6308877998963,71.63092170003802,72.63093989994377,,,,,,,2,0,2,0,14,0,14,0,702.7439860999584,,,,,,,,,,,,,,,,,,,,,,,,,,,,,,68.84807169996202,702.72944979975,702.7439860999584,702.7439860999584,702.7439860999584,702.7439860999584,703.0118762999773,k,0.26583960000425577,None,right,0,10,9,5,78,9,None,69.13061330001801,69.13089810032398,703.0122635001317,703.0273095997982,703.0273095997982,704.5275511997752,704.5275511997752,704.5122132999822,70.63091600034386,70.63095510005951,704.5205255998299,704.5275511997752,704.5275511997752,705.5276540997438,705.5276540997438,705.5122015997767,stimuli/box_empty_transparent.png,71.6308877998963,71.63092170003802,705.5122838001698,705.5276540997438,706.5309795001522,706.5122587000951,72.63093989994377,,,,,,,,,,,,,,,,333333,right,no,None,2025-05-09_11h25.32.581,RL_out-of-scanner,2024.2.4,59.785477605207106,2025-05-09 11h25.42.933660 -0500,
15,0,15,space,5.8082773997448385,None,5,1.7034371998161077,None,72.63244839990512,k,0.5706545999273658,None,None,73.23174230009317,73.23205529991537,74.23084740014747,74.23088650032878,75.22949560033157,75.22952460031956,77.22991809993982,,,,,,,2,0,2,0,15,0,15,0,706.5309795001522,,,,,,,,,,,,,,,,,,,,,,,,,,,,,,72.63244839990512,706.5138118998148,706.5309795001522,706.5309795001522,706.5309795001522,706.5309795001522,707.1130178999156,k,0.5706545999273658,None,right,1,10,10,5,79,10,None,73.23174230009317,73.23205529991537,707.1134179998189,707.127886199858,707.127886199858,708.1275852997787,708.1275852997787,708.112144799903,74.23084740014747,74.23088650032878,708.1226356001571,708.1275852997787,708.1275852997787,709.1264726999216,709.1264726999216,709.1108128000051,stimuli/box_coin_transparent.png,75.22949560033157,75.22952460031956,709.1108830999583,709.1264726999216,711.1277185999788,711.1112377997488,77.22991809993982,,,,,,,,,,,,,,,,333333,right,no,None,2025-05-09_11h25.32.581,RL_out-of-scanner,2024.2.4,59.785477605207106,2025-05-09 11h25.42.933660 -0500,
16,0,16,space,5.8082773997448385,None,5,1.7034371998161077,None,77.2313617002219,k,0.3249081000685692,None,None,77.58039980009198,77.58063590014353,79.58077799994498,79.5808194000274,80.57952979998663,80.57957629999146,81.5787589000538,,,,,,,2,0,2,0,16,0,16,0,711.1277185999788,,,,,,,,,,,,,,,,,,,,,,,,,,,,,,77.2313617002219,711.1127251000144,711.1277185999788,711.1277185999788,711.1277185999788,711.1277185999788,711.4616779000498,k,0.3249081000685692,None,left,1,9,0,6,79,10,None,77.58039980009198,77.58063590014353,711.4619971001521,711.4770999997854,711.4770999997854,713.4774909000844,713.4774909000844,713.4620729000308,79.58077799994498,79.5808194000274,713.4703675997443,713.4774909000844,713.4774909000844,714.4768352997489,714.4768352997489,714.4608359998092,stimuli/box_empty_transparent.png,80.57952979998663,80.57957629999146,714.4609515001066,714.4768352997489,715.4800784001127,715.4600800997578,81.5787589000538,,,,,,,,,,,,,,,,333333,right,no,None,2025-05-09_11h25.32.581,RL_out-of-scanner,2024.2.4,59.785477605207106,2025-05-09 11h25.42.933660 -0500,
17,0,17,space,5.8082773997448385,None,5,1.7034371998161077,None,81.58028250001371,k,0.2385766999796033,None,None,81.84703660011292,81.84735430032015,82.84725970029831,82.84730240004137,83.84709209995344,83.84712960012257,84.84669629996642,,,,,,,2,0,2,0,17,0,17,0,715.4800784001127,,,,,,,,,,,,,,,,,,,,,,,,,,,,,,81.58028250001371,715.4616479999386,715.4800784001127,715.4800784001127,715.4800784001127,715.4800784001127,715.7282969998196,k,0.2385766999796033,None,left,1,9,0,6,79,10,None,81.84703660011292,81.84735430032015,715.7287233998068,715.7441563000903,715.7441563000903,716.7439184999093,716.7439184999093,716.7285492001101,82.84725970029831,82.84730240004137,716.7369528999552,716.7439184999093,716.7439184999093,717.7441803999245,717.7441803999245,717.7284038998187,stimuli/box_empty_transparent.png,83.84709209995344,83.84712960012257,717.7284971000627,717.7441803999245,718.744587500114,718.7280147997662,84.84669629996642,,,,,,,,,,,,,,,,333333,right,no,None,2025-05-09_11h25.32.581,RL_out-of-scanner,2024.2.4,59.785477605207106,2025-05-09 11h25.42.933660 -0500,
18,0,18,space,5.8082773997448385,None,5,1.7034371998161077,None,84.84817739995196,j,0.2837650002911687,None,None,85.16480660019442,85.16518010012805,88.66356060001999,88.66360739991069,89.66359210014343,89.6636227001436,91.66351230023429,,,,,,,2,0,2,0,18,0,18,0,718.744587500114,,,,,,,,,,,,,,,,,,,,,,,,,,,,,,84.84817739995196,718.7295409999788,718.744587500114,718.744587500114,718.744587500114,718.744587500114,719.0460824999027,j,0.2837650002911687,None,left,1,9,1,6,80,11,None,85.16480660019442,85.16518010012805,719.0465438999236,719.0609621000476,719.0609621000476,722.560434400104,722.560434400104,722.544850199949,88.66356060001999,88.66360739991069,722.5552012999542,722.560434400104,722.560434400104,723.5600768998265,723.5600768998265,723.5449076998048,stimuli/box_coin_transparent.png,89.66359210014343,89.6636227001436,723.544982700143,723.5600768998265,725.5602660998702,725.54483109992,91.66351230023429,,,,,,,,,,,,,,,,333333,right,no,None,2025-05-09_11h25.32.581,RL_out-of-scanner,2024.2.4,59.785477605207106,2025-05-09 11h25.42.933660 -0500,
19,0,19,space,5.8082773997448385,None,5,1.7034371998161077,None,91.66498660016805,j,0.38439830020070076,None,None,92.08130820002407,92.08163460018113,93.07905780011788,93.07909440016374,94.08028690004721,94.08031910005957,95.57946200016886,,,,,,,2,0,2,0,19,0,19,0,725.5602660998702,,,,,,,,,,,,,,,,,,,,,,,,,,,,,,91.66498660016805,725.5463502998464,725.5602660998702,725.5602660998702,725.5602660998702,725.5602660998702,725.9625854999758,j,0.38439830020070076,None,left,1,9,2,6,81,12,None,92.08130820002407,92.08163460018113,725.9629958998412,725.9774889000691,725.9774889000691,726.9769413000904,726.9769413000904,726.9603590997867,93.07905780011788,93.07909440016374,726.9716229997575,726.9769413000904,726.9769413000904,,,727.9615910998546,stimuli/box_coin_transparent.png,94.08028690004721,94.08031910005957,727.9616827000864,727.97697660001,729.47724869987,729.4607812999748,95.57946200016886,,,,,,,,,,,,,,,,333333,right,no,None,2025-05-09_11h25.32.581,RL_out-of-scanner,2024.2.4,59.785477605207106,2025-05-09 11h25.42.933660 -0500,
20,0,20,space,5.8082773997448385,None,5,1.7034371998161077,None,95.58094960032031,j,0.41390469996258616,None,None,96.0135860000737,96.0139746000059,98.0136311003007,98.01366910012439,99.01212060032412,99.01215599989519,101.01320060016587,,,,,,,2,0,2,0,20,0,20,0,729.47724869987,,,,,,,,,,,,,,,,,,,,,,,,,,,,,,95.58094960032031,729.4623128999956,729.47724869987,729.47724869987,729.47724869987,729.47724869987,729.8948556999676,j,0.41390469996258616,None,left,0,9,2,6,82,12,None,96.0135860000737,96.0139746000059,729.8953423001803,729.9102448001504,729.9102448001504,731.9102725000121,731.9102725000121,731.894929499831,98.0136311003007,98.01366910012439,731.9031275999732,731.9102725000121,731.9102725000121,732.909131700173,732.909131700173,732.8934339997359,stimuli/box_empty_transparent.png,99.01212060032412,99.01215599989519,732.8935217000544,732.909131700173,734.910530500114,734.8945213998668,101.01320060016587,,,,,,,,,,,,,,,,333333,right,no,None,2025-05-09_11h25.32.581,RL_out-of-scanner,2024.2.4,59.785477605207106,2025-05-09 11h25.42.933660 -0500,
21,0,21,space,5.8082773997448385,None,5,1.7034371998161077,None,101.01477209990844,k,0.3768794001080096,None,None,101.41478489991277,101.41508830012754,104.41263610031456,104.41268109995872,105.4119196003303,105.41195490024984,106.91239430010319,,,,,,,2,0,2,0,21,0,21,0,734.910530500114,,,,,,,,,,,,,,,,,,,,,,,,,,,,,,101.01477209990844,734.8961355998181,734.910530500114,734.910530500114,734.910530500114,734.910530500114,735.2960537001491,k,0.3768794001080096,None,left,0,9,2,6,82,12,None,101.41478489991277,101.41508830012754,735.2964539998211,735.3103525000624,735.3103525000624,738.3099968000315,738.3099968000315,738.2939202999696,104.41263610031456,104.41268109995872,738.3031872999854,738.3099968000315,738.3099968000315,739.3091174997389,739.3091174997389,739.2932334998623,stimuli/box_empty_transparent.png,105.4119196003303,105.41195490024984,739.2933189999312,739.3091174997389,740.8106045997702,740.7937130997889,106.91239430010319,,,,,,,,,,,,,,,,333333,right,no,None,2025-05-09_11h25.32.581,RL_out-of-scanner,2024.2.4,59.785477605207106,2025-05-09 11h25.42.933660 -0500,
22,0,22,space,5.8082773997448385,None,5,1.7034371998161077,None,106.91385010024533,j,0.5256758998148143,None,None,107.46347839990631,107.46379860024899,108.96306850016117,108.96310740010813,109.96320490026847,109.96323580015451,111.96225610002875,,,,,,,2,0,2,0,22,0,22,0,740.8106045997702,,,,,,,,,,,,,,,,,,,,,,,,,,,,,,106.91385010024533,740.7952133999206,740.8106045997702,740.8106045997702,740.8106045997702,740.8106045997702,741.3447535997257,j,0.5256758998148143,None,left,0,9,2,6,83,12,None,107.46347839990631,107.46379860024899,741.3451605001464,741.3601735997945,741.3601735997945,742.8598432997242,742.8598432997242,742.844367200043,108.96306850016117,108.96310740010813,742.8526810999028,742.8598432997242,742.8598432997242,743.8599600000307,743.8599600000307,743.8445207998157,stimuli/box_empty_transparent.png,109.96320490026847,109.96323580015451,743.8445951999165,743.8599600000307,745.8601361997426,745.8435749001801,111.96225610002875,,,,,,,,,,,,,,,,333333,right,no,None,2025-05-09_11h25.32.581,RL_out-of-scanner,2024.2.4,59.785477605207106,2025-05-09 11h25.42.933660 -0500,
23,0,23,space,5.8082773997448385,None,5,1.7034371998161077,None,111.96405309997499,k,0.2673006998375058,None,None,112.26352450018749,112.2638505003415,113.76298490026966,113.76303100027144,114.76266610017046,114.76269790017977,116.27777429996058,,,,,,,2,0,2,0,23,0,23,0,745.8601361997426,,,,,,,,,,,,,,,,,,,,,,,,,,,,,,111.96405309997499,745.8454240998253,745.8601361997426,745.8601361997426,745.8601361997426,745.8601361997426,746.1447844998911,k,0.2673006998375058,None,left,0,9,2,6,83,12,None,112.26352450018749,112.2638505003415,746.1452143997885,746.1600644998252,746.1600644998252,747.6598016000353,747.6598016000353,747.6442744000815,113.76298490026966,113.76303100027144,747.653136999812,747.6598016000353,747.6598016000353,748.65972100012,748.65972100012,748.643980700057,stimuli/box_empty_transparent.png,114.76266610017046,114.76269790017977,748.6440583001822,748.65972100012,750.1757283997722,750.159086199943,116.27777429996058,,,,,,,,,,,,,,,,333333,right,no,None,2025-05-09_11h25.32.581,RL_out-of-scanner,2024.2.4,59.785477605207106,2025-05-09 11h25.42.933660 -0500,
24,0,24,space,5.8082773997448385,None,5,1.7034371998161077,None,116.27996279997751,k,0.25131059996783733,None,None,116.56223660008982,116.5625273999758,118.56244520004839,118.56248390022665,119.56287109991536,119.5629026000388,121.06194710033014,,,,,,,2,0,2,0,24,0,24,0,750.1757283997722,,,,,,,,,,,,,,,,,,,,,,,,,,,,,,116.27996279997751,750.1613404997624,750.1757283997722,750.1757283997722,750.1757283997722,750.1757283997722,750.4434997998178,k,0.25131059996783733,None,left,0,9,2,6,83,12,None,116.56223660008982,116.5625273999758,750.4438951998018,750.4600733998232,750.4600733998232,752.4594868998975,752.4594868998975,752.4437422999181,118.56244520004839,118.56248390022665,752.4528216999024,752.4594868998975,752.4594868998975,753.4596044998616,753.4596044998616,753.4441868001595,stimuli/box_empty_transparent.png,119.56287109991536,119.5629026000388,753.4442623001523,753.4596044998616,754.9599031000398,754.9432655000128,121.06194710033014,,,,,,,,,,,,,,,,333333,right,no,None,2025-05-09_11h25.32.581,RL_out-of-scanner,2024.2.4,59.785477605207106,2025-05-09 11h25.42.933660 -0500,
25,0,25,space,5.8082773997448385,None,5,1.7034371998161077,None,121.06351280026138,j,0.2751561999320984,None,None,121.36318450002,121.36355990031734,122.36275780014694,122.36279470007867,123.36194080021232,123.3619825001806,126.86080839997157,,,,,,,2,0,2,0,25,0,25,0,754.9599031000398,,,,,,,,,,,,,,,,,,,,,,,,,,,,,,121.06351280026138,754.9448760999367,754.9599031000398,754.9599031000398,754.9599031000398,754.9599031000398,755.2444330998696,j,0.2751561999320984,None,left,1,9,3,6,84,13,None,121.36318450002,121.36355990031734,755.2449235999957,755.2603897000663,755.2603897000663,756.2595510999672,756.2595510999672,756.2440516999923,122.36275780014694,122.36279470007867,756.2540094000287,756.2595510999672,756.2595510999672,757.2588924998417,757.2588924998417,757.2432507001795,stimuli/box_coin_transparent.png,123.36194080021232,123.3619825001806,757.2433541999198,757.2588924998417,760.7588943997398,760.7421245998703,126.86080839997157,,,,,,,,,,,,,,,,333333,right,no,None,2025-05-09_11h25.32.581,RL_out-of-scanner,2024.2.4,59.785477605207106,2025-05-09 11h25.42.933660 -0500,
26,0,26,space,5.8082773997448385,None,5,1.7034371998161077,None,126.86252880003303,j,0.31289320020005107,None,None,127.19606530014426,127.19644120009616,127.69511980004609,127.69515690021217,128.69484260026366,128.69488590024412,132.1954264002852,,,,,,,2,0,2,0,26,0,26,0,760.7588943997398,,,,,,,,,,,,,,,,,,,,,,,,,,,,,,126.86252880003303,760.7438992997631,760.7588943997398,760.7588943997398,760.7588943997398,760.7588943997398,761.0773402997293,j,0.31289320020005107,None,left,1,9,4,6,85,14,None,127.19606530014426,127.19644120009616,761.0778051000088,761.0925571001135,761.0925571001135,761.5931441001594,761.5931441001594,761.5764200999402,127.69511980004609,127.69515690021217,761.5875800000504,761.5931441001594,761.5931441001594,762.5917806997895,762.5917806997895,762.576149399858,stimuli/box_coin_transparent.png,128.69484260026366,128.69488590024412,762.5762610998936,762.5917806997895,766.0930524999276,766.0767453000881,132.1954264002852,,,,,,,,,,,,,,,,333333,right,no,None,2025-05-09_11h25.32.581,RL_out-of-scanner,2024.2.4,59.785477605207106,2025-05-09 11h25.42.933660 -0500,
27,0,27,space,5.8082773997448385,None,5,1.7034371998161077,None,132.19702900014818,j,0.3211477003060281,None,None,132.54640270024538,132.54679939989,134.0451475000009,134.0451858001761,135.04452520003542,135.04456009995192,136.04490600014105,,,,,,,2,0,2,0,27,0,27,0,766.0930524999276,,,,,,,,,,,,,,,,,,,,,,,,,,,,,,132.19702900014818,766.0784004000016,766.0930524999276,766.0930524999276,766.0930524999276,766.0930524999276,766.4276646999642,j,0.3211477003060281,None,left,1,9,5,6,86,15,None,132.54640270024538,132.54679939989,766.4281679000705,766.4428868000396,766.4428868000396,767.9423789000139,767.9423789000139,767.9264465998858,134.0451475000009,134.0451858001761,767.9363783998415,767.9423789000139,767.9423789000139,768.9414880997501,768.9414880997501,768.9258384997956,stimuli/box_coin_transparent.png,135.04452520003542,135.04456009995192,768.9259255998768,768.9414880997501,769.942895299755,769.926224600058,136.04490600014105,,,,,,,,,,,,,,,,333333,right,no,None,2025-05-09_11h25.32.581,RL_out-of-scanner,2024.2.4,59.785477605207106,2025-05-09 11h25.42.933660 -0500,
28,0,28,space,5.8082773997448385,None,5,1.7034371998161077,None,136.0464316001162,j,0.5812349002808332,None,None,136.64609490009025,136.64649640023708,137.6455109003,137.64555600006133,138.64552420005202,138.64555800007656,142.1440102001652,,,,,,,2,0,2,0,28,0,28,0,769.942895299755,,,,,,,,,,,,,,,,,,,,,,,,,,,,,,136.0464316001162,769.9277953999117,769.942895299755,769.942895299755,769.942895299755,769.942895299755,770.527373699937,j,0.5812349002808332,None,left,1,9,6,6,87,16,None,136.64609490009025,136.64649640023708,770.5278615001589,770.5430112001486,770.5430112001486,771.5424350998364,771.5424350998364,771.5267953998409,137.6455109003,137.64555600006133,771.5370241999626,771.5424350998364,771.5424350998364,772.5424146000296,772.5424146000296,772.5268370998092,stimuli/box_coin_transparent.png,138.64552420005202,138.64555800007656,772.526922499761,772.5424146000296,776.0418485999107,776.025326800067,142.1440102001652,,,,,,,,,,,,,,,,333333,right,no,None,2025-05-09_11h25.32.581,RL_out-of-scanner,2024.2.4,59.785477605207106,2025-05-09 11h25.42.933660 -0500,
29,0,29,space,5.8082773997448385,None,5,1.7034371998161077,None,142.14574739988893,k,0.31485879980027676,None,None,142.47967700008303,142.48039390007034,144.47885460034013,144.47889119992033,145.49443829990923,145.49447800032794,146.49375250004232,,,,,,,2,0,2,0,29,0,29,0,776.0418485999107,,,,,,,,,,,,,,,,,,,,,,,,,,,,,,142.14574739988893,776.0271370997652,776.0418485999107,776.0418485999107,776.0418485999107,776.0418485999107,776.3609441998415,k,0.31485879980027676,None,left,1,9,6,6,87,16,None,142.47967700008303,142.48039390007034,776.3617564998567,776.3758696997538,776.3758696997538,778.37816559989,778.37816559989,778.3601537998766,144.47885460034013,144.47889119992033,778.3682558997534,778.37816559989,778.37816559989,,,779.3757464000955,stimuli/box_empty_transparent.png,145.49443829990923,145.49447800032794,779.3758614999242,779.3920601001009,780.391679099761,780.3750653997995,146.49375250004232,,,,,,,,,,,,,,,,333333,right,no,None,2025-05-09_11h25.32.581,RL_out-of-scanner,2024.2.4,59.785477605207106,2025-05-09 11h25.42.933660 -0500,
30,0,30,space,5.8082773997448385,None,5,1.7034371998161077,None,146.49632559996098,k,0.32177310017868876,None,None,146.84468699991703,146.84498020028695,147.84526060009375,147.84529970027506,148.84529040008783,148.8453255998902,149.8446893002838,,,,,,,2,0,2,0,30,0,30,0,780.391679099761,,,,,,,,,,,,,,,,,,,,,,,,,,,,,,146.49632559996098,780.3777028000914,780.391679099761,780.391679099761,780.391679099761,780.391679099761,780.7259494001046,k,0.32177310017868876,None,left,1,9,6,6,87,16,None,146.84468699991703,146.84498020028695,780.7263650000095,780.741803099867,780.741803099867,781.7421042998321,781.7421042998321,781.7265596999787,147.84526060009375,147.84529970027506,781.7348084999248,781.7421042998321,781.7421042998321,782.7420210000128,782.7420210000128,782.7266012001783,stimuli/box_empty_transparent.png,148.84529040008783,148.8453255998902,782.726690299809,782.7420210000128,783.7419242998585,783.7260094000958,149.8446893002838,,,,,,,,,,,,,,,,333333,right,no,None,2025-05-09_11h25.32.581,RL_out-of-scanner,2024.2.4,59.785477605207106,2025-05-09 11h25.42.933660 -0500,
31,0,31,space,5.8082773997448385,None,5,1.7034371998161077,None,149.84612959995866,j,0.3221885999664664,None,None,150.19571840018034,150.19608240015805,153.19389660004526,153.19394130026922,154.19451790023595,154.1945620002225,156.6942974999547,,,,,,,2,0,2,0,31,0,31,0,783.7419242998585,,,,,,,,,,,,,,,,,,,,,,,,,,,,,,149.84612959995866,783.7274926998653,783.7419242998585,783.7419242998585,783.7419242998585,783.7419242998585,784.0769937997684,j,0.3221885999664664,None,left,1,9,7,6,88,17,None,150.19571840018034,150.19608240015805,784.0774463997222,784.0922352997586,784.0922352997586,787.0918546998873,787.0918546998873,787.0751908998936,153.19389660004526,153.19394130026922,787.0864078998566,787.0918546998873,787.0918546998873,,,788.0758217000403,stimuli/box_coin_transparent.png,154.19451790023595,154.1945620002225,788.0759438001551,788.0916809998453,790.5918868998997,790.575616300106,156.6942974999547,,,,,,,,,,,,,,,,333333,right,no,None,2025-05-09_11h25.32.581,RL_out-of-scanner,2024.2.4,59.785477605207106,2025-05-09 11h25.42.933660 -0500,
32,0,32,space,5.8082773997448385,None,5,1.7034371998161077,None,156.6957609001547,j,0.35604869993403554,None,None,157.0790531001985,157.07938140025362,158.0784710003063,158.07851450005546,159.07699730014428,159.07703630020842,160.0788425002247,,,,,,,2,0,2,0,32,0,32,0,790.5918868998997,,,,,,,,,,,,,,,,,,,,,,,,,,,,,,156.6957609001547,790.5771241001785,790.5918868998997,790.5918868998997,790.5918868998997,790.5918868998997,790.9603281999007,j,0.35604869993403554,None,left,1,9,8,6,89,18,None,157.0790531001985,157.07938140025362,790.960742900148,790.9759680000134,790.9759680000134,791.9750374997966,791.9750374997966,791.9597606998868,158.0784710003063,158.07851450005546,791.9695747001097,791.9750374997966,791.9750374997966,792.9740237998776,792.9740237998776,792.9583068001084,stimuli/box_coin_transparent.png,159.07699730014428,159.07703630020842,792.9584046001546,792.9740237998776,793.9754825998098,793.9601631998084,160.0788425002247,,,,,,,,,,,,,,,,333333,right,no,None,2025-05-09_11h25.32.581,RL_out-of-scanner,2024.2.4,59.785477605207106,2025-05-09 11h25.42.933660 -0500,
33,0,33,space,5.8082773997448385,None,5,1.7034371998161077,None,160.08037180034444,j,0.4750882997177541,None,None,160.57944420026615,160.57977330032736,162.57838500011712,162.57843000022694,163.57780490024015,163.57783570000902,165.07634130027145,,,,,,,2,0,2,0,33,0,33,0,793.9754825998098,,,,,,,,,,,,,,,,,,,,,,,,,,,,,,160.08037180034444,793.961736000143,793.9754825998098,793.9754825998098,793.9754825998098,793.9754825998098,794.4607218001038,j,0.4750882997177541,None,left,1,9,9,6,90,19,None,160.57944420026615,160.57977330032736,794.4611347997561,794.4751570001245,794.4751570001245,796.4754784000106,796.4754784000106,796.4596790000796,162.57838500011712,162.57843000022694,796.470242000185,796.4754784000106,796.4754784000106,797.4744159998372,797.4744159998372,797.4591212999076,stimuli/box_coin_transparent.png,163.57780490024015,163.57783570000902,797.4591951998882,797.4744159998372,798.9743305998854,798.9576575998217,165.07634130027145,,,,,,,,,,,,,,,,333333,right,no,None,2025-05-09_11h25.32.581,RL_out-of-scanner,2024.2.4,59.785477605207106,2025-05-09 11h25.42.933660 -0500,
34,0,34,space,5.8082773997448385,None,5,1.7034371998161077,None,165.07806640025228,j,0.3471943000331521,None,None,165.4456823002547,165.44608810031787,168.4449987001717,168.44503620034084,169.44535920023918,169.4453889001161,171.94415170000866,,,,,,,2,0,2,0,34,0,34,0,798.9743305998854,,,,,,,,,,,,,,,,,,,,,,,,,,,,,,165.07806640025228,798.9594375998713,798.9743305998854,798.9743305998854,798.9743305998854,798.9743305998854,799.3269440997392,j,0.3471943000331521,None,right,1,11,0,7,90,19,None,165.4456823002547,165.44608810031787,799.3274559997953,799.3422554000281,799.3422554000281,802.3420380000025,802.3420380000025,802.3262964999303,168.4449987001717,168.44503620034084,802.3344115000218,802.3420380000025,802.3420380000025,803.3414404001087,803.3414404001087,803.3266769000329,stimuli/box_empty_transparent.png,169.44535920023918,169.4453889001161,803.3267481001094,803.3414404001087,805.8417591000907,805.8254677001387,171.94415170000866,,,,,,,,,,,,,,,,333333,right,no,None,2025-05-09_11h25.32.581,RL_out-of-scanner,2024.2.4,59.785477605207106,2025-05-09 11h25.42.933660 -0500,
35,0,35,space,5.8082773997448385,None,5,1.7034371998161077,None,171.9457121999003,k,0.25324530014768243,None,None,172.2283522998914,172.2286191000603,173.7276234002784,173.72766100009903,174.72778620012105,174.72782310005277,175.74377420032397,,,,,,,2,0,2,0,35,0,35,0,805.8417591000907,,,,,,,,,,,,,,,,,,,,,,,,,,,,,,171.9457121999003,805.8270764001645,805.8417591000907,805.8417591000907,805.8417591000907,805.8417591000907,806.1096298000775,k,0.25324530014768243,None,right,1,11,1,7,91,20,None,172.2283522998914,172.2286191000603,806.1099795000628,806.1250081998296,806.1250081998296,807.6246440997347,807.6246440997347,807.6089214999229,173.7276234002784,173.72766100009903,807.6185964001343,807.6246440997347,807.6246440997347,808.6260727997869,808.6260727997869,808.6090991999954,stimuli/box_coin_transparent.png,174.72778620012105,174.72782310005277,808.6091891000979,808.6260727997869,809.6411835001782,809.6250939001329,175.74377420032397,,,,,,,,,,,,,,,,333333,right,no,None,2025-05-09_11h25.32.581,RL_out-of-scanner,2024.2.4,59.785477605207106,2025-05-09 11h25.42.933660 -0500,
36,0,36,space,5.8082773997448385,None,5,1.7034371998161077,None,175.74526569992304,j,0.8926849002018571,None,None,176.66044769994915,176.66078480007127,178.1609698999673,178.16100730001926,179.16078560007736,179.16081760032102,182.65953489998356,,,,,,,2,0,2,0,36,0,36,0,809.6411835001782,,,,,,,,,,,,,,,,,,,,,,,,,,,,,,175.74526569992304,809.6266291001812,809.6411835001782,809.6411835001782,809.6411835001782,809.6411835001782,810.5417264001444,j,0.8926849002018571,None,right,1,11,1,7,91,20,None,176.66044769994915,176.66078480007127,810.5421541999094,810.557420999743,810.557420999743,812.0578274000436,812.0578274000436,812.0422664000653,178.1609698999673,178.16100730001926,812.0505599998869,812.0578274000436,812.0578274000436,813.0575410998426,813.0575410998426,813.0421015997417,stimuli/box_empty_transparent.png,179.16078560007736,179.16081760032102,813.0421778000891,813.0575410998426,816.5575994001701,816.5408533001319,182.65953489998356,,,,,,,,,,,,,,,,333333,right,no,None,2025-05-09_11h25.32.581,RL_out-of-scanner,2024.2.4,59.785477605207106,2025-05-09 11h25.42.933660 -0500,
37,0,37,space,5.8082773997448385,None,5,1.7034371998161077,None,182.66099209990352,k,0.3125469000078738,None,None,182.9941805000417,182.99446170032024,184.99413010012358,184.99418210005388,185.99436380015686,185.99440419999883,186.9939267002046,,,,,,,2,0,2,0,37,0,37,0,816.5575994001701,,,,,,,,,,,,,,,,,,,,,,,,,,,,,,182.66099209990352,816.5423575998284,816.5575994001701,816.5575994001701,816.5575994001701,816.5575994001701,816.8754571001045,k,0.3125469000078738,None,right,1,11,2,7,92,21,None,182.9941805000417,182.99446170032024,816.8758243997581,816.8911294001155,816.8911294001155,818.891260900069,818.891260900069,818.8754281997681,184.99413010012358,184.99418210005388,818.886157900095,818.891260900069,818.891260900069,,,819.8756749001332,stimuli/box_coin_transparent.png,185.99436380015686,185.99440419999883,819.8757758000866,819.8909892998636,820.8911927998997,820.8752452000044,186.9939267002046,,,,,,,,,,,,,,,,333333,right,no,None,2025-05-09_11h25.32.581,RL_out-of-scanner,2024.2.4,59.785477605207106,2025-05-09 11h25.42.933660 -0500,
38,0,38,space,5.8082773997448385,None,5,1.7034371998161077,None,186.99546110024676,k,0.35497809993103147,None,None,187.37779520032927,187.37806020025164,188.37621270027012,188.37625640025362,189.3769669001922,189.3770106001757,190.87744180019945,,,,,,,2,0,2,0,38,0,38,0,820.8911927998997,,,,,,,,,,,,,,,,,,,,,,,,,,,,,,186.99546110024676,820.8768247999251,820.8911927998997,820.8911927998997,820.8911927998997,820.8911927998997,821.2590716998093,k,0.35497809993103147,None,right,0,11,2,7,93,21,None,187.37779520032927,187.37806020025164,821.2594217997976,821.2742933998816,821.2742933998816,822.2740568001755,822.2740568001755,822.2575007998385,188.37621270027012,188.37625640025362,822.2663300000131,822.2740568001755,822.2740568001755,,,823.2582698999904,stimuli/box_empty_transparent.png,189.3769669001922,189.3770106001757,823.2583864000626,823.2731427000836,824.7746147997677,824.758760499768,190.87744180019945,,,,,,,,,,,,,,,,333333,right,no,None,2025-05-09_11h25.32.581,RL_out-of-scanner,2024.2.4,59.785477605207106,2025-05-09 11h25.42.933660 -0500,
39,0,39,space,5.8082773997448385,None,5,1.7034371998161077,None,190.87892090016976,j,0.4534779996611178,None,None,191.36047059996054,191.3608230999671,192.36056630034,192.36060470016673,193.3607169003226,193.36075149988756,194.35876580001786,,,,,,,2,0,2,0,39,0,39,0,824.7746147997677,,,,,,,,,,,,,,,,,,,,,,,,,,,,,,190.87892090016976,824.7602838999592,824.7746147997677,824.7746147997677,824.7746147997677,824.7746147997677,825.2417289000005,j,0.4534779996611178,None,right,0,11,2,7,93,21,None,191.36047059996054,191.3608230999671,825.2421866999939,825.2570267999545,825.2570267999545,826.2573985997587,826.2573985997587,826.2418643999845,192.36056630034,192.36060470016673,826.2500742999837,826.2573985997587,826.2573985997587,827.2570012998767,827.2570012998767,827.242031400092,stimuli/box_empty_transparent.png,193.3607169003226,193.36075149988756,827.2421144000255,827.2570012998767,828.2568739000708,828.2400787998922,194.35876580001786,,,,,,,,,,,,,,,,333333,right,no,None,2025-05-09_11h25.32.581,RL_out-of-scanner,2024.2.4,59.785477605207106,2025-05-09 11h25.42.933660 -0500,
40,0,40,space,5.8082773997448385,None,5,1.7034371998161077,None,194.3613448999822,k,0.3261399995535612,None,None,194.7128273001872,194.71313890023157,196.21075640013441,196.21079780021682,197.21022529993206,197.21026080008596,198.20973270013928,,,,,,,2,0,2,0,40,0,40,0,828.2568739000708,,,,,,,,,,,,,,,,,,,,,,,,,,,,,,194.3613448999822,828.2427229997702,828.2568739000708,828.2568739000708,828.2568739000708,828.2568739000708,828.5941033000126,k,0.3261399995535612,None,right,1,11,3,7,94,22,None,194.7128273001872,194.71313890023157,828.5945028001443,828.6070793997496,828.6070793997496,830.1081741000526,830.1081741000526,830.0920484997332,196.21075640013441,196.21079780021682,830.1030856999569,830.1081741000526,830.1081741000526,831.1070504998788,831.1070504998788,831.0915370001458,stimuli/box_coin_transparent.png,197.21022529993206,197.21026080008596,831.091626000125,831.1070504998788,832.1072975997813,832.0910521000624,198.20973270013928,,,,,,,,,,,,,,,,333333,right,no,None,2025-05-09_11h25.32.581,RL_out-of-scanner,2024.2.4,59.785477605207106,2025-05-09 11h25.42.933660 -0500,
41,0,41,space,5.8082773997448385,None,5,1.7034371998161077,None,198.21141600003466,k,0.25255020009353757,None,None,198.49391179997474,198.49415200017393,199.49377970024943,199.4938222002238,200.50882920017466,200.50886439997703,203.50985309993848,,,,,,,2,0,2,0,41,0,41,0,832.1072975997813,,,,,,,,,,,,,,,,,,,,,,,,,,,,,,198.21141600003466,832.0927963000722,832.1072975997813,832.1072975997813,832.1072975997813,832.1072975997813,832.3751890999265,k,0.25255020009353757,None,right,1,11,4,7,95,23,None,198.49391179997474,198.49415200017393,832.3755132001825,832.3909852001816,832.3909852001816,833.3913849000819,833.3913849000819,833.3750718999654,199.49377970024943,199.4938222002238,833.3861295999959,833.3913849000819,833.3913849000819,,,834.390134899877,stimuli/box_coin_transparent.png,200.50882920017466,200.50886439997703,834.3902321001515,834.4061843999662,837.4072158001363,837.391165799927,203.50985309993848,,,,,,,,,,,,,,,,333333,right,no,None,2025-05-09_11h25.32.581,RL_out-of-scanner,2024.2.4,59.785477605207106,2025-05-09 11h25.42.933660 -0500,
42,0,42,space,5.8082773997448385,None,5,1.7034371998161077,None,203.51185679994524,k,0.43082140013575554,None,None,203.96093029994518,203.96124640014023,205.95928080007434,205.95932159991935,206.95964509993792,206.95968230022117,210.45913900015876,,,,,,,2,0,2,0,42,0,42,0,837.4072158001363,,,,,,,,,,,,,,,,,,,,,,,,,,,,,,203.51185679994524,837.3932217997499,837.4072158001363,837.4072158001363,837.4072158001363,837.4072158001363,837.8421904998831,k,0.43082140013575554,None,right,1,11,5,7,96,24,None,203.96093029994518,203.96124640014023,837.8426133999601,837.8569979001768,837.8569979001768,839.8569438997656,839.8569438997656,839.8405725001357,205.95928080007434,205.95932159991935,839.8511187997647,839.8569438997656,839.8569438997656,,,840.8409553999081,stimuli/box_coin_transparent.png,206.95964509993792,206.95968230022117,840.84104999993,840.856963200029,844.3566109999083,844.3404604000971,210.45913900015876,,,,,,,,,,,,,,,,333333,right,no,None,2025-05-09_11h25.32.581,RL_out-of-scanner,2024.2.4,59.785477605207106,2025-05-09 11h25.42.933660 -0500,
43,0,43,space,5.8082773997448385,None,5,1.7034371998161077,None,210.4605956999585,k,0.6149868001230061,None,None,211.09407230000943,211.09433750016615,212.09212250029668,212.09216490015388,213.0933635002002,213.09339640010148,215.0923762000166,,,,,,,2,0,2,0,43,0,43,0,844.3566109999083,,,,,,,,,,,,,,,,,,,,,,,,,,,,,,210.4605956999585,844.3419586997479,844.3566109999083,844.3566109999083,844.3566109999083,844.3566109999083,844.9753478998318,k,0.6149868001230061,None,right,1,11,6,7,97,25,None,211.09407230000943,211.09433750016615,844.9756987998262,844.9905214998871,844.9905214998871,845.990084500052,845.990084500052,845.9734191000462,212.09212250029668,212.09216490015388,845.9836018998176,845.990084500052,845.990084500052,,,846.9746773997322,stimuli/box_coin_transparent.png,213.0933635002002,213.09339640010148,846.9747588001192,846.990078299772,848.9906113999896,848.9736959999427,215.0923762000166,,,,,,,,,,,,,,,,333333,right,no,None,2025-05-09_11h25.32.581,RL_out-of-scanner,2024.2.4,59.785477605207106,2025-05-09 11h25.42.933660 -0500,
44,0,44,space,5.8082773997448385,None,5,1.7034371998161077,None,215.09390449989587,k,0.39136260002851486,None,None,215.509265600238,215.50950290029868,218.00859449990094,218.00863830000162,219.00917130010203,219.00920740002766,221.00939500005916,,,,,,,2,0,2,0,44,0,44,0,848.9906113999896,,,,,,,,,,,,,,,,,,,,,,,,,,,,,,215.09390449989587,848.9752676999196,848.9906113999896,848.9906113999896,848.9906113999896,848.9906113999896,849.3905393998139,k,0.39136260002851486,None,right,1,11,7,7,98,26,None,215.509265600238,215.50950290029868,849.3908639000729,849.4061972000636,849.4061972000636,851.9064768999815,851.9064768999815,851.8898887997493,218.00859449990094,218.00863830000162,851.9003419000655,851.9064768999815,851.9064768999815,,,852.890482599847,stimuli/box_coin_transparent.png,219.00917130010203,219.00920740002766,852.8905755998567,852.9071716000326,854.9071653997526,854.8907107999548,221.00939500005916,,,,,,,,,,,,,,,,333333,right,no,None,2025-05-09_11h25.32.581,RL_out-of-scanner,2024.2.4,59.785477605207106,2025-05-09 11h25.42.933660 -0500,
45,0,45,space,5.8082773997448385,None,5,1.7034371998161077,None,221.0108937001787,k,0.2993029998615384,None,None,221.327072000131,221.32738910010085,222.33047020016238,222.33051489992067,223.33028060011566,223.33031699992716,224.32890840014443,,,,,,,2,0,2,0,45,0,45,0,854.9071653997526,,,,,,,,,,,,,,,,,,,,,,,,,,,,,,221.0108937001787,854.8922574999742,854.9071653997526,854.9071653997526,854.9071653997526,854.9071653997526,855.2083326997235,k,0.2993029998615384,None,right,0,11,7,7,99,26,None,221.327072000131,221.32738910010085,855.2087634997442,855.2235560999252,855.2235560999252,856.2276308001019,856.2276308001019,856.2117616999894,222.33047020016238,222.33051489992067,856.2203767998144,856.2276308001019,856.2276308001019,857.2268234998919,857.2268234998919,857.2115933997557,stimuli/box_empty_transparent.png,223.33028060011566,223.33031699992716,857.2116827997379,857.2268234998919,858.2270630998537,858.2102286997251,224.32890840014443,,,,,,,,,,,,,,,,333333,right,no,None,2025-05-09_11h25.32.581,RL_out-of-scanner,2024.2.4,59.785477605207106,2025-05-09 11h25.42.933660 -0500,
46,0,46,space,5.8082773997448385,None,5,1.7034371998161077,None,224.33062670007348,j,0.31252199970185757,None,None,224.6636975002475,224.6640246002935,226.66303450008854,226.66307800030336,227.66315910033882,227.66318770032376,228.66295190015808,,,,,,,2,0,2,0,46,0,46,0,858.2270630998537,,,,,,,,,,,,,,,,,,,,,,,,,,,,,,224.33062670007348,858.2119915001094,858.2270630998537,858.2270630998537,858.2270630998537,858.2270630998537,858.5449769999832,j,0.31252199970185757,None,right,0,11,7,7,99,26,None,224.6636975002475,224.6640246002935,858.5453893998638,858.5604632999748,858.5604632999748,860.5609907000326,860.5609907000326,860.5443273000419,226.66303450008854,226.66307800030336,860.5526732001454,860.5609907000326,860.5609907000326,861.5607179999352,861.5607179999352,861.544476099778,stimuli/box_empty_transparent.png,227.66315910033882,227.66318770032376,861.5445468998514,861.5607179999352,862.5609519998543,862.5442674998194,228.66295190015808,,,,,,,,,,,,,,,,333333,right,no,None,2025-05-09_11h25.32.581,RL_out-of-scanner,2024.2.4,59.785477605207106,2025-05-09 11h25.42.933660 -0500,
47,0,47,space,5.8082773997448385,None,5,1.7034371998161077,None,228.66454489994794,k,0.3805130999535322,None,None,229.06372570013627,229.0639680000022,232.06326550012454,232.06331099988893,233.06275210017338,233.06278209993616,234.56208200007677,,,,,,,2,0,2,0,47,0,47,0,862.5609519998543,,,,,,,,,,,,,,,,,,,,,,,,,,,,,,228.66454489994794,862.545911599882,862.5609519998543,862.5609519998543,862.5609519998543,862.5609519998543,862.9449918000028,k,0.3805130999535322,None,right,0,11,7,7,100,26,None,229.06372570013627,229.0639680000022,862.9453300000168,862.9603369999677,862.9603369999677,865.9606407000683,865.9606407000683,865.9445584998466,232.06326550012454,232.06331099988893,865.9532073000446,865.9606407000683,865.9606407000683,866.959865800105,866.959865800105,866.9440699000843,stimuli/box_empty_transparent.png,233.06275210017338,233.06278209993616,866.9441415998153,866.959865800105,868.4601513999514,868.4434024998918,234.56208200007677,,,,,,,,,,,,,,,,333333,right,no,None,2025-05-09_11h25.32.581,RL_out-of-scanner,2024.2.4,59.785477605207106,2025-05-09 11h25.42.933660 -0500,
48,0,48,space,5.8082773997448385,None,5,1.7034371998161077,None,234.56359110027552,k,0.27994339959695935,None,None,234.86328850034624,234.86352950008586,236.36300239991397,236.3630451001227,237.37878510029987,237.37881550006568,240.8788050999865,,,,,,,2,0,2,0,48,0,48,0,868.4601513999514,,,,,,,,,,,,,,,,,,,,,,,,,,,,,,234.56359110027552,868.4449557997286,868.4601513999514,868.4601513999514,868.4601513999514,868.4601513999514,868.744544299785,k,0.27994339959695935,None,right,1,11,8,7,101,27,None,234.86328850034624,234.86352950008586,868.7448907997459,868.7601462998427,868.7601462998427,870.2617603000253,870.2617603000253,870.2442971998826,236.36300239991397,236.3630451001227,870.2560315001756,870.2617603000253,870.2617603000253,,,871.2601004000753,stimuli/box_coin_transparent.png,237.37878510029987,237.37881550006568,871.260175799951,871.2760378997773,874.7766024000011,874.7601231997833,240.8788050999865,,,,,,,,,,,,,,,,333333,right,no,None,2025-05-09_11h25.32.581,RL_out-of-scanner,2024.2.4,59.785477605207106,2025-05-09 11h25.42.933660 -0500,
49,0,49,space,5.8082773997448385,None,5,1.7034371998161077,None,240.8805257002823,k,0.339856100268662,None,None,241.24714290024713,241.2473856001161,242.74589710030705,242.74593550013378,243.74662100011483,243.7466539000161,243.74724860023707,,,,,,,2,0,2,0,49,0,49,0,874.7766024000011,,,,,,,,,,,,,,,,,,,,,,,,,,,,,,240.8805257002823,874.7618975001387,874.7766024000011,874.7766024000011,874.7766024000011,874.7766024000011,875.1284110001288,k,0.339856100268662,None,right,1,11,9,7,102,28,None,241.24714290024713,241.2473856001161,875.1287464997731,875.1431791000068,875.1431791000068,876.6434729001485,876.6434729001485,876.6271941000596,242.74589710030705,242.74593550013378,876.637201000005,876.6434729001485,876.6434729001485,,,877.6279349001125,stimuli/box_coin_transparent.png,243.74662100011483,243.7466539000161,877.6280181999318,877.6479152999818,877.6479152999818,877.628572399728,243.74724860023707,,,,,,,,,,,,,,,,333333,right,no,None,2025-05-09_11h25.32.581,RL_out-of-scanner,2024.2.4,59.785477605207106,2025-05-09 11h25.42.933660 -0500,
2,0,2,space,5.8082773997448385,None,5,1.7034371998161077,None,,,,,,,,,,,,,,,,,,,2,0,2,0,,,,,,,,,,,,,,,,,,,,,,,,,,,,,,,,,,,,,,,,,,,,,,,,,,,,,,,,,,,,,,,,,,,,,,,,,,,,,,,,,877.644011599943,877.6479152999818,881.6426455001347,881.6427062000148,881.659452999942,937.2749574999325,937.2595208999701,,,,,333333,right,no,None,2025-05-09_11h25.32.581,RL_out-of-scanner,2024.2.4,59.785477605207106,2025-05-09 11h25.42.933660 -0500,
,,,,,,,,,,,,,,,,,,,,,,,,,,,,,,,,,,,,,,,,,,,,,,,,,,,,,,,,,,,,,,,,,,,,,,,,,,,,,,,,,,,,,,,,,,,,,,,,,,,,,,,,,,,,,,,,,,,,,,,,937.2596474001184,937.260038500186,333333,right,no,None,2025-05-09_11h25.32.581,RL_out-of-scanner,2024.2.4,59.785477605207106,2025-05-09 11h25.42.933660 -0500,
