thisN,thisTrialN,thisRepN,advance_press.keys,advance_press.rt,advance_press.duration,trigger_value.keys,trigger_value.rt,trigger_value.duration,cueOnTime,cue_resp.keys,cue_resp.rt,cue_resp.duration,all_keys.keys,cueOffTime,cueRespOnTime,cueRespOffTime,outcomeOnTime,outcomeOffTime,fixOnTime,fixOffTime,all_keys.rt,all_keys.duration,practice_loop.thisRepN,practice_loop.thisTrialN,practice_loop.thisN,practice_loop.thisIndex,runs.thisRepN,runs.thisTrialN,runs.thisN,runs.thisIndex,trials.thisRepN,trials.thisTrialN,trials.thisN,trials.thisIndex,thisRow.t,notes,prac_dir.started,welcome_text.started,advance_press_pd.started,prac_dir.stopped,advance_press_pd.keys,advance_press_pd.rt,advance_press_pd.duration,summary_instructions.started,summary_text.started,advance_to_runs.started,summary_instructions.stopped,advance_to_runs.keys,advance_to_runs.rt,advance_to_runs.duration,get_ready.started,get_ready_text.started,advance_press.started,get_ready.stopped,runs.advance_press.keys,runs.advance_press.rt,runs.advance_press.duration,scanner_trigger.started,scanner_text.started,trigger_value.started,scanner_trigger.stopped,runs.trigger_value.keys,runs.trigger_value.rt,runs.trigger_value.duration,trials.cueOnTime,cue.started,left_box.started,right_box.started,cue_resp.started,all_keys.started,cue.stopped,trials.cue_resp.keys,trials.cue_resp.rt,trials.cue_resp.duration,good_side,probability_sequence_value,magic_number,num_rewarded,num_switch,total_correct,num_gold_coins,trials.all_keys.keys,trials.cueOffTime,trials.cueRespOnTime,cue_response.started,left_box_response.started,right_box_response.started,left_box_response.stopped,right_box_response.stopped,cue_response.stopped,trials.cueRespOffTime,trials.outcomeOnTime,outcome.started,outcome_left_box.started,outcome_right_box.started,outcome.stopped,outcome_image,trials.outcomeOffTime,trials.fixOnTime,fixation.started,fixation_cross.started,fixation_cross.stopped,fixation.stopped,trials.fixOffTime,outcome_left_box.stopped,outcome_right_box.stopped,trials.all_keys.rt,trials.all_keys.duration,run_feedback.started,coins_won_text.started,run_feedback.stopped,leftover_time_break.started,fixation_end.started,fixation_end.stopped,leftover_time_break.stopped,end_exp.started,end_exp.stopped,participant,handedness,practice,restart_from_run,date,expName,psychopyVersion,frameRate,expStart,
,,,,,,,,,,,,,,,,,,,,,,,,,,,,,,,,,,,,,0.030902300029993057,0.03726840019226074,0.03726840019226074,45.026154400315136,j,44.97382130008191,None,,,,,,,,,,,,,,,,,,,,,,,,,,,,,,,,,,,,,,,,,,,,,,,,,,,,,,,,,,,,,,,,,,,,,,,,,,,33333,right,no,None,2025-05-09_11h08.27.465,RL_out-of-scanner,2024.2.4,59.52901828888127,2025-05-09 11h08.48.227010 -0500,
,,,,,,,,,,,,,,,,,,,,,,,,,,,,,,,,,,,,,,,,,,,,45.0264988001436,45.035773700103164,45.035773700103164,62.05245830025524,j,17.012353099882603,None,,,,,,,,,,,,,,,,,,,,,,,,,,,,,,,,,,,,,,,,,,,,,,,,,,,,,,,,,,,,,,,,,,,,33333,right,no,None,2025-05-09_11h08.27.465,RL_out-of-scanner,2024.2.4,59.52901828888127,2025-05-09 11h08.48.227010 -0500,
0,0,0,space,2.064062099903822,None,5,2.7026381003670394,None,0.002762899734079838,j,1.2061279998160899,None,None,1.2338303001597524,1.2342539001256227,2.2323258998803794,2.232377199921757,3.2326075001619756,3.232645799871534,5.232342700008303,,,,,,,0,0,0,0,0,0,0,0,66.88544270023704,,,,,,,,,,,,,,,,62.05288100009784,62.06800580024719,62.06800580024719,64.13527930015698,space,2.064062099903822,None,64.1353889000602,64.15075450018048,64.15075450018048,66.86917750025168,5,2.7026381003670394,None,0.002762899734079838,66.87202340038493,66.88544270023704,66.88544270023704,66.88544270023704,66.88544270023704,68.10298310033977,j,1.2061279998160899,None,right,1,11,0,0,0,0,None,1.2338303001597524,1.2342539001256227,68.10351990023628,68.11850890005007,68.11850890005007,69.11874420009553,69.11874420009553,69.1015017000027,2.2323258998803794,2.232377199921757,69.11192300030962,69.11874420009553,69.11874420009553,70.10181140014902,stimuli/box_empty_transparent.png,3.2326075001619756,3.232645799871534,70.10191740002483,70.11783719994128,72.11858020024374,72.10155689995736,5.232342700008303,,,,,,,,,,,,,,33333,right,no,None,2025-05-09_11h08.27.465,RL_out-of-scanner,2024.2.4,59.52901828888127,2025-05-09 11h08.48.227010 -0500,
1,0,1,space,2.064062099903822,None,5,2.7026381003670394,None,5.233844100032002,j,0.4454720998182893,None,None,5.701075999997556,5.701398800127208,7.199746999889612,7.199786900077015,8.215010500047356,8.215053299907595,9.71628940012306,,,,,,,0,0,0,0,1,0,1,0,72.11858020024374,,,,,,,,,,,,,,,,,,,,,,,,,,,,,,5.233844100032002,72.10310310032219,72.11858020024374,72.11858020024374,72.11858020024374,72.11858020024374,72.57024740008637,j,0.4454720998182893,None,right,1,11,0,0,0,0,None,5.701075999997556,5.701398800127208,72.57065670005977,72.58504329994321,72.58504329994321,74.08542900020257,74.08542900020257,74.06893830001354,7.199746999889612,7.199786900077015,74.07724050013348,74.08542900020257,74.08542900020257,75.08421260025352,stimuli/box_empty_transparent.png,8.215010500047356,8.215053299907595,75.08432120038196,75.10032160021365,76.60136500000954,76.58550410019234,9.71628940012306,,,,,,,,,,,,,,33333,right,no,None,2025-05-09_11h08.27.465,RL_out-of-scanner,2024.2.4,59.52901828888127,2025-05-09 11h08.48.227010 -0500,
2,0,2,space,2.064062099903822,None,5,2.7026381003670394,None,9.717747999820858,j,0.6458316999487579,None,None,10.383463200181723,10.383823600132018,11.382878900039941,11.382918399758637,12.383211200125515,12.383242399897426,15.39814619999379,,,,,,,0,0,0,0,2,0,2,0,76.60136500000954,,,,,,,,,,,,,,,,,,,,,,,,,,,,,,9.717747999820858,76.58700760034844,76.60136500000954,76.60136500000954,76.60136500000954,76.60136500000954,77.25263450015336,j,0.6458316999487579,None,right,1,11,0,0,0,0,None,10.383463200181723,10.383823600132018,77.25308400020003,77.2682933001779,77.2682933001779,78.26779900025576,78.26779900025576,78.25207399995998,11.382878900039941,11.382918399758637,78.2603311999701,78.26779900025576,78.26779900025576,79.25242230016738,stimuli/box_empty_transparent.png,12.383211200125515,12.383242399897426,79.25249750027433,79.26804580027238,82.28409730037674,82.26736119994894,15.39814619999379,79.26804580027238,79.26804580027238,,,,,,,,,,,,33333,right,no,None,2025-05-09_11h08.27.465,RL_out-of-scanner,2024.2.4,59.52901828888127,2025-05-09 11h08.48.227010 -0500,
3,0,3,space,2.064062099903822,None,5,2.7026381003670394,None,15.399618600029498,j,1.1681099003180861,None,['j'],16.584742600098252,16.585106399841607,18.583042199723423,18.58308030012995,19.58265019999817,19.582682100124657,20.597776299808174,[0.5500950003042817],[0.1008156999014318],,,,,0,0,0,0,3,0,3,0,82.28409730037674,,,,,,,,,,,,,,,,,,,,,,,,,,,,,,15.399618600029498,82.26887910021469,82.28409730037674,82.28409730037674,82.28409730037674,82.28409730037674,83.4538827999495,j,1.1681099003180861,None,right,1,11,0,0,0,0,['j'],16.584742600098252,16.585106399841607,83.45436630025506,83.46805340005085,83.46805340005085,85.46766920015216,85.46766920015216,85.45223300019279,18.583042199723423,18.58308030012995,85.46069170022383,85.46766920015216,85.46766920015216,86.45185950025916,stimuli/box_empty_transparent.png,19.58265019999817,19.582682100124657,86.45193400001153,86.4677675999701,87.48374200006947,87.46698589995503,20.597776299808174,86.4677675999701,86.4677675999701,[0.5500950003042817],[0.1008156999014318],,,,,,,,,,33333,right,no,None,2025-05-09_11h08.27.465,RL_out-of-scanner,2024.2.4,59.52901828888127,2025-05-09 11h08.48.227010 -0500,
4,0,4,space,2.064062099903822,None,5,2.7026381003670394,None,20.599498599767685,k,0.3522348999977112,None,None,20.983744400087744,20.984009199775755,21.982470099814236,21.98250909987837,22.982762800063938,22.982801899779588,25.481969699729234,,,,,,,0,0,0,0,4,0,4,0,87.48374200006947,,,,,,,,,,,,,,,,,,,,,,,,,,,,,,20.599498599767685,87.46876520011574,87.48374200006947,87.48374200006947,87.48374200006947,87.48374200006947,87.85291610006243,k,0.3522348999977112,None,right,1,11,1,0,1,1,None,20.983744400087744,20.984009199775755,87.85326660005376,87.86825380008668,87.86825380008668,88.86739800032228,88.86739800032228,88.8516617002897,21.982470099814236,21.98250909987837,88.86163659999147,88.86739800032228,88.86739800032228,89.85196970030665,stimuli/box_coin_transparent.png,22.982762800063938,22.982801899779588,89.85206530010328,89.86741890013218,92.36779180029407,92.35118570039049,25.481969699729234,,,,,,,,,,,,,,33333,right,no,None,2025-05-09_11h08.27.465,RL_out-of-scanner,2024.2.4,59.52901828888127,2025-05-09 11h08.48.227010 -0500,
5,0,5,space,2.064062099903822,None,5,2.7026381003670394,None,25.48355389991775,k,0.4079822995699942,None,None,25.915448899846524,25.91583890002221,29.414870799984783,29.41491900011897,30.415503399912268,30.415542299859226,32.414479800034314,,,,,,,0,0,0,0,5,0,5,0,92.36779180029407,,,,,,,,,,,,,,,,,,,,,,,,,,,,,,25.48355389991775,92.35281349997967,92.36779180029407,92.36779180029407,92.36779180029407,92.36779180029407,92.78459110017866,k,0.4079822995699942,None,right,1,11,2,0,2,2,None,25.915448899846524,25.91583890002221,92.78511140029877,92.80033640004694,92.80033640004694,96.30272080004215,96.30272080004215,96.28405460016802,29.414870799984783,29.41491900011897,96.29655100032687,96.30272080004215,96.30272080004215,97.28470630012453,stimuli/box_coin_transparent.png,30.415503399912268,30.415542299859226,97.28480640007183,97.30030290037394,99.3003381001763,99.28368810005486,32.414479800034314,,,,,,,,,,,,,,33333,right,no,None,2025-05-09_11h08.27.465,RL_out-of-scanner,2024.2.4,59.52901828888127,2025-05-09 11h08.48.227010 -0500,
6,0,6,space,2.064062099903822,None,5,2.7026381003670394,None,32.41656569996849,k,0.7005680999718606,None,None,33.133884499780834,33.13424090016633,34.131656900048256,34.131695799995214,35.13182169990614,35.13185969972983,36.13082510000095,,,,,,,0,0,0,0,6,0,6,0,99.3003381001763,,,,,,,,,,,,,,,,,,,,,,,,,,,,,,32.41656569996849,99.28583550034091,99.3003381001763,99.3003381001763,99.3003381001763,99.3003381001763,100.00303210038692,k,0.7005680999718606,None,right,1,11,3,0,3,3,None,33.133884499780834,33.13424090016633,100.00350880017504,100.01758179999888,100.01758179999888,101.0182860000059,101.0182860000059,101.00085170008242,34.131656900048256,34.131695799995214,101.01251070015132,101.0182860000059,101.0182860000059,102.00102800037712,stimuli/box_coin_transparent.png,35.13182169990614,35.13185969972983,102.00112150004134,102.01673329994082,103.01658650022,103.00004020007327,36.13082510000095,,,,,,,,,,,,,,33333,right,no,None,2025-05-09_11h08.27.465,RL_out-of-scanner,2024.2.4,59.52901828888127,2025-05-09 11h08.48.227010 -0500,
7,0,7,space,2.064062099903822,None,5,2.7026381003670394,None,36.13277789996937,k,1.2392634004354477,None,['k'],37.399710500147194,37.39998790016398,39.39891309989616,39.39895030017942,40.3985731001012,40.39860810013488,42.39770819991827,[0.6171560999937356],[0.09792500035837293],,,,,0,0,0,0,7,0,7,0,103.01658650022,,,,,,,,,,,,,,,,,,,,,,,,,,,,,,36.13277789996937,103.00203950004652,103.01658650022,103.01658650022,103.01658650022,103.01658650022,104.26884920010343,k,1.2392634004354477,None,right,1,11,4,0,4,4,['k'],37.399710500147194,37.39998790016398,104.26924500009045,104.2836070000194,104.2836070000194,106.28379820007831,106.28379820007831,106.26810490014032,39.39891309989616,39.39895030017942,106.27780430018902,106.28379820007831,106.28379820007831,107.26777940010652,stimuli/box_coin_transparent.png,40.3985731001012,40.39860810013488,107.2678633001633,107.2829619999975,109.2835528999567,109.2669164002873,42.39770819991827,107.2829619999975,107.2829619999975,[0.6171560999937356],[0.09792500035837293],,,,,,,,,,33333,right,no,None,2025-05-09_11h08.27.465,RL_out-of-scanner,2024.2.4,59.52901828888127,2025-05-09 11h08.48.227010 -0500,
8,0,8,space,2.064062099903822,None,5,2.7026381003670394,None,42.39939429983497,j,0.4162413999438286,None,None,42.83240430010483,42.832707199733704,45.83182069985196,45.83187199989334,46.84761659987271,46.84765370003879,48.348451300058514,,,,,,,0,0,0,0,8,0,8,0,109.2835528999567,,,,,,,,,,,,,,,,,,,,,,,,,,,,,,42.39939429983497,109.26865500025451,109.2835528999567,109.2835528999567,109.2835528999567,109.2835528999567,109.70157420029864,j,0.4162413999438286,None,right,1,11,4,0,4,4,None,42.83240430010483,42.832707199733704,109.70196640025824,109.71701430017129,109.71701430017129,112.71786130033433,112.71786130033433,112.70101090008393,45.83182069985196,45.83187199989334,112.70915010012686,112.71786130033433,112.71786130033433,113.71682420000434,stimuli/box_empty_transparent.png,46.84761659987271,46.84765370003879,113.71692770021036,113.73310120031238,115.23406170029193,115.21766340034083,48.348451300058514,,,,,,,,,,,,,,33333,right,no,None,2025-05-09_11h08.27.465,RL_out-of-scanner,2024.2.4,59.52901828888127,2025-05-09 11h08.48.227010 -0500,
9,0,9,space,2.064062099903822,None,5,2.7026381003670394,None,48.35001999977976,k,0.6042382000014186,None,None,48.982189000118524,48.98250119993463,50.481376599986106,50.48141469992697,51.481132300104946,51.481169200036675,53.481354699935764,,,,,,,0,0,0,0,9,0,9,0,115.23406170029193,,,,,,,,,,,,,,,,,,,,,,,,,,,,,,48.35001999977976,115.21927889995277,115.23406170029193,115.23406170029193,115.23406170029193,115.23406170029193,115.8513430999592,k,0.6042382000014186,None,right,0,11,4,0,5,4,None,48.982189000118524,48.98250119993463,115.85176580026746,115.86742080003023,115.86742080003023,117.36676130024716,117.36676130024716,117.35056890035048,50.481376599986106,50.48141469992697,117.3597383000888,117.36676130024716,117.36676130024716,118.35034010000527,stimuli/box_empty_transparent.png,51.481132300104946,51.481169200036675,118.350430900231,118.3667201003991,120.36621060036123,120.35056910011917,53.481354699935764,118.3667201003991,118.3667201003991,,,,,,,,,,,,33333,right,no,None,2025-05-09_11h08.27.465,RL_out-of-scanner,2024.2.4,59.52901828888127,2025-05-09 11h08.48.227010 -0500,
10,0,10,space,2.064062099903822,None,5,2.7026381003670394,None,53.48282489972189,j,0.4332184996455908,None,None,53.93240509973839,53.9328016997315,55.43176419986412,55.43180349981412,56.43146440014243,56.431505399756134,57.43104059994221,,,,,,,0,0,0,0,10,0,10,0,120.36621060036123,,,,,,,,,,,,,,,,,,,,,,,,,,,,,,53.48282489972189,120.35208460036665,120.36621060036123,120.36621060036123,120.36621060036123,120.36621060036123,120.80156210018322,j,0.4332184996455908,None,right,0,11,4,0,5,4,None,53.93240509973839,53.9328016997315,120.80206570029259,120.81641060020775,120.81641060020775,122.31695919996127,122.31695919996127,122.30095549998805,55.43176419986412,55.43180349981412,122.3092435002327,122.31695919996127,122.31695919996127,123.30066950013861,stimuli/box_empty_transparent.png,56.43146440014243,56.431505399756134,123.30077290022746,123.31589160021394,124.31641300022602,124.30024849995971,57.43104059994221,123.31589160021394,123.31589160021394,,,,,,,,,,,,33333,right,no,None,2025-05-09_11h08.27.465,RL_out-of-scanner,2024.2.4,59.52901828888127,2025-05-09 11h08.48.227010 -0500,
11,0,11,space,2.064062099903822,None,5,2.7026381003670394,None,57.43326890002936,j,0.661179100163281,None,None,58.115754100028425,58.11617930000648,60.113983899820596,60.11402169987559,61.11452020006254,61.11456390004605,62.613977199885994,,,,,,,0,0,0,0,11,0,11,0,124.31641300022602,,,,,,,,,,,,,,,,,,,,,,,,,,,,,,57.43326890002936,124.30254450021312,124.31641300022602,124.31641300022602,124.31641300022602,124.31641300022602,124.98489970015362,j,0.661179100163281,None,right,0,11,4,0,5,4,None,58.115754100028425,58.11617930000648,124.98545150039718,124.99943080032244,124.99943080032244,127.0009498000145,127.0009498000145,126.9831767003052,60.113983899820596,60.11402169987559,126.99142440035939,127.0009498000145,127.0009498000145,127.98371820012107,stimuli/box_empty_transparent.png,61.11452020006254,61.11456390004605,127.98383369995281,128.00001360010356,129.49961880035698,129.4831842002459,62.613977199885994,,,,,,,,,,,,,,33333,right,no,None,2025-05-09_11h08.27.465,RL_out-of-scanner,2024.2.4,59.52901828888127,2025-05-09 11h08.48.227010 -0500,
12,0,12,space,2.064062099903822,None,5,2.7026381003670394,None,62.6162124001421,j,0.4118985002860427,None,None,63.048916399944574,63.049264499917626,64.0477343997918,64.0477744997479,65.04722320009023,65.04725519986823,68.04666059976444,,,,,,,0,0,0,0,12,0,12,0,129.49961880035698,,,,,,,,,,,,,,,,,,,,,,,,,,,,,,62.6162124001421,129.48548640031368,129.49961880035698,129.49961880035698,129.49961880035698,129.49961880035698,129.91808860003948,j,0.4118985002860427,None,right,0,11,4,0,5,4,None,63.048916399944574,63.049264499917626,129.91852520033717,129.93301440030336,129.93301440030336,130.9332870002836,130.9332870002836,130.91691810032353,64.0477343997918,64.0477744997479,130.92519850004464,130.9332870002836,130.9332870002836,131.91643590014428,stimuli/box_empty_transparent.png,65.04722320009023,65.04725519986823,131.91650950023904,131.93219060031697,134.93255690019578,134.91587610030547,68.04666059976444,131.93219060031697,131.93219060031697,,,,,,,,,,,,33333,right,no,None,2025-05-09_11h08.27.465,RL_out-of-scanner,2024.2.4,59.52901828888127,2025-05-09 11h08.48.227010 -0500,
13,0,13,space,2.064062099903822,None,5,2.7026381003670394,None,68.04854660015553,k,0.4417485003359616,None,None,68.51492139976472,68.5152742001228,69.0136342998594,69.01368060009554,70.0302297999151,70.0302935000509,72.02983180014417,,,,,,,0,0,0,0,13,0,13,0,134.93255690019578,,,,,,,,,,,,,,,,,,,,,,,,,,,,,,68.04854660015553,134.91781720006838,134.93255690019578,134.93255690019578,134.93255690019578,134.93255690019578,135.384076599963,k,0.4417485003359616,None,right,1,11,5,0,6,5,None,68.51492139976472,68.5152742001228,135.38454090012237,135.39942650031298,135.39942650031298,135.90085289999843,135.90085289999843,135.8828206001781,69.0136342998594,69.01368060009554,135.8954998003319,135.90085289999843,135.90085289999843,136.89943170035258,stimuli/box_coin_transparent.png,70.0302297999151,70.0302935000509,136.899560500402,136.91542270034552,138.9156210999936,138.89904410019517,72.02983180014417,,,,,,,,,,,,,,33333,right,no,None,2025-05-09_11h08.27.465,RL_out-of-scanner,2024.2.4,59.52901828888127,2025-05-09 11h08.48.227010 -0500,
14,0,14,space,2.064062099903822,None,5,2.7026381003670394,None,72.0313923000358,k,0.3116616001352668,None,None,72.36471700016409,72.36495869979262,73.88109749974683,73.88113699993119,74.88113489979878,74.88116980018094,75.87968060001731,,,,,,,0,0,0,0,14,0,14,0,138.9156210999936,,,,,,,,,,,,,,,,,,,,,,,,,,,,,,72.0313923000358,138.90065290033817,138.9156210999936,138.9156210999936,138.9156210999936,138.9156210999936,139.2338886000216,k,0.3116616001352668,None,right,1,11,6,0,7,6,None,72.36471700016409,72.36495869979262,139.23421580018476,139.25128800002858,139.25128800002858,140.76688930019736,140.76688930019736,140.75028700008988,73.88109749974683,73.88113699993119,140.76110920030624,140.76688930019736,140.76688930019736,141.75034380005673,stimuli/box_coin_transparent.png,74.88113489979878,74.88116980018094,141.7504292000085,141.7654440002516,142.768643300049,142.7488951999694,75.87968060001731,141.7654440002516,141.7654440002516,,,,,,,,,,,,33333,right,no,None,2025-05-09_11h08.27.465,RL_out-of-scanner,2024.2.4,59.52901828888127,2025-05-09 11h08.48.227010 -0500,
15,0,15,space,2.064062099903822,None,5,2.7026381003670394,None,75.88115569995716,k,0.46448029996827245,None,None,76.3810931998305,76.38134530000389,77.38037979975343,77.38043119991198,78.380294600036,78.38032669993117,80.3793759001419,,,,,,,0,0,0,0,15,0,15,0,142.768643300049,,,,,,,,,,,,,,,,,,,,,,,,,,,,,,75.88115569995716,142.75041710026562,142.768643300049,142.768643300049,142.768643300049,142.768643300049,143.25026130024344,k,0.46448029996827245,None,right,1,11,7,0,8,7,None,76.3810931998305,76.38134530000389,143.25060310028493,143.26569369994104,143.26569369994104,144.26607990032062,144.26607990032062,144.24955740012228,77.38037979975343,77.38043119991198,144.26008900022134,144.26607990032062,144.26607990032062,145.24950060015544,stimuli/box_coin_transparent.png,78.380294600036,78.38032669993117,145.24958349997178,145.26513850037009,147.2652926002629,147.2485911003314,80.3793759001419,145.26513850037009,145.26513850037009,,,,,,,,,,,,33333,right,no,None,2025-05-09_11h08.27.465,RL_out-of-scanner,2024.2.4,59.52901828888127,2025-05-09 11h08.48.227010 -0500,
16,0,16,space,2.064062099903822,None,5,2.7026381003670394,None,80.38087989995256,j,0.7280155997723341,None,None,81.13223400013521,81.1325603001751,83.1298401998356,83.12987810000777,84.13044570013881,84.13048209995031,85.12952410010621,,,,,,,0,0,0,0,16,0,16,0,147.2652926002629,,,,,,,,,,,,,,,,,,,,,,,,,,,,,,80.38087989995256,147.25014020036906,147.2652926002629,147.2652926002629,147.2652926002629,147.2652926002629,148.00139910029247,j,0.7280155997723341,None,right,1,11,7,0,8,7,None,81.13223400013521,81.1325603001751,148.00181880034506,148.01554740034044,148.01554740034044,150.01577110029757,150.01577110029757,149.99903410021216,83.1298401998356,83.12987810000777,150.00937510002404,150.01577110029757,150.01577110029757,150.99965350003913,stimuli/box_empty_transparent.png,84.13044570013881,84.13048209995031,150.99974330002442,151.01529850019142,152.01538750017062,151.99873840017244,85.12952410010621,151.01529850019142,151.01529850019142,,,,,,,,,,,,33333,right,no,None,2025-05-09_11h08.27.465,RL_out-of-scanner,2024.2.4,59.52901828888127,2025-05-09 11h08.48.227010 -0500,
17,0,17,space,2.064062099903822,None,5,2.7026381003670394,None,85.13105199998245,k,0.3933872003108263,None,None,85.54767089989036,85.54801040003076,86.5466414000839,86.54668019991368,87.56308449991047,87.56311800004914,88.56370369996876,,,,,,,0,0,0,0,17,0,17,0,152.01538750017062,,,,,,,,,,,,,,,,,,,,,,,,,,,,,,85.13105199998245,152.00031230039895,152.01538750017062,152.01538750017062,152.01538750017062,152.01538750017062,152.41681470023468,k,0.3933872003108263,None,right,1,11,8,0,9,8,None,85.54767089989036,85.54801040003076,152.41728190006688,152.43195500038564,152.43195500038564,153.43323840014637,153.43323840014637,153.41583169996738,86.5466414000839,86.54668019991368,153.4274913002737,153.43323840014637,153.43323840014637,154.4322929000482,stimuli/box_coin_transparent.png,87.56308449991047,87.56311800004914,154.43237900035456,154.44827560009435,155.4490871001035,155.43291530013084,88.56370369996876,,,,,,,,,,,,,,33333,right,no,None,2025-05-09_11h08.27.465,RL_out-of-scanner,2024.2.4,59.52901828888127,2025-05-09 11h08.48.227010 -0500,
18,0,18,space,2.064062099903822,None,5,2.7026381003670394,None,88.56523049995303,j,0.6417216002009809,None,None,89.23030279995874,89.23062269994989,92.73019010014832,92.73023479990661,93.73008849984035,93.73013469995931,95.72911940002814,,,,,,,0,0,0,0,18,0,18,0,155.4490871001035,,,,,,,,,,,,,,,,,,,,,,,,,,,,,,88.56523049995303,155.43448980012909,155.4490871001035,155.4490871001035,155.4490871001035,155.4490871001035,156.09947350015864,j,0.6417216002009809,None,right,1,11,8,0,9,8,None,89.23030279995874,89.23062269994989,156.0998816001229,156.11531190015376,156.11531190015376,159.615831900388,159.615831900388,159.59933950006962,92.73019010014832,92.73023479990661,159.60863419994712,159.615831900388,159.615831900388,160.59930140012875,stimuli/box_empty_transparent.png,93.73008849984035,93.73013469995931,160.59939069999382,160.6151915001683,162.6152068004012,162.5983303003013,95.72911940002814,160.6151915001683,160.6151915001683,,,,,,,,,,,,33333,right,no,None,2025-05-09_11h08.27.465,RL_out-of-scanner,2024.2.4,59.52901828888127,2025-05-09 11h08.48.227010 -0500,
19,0,19,space,2.064062099903822,None,5,2.7026381003670394,None,95.73102089995518,k,0.5165711999870837,None,None,96.26451689982787,96.26487529976293,97.263147899881,97.26319540012628,98.26329360017553,98.26332509983331,99.76250159973279,,,,,,,0,0,0,0,19,0,19,0,162.6152068004012,,,,,,,,,,,,,,,,,,,,,,,,,,,,,,95.73102089995518,162.60028959996998,162.6152068004012,162.6152068004012,162.6152068004012,162.6152068004012,163.1336294002831,k,0.5165711999870837,None,right,0,11,8,0,10,8,None,96.26451689982787,96.26487529976293,163.13414880027995,163.1486569000408,163.1486569000408,164.14851200021803,164.14851200021803,164.13233180018142,97.263147899881,97.26319540012628,164.1413404000923,164.14851200021803,164.14851200021803,165.13250569999218,stimuli/box_empty_transparent.png,98.26329360017553,98.26332509983331,165.1325803999789,165.14777899999171,166.64818410016596,166.63171610003337,99.76250159973279,165.14777899999171,165.14777899999171,,,,,,,,,,,,33333,right,no,None,2025-05-09_11h08.27.465,RL_out-of-scanner,2024.2.4,59.52901828888127,2025-05-09 11h08.48.227010 -0500,
20,0,20,space,2.064062099903822,None,5,2.7026381003670394,None,99.7644994999282,j,0.7573997997678816,None,None,100.54758400004357,100.54792359983549,102.54683519992977,102.546873500105,103.54713039984927,103.54717219993472,105.54548660013825,,,,,,,0,0,0,0,20,0,20,0,166.64818410016596,,,,,,,,,,,,,,,,,,,,,,,,,,,,,,99.7644994999282,166.63377200020477,166.64818410016596,166.64818410016596,166.64818410016596,166.64818410016596,167.41675550024956,j,0.7573997997678816,None,right,0,11,8,0,10,8,None,100.54758400004357,100.54792359983549,167.41718200035393,167.4317983002402,167.4317983002402,169.43184010032564,169.43184010032564,169.416026300285,102.54683519992977,102.546873500105,169.42474590009078,169.43184010032564,169.43184010032564,170.4163363999687,stimuli/box_empty_transparent.png,103.54713039984927,103.54717219993472,170.41643960028887,170.43107180017978,172.43139730021358,172.4147001001984,105.54548660013825,170.43107180017978,170.43107180017978,,,,,,,,,,,,33333,right,no,None,2025-05-09_11h08.27.465,RL_out-of-scanner,2024.2.4,59.52901828888127,2025-05-09 11h08.48.227010 -0500,
21,0,21,space,2.064062099903822,None,5,2.7026381003670394,None,105.54699759976938,k,0.343754599802196,None,None,105.91339879995212,105.9137014998123,108.91303859977052,108.91307750018314,109.91263599973172,109.91266619972885,111.41240129992366,,,,,,,0,0,0,0,21,0,21,0,172.43139730021358,,,,,,,,,,,,,,,,,,,,,,,,,,,,,,105.54699759976938,172.41625720029697,172.43139730021358,172.43139730021358,172.43139730021358,172.43139730021358,172.78255280014127,k,0.343754599802196,None,right,1,11,9,0,11,9,None,105.91339879995212,105.9137014998123,172.78296660026535,172.79786280030385,172.79786280030385,175.7985726003535,175.7985726003535,175.78222870035097,108.91303859977052,108.91307750018314,175.79185130028054,175.7985726003535,175.7985726003535,176.78184760035947,stimuli/box_coin_transparent.png,109.91263599973172,109.91266619972885,176.78192110033706,176.79741650028154,178.29791750013828,178.28161510033533,111.41240129992366,176.79741650028154,176.79741650028154,,,,,,,,,,,,33333,right,no,None,2025-05-09_11h08.27.465,RL_out-of-scanner,2024.2.4,59.52901828888127,2025-05-09 11h08.48.227010 -0500,
22,0,22,space,2.064062099903822,None,5,2.7026381003670394,None,111.413863199763,k,0.3543641003780067,None,None,111.79761980008334,111.79800379974768,113.29679200006649,113.29683629982173,114.31205249996856,114.31210019998252,116.3117207000032,,,,,,,0,0,0,0,22,0,22,0,178.29791750013828,,,,,,,,,,,,,,,,,,,,,,,,,,,,,,111.413863199763,178.28312260005623,178.29791750013828,178.29791750013828,178.29791750013828,178.29791750013828,178.6667745001614,k,0.3543641003780067,None,right,1,11,10,0,12,10,None,111.79761980008334,111.79800379974768,178.66727630002424,178.68183060036972,178.68183060036972,180.18445800011978,180.18445800011978,180.16597540024668,113.29679200006649,113.29683629982173,180.17738280026242,180.18445800011978,180.18445800011978,181.181249700021,stimuli/box_coin_transparent.png,114.31205249996856,114.31210019998252,181.18137100012973,181.1971986000426,183.1977739003487,183.18093110015616,116.3117207000032,,,,,,,,,,,,,,33333,right,no,None,2025-05-09_11h08.27.465,RL_out-of-scanner,2024.2.4,59.52901828888127,2025-05-09 11h08.48.227010 -0500,
23,0,23,space,2.064062099903822,None,5,2.7026381003670394,None,116.31350240018219,k,0.4763964000158012,None,None,116.81367269996554,116.81400980008766,118.3131710998714,118.31321110017598,119.31224399991333,119.3122872998938,120.81257160007954,,,,,,,0,0,0,0,23,0,23,0,183.1977739003487,,,,,,,,,,,,,,,,,,,,,,,,,,,,,,116.31350240018219,183.18277020007372,183.1977739003487,183.1977739003487,183.1977739003487,183.1977739003487,183.68282200023532,k,0.4763964000158012,None,right,1,11,11,0,13,11,None,116.81367269996554,116.81400980008766,183.6832826002501,183.69825180014595,183.69825180014595,185.19810410030186,185.19810410030186,185.18236340023577,118.3131710998714,118.31321110017598,185.19217520020902,185.19810410030186,185.19810410030186,186.1814484000206,stimuli/box_coin_transparent.png,119.31224399991333,119.3122872998938,186.18155700014904,186.19708020007238,187.69833980035037,187.68178220000118,120.81257160007954,186.19708020007238,186.19708020007238,,,,,,,,,,,,33333,right,no,None,2025-05-09_11h08.27.465,RL_out-of-scanner,2024.2.4,59.52901828888127,2025-05-09 11h08.48.227010 -0500,
24,0,24,space,2.064062099903822,None,5,2.7026381003670394,None,120.81479670014232,k,0.4318304997868836,None,None,121.26369039993733,121.26398660009727,123.26337869977579,123.26342670014128,124.26224099984393,124.26227239985019,125.7634756998159,,,,,,,0,0,0,0,24,0,24,0,187.69833980035037,,,,,,,,,,,,,,,,,,,,,,,,,,,,,,120.81479670014232,187.684064200148,187.69833980035037,187.69833980035037,187.69833980035037,187.69833980035037,188.13285819999874,k,0.4318304997868836,None,left,1,15,0,1,13,11,None,121.26369039993733,121.26398660009727,188.13324940018356,188.14829990034923,188.14829990034923,190.14846740011126,190.14846740011126,190.1325632003136,123.26337869977579,123.26342670014128,190.14081410039216,190.14846740011126,190.14846740011126,191.13145390013233,stimuli/box_empty_transparent.png,124.26224099984393,124.26227239985019,191.13152680033818,191.14832870010287,192.64822360035032,192.6326863002032,125.7634756998159,191.14832870010287,191.14832870010287,,,,,,,,,,,,33333,right,no,None,2025-05-09_11h08.27.465,RL_out-of-scanner,2024.2.4,59.52901828888127,2025-05-09 11h08.48.227010 -0500,
25,0,25,space,2.064062099903822,None,5,2.7026381003670394,None,125.76504570012912,k,0.6211208002641797,None,None,126.41331030009314,126.41355659998953,127.41269219992682,127.41273210011423,128.41200549993664,128.4120473000221,131.91133360005915,,,,,,,0,0,0,0,25,0,25,0,192.64822360035032,,,,,,,,,,,,,,,,,,,,,,,,,,,,,,125.76504570012912,192.63430500030518,192.64822360035032,192.64822360035032,192.64822360035032,192.64822360035032,193.28248180029914,k,0.6211208002641797,None,left,1,15,0,1,13,11,None,126.41331030009314,126.41355659998953,193.28281330037862,193.29761990020052,193.29761990020052,194.29779170034453,194.29779170034453,194.2818845999427,127.41269219992682,127.41273210011423,194.2901774002239,194.29779170034453,194.29779170034453,195.2812120001763,stimuli/box_empty_transparent.png,128.41200549993664,128.4120473000221,195.28131300024688,195.29685900034383,198.7973265000619,198.78054740000516,131.91133360005915,195.29685900034383,195.29685900034383,,,,,,,,,,,,33333,right,no,None,2025-05-09_11h08.27.465,RL_out-of-scanner,2024.2.4,59.52901828888127,2025-05-09 11h08.48.227010 -0500,
26,0,26,space,2.064062099903822,None,5,2.7026381003670394,None,131.9127968000248,j,0.46132680028676987,None,None,132.39694180013612,132.39727149996907,132.89527270011604,132.8953122999519,133.89521980006248,133.8952524997294,137.3947887001559,,,,,,,0,0,0,0,26,0,26,0,198.7973265000619,,,,,,,,,,,,,,,,,,,,,,,,,,,,,,131.9127968000248,198.78205770021304,198.7973265000619,198.7973265000619,198.7973265000619,198.7973265000619,199.26609829999506,j,0.46132680028676987,None,left,1,15,1,1,14,12,None,132.39694180013612,132.39727149996907,199.2665294003673,199.28086270019412,199.28086270019412,199.78131039999425,199.78131039999425,199.76446490036324,132.89527270011604,132.8953122999519,199.7747387001291,199.78131039999425,199.78131039999425,200.76443159999326,stimuli/box_coin_transparent.png,133.89521980006248,133.8952524997294,200.7645099000074,200.7800406003371,204.28055849997327,204.26400319999084,137.3947887001559,200.7800406003371,200.7800406003371,,,,,,,,,,,,33333,right,no,None,2025-05-09_11h08.27.465,RL_out-of-scanner,2024.2.4,59.52901828888127,2025-05-09 11h08.48.227010 -0500,
27,0,27,space,2.064062099903822,None,5,2.7026381003670394,None,137.39632169995457,j,0.5578840998932719,None,None,137.97913789981976,137.97944949986413,139.47916219988838,139.4792029997334,140.47837219992653,140.47840309981257,141.47873960016295,,,,,,,0,0,0,0,27,0,27,0,204.28055849997327,,,,,,,,,,,,,,,,,,,,,,,,,,,,,,137.39632169995457,204.26559460023418,204.28055849997327,204.28055849997327,204.28055849997327,204.28055849997327,204.84827620023862,j,0.5578840998932719,None,left,0,15,1,1,15,12,None,137.97913789981976,137.97944949986413,204.8487080000341,204.86394990002736,204.86394990002736,206.36420139996335,206.36420139996335,206.34835400013253,139.47916219988838,139.4792029997334,206.35690420027822,206.36420139996335,206.36420139996335,207.34758420009166,stimuli/box_empty_transparent.png,140.47837219992653,140.47840309981257,207.34765799995512,207.36310850037262,208.36461660033092,208.34794840030372,141.47873960016295,207.36310850037262,207.36310850037262,,,,,,,,,,,,33333,right,no,None,2025-05-09_11h08.27.465,RL_out-of-scanner,2024.2.4,59.52901828888127,2025-05-09 11h08.48.227010 -0500,
28,0,28,space,2.064062099903822,None,5,2.7026381003670394,None,141.48118800017983,j,0.678161499556154,None,None,142.17943509994075,142.17975979996845,143.1795621998608,143.17960639996454,144.1786909000948,144.17872569989413,147.69409740017727,,,,,,,0,0,0,0,28,0,28,0,208.36461660033092,,,,,,,,,,,,,,,,,,,,,,,,,,,,,,141.48118800017983,208.35045649996027,208.36461660033092,208.36461660033092,208.36461660033092,208.36461660033092,209.04860510025173,j,0.678161499556154,None,left,0,15,1,1,16,12,None,142.17943509994075,142.17975979996845,209.0490178000182,209.0644460003823,209.0644460003823,210.0643432000652,210.0643432000652,210.04874570015818,143.1795621998608,143.17960639996454,210.05719320010394,210.0643432000652,210.0643432000652,211.0478996001184,stimuli/box_empty_transparent.png,144.1786909000948,144.17872569989413,211.04798560030758,211.06415290012956,214.57992390030995,214.56330389995128,147.69409740017727,211.06415290012956,211.06415290012956,,,,,,,,,,,,33333,right,no,None,2025-05-09_11h08.27.465,RL_out-of-scanner,2024.2.4,59.52901828888127,2025-05-09 11h08.48.227010 -0500,
29,0,29,space,2.064062099903822,None,5,2.7026381003670394,None,147.6962624997832,k,0.4957819003611803,None,None,148.21178029989824,148.2121311998926,150.21201210003346,150.21207530004904,151.21118520013988,151.2112162001431,152.21103349979967,,,,,,,0,0,0,0,29,0,29,0,214.57992390030995,,,,,,,,,,,,,,,,,,,,,,,,,,,,,,147.6962624997832,214.5655525000766,214.57992390030995,214.57992390030995,214.57992390030995,214.57992390030995,215.0809231000021,k,0.4957819003611803,None,left,0,15,1,1,16,12,None,148.21178029989824,148.2121311998926,215.08141650026664,215.09658560017124,215.09658560017124,217.0971285002306,217.0971285002306,217.08107020007446,150.21201210003346,150.21207530004904,217.0901184999384,217.0971285002306,217.0971285002306,218.08039849996567,stimuli/box_empty_transparent.png,151.21118520013988,151.2112162001431,218.08047140017152,218.0966171999462,219.09689539996907,219.08024280006066,152.21103349979967,218.0966171999462,218.0966171999462,,,,,,,,,,,,33333,right,no,None,2025-05-09_11h08.27.465,RL_out-of-scanner,2024.2.4,59.52901828888127,2025-05-09 11h08.48.227010 -0500,
30,0,30,space,2.064062099903822,None,5,2.7026381003670394,None,152.2129950998351,k,0.5994061999954283,None,None,152.8292112001218,152.82950669992715,153.82830980001017,153.82836710009724,154.84753410005942,154.84757780004293,155.844925200101,,,,,,,0,0,0,0,30,0,30,0,219.09689539996907,,,,,,,,,,,,,,,,,,,,,,,,,,,,,,152.2129950998351,219.0822688001208,219.09689539996907,219.09689539996907,219.09689539996907,219.09689539996907,219.69836889998987,k,0.5994061999954283,None,left,0,15,1,1,16,12,None,152.8292112001218,152.82950669992715,219.69877010025084,219.71382710011676,219.71382710011676,220.7142850002274,220.7142850002274,220.69748680014163,153.82830980001017,153.82836710009724,220.70864760037512,220.7142850002274,220.7142850002274,221.71673410013318,stimuli/box_empty_transparent.png,154.84753410005942,154.84757780004293,221.71684710029513,221.72942520026118,222.73023110022768,222.71413680026308,155.844925200101,,,,,,,,,,,,,,33333,right,no,None,2025-05-09_11h08.27.465,RL_out-of-scanner,2024.2.4,59.52901828888127,2025-05-09 11h08.48.227010 -0500,
31,0,31,space,2.064062099903822,None,5,2.7026381003670394,None,155.84640089981258,k,0.40577589999884367,None,None,156.27999059995636,156.28025700012222,159.2941820998676,159.29421829991043,160.29423230001703,160.2942717000842,162.79343640012667,,,,,,,0,0,0,0,31,0,31,0,222.73023110022768,,,,,,,,,,,,,,,,,,,,,,,,,,,,,,155.84640089981258,222.7156597999856,222.73023110022768,222.73023110022768,222.73023110022768,222.73023110022768,223.14914970006794,k,0.40577589999884367,None,left,0,15,1,1,16,12,None,156.27999059995636,156.28025700012222,223.14951420016587,223.16477760020643,223.16477760020643,226.17992869997397,226.17992869997397,226.16337960027158,159.2941820998676,159.29421829991043,226.17248270008713,226.17992869997397,226.17992869997397,227.16343760024756,stimuli/box_empty_transparent.png,160.29423230001703,160.2942717000842,227.16354029998183,227.17910730000585,229.67943490017205,229.66264160024002,162.79343640012667,227.17910730000585,227.17910730000585,,,,,,,,,,,,33333,right,no,None,2025-05-09_11h08.27.465,RL_out-of-scanner,2024.2.4,59.52901828888127,2025-05-09 11h08.48.227010 -0500,
32,0,32,space,2.064062099903822,None,5,2.7026381003670394,None,162.7949064001441,j,0.5786948003806174,None,None,163.39437610004097,163.39462389983237,164.39409429999068,164.3941290001385,165.394326900132,165.39435479976237,166.39372609974816,,,,,,,0,0,0,0,32,0,32,0,229.67943490017205,,,,,,,,,,,,,,,,,,,,,,,,,,,,,,162.7949064001441,229.66416499996558,229.67943490017205,229.67943490017205,229.67943490017205,229.67943490017205,230.26355540007353,j,0.5786948003806174,None,left,1,15,2,1,17,13,None,163.39437610004097,163.39462389983237,230.26387650007382,230.27928770007566,230.27928770007566,231.2799034002237,231.2799034002237,231.2632916001603,164.39409429999068,164.3941290001385,231.27100120019168,231.2799034002237,231.2799034002237,232.26354110008106,stimuli/box_coin_transparent.png,165.394326900132,165.39435479976237,232.26360930036753,232.27914520027116,233.2794118002057,233.26294280029833,166.39372609974816,232.27914520027116,232.27914520027116,,,,,,,,,,,,33333,right,no,None,2025-05-09_11h08.27.465,RL_out-of-scanner,2024.2.4,59.52901828888127,2025-05-09 11h08.48.227010 -0500,
33,0,33,space,2.064062099903822,None,5,2.7026381003670394,None,166.3952263998799,j,0.6429208996705711,None,None,167.06414719996974,167.06444129999727,169.06063719978556,169.06067149993032,170.06071220012382,170.06073609972373,171.56005829991773,,,,,,,0,0,0,0,33,0,33,0,233.2794118002057,,,,,,,,,,,,,,,,,,,,,,,,,,,,,,166.3952263998799,233.26449670037255,233.2794118002057,233.2794118002057,233.2794118002057,233.2794118002057,233.93333359993994,j,0.6429208996705711,None,left,1,15,3,1,18,14,None,167.06414719996974,167.06444129999727,233.93370140017942,233.9464838001877,233.9464838001877,235.94671660009772,235.94671660009772,235.92983670020476,169.06063719978556,169.06067149993032,235.93898220034316,235.94671660009772,235.94671660009772,236.92993090022355,stimuli/box_coin_transparent.png,170.06071220012382,170.06073609972373,236.9299862999469,236.9457209999673,238.44614170026034,238.4292729003355,171.56005829991773,236.9457209999673,236.9457209999673,,,,,,,,,,,,33333,right,no,None,2025-05-09_11h08.27.465,RL_out-of-scanner,2024.2.4,59.52901828888127,2025-05-09 11h08.48.227010 -0500,
34,0,34,space,2.064062099903822,None,5,2.7026381003670394,None,171.56148719973862,k,0.5005839001387358,None,None,172.09524649986997,172.09550540009513,175.09568919986486,175.09572659991682,176.11026669992134,176.11032760003582,178.60971579980105,,,,,,,0,0,0,0,34,0,34,0,238.44614170026034,,,,,,,,,,,,,,,,,,,,,,,,,,,,,,171.56148719973862,238.43074870016426,238.44614170026034,238.44614170026034,238.44614170026034,238.44614170026034,238.96440050005913,k,0.5005839001387358,None,left,1,15,3,1,18,14,None,172.09524649986997,172.09550540009513,238.9647566000931,238.979358300101,238.979358300101,241.98060380015522,241.98060380015522,241.96488250000402,175.09568919986486,175.09572659991682,241.97499390039593,241.98060380015522,241.98060380015522,242.97946269996464,stimuli/box_empty_transparent.png,176.11026669992134,176.11032760003582,242.97960840025917,242.9955261000432,245.4961880003102,245.4789328002371,178.60971579980105,,,,,,,,,,,,,,33333,right,no,None,2025-05-09_11h08.27.465,RL_out-of-scanner,2024.2.4,59.52901828888127,2025-05-09 11h08.48.227010 -0500,
35,0,35,space,2.064062099903822,None,5,2.7026381003670394,None,178.6110483999364,j,0.7112249997444451,None,None,179.3452010001056,179.34561219997704,180.84345819987357,180.8435009000823,181.8606563997455,181.86070129973814,182.85984990000725,,,,,,,0,0,0,0,35,0,35,0,245.4961880003102,,,,,,,,,,,,,,,,,,,,,,,,,,,,,,178.6110483999364,245.48030250007287,245.4961880003102,245.4961880003102,245.4961880003102,245.4961880003102,246.21435490017757,j,0.7112249997444451,None,left,1,15,4,1,19,15,None,179.3452010001056,179.34561219997704,246.21487830020487,246.22932260017842,246.22932260017842,247.73016940010712,247.73016940010712,247.71265070000663,180.84345819987357,180.8435009000823,247.72066320013255,247.73016940010712,247.73016940010712,248.72984739998356,stimuli/box_coin_transparent.png,181.8606563997455,181.86070129973814,248.7299566003494,248.74591880012304,249.74564500013366,249.72906480031088,182.85984990000725,,,,,,,,,,,,,,33333,right,no,None,2025-05-09_11h08.27.465,RL_out-of-scanner,2024.2.4,59.52901828888127,2025-05-09 11h08.48.227010 -0500,
36,0,36,space,2.064062099903822,None,5,2.7026381003670394,None,182.86139070009813,j,0.498660100158304,None,None,183.37730239983648,183.3776179999113,184.87736709974706,184.87741449987516,185.8932837001048,185.8933104998432,189.39311499986798,,,,,,,0,0,0,0,36,0,36,0,249.74564500013366,,,,,,,,,,,,,,,,,,,,,,,,,,,,,,182.86139070009813,249.73065249994397,249.74564500013366,249.74564500013366,249.74564500013366,249.74564500013366,250.246466900222,j,0.498660100158304,None,left,0,15,4,1,20,15,None,183.37730239983648,183.3776179999113,250.24687300017104,250.26212309999391,250.26212309999391,251.7635799003765,251.7635799003765,251.74654490035027,184.87736709974706,184.87741449987516,251.7550454000011,251.7635799003765,251.7635799003765,252.76249670004472,stimuli/box_empty_transparent.png,185.8932837001048,185.8933104998432,252.76256450032815,252.7788113001734,256.2786816000007,256.262324700132,189.39311499986798,,,,,,,,,,,,,,33333,right,no,None,2025-05-09_11h08.27.465,RL_out-of-scanner,2024.2.4,59.52901828888127,2025-05-09 11h08.48.227010 -0500,
37,0,37,space,2.064062099903822,None,5,2.7026381003670394,None,189.39501299988478,k,0.9058127999305725,None,None,190.3273792997934,190.32763830013573,192.32677539996803,192.32680839998648,193.32723799999803,193.32728409999982,194.3291802997701,,,,,,,0,0,0,0,37,0,37,0,256.2786816000007,,,,,,,,,,,,,,,,,,,,,,,,,,,,,,189.39501299988478,256.26428530039266,256.2786816000007,256.2786816000007,256.2786816000007,256.2786816000007,257.19656290020794,k,0.9058127999305725,None,left,0,15,4,1,20,15,None,190.3273792997934,190.32763830013573,257.1968921003863,257.2124618003145,257.2124618003145,259.2125950003974,259.2125950003974,259.19597550015897,192.32677539996803,192.32680839998648,259.20270090037957,259.2125950003974,259.2125950003974,260.1964439000003,stimuli/box_empty_transparent.png,193.32723799999803,193.32728409999982,260.19654810009524,260.21217820001766,261.21232130005956,261.1983850002289,194.3291802997701,260.21217820001766,260.21217820001766,,,,,,,,,,,,33333,right,no,None,2025-05-09_11h08.27.465,RL_out-of-scanner,2024.2.4,59.52901828888127,2025-05-09 11h08.48.227010 -0500,
38,0,38,space,2.064062099903822,None,5,2.7026381003670394,None,194.33036779984832,j,0.5094614000990987,None,None,194.86000039987266,194.86033409973606,195.85948069998994,195.85951700014994,196.85987340006977,196.8599052997306,198.3594201998785,,,,,,,0,0,0,0,38,0,38,0,261.21232130005956,,,,,,,,,,,,,,,,,,,,,,,,,,,,,,194.33036779984832,261.1996245002374,261.21232130005956,261.21232130005956,261.21232130005956,261.21232130005956,261.7291628001258,j,0.5094614000990987,None,left,1,15,5,1,21,16,None,194.86000039987266,194.86033409973606,261.72959670005366,261.745147800073,261.745147800073,262.74562950013205,262.74562950013205,262.72867979994044,195.85948069998994,195.85951700014994,262.7393742003478,262.74562950013205,262.74562950013205,263.7290861001238,stimuli/box_coin_transparent.png,196.85987340006977,196.8599052997306,263.72916470002383,263.74554280005395,265.24516610009596,265.2286355001852,198.3594201998785,263.74554280005395,263.74554280005395,,,,,,,,,,,,33333,right,no,None,2025-05-09_11h08.27.465,RL_out-of-scanner,2024.2.4,59.52901828888127,2025-05-09 11h08.48.227010 -0500,
39,0,39,space,2.064062099903822,None,5,2.7026381003670394,None,198.36128180008382,j,0.6192538002505898,None,None,199.01045610010624,199.01082019973546,200.00993780000135,200.00997699983418,201.00956339994445,201.00959819974378,202.01079339999706,,,,,,,0,0,0,0,39,0,39,0,265.24516610009596,,,,,,,,,,,,,,,,,,,,,,,,,,,,,,198.36128180008382,265.23054810008034,265.24516610009596,265.24516610009596,265.24516610009596,265.24516610009596,265.8796117003076,j,0.6192538002505898,None,left,1,15,6,1,22,17,None,199.01045610010624,199.01082019973546,265.8800877002068,265.8953110999428,265.8953110999428,266.8957295003347,266.8957295003347,266.87912560021505,200.00993780000135,200.00997699983418,266.8892145999707,266.8957295003347,266.8957295003347,267.8787739002146,stimuli/box_coin_transparent.png,201.00956339994445,201.00959819974378,267.87885960005224,267.89455180009827,268.89587110001594,268.88000799994916,202.01079339999706,267.89455180009827,267.89455180009827,,,,,,,,,,,,33333,right,no,None,2025-05-09_11h08.27.465,RL_out-of-scanner,2024.2.4,59.52901828888127,2025-05-09 11h08.48.227010 -0500,
40,0,40,space,2.064062099903822,None,5,2.7026381003670394,None,202.0125740999356,j,0.6297663999721408,None,None,202.66043779999018,202.6607817998156,204.16104439971969,204.16108859982342,205.1760122999549,205.17605199990794,206.17680929973722,,,,,,,0,0,0,0,40,0,40,0,268.89587110001594,,,,,,,,,,,,,,,,,,,,,,,,,,,,,,202.0125740999356,268.8818358001299,268.89587110001594,268.89587110001594,268.89587110001594,268.89587110001594,269.5295971003361,j,0.6297663999721408,None,left,1,15,7,1,23,18,None,202.66043779999018,202.6607817998156,269.53004550002515,269.5452347001992,269.5452347001992,271.04686340037733,271.04686340037733,271.0302309002727,204.16104439971969,204.16108859982342,271.0415401002392,271.04686340037733,271.04686340037733,272.04521370027214,stimuli/box_coin_transparent.png,205.1760122999549,205.17605199990794,272.0453200000338,272.06113080028445,273.0623981002718,273.0460210000165,206.17680929973722,,,,,,,,,,,,,,33333,right,no,None,2025-05-09_11h08.27.465,RL_out-of-scanner,2024.2.4,59.52901828888127,2025-05-09 11h08.48.227010 -0500,
41,0,41,space,2.064062099903822,None,5,2.7026381003670394,None,206.17841139994562,k,0.44283910002559423,None,None,206.64486180013046,206.6451693000272,207.66027770005167,207.66032620007172,208.66031439974904,208.66034909989685,211.6586388000287,,,,,,,0,0,0,0,41,0,41,0,273.0623981002718,,,,,,,,,,,,,,,,,,,,,,,,,,,,,,206.17841139994562,273.0476697003469,273.0623981002718,273.0623981002718,273.0623981002718,273.0623981002718,273.514020500239,k,0.44283910002559423,None,left,1,15,7,1,23,18,None,206.64486180013046,206.6451693000272,273.5144319999963,273.52995120035484,273.52995120035484,274.5454542003572,274.5454542003572,274.5294631002471,207.66027770005167,207.66032620007172,274.5383758000098,274.5454542003572,274.5454542003572,275.5295239002444,stimuli/box_empty_transparent.png,208.66031439974904,208.66034909989685,275.52961040008813,275.5445817001164,278.54483860032633,278.5278528002091,211.6586388000287,275.5445817001164,275.5445817001164,,,,,,,,,,,,33333,right,no,None,2025-05-09_11h08.27.465,RL_out-of-scanner,2024.2.4,59.52901828888127,2025-05-09 11h08.48.227010 -0500,
42,0,42,space,2.064062099903822,None,5,2.7026381003670394,None,211.6604280997999,k,0.3263072003610432,None,None,212.01222829986364,212.012539899908,214.01014999998733,214.01018649991602,215.0101629998535,215.01019869977608,218.50948419980705,,,,,,,0,0,0,0,42,0,42,0,278.54483860032633,,,,,,,,,,,,,,,,,,,,,,,,,,,,,,211.6604280997999,278.5296913003549,278.54483860032633,278.54483860032633,278.54483860032633,278.54483860032633,278.88138710008934,k,0.3263072003610432,None,left,1,15,7,1,23,18,None,212.01222829986364,212.012539899908,278.88180309999734,278.89585610013455,278.89585610013455,280.8951566000469,280.8951566000469,280.8793417001143,214.01014999998733,214.01018649991602,280.8876726003364,280.8951566000469,280.8951566000469,281.8793721999973,stimuli/box_empty_transparent.png,215.0101629998535,215.01019869977608,281.8794598001987,281.89519760012627,285.39512280002236,285.37869550008327,218.50948419980705,281.89519760012627,281.89519760012627,,,,,,,,,,,,33333,right,no,None,2025-05-09_11h08.27.465,RL_out-of-scanner,2024.2.4,59.52901828888127,2025-05-09 11h08.48.227010 -0500,
43,0,43,space,2.064062099903822,None,5,2.7026381003670394,None,218.51094619976357,j,0.3909108997322619,None,None,218.9280853997916,218.92840499989688,219.92675320012495,219.9267914998345,220.926930999849,220.92696220008656,222.94171140016988,,,,,,,0,0,0,0,43,0,43,0,285.39512280002236,,,,,,,,,,,,,,,,,,,,,,,,,,,,,,218.51094619976357,285.380204600282,285.39512280002236,285.39512280002236,285.39512280002236,285.39512280002236,285.79725840035826,j,0.3909108997322619,None,left,0,15,7,1,24,18,None,218.9280853997916,218.92840499989688,285.79766250029206,285.81183160003275,285.81183160003275,286.8114913003519,286.8114913003519,286.7959449002519,219.92675320012495,219.9267914998345,286.8054037000984,286.8114913003519,286.8114913003519,287.7961444002576,stimuli/box_empty_transparent.png,220.926930999849,220.92696220008656,287.79621760034934,287.81191670009866,289.8278300999664,289.810924500227,222.94171140016988,287.81191670009866,287.81191670009866,,,,,,,,,,,,33333,right,no,None,2025-05-09_11h08.27.465,RL_out-of-scanner,2024.2.4,59.52901828888127,2025-05-09 11h08.48.227010 -0500,
44,0,44,space,2.064062099903822,None,5,2.7026381003670394,None,222.94347340008244,k,0.27182949986308813,None,None,223.24289109976962,223.24318009987473,225.7431549001485,225.74319860013202,226.74321400001645,226.74324870016426,228.74162099976093,,,,,,,0,0,0,0,44,0,44,0,289.8278300999664,,,,,,,,,,,,,,,,,,,,,,,,,,,,,,222.94347340008244,289.81273980019614,289.8278300999664,289.8278300999664,289.8278300999664,289.8278300999664,290.1120671001263,k,0.27182949986308813,None,left,0,15,7,1,24,18,None,223.24289109976962,223.24318009987473,290.11243810039014,290.12756780022755,290.12756780022755,292.62827980006114,292.62827980006114,292.6123442002572,225.7431549001485,225.74319860013202,292.62154379999265,292.62827980006114,292.62827980006114,293.6124237002805,stimuli/box_empty_transparent.png,226.74321400001645,226.74324870016426,293.6125091002323,293.62802960025147,295.627778199967,295.6108335000463,228.74162099976093,293.62802960025147,293.62802960025147,,,,,,,,,,,,33333,right,no,None,2025-05-09_11h08.27.465,RL_out-of-scanner,2024.2.4,59.52901828888127,2025-05-09 11h08.48.227010 -0500,
45,0,45,space,2.064062099903822,None,5,2.7026381003670394,None,228.74332239991054,k,0.3342274003662169,None,None,229.1095322999172,229.10978169972077,230.109914700035,230.1099562998861,231.1099303001538,231.10996099980548,232.11021049972624,,,,,,,0,0,0,0,45,0,45,0,295.627778199967,,,,,,,,,,,,,,,,,,,,,,,,,,,,,,228.74332239991054,295.61258860025555,295.627778199967,295.627778199967,295.627778199967,295.627778199967,295.9787061000243,k,0.3342274003662169,None,left,0,15,7,1,24,18,None,229.1095322999172,229.10978169972077,295.97903840010986,295.99427720019594,295.99427720019594,296.9950322001241,296.9950322001241,296.9791010003537,230.109914700035,230.1099562998861,296.98752130009234,296.9950322001241,296.9950322001241,297.9791426002048,stimuli/box_empty_transparent.png,231.1099303001538,231.10996099980548,297.97921570017934,297.99459440028295,298.9948408002965,298.9794213003479,232.11021049972624,297.99459440028295,297.99459440028295,,,,,,,,,,,,33333,right,no,None,2025-05-09_11h08.27.465,RL_out-of-scanner,2024.2.4,59.52901828888127,2025-05-09 11h08.48.227010 -0500,
46,0,46,space,2.064062099903822,None,5,2.7026381003670394,None,232.11178309982643,k,0.3649120000191033,None,None,232.49372099991888,232.49398669973016,234.4921526000835,234.49220409989357,235.49233919987455,235.49236920010298,236.49260539980605,,,,,,,0,0,0,0,46,0,46,0,298.9948408002965,,,,,,,,,,,,,,,,,,,,,,,,,,,,,,232.11178309982643,298.98104170011356,298.9948408002965,298.9948408002965,298.9948408002965,298.9948408002965,299.36289560003206,k,0.3649120000191033,None,left,0,15,7,1,24,18,None,232.49372099991888,232.49398669973016,299.363242899999,299.37823270028457,299.37823270028457,301.37777380039915,301.37777380039915,301.36133170034736,234.4921526000835,234.49220409989357,301.37213540030643,301.37777380039915,301.37777380039915,302.3615526002832,stimuli/box_empty_transparent.png,235.49233919987455,235.49236920010298,302.3616237002425,302.3778272001073,303.37815560027957,303.3618203001097,236.49260539980605,302.3778272001073,302.3778272001073,,,,,,,,,,,,33333,right,no,None,2025-05-09_11h08.27.465,RL_out-of-scanner,2024.2.4,59.52901828888127,2025-05-09 11h08.48.227010 -0500,
47,0,47,space,2.064062099903822,None,5,2.7026381003670394,None,236.49421259993687,k,0.22936309967190027,None,None,236.7437780997716,236.74410809995607,239.74315730016679,239.74319569999352,240.75814149994403,240.75817559985444,242.25954120000824,,,,,,,0,0,0,0,47,0,47,0,303.37815560027957,,,,,,,,,,,,,,,,,,,,,,,,,,,,,,236.49421259993687,303.36349639995024,303.37815560027957,303.37815560027957,303.37815560027957,303.37815560027957,303.61293870024383,k,0.22936309967190027,None,left,0,15,7,1,24,18,None,236.7437780997716,236.74410809995607,303.61337100015953,303.62772130034864,303.62772130034864,306.6292632003315,306.6292632003315,306.6123488000594,239.74315730016679,239.74319569999352,306.62059820024297,306.6292632003315,306.6292632003315,307.6273481999524,stimuli/box_empty_transparent.png,240.75814149994403,240.75817559985444,307.6274379999377,307.64344889996573,309.14414710039273,309.1287581999786,242.25954120000824,,,,,,,,,,,,,,33333,right,no,None,2025-05-09_11h08.27.465,RL_out-of-scanner,2024.2.4,59.52901828888127,2025-05-09 11h08.48.227010 -0500,
48,0,48,space,2.064062099903822,None,5,2.7026381003670394,None,242.26106719998643,j,0.2611674997024238,None,None,242.54385929973796,242.54420700017363,244.0587645000778,244.05880889995024,245.05929369991645,245.0593236000277,248.5590042998083,,,,,,,0,0,0,0,48,0,48,0,309.14414710039273,,,,,,,,,,,,,,,,,,,,,,,,,,,,,,242.26106719998643,309.1303374003619,309.14414710039273,309.14414710039273,309.14414710039273,309.14414710039273,309.41303319996223,j,0.2611674997024238,None,left,0,15,7,1,25,18,None,242.54385929973796,242.54420700017363,309.4134657001123,309.42853690031916,309.42853690031916,310.94425270007923,310.94425270007923,310.92795110028237,244.0587645000778,244.05880889995024,310.9377402001992,310.94425270007923,310.94425270007923,311.9285070002079,stimuli/box_empty_transparent.png,245.05929369991645,245.0593236000277,311.9285782002844,311.9438608000055,315.4445517002605,315.42821909999475,248.5590042998083,311.9438608000055,311.9438608000055,,,,,,,,,,,,33333,right,no,None,2025-05-09_11h08.27.465,RL_out-of-scanner,2024.2.4,59.52901828888127,2025-05-09 11h08.48.227010 -0500,
49,0,49,space,2.064062099903822,None,5,2.7026381003670394,None,248.560482500121,k,0.31114110024645925,None,None,248.8927025999874,248.8930139997974,250.39303260017186,250.39306999975815,251.3928225999698,251.39285299973562,251.39321530004963,,,,,,,0,0,0,0,49,0,49,0,315.4445517002605,,,,,,,,,,,,,,,,,,,,,,,,,,,,,,248.560482500121,315.42974050017074,315.4445517002605,315.4445517002605,315.4445517002605,315.4445517002605,315.7618599003181,k,0.31114110024645925,None,left,0,15,7,1,25,18,None,248.8927025999874,248.8930139997974,315.76227770000696,315.7773358002305,315.7773358002305,317.27736230008304,317.27736230008304,317.26222350029275,250.39303260017186,250.39306999975815,317.2705916999839,317.27736230008304,317.27736230008304,318.2620363002643,stimuli/box_empty_transparent.png,251.3928225999698,251.39285299973562,318.2621075999923,318.28256640024483,318.28256640024483,318.2624369999394,251.39321530004963,318.28256640024483,318.28256640024483,,,,,,,,,,,,33333,right,no,None,2025-05-09_11h08.27.465,RL_out-of-scanner,2024.2.4,59.52901828888127,2025-05-09 11h08.48.227010 -0500,
0,0,0,space,2.064062099903822,None,5,2.7026381003670394,None,,,,,,,,,,,,,,,,,,,0,0,0,0,,,,,,,,,,,,,,,,,,,,,,,,,,,,,,,,,,,,,,,,,,,,,,,,,,,,,,,,,,,,,,,,,,,,,,,,,,,,,,,318.2779399002902,318.28256640024483,322.2776641002856,322.28042299998924,322.29375150008127,370.39294150006026,370.3767892001197,,,33333,right,no,None,2025-05-09_11h08.27.465,RL_out-of-scanner,2024.2.4,59.52901828888127,2025-05-09 11h08.48.227010 -0500,
0,0,0,space,6.455878200009465,None,5,3.195855800062418,None,0.0017228997312486172,j,0.8263498996384442,None,None,0.851227399893105,0.851568500045687,1.8500071996822953,1.8500437997281551,2.8499236996285617,2.8499549999833107,4.865591899957508,,,,,,,1,0,1,0,0,0,0,0,380.09267310006544,,,,,,,,,,,,,,,,370.37701230030507,370.39294150006026,370.39294150006026,376.8597952001728,space,6.455878200009465,None,376.85987580008805,376.8755559003912,376.8755559003912,380.0763504002243,5,3.195855800062418,None,0.0017228997312486172,380.07814250001684,380.09267310006544,380.09267310006544,380.09267310006544,380.09267310006544,380.9275601003319,j,0.8263498996384442,None,right,0,14,0,2,25,0,None,0.851227399893105,0.851568500045687,380.92798699997365,380.9429414002225,380.9429414002225,381.9421495003626,381.9421495003626,381.92635970003903,1.8500071996822953,1.8500437997281551,381.93462490011007,381.9421495003626,381.9421495003626,382.9262959002517,stimuli/box_empty_transparent.png,2.8499236996285617,2.8499549999833107,382.9263687003404,382.94263250008225,384.9585974002257,384.9419654002413,4.865591899957508,382.94263250008225,382.94263250008225,,,,,,,,,,,,33333,right,no,None,2025-05-09_11h08.27.465,RL_out-of-scanner,2024.2.4,59.52901828888127,2025-05-09 11h08.48.227010 -0500,
1,0,1,space,6.455878200009465,None,5,3.195855800062418,None,4.867378099821508,j,0.33288070000708103,None,None,5.217268799897283,5.217643499840051,6.716562799643725,6.716599399689585,7.715724099893123,7.715766399633139,9.216079500038177,,,,,,,1,0,1,0,1,0,1,0,384.9585974002257,,,,,,,,,,,,,,,,,,,,,,,,,,,,,,4.867378099821508,384.94380680006,384.9585974002257,384.9585974002257,384.9585974002257,384.9585974002257,385.2936035003513,j,0.33288070000708103,None,right,0,14,0,2,25,0,None,5.217268799897283,5.217643499840051,385.29406380001456,385.30848610028625,385.30848610028625,386.8086549001746,386.8086549001746,386.7929147002287,6.716562799643725,6.716599399689585,386.80092890001833,386.8086549001746,386.8086549001746,387.7920882003382,stimuli/box_empty_transparent.png,7.715724099893123,7.715766399633139,387.79219890013337,387.807730700355,389.3089687000029,389.2924542003311,9.216079500038177,387.807730700355,387.807730700355,,,,,,,,,,,,33333,right,no,None,2025-05-09_11h08.27.465,RL_out-of-scanner,2024.2.4,59.52901828888127,2025-05-09 11h08.48.227010 -0500,
2,0,2,space,6.455878200009465,None,5,3.195855800062418,None,9.21751149976626,k,0.3696592999622226,None,None,9.617850999813527,9.618117299862206,10.615878599695861,10.615915299858898,11.616034700069577,11.616066599730402,14.61642779968679,,,,,,,1,0,1,0,2,0,2,0,389.3089687000029,,,,,,,,,,,,,,,,,,,,,,,,,,,,,,9.21751149976626,389.29393090028316,389.3089687000029,389.3089687000029,389.3089687000029,389.3089687000029,389.69418280012906,k,0.3696592999622226,None,right,1,14,1,2,26,1,None,9.617850999813527,9.618117299862206,389.69453420024365,389.70903989998624,389.70903989998624,390.70893360022455,390.70893360022455,390.6922327000648,10.615878599695861,10.615915299858898,390.70228369999677,390.70893360022455,390.70893360022455,391.69240490021184,stimuli/box_coin_transparent.png,11.616034700069577,11.616066599730402,391.692484700121,391.7084763003513,394.708507000003,394.69280169997364,14.61642779968679,,,,,,,,,,,,,,33333,right,no,None,2025-05-09_11h08.27.465,RL_out-of-scanner,2024.2.4,59.52901828888127,2025-05-09 11h08.48.227010 -0500,
3,0,3,space,6.455878200009465,None,5,3.195855800062418,None,14.617898100055754,k,0.45353229995816946,None,None,15.100476199761033,15.100741900037974,17.100086099933833,17.10012299986556,18.100120599847287,18.100150699727237,19.115999199915677,,,,,,,1,0,1,0,3,0,3,0,394.708507000003,,,,,,,,,,,,,,,,,,,,,,,,,,,,,,14.617898100055754,394.69431690033525,394.708507000003,394.708507000003,394.708507000003,394.708507000003,395.1768012000248,k,0.45353229995816946,None,right,1,14,2,2,27,2,None,15.100476199761033,15.100741900037974,395.1771591003053,395.19234660035,395.19234660035,397.1916869999841,397.1916869999841,397.1764394999482,17.100086099933833,17.10012299986556,397.18610480008647,397.1916869999841,397.1916869999841,398.1764931003563,stimuli/box_coin_transparent.png,18.100120599847287,18.100150699727237,398.17656690021977,398.19415690004826,399.20850950013846,399.19236860005185,19.115999199915677,398.19415690004826,398.19415690004826,,,,,,,,,,,,33333,right,no,None,2025-05-09_11h08.27.465,RL_out-of-scanner,2024.2.4,59.52901828888127,2025-05-09 11h08.48.227010 -0500,
4,0,4,space,6.455878200009465,None,5,3.195855800062418,None,19.117773700039834,k,0.46080559957772493,None,None,19.6008930997923,19.60116049973294,20.599441699683666,20.59948349976912,21.599396899808198,21.599427199922502,24.09896819991991,,,,,,,1,0,1,0,4,0,4,0,399.20850950013846,,,,,,,,,,,,,,,,,,,,,,,,,,,,,,19.117773700039834,399.1941994000226,399.20850950013846,399.20850950013846,399.20850950013846,399.20850950013846,399.6772259999998,k,0.46080559957772493,None,right,1,14,3,2,28,3,None,19.6008930997923,19.60116049973294,399.67758890008554,399.6920477002859,399.6920477002859,400.69148090016097,400.69148090016097,400.675786500331,20.599441699683666,20.59948349976912,400.6858264002949,400.69148090016097,400.69148090016097,401.6757690999657,stimuli/box_coin_transparent.png,21.599396899808198,21.599427199922502,401.6758431000635,401.6907186000608,404.19200000027195,404.17534130020067,24.09896819991991,401.6907186000608,401.6907186000608,,,,,,,,,,,,33333,right,no,None,2025-05-09_11h08.27.465,RL_out-of-scanner,2024.2.4,59.52901828888127,2025-05-09 11h08.48.227010 -0500,
5,0,5,space,6.455878200009465,None,5,3.195855800062418,None,24.100769199896604,k,0.3503750003874302,None,None,24.483370800036937,24.48368339985609,27.998408399987966,27.998444799799472,28.99900099961087,28.99903539987281,30.999281299766153,,,,,,,1,0,1,0,5,0,5,0,404.19200000027195,,,,,,,,,,,,,,,,,,,,,,,,,,,,,,24.100769199896604,404.17719490034506,404.19200000027195,404.19200000027195,404.19200000027195,404.19200000027195,404.5596802001819,k,0.3503750003874302,None,right,1,14,4,2,29,4,None,24.483370800036937,24.48368339985609,404.5601071002893,404.57562360027805,404.57562360027805,408.0915486002341,408.0915486002341,408.07476440025494,27.998408399987966,27.998444799799472,408.0849953000434,408.0915486002341,408.0915486002341,409.07536180038005,stimuli/box_coin_transparent.png,28.99900099961087,28.99903539987281,409.0754537000321,409.09189460007474,411.09213760029525,411.07565260026604,30.999281299766153,,,,,,,,,,,,,,33333,right,no,None,2025-05-09_11h08.27.465,RL_out-of-scanner,2024.2.4,59.52901828888127,2025-05-09 11h08.48.227010 -0500,
6,0,6,space,6.455878200009465,None,5,3.195855800062418,None,31.000915699638426,j,0.3545205998234451,None,None,31.383349599782377,31.383752000052482,32.38225599983707,32.38229369977489,33.382874999661,33.382912300061435,34.39784829970449,,,,,,,1,0,1,0,6,0,6,0,411.09213760029525,,,,,,,,,,,,,,,,,,,,,,,,,,,,,,31.000915699638426,411.0773360002786,411.09213760029525,411.09213760029525,411.09213760029525,411.09213760029525,411.45965080009773,j,0.3545205998234451,None,right,1,14,4,2,29,4,None,31.383349599782377,31.383752000052482,411.4601766001433,411.4753344003111,411.4753344003111,412.4744751001708,412.4744751001708,412.45860829995945,32.38225599983707,32.38229369977489,412.4667429002002,412.4744751001708,412.4744751001708,413.45924210036173,stimuli/box_empty_transparent.png,33.382874999661,33.382912300061435,413.45933550037444,413.47487240005285,414.4913376001641,414.4742216002196,34.39784829970449,413.47487240005285,413.47487240005285,,,,,,,,,,,,33333,right,no,None,2025-05-09_11h08.27.465,RL_out-of-scanner,2024.2.4,59.52901828888127,2025-05-09 11h08.48.227010 -0500,
7,0,7,space,6.455878200009465,None,5,3.195855800062418,None,34.39963589981198,k,0.4796827998943627,None,None,34.90068169962615,34.900994800031185,36.89934749994427,36.89938339963555,37.89966950006783,37.89970569964498,39.91414979984984,,,,,,,1,0,1,0,7,0,7,0,414.4913376001641,,,,,,,,,,,,,,,,,,,,,,,,,,,,,,34.39963589981198,414.4760634000413,414.4913376001641,414.4913376001641,414.4913376001641,414.4913376001641,414.97701580030844,k,0.4796827998943627,None,right,1,14,5,2,30,5,None,34.90068169962615,34.900994800031185,414.97741550020874,414.99111369997263,414.99111369997263,416.99116440024227,416.99116440024227,416.9756995001808,36.89934749994427,36.89938339963555,416.98536280030385,416.99116440024227,416.99116440024227,417.97603949997574,stimuli/box_coin_transparent.png,37.89966950006783,37.89970569964498,417.976127400063,417.9916411000304,420.007378899958,419.99052700027823,39.91414979984984,417.9916411000304,417.9916411000304,,,,,,,,,,,,33333,right,no,None,2025-05-09_11h08.27.465,RL_out-of-scanner,2024.2.4,59.52901828888127,2025-05-09 11h08.48.227010 -0500,
8,0,8,space,6.455878200009465,None,5,3.195855800062418,None,39.91563569987193,j,0.2986154998652637,None,None,40.23234230000526,40.23262739973143,43.232309999875724,43.23235289985314,44.23283479968086,44.23287840001285,45.74721479974687,,,,,,,1,0,1,0,8,0,8,0,420.007378899958,,,,,,,,,,,,,,,,,,,,,,,,,,,,,,39.91563569987193,419.9920568000525,420.007378899958,420.007378899958,420.007378899958,420.007378899958,420.30867900000885,j,0.2986154998652637,None,right,1,14,5,2,30,5,None,40.23234230000526,40.23262739973143,420.3090456002392,420.32462430000305,420.32462430000305,423.32438100036234,423.32438100036234,423.3086554999463,43.232309999875724,43.23235289985314,423.3169468003325,423.32438100036234,423.32438100036234,424.3091918001883,stimuli/box_empty_transparent.png,44.23283479968086,44.23287840001285,424.3093012003228,424.3245548000559,425.8404372003861,425.82359070004895,45.74721479974687,,,,,,,,,,,,,,33333,right,no,None,2025-05-09_11h08.27.465,RL_out-of-scanner,2024.2.4,59.52901828888127,2025-05-09 11h08.48.227010 -0500,
9,0,9,space,6.455878200009465,None,5,3.195855800062418,None,45.74872209969908,k,0.29958639992401004,None,None,46.065517500042915,46.06580649968237,47.565199200063944,47.56523730000481,48.565623899921775,48.5656592999585,50.565353699959815,,,,,,,1,0,1,0,9,0,9,0,425.8404372003861,,,,,,,,,,,,,,,,,,,,,,,,,,,,,,45.74872209969908,425.82514240033925,425.8404372003861,425.8404372003861,425.8404372003861,425.8404372003861,426.1418379000388,k,0.29958639992401004,None,right,1,14,6,2,31,6,None,46.065517500042915,46.06580649968237,426.1422299002297,426.1571174003184,426.1571174003184,427.6576852002181,427.6576852002181,427.6415524003096,47.565199200063944,47.56523730000481,427.6515743001364,427.6576852002181,427.6576852002181,428.64199160039425,stimuli/box_coin_transparent.png,48.565623899921775,48.5656592999585,428.64208070002496,428.65798600018024,430.65794800035655,430.6417297003791,50.565353699959815,428.65798600018024,428.65798600018024,,,,,,,,,,,,33333,right,no,None,2025-05-09_11h08.27.465,RL_out-of-scanner,2024.2.4,59.52901828888127,2025-05-09 11h08.48.227010 -0500,
10,0,10,space,6.455878200009465,None,5,3.195855800062418,None,50.56684409966692,k,0.32382010016590357,None,None,50.91636019991711,50.916672699619085,52.415501199662685,52.415548800025135,53.431793299969286,53.43183959973976,54.431570099666715,,,,,,,1,0,1,0,10,0,10,0,430.65794800035655,,,,,,,,,,,,,,,,,,,,,,,,,,,,,,50.56684409966692,430.64326400030404,430.65794800035655,430.65794800035655,430.65794800035655,430.65794800035655,430.9926783000119,k,0.32382010016590357,None,right,1,14,7,2,32,7,None,50.91636019991711,50.916672699619085,430.99309600004926,431.0078041004017,431.0078041004017,432.51306889997795,432.51306889997795,432.4918427001685,52.415501199662685,52.415548800025135,432.5071205999702,432.51306889997795,432.51306889997795,433.5081534003839,stimuli/box_coin_transparent.png,53.431793299969286,53.43183959973976,433.50827330024913,433.5239764000289,434.5241610002704,434.50794490007684,54.431570099666715,,,,,,,,,,,,,,33333,right,no,None,2025-05-09_11h08.27.465,RL_out-of-scanner,2024.2.4,59.52901828888127,2025-05-09 11h08.48.227010 -0500,
11,0,11,space,6.455878200009465,None,5,3.195855800062418,None,54.4330425998196,k,0.39428090024739504,None,None,54.84933009976521,54.84959129989147,56.84855999983847,56.848597599659115,57.86382019985467,57.863855300005525,59.36448419978842,,,,,,,1,0,1,0,11,0,11,0,434.5241610002704,,,,,,,,,,,,,,,,,,,,,,,,,,,,,,54.4330425998196,434.50946249999106,434.5241610002704,434.5241610002704,434.5241610002704,434.5241610002704,434.9256645999849,k,0.39428090024739504,None,right,0,14,7,2,33,7,None,54.84933009976521,54.84959129989147,434.92600880004466,434.9412561999634,434.9412561999634,436.9413618003018,436.9413618003018,436.9249117001891,56.84855999983847,56.848597599659115,436.9330945000984,436.9413618003018,436.9413618003018,437.94018570007756,stimuli/box_empty_transparent.png,57.86382019985467,57.863855300005525,437.9402788002044,437.956383400131,439.45795499999076,439.4408591003157,59.36448419978842,,,,,,,,,,,,,,33333,right,no,None,2025-05-09_11h08.27.465,RL_out-of-scanner,2024.2.4,59.52901828888127,2025-05-09 11h08.48.227010 -0500,
12,0,12,space,6.455878200009465,None,5,3.195855800062418,None,59.36598820006475,k,0.27683990029618144,None,None,59.66609659977257,59.666444999631494,60.66466039977968,60.66469529969618,61.665204599965364,61.665241399779916,64.66467850003392,,,,,,,1,0,1,0,12,0,12,0,439.45795499999076,,,,,,,,,,,,,,,,,,,,,,,,,,,,,,59.36598820006475,439.4424074003473,439.45795499999076,439.45795499999076,439.45795499999076,439.45795499999076,439.74241119995713,k,0.27683990029618144,None,right,0,14,7,2,34,7,None,59.66609659977257,59.666444999631494,439.74286939995363,439.75756070017815,439.75756070017815,440.75732920039445,440.75732920039445,440.74101620027795,60.66466039977968,60.66469529969618,440.7493378999643,440.75732920039445,440.75732920039445,441.7415734003298,stimuli/box_empty_transparent.png,61.665204599965364,61.665241399779916,441.74166300008073,441.7572788000107,444.7573120002635,444.74105409998447,64.66467850003392,441.7572788000107,441.7572788000107,,,,,,,,,,,,33333,right,no,None,2025-05-09_11h08.27.465,RL_out-of-scanner,2024.2.4,59.52901828888127,2025-05-09 11h08.48.227010 -0500,
13,0,13,space,6.455878200009465,None,5,3.195855800062418,None,64.66618669964373,j,0.37947250017896295,None,None,65.06593089969829,65.0662990999408,65.56520899990574,65.56524699972942,66.5647028000094,66.56473229965195,68.58007079968229,,,,,,,1,0,1,0,13,0,13,0,444.7573120002635,,,,,,,,,,,,,,,,,,,,,,,,,,,,,,64.66618669964373,444.74260660028085,444.7573120002635,444.7573120002635,444.7573120002635,444.7573120002635,445.14226470002905,j,0.37947250017896295,None,right,0,14,7,2,34,7,None,65.06593089969829,65.0662990999408,445.14271900011227,445.15738010033965,445.15738010033965,445.65693900035694,445.65693900035694,445.6415619002655,65.56520899990574,65.56524699972942,445.6496822000481,445.65693900035694,445.65693900035694,446.641075800173,stimuli/box_empty_transparent.png,66.5647028000094,66.56473229965195,446.64114810014144,446.65698780026287,448.67546810023487,448.6564396000467,68.58007079968229,446.65698780026287,446.65698780026287,,,,,,,,,,,,33333,right,no,None,2025-05-09_11h08.27.465,RL_out-of-scanner,2024.2.4,59.52901828888127,2025-05-09 11h08.48.227010 -0500,
14,0,14,space,6.455878200009465,None,5,3.195855800062418,None,68.58226939989254,k,0.5035300999879837,None,None,69.11488599982113,69.11518299998716,70.6152642997913,70.61530299996957,71.61504599964246,71.61507469974458,72.6140356999822,,,,,,,1,0,1,0,14,0,14,0,448.67546810023487,,,,,,,,,,,,,,,,,,,,,,,,,,,,,,68.58226939989254,448.65870190039277,448.67546810023487,448.67546810023487,448.67546810023487,448.67546810023487,449.1912080999464,k,0.5035300999879837,None,right,0,14,7,2,35,7,None,69.11488599982113,69.11518299998716,449.1916008000262,449.2063726000488,449.2063726000488,450.7069405000657,450.7069405000657,450.6916169002652,70.6152642997913,70.61530299996957,450.699740299955,450.7069405000657,450.7069405000657,451.691419900395,stimuli/box_empty_transparent.png,71.61504599964246,71.61507469974458,451.69150190008804,451.7071154001169,452.7070658002049,452.69041180005297,72.6140356999822,451.7071154001169,451.7071154001169,,,,,,,,,,,,33333,right,no,None,2025-05-09_11h08.27.465,RL_out-of-scanner,2024.2.4,59.52901828888127,2025-05-09 11h08.48.227010 -0500,
15,0,15,space,6.455878200009465,None,5,3.195855800062418,None,72.61549780005589,j,0.4958938001655042,None,None,73.13201529998332,73.13238299963996,74.14712379965931,74.14717689994723,75.14701329963282,75.14704179996625,77.14801889983937,,,,,,,1,0,1,0,15,0,15,0,452.7070658002049,,,,,,,,,,,,,,,,,,,,,,,,,,,,,,72.61549780005589,452.69191690022126,452.7070658002049,452.7070658002049,452.7070658002049,452.7070658002049,453.2083402001299,j,0.4958938001655042,None,right,0,14,7,2,35,7,None,73.13201529998332,73.13238299963996,453.2088072001934,453.22399009997025,453.22399009997025,454.2401020000689,454.2401020000689,454.2234736001119,74.14712379965931,74.14717689994723,454.2318400000222,454.2401020000689,454.2401020000689,455.2233868003823,stimuli/box_empty_transparent.png,75.14701329963282,75.14704179996625,455.22345770010725,455.23910320037976,457.24062910024077,457.2243862003088,77.14801889983937,455.23910320037976,455.23910320037976,,,,,,,,,,,,33333,right,no,None,2025-05-09_11h08.27.465,RL_out-of-scanner,2024.2.4,59.52901828888127,2025-05-09 11h08.48.227010 -0500,
16,0,16,space,6.455878200009465,None,5,3.195855800062418,None,77.14991169981658,j,0.2549640000797808,None,None,77.43182830000296,77.43224299978465,79.43140419991687,79.43144760001451,80.43107319995761,80.431136299856,81.4297098997049,,,,,,,1,0,1,0,16,0,16,0,457.24062910024077,,,,,,,,,,,,,,,,,,,,,,,,,,,,,,77.14991169981658,457.2263372000307,457.24062910024077,457.24062910024077,457.24062910024077,457.24062910024077,457.50814560009167,j,0.2549640000797808,None,right,0,14,7,2,35,7,None,77.43182830000296,77.43224299978465,457.508667900227,457.52363720024005,457.52363720024005,459.52339420001954,459.52339420001954,459.50774910021573,79.43140419991687,79.43144760001451,459.5162069001235,459.52339420001954,459.52339420001954,460.5074369003996,stimuli/box_empty_transparent.png,80.43107319995761,80.431136299856,460.5075691002421,460.5228567002341,461.5227640001103,461.50607850030065,81.4297098997049,460.5228567002341,460.5228567002341,,,,,,,,,,,,33333,right,no,None,2025-05-09_11h08.27.465,RL_out-of-scanner,2024.2.4,59.52901828888127,2025-05-09 11h08.48.227010 -0500,
17,0,17,space,6.455878200009465,None,5,3.195855800062418,None,81.43158649979159,k,0.31045900005847216,None,None,81.7645343998447,81.7647902998142,82.76460229977965,82.76464059995487,83.76440229965374,83.76443499978632,84.76432279963046,,,,,,,1,0,1,0,17,0,17,0,461.5227640001103,,,,,,,,,,,,,,,,,,,,,,,,,,,,,,81.43158649979159,461.50801730016246,461.5227640001103,461.5227640001103,461.5227640001103,461.5227640001103,461.84086900018156,k,0.31045900005847216,None,right,1,14,8,2,36,8,None,81.7645343998447,81.7647902998142,461.8412081999704,461.85634710034356,461.85634710034356,462.85647030035034,462.85647030035034,462.84095440013334,82.76460229977965,82.76464059995487,462.850780100096,462.85647030035034,462.85647030035034,463.84074750030413,stimuli/box_coin_transparent.png,83.76440229965374,83.76443499978632,463.8408613000065,463.85569250024855,464.85672900034115,464.8406744999811,84.76432279963046,463.85569250024855,463.85569250024855,,,,,,,,,,,,33333,right,no,None,2025-05-09_11h08.27.465,RL_out-of-scanner,2024.2.4,59.52901828888127,2025-05-09 11h08.48.227010 -0500,
18,0,18,space,6.455878200009465,None,5,3.195855800062418,None,84.76582559989765,k,0.5851503000594676,None,None,85.38209099974483,85.38235189998522,88.88076239963993,88.88080050004646,89.88114820001647,89.88118019979447,91.89735249988735,,,,,,,1,0,1,0,18,0,18,0,464.85672900034115,,,,,,,,,,,,,,,,,,,,,,,,,,,,,,84.76582559989765,464.8422449999489,464.85672900034115,464.85672900034115,464.85672900034115,464.85672900034115,465.45842520007864,k,0.5851503000594676,None,right,1,14,9,2,37,9,None,85.38209099974483,85.38235189998522,465.45876910025254,465.4729666002095,465.4729666002095,468.9729162999429,468.9729162999429,468.9571154001169,88.88076239963993,88.88080050004646,468.9672330003232,468.9729162999429,468.9729162999429,469.9575194003992,stimuli/box_coin_transparent.png,89.88114820001647,89.88118019979447,469.95759670017287,469.9743307000026,471.99009380023926,471.97372910007834,91.89735249988735,469.9743307000026,469.9743307000026,,,,,,,,,,,,33333,right,no,None,2025-05-09_11h08.27.465,RL_out-of-scanner,2024.2.4,59.52901828888127,2025-05-09 11h08.48.227010 -0500,
19,0,19,space,6.455878200009465,None,5,3.195855800062418,None,91.89889970002696,k,0.3539991001598537,None,None,92.28183089988306,92.28209290001541,93.27981349965557,93.27986319968477,94.28017430007458,94.28020799998194,95.78022710001096,,,,,,,1,0,1,0,19,0,19,0,471.99009380023926,,,,,,,,,,,,,,,,,,,,,,,,,,,,,,91.89889970002696,471.9753188001923,471.99009380023926,471.99009380023926,471.99009380023926,471.99009380023926,472.35816360032186,k,0.3539991001598537,None,right,1,14,10,2,38,10,None,92.28183089988306,92.28209290001541,472.35850980039686,472.3725531003438,472.3725531003438,473.37271130038425,473.37271130038425,473.3561531002633,93.27981349965557,93.27986319968477,473.3669381001964,473.37271130038425,473.37271130038425,474.3565440000966,stimuli/box_coin_transparent.png,94.28017430007458,94.28020799998194,474.3566266000271,474.37253660010174,475.87270010029897,475.85659860027954,95.78022710001096,,,,,,,,,,,,,,33333,right,no,None,2025-05-09_11h08.27.465,RL_out-of-scanner,2024.2.4,59.52901828888127,2025-05-09 11h08.48.227010 -0500,
20,0,20,space,6.455878200009465,None,5,3.195855800062418,None,95.78202919987962,k,0.4967807000502944,None,None,96.29731199983507,96.29756490001455,98.29685559961945,98.29689109977335,99.29611569968984,99.2961573000066,101.29677229980007,,,,,,,1,0,1,0,20,0,20,0,475.87270010029897,,,,,,,,,,,,,,,,,,,,,,,,,,,,,,95.78202919987962,475.8584555000998,475.87270010029897,475.87270010029897,475.87270010029897,475.87270010029897,476.3736416003667,k,0.4967807000502944,None,right,1,14,11,2,39,11,None,96.29731199983507,96.29756490001455,476.3739825002849,476.38913960009813,476.38913960009813,478.38926480012015,478.38926480012015,478.37321030022576,98.29685559961945,98.29689109977335,478.3830911000259,478.38926480012015,478.38926480012015,479.37248010002077,stimuli/box_coin_transparent.png,99.29611569968984,99.2961573000066,479.3725873003714,479.38829510007054,481.3895666003227,481.3731464999728,101.29677229980007,479.38829510007054,479.38829510007054,,,,,,,,,,,,33333,right,no,None,2025-05-09_11h08.27.465,RL_out-of-scanner,2024.2.4,59.52901828888127,2025-05-09 11h08.48.227010 -0500,
21,0,21,space,6.455878200009465,None,5,3.195855800062418,None,101.29831600002944,k,0.40413650032132864,None,None,101.73121079988778,101.73152179969475,104.74606300005689,104.74610759969801,105.74628750002012,105.74631839990616,107.24708190001547,,,,,,,1,0,1,0,21,0,21,0,481.3895666003227,,,,,,,,,,,,,,,,,,,,,,,,,,,,,,101.29831600002944,481.3747352999635,481.3895666003227,481.3895666003227,481.3895666003227,481.3895666003227,481.8075101999566,k,0.40413650032132864,None,right,1,14,12,2,40,12,None,101.73121079988778,101.73152179969475,481.80794560024515,481.8231433001347,481.8231433001347,484.839511600323,484.839511600323,484.8224142002873,104.74606300005689,104.74610759969801,484.83395120035857,484.839511600323,484.839511600323,485.8226577001624,stimuli/box_coin_transparent.png,105.74628750002012,105.74631839990616,485.8227355000563,485.83930460037664,487.3400878999382,487.3234531003982,107.24708190001547,,,,,,,,,,,,,,33333,right,no,None,2025-05-09_11h08.27.465,RL_out-of-scanner,2024.2.4,59.52901828888127,2025-05-09 11h08.48.227010 -0500,
22,0,22,space,6.455878200009465,None,5,3.195855800062418,None,107.24864059966058,k,0.2668139999732375,None,None,107.54802870005369,107.54834049986675,109.04738189978525,109.04741790005937,110.04692459991202,110.04696010006592,112.04562619980425,,,,,,,1,0,1,0,22,0,22,0,487.3400878999382,,,,,,,,,,,,,,,,,,,,,,,,,,,,,,107.24864059966058,487.3250604001805,487.3400878999382,487.3400878999382,487.3400878999382,487.3400878999382,487.624322200194,k,0.2668139999732375,None,right,1,14,13,2,41,13,None,107.54802870005369,107.54834049986675,487.6247633001767,487.6395982000977,487.6395982000977,489.1389791001566,489.1389791001566,489.1237370003946,109.04738189978525,109.04741790005937,489.13350450014696,489.1389791001566,489.1389791001566,490.12329340027645,stimuli/box_coin_transparent.png,110.04692459991202,110.04696010006592,490.1233825003728,490.13907500030473,492.1388246002607,492.1219986001961,112.04562619980425,490.13907500030473,490.13907500030473,,,,,,,,,,,,33333,right,no,None,2025-05-09_11h08.27.465,RL_out-of-scanner,2024.2.4,59.52901828888127,2025-05-09 11h08.48.227010 -0500,
23,0,23,space,6.455878200009465,None,5,3.195855800062418,None,112.04742179997265,j,0.6424842001870275,None,None,112.71418150002137,112.71451409999281,114.21371260005981,114.21374919964,115.2132004997693,115.21323419967666,116.72858919994906,,,,,,,1,0,1,0,23,0,23,0,492.1388246002607,,,,,,,,,,,,,,,,,,,,,,,,,,,,,,112.04742179997265,492.12385100033134,492.1388246002607,492.1388246002607,492.1388246002607,492.1388246002607,492.79045590013266,j,0.6424842001870275,None,right,1,14,13,2,41,13,None,112.71418150002137,112.71451409999281,492.7909321002662,492.8057455001399,492.8057455001399,494.3055054000579,494.3055054000579,494.29006660031155,114.21371260005981,114.21374919964,494.2981205000542,494.3055054000579,494.3055054000579,495.28956930013373,stimuli/box_empty_transparent.png,115.2132004997693,115.21323419967666,495.28965379996225,495.3056638003327,496.8216967000626,496.80496530001983,116.72858919994906,495.3056638003327,495.3056638003327,,,,,,,,,,,,33333,right,no,None,2025-05-09_11h08.27.465,RL_out-of-scanner,2024.2.4,59.52901828888127,2025-05-09 11h08.48.227010 -0500,
24,0,24,space,6.455878200009465,None,5,3.195855800062418,None,116.73007829999551,k,0.46604100009426475,None,None,117.21326150000095,117.21351749962196,119.21313489973545,119.21317330002785,120.21301049971953,120.21304100006819,121.71314870007336,,,,,,,1,0,1,0,24,0,24,0,496.8216967000626,,,,,,,,,,,,,,,,,,,,,,,,,,,,,,116.73007829999551,496.80650880001485,496.8216967000626,496.8216967000626,496.8216967000626,496.8216967000626,497.289590400178,k,0.46604100009426475,None,right,1,14,14,2,42,14,None,117.21326150000095,117.21351749962196,497.2899342002347,497.30531139997765,497.30531139997765,499.30593060003594,499.30593060003594,499.2894733999856,119.21313489973545,119.21317330002785,499.3005087999627,499.30593060003594,499.30593060003594,500.28938250010833,stimuli/box_coin_transparent.png,120.21301049971953,120.21304100006819,500.28945650020614,500.305289500393,501.80596240004525,501.7895235000178,121.71314870007336,500.305289500393,500.305289500393,,,,,,,,,,,,33333,right,no,None,2025-05-09_11h08.27.465,RL_out-of-scanner,2024.2.4,59.52901828888127,2025-05-09 11h08.48.227010 -0500,
25,0,25,space,6.455878200009465,None,5,3.195855800062418,None,121.71460359962657,k,0.36972610000520945,None,None,122.11329380003735,122.11360979964957,123.11216829996556,123.11221949988976,124.11274999985471,124.11278599966317,127.61260659992695,,,,,,,1,0,1,0,25,0,25,0,501.80596240004525,,,,,,,,,,,,,,,,,,,,,,,,,,,,,,121.71460359962657,501.7910234001465,501.80596240004525,501.80596240004525,501.80596240004525,501.80596240004525,502.18960979999974,k,0.36972610000520945,None,left,1,9,0,3,42,14,None,122.11329380003735,122.11360979964957,502.19003290031105,502.20551490038633,502.20551490038633,503.20533920032904,503.20533920032904,503.18850850034505,123.11216829996556,123.11221949988976,503.19896720023826,503.20533920032904,503.20533920032904,504.1891177003272,stimuli/box_empty_transparent.png,124.11274999985471,124.11278599966317,504.1892087003216,504.2056376002729,507.7056637001224,507.688982100226,127.61260659992695,,,,,,,,,,,,,,33333,right,no,None,2025-05-09_11h08.27.465,RL_out-of-scanner,2024.2.4,59.52901828888127,2025-05-09 11h08.48.227010 -0500,
26,0,26,space,6.455878200009465,None,5,3.195855800062418,None,127.61413190001622,j,0.514588600024581,None,None,128.14615709986538,128.14649829966947,128.64539509965107,128.64543839963153,129.66166959982365,129.6617121999152,133.16242359997705,,,,,,,1,0,1,0,26,0,26,0,507.7056637001224,,,,,,,,,,,,,,,,,,,,,,,,,,,,,,127.61413190001622,507.6905517000705,507.7056637001224,507.7056637001224,507.7056637001224,507.7056637001224,508.2224910999648,j,0.514588600024581,None,left,1,9,1,3,43,15,None,128.14615709986538,128.14649829966947,508.2229376002215,508.23791040014476,508.23791040014476,508.73899580026045,508.73899580026045,508.72174700023606,128.64539509965107,128.64543839963153,508.7329780003056,508.73899580026045,508.73899580026045,509.7380314003676,stimuli/box_coin_transparent.png,129.66166959982365,129.6617121999152,509.7381420000456,509.7541472003795,513.2554955002852,513.2387990001589,133.16242359997705,,,,,,,,,,,,,,33333,right,no,None,2025-05-09_11h08.27.465,RL_out-of-scanner,2024.2.4,59.52901828888127,2025-05-09 11h08.48.227010 -0500,
27,0,27,space,6.455878200009465,None,5,3.195855800062418,None,133.16392519976944,j,0.3604696998372674,None,None,133.54715200001374,133.54748339997604,135.06229809997603,135.06234319973737,136.06245830003172,136.06249130005017,137.06299699982628,,,,,,,1,0,1,0,27,0,27,0,513.2554955002852,,,,,,,,,,,,,,,,,,,,,,,,,,,,,,133.16392519976944,513.2403450999409,513.2554955002852,513.2554955002852,513.2554955002852,513.2554955002852,513.6234769001603,j,0.3604696998372674,None,left,1,9,2,3,44,16,None,133.54715200001374,133.54748339997604,513.623900800012,513.6389451003633,513.6389451003633,515.1559733003378,515.1559733003378,515.1386420000345,135.06229809997603,135.06234319973737,515.1502283001319,515.1559733003378,515.1559733003378,516.1388281001709,stimuli/box_coin_transparent.png,136.06245830003172,136.06249130005017,516.1389097003266,516.1550927003846,517.1553943003528,517.1393685000949,137.06299699982628,,,,,,,,,,,,,,33333,right,no,None,2025-05-09_11h08.27.465,RL_out-of-scanner,2024.2.4,59.52901828888127,2025-05-09 11h08.48.227010 -0500,
28,0,28,space,6.455878200009465,None,5,3.195855800062418,None,137.06452539982274,j,0.4823545999825001,None,None,137.56362899998203,137.5640287999995,138.57900639995933,138.5790458000265,139.57929540006444,139.57933189999312,143.0789079000242,,,,,,,1,0,1,0,28,0,28,0,517.1553943003528,,,,,,,,,,,,,,,,,,,,,,,,,,,,,,137.06452539982274,517.1409452003427,517.1553943003528,517.1553943003528,517.1553943003528,517.1553943003528,517.6399611001834,j,0.4823545999825001,None,left,0,9,2,3,45,16,None,137.56362899998203,137.5640287999995,517.6404573000036,517.6564378002658,517.6564378002658,518.6716577000916,518.6716577000916,518.6553496001288,138.57900639995933,138.5790458000265,518.6632877001539,518.6716577000916,518.6716577000916,519.6556629003026,stimuli/box_empty_transparent.png,139.57929540006444,139.57933189999312,519.6557546001859,519.6717267003842,523.171594500076,523.1552822999656,143.0789079000242,519.6717267003842,519.6717267003842,,,,,,,,,,,,33333,right,no,None,2025-05-09_11h08.27.465,RL_out-of-scanner,2024.2.4,59.52901828888127,2025-05-09 11h08.48.227010 -0500,
29,0,29,space,6.455878200009465,None,5,3.195855800062418,None,143.08044659998268,k,0.3032305999659002,None,None,143.41403279965743,143.41429519979283,145.4127332000062,145.41277559986338,146.41159629961476,146.4116308996454,147.41276540001854,,,,,,,1,0,1,0,29,0,29,0,523.171594500076,,,,,,,,,,,,,,,,,,,,,,,,,,,,,,143.08044659998268,523.1568669001572,523.171594500076,523.171594500076,523.171594500076,523.171594500076,523.4903663001023,k,0.3032305999659002,None,left,0,9,2,3,45,16,None,143.41403279965743,143.41429519979283,523.4907125001773,523.5046892999671,523.5046892999671,525.5046454002149,525.5046454002149,525.4890785003081,145.4127332000062,145.41277559986338,525.4976754002273,525.5046454002149,525.5046454002149,526.4879652000964,stimuli/box_empty_transparent.png,146.41159629961476,146.4116308996454,526.4880532003008,526.5035081999376,527.504954200238,527.4891367000528,147.41276540001854,526.5035081999376,526.5035081999376,,,,,,,,,,,,33333,right,no,None,2025-05-09_11h08.27.465,RL_out-of-scanner,2024.2.4,59.52901828888127,2025-05-09 11h08.48.227010 -0500,
30,0,30,space,6.455878200009465,None,5,3.195855800062418,None,147.4143086997792,j,0.4981355997733772,None,None,147.93000789964572,147.93032970000058,148.92946029966697,148.9295059996657,149.9284232999198,149.92845619982108,150.92938099987805,,,,,,,1,0,1,0,30,0,30,0,527.504954200238,,,,,,,,,,,,,,,,,,,,,,,,,,,,,,147.4143086997792,527.490728400182,527.504954200238,527.504954200238,527.504954200238,527.504954200238,528.0063428999856,j,0.4981355997733772,None,left,0,9,2,3,46,16,None,147.93000789964572,147.93032970000058,528.0067472001538,528.0213281000033,528.0213281000033,529.021388400346,529.021388400346,529.0058099003509,148.92946029966697,148.9295059996657,529.0143444002606,529.021388400346,529.021388400346,530.0047922004014,stimuli/box_empty_transparent.png,149.9284232999198,149.92845619982108,530.0048759002239,530.020773100201,531.0220041000284,531.005753100384,150.92938099987805,530.020773100201,530.020773100201,,,,,,,,,,,,33333,right,no,None,2025-05-09_11h08.27.465,RL_out-of-scanner,2024.2.4,59.52901828888127,2025-05-09 11h08.48.227010 -0500,
31,0,31,space,6.455878200009465,None,5,3.195855800062418,None,150.9309612000361,k,0.6147186001762748,None,None,151.56291129998863,151.5632287999615,154.56302999984473,154.5630760998465,155.56216059997678,155.5621909997426,158.0606390996836,,,,,,,1,0,1,0,31,0,31,0,531.0220041000284,,,,,,,,,,,,,,,,,,,,,,,,,,,,,,150.9309612000361,531.0073810000904,531.0220041000284,531.0220041000284,531.0220041000284,531.0220041000284,531.6392451003194,k,0.6147186001762748,None,left,0,9,2,3,46,16,None,151.56291129998863,151.5632287999615,531.6396475001238,531.6552532003261,531.6552532003261,534.6543363002129,534.6543363002129,534.6393702002242,154.56302999984473,154.5630760998465,534.6479834001511,534.6543363002129,534.6543363002129,535.6385320001282,stimuli/box_empty_transparent.png,155.56216059997678,155.5621909997426,535.6386072002351,535.653958900366,538.1537820999511,538.1370082003996,158.0606390996836,535.653958900366,535.653958900366,,,,,,,,,,,,33333,right,no,None,2025-05-09_11h08.27.465,RL_out-of-scanner,2024.2.4,59.52901828888127,2025-05-09 11h08.48.227010 -0500,
32,0,32,space,6.455878200009465,None,5,3.195855800062418,None,158.06230859970674,k,0.3245843998156488,None,None,158.41188909998164,158.41217949986458,159.41194829996675,159.41199369961396,160.4120583999902,160.41208839975297,161.41174929961562,,,,,,,1,0,1,0,32,0,32,0,538.1537820999511,,,,,,,,,,,,,,,,,,,,,,,,,,,,,,158.06230859970674,538.1387288002297,538.1537820999511,538.1537820999511,538.1537820999511,538.1537820999511,538.4881855002604,k,0.3245843998156488,None,left,0,9,2,3,46,16,None,158.41188909998164,158.41217949986458,538.4886028002948,538.5036276001483,538.5036276001483,539.5043260999955,539.5043260999955,539.4882932002656,159.41194829996675,159.41199369961396,539.4974361001514,539.5043260999955,539.5043260999955,540.4884306001477,stimuli/box_empty_transparent.png,160.4120583999902,160.41208839975297,540.4885036000051,540.5043231002055,541.5047559002414,541.4881248003803,161.41174929961562,540.5043231002055,540.5043231002055,,,,,,,,,,,,33333,right,no,None,2025-05-09_11h08.27.465,RL_out-of-scanner,2024.2.4,59.52901828888127,2025-05-09 11h08.48.227010 -0500,
33,0,33,space,6.455878200009465,None,5,3.195855800062418,None,161.41319829970598,j,0.4526343001052737,None,None,161.89582219999284,161.89619589969516,163.91117409989238,163.91122630005702,164.9116388997063,164.9116730997339,166.41141679976135,,,,,,,1,0,1,0,33,0,33,0,541.5047559002414,,,,,,,,,,,,,,,,,,,,,,,,,,,,,,161.41319829970598,541.4896180001087,541.5047559002414,541.5047559002414,541.5047559002414,541.5047559002414,541.9721572999842,j,0.4526343001052737,None,left,1,9,3,3,47,17,None,161.89582219999284,161.89619589969516,541.972616400104,541.9881013999693,541.9881013999693,544.006670200266,544.006670200266,543.9875124003738,163.91117409989238,163.91122630005702,544.0006004003808,544.006670200266,544.006670200266,544.987998700235,stimuli/box_coin_transparent.png,164.9116388997063,164.9116730997339,544.9880910003558,545.0038201003335,546.5049728001468,546.487787200138,166.41141679976135,,,,,,,,,,,,,,33333,right,no,None,2025-05-09_11h08.27.465,RL_out-of-scanner,2024.2.4,59.52901828888127,2025-05-09 11h08.48.227010 -0500,
34,0,34,space,6.455878200009465,None,5,3.195855800062418,None,166.41297259973362,j,0.38495370000600815,None,None,166.82967299968004,166.82999400002882,169.8442742000334,169.8443180997856,170.84469559974968,170.84472729964182,173.34521059971303,,,,,,,1,0,1,0,34,0,34,0,546.5049728001468,,,,,,,,,,,,,,,,,,,,,,,,,,,,,,166.41297259973362,546.4893921003677,546.5049728001468,546.5049728001468,546.5049728001468,546.5049728001468,546.9060061001219,j,0.38495370000600815,None,left,1,9,4,3,48,18,None,166.82967299968004,166.82999400002882,546.9064123001881,546.9212384000421,546.9212384000421,549.9372114003636,549.9372114003636,549.9206238002516,169.8442742000334,169.8443180997856,549.9317463003099,549.9372114003636,549.9372114003636,550.9210654003546,stimuli/box_coin_transparent.png,170.84469559974968,170.84472729964182,550.9211471001618,550.9369904003106,553.4387050000951,553.4215815002099,173.34521059971303,,,,,,,,,,,,,,33333,right,no,None,2025-05-09_11h08.27.465,RL_out-of-scanner,2024.2.4,59.52901828888127,2025-05-09 11h08.48.227010 -0500,
35,0,35,space,6.455878200009465,None,5,3.195855800062418,None,173.34730189992115,k,0.4444237002171576,None,None,173.8122680997476,173.81257889978588,175.3111335998401,175.31117769982666,176.32718849973753,176.3272307999432,177.32763009984046,,,,,,,1,0,1,0,35,0,35,0,553.4387050000951,,,,,,,,,,,,,,,,,,,,,,,,,,,,,,173.34730189992115,553.4237280003726,553.4387050000951,553.4387050000951,553.4387050000951,553.4387050000951,553.8885870999657,k,0.4444237002171576,None,left,1,9,4,3,48,18,None,173.8122680997476,173.81257889978588,553.8890021000989,553.9043323001824,553.9043323001824,555.4054396003485,555.4054396003485,555.3874820000492,175.3111335998401,175.31117769982666,555.3992888000794,555.4054396003485,555.4054396003485,556.4035510001704,stimuli/box_empty_transparent.png,176.32718849973753,176.3272307999432,556.4036603001878,556.4196601002477,557.4209537999704,557.4040010003373,177.32763009984046,,,,,,,,,,,,,,33333,right,no,None,2025-05-09_11h08.27.465,RL_out-of-scanner,2024.2.4,59.52901828888127,2025-05-09 11h08.48.227010 -0500,
36,0,36,space,6.455878200009465,None,5,3.195855800062418,None,177.32939750002697,k,0.36433929996564984,None,None,177.7125204000622,177.71282720007002,179.22953039966524,179.22956939972937,180.2286334997043,180.22866579983383,183.72863799985498,,,,,,,1,0,1,0,36,0,36,0,557.4209537999704,,,,,,,,,,,,,,,,,,,,,,,,,,,,,,177.32939750002697,557.4058230002411,557.4209537999704,557.4209537999704,557.4209537999704,557.4209537999704,557.7888378002681,k,0.36433929996564984,None,left,1,9,4,3,48,18,None,177.7125204000622,177.71282720007002,557.7892510001548,557.8048268002458,557.8048268002458,559.3203325001523,559.3203325001523,559.3058815002441,179.22953039966524,179.22956939972937,559.3141276002862,559.3203325001523,559.3203325001523,560.305005799979,stimuli/box_empty_transparent.png,180.2286334997043,180.22866579983383,560.305081400089,560.3206071001478,563.8210301999934,563.805010500364,183.72863799985498,560.3206071001478,560.3206071001478,,,,,,,,,,,,33333,right,no,None,2025-05-09_11h08.27.465,RL_out-of-scanner,2024.2.4,59.52901828888127,2025-05-09 11h08.48.227010 -0500,
37,0,37,space,6.455878200009465,None,5,3.195855800062418,None,183.73043709993362,j,0.3627533996477723,None,None,184.11244279984385,184.11286689992994,186.1118937996216,186.11193619994447,187.11139139998704,187.11142199998721,188.10965859983116,,,,,,,1,0,1,0,37,0,37,0,563.8210301999934,,,,,,,,,,,,,,,,,,,,,,,,,,,,,,183.73043709993362,563.8068630001508,563.8210301999934,563.8210301999934,563.8210301999934,563.8210301999934,564.1887663002126,j,0.3627533996477723,None,left,1,9,5,3,49,19,None,184.11244279984385,184.11286689992994,564.1892921002582,564.2035226002336,564.2035226002336,566.2035578000359,566.2035578000359,566.188240500167,186.1118937996216,186.11193619994447,566.1981142000295,566.2035578000359,566.2035578000359,567.1877638003789,stimuli/box_coin_transparent.png,187.11139139998704,187.11142199998721,567.1878373003565,567.2032333002426,568.2028987002559,568.1860281000845,188.10965859983116,567.2032333002426,567.2032333002426,,,,,,,,,,,,33333,right,no,None,2025-05-09_11h08.27.465,RL_out-of-scanner,2024.2.4,59.52901828888127,2025-05-09 11h08.48.227010 -0500,
38,0,38,space,6.455878200009465,None,5,3.195855800062418,None,188.11137739988044,j,0.5655873999930918,None,None,188.69576769974083,188.6961045996286,189.69471739977598,189.6947542997077,190.6936146998778,190.69365140004084,192.19394369982183,,,,,,,1,0,1,0,38,0,38,0,568.2028987002559,,,,,,,,,,,,,,,,,,,,,,,,,,,,,,188.11137739988044,568.1878043999895,568.2028987002559,568.2028987002559,568.2028987002559,568.2028987002559,568.771990600042,j,0.5655873999930918,None,left,1,9,6,3,50,20,None,188.69576769974083,188.6961045996286,568.7725238003768,568.7872049999423,568.7872049999423,569.7865591002628,569.7865591002628,569.7710736002773,189.69471739977598,189.6947542997077,569.7810423001647,569.7865591002628,569.7865591002628,570.769984500017,stimuli/box_coin_transparent.png,190.6936146998778,190.69365140004084,570.7700730003417,570.7857542000711,572.2864489001222,572.2703192001209,192.19394369982183,570.7857542000711,570.7857542000711,,,,,,,,,,,,33333,right,no,None,2025-05-09_11h08.27.465,RL_out-of-scanner,2024.2.4,59.52901828888127,2025-05-09 11h08.48.227010 -0500,
39,0,39,space,6.455878200009465,None,5,3.195855800062418,None,192.1962647996843,j,0.4560179999098182,None,None,192.67878609988838,192.6792035996914,193.6935018999502,193.6935540996492,194.69441720005125,194.69445379963145,195.69426269968972,,,,,,,1,0,1,0,39,0,39,0,572.2864489001222,,,,,,,,,,,,,,,,,,,,,,,,,,,,,,192.1962647996843,572.2726863003336,572.2864489001222,572.2864489001222,572.2864489001222,572.2864489001222,572.7551172999665,j,0.4560179999098182,None,left,1,9,7,3,51,21,None,192.67878609988838,192.6792035996914,572.7556239003316,572.7704318002798,572.7704318002798,573.7880605002865,573.7880605002865,573.7698373999447,193.6935018999502,193.6935540996492,573.7823540000245,573.7880605002865,573.7880605002865,574.770784100052,stimuli/box_coin_transparent.png,194.69441720005125,194.69445379963145,574.7708767000586,574.7869331999682,575.7871520002373,575.7706359000877,195.69426269968972,,,,,,,,,,,,,,33333,right,no,None,2025-05-09_11h08.27.465,RL_out-of-scanner,2024.2.4,59.52901828888127,2025-05-09 11h08.48.227010 -0500,
40,0,40,space,6.455878200009465,None,5,3.195855800062418,None,195.69604449998587,j,0.5260246000252664,None,None,196.2454149997793,196.24573969980702,197.74550379998982,197.7455404996872,198.74426249973476,198.74429829977453,199.75944329984486,,,,,,,1,0,1,0,40,0,40,0,575.7871520002373,,,,,,,,,,,,,,,,,,,,,,,,,,,,,,195.69604449998587,575.7724701999687,575.7871520002373,575.7871520002373,575.7871520002373,575.7871520002373,576.3217482003383,j,0.5260246000252664,None,left,1,9,8,3,52,22,None,196.2454149997793,196.24573969980702,576.3221577000804,576.3376608002,576.3376608002,577.8369263000786,577.8369263000786,577.8218563999981,197.74550379998982,197.7455404996872,577.8316207001917,577.8369263000786,577.8369263000786,578.820629300084,stimuli/box_coin_transparent.png,198.74426249973476,198.74429829977453,578.8207197003067,578.8364319000393,579.8525743000209,579.8358098999597,199.75944329984486,578.8364319000393,578.8364319000393,,,,,,,,,,,,33333,right,no,None,2025-05-09_11h08.27.465,RL_out-of-scanner,2024.2.4,59.52901828888127,2025-05-09 11h08.48.227010 -0500,
41,0,41,space,6.455878200009465,None,5,3.195855800062418,None,199.76154810003936,j,0.3012214000336826,None,None,200.09440890001133,200.0948021998629,201.09482529992238,201.09486349998042,202.09350649965927,202.09354199981317,205.09263189975172,,,,,,,1,0,1,0,41,0,41,0,579.8525743000209,,,,,,,,,,,,,,,,,,,,,,,,,,,,,,199.76154810003936,579.8379808999598,579.8525743000209,579.8525743000209,579.8525743000209,579.8525743000209,580.1707236003131,j,0.3012214000336826,None,left,0,9,8,3,53,22,None,200.09440890001133,200.0948021998629,580.1712305000983,580.1862071002834,580.1862071002834,581.1865102001466,581.1865102001466,581.1711736000143,201.09482529992238,201.09486349998042,581.1792637002654,581.1865102001466,581.1865102001466,582.1698759002611,stimuli/box_empty_transparent.png,202.09350649965927,202.09354199981317,582.1699644001201,582.1853933003731,585.1856506001204,585.1690005003475,205.09263189975172,582.1853933003731,582.1853933003731,,,,,,,,,,,,33333,right,no,None,2025-05-09_11h08.27.465,RL_out-of-scanner,2024.2.4,59.52901828888127,2025-05-09 11h08.48.227010 -0500,
42,0,42,space,6.455878200009465,None,5,3.195855800062418,None,205.09499219991267,k,0.499666600022465,None,None,205.6108162999153,205.61106149991974,207.610476099886,207.61051569972187,208.62711449991912,208.62715009972453,212.12695219973102,,,,,,,1,0,1,0,42,0,42,0,585.1856506001204,,,,,,,,,,,,,,,,,,,,,,,,,,,,,,205.09499219991267,585.1714262003079,585.1856506001204,585.1856506001204,585.1856506001204,585.1856506001204,585.6871446003206,k,0.499666600022465,None,left,0,9,8,3,53,22,None,205.6108162999153,205.61106149991974,585.6874790000729,585.7023416999727,585.7023416999727,587.7037947000936,587.7037947000936,587.6868140003644,207.610476099886,207.61051569972187,587.6949065001681,587.7037947000936,587.7037947000936,588.7034824001603,stimuli/box_empty_transparent.png,208.62711449991912,208.62715009972453,588.703572800383,588.7189663001336,592.2197029003873,592.2033275002614,212.12695219973102,,,,,,,,,,,,,,33333,right,no,None,2025-05-09_11h08.27.465,RL_out-of-scanner,2024.2.4,59.52901828888127,2025-05-09 11h08.48.227010 -0500,
43,0,43,space,6.455878200009465,None,5,3.195855800062418,None,212.1284973998554,k,0.3584141996689141,None,None,212.5116485999897,212.51191419968382,213.51079479977489,213.51083809975535,214.5106702996418,214.5107005997561,216.509978399612,,,,,,,1,0,1,0,43,0,43,0,592.2197029003873,,,,,,,,,,,,,,,,,,,,,,,,,,,,,,212.1284973998554,592.2049173000269,592.2197029003873,592.2197029003873,592.2197029003873,592.2197029003873,592.5879839002155,k,0.3584141996689141,None,left,0,9,8,3,53,22,None,212.5116485999897,212.51191419968382,592.5883380002342,592.6029524002224,592.6029524002224,593.602698800154,593.602698800154,593.5871397000737,213.51079479977489,213.51083809975535,593.5953375999816,593.602698800154,593.602698800154,594.5870435000397,stimuli/box_empty_transparent.png,214.5106702996418,214.5107005997561,594.5871158000082,594.602388900239,596.603182699997,596.586350500118,216.509978399612,594.602388900239,594.602388900239,,,,,,,,,,,,33333,right,no,None,2025-05-09_11h08.27.465,RL_out-of-scanner,2024.2.4,59.52901828888127,2025-05-09 11h08.48.227010 -0500,
44,0,44,space,6.455878200009465,None,5,3.195855800062418,None,216.51149639999494,k,0.497889899648726,None,None,217.02917749993503,217.02950839977711,219.526070300024,219.5261141997762,220.52649349998683,220.526527099777,222.52689730003476,,,,,,,1,0,1,0,44,0,44,0,596.603182699997,,,,,,,,,,,,,,,,,,,,,,,,,,,,,,216.51149639999494,596.5879156002775,596.603182699997,596.603182699997,596.603182699997,596.603182699997,597.1050869002938,k,0.497889899648726,None,left,0,9,8,3,53,22,None,217.02917749993503,217.02950839977711,597.1059342999943,597.1186864003539,597.1186864003539,599.6193293002434,599.6193293002434,599.6024216003716,219.526070300024,219.5261141997762,599.612277300097,599.6193293002434,599.6193293002434,600.6028642002493,stimuli/box_empty_transparent.png,220.52649349998683,220.526527099777,600.6029461999424,600.6187495002523,602.619189500343,602.6032676999457,222.52689730003476,,,,,,,,,,,,,,33333,right,no,None,2025-05-09_11h08.27.465,RL_out-of-scanner,2024.2.4,59.52901828888127,2025-05-09 11h08.48.227010 -0500,
45,0,45,space,6.455878200009465,None,5,3.195855800062418,None,222.52874219976366,k,0.36379370000213385,None,None,222.9100870997645,222.91044540004805,223.91067809984088,223.91071629989892,224.91012569982558,224.91016299976036,225.90962919965386,,,,,,,1,0,1,0,45,0,45,0,602.619189500343,,,,,,,,,,,,,,,,,,,,,,,,,,,,,,222.52874219976366,602.6051676003262,602.619189500343,602.619189500343,602.619189500343,602.619189500343,602.9863932002336,k,0.36379370000213385,None,left,0,9,8,3,53,22,None,222.9100870997645,222.91044540004805,602.986878100317,603.0020494000055,603.0020494000055,604.002088600304,604.002088600304,603.9870315999724,223.91067809984088,223.91071629989892,603.9952853000723,604.002088600304,604.002088600304,604.9864937001839,stimuli/box_empty_transparent.png,224.91012569982558,224.91016299976036,604.9865858000703,605.0021143001504,606.0025810003281,605.986004400067,225.90962919965386,605.0021143001504,605.0021143001504,,,,,,,,,,,,33333,right,no,None,2025-05-09_11h08.27.465,RL_out-of-scanner,2024.2.4,59.52901828888127,2025-05-09 11h08.48.227010 -0500,
46,0,46,space,6.455878200009465,None,5,3.195855800062418,None,225.91106669977307,j,0.48063769983127713,None,None,226.4112132997252,226.41153779998422,228.410766299814,228.41080289985985,229.40905469981954,229.4090831996873,230.40983609994873,,,,,,,1,0,1,0,46,0,46,0,606.0025810003281,,,,,,,,,,,,,,,,,,,,,,,,,,,,,,225.91106669977307,605.98748610029,606.0025810003281,606.0025810003281,606.0025810003281,606.0025810003281,606.4875469002873,j,0.48063769983127713,None,left,1,9,9,3,54,23,None,226.4112132997252,226.41153779998422,606.4879557001404,606.5025760000572,606.5025760000572,608.5019654999487,608.5019654999487,608.4871185002849,228.410766299814,228.41080289985985,608.4970315000974,608.5019654999487,608.5019654999487,609.4854286001064,stimuli/box_coin_transparent.png,229.40905469981954,229.4090831996873,609.4854983002879,609.5010439003818,610.5028409999795,610.4862076002173,230.40983609994873,609.5010439003818,609.5010439003818,,,,,,,,,,,,33333,right,no,None,2025-05-09_11h08.27.465,RL_out-of-scanner,2024.2.4,59.52901828888127,2025-05-09 11h08.48.227010 -0500,
47,0,47,space,6.455878200009465,None,5,3.195855800062418,None,230.41138739977032,j,0.4567868001759052,None,None,230.8943174998276,230.8946770997718,233.90958169987425,233.9096244997345,234.911893799901,234.91193589987233,236.4087020996958,,,,,,,1,0,1,0,47,0,47,0,610.5028409999795,,,,,,,,,,,,,,,,,,,,,,,,,,,,,,230.41138739977032,610.4878076999448,610.5028409999795,610.5028409999795,610.5028409999795,610.5028409999795,610.9706437001005,j,0.4567868001759052,None,right,1,10,0,4,54,23,None,230.8943174998276,230.8946770997718,610.9710968001746,610.9858690002002,610.9858690002002,614.002263400238,614.002263400238,613.9859160003252,233.90958169987425,233.9096244997345,613.9949823003262,614.002263400238,614.002263400238,614.9882562002167,stimuli/box_empty_transparent.png,234.911893799901,234.91193589987233,614.9883684003726,615.0010587000288,616.5015533003025,616.4850775999948,236.4087020996958,,,,,,,,,,,,,,33333,right,no,None,2025-05-09_11h08.27.465,RL_out-of-scanner,2024.2.4,59.52901828888127,2025-05-09 11h08.48.227010 -0500,
48,0,48,space,6.455878200009465,None,5,3.195855800062418,None,236.41044909972697,k,0.3739880998618901,None,None,236.80965249985456,236.80989909963682,238.30991129996255,238.30998029978946,239.30873569985852,239.3087656996213,242.80924259964377,,,,,,,1,0,1,0,48,0,48,0,616.5015533003025,,,,,,,,,,,,,,,,,,,,,,,,,,,,,,236.41044909972697,616.4868763000704,616.5015533003025,616.5015533003025,616.5015533003025,616.5015533003025,616.8859858000651,k,0.3739880998618901,None,right,1,10,1,4,55,24,None,236.80965249985456,236.80989909963682,616.8863167003728,616.9018129003234,616.9018129003234,618.4018376003951,618.4018376003951,618.3862638999708,238.30991129996255,238.30998029978946,618.396610500291,618.4018376003951,618.4018376003951,619.3851091000251,stimuli/box_coin_transparent.png,239.30873569985852,239.3087656996213,619.3851817003451,619.4009394999593,622.9020072002895,622.8856179001741,242.80924259964377,619.4009394999593,619.4009394999593,,,,,,,,,,,,33333,right,no,None,2025-05-09_11h08.27.465,RL_out-of-scanner,2024.2.4,59.52901828888127,2025-05-09 11h08.48.227010 -0500,
49,0,49,space,6.455878200009465,None,5,3.195855800062418,None,242.8107562996447,k,0.6654531001113355,None,None,243.49358429992571,243.4938832996413,244.99297889973968,244.99302269984037,245.99284579977393,245.99287689989433,245.99329519970343,,,,,,,1,0,1,0,49,0,49,0,622.9020072002895,,,,,,,,,,,,,,,,,,,,,,,,,,,,,,242.8107562996447,622.8871760000475,622.9020072002895,622.9020072002895,622.9020072002895,622.9020072002895,623.5699165002443,k,0.6654531001113355,None,right,0,10,1,4,56,24,None,243.49358429992571,243.4938832996413,623.5703048002906,623.5852536000311,623.5852536000311,625.0849294001237,625.0849294001237,625.069323700387,244.99297889973968,244.99302269984037,625.0777765000239,625.0849294001237,625.0849294001237,626.0692186001688,stimuli/box_empty_transparent.png,245.99284579977393,245.99287689989433,626.0692932000384,626.1158036999404,626.1158036999404,626.0696752001531,245.99329519970343,626.1158036999404,626.1158036999404,,,,,,,,,,,,33333,right,no,None,2025-05-09_11h08.27.465,RL_out-of-scanner,2024.2.4,59.52901828888127,2025-05-09 11h08.48.227010 -0500,
1,0,1,space,6.455878200009465,None,5,3.195855800062418,None,,,,,,,,,,,,,,,,,,,1,0,1,0,,,,,,,,,,,,,,,,,,,,,,,,,,,,,,,,,,,,,,,,,,,,,,,,,,,,,,,,,,,,,,,,,,,,,,,,,,,,,,,626.1115870000795,626.1158036999404,630.0766448001377,630.0767132001929,630.0931951999664,683.691974000074,683.6754009001888,,,33333,right,no,None,2025-05-09_11h08.27.465,RL_out-of-scanner,2024.2.4,59.52901828888127,2025-05-09 11h08.48.227010 -0500,
0,0,0,space,2.8931718999519944,None,5,3.3656201995909214,None,0.0021187998354434967,j,1.3375466000288725,None,None,1.3679749998264015,1.3683739001862705,2.3656995999626815,2.3657541000284255,3.366607700008899,3.3666464001871645,5.365856099873781,,,,,,,2,0,2,0,0,0,0,0,689.9921906003729,,,,,,,,,,,,,,,,683.6755471001379,683.691974000074,683.691974000074,686.5915334001184,space,2.8931718999519944,None,686.5916093001142,686.6072693001479,686.6072693001479,689.9756680000573,5,3.3656201995909214,None,0.0021187998354434967,689.9778696000576,689.9921906003729,689.9921906003729,689.9921906003729,689.9921906003729,691.343623700086,j,1.3375466000288725,None,right,0,8,0,5,56,0,None,1.3679749998264015,1.3683739001862705,691.3441221001558,691.358396500349,691.358396500349,692.3583560003899,692.3583560003899,692.3413619003259,2.3656995999626815,2.3657541000284255,692.3508272003382,692.3583560003899,692.3583560003899,693.3422750001773,stimuli/box_empty_transparent.png,3.366607700008899,3.3666464001871645,693.3423864003271,693.3581936000846,695.3580511002801,695.3415570999496,5.365856099873781,,,,,,,,,,,,,,33333,right,no,None,2025-05-09_11h08.27.465,RL_out-of-scanner,2024.2.4,59.52901828888127,2025-05-09 11h08.48.227010 -0500,
1,0,1,space,2.8931718999519944,None,5,3.3656201995909214,None,5.367331100162119,k,0.6148335998877883,None,None,6.000732199754566,6.000995100010186,7.499757300131023,7.499794600065798,8.498824799899012,8.498855399899185,9.999646000098437,,,,,,,2,0,2,0,1,0,1,0,695.3580511002801,,,,,,,,,,,,,,,,,,,,,,,,,,,,,,5.367331100162119,695.3430753001012,695.3580511002801,695.3580511002801,695.3580511002801,695.3580511002801,695.9763921000995,k,0.6148335998877883,None,right,1,8,1,5,57,1,None,6.000732199754566,6.000995100010186,695.9767509000376,695.9910111003555,695.9910111003555,697.4912717002444,697.4912717002444,697.4754360001534,7.499757300131023,7.499794600065798,697.4856181000359,697.4912717002444,697.4912717002444,698.4745231000707,stimuli/box_coin_transparent.png,8.498824799899012,8.498855399899185,698.4745966000482,698.4903090000153,699.9914319999516,699.975345000159,9.999646000098437,698.4903090000153,698.4903090000153,,,,,,,,,,,,33333,right,no,None,2025-05-09_11h08.27.465,RL_out-of-scanner,2024.2.4,59.52901828888127,2025-05-09 11h08.48.227010 -0500,
2,0,2,space,2.8931718999519944,None,5,3.3656201995909214,None,10.001172999851406,k,1.0975586003623903,None,['k'],11.117577100172639,11.117893800139427,12.11589889973402,12.115933800116181,13.116400400176644,13.116434199735522,16.115762799978256,[0.4167814003303647],[0.09838349977508187],,,,,2,0,2,0,2,0,2,0,699.9914319999516,,,,,,,,,,,,,,,,,,,,,,,,,,,,,,10.001172999851406,699.9769174000248,699.9914319999516,699.9914319999516,699.9914319999516,699.9914319999516,701.0931704002433,k,1.0975586003623903,None,right,1,8,2,5,58,2,['k'],11.117577100172639,11.117893800139427,701.0936421002261,701.1085733999498,701.1085733999498,702.107656000182,702.107656000182,702.0915747000836,12.11589889973402,12.115933800116181,702.1016323002987,702.107656000182,702.107656000182,703.0920911999419,stimuli/box_coin_transparent.png,13.116400400176644,13.116434199735522,703.0921773002483,703.1070417002775,706.1072101001628,706.091462300159,16.115762799978256,703.1070417002775,703.1070417002775,[0.4167814003303647],[0.09838349977508187],,,,,,,,,,33333,right,no,None,2025-05-09_11h08.27.465,RL_out-of-scanner,2024.2.4,59.52901828888127,2025-05-09 11h08.48.227010 -0500,
3,0,3,space,2.8931718999519944,None,5,3.3656201995909214,None,16.117266700137407,k,0.6484046000987291,None,None,16.783413299825042,16.783708499744534,18.782862899824977,18.782905700150877,19.798122100066394,19.798158599995077,20.799587899819016,,,,,,,2,0,2,0,3,0,3,0,706.1072101001628,,,,,,,,,,,,,,,,,,,,,,,,,,,,,,16.117266700137407,706.0930113000795,706.1072101001628,706.1072101001628,706.1072101001628,706.1072101001628,706.7590722003952,k,0.6484046000987291,None,right,0,8,2,5,59,2,None,16.783413299825042,16.783708499744534,706.7594511001371,706.7741668000817,706.7741668000817,708.7747065001167,708.7747065001167,708.758535400033,18.782862899824977,18.782905700150877,708.7669470002875,708.7747065001167,708.7747065001167,709.7738121002913,stimuli/box_empty_transparent.png,19.798122100066394,19.798158599995077,709.7739647002891,709.7898570001125,710.7911852002144,710.7752845999785,20.799587899819016,,,,,,,,,,,,,,33333,right,no,None,2025-05-09_11h08.27.465,RL_out-of-scanner,2024.2.4,59.52901828888127,2025-05-09 11h08.48.227010 -0500,
4,0,4,space,2.8931718999519944,None,5,3.3656201995909214,None,20.801361300051212,k,0.4995168996974826,None,None,21.316768699791282,21.317079899832606,22.31649939995259,22.316545699723065,23.31643720017746,23.31646869983524,25.815223999787122,,,,,,,2,0,2,0,4,0,4,0,710.7911852002144,,,,,,,,,,,,,,,,,,,,,,,,,,,,,,20.801361300051212,710.7771116001531,710.7911852002144,710.7911852002144,710.7911852002144,710.7911852002144,711.2924101999961,k,0.4995168996974826,None,right,1,8,3,5,60,3,None,21.316768699791282,21.317079899832606,711.292828200385,711.3089304002933,711.3089304002933,712.3075053002685,712.3075053002685,712.2921792003326,22.31649939995259,22.316545699723065,712.302400900051,712.3075053002685,712.3075053002685,713.2921342002228,stimuli/box_coin_transparent.png,23.31643720017746,23.31646869983524,713.2922093002126,713.3071280000731,715.806963799987,715.7909250999801,25.815223999787122,713.3071280000731,713.3071280000731,,,,,,,,,,,,33333,right,no,None,2025-05-09_11h08.27.465,RL_out-of-scanner,2024.2.4,59.52901828888127,2025-05-09 11h08.48.227010 -0500,
5,0,5,space,2.8931718999519944,None,5,3.3656201995909214,None,25.81673809979111,k,0.418319100048393,None,None,26.265675799921155,26.266037200111896,29.766215899959207,29.766252500005066,30.76619359990582,30.766224400140345,32.76495340000838,,,,,,,2,0,2,0,5,0,5,0,715.806963799987,,,,,,,,,,,,,,,,,,,,,,,,,,,,,,25.81673809979111,715.7924828003161,715.806963799987,715.806963799987,715.806963799987,715.806963799987,716.241308900062,k,0.418319100048393,None,right,1,8,4,5,61,4,None,26.265675799921155,26.266037200111896,716.2417931002565,716.2579374001361,716.2579374001361,719.7572673000395,719.7572673000395,719.7418945003301,29.766215899959207,29.766252500005066,719.75173250027,719.7572673000395,719.7572673000395,720.7418904001825,stimuli/box_coin_transparent.png,30.76619359990582,30.766224400140345,720.7419652002864,720.7571078999899,722.7576653002761,722.7406537001953,32.76495340000838,720.7571078999899,720.7571078999899,,,,,,,,,,,,33333,right,no,None,2025-05-09_11h08.27.465,RL_out-of-scanner,2024.2.4,59.52901828888127,2025-05-09 11h08.48.227010 -0500,
6,0,6,space,2.8931718999519944,None,5,3.3656201995909214,None,32.76642110012472,k,0.4318900001235306,None,None,33.216667799744755,33.2169846999459,34.215598799753934,34.21564449975267,35.21573749976233,35.21577200014144,36.21498030005023,,,,,,,2,0,2,0,6,0,6,0,722.7576653002761,,,,,,,,,,,,,,,,,,,,,,,,,,,,,,32.76642110012472,722.7421651999466,722.7576653002761,722.7576653002761,722.7576653002761,722.7576653002761,723.1923183002509,k,0.4318900001235306,None,right,1,8,5,5,62,5,None,33.216667799744755,33.2169846999459,723.192732500378,723.2073421999812,723.2073421999812,724.2073383000679,724.2073383000679,724.1912680002861,34.215598799753934,34.21564449975267,724.2017919002101,724.2073383000679,724.2073383000679,725.191431700252,stimuli/box_coin_transparent.png,35.21573749976233,35.21577200014144,725.1915182000957,725.2073771003634,726.2077891002409,726.1906775003299,36.21498030005023,725.2073771003634,725.2073771003634,,,,,,,,,,,,33333,right,no,None,2025-05-09_11h08.27.465,RL_out-of-scanner,2024.2.4,59.52901828888127,2025-05-09 11h08.48.227010 -0500,
7,0,7,space,2.8931718999519944,None,5,3.3656201995909214,None,36.21651769988239,k,0.5819001998752356,None,None,36.816264399793,36.81652719993144,38.815844600088894,38.81588249979541,39.81618840014562,39.81622239993885,41.81464570015669,,,,,,,2,0,2,0,7,0,7,0,726.2077891002409,,,,,,,,,,,,,,,,,,,,,,,,,,,,,,36.21651769988239,726.1922616004013,726.2077891002409,726.2077891002409,726.2077891002409,726.2077891002409,726.7919243001379,k,0.5819001998752356,None,right,1,8,6,5,63,6,None,36.816264399793,36.81652719993144,726.7922693002038,726.8071735003032,726.8071735003032,728.8069939999841,728.8069939999841,728.7915213000961,38.815844600088894,38.81588249979541,728.8014291003346,728.8069939999841,728.8069939999841,729.7918824004009,stimuli/box_coin_transparent.png,39.81618840014562,39.81622239993885,729.7919660001062,729.8071965002455,731.8069466003217,731.7903420999646,41.81464570015669,729.8071965002455,729.8071965002455,,,,,,,,,,,,33333,right,no,None,2025-05-09_11h08.27.465,RL_out-of-scanner,2024.2.4,59.52901828888127,2025-05-09 11h08.48.227010 -0500,
8,0,8,space,2.8931718999519944,None,5,3.3656201995909214,None,41.81629560003057,k,0.42643640004098415,None,None,42.266064799856395,42.2663263999857,45.26591329975054,45.26595060015097,46.26586110005155,46.26589130004868,47.764820700045675,,,,,,,2,0,2,0,8,0,8,0,731.8069466003217,,,,,,,,,,,,,,,,,,,,,,,,,,,,,,41.81629560003057,731.7920403000899,731.8069466003217,731.8069466003217,731.8069466003217,731.8069466003217,732.2417232003063,k,0.42643640004098415,None,right,1,8,7,5,64,7,None,42.266064799856395,42.2663263999857,732.2420683000237,732.256833200343,732.256833200343,735.2578350999393,735.2578350999393,735.2415901999921,45.26591329975054,45.26595060015097,735.2526144003496,735.2578350999393,735.2578350999393,736.2415585000999,stimuli/box_coin_transparent.png,46.26586110005155,46.26589130004868,736.2416310999542,736.2563983001746,737.7571364999749,737.7405207999982,47.764820700045675,736.2563983001746,736.2563983001746,,,,,,,,,,,,33333,right,no,None,2025-05-09_11h08.27.465,RL_out-of-scanner,2024.2.4,59.52901828888127,2025-05-09 11h08.48.227010 -0500,
9,0,9,space,2.8931718999519944,None,5,3.3656201995909214,None,47.76629769988358,k,0.5009947000071406,None,None,48.299043300095946,48.299309600144625,49.81407039985061,49.81411819998175,50.814623000100255,50.81465499987826,52.81483449973166,,,,,,,2,0,2,0,9,0,9,0,737.7571364999749,,,,,,,,,,,,,,,,,,,,,,,,,,,,,,47.76629769988358,737.7420418001711,737.7571364999749,737.7571364999749,737.7571364999749,737.7571364999749,738.2747023003176,k,0.5009947000071406,None,right,1,8,8,5,65,8,None,48.299043300095946,48.299309600144625,738.2750512002967,738.2911119000055,738.2911119000055,739.8066124999896,739.8066124999896,739.7897466002032,49.81407039985061,49.81411819998175,739.8003098000772,739.8066124999896,739.8066124999896,740.7903175000101,stimuli/box_coin_transparent.png,50.814623000100255,50.81465499987826,740.7903983001597,740.8060795003548,742.8067422001623,742.7905341000296,52.81483449973166,,,,,,,,,,,,,,33333,right,no,None,2025-05-09_11h08.27.465,RL_out-of-scanner,2024.2.4,59.52901828888127,2025-05-09 11h08.48.227010 -0500,
10,0,10,space,2.8931718999519944,None,5,3.3656201995909214,None,52.816317999735475,k,0.40380610013380647,None,None,53.25011389981955,53.25037490017712,54.748311900068074,54.748349899891764,55.76389649976045,55.76393269980326,56.76442669983953,,,,,,,2,0,2,0,10,0,10,0,742.8067422001623,,,,,,,,,,,,,,,,,,,,,,,,,,,,,,52.816317999735475,742.792062100023,742.8067422001623,742.8067422001623,742.8067422001623,742.8067422001623,743.2257731002755,k,0.40380610013380647,None,left,1,7,0,6,65,8,None,53.25011389981955,53.25037490017712,743.2261167000979,743.2401462001726,743.2401462001726,744.740635199938,744.740635199938,744.7239900999703,54.748311900068074,54.748349899891764,744.7322439001873,744.740635199938,744.740635199938,745.7395876999944,stimuli/box_empty_transparent.png,55.76389649976045,55.76393269980326,745.7396833002567,745.7554963999428,746.7566538001411,746.740128100384,56.76442669983953,,,,,,,,,,,,,,33333,right,no,None,2025-05-09_11h08.27.465,RL_out-of-scanner,2024.2.4,59.52901828888127,2025-05-09 11h08.48.227010 -0500,
11,0,11,space,2.8931718999519944,None,5,3.3656201995909214,None,56.76592919975519,k,0.5944691998884082,None,None,57.38223019987345,57.38249270012602,59.38125880016014,59.38130330014974,60.381310999859124,60.38134199986234,61.879950399976224,,,,,,,2,0,2,0,11,0,11,0,746.7566538001411,,,,,,,,,,,,,,,,,,,,,,,,,,,,,,56.76592919975519,746.741674200166,746.7566538001411,746.7566538001411,746.7566538001411,746.7566538001411,747.3578905002214,k,0.5944691998884082,None,left,1,7,0,6,65,8,None,57.38223019987345,57.38249270012602,747.3582344003953,747.3735287003219,747.3735287003219,749.3730146000162,749.3730146000162,749.3569106999785,59.38125880016014,59.38130330014974,749.3655107002705,749.3730146000162,749.3730146000162,750.3570080003701,stimuli/box_empty_transparent.png,60.381310999859124,60.38134199986234,750.3570822002366,750.3719603000209,751.8724786001258,751.85565030016,61.879950399976224,750.3719603000209,750.3719603000209,,,,,,,,,,,,33333,right,no,None,2025-05-09_11h08.27.465,RL_out-of-scanner,2024.2.4,59.52901828888127,2025-05-09 11h08.48.227010 -0500,
12,0,12,space,2.8931718999519944,None,5,3.3656201995909214,None,61.88149910001084,k,0.26921349996700883,None,None,62.18175429990515,62.182072499766946,63.18147630011663,63.18152520013973,64.19716219976544,64.19719550013542,67.19655640004203,,,,,,,2,0,2,0,12,0,12,0,751.8724786001258,,,,,,,,,,,,,,,,,,,,,,,,,,,,,,61.88149910001084,751.8572440003045,751.8724786001258,751.8724786001258,751.8724786001258,751.8724786001258,752.1573952999897,k,0.26921349996700883,None,left,1,7,0,6,65,8,None,62.18175429990515,62.182072499766946,752.1578223002143,752.1724988999777,752.1724988999777,753.1756788999774,753.1756788999774,753.1571440999396,63.18147630011663,63.18152520013973,753.1701963003725,753.1756788999774,753.1756788999774,754.1728553003632,stimuli/box_empty_transparent.png,64.19716219976544,64.19719550013542,754.1729402001947,754.1886678002775,757.188955000136,757.172257900238,67.19655640004203,,,,,,,,,,,,,,33333,right,no,None,2025-05-09_11h08.27.465,RL_out-of-scanner,2024.2.4,59.52901828888127,2025-05-09 11h08.48.227010 -0500,
13,0,13,space,2.8931718999519944,None,5,3.3656201995909214,None,67.19809369975701,k,0.278683400247246,None,None,67.49770719977096,67.4979514000006,67.99747810000554,67.99752119975165,68.99775609979406,68.99779090005904,70.99728009989485,,,,,,,2,0,2,0,13,0,13,0,757.188955000136,,,,,,,,,,,,,,,,,,,,,,,,,,,,,,67.19809369975701,757.1738391001709,757.188955000136,757.188955000136,757.188955000136,757.188955000136,757.4733669999987,k,0.278683400247246,None,left,1,7,0,6,65,8,None,67.49770719977096,67.4979514000006,757.4736931002699,757.4889458999969,757.4889458999969,757.9899929002859,757.9899929002859,757.9731511999853,67.99747810000554,67.99752119975165,757.9830464003608,757.9899929002859,757.9899929002859,758.9734396003187,stimuli/box_empty_transparent.png,68.99775609979406,68.99779090005904,758.9735329002142,758.9893797002733,760.9899516999722,760.9729780000634,70.99728009989485,,,,,,,,,,,,,,33333,right,no,None,2025-05-09_11h08.27.465,RL_out-of-scanner,2024.2.4,59.52901828888127,2025-05-09 11h08.48.227010 -0500,
14,0,14,space,2.8931718999519944,None,5,3.3656201995909214,None,70.99904659995809,k,1.261208400130272,None,None,72.28122569993138,72.28153639985248,73.78024959983304,73.78029830008745,74.78050490003079,74.78054529987276,75.78037689998746,,,,,,,2,0,2,0,14,0,14,0,760.9899516999722,,,,,,,,,,,,,,,,,,,,,,,,,,,,,,70.99904659995809,760.9747967999429,760.9899516999722,760.9899516999722,760.9899516999722,760.9899516999722,762.2568666003644,k,1.261208400130272,None,left,1,7,0,6,65,8,None,72.28122569993138,72.28153639985248,762.2572838002816,762.2722269999795,762.2722269999795,763.7727418001741,763.7727418001741,763.7559120003134,73.78024959983304,73.78029830008745,763.767110500019,763.7727418001741,763.7727418001741,764.7561933002435,stimuli/box_empty_transparent.png,74.78050490003079,74.78054529987276,764.7563102999702,764.7724775001407,765.7732184999622,765.7560793003067,75.78037689998746,,,,,,,,,,,,,,33333,right,no,None,2025-05-09_11h08.27.465,RL_out-of-scanner,2024.2.4,59.52901828888127,2025-05-09 11h08.48.227010 -0500,
15,0,15,space,2.8931718999519944,None,5,3.3656201995909214,None,75.78184300009161,k,0.5468737003393471,None,None,76.34857210004702,76.34889299981296,77.34782550018281,77.34787070006132,78.34742469992489,78.34745510015637,80.3477019998245,,,,,,,2,0,2,0,15,0,15,0,765.7732184999622,,,,,,,,,,,,,,,,,,,,,,,,,,,,,,75.78184300009161,765.7575871003792,765.7732184999622,765.7732184999622,765.7732184999622,765.7732184999622,766.3242296003737,k,0.5468737003393471,None,left,1,7,0,6,65,8,None,76.34857210004702,76.34889299981296,766.3246365999803,766.3396477000788,766.3396477000788,767.3391257999465,767.3391257999465,767.3234956003726,77.34782550018281,77.34787070006132,767.3320271000266,767.3391257999465,767.3391257999465,768.3231234000996,stimuli/box_empty_transparent.png,78.34742469992489,78.34745510015637,768.3231945000589,768.3393366001546,770.3393910001032,770.3234006003477,80.3477019998245,768.3393366001546,768.3393366001546,,,,,,,,,,,,33333,right,no,None,2025-05-09_11h08.27.465,RL_out-of-scanner,2024.2.4,59.52901828888127,2025-05-09 11h08.48.227010 -0500,
16,0,16,space,2.8931718999519944,None,5,3.3656201995909214,None,80.34950149990618,k,0.4183066999539733,None,None,80.79847980011255,80.79874149989337,82.79729299992323,82.7973384000361,83.79733250010759,83.79736780002713,84.81287610018626,,,,,,,2,0,2,0,16,0,16,0,770.3393910001032,,,,,,,,,,,,,,,,,,,,,,,,,,,,,,80.34950149990618,770.3252521003596,770.3393910001032,770.3393910001032,770.3393910001032,770.3393910001032,770.7741388999857,k,0.4183066999539733,None,left,1,7,0,6,65,8,None,80.79847980011255,80.79874149989337,770.7744837002829,770.7891613002867,770.7891613002867,772.7887520999648,772.7887520999648,772.7729624002241,82.79729299992323,82.7973384000361,772.7815996003337,772.7887520999648,772.7887520999648,773.7730261003599,stimuli/box_empty_transparent.png,83.79733250010759,83.79736780002713,773.7731123999692,773.7890707002953,774.8051064000465,774.7885739002377,84.81287610018626,773.7890707002953,773.7890707002953,,,,,,,,,,,,33333,right,no,None,2025-05-09_11h08.27.465,RL_out-of-scanner,2024.2.4,59.52901828888127,2025-05-09 11h08.48.227010 -0500,
17,0,17,space,2.8931718999519944,None,5,3.3656201995909214,None,84.8146227998659,j,0.4706389997154474,None,None,85.31393499998376,85.31434649974108,86.31378610013053,86.31382479984313,87.31410160008818,87.31413319986314,88.31396419974044,,,,,,,2,0,2,0,17,0,17,0,774.8051064000465,,,,,,,,,,,,,,,,,,,,,,,,,,,,,,84.8146227998659,774.7903750003316,774.8051064000465,774.8051064000465,774.8051064000465,774.8051064000465,775.2895689001307,j,0.4706389997154474,None,left,1,7,1,6,66,9,None,85.31393499998376,85.31434649974108,775.2901047002524,775.3050453001633,775.3050453001633,776.3054543002509,776.3054543002509,776.289462600369,86.31378610013053,86.31382479984313,776.2994036003947,776.3054543002509,776.3054543002509,777.2897989000194,stimuli/box_coin_transparent.png,87.31410160008818,87.31413319986314,777.2898732000031,777.3057356001809,778.3056891001761,778.2896585999988,88.31396419974044,777.3057356001809,777.3057356001809,,,,,,,,,,,,33333,right,no,None,2025-05-09_11h08.27.465,RL_out-of-scanner,2024.2.4,59.52901828888127,2025-05-09 11h08.48.227010 -0500,
18,0,18,space,2.8931718999519944,None,5,3.3656201995909214,None,88.31553129991516,j,0.3934078998863697,None,None,88.73201119992882,88.73236709972844,92.23086160002276,92.23090709978715,93.23103029979393,93.23106520017609,95.23010629974306,,,,,,,2,0,2,0,18,0,18,0,778.3056891001761,,,,,,,,,,,,,,,,,,,,,,,,,,,,,,88.31553129991516,778.2912761000916,778.3056891001761,778.3056891001761,778.3056891001761,778.3056891001761,778.7076678001322,j,0.3934078998863697,None,left,0,7,1,6,67,9,None,88.73201119992882,88.73236709972844,778.7081098002382,778.7225450002588,778.7225450002588,782.2220833003521,782.2220833003521,782.2065286003053,92.23086160002276,92.23090709978715,782.2163931000978,782.2220833003521,782.2220833003521,783.2067238003947,stimuli/box_empty_transparent.png,93.23103029979393,93.23106520017609,783.2068102001213,783.22179770004,785.2225397001021,785.2058042003773,95.23010629974306,783.22179770004,783.22179770004,,,,,,,,,,,,33333,right,no,None,2025-05-09_11h08.27.465,RL_out-of-scanner,2024.2.4,59.52901828888127,2025-05-09 11h08.48.227010 -0500,
19,0,19,space,2.8931718999519944,None,5,3.3656201995909214,None,95.23185979994014,k,0.2520801997743547,None,None,95.51455579977483,95.51487000007182,96.51402160013095,96.51405890006572,97.51269380003214,97.51273029996082,99.01337909977883,,,,,,,2,0,2,0,19,0,19,0,785.2225397001021,,,,,,,,,,,,,,,,,,,,,,,,,,,,,,95.23185979994014,785.2076109000482,785.2225397001021,785.2225397001021,785.2225397001021,785.2225397001021,785.4901066999882,k,0.2520801997743547,None,left,0,7,1,6,67,9,None,95.51455579977483,95.51487000007182,785.4906191001646,785.5057993000373,785.5057993000373,786.5054351999424,786.5054351999424,786.4897016002797,96.51402160013095,96.51405890006572,786.4985528001562,786.5054351999424,786.5054351999424,787.488386800047,stimuli/box_empty_transparent.png,97.51269380003214,97.51273029996082,787.488478500396,787.5041972999461,789.0055209002458,788.9890760001726,99.01337909977883,787.5041972999461,787.5041972999461,,,,,,,,,,,,33333,right,no,None,2025-05-09_11h08.27.465,RL_out-of-scanner,2024.2.4,59.52901828888127,2025-05-09 11h08.48.227010 -0500,
20,0,20,space,2.8931718999519944,None,5,3.3656201995909214,None,99.0151364998892,j,0.2863364997319877,None,None,99.33085809974,99.33119900012389,101.33038959978148,101.33042859984562,102.33009439986199,102.33012549998239,104.3301387000829,,,,,,,2,0,2,0,20,0,20,0,789.0055209002458,,,,,,,,,,,,,,,,,,,,,,,,,,,,,,99.0151364998892,788.9908869001083,789.0055209002458,789.0055209002458,789.0055209002458,789.0055209002458,789.306518400088,j,0.2863364997319877,None,left,1,7,2,6,68,10,None,99.33085809974,99.33119900012389,789.3069420000538,789.3222542000003,789.3222542000003,791.3216302003711,791.3216302003711,791.3060673000291,101.33038959978148,101.33042859984562,791.3159771002829,791.3216302003711,791.3216302003711,792.305791400373,stimuli/box_coin_transparent.png,102.33009439986199,102.33012549998239,792.3058658000082,792.3215466002002,794.322228200268,794.3058360000141,104.3301387000829,792.3215466002002,792.3215466002002,,,,,,,,,,,,33333,right,no,None,2025-05-09_11h08.27.465,RL_out-of-scanner,2024.2.4,59.52901828888127,2025-05-09 11h08.48.227010 -0500,
21,0,21,space,2.8931718999519944,None,5,3.3656201995909214,None,104.33197830012068,j,0.4615007000975311,None,None,104.81374870007858,104.81415130011737,107.81388799985871,107.81392520014197,108.81298490008339,108.81301470007747,110.31284569995478,,,,,,,2,0,2,0,21,0,21,0,794.322228200268,,,,,,,,,,,,,,,,,,,,,,,,,,,,,,104.33197830012068,794.3077295003459,794.322228200268,794.322228200268,794.322228200268,794.322228200268,794.7894085999578,j,0.4615007000975311,None,left,1,7,3,6,69,11,None,104.81374870007858,104.81415130011737,794.7898959000595,794.8049805001356,794.8049805001356,797.8048572000116,797.8048572000116,797.7895630002022,107.81388799985871,107.81392520014197,797.7995303999633,797.8048572000116,797.8048572000116,798.788682400249,stimuli/box_coin_transparent.png,108.81298490008339,108.81301470007747,798.7887548003346,798.803894800134,800.3048276002519,800.2885446003638,110.31284569995478,798.803894800134,798.803894800134,,,,,,,,,,,,33333,right,no,None,2025-05-09_11h08.27.465,RL_out-of-scanner,2024.2.4,59.52901828888127,2025-05-09 11h08.48.227010 -0500,
22,0,22,space,2.8931718999519944,None,5,3.3656201995909214,None,110.3143611997366,j,0.5013260999694467,None,None,110.84755779989064,110.84794310014695,112.34663419984281,112.34667189978063,113.3619818999432,113.36202109977603,115.36215829988942,,,,,,,2,0,2,0,22,0,22,0,800.3048276002519,,,,,,,,,,,,,,,,,,,,,,,,,,,,,,110.3143611997366,800.2901056003757,800.3048276002519,800.3048276002519,800.3048276002519,800.3048276002519,800.8232003003359,j,0.5013260999694467,None,left,0,7,3,6,70,11,None,110.84755779989064,110.84794310014695,800.8236915003508,800.8383667999879,800.8383667999879,802.3392747002654,802.3392747002654,802.3223151001148,112.34663419984281,112.34667189978063,802.3305792002939,802.3392747002654,802.3392747002654,803.3376708002761,stimuli/box_empty_transparent.png,113.3619818999432,113.36202109977603,803.3377739000134,803.3537711002864,805.354387700092,805.3378496002406,115.36215829988942,,,,,,,,,,,,,,33333,right,no,None,2025-05-09_11h08.27.465,RL_out-of-scanner,2024.2.4,59.52901828888127,2025-05-09 11h08.48.227010 -0500,
23,0,23,space,2.8931718999519944,None,5,3.3656201995909214,None,115.36402519978583,k,0.25432550022378564,None,None,115.64774239994586,115.64800789998844,117.14635889977217,117.1463963999413,118.16247199987993,118.16250899992883,119.66254060016945,,,,,,,2,0,2,0,23,0,23,0,805.354387700092,,,,,,,,,,,,,,,,,,,,,,,,,,,,,,115.36402519978583,805.3397762002423,805.354387700092,805.354387700092,805.354387700092,805.354387700092,805.6234023999423,k,0.25432550022378564,None,left,0,7,3,6,70,11,None,115.64774239994586,115.64800789998844,805.623750100378,805.6386103001423,805.6386103001423,807.1389663000591,807.1389663000591,807.1220384002663,117.14635889977217,117.1463963999413,807.130130500067,807.1389663000591,807.1389663000591,808.1381645002402,stimuli/box_empty_transparent.png,118.16247199987993,118.16250899992883,808.1382566001266,808.1546525000595,809.6548442002386,809.6382409003563,119.66254060016945,,,,,,,,,,,,,,33333,right,no,None,2025-05-09_11h08.27.465,RL_out-of-scanner,2024.2.4,59.52901828888127,2025-05-09 11h08.48.227010 -0500,
24,0,24,space,2.8931718999519944,None,5,3.3656201995909214,None,119.6641210000962,j,0.38450670009478927,None,None,120.08064799988642,120.08104699989781,122.0799957998097,122.0800327998586,123.07948279986158,123.07951309997588,124.59486569976434,,,,,,,2,0,2,0,24,0,24,0,809.6548442002386,,,,,,,,,,,,,,,,,,,,,,,,,,,,,,119.6641210000962,809.6398718999699,809.6548442002386,809.6548442002386,809.6548442002386,809.6548442002386,810.0562901003286,j,0.38450670009478927,None,left,1,7,4,6,71,12,None,120.08064799988642,120.08104699989781,810.0567960003391,810.0714064002968,810.0714064002968,812.071003000252,812.071003000252,812.0556767000817,122.0799957998097,122.0800327998586,812.0654806001112,812.071003000252,812.071003000252,813.0551799000241,stimuli/box_coin_transparent.png,123.07948279986158,123.07951309997588,813.0552533003502,813.0713055003434,814.5878816000186,814.5705627002753,124.59486569976434,813.0713055003434,813.0713055003434,,,,,,,,,,,,33333,right,no,None,2025-05-09_11h08.27.465,RL_out-of-scanner,2024.2.4,59.52901828888127,2025-05-09 11h08.48.227010 -0500,
25,0,25,space,2.8931718999519944,None,5,3.3656201995909214,None,124.59696919983253,j,0.34374949987977743,None,None,124.9628594997339,124.96326409978792,125.96412369981408,125.96416189987212,126.96183960000053,126.96187940007076,130.46267049992457,,,,,,,2,0,2,0,25,0,25,0,814.5878816000186,,,,,,,,,,,,,,,,,,,,,,,,,,,,,,124.59696919983253,814.5727236000821,814.5878816000186,814.5878816000186,814.5878816000186,814.5878816000186,814.9384845001623,j,0.34374949987977743,None,left,1,7,5,6,72,13,None,124.9628594997339,124.96326409978792,814.9390235003084,814.9538478003815,814.9538478003815,815.9544994002208,815.9544994002208,815.9398016999476,125.96412369981408,125.96416189987212,815.9495867001824,815.9544994002208,815.9544994002208,816.9375301003456,stimuli/box_coin_transparent.png,126.96183960000053,126.96187940007076,816.9376317001879,816.9532980001532,820.4550122004002,820.4383674999699,130.46267049992457,816.9532980001532,816.9532980001532,,,,,,,,,,,,33333,right,no,None,2025-05-09_11h08.27.465,RL_out-of-scanner,2024.2.4,59.52901828888127,2025-05-09 11h08.48.227010 -0500,
26,0,26,space,2.8931718999519944,None,5,3.3656201995909214,None,130.4642695998773,j,0.4453560998663306,None,None,130.93047459982336,130.930836699903,131.42960919998586,131.42965289996937,132.42837690003216,132.42841689987108,135.92921839980409,,,,,,,2,0,2,0,26,0,26,0,820.4550122004002,,,,,,,,,,,,,,,,,,,,,,,,,,,,,,130.4642695998773,820.4400139003992,820.4550122004002,820.4550122004002,820.4550122004002,820.4550122004002,820.9061254002154,j,0.4453560998663306,None,left,0,7,5,6,73,13,None,130.93047459982336,130.930836699903,820.9065812001936,820.921108300332,820.921108300332,821.42088040011,821.42088040011,821.4052773001604,131.42960919998586,131.42965289996937,821.4137397999875,821.42088040011,821.42088040011,822.404066900257,stimuli/box_empty_transparent.png,132.42837690003216,132.42841689987108,822.4041695003398,822.4198125000112,825.9203588999808,825.904916500207,135.92921839980409,822.4198125000112,822.4198125000112,,,,,,,,,,,,33333,right,no,None,2025-05-09_11h08.27.465,RL_out-of-scanner,2024.2.4,59.52901828888127,2025-05-09 11h08.48.227010 -0500,
27,0,27,space,2.8931718999519944,None,5,3.3656201995909214,None,135.93082189979032,k,0.32314629992470145,None,None,136.28032010002062,136.28063519997522,137.7789471000433,137.77898359997198,138.7944461000152,138.794480800163,139.79567559994757,,,,,,,2,0,2,0,27,0,27,0,825.9203588999808,,,,,,,,,,,,,,,,,,,,,,,,,,,,,,135.93082189979032,825.9065662999637,825.9203588999808,825.9203588999808,825.9203588999808,825.9203588999808,826.2559700999409,k,0.32314629992470145,None,left,0,7,5,6,73,13,None,136.28032010002062,136.28063519997522,826.2563905999996,826.2709109000862,826.2709109000862,827.7712656003423,827.7712656003423,827.7546284003183,137.7789471000433,137.77898359997198,827.7631936003454,827.7712656003423,827.7712656003423,828.77013610024,stimuli/box_empty_transparent.png,138.7944461000152,138.794480800163,828.7702283002436,828.786269900389,829.7876709001139,829.7713711000979,139.79567559994757,,,,,,,,,,,,,,33333,right,no,None,2025-05-09_11h08.27.465,RL_out-of-scanner,2024.2.4,59.52901828888127,2025-05-09 11h08.48.227010 -0500,
28,0,28,space,2.8931718999519944,None,5,3.3656201995909214,None,139.7971997000277,j,0.47376769967377186,None,None,140.29661539988592,140.2969856997952,141.2957978998311,141.2958376999013,142.29634509980679,142.2963752998039,145.7952519999817,,,,,,,2,0,2,0,28,0,28,0,829.7876709001139,,,,,,,,,,,,,,,,,,,,,,,,,,,,,,139.7971997000277,829.772944000084,829.7876709001139,829.7876709001139,829.7876709001139,829.7876709001139,830.2722749002278,j,0.47376769967377186,None,left,0,7,5,6,74,13,None,140.29661539988592,140.2969856997952,830.2727355002426,830.2878199000843,830.2878199000843,831.2871897001751,831.2871897001751,831.2714764000848,141.2957978998311,141.2958376999013,831.280670600012,831.2871897001751,831.2871897001751,832.2720421999693,stimuli/box_empty_transparent.png,142.29634509980679,142.2963752998039,832.2721159001812,832.2873423001729,835.7877946002409,835.7709512002766,145.7952519999817,832.2873423001729,832.2873423001729,,,,,,,,,,,,33333,right,no,None,2025-05-09_11h08.27.465,RL_out-of-scanner,2024.2.4,59.52901828888127,2025-05-09 11h08.48.227010 -0500,
29,0,29,space,2.8931718999519944,None,5,3.3656201995909214,None,145.79668639972806,k,0.3493080995976925,None,None,146.1637200000696,146.1639823000878,148.1623180997558,148.162356399931,149.16239459998906,149.16242800001055,150.17732350016013,,,,,,,2,0,2,0,29,0,29,0,835.7877946002409,,,,,,,,,,,,,,,,,,,,,,,,,,,,,,145.79668639972806,835.7724304003641,835.7877946002409,835.7877946002409,835.7877946002409,835.7877946002409,836.1393590001389,k,0.3493080995976925,None,left,0,7,5,6,74,13,None,146.1637200000696,146.1639823000878,836.1397238001227,836.1542599000968,836.1542599000968,838.1544536002912,838.1544536002912,838.137988100294,148.1623180997558,148.162356399931,838.1464311000891,838.1544536002912,838.1544536002912,839.1380903003737,stimuli/box_empty_transparent.png,149.16239459998906,149.16242800001055,839.1381719000638,839.1540741003118,840.1698622000404,840.1530214999802,150.17732350016013,839.1540741003118,839.1540741003118,,,,,,,,,,,,33333,right,no,None,2025-05-09_11h08.27.465,RL_out-of-scanner,2024.2.4,59.52901828888127,2025-05-09 11h08.48.227010 -0500,
30,0,30,space,2.8931718999519944,None,5,3.3656201995909214,None,150.17907019983977,j,0.3784929998219013,None,None,150.578589099925,150.57892830017954,151.57959959981963,151.5796374999918,152.5786477001384,152.5786788999103,153.57835309999064,,,,,,,2,0,2,0,30,0,30,0,840.1698622000404,,,,,,,,,,,,,,,,,,,,,,,,,,,,,,150.17907019983977,840.1548223001882,840.1698622000404,840.1698622000404,840.1698622000404,840.1698622000404,840.554247900378,j,0.3784929998219013,None,left,1,7,6,6,75,14,None,150.578589099925,150.57892830017954,840.5546779003926,840.5698820003308,840.5698820003308,841.5703547000885,841.5703547000885,841.5552769000642,151.57959959981963,151.5796374999918,841.5651263003238,841.5703547000885,841.5703547000885,842.5543450000696,stimuli/box_coin_transparent.png,152.5786477001384,152.5786788999103,842.5544195999391,842.5701601002365,843.5704860002734,843.5540537000634,153.57835309999064,842.5701601002365,842.5701601002365,,,,,,,,,,,,33333,right,no,None,2025-05-09_11h08.27.465,RL_out-of-scanner,2024.2.4,59.52901828888127,2025-05-09 11h08.48.227010 -0500,
31,0,31,space,2.8931718999519944,None,5,3.3656201995909214,None,153.5798534997739,j,0.4436231995932758,None,None,154.04580770013854,154.0461646001786,157.04594029998407,157.04597530001774,158.0451414999552,158.0451718000695,160.54476690012962,,,,,,,2,0,2,0,31,0,31,0,843.5704860002734,,,,,,,,,,,,,,,,,,,,,,,,,,,,,,153.5798534997739,843.5555978002958,843.5704860002734,843.5704860002734,843.5704860002734,843.5704860002734,844.0214665001258,j,0.4436231995932758,None,left,1,7,7,6,76,15,None,154.04580770013854,154.0461646001786,844.0219082999974,844.0372886001132,844.0372886001132,847.0366989001632,847.0366989001632,847.021621900145,157.04594029998407,157.04597530001774,847.0317124002613,847.0366989001632,847.0366989001632,848.0208390001208,stimuli/box_coin_transparent.png,158.0451414999552,158.0451718000695,848.0209115003236,848.0369100002572,850.5368332001381,850.5204560002312,160.54476690012962,848.0369100002572,848.0369100002572,,,,,,,,,,,,33333,right,no,None,2025-05-09_11h08.27.465,RL_out-of-scanner,2024.2.4,59.52901828888127,2025-05-09 11h08.48.227010 -0500,
32,0,32,space,2.8931718999519944,None,5,3.3656201995909214,None,160.54656000016257,j,0.48422310035675764,None,None,161.0623837998137,161.06277929991484,162.06076070014387,162.0608035000041,163.0612528999336,163.06128600006923,164.06176339974627,,,,,,,2,0,2,0,32,0,32,0,850.5368332001381,,,,,,,,,,,,,,,,,,,,,,,,,,,,,,160.54656000016257,850.5223107002676,850.5368332001381,850.5368332001381,850.5368332001381,850.5368332001381,851.03802560037,j,0.48422310035675764,None,right,1,13,0,7,76,15,None,161.0623837998137,161.06277929991484,851.0385282002389,851.0536364000291,851.0536364000291,852.0534088001586,852.0534088001586,852.036437400151,162.06076070014387,162.0608035000041,852.0461794999428,852.0534088001586,852.0534088001586,853.0369470999576,stimuli/box_empty_transparent.png,163.0612528999336,163.06128600006923,853.0370570002124,853.0528233000077,854.05368070025,854.0374639001675,164.06176339974627,,,,,,,,,,,,,,33333,right,no,None,2025-05-09_11h08.27.465,RL_out-of-scanner,2024.2.4,59.52901828888127,2025-05-09 11h08.48.227010 -0500,
33,0,33,space,2.8931718999519944,None,5,3.3656201995909214,None,164.0632568001747,k,0.5789286000654101,None,None,164.6622060998343,164.66246909974143,166.66191500006244,166.6619584998116,167.6606986001134,167.66073950007558,169.1615022001788,,,,,,,2,0,2,0,33,0,33,0,854.05368070025,,,,,,,,,,,,,,,,,,,,,,,,,,,,,,164.0632568001747,854.0390012999997,854.05368070025,854.05368070025,854.05368070025,854.05368070025,854.6378651000559,k,0.5789286000654101,None,right,1,13,1,7,77,16,None,164.6622060998343,164.66246909974143,854.6382109001279,854.6538015003316,854.6538015003316,856.653400100302,856.653400100302,856.6375875002705,166.66191500006244,166.6619584998116,856.6481356001459,856.653400100302,856.653400100302,857.6363886003383,stimuli/box_coin_transparent.png,167.6606986001134,167.66073950007558,857.6364951999858,857.6521591003984,859.1535624000244,859.1372016002424,169.1615022001788,857.6521591003984,857.6521591003984,,,,,,,,,,,,33333,right,no,None,2025-05-09_11h08.27.465,RL_out-of-scanner,2024.2.4,59.52901828888127,2025-05-09 11h08.48.227010 -0500,
34,0,34,space,2.8931718999519944,None,5,3.3656201995909214,None,169.1629778998904,k,0.4742070999927819,None,None,169.66139979986474,169.66166350012645,172.66153080016375,172.66156879998744,173.66046599997208,173.66050119977444,176.16109050018713,,,,,,,2,0,2,0,34,0,34,0,859.1535624000244,,,,,,,,,,,,,,,,,,,,,,,,,,,,,,169.1629778998904,859.1387221002951,859.1535624000244,859.1535624000244,859.1535624000244,859.1535624000244,859.6370618999936,k,0.4742070999927819,None,right,0,13,1,7,78,16,None,169.66139979986474,169.66166350012645,859.6374061000533,859.6526637002826,859.6526637002826,862.653007300105,862.653007300105,862.6372096003033,172.66153080016375,172.66156879998744,862.6456192000769,862.653007300105,862.653007300105,863.6361601003446,stimuli/box_empty_transparent.png,173.66046599997208,173.66050119977444,863.6362486002035,863.6519417003728,866.1531350002624,866.1367906001396,176.16109050018713,863.6519417003728,863.6519417003728,,,,,,,,,,,,33333,right,no,None,2025-05-09_11h08.27.465,RL_out-of-scanner,2024.2.4,59.52901828888127,2025-05-09 11h08.48.227010 -0500,
35,0,35,space,2.8931718999519944,None,5,3.3656201995909214,None,176.16256750002503,j,0.4354627002030611,None,None,176.6287175999023,176.62904330017045,178.12754749972373,178.1275943000801,179.12791519984603,179.1279456000775,180.1264347997494,,,,,,,2,0,2,0,35,0,35,0,866.1531350002624,,,,,,,,,,,,,,,,,,,,,,,,,,,,,,176.16256750002503,866.1383119001985,866.1531350002624,866.1531350002624,866.1531350002624,866.1531350002624,866.6043763002381,j,0.4354627002030611,None,right,0,13,1,7,78,16,None,176.6287175999023,176.62904330017045,866.6047859000973,866.620003100019,866.620003100019,868.1195109002292,868.1195109002292,868.1032173000276,178.12754749972373,178.1275943000801,868.1124638002366,868.1195109002292,868.1195109002292,869.103612200357,stimuli/box_empty_transparent.png,179.12791519984603,179.1279456000775,869.1036860002205,869.1190317003056,870.1189322001301,870.1021330002695,180.1264347997494,869.1190317003056,869.1190317003056,,,,,,,,,,,,33333,right,no,None,2025-05-09_11h08.27.465,RL_out-of-scanner,2024.2.4,59.52901828888127,2025-05-09 11h08.48.227010 -0500,
36,0,36,space,2.8931718999519944,None,5,3.3656201995909214,None,180.12815270014107,k,0.40294479997828603,None,None,180.5610986999236,180.5613841000013,182.06139170005918,182.06142830010504,183.061683899723,183.06171469995752,186.56028289999813,,,,,,,2,0,2,0,36,0,36,0,870.1189322001301,,,,,,,,,,,,,,,,,,,,,,,,,,,,,,180.12815270014107,870.1039059003815,870.1189322001301,870.1189322001301,870.1189322001301,870.1189322001301,870.5367372999899,k,0.40294479997828603,None,right,1,13,2,7,79,17,None,180.5610986999236,180.5613841000013,870.5371326003224,870.5528874001466,870.5528874001466,872.0525941001251,872.0525941001251,872.0370733002201,182.06139170005918,182.06142830010504,872.0472717001103,872.0525941001251,872.0525941001251,873.0373815000057,stimuli/box_coin_transparent.png,183.061683899723,183.06171469995752,873.0374544002116,873.052786400076,876.552315399982,876.5359816001728,186.56028289999813,873.052786400076,873.052786400076,,,,,,,,,,,,33333,right,no,None,2025-05-09_11h08.27.465,RL_out-of-scanner,2024.2.4,59.52901828888127,2025-05-09 11h08.48.227010 -0500,
37,0,37,space,2.8931718999519944,None,5,3.3656201995909214,None,186.56185929989442,j,0.6791689000092447,None,None,187.26183710014448,187.26223490014672,189.26095609972253,189.26100949989632,190.26124709984288,190.26127799972892,191.27768119983375,,,,,,,2,0,2,0,37,0,37,0,876.552315399982,,,,,,,,,,,,,,,,,,,,,,,,,,,,,,186.56185929989442,876.5376182999462,876.552315399982,876.552315399982,876.552315399982,876.552315399982,877.2374798003584,j,0.6791689000092447,None,right,1,13,2,7,79,17,None,187.26183710014448,187.26223490014672,877.2379839001223,877.2525582001545,877.2525582001545,879.2524692001753,879.2524692001753,879.2366196000949,189.26095609972253,189.26100949989632,879.2450195001438,879.2524692001753,879.2524692001753,880.2369440002367,stimuli/box_empty_transparent.png,190.26124709984288,190.26127799972892,880.2370184999891,880.2534467000514,881.2691554003395,881.2533795000054,191.27768119983375,880.2534467000514,880.2534467000514,,,,,,,,,,,,33333,right,no,None,2025-05-09_11h08.27.465,RL_out-of-scanner,2024.2.4,59.52901828888127,2025-05-09 11h08.48.227010 -0500,
38,0,38,space,2.8931718999519944,None,5,3.3656201995909214,None,191.27925169980153,k,0.4014352997764945,None,None,191.71072799991816,191.7110198000446,192.71047489997,192.7105119000189,193.71097620017827,193.71101199975237,195.21049949992448,,,,,,,2,0,2,0,38,0,38,0,881.2691554003395,,,,,,,,,,,,,,,,,,,,,,,,,,,,,,191.27925169980153,881.2549959002063,881.2691554003395,881.2691554003395,881.2691554003395,881.2691554003395,881.6863735001534,k,0.4014352997764945,None,right,1,13,3,7,80,18,None,191.71072799991816,191.7110198000446,881.6867831000127,881.7019585003145,881.7019585003145,882.7027215999551,882.7027215999551,882.6861555003561,192.71047489997,192.7105119000189,882.6966127003543,882.7027215999551,882.7027215999551,883.6866700001992,stimuli/box_coin_transparent.png,193.71097620017827,193.71101199975237,883.6867571002804,883.7023619003594,885.2024643002078,885.1861988999881,195.21049949992448,883.7023619003594,883.7023619003594,,,,,,,,,,,,33333,right,no,None,2025-05-09_11h08.27.465,RL_out-of-scanner,2024.2.4,59.52901828888127,2025-05-09 11h08.48.227010 -0500,
39,0,39,space,2.8931718999519944,None,5,3.3656201995909214,None,195.21204659994692,k,0.272594400215894,None,None,195.5119356997311,195.51219879975542,196.51091049984097,196.51094779977575,197.50966850016266,197.5097023001872,198.5103830997832,,,,,,,2,0,2,0,39,0,39,0,885.2024643002078,,,,,,,,,,,,,,,,,,,,,,,,,,,,,,195.21204659994692,885.1877920003608,885.2024643002078,885.2024643002078,885.2024643002078,885.2024643002078,885.4875950999558,k,0.272594400215894,None,right,1,13,4,7,81,19,None,195.5119356997311,195.51219879975542,885.487940300256,885.5023822002113,885.5023822002113,886.5022233002819,886.5022233002819,886.4865875001997,196.51091049984097,196.51094779977575,886.4965240000747,886.5022233002819,886.5022233002819,887.4853624999523,stimuli/box_coin_transparent.png,197.50966850016266,197.5097023001872,887.4854489001445,887.5012138001621,888.5022505000234,888.4860849003308,198.5103830997832,887.5012138001621,887.5012138001621,,,,,,,,,,,,33333,right,no,None,2025-05-09_11h08.27.465,RL_out-of-scanner,2024.2.4,59.52901828888127,2025-05-09 11h08.48.227010 -0500,
40,0,40,space,2.8931718999519944,None,5,3.3656201995909214,None,198.51269039977342,k,0.5146808000281453,None,None,199.04466750007123,199.04494079994038,200.54437519982457,200.54442120017484,201.54407449997962,201.54410990001634,202.54409429989755,,,,,,,2,0,2,0,40,0,40,0,888.5022505000234,,,,,,,,,,,,,,,,,,,,,,,,,,,,,,198.51269039977342,888.4884353000671,888.5022505000234,888.5022505000234,888.5022505000234,888.5022505000234,889.0203261999413,k,0.5146808000281453,None,right,1,13,5,7,82,20,None,199.04466750007123,199.04494079994038,889.020694500301,889.0368213001639,889.0368213001639,890.5357304001227,890.5357304001227,890.5200445000082,200.54437519982457,200.54442120017484,890.5304453000426,890.5357304001227,890.5357304001227,891.519767800346,stimuli/box_coin_transparent.png,201.54407449997962,201.54410990001634,891.519855200313,891.535469900351,892.5362954000011,892.5197916002944,202.54409429989755,891.535469900351,891.535469900351,,,,,,,,,,,,33333,right,no,None,2025-05-09_11h08.27.465,RL_out-of-scanner,2024.2.4,59.52901828888127,2025-05-09 11h08.48.227010 -0500,
41,0,41,space,2.8931718999519944,None,5,3.3656201995909214,None,202.54558519972488,k,0.368276699911803,None,None,202.9450781000778,202.9453630000353,203.9429428000003,203.94297870015725,204.94342599995434,204.94345790008083,207.9431424997747,,,,,,,2,0,2,0,41,0,41,0,892.5362954000011,,,,,,,,,,,,,,,,,,,,,,,,,,,,,,202.54558519972488,892.5213293000124,892.5362954000011,892.5362954000011,892.5362954000011,892.5362954000011,892.9207201004028,k,0.368276699911803,None,right,1,13,6,7,83,21,None,202.9450781000778,202.9453630000353,892.9211061000824,892.935652400367,892.935652400367,893.9364698003046,893.9364698003046,893.9186237002723,203.9429428000003,203.94297870015725,893.9306466002017,893.9364698003046,893.9364698003046,894.9191201003268,stimuli/box_coin_transparent.png,204.94342599995434,204.94345790008083,894.919201800134,894.9352597999386,897.9358813003637,897.9188403999433,207.9431424997747,,,,,,,,,,,,,,33333,right,no,None,2025-05-09_11h08.27.465,RL_out-of-scanner,2024.2.4,59.52901828888127,2025-05-09 11h08.48.227010 -0500,
42,0,42,space,2.8931718999519944,None,5,3.3656201995909214,None,207.94489970011637,k,0.4514399003237486,None,None,208.4283046000637,208.42862189980224,210.46229379996657,210.4623269997537,211.46561709977686,211.46565560018644,214.96437769988552,,,,,,,2,0,2,0,42,0,42,0,897.9358813003637,,,,,,,,,,,,,,,,,,,,,,,,,,,,,,207.94489970011637,897.9206504002213,897.9358813003637,897.9358813003637,897.9358813003637,897.9358813003637,898.4039483000524,k,0.4514399003237486,None,right,1,13,7,7,84,22,None,208.4283046000637,208.42862189980224,898.4043700001203,898.4193008001894,898.4193008001894,900.4525192002766,900.4525192002766,900.4379723002203,210.46229379996657,210.4623269997537,900.4476544000208,900.4525192002766,900.4525192002766,901.4413022003137,stimuli/box_coin_transparent.png,211.46561709977686,211.46565560018644,901.4414546000771,901.4571021003649,904.9580169999972,904.9400765001774,214.96437769988552,,,,,,,,,,,,,,33333,right,no,None,2025-05-09_11h08.27.465,RL_out-of-scanner,2024.2.4,59.52901828888127,2025-05-09 11h08.48.227010 -0500,
43,0,43,space,2.8931718999519944,None,5,3.3656201995909214,None,214.96619710000232,k,0.5077434000559151,None,None,215.4984296998009,215.4986751000397,216.4985496001318,216.4985877997242,217.49838860007003,217.49841949995607,219.4982591997832,,,,,,,2,0,2,0,43,0,43,0,904.9580169999972,,,,,,,,,,,,,,,,,,,,,,,,,,,,,,214.96619710000232,904.9419506001286,904.9580169999972,904.9580169999972,904.9580169999972,904.9580169999972,905.4740790999494,k,0.5077434000559151,None,right,1,13,8,7,85,23,None,215.4984296998009,215.4986751000397,905.4744171001948,905.4896295000799,905.4896295000799,906.4900541999377,906.4900541999377,906.4742140001617,216.4985496001318,216.4985877997242,906.4843182000332,906.4900541999377,906.4900541999377,907.4740860001184,stimuli/box_coin_transparent.png,217.49838860007003,217.49841949995607,907.4741597003303,907.490293700248,909.4904932002537,909.4739565001801,219.4982591997832,907.490293700248,907.490293700248,,,,,,,,,,,,33333,right,no,None,2025-05-09_11h08.27.465,RL_out-of-scanner,2024.2.4,59.52901828888127,2025-05-09 11h08.48.227010 -0500,
44,0,44,space,2.8931718999519944,None,5,3.3656201995909214,None,219.50004489999264,k,0.29937459994107485,None,None,219.816511800047,219.81677260017022,222.31557059986517,222.3156193997711,223.3145774998702,223.31460819998756,225.31463229982182,,,,,,,2,0,2,0,44,0,44,0,909.4904932002537,,,,,,,,,,,,,,,,,,,,,,,,,,,,,,219.50004489999264,909.4757896000519,909.4904932002537,909.4904932002537,909.4904932002537,909.4904932002537,909.7921720002778,k,0.29937459994107485,None,right,1,13,9,7,86,24,None,219.816511800047,219.81677260017022,909.7925150003284,909.8069528001361,909.8069528001361,912.3069802001119,912.3069802001119,912.2912402004004,222.31557059986517,222.3156193997711,912.3014043001458,912.3069802001119,912.3069802001119,913.290272500366,stimuli/box_coin_transparent.png,223.3145774998702,223.31460819998756,913.2903477000073,913.3066217000596,915.3068421999924,915.290332000237,225.31463229982182,913.3066217000596,913.3066217000596,,,,,,,,,,,,33333,right,no,None,2025-05-09_11h08.27.465,RL_out-of-scanner,2024.2.4,59.52901828888127,2025-05-09 11h08.48.227010 -0500,
45,0,45,space,2.8931718999519944,None,5,3.3656201995909214,None,225.31612240010872,k,0.3731148997321725,None,None,225.7156242998317,225.71588709997013,226.71510240016505,226.71514059975743,227.7141049001366,227.7141403001733,228.71437350008637,,,,,,,2,0,2,0,45,0,45,0,915.3068421999924,,,,,,,,,,,,,,,,,,,,,,,,,,,,,,225.31612240010872,915.2918668002822,915.3068421999924,915.3068421999924,915.3068421999924,915.3068421999924,915.6912767002359,k,0.3731148997321725,None,right,0,13,9,7,87,24,None,225.7156242998317,225.71588709997013,915.6916294000112,915.707220100332,915.707220100332,916.7067244001664,916.7067244001664,916.6907802000642,226.71510240016505,226.71514059975743,916.6991871003993,916.7067244001664,916.7067244001664,917.6897999001667,stimuli/box_empty_transparent.png,227.7141049001366,227.7141403001733,917.6898876000196,917.7054386003874,918.7070405003615,918.6900756000541,228.71437350008637,917.7054386003874,917.7054386003874,,,,,,,,,,,,33333,right,no,None,2025-05-09_11h08.27.465,RL_out-of-scanner,2024.2.4,59.52901828888127,2025-05-09 11h08.48.227010 -0500,
46,0,46,space,2.8931718999519944,None,5,3.3656201995909214,None,228.71587970014662,j,0.44001200003549457,None,None,229.1825635000132,229.18295329995453,231.18229170003906,231.18233019998297,232.18181490013376,232.1818451997824,233.17990949982777,,,,,,,2,0,2,0,46,0,46,0,918.7070405003615,,,,,,,,,,,,,,,,,,,,,,,,,,,,,,228.71587970014662,918.6916245999746,918.7070405003615,918.7070405003615,918.7070405003615,918.7070405003615,919.1582236001268,j,0.44001200003549457,None,right,0,13,9,7,87,24,None,229.1825635000132,229.18295329995453,919.158698100131,919.1745817000046,919.1745817000046,921.172788800206,921.172788800206,921.1579726999626,231.18229170003906,231.18233019998297,921.16644190019,921.172788800206,921.172788800206,922.1575134000741,stimuli/box_empty_transparent.png,232.18181490013376,232.1818451997824,922.1575855002739,922.1727928002365,923.1725424001925,923.1556106000207,233.17990949982777,922.1727928002365,922.1727928002365,,,,,,,,,,,,33333,right,no,None,2025-05-09_11h08.27.465,RL_out-of-scanner,2024.2.4,59.52901828888127,2025-05-09 11h08.48.227010 -0500,
47,0,47,space,2.8931718999519944,None,5,3.3656201995909214,None,233.1814143997617,k,0.30200379993766546,None,None,233.51457520015538,233.51486259978265,236.51458689989522,236.5146233998239,237.51477710017934,237.51481569977477,239.01399420015514,,,,,,,2,0,2,0,47,0,47,0,923.1725424001925,,,,,,,,,,,,,,,,,,,,,,,,,,,,,,233.1814143997617,923.1571606001817,923.1725424001925,923.1725424001925,923.1725424001925,923.1725424001925,923.4902182002552,k,0.30200379993766546,None,right,0,13,9,7,88,24,None,233.51457520015538,233.51486259978265,923.4906108002178,923.5057646003552,923.5057646003552,926.5089647001587,926.5089647001587,926.4902672003955,236.51458689989522,236.5146233998239,926.4987373002805,926.5089647001587,926.5089647001587,927.4904566002078,stimuli/box_empty_transparent.png,237.51477710017934,237.51481569977477,927.4905636003241,927.506244700402,929.0054953000508,928.9896958000027,239.01399420015514,,,,,,,,,,,,,,33333,right,no,None,2025-05-09_11h08.27.465,RL_out-of-scanner,2024.2.4,59.52901828888127,2025-05-09 11h08.48.227010 -0500,
48,0,48,space,2.8931718999519944,None,5,3.3656201995909214,None,239.01547789992765,j,0.3142967000603676,None,None,239.34784920001402,239.34828059980646,240.84806279977784,240.8481001998298,241.86364009976387,241.86367340013385,245.3629605998285,,,,,,,2,0,2,0,48,0,48,0,929.0054953000508,,,,,,,,,,,,,,,,,,,,,,,,,,,,,,239.01547789992765,928.9912240002304,929.0054953000508,929.0054953000508,929.0054953000508,929.0054953000508,929.3234785003588,j,0.3142967000603676,None,right,0,13,9,7,88,24,None,239.34784920001402,239.34828059980646,929.3240390000865,929.3389868000522,929.3389868000522,930.8406160003506,930.8406160003506,930.8237417000346,240.84806279977784,240.8481001998298,930.8320065001026,930.8406160003506,930.8406160003506,931.8393335002474,stimuli/box_empty_transparent.png,241.86364009976387,241.86367340013385,931.8394364002161,931.8552019000053,935.3562153000385,935.3386607002467,245.3629605998285,,,,,,,,,,,,,,33333,right,no,None,2025-05-09_11h08.27.465,RL_out-of-scanner,2024.2.4,59.52901828888127,2025-05-09 11h08.48.227010 -0500,
49,0,49,space,2.8931718999519944,None,5,3.3656201995909214,None,245.36438160017133,k,0.2974021998234093,None,None,245.68133080005646,245.68169770017266,247.18004280002788,247.18007870018482,248.1808426999487,248.18088180013,248.18149269977584,,,,,,,2,0,2,0,49,0,49,0,935.3562153000385,,,,,,,,,,,,,,,,,,,,,,,,,,,,,,245.36438160017133,935.3401258001104,935.3562153000385,935.3562153000385,935.3562153000385,935.3562153000385,935.6569749000482,k,0.2974021998234093,None,right,1,13,10,7,89,25,None,245.68133080005646,245.68169770017266,935.6574493004009,935.6729040001519,935.6729040001519,937.1726615000516,937.1726615000516,937.1557235000655,247.18004280002788,247.18007870018482,937.1657438003458,937.1726615000516,937.1726615000516,938.1565229999833,stimuli/box_coin_transparent.png,248.1808426999487,248.18088180013,938.1566297002137,938.1799543001689,938.1799543001689,938.1571955000982,248.18149269977584,,,,,,,,,,,,,,33333,right,no,None,2025-05-09_11h08.27.465,RL_out-of-scanner,2024.2.4,59.52901828888127,2025-05-09 11h08.48.227010 -0500,
2,0,2,space,2.8931718999519944,None,5,3.3656201995909214,None,,,,,,,,,,,,,,,,,,,2,0,2,0,,,,,,,,,,,,,,,,,,,,,,,,,,,,,,,,,,,,,,,,,,,,,,,,,,,,,,,,,,,,,,,,,,,,,,,,,,,,,,,938.1755757001229,938.1799543001689,942.1727130999789,942.1727923001163,942.189069900196,993.5039520999417,993.4879288002849,,,33333,right,no,None,2025-05-09_11h08.27.465,RL_out-of-scanner,2024.2.4,59.52901828888127,2025-05-09 11h08.48.227010 -0500,
,,,,,,,,,,,,,,,,,,,,,,,,,,,,,,,,,,,,,,,,,,,,,,,,,,,,,,,,,,,,,,,,,,,,,,,,,,,,,,,,,,,,,,,,,,,,,,,,,,,,,,,,,,,,,,,,,,,,993.4880373999476,993.4883212000132,33333,right,no,None,2025-05-09_11h08.27.465,RL_out-of-scanner,2024.2.4,59.52901828888127,2025-05-09 11h08.48.227010 -0500,
