thisN,thisTrialN,thisRepN,advance_press.keys,advance_press.rt,advance_press.duration,trigger_value.keys,trigger_value.rt,trigger_value.duration,cueOnTime,cue_resp.keys,cue_resp.rt,cue_resp.duration,all_keys.keys,cueOffTime,cueRespOnTime,cueRespOffTime,outcomeOnTime,outcomeOffTime,fixOnTime,fixOffTime,all_keys.rt,all_keys.duration,practice_loop.thisRepN,practice_loop.thisTrialN,practice_loop.thisN,practice_loop.thisIndex,runs.thisRepN,runs.thisTrialN,runs.thisN,runs.thisIndex,trials.thisRepN,trials.thisTrialN,trials.thisN,trials.thisIndex,thisRow.t,notes,prac_dir.started,welcome_text.started,advance_press_pd.started,prac_dir.stopped,advance_press_pd.keys,advance_press_pd.rt,advance_press_pd.duration,summary_instructions.started,summary_text.started,advance_to_runs.started,summary_instructions.stopped,advance_to_runs.keys,advance_to_runs.rt,advance_to_runs.duration,get_ready.started,get_ready_text.started,advance_press.started,get_ready.stopped,runs.advance_press.keys,runs.advance_press.rt,runs.advance_press.duration,scanner_trigger.started,scanner_text.started,trigger_value.started,scanner_trigger.stopped,runs.trigger_value.keys,runs.trigger_value.rt,runs.trigger_value.duration,trials.cueOnTime,cue.started,left_box.started,right_box.started,cue_resp.started,all_keys.started,cue.stopped,trials.cue_resp.keys,trials.cue_resp.rt,trials.cue_resp.duration,good_side,probability_sequence_value,magic_number,num_rewarded,num_switch,total_correct,num_gold_coins,trials.all_keys.keys,trials.cueOffTime,trials.cueRespOnTime,cue_response.started,left_box_response.started,right_box_response.started,left_box_response.stopped,right_box_response.stopped,cue_response.stopped,trials.cueRespOffTime,trials.outcomeOnTime,outcome.started,outcome_left_box.started,outcome_right_box.started,outcome_left_box.stopped,outcome_right_box.stopped,outcome.stopped,outcome_image,trials.outcomeOffTime,trials.fixOnTime,fixation.started,fixation_cross.started,fixation_cross.stopped,fixation.stopped,trials.fixOffTime,trials.all_keys.rt,trials.all_keys.duration,run_feedback.started,coins_won_text.started,run_feedback.stopped,leftover_time_break.started,fixation_end.started,fixation_end.stopped,leftover_time_break.stopped,coins_won_text.stopped,end_exp.started,end_exp.stopped,participant,handedness,practice,restart_from_run,date,expName,psychopyVersion,frameRate,expStart
,,,,,,,,,,,,,,,,,,,,,,,,,,,,,,,,,,,,,0.0372482,0.0438527,0.0438527,9.196049800142646,j,9.137124199885875,None,,,,,,,,,,,,,,,,,,,,,,,,,,,,,,,,,,,,,,,,,,,,,,,,,,,,,,,,,,,,,,,,,,,,,,,,,,,,111111,right,no,None,2025-04-28_11h23.10.824,RL_out-of-scanner,2024.2.4,59.53763075980678,2025-04-28 11h23.35.571925 -0500
,,,,,,,,,,,,,,,,,,,,,,,,,,,,,,,,,,,,,,,,,,,,9.1963272,9.205493000335991,9.205493000335991,10.974720600061119,j,1.7524429000914097,None,,,,,,,,,,,,,,,,,,,,,,,,,,,,,,,,,,,,,,,,,,,,,,,,,,,,,,,,,,,,,,,,,,,,,111111,right,no,None,2025-04-28_11h23.10.824,RL_out-of-scanner,2024.2.4,59.53763075980678,2025-04-28 11h23.35.571925 -0500
0,0,0,space,2.5132015999406576,None,5,1.2503874995745718,None,0.002193,j,1.0147151001729071,None,None,1.0325575000606477,1.0328748002648354,2.033062499947846,2.0331071000546217,3.032825100235641,3.0328655000776052,5.033203599974513,,,,,,,0,0,0,0,0,0,0,0,14.806988399941474,,,,,,,,,,,,,,,,10.975081200245768,10.989691300317645,10.989691300317645,13.506817399989814,space,2.5132015999406576,None,13.506938599981368,13.523540600202978,13.523540600202978,14.790762499906123,5,1.2503874995745718,None,0.002193,14.793031100183725,14.806988399941474,14.806988399941474,14.806988399941474,14.806988399941474,15.823298499919474,j,1.0147151001729071,None,right,1,9,0,0,0,0,None,1.0325575000606477,1.0328748002648354,15.82371210027486,15.839112299960107,15.839112299960107,16.84030000027269,16.84030000027269,16.823827700223774,2.033062499947846,2.0331071000546217,16.833339400123805,16.84030000027269,16.84030000027269,17.839819699991494,17.839819699991494,17.823613400105387,stimuli/box_empty_transparent.png,3.032825100235641,3.0328655000776052,17.823701200075448,17.839819699991494,19.839394700247794,19.82399220019579,5.033203599974513,,,,,,,,,,,,,111111,right,no,None,2025-04-28_11h23.10.824,RL_out-of-scanner,2024.2.4,59.53763075980678,2025-04-28 11h23.35.571925 -0500
1,0,1,space,2.5132015999406576,None,5,1.2503874995745718,None,5.0350243002176285,j,0.27234110003337264,None,None,5.3341603,5.334488400258124,6.849045900162309,6.849100300110877,7.8495669001713395,7.849600200075656,9.350160600151867,,,,,,,0,0,0,0,1,0,1,0,19.839394700247794,,,,,,,,,,,,,,,,,,,,,,,,,,,,,,5.0350243002176285,19.825868099927902,19.839394700247794,19.839394700247794,19.839394700247794,19.839394700247794,20.124907799996436,j,0.27234110003337264,None,right,1,9,0,0,0,0,None,5.3341603,5.334488400258124,20.12532400013879,20.14002040028572,20.14002040028572,21.656963400077075,21.656963400077075,21.63980170013383,6.849045900162309,6.849100300110877,21.65057250019163,21.656963400077075,21.656963400077075,22.655765700154006,22.655765700154006,22.640357099939138,stimuli/box_empty_transparent.png,7.8495669001713395,7.849600200075656,22.6404336,22.655765700154006,24.15705780033022,24.14095010003075,9.350160600151867,,,,,,,,,,,,,111111,right,no,None,2025-04-28_11h23.10.824,RL_out-of-scanner,2024.2.4,59.53763075980678,2025-04-28 11h23.35.571925 -0500
2,0,2,space,2.5132015999406576,None,5,1.2503874995745718,None,9.351658900268376,k,0.3688754001632333,None,None,9.750847100280225,9.751124800182879,10.749755000229925,10.749794800300151,11.764645100105554,11.764694900251925,14.76591970026493,,,,,,,0,0,0,0,2,0,2,0,24.15705780033022,,,,,,,,,,,,,,,,,,,,,,,,,,,,,,9.351658900268376,24.142496600281447,24.15705780033022,24.15705780033022,24.15705780033022,24.15705780033022,24.54159600008279,k,0.3688754001632333,None,right,1,9,1,0,1,1,None,9.750847100280225,9.751124800182879,24.541960600297898,24.55715460004285,24.55715460004285,25.556887000333518,25.556887000333518,25.540525800082833,10.749755000229925,10.749794800300151,25.550544099882245,25.556887000333518,25.556887000333518,,,26.555422900244594,stimuli/box_coin_transparent.png,11.764645100105554,11.764694900251925,26.55554910004139,26.57148430030793,29.5729639,29.556708900257945,14.76591970026493,,,,,,,,,,,,,111111,right,no,None,2025-04-28_11h23.10.824,RL_out-of-scanner,2024.2.4,59.53763075980678,2025-04-28 11h23.35.571925 -0500
3,0,3,space,2.5132015999406576,None,5,1.2503874995745718,None,14.767490300349891,k,0.3910312997177243,None,None,15.18361259996891,15.183948600199074,17.18270910019055,17.18274960014969,18.181212400086224,18.18125220015645,19.18111150013283,,,,,,,0,0,0,0,3,0,3,0,29.5729639,,,,,,,,,,,,,,,,,,,,,,,,,,,,,,14.767490300349891,29.558328200131655,29.5729639,29.5729639,29.5729639,29.5729639,29.974343200214207,k,0.3910312997177243,None,right,0,9,1,0,2,1,None,15.18361259996891,15.183948600199074,29.974790200125426,29.989390600007027,29.989390600007027,31.98896689992398,31.98896689992398,31.973478900268674,17.18270910019055,17.18274960014969,31.981827599927783,31.98896689992398,31.98896689992398,32.98793280031532,32.98793280031532,32.97199900029227,stimuli/box_empty_transparent.png,18.181212400086224,18.18125220015645,32.97209200030193,32.98793280031532,33.98860580008477,33.97190480027348,19.18111150013283,,,,,,,,,,,,,111111,right,no,None,2025-04-28_11h23.10.824,RL_out-of-scanner,2024.2.4,59.53763075980678,2025-04-28 11h23.35.571925 -0500
4,0,4,space,2.5132015999406576,None,5,1.2503874995745718,None,19.18264460004866,k,0.4635024997405708,None,None,19.666910800151527,19.66723920032382,20.682580100372434,20.68261960009113,21.682567700278014,21.682608,24.180862999986857,,,,,,,0,0,0,0,4,0,4,0,33.98860580008477,,,,,,,,,,,,,,,,,,,,,,,,,,,,,,19.18264460004866,33.973486199975014,33.98860580008477,33.98860580008477,33.98860580008477,33.98860580008477,34.45764170028269,k,0.4635024997405708,None,right,1,9,2,0,3,2,None,19.666910800151527,19.66723920032382,34.458081000018865,34.47307150019333,34.47307150019333,35.48972100019455,35.48972100019455,35.473349700216204,20.682580100372434,20.68261960009113,35.483474700246006,35.48972100019455,35.48972100019455,36.48813860025257,36.48813860025257,36.47335240012035,stimuli/box_coin_transparent.png,21.682567700278014,21.682608,36.47345030028373,36.48813860025257,38.988274100236595,38.97165569989011,24.180862999986857,,,,,,,,,,,,,111111,right,no,None,2025-04-28_11h23.10.824,RL_out-of-scanner,2024.2.4,59.53763075980678,2025-04-28 11h23.35.571925 -0500
5,0,5,space,2.5132015999406576,None,5,1.2503874995745718,None,24.183184700086713,k,0.34232169995084405,None,None,24.54882650030777,24.549226600211114,28.049244299996644,28.049283900298178,29.049571900162846,29.04962160019204,31.06403490016237,,,,,,,0,0,0,0,5,0,5,0,38.988274100236595,,,,,,,,,,,,,,,,,,,,,,,,,,,,,,24.183184700086713,38.97403920022771,38.988274100236595,38.988274100236595,38.988274100236595,38.988274100236595,39.33954429998994,k,0.34232169995084405,None,right,0,9,2,0,4,2,None,24.54882650030777,24.549226600211114,39.34009509999305,39.35479230014607,39.35479230014607,42.85614310018718,42.85614310018718,42.84001460019499,28.049244299996644,28.049283900298178,42.848161600064486,42.85614310018718,42.85614310018718,,,43.84034950006753,stimuli/box_empty_transparent.png,29.049571900162846,29.04962160019204,43.84047590009868,43.85566999996081,45.87171939993277,45.854824900161475,31.06403490016237,,,,,,,,,,,,,111111,right,no,None,2025-04-28_11h23.10.824,RL_out-of-scanner,2024.2.4,59.53763075980678,2025-04-28 11h23.35.571925 -0500
6,0,6,space,2.5132015999406576,None,5,1.2503874995745718,None,31.065827900078148,k,0.25527380034327507,None,None,31.350479200016707,31.35077719995752,32.34940139995888,32.34944000001997,33.34904300002381,33.3490787,34.34839290007949,,,,,,,0,0,0,0,6,0,6,0,45.87171939993277,,,,,,,,,,,,,,,,,,,,,,,,,,,,,,31.065827900078148,45.856678400188684,45.87171939993277,45.87171939993277,45.87171939993277,45.87171939993277,46.14119759993628,k,0.25527380034327507,None,right,1,9,3,0,5,3,None,31.350479200016707,31.35077719995752,46.14161360030994,46.1558526,46.1558526,47.156617800239474,47.156617800239474,47.14017380028963,32.34940139995888,32.34944000001997,47.15029670018703,47.156617800239474,47.156617800239474,48.156199200078845,48.156199200078845,48.139832000248134,stimuli/box_coin_transparent.png,33.34904300002381,33.3490787,48.13991430029273,48.156199200078845,49.15657390002161,49.13918479997665,34.34839290007949,,,,,,,,,,,,,111111,right,no,None,2025-04-28_11h23.10.824,RL_out-of-scanner,2024.2.4,59.53763075980678,2025-04-28 11h23.35.571925 -0500
7,0,7,space,2.5132015999406576,None,5,1.2503874995745718,None,34.350052000023425,k,0.9516826998442411,None,None,35.333501799963415,35.33383040037006,37.33203410031274,37.332072500139475,38.332205899991095,38.33224020013586,40.33122940035537,,,,,,,0,0,0,0,7,0,7,0,49.15657390002161,,,,,,,,,,,,,,,,,,,,,,,,,,,,,,34.350052000023425,49.14089010003954,49.15657390002161,49.15657390002161,49.15657390002161,49.15657390002161,50.124230599962175,k,0.9516826998442411,None,right,1,9,4,0,6,4,None,35.333501799963415,35.33383040037006,50.124672200065106,50.13908470002934,50.13908470002934,52.138766299933195,52.138766299933195,52.12280709994957,37.33203410031274,37.332072500139475,52.132926099933684,52.138766299933195,52.138766299933195,53.13822960015386,53.13822960015386,53.12299540033564,stimuli/box_coin_transparent.png,38.332205899991095,38.33224020013586,53.1230736,53.13822960015386,55.13974100025371,55.12202120013535,40.33122940035537,,,,,,,,,,,,,111111,right,no,None,2025-04-28_11h23.10.824,RL_out-of-scanner,2024.2.4,59.53763075980678,2025-04-28 11h23.35.571925 -0500
8,0,8,space,2.5132015999406576,None,5,1.2503874995745718,None,40.33268690016121,k,0.5020276000723243,None,None,40.866065999958664,40.86633320013061,43.86592000024393,43.86597400018945,44.86609760019928,44.86613290011883,46.3645457,,,,,,,0,0,0,0,8,0,8,0,55.13974100025371,,,,,,,,,,,,,,,,,,,,,,,,,,,,,,40.33268690016121,55.12352490006015,55.13974100025371,55.13974100025371,55.13974100025371,55.13974100025371,55.656812500208616,k,0.5020276000723243,None,right,1,9,5,0,7,5,None,40.866065999958664,40.86633320013061,55.65716960001737,55.672253200318664,55.672253200318664,58.673685000278056,58.673685000278056,58.656671,43.86592000024393,43.86597400018945,58.667495999950916,58.673685000278056,58.673685000278056,59.671505300328135,59.671505300328135,59.65688750008121,stimuli/box_coin_transparent.png,44.86609760019928,44.86613290011883,59.656967599876225,59.671505300328135,61.172188400290906,61.15533530013636,46.3645457,,,,,,,,,,,,,111111,right,no,None,2025-04-28_11h23.10.824,RL_out-of-scanner,2024.2.4,59.53763075980678,2025-04-28 11h23.35.571925 -0500
9,0,9,space,2.5132015999406576,None,5,1.2503874995745718,None,46.36600719997659,k,0.4255969999358058,None,None,46.81488490011543,46.815186500083655,48.31388860009611,48.31393550010398,49.314226,49.31427020020783,51.31533280014992,,,,,,,0,0,0,0,9,0,9,0,61.172188400290906,,,,,,,,,,,,,,,,,,,,,,,,,,,,,,46.36600719997659,61.15684510022402,61.172188400290906,61.172188400290906,61.172188400290906,61.172188400290906,61.60560670029372,k,0.4255969999358058,None,right,1,9,6,0,8,6,None,46.81488490011543,46.815186500083655,61.60602860013023,61.62099640024826,61.62099640024826,63.12125820014626,63.12125820014626,63.10465510003269,48.31388860009611,48.31393550010398,63.11528589995578,63.12125820014626,63.12125820014626,,,64.10500480001792,stimuli/box_coin_transparent.png,49.314226,49.31427020020783,64.10511410003528,64.12231730017811,66.12193100014701,66.10612130025402,51.31533280014992,,,,,,,,,,,,,111111,right,no,None,2025-04-28_11h23.10.824,RL_out-of-scanner,2024.2.4,59.53763075980678,2025-04-28 11h23.35.571925 -0500
10,0,10,space,2.5132015999406576,None,5,1.2503874995745718,None,51.317135400138795,k,0.3502584001980722,None,None,51.699401600286365,51.69968429999426,53.214773800224066,53.21481260005385,54.22982760006562,54.229867,55.23095170035958,,,,,,,0,0,0,0,10,0,10,0,66.12193100014701,,,,,,,,,,,,,,,,,,,,,,,,,,,,,,51.317135400138795,66.10797929996625,66.12193100014701,66.12193100014701,66.12193100014701,66.12193100014701,66.49014860019088,k,0.3502584001980722,None,right,1,9,7,0,9,7,None,51.699401600286365,51.69968429999426,66.49051940022036,66.50649000005797,66.50649000005797,68.0221555,68.0221555,68.00554470019415,53.214773800224066,53.21481260005385,68.01657370012254,68.0221555,68.0221555,,,69.02060989988968,stimuli/box_coin_transparent.png,54.22982760006562,54.229867,69.02070969995111,69.03682970022783,70.0387029,70.02174329990521,55.23095170035958,,,,,,,,,,,,,111111,right,no,None,2025-04-28_11h23.10.824,RL_out-of-scanner,2024.2.4,59.53763075980678,2025-04-28 11h23.35.571925 -0500
11,0,11,space,2.5132015999406576,None,5,1.2503874995745718,None,55.23253819998354,k,0.9654139997437596,None,None,56.21842920035124,56.21870630001649,58.214672200381756,58.21471830038354,59.21352370036766,59.2135575,60.714343500323594,,,,,,,0,0,0,0,11,0,11,0,70.0387029,,,,,,,,,,,,,,,,,,,,,,,,,,,,,,55.23253819998354,70.02337779989466,70.0387029,70.0387029,70.0387029,70.0387029,71.00917680002749,k,0.9654139997437596,None,right,1,9,8,0,10,8,None,56.21842920035124,56.21870630001649,71.00954189989716,71.02072340017185,71.02072340017185,73.02129939990118,73.02129939990118,73.00543700018898,58.214672200381756,58.21471830038354,73.01560760010034,73.02129939990118,73.02129939990118,74.01996740000322,74.01996740000322,74.0043137,stimuli/box_coin_transparent.png,59.21352370036766,59.2135575,74.00439210003242,74.01996740000322,75.5217648,75.50513780023903,60.714343500323594,,,,,,,,,,,,,111111,right,no,None,2025-04-28_11h23.10.824,RL_out-of-scanner,2024.2.4,59.53763075980678,2025-04-28 11h23.35.571925 -0500
12,0,12,space,2.5132015999406576,None,5,1.2503874995745718,None,60.715847600251436,k,0.3188277999870479,None,None,61.065296300221235,61.06561719998717,62.06330269994214,62.06334160035476,63.064126500394195,63.064165300223976,66.07951120007783,,,,,,,0,0,0,0,12,0,12,0,75.5217648,,,,,,,,,,,,,,,,,,,,,,,,,,,,,,60.715847600251436,75.50668560015038,75.5217648,75.5217648,75.5217648,75.5217648,75.85601870017126,k,0.3188277999870479,None,right,1,9,9,0,11,9,None,61.065296300221235,61.06561719998717,75.85645879991353,75.8711888,75.8711888,76.87100009992719,76.87100009992719,76.85407410003245,62.06330269994214,62.06334160035476,76.8640543,76.87100009992719,76.87100009992719,,,77.85491040023044,stimuli/box_coin_transparent.png,63.064126500394195,63.064165300223976,77.85500540025532,77.87167240027338,80.88690569996834,80.87029610015452,66.07951120007783,,,,,,,,,,,,,111111,right,no,None,2025-04-28_11h23.10.824,RL_out-of-scanner,2024.2.4,59.53763075980678,2025-04-28 11h23.35.571925 -0500
13,0,13,space,2.5132015999406576,None,5,1.2503874995745718,None,66.08163439994678,k,0.3953613000921905,None,None,66.49792510038242,66.4982516,66.99770200019702,66.99774210015312,67.99683240009472,67.99686569999903,69.99645880004391,,,,,,,0,0,0,0,13,0,13,0,80.88690569996834,,,,,,,,,,,,,,,,,,,,,,,,,,,,,,66.08163439994678,80.87248610006645,80.88690569996834,80.88690569996834,80.88690569996834,80.88690569996834,81.28864820022136,k,0.3953613000921905,None,left,1,12,0,1,11,9,None,66.49792510038242,66.4982516,81.28909269999713,81.30392390023917,81.30392390023917,81.80395419988781,81.80395419988781,81.78847340028733,66.99770200019702,66.99774210015312,81.79681870015338,81.80395419988781,81.80395419988781,82.80315730022267,82.80315730022267,82.78762149997056,stimuli/box_empty_transparent.png,67.99683240009472,67.99686569999903,82.78770059999079,82.80315730022267,84.80363560002297,84.78724480001256,69.99645880004391,,,,,,,,,,,,,111111,right,no,None,2025-04-28_11h23.10.824,RL_out-of-scanner,2024.2.4,59.53763075980678,2025-04-28 11h23.35.571925 -0500
14,0,14,space,2.5132015999406576,None,5,1.2503874995745718,None,69.99819150008261,k,0.32454559998586774,None,None,70.34820270026103,70.34853200009093,71.84664660040289,71.8467022,72.84713490027934,72.84717920003459,73.84748770017177,,,,,,,0,0,0,0,14,0,14,0,84.80363560002297,,,,,,,,,,,,,,,,,,,,,,,,,,,,,,69.99819150008261,84.78905310016125,84.80363560002297,84.80363560002297,84.80363560002297,84.80363560002297,85.13892970001325,k,0.32454559998586774,None,left,1,12,0,1,11,9,None,70.34820270026103,70.34853200009093,85.13937560003251,85.15366710023955,85.15366710023955,86.65426240023226,86.65426240023226,86.63740060012788,71.84664660040289,71.8467022,86.64796040020883,86.65426240023226,86.65426240023226,87.65292190015316,87.65292190015316,87.63791440008208,stimuli/box_empty_transparent.png,72.84713490027934,72.84717920003459,87.63802680000663,87.65292190015316,88.65488089993596,88.6382732,73.84748770017177,,,,,,,,,,,,,111111,right,no,None,2025-04-28_11h23.10.824,RL_out-of-scanner,2024.2.4,59.53763075980678,2025-04-28 11h23.35.571925 -0500
15,0,15,space,2.5132015999406576,None,5,1.2503874995745718,None,73.84899140009657,j,0.5637572999112308,None,None,74.43140230001882,74.43173310020939,75.43000179994851,75.43004650017247,76.42971950024366,76.42975650029257,78.42988059995696,,,,,,,0,0,0,0,15,0,15,0,88.65488089993596,,,,,,,,,,,,,,,,,,,,,,,,,,,,,,73.84899140009657,88.63983,88.65488089993596,88.65488089993596,88.65488089993596,88.65488089993596,89.22210270026699,j,0.5637572999112308,None,left,1,12,1,1,12,10,None,74.43140230001882,74.43173310020939,89.22256960021332,89.236723,89.236723,90.2371273,90.2371273,90.22076639998704,75.43000179994851,75.43004650017247,90.23073540022597,90.2371273,90.2371273,91.23767450032756,91.23767450032756,91.22050660010427,stimuli/box_coin_transparent.png,76.42971950024366,76.42975650029257,91.22059160005301,91.23767450032756,93.2369499,93.22066840017214,78.42988059995696,,,,,,,,,,,,,111111,right,no,None,2025-04-28_11h23.10.824,RL_out-of-scanner,2024.2.4,59.53763075980678,2025-04-28 11h23.35.571925 -0500
16,0,16,space,2.5132015999406576,None,5,1.2503874995745718,None,78.4315211,j,0.4010908999480307,None,None,78.86499770032242,78.86534740030766,80.86283980030566,80.86287890002131,81.86303410027176,81.8630813,82.86348270019516,,,,,,,0,0,0,0,16,0,16,0,93.2369499,,,,,,,,,,,,,,,,,,,,,,,,,,,,,,78.4315211,93.22236320003867,93.2369499,93.2369499,93.2369499,93.2369499,93.65572099993005,j,0.4010908999480307,None,left,1,12,2,1,13,11,None,78.86499770032242,78.86534740030766,93.65618450008333,93.67004729993641,93.67004729993641,95.67043789988384,95.67043789988384,95.65360780013725,80.86283980030566,80.86287890002131,95.66349320020527,95.67043789988384,95.67043789988384,96.6694793,96.6694793,96.65381340030581,stimuli/box_coin_transparent.png,81.86303410027176,81.8630813,96.65393069991842,96.6694793,97.67111170012504,97.65427529998124,82.86348270019516,,,,,,,,,,,,,111111,right,no,None,2025-04-28_11h23.10.824,RL_out-of-scanner,2024.2.4,59.53763075980678,2025-04-28 11h23.35.571925 -0500
17,0,17,space,2.5132015999406576,None,5,1.2503874995745718,None,82.86500230012462,j,0.4737416999414563,None,None,83.3633343,83.36370580038056,84.36317190015689,84.36321109998971,85.36282210005447,85.3628832,86.36652819998562,,,,,,,0,0,0,0,17,0,17,0,97.67111170012504,,,,,,,,,,,,,,,,,,,,,,,,,,,,,,82.86500230012462,97.65584030002356,97.67111170012504,97.67111170012504,97.67111170012504,97.67111170012504,98.15408329991624,j,0.4737416999414563,None,left,0,12,2,1,14,11,None,83.3633343,83.36370580038056,98.1545499,98.169845,98.169845,99.17050420027226,99.17050420027226,99.15394120011479,84.36317190015689,84.36321109998971,99.16309170005843,99.17050420027226,99.17050420027226,100.17103580012918,100.17103580012918,100.15359409991652,stimuli/box_empty_transparent.png,85.36282210005447,85.3628832,100.15372870024294,100.17103580012918,101.17011790024117,101.1573183001019,86.36652819998562,,,,,,,,,,,,,111111,right,no,None,2025-04-28_11h23.10.824,RL_out-of-scanner,2024.2.4,59.53763075980678,2025-04-28 11h23.35.571925 -0500
18,0,18,space,2.5132015999406576,None,5,1.2503874995745718,None,86.36810780037194,j,0.39438220020383596,None,None,86.78109699999914,86.78144760010764,90.27987660001963,90.27992650028318,91.29624890023842,91.29628460016102,93.29690960003063,,,,,,,0,0,0,0,18,0,18,0,101.17011790024117,,,,,,,,,,,,,,,,,,,,,,,,,,,,,,86.36810780037194,101.15894580027089,101.17011790024117,101.17011790024117,101.17011790024117,101.17011790024117,101.57182900002226,j,0.39438220020383596,None,left,1,12,3,1,15,12,None,86.78109699999914,86.78144760010764,101.57229330018163,101.58652430027723,101.58652430027723,105.08935850020498,105.08935850020498,105.07063600001857,90.27987660001963,90.27992650028318,105.08296190015972,105.08935850020498,105.08935850020498,,,106.08703420031816,stimuli/box_coin_transparent.png,91.29624890023842,91.29628460016102,106.08712340006605,106.10394879989326,108.10379890026525,108.08770160004497,93.29690960003063,,,,,,,,,,,,,111111,right,no,None,2025-04-28_11h23.10.824,RL_out-of-scanner,2024.2.4,59.53763075980678,2025-04-28 11h23.35.571925 -0500
19,0,19,space,2.5132015999406576,None,5,1.2503874995745718,None,93.29842430027202,j,0.3083096998743713,None,None,93.63107210025191,93.6314956,94.6305027,94.63054329995066,95.64539510011673,95.6454397,97.14678850024939,,,,,,,0,0,0,0,19,0,19,0,108.10379890026525,,,,,,,,,,,,,,,,,,,,,,,,,,,,,,93.29842430027202,108.0892620999366,108.10379890026525,108.10379890026525,108.10379890026525,108.10379890026525,108.42180379992351,j,0.3083096998743713,None,left,1,12,4,1,16,13,None,93.63107210025191,93.6314956,108.4223382002674,108.43749940022826,108.43749940022826,109.43713700026274,109.43713700026274,109.42127209994942,94.6305027,94.63054329995066,109.4313763002865,109.43713700026274,109.43713700026274,,,110.43617499992251,stimuli/box_coin_transparent.png,95.64539510011673,95.6454397,110.4362862999551,110.4521781,111.95405409997329,111.93757730023935,97.14678850024939,,,,,,,,,,,,,111111,right,no,None,2025-04-28_11h23.10.824,RL_out-of-scanner,2024.2.4,59.53763075980678,2025-04-28 11h23.35.571925 -0500
20,0,20,space,2.5132015999406576,None,5,1.2503874995745718,None,97.14839270012453,j,0.4136689999140799,None,None,97.57992820022628,97.58026219997555,99.57946770032868,99.57950640004128,100.57923470018432,100.57927400013432,102.57976000010967,,,,,,,0,0,0,0,20,0,20,0,111.95405409997329,,,,,,,,,,,,,,,,,,,,,,,,,,,,,,97.14839270012453,111.93923070002347,111.95405409997329,111.95405409997329,111.95405409997329,111.95405409997329,112.37067470001057,j,0.4136689999140799,None,left,0,12,4,1,17,13,None,97.57992820022628,97.58026219997555,112.37110059987754,112.38598040025681,112.38598040025681,114.38649730011821,114.38649730011821,114.37024340033531,99.57946770032868,99.57950640004128,114.3784566000104,114.38649730011821,114.38649730011821,115.38541370024905,115.38541370024905,115.37002200027928,stimuli/box_empty_transparent.png,100.57923470018432,100.57927400013432,115.37011349992827,115.38541370024905,117.38597290031612,117.37055310001597,102.57976000010967,,,,,,,,,,,,,111111,right,no,None,2025-04-28_11h23.10.824,RL_out-of-scanner,2024.2.4,59.53763075980678,2025-04-28 11h23.35.571925 -0500
21,0,21,space,2.5132015999406576,None,5,1.2503874995745718,None,102.58133570011705,j,0.4158383999019861,None,None,103.01404070015997,103.0143822003156,106.01220809994265,106.01224600011483,107.01209450000897,107.0121343000792,108.5130120003596,,,,,,,0,0,0,0,21,0,21,0,117.38597290031612,,,,,,,,,,,,,,,,,,,,,,,,,,,,,,102.58133570011705,117.3721743999049,117.38597290031612,117.38597290031612,117.38597290031612,117.38597290031612,117.80475250026211,j,0.4158383999019861,None,left,0,12,4,1,18,13,None,103.01404070015997,103.0143822003156,117.80521980021149,117.81918440014124,117.81918440014124,120.81957870023325,120.81957870023325,120.80298190005124,106.01220809994265,106.01224600011483,120.81120110023767,120.81957870023325,120.81957870023325,121.81842090003192,121.81842090003192,121.80288009997457,stimuli/box_empty_transparent.png,107.01209450000897,107.0121343000792,121.8029740001075,121.81842090003192,123.32041680021212,123.30380279989913,108.5130120003596,,,,,,,,,,,,,111111,right,no,None,2025-04-28_11h23.10.824,RL_out-of-scanner,2024.2.4,59.53763075980678,2025-04-28 11h23.35.571925 -0500
22,0,22,space,2.5132015999406576,None,5,1.2503874995745718,None,108.51450000004843,k,0.3595091998577118,None,None,108.89793990040198,108.89822150021791,110.4119961000979,110.41203510016203,111.41221670014784,111.41224910039455,113.41141730034724,,,,,,,0,0,0,0,22,0,22,0,123.32041680021212,,,,,,,,,,,,,,,,,,,,,,,,,,,,,,108.51450000004843,123.30533790029585,123.32041680021212,123.32041680021212,123.32041680021212,123.32041680021212,123.68868640018627,k,0.3595091998577118,None,left,0,12,4,1,18,13,None,108.89793990040198,108.89822150021791,123.6890577999875,123.70376279996708,123.70376279996708,125.2192905000411,125.2192905000411,125.20276900008321,110.4119961000979,110.41203510016203,125.21103300014511,125.2192905000411,125.2192905000411,,,126.2030048999004,stimuli/box_empty_transparent.png,111.41221670014784,111.41224910039455,126.20308450004086,126.21854209993035,128.2187322000973,128.20220210030675,113.41141730034724,,,,,,,,,,,,,111111,right,no,None,2025-04-28_11h23.10.824,RL_out-of-scanner,2024.2.4,59.53763075980678,2025-04-28 11h23.35.571925 -0500
23,0,23,space,2.5132015999406576,None,5,1.2503874995745718,None,113.41362140001729,k,0.3229246996343136,None,None,113.76277590030804,113.76312680030242,115.26181040005758,115.2618489000015,116.26268480019644,116.26272550038993,117.76248410018161,,,,,,,0,0,0,0,23,0,23,0,128.2187322000973,,,,,,,,,,,,,,,,,,,,,,,,,,,,,,113.41362140001729,128.2044728999026,128.2187322000973,128.2187322000973,128.2187322000973,128.2187322000973,128.5535122002475,k,0.3229246996343136,None,left,0,12,4,1,18,13,None,113.76277590030804,113.76312680030242,128.5539771001786,128.56904130009934,128.56904130009934,130.06944670015946,130.06944670015946,130.05258420016617,115.26181040005758,115.2618489000015,130.06093819998205,130.06944670015946,130.06944670015946,,,131.05345549993217,stimuli/box_empty_transparent.png,116.26268480019644,116.26272550038993,131.0535671999678,131.0694168000482,132.5698675,132.55327580031008,117.76248410018161,,,,,,,,,,,,,111111,right,no,None,2025-04-28_11h23.10.824,RL_out-of-scanner,2024.2.4,59.53763075980678,2025-04-28 11h23.35.571925 -0500
24,0,24,space,2.5132015999406576,None,5,1.2503874995745718,None,117.76414939993992,k,0.8372408002614975,None,None,118.63013199996203,118.63039840012789,120.63008829997852,120.63013620022684,121.62845680024475,121.62851610034704,123.12931610038504,,,,,,,0,0,0,0,24,0,24,0,132.5698675,,,,,,,,,,,,,,,,,,,,,,,,,,,,,,117.76414939993992,132.55498800007626,132.5698675,132.5698675,132.5698675,132.5698675,133.4208792001009,k,0.8372408002614975,None,left,0,12,4,1,18,13,None,118.63013199996203,118.63039840012789,133.4212336000055,133.4363174000755,133.4363174000755,135.43568760016933,135.43568760016933,135.42084980010986,120.63008829997852,120.63013620022684,135.4295450001955,135.43568760016933,135.43568760016933,136.43507099989802,136.43507099989802,136.4192435001023,stimuli/box_empty_transparent.png,121.62845680024475,121.62851610034704,136.41935619991273,136.43507099989802,137.93581480020657,137.92010860005394,123.12931610038504,,,,,,,,,,,,,111111,right,no,None,2025-04-28_11h23.10.824,RL_out-of-scanner,2024.2.4,59.53763075980678,2025-04-28 11h23.35.571925 -0500
25,0,25,space,2.5132015999406576,None,5,1.2503874995745718,None,123.13079520035535,j,0.427006,None,None,123.57980060018599,123.58013730030507,124.5951927001588,124.59524339996278,125.5947537003085,125.59479250013828,129.09609450027347,,,,,,,0,0,0,0,25,0,25,0,137.93581480020657,,,,,,,,,,,,,,,,,,,,,,,,,,,,,,123.13079520035535,137.92163300001994,137.93581480020657,137.93581480020657,137.93581480020657,137.93581480020657,138.3705261000432,j,0.427006,None,left,1,12,5,1,19,14,None,123.57980060018599,123.58013730030507,138.37097349995747,138.38846240006387,138.38846240006387,139.40264370013028,139.40264370013028,139.38594140019268,124.5951927001588,124.59524339996278,139.3967186002992,139.40264370013028,139.40264370013028,140.4013632000424,140.4013632000424,140.38554230006412,stimuli/box_coin_transparent.png,125.5947537003085,125.59479250013828,140.38563159992918,140.4013632000424,143.9029920003377,143.8868828001432,129.09609450027347,,,,,,,,,,,,,111111,right,no,None,2025-04-28_11h23.10.824,RL_out-of-scanner,2024.2.4,59.53763075980678,2025-04-28 11h23.35.571925 -0500
26,0,26,space,2.5132015999406576,None,5,1.2503874995745718,None,129.09790460020304,j,0.39961110008880496,None,None,129.51360040018335,129.5139997000806,130.02928210003302,130.0293213003315,131.02806530008093,131.0280980002135,134.52770260022953,,,,,,,0,0,0,0,26,0,26,0,143.9029920003377,,,,,,,,,,,,,,,,,,,,,,,,,,,,,,129.09790460020304,143.8887483999133,143.9029920003377,143.9029920003377,143.9029920003377,143.9029920003377,144.30433170031756,j,0.39961110008880496,None,left,1,12,6,1,20,15,None,129.51360040018335,129.5139997000806,144.30485519999638,144.3198810000904,144.3198810000904,144.83592140022665,144.83592140022665,144.82005649991333,130.02928210003302,130.0293213003315,144.83007019991055,144.83592140022665,144.83592140022665,145.83446970023215,145.83446970023215,145.8188570002094,stimuli/box_coin_transparent.png,131.02806530008093,131.0280980002135,145.8189310003072,145.83446970023215,149.33487759996206,149.3184862001799,134.52770260022953,,,,,,,,,,,,,111111,right,no,None,2025-04-28_11h23.10.824,RL_out-of-scanner,2024.2.4,59.53763075980678,2025-04-28 11h23.35.571925 -0500
27,0,27,space,2.5132015999406576,None,5,1.2503874995745718,None,134.52954650018364,j,0.4849183,None,None,135.04551720013842,135.04584470018744,136.54467890039086,136.54472670005634,137.5449214000255,137.54496229998767,138.54654510039836,,,,,,,0,0,0,0,27,0,27,0,149.33487759996206,,,,,,,,,,,,,,,,,,,,,,,,,,,,,,134.52954650018364,149.32038559997454,149.33487759996206,149.33487759996206,149.33487759996206,149.33487759996206,149.83625579997897,j,0.4849183,None,left,1,12,7,1,21,16,None,135.04551720013842,135.04584470018744,149.8366825003177,149.8517901999876,149.8517901999876,151.35188140021637,151.35188140021637,151.33544620033354,136.54467890039086,136.54472670005634,151.34563890006393,151.35188140021637,151.35188140021637,,,152.3357031000778,stimuli/box_coin_transparent.png,137.5449214000255,137.54496229998767,152.3358061001636,152.35124649992213,153.35336290020496,153.33733629994094,138.54654510039836,,,,,,,,,,,,,111111,right,no,None,2025-04-28_11h23.10.824,RL_out-of-scanner,2024.2.4,59.53763075980678,2025-04-28 11h23.35.571925 -0500
28,0,28,space,2.5132015999406576,None,5,1.2503874995745718,None,138.54804990021512,j,0.6778629003092647,None,None,139.2467500003986,139.24714650027454,140.24649790022522,140.24654379999265,141.2463808003813,141.24641939997673,144.74542610021308,,,,,,,0,0,0,0,28,0,28,0,153.35336290020496,,,,,,,,,,,,,,,,,,,,,,,,,,,,,,138.54804990021512,153.33888840023428,153.35336290020496,153.35336290020496,153.35336290020496,153.35336290020496,154.03746889997274,j,0.6778629003092647,None,left,0,12,7,1,22,16,None,139.2467500003986,139.24714650027454,154.0379886003211,154.05311969993636,154.05311969993636,155.05180210014805,155.05180210014805,155.03726390004158,140.24649790022522,140.24654379999265,155.04597510024905,155.05180210014805,155.05180210014805,156.05296380026266,156.05296380026266,156.0371667998843,stimuli/box_empty_transparent.png,141.2463808003813,141.24641939997673,156.03725840011612,156.05296380026266,159.55278610019013,159.53621880011633,144.74542610021308,,,,,,,,,,,,,111111,right,no,None,2025-04-28_11h23.10.824,RL_out-of-scanner,2024.2.4,59.53763075980678,2025-04-28 11h23.35.571925 -0500
29,0,29,space,2.5132015999406576,None,5,1.2503874995745718,None,144.74700880004093,j,0.7816388998180628,None,None,145.54721930017695,145.54763620020822,147.54550600005314,147.5455470001325,148.56097340025008,148.56102000037208,149.56177070038393,,,,,,,0,0,0,0,29,0,29,0,159.55278610019013,,,,,,,,,,,,,,,,,,,,,,,,,,,,,,144.74700880004093,159.5378473000601,159.55278610019013,159.55278610019013,159.55278610019013,159.55278610019013,160.33795130020007,j,0.7816388998180628,None,left,0,12,7,1,23,16,None,145.54721930017695,145.54763620020822,160.3384790001437,160.35248399991542,160.35248399991542,162.35365150030702,162.35365150030702,162.33626769995317,147.54550600005314,147.5455470001325,162.34463619999588,162.35365150030702,162.35365150030702,,,163.35175170004368,stimuli/box_empty_transparent.png,148.56097340025008,148.56102000037208,163.35185889992863,163.36732299998403,164.3681594999507,164.35255980025977,149.56177070038393,,,,,,,,,,,,,111111,right,no,None,2025-04-28_11h23.10.824,RL_out-of-scanner,2024.2.4,59.53763075980678,2025-04-28 11h23.35.571925 -0500
30,0,30,space,2.5132015999406576,None,5,1.2503874995745718,None,149.5632829000242,j,0.6620119,None,None,150.24572720006108,150.24621080001816,151.24425540026277,151.24429740011692,152.2443826,152.24441489996389,153.24379930039868,,,,,,,0,0,0,0,30,0,30,0,164.3681594999507,,,,,,,,,,,,,,,,,,,,,,,,,,,,,,149.5632829000242,164.35412089992315,164.3681594999507,164.3681594999507,164.3681594999507,164.3681594999507,165.0364564000629,j,0.6620119,None,left,1,12,8,1,24,17,None,150.24572720006108,150.24621080001816,165.03704890003428,165.05139370029792,165.05139370029792,166.05145950010046,166.05145950010046,166.03501849994063,151.24425540026277,151.24429740011692,166.04521030001342,166.05145950010046,166.05145950010046,167.0506251002662,167.0506251002662,167.03517189994454,stimuli/box_coin_transparent.png,152.2443826,152.24441489996389,167.03524850029498,167.0506251002662,168.05120190000162,168.0345908002928,153.24379930039868,,,,,,,,,,,,,111111,right,no,None,2025-04-28_11h23.10.824,RL_out-of-scanner,2024.2.4,59.53763075980678,2025-04-28 11h23.35.571925 -0500
31,0,31,space,2.5132015999406576,None,5,1.2503874995745718,None,153.24523680005223,j,0.5000732000917196,None,None,153.76221390021965,153.76272020023316,156.76210110029206,156.76214610040188,157.77693670010194,157.7769703003578,160.29327830020338,,,,,,,0,0,0,0,31,0,31,0,168.05120190000162,,,,,,,,,,,,,,,,,,,,,,,,,,,,,,153.24523680005223,168.0360751003027,168.05120190000162,168.05120190000162,168.05120190000162,168.05120190000162,168.5529623,j,0.5000732000917196,None,left,1,12,9,1,25,18,None,153.76221390021965,153.76272020023316,168.55355890002102,168.56768399989232,168.56768399989232,171.5698246001266,171.5698246001266,171.55286689987406,156.76210110029206,156.76214610040188,171.56392419990152,171.5698246001266,171.5698246001266,,,172.56772440019995,stimuli/box_coin_transparent.png,157.77693670010194,157.7769703003578,172.56780380010605,172.5848772,175.1007794002071,175.08407159987837,160.29327830020338,,,,,,,,,,,,,111111,right,no,None,2025-04-28_11h23.10.824,RL_out-of-scanner,2024.2.4,59.53763075980678,2025-04-28 11h23.35.571925 -0500
32,0,32,space,2.5132015999406576,None,5,1.2503874995745718,None,160.29481310024858,j,0.7328689000569284,None,['j'],161.04515880020335,161.04553760029376,162.0452254,162.04526380030438,163.06199930002913,163.06203680019826,164.06123460037634,[0.33373539987951517],[0.05665000015869737],,,,,0,0,0,0,32,0,32,0,175.1007794002071,,,,,,,,,,,,,,,,,,,,,,,,,,,,,,160.29481310024858,175.08565220003948,175.1007794002071,175.1007794002071,175.1007794002071,175.1007794002071,175.83584660012275,j,0.7328689000569284,None,left,1,12,10,1,26,19,['j'],161.04515880020335,161.04553760029376,175.8363955002278,175.85120090004057,175.85120090004057,176.8521162001416,176.8521162001416,176.83599540032446,162.0452254,162.04526380030438,176.8458616998978,176.8521162001416,176.8521162001416,,,177.85278070019558,stimuli/box_coin_transparent.png,163.06199930002913,163.06203680019826,177.85287309996784,177.8673447999172,178.86826140014455,178.85202600015327,164.06123460037634,[0.33373539987951517],[0.05665000015869737],,,,,,,,,,,111111,right,no,None,2025-04-28_11h23.10.824,RL_out-of-scanner,2024.2.4,59.53763075980678,2025-04-28 11h23.35.571925 -0500
33,0,33,space,2.5132015999406576,None,5,1.2503874995745718,None,164.06304670032114,j,0.5013656998053193,None,None,164.59446670021862,164.59483760036528,166.59362140018493,166.59367840038612,167.60992860002443,167.6099598,169.11108019994572,,,,,,,0,0,0,0,33,0,33,0,178.86826140014455,,,,,,,,,,,,,,,,,,,,,,,,,,,,,,164.06304670032114,178.85389010002837,178.86826140014455,178.86826140014455,178.86826140014455,178.86826140014455,179.38520170003176,j,0.5013656998053193,None,left,1,12,11,1,27,20,None,164.59446670021862,164.59483760036528,179.38568959990516,179.40084369992837,179.40084369992837,181.4031730000861,181.4031730000861,181.3843659,166.59362140018493,166.59367840038612,181.39724080031738,181.4031730000861,181.4031730000861,,,182.40071830013767,stimuli/box_coin_transparent.png,167.60992860002443,167.6099598,182.4007930001244,182.41727520013228,183.91871900018305,183.90187219996005,169.11108019994572,,,,,,,,,,,,,111111,right,no,None,2025-04-28_11h23.10.824,RL_out-of-scanner,2024.2.4,59.53763075980678,2025-04-28 11h23.35.571925 -0500
34,0,34,space,2.5132015999406576,None,5,1.2503874995745718,None,169.11260750005022,j,0.38292260002344847,None,None,169.51261730026454,169.51296580024064,172.52676210040227,172.52681290032342,173.52769780019298,173.52773730037734,176.02726660016924,,,,,,,0,0,0,0,34,0,34,0,183.91871900018305,,,,,,,,,,,,,,,,,,,,,,,,,,,,,,169.11260750005022,183.90344429994002,183.91871900018305,183.91871900018305,183.91871900018305,183.91871900018305,184.3033692999743,j,0.38292260002344847,None,left,1,12,12,1,28,21,None,169.51261730026454,169.51296580024064,184.3038029000163,184.31831840006635,184.31831840006635,187.33695590030402,187.33695590030402,187.3175217001699,172.52676210040227,172.52681290032342,187.33050610031933,187.33695590030402,187.33695590030402,,,188.31847249995917,stimuli/box_coin_transparent.png,173.52769780019298,173.52773730037734,188.31858200021088,188.33451890014112,190.83512430032715,190.8180547999218,176.02726660016924,,,,,,,,,,,,,111111,right,no,None,2025-04-28_11h23.10.824,RL_out-of-scanner,2024.2.4,59.53763075980678,2025-04-28 11h23.35.571925 -0500
35,0,35,space,2.5132015999406576,None,5,1.2503874995745718,None,176.02906600013375,j,0.25335359992459416,None,None,176.31074710004032,176.31106890039518,177.80988029995933,177.80992510030046,178.8104305001907,178.81046800035983,179.80941430013627,,,,,,,0,0,0,0,35,0,35,0,190.83512430032715,,,,,,,,,,,,,,,,,,,,,,,,,,,,,,176.02906600013375,190.81991010019556,190.83512430032715,190.83512430032715,190.83512430032715,190.83512430032715,191.1014972999692,j,0.25335359992459416,None,right,1,14,0,2,28,21,None,176.31074710004032,176.31106890039518,191.1019057,191.11708940006793,191.11708940006793,192.6177332000807,192.6177332000807,192.6006469000131,177.80988029995933,177.80992510030046,192.60961699998006,192.6177332000807,192.6177332000807,193.6167454002425,193.6167454002425,193.60121730016544,stimuli/box_empty_transparent.png,178.8104305001907,178.81046800035983,193.60130980005488,193.6167454002425,194.61821220023558,194.6002063001506,179.80941430013627,,,,,,,,,,,,,111111,right,no,None,2025-04-28_11h23.10.824,RL_out-of-scanner,2024.2.4,59.53763075980678,2025-04-28 11h23.35.571925 -0500
36,0,36,space,2.5132015999406576,None,5,1.2503874995745718,None,179.81084180017933,j,0.6236644,None,None,180.46182089997455,180.46220570011064,181.96039800019935,181.9604392000474,182.96023209998384,182.96028230013326,186.47611880023032,,,,,,,0,0,0,0,36,0,36,0,194.61821220023558,,,,,,,,,,,,,,,,,,,,,,,,,,,,,,179.81084180017933,194.60168009996414,194.61821220023558,194.61821220023558,194.61821220023558,194.61821220023558,195.25255660014227,j,0.6236644,None,right,1,14,0,2,28,21,None,180.46182089997455,180.46220570011064,195.2530473,195.26717559993267,195.26717559993267,196.76756589999422,196.76756589999422,196.75116500025615,181.96039800019935,181.9604392000474,196.76005200017244,196.76756589999422,196.76756589999422,197.76786229992285,197.76786229992285,197.75100870011374,stimuli/box_empty_transparent.png,182.96023209998384,182.96028230013326,197.75112360017374,197.76786229992285,201.28356079990044,201.2669076002203,186.47611880023032,,,,,,,,,,,,,111111,right,no,None,2025-04-28_11h23.10.824,RL_out-of-scanner,2024.2.4,59.53763075980678,2025-04-28 11h23.35.571925 -0500
37,0,37,space,2.5132015999406576,None,5,1.2503874995745718,None,186.47794510005042,j,0.4042462999932468,None,None,186.91128290025517,186.9116905000992,188.9098459002562,188.90988390007988,189.90974230039865,189.90977440029383,190.90910870023072,,,,,,,0,0,0,0,37,0,37,0,201.28356079990044,,,,,,,,,,,,,,,,,,,,,,,,,,,,,,186.47794510005042,201.2687826999463,201.28356079990044,201.28356079990044,201.28356079990044,201.28356079990044,201.7020157999359,j,0.4042462999932468,None,right,1,14,0,2,28,21,None,186.91128290025517,186.9116905000992,201.70253290003166,201.71677449997514,201.71677449997514,203.71731860004365,203.71731860004365,203.70061889989302,188.9098459002562,188.90988390007988,203.70888879988343,203.71731860004365,203.71731860004365,204.7163358000107,204.7163358000107,204.7005344000645,stimuli/box_empty_transparent.png,189.90974230039865,189.90977440029383,204.70060739992186,204.7163358000107,205.7166710998863,205.69989470019937,190.90910870023072,,,,,,,,,,,,,111111,right,no,None,2025-04-28_11h23.10.824,RL_out-of-scanner,2024.2.4,59.53763075980678,2025-04-28 11h23.35.571925 -0500
38,0,38,space,2.5132015999406576,None,5,1.2503874995745718,None,190.9109995001927,k,0.48803280014544725,None,None,191.4270093003288,191.42725459998474,192.42635530000553,192.42639819998294,193.42626310000196,193.42629490001127,194.9256419003941,,,,,,,0,0,0,0,38,0,38,0,205.7166710998863,,,,,,,,,,,,,,,,,,,,,,,,,,,,,,190.9109995001927,205.70184369990602,205.7166710998863,205.7166710998863,205.7166710998863,205.7166710998863,206.21775810001418,k,0.48803280014544725,None,right,1,14,1,2,29,22,None,191.4270093003288,191.42725459998474,206.2180894999765,206.2333080000244,206.2333080000244,207.23391119996086,207.23391119996086,207.21711930027232,192.42635530000553,192.42639819998294,207.22796600032598,207.23391119996086,207.23391119996086,208.23261759988964,208.23261759988964,208.21705310000107,stimuli/box_coin_transparent.png,193.42626310000196,193.42629490001127,208.2171284998767,208.23261759988964,209.73340230016038,209.71643490018323,194.9256419003941,,,,,,,,,,,,,111111,right,no,None,2025-04-28_11h23.10.824,RL_out-of-scanner,2024.2.4,59.53763075980678,2025-04-28 11h23.35.571925 -0500
39,0,39,space,2.5132015999406576,None,5,1.2503874995745718,None,194.9271608,k,0.4302241997793317,None,None,195.37678130017594,195.37705870019272,196.37602369999513,196.3760676,197.37642040010542,197.37645720038563,198.37535470025614,,,,,,,0,0,0,0,39,0,39,0,209.73340230016038,,,,,,,,,,,,,,,,,,,,,,,,,,,,,,194.9271608,209.71799990022555,209.73340230016038,209.73340230016038,209.73340230016038,209.73340230016038,210.16753110010177,k,0.4302241997793317,None,right,1,14,2,2,30,23,None,195.37678130017594,195.37705870019272,210.16789430007339,210.1836542999372,210.1836542999372,211.1835868000053,211.1835868000053,211.16679200017825,196.37602369999513,196.3760676,211.17750809993595,211.1835868000053,211.1835868000053,212.1829327000305,212.1829327000305,212.1672069001943,stimuli/box_coin_transparent.png,197.37642040010542,197.37645720038563,212.16729670017958,212.1829327000305,213.18342370027676,213.16614690003917,198.37535470025614,,,,,,,,,,,,,111111,right,no,None,2025-04-28_11h23.10.824,RL_out-of-scanner,2024.2.4,59.53763075980678,2025-04-28 11h23.35.571925 -0500
40,0,40,space,2.5132015999406576,None,5,1.2503874995745718,None,198.37678930023685,k,0.524361,None,None,198.9279153002426,198.92818449996412,200.42738320026547,200.4274224000983,201.44232670031488,201.44237080030143,202.44485020032153,,,,,,,0,0,0,0,40,0,40,0,213.18342370027676,,,,,,,,,,,,,,,,,,,,,,,,,,,,,,198.37678930023685,213.16762720001861,213.18342370027676,213.18342370027676,213.18342370027676,213.18342370027676,213.7186668999493,k,0.524361,None,right,1,14,3,2,31,24,None,198.9279153002426,198.92818449996412,213.71901950007305,213.7343083000742,213.7343083000742,215.23541320022196,215.23541320022196,215.2181529002264,200.42738320026547,200.4274224000983,215.2294117999263,215.23541320022196,215.23541320022196,,,216.23310519987717,stimuli/box_coin_transparent.png,201.44232670031488,201.44237080030143,216.23322020005435,216.24906470021233,217.2496974,217.2356338999234,202.44485020032153,,,,,,,,,,,,,111111,right,no,None,2025-04-28_11h23.10.824,RL_out-of-scanner,2024.2.4,59.53763075980678,2025-04-28 11h23.35.571925 -0500
41,0,41,space,2.5132015999406576,None,5,1.2503874995745718,None,202.44642930012196,k,0.44396259961649776,None,None,202.91105610039085,202.9113221,203.9094003001228,203.90944220032543,204.90976450033486,204.90980690019205,207.9087108001113,,,,,,,0,0,0,0,41,0,41,0,217.2496974,,,,,,,,,,,,,,,,,,,,,,,,,,,,,,202.44642930012196,217.23727140016854,217.2496974,217.2496974,217.2496974,217.2496974,217.7018074002117,k,0.44396259961649776,None,right,0,14,3,2,32,24,None,202.91105610039085,202.9113221,217.70215700007975,217.71731620002538,217.71731620002538,218.71662670001388,218.71662670001388,218.7001570002176,203.9094003001228,203.90944220032543,218.7084448998794,218.71662670001388,218.71662670001388,,,219.7005461,stimuli/box_empty_transparent.png,204.90976450033486,204.90980690019205,219.7006558002904,219.71649700030684,222.71611590031534,222.69949509995058,207.9087108001113,,,,,,,,,,,,,111111,right,no,None,2025-04-28_11h23.10.824,RL_out-of-scanner,2024.2.4,59.53763075980678,2025-04-28 11h23.35.571925 -0500
42,0,42,space,2.5132015999406576,None,5,1.2503874995745718,None,207.91031050030142,k,0.4445738000795245,None,None,208.3769543999806,208.37722739996389,210.39352910034359,210.3935670000501,211.39373880019411,211.39377250010148,214.89269140036777,,,,,,,0,0,0,0,42,0,42,0,222.71611590031534,,,,,,,,,,,,,,,,,,,,,,,,,,,,,,207.91031050030142,222.70116200018674,222.71611590031534,222.71611590031534,222.71611590031534,222.71611590031534,223.16770320013165,k,0.4445738000795245,None,right,1,14,4,2,33,25,None,208.3769543999806,208.37722739996389,223.16806280007586,223.18589140009135,223.18589140009135,225.20032780012116,225.20032780012116,225.18429820006713,210.39352910034359,210.3935670000501,225.19471150031313,225.20032780012116,225.20032780012116,226.1999991,226.1999991,226.1845281003043,stimuli/box_coin_transparent.png,211.39373880019411,211.39377250010148,226.18460630020127,226.1999991,229.7004897003062,229.6834829999134,214.89269140036777,,,,,,,,,,,,,111111,right,no,None,2025-04-28_11h23.10.824,RL_out-of-scanner,2024.2.4,59.53763075980678,2025-04-28 11h23.35.571925 -0500
43,0,43,space,2.5132015999406576,None,5,1.2503874995745718,None,214.8941451003775,k,0.3657816001214087,None,None,215.27874310035259,215.2790626003407,216.2766722002998,216.2767182001844,217.27669550012797,217.27673330018297,219.29147450020537,,,,,,,0,0,0,0,43,0,43,0,229.7004897003062,,,,,,,,,,,,,,,,,,,,,,,,,,,,,,214.8941451003775,229.68498230027035,229.7004897003062,229.7004897003062,229.7004897003062,229.7004897003062,230.06945409998298,k,0.3657816001214087,None,right,0,14,4,2,34,25,None,215.27874310035259,215.2790626003407,230.06990330014378,230.08429890032858,230.08429890032858,231.08288990007713,231.08288990007713,231.06743680033833,216.2766722002998,216.2767182001844,231.07602840010077,231.08288990007713,231.08288990007713,232.08365780021995,232.08365780021995,232.06748270010576,stimuli/box_empty_transparent.png,217.27669550012797,217.27673330018297,232.0675721,232.08365780021995,234.09903810033575,234.0822688001208,219.29147450020537,,,,,,,,,,,,,111111,right,no,None,2025-04-28_11h23.10.824,RL_out-of-scanner,2024.2.4,59.53763075980678,2025-04-28 11h23.35.571925 -0500
44,0,44,space,2.5132015999406576,None,5,1.2503874995745718,None,219.29298330005258,k,0.5381096000783145,None,None,219.85929840011522,219.85969630023465,222.35888530034572,222.3589270999655,223.35866030026227,223.35869320016354,225.35794660029933,,,,,,,0,0,0,0,44,0,44,0,234.09903810033575,,,,,,,,,,,,,,,,,,,,,,,,,,,,,,219.29298330005258,234.0838228999637,234.09903810033575,234.09903810033575,234.09903810033575,234.09903810033575,234.65001930017024,k,0.5381096000783145,None,right,1,14,5,2,35,26,None,219.85929840011522,219.85969630023465,234.65054660011083,234.66576820006594,234.66576820006594,237.1662912000902,237.1662912000902,237.149652,222.35888530034572,222.3589270999655,237.1597303999588,237.1662912000902,237.1662912000902,238.1654340000823,238.1654340000823,238.1494517000392,stimuli/box_coin_transparent.png,223.35866030026227,223.35869320016354,238.14954350003973,238.1654340000823,240.16543309995905,240.14873240003362,225.35794660029933,,,,,,,,,,,,,111111,right,no,None,2025-04-28_11h23.10.824,RL_out-of-scanner,2024.2.4,59.53763075980678,2025-04-28 11h23.35.571925 -0500
45,0,45,space,2.5132015999406576,None,5,1.2503874995745718,None,225.36027980037034,k,0.5449423999525607,None,None,225.92602979997173,225.92640400025994,226.92549300007522,226.9255443001166,227.92564900033176,227.92568490002304,228.92468030005693,,,,,,,0,0,0,0,45,0,45,0,240.16543309995905,,,,,,,,,,,,,,,,,,,,,,,,,,,,,,225.36027980037034,240.15113139990717,240.16543309995905,240.16543309995905,240.16543309995905,240.16543309995905,240.71675280015916,k,0.5449423999525607,None,right,1,14,6,2,36,27,None,225.92602979997173,225.92640400025994,240.71725340001285,240.73207070026547,240.73207070026547,241.73278860002756,241.73278860002756,241.7162549002096,226.92549300007522,226.9255443001166,241.72693740017712,241.73278860002756,241.73278860002756,242.7325311000459,242.7325311000459,242.71643700031564,stimuli/box_coin_transparent.png,227.92564900033176,227.92568490002304,242.71652160026133,242.7325311000459,243.73279460007325,243.7154697002843,228.92468030005693,,,,,,,,,,,,,111111,right,no,None,2025-04-28_11h23.10.824,RL_out-of-scanner,2024.2.4,59.53763075980678,2025-04-28 11h23.35.571925 -0500
46,0,46,space,2.5132015999406576,None,5,1.2503874995745718,None,228.9263353003189,k,0.5001478996127844,None,None,229.44441850017756,229.4446999002248,231.44238210003823,231.4424200002104,232.44314390001819,232.4431843003258,233.44270080002025,,,,,,,0,0,0,0,46,0,46,0,243.73279460007325,,,,,,,,,,,,,,,,,,,,,,,,,,,,,,228.9263353003189,243.7171729002148,243.73279460007325,243.73279460007325,243.73279460007325,243.73279460007325,244.2351691001095,k,0.5001478996127844,None,right,1,14,7,2,37,28,None,229.44441850017756,229.4446999002248,244.2355345999822,244.24987470032647,244.24987470032647,246.25025180028751,246.25025180028751,246.2331552999094,231.44238210003823,231.4424200002104,246.24444040004164,246.25025180028751,246.25025180028751,,,247.23391650011763,stimuli/box_coin_transparent.png,232.44314390001819,232.4431843003258,247.23402510024607,247.24960350012407,248.24989650025964,248.23348880000412,233.44270080002025,,,,,,,,,,,,,111111,right,no,None,2025-04-28_11h23.10.824,RL_out-of-scanner,2024.2.4,59.53763075980678,2025-04-28 11h23.35.571925 -0500
47,0,47,space,2.5132015999406576,None,5,1.2503874995745718,None,233.44458540016785,k,0.4680425003170967,None,None,233.94412260036916,233.9443863001652,236.95838740002364,236.95844070008025,237.97480790037662,237.97484889999032,239.47502490039915,,,,,,,0,0,0,0,47,0,47,0,248.24989650025964,,,,,,,,,,,,,,,,,,,,,,,,,,,,,,233.44458540016785,248.23542889999226,248.24989650025964,248.24989650025964,248.24989650025964,248.24989650025964,248.73487110016868,k,0.4680425003170967,None,right,1,14,8,2,38,29,None,233.94412260036916,233.9443863001652,248.7352209002711,248.74985150014982,248.74985150014982,251.76815870031714,251.76815870031714,251.74913940019906,236.95838740002364,236.95844070008025,251.76213770033792,251.76815870031714,251.76815870031714,,,252.76558919996023,stimuli/box_coin_transparent.png,237.97480790037662,237.97484889999032,252.76569270016626,252.78236010018736,254.28305630013347,254.2658184003085,239.47502490039915,,,,,,,,,,,,,111111,right,no,None,2025-04-28_11h23.10.824,RL_out-of-scanner,2024.2.4,59.53763075980678,2025-04-28 11h23.35.571925 -0500
48,0,48,space,2.5132015999406576,None,5,1.2503874995745718,None,239.4765445003286,k,0.7185702999122441,None,None,240.2257944000885,240.22616090020165,241.72516839997843,241.72520530037582,242.72517200000584,242.72521080030128,246.2241587000899,,,,,,,0,0,0,0,48,0,48,0,254.28305630013347,,,,,,,,,,,,,,,,,,,,,,,,,,,,,,239.4765445003286,254.26738180033863,254.28305630013347,254.28305630013347,254.28305630013347,254.28305630013347,255.0165132000111,k,0.7185702999122441,None,right,1,14,9,2,39,30,None,240.2257944000885,240.22616090020165,255.0170046002604,255.03194350004196,255.03194350004196,256.53225809987634,256.53225809987634,256.5159372999333,241.72516839997843,241.72520530037582,256.52592890011147,256.53225809987634,256.53225809987634,257.5313189001754,257.5313189001754,257.51595870032907,stimuli/box_coin_transparent.png,242.72517200000584,242.72521080030128,257.5160511001013,257.5313189001754,261.0326817003079,261.01495070010424,246.2241587000899,,,,,,,,,,,,,111111,right,no,None,2025-04-28_11h23.10.824,RL_out-of-scanner,2024.2.4,59.53763075980678,2025-04-28 11h23.35.571925 -0500
49,0,49,space,2.5132015999406576,None,5,1.2503874995745718,None,246.22558470023796,k,0.4087856998667121,None,None,246.6598184001632,246.66010770015419,248.1600142000243,248.16005730023608,249.1741392002441,249.17417660029605,249.1746388,,,,,,,0,0,0,0,49,0,49,0,261.0326817003079,,,,,,,,,,,,,,,,,,,,,,,,,,,,,,246.22558470023796,261.01642240025103,261.0326817003079,261.0326817003079,261.0326817003079,261.0326817003079,261.45054360013455,k,0.4087856998667121,None,right,0,14,9,2,40,30,None,246.6598184001632,246.66010770015419,261.4509443002753,261.46542350016534,261.46542350016534,262.96655480004847,262.96655480004847,262.95078109996393,248.1600142000243,248.16005730023608,262.9602441000752,262.96655480004847,262.96655480004847,,,263.96492390008643,stimuli/box_empty_transparent.png,249.1741392002441,249.17417660029605,263.9650175003335,263.9884913000278,263.9884913000278,263.9654343998991,249.1746388,,,,,,,,,,,,,111111,right,no,None,2025-04-28_11h23.10.824,RL_out-of-scanner,2024.2.4,59.53763075980678,2025-04-28 11h23.35.571925 -0500
0,0,0,space,2.5132015999406576,None,5,1.2503874995745718,None,,,,,,,,,,,,,,,,,,,0,0,0,0,,,,,,,,,,,,,,,,,,,,,,,,,,,,,,,,,,,,,,,,,,,,,,,,,,,,,,,,,,,,,,,,,,,,,,,,,,,,,,,263.9835097999312,263.9884913000278,267.9661416001618,267.9688981003128,267.9821796999313,318.44742069998756,318.43142840033397,,,,111111,right,no,None,2025-04-28_11h23.10.824,RL_out-of-scanner,2024.2.4,59.53763075980678,2025-04-28 11h23.35.571925 -0500
0,0,0,space,6.886649499647319,None,5,2.0652808002196252,None,0.0017775,j,0.6716307997703552,None,None,0.7011398002505302,0.7014768999069929,1.7157775000669062,1.7158305998891592,2.716600799933076,2.7166391001082957,4.731943000108004,,,,,,,1,0,1,0,0,0,0,0,327.44777420023456,,,,,,,,,,,,,,,,318.43161249998957,318.44742069998756,318.44742069998756,325.3483645003289,space,6.886649499647319,None,325.34847250021994,325.3636614000425,325.3636614000425,327.43097510002553,5,2.0652808002196252,None,0.0017775,327.4328288002871,327.44777420023456,327.44777420023456,327.44777420023456,327.44777420023456,328.13209949992597,j,0.6716307997703552,None,right,0,8,0,3,40,0,None,0.7011398002505302,0.7014768999069929,328.1325262999162,328.14728190004826,328.14728190004826,329.1636812998913,329.1636812998913,329.1467470000498,1.7157775000669062,1.7158305998891592,329.1572545003146,329.1636812998913,329.1636812998913,,,330.14759849989787,stimuli/box_empty_transparent.png,2.716600799933076,2.7166391001082957,330.1476892000064,330.1641997001134,332.17942660022527,332.1629413003102,4.731943000108004,,,,,,,,,,,,,111111,right,no,None,2025-04-28_11h23.10.824,RL_out-of-scanner,2024.2.4,59.53763075980678,2025-04-28 11h23.35.571925 -0500
1,0,1,space,6.886649499647319,None,5,2.0652808002196252,None,4.734231399837881,k,0.37364349979907274,None,None,5.133127899840474,5.133373800199479,6.634080400224775,6.634118599817157,7.648365700151771,7.648404099978507,9.149813800118864,,,,,,,1,0,1,0,1,0,1,0,332.17942660022527,,,,,,,,,,,,,,,,,,,,,,,,,,,,,,4.734231399837881,332.16529599996284,332.17942660022527,332.17942660022527,332.17942660022527,332.17942660022527,332.5640873000957,k,0.37364349979907274,None,right,1,8,1,3,41,1,None,5.133127899840474,5.133373800199479,332.56442219996825,332.5794818000868,332.5794818000868,334.0811930000782,334.0811930000782,334.06506780022755,6.634080400224775,6.634118599817157,334.07554000010714,334.0811930000782,334.0811930000782,,,335.07936260011047,stimuli/box_coin_transparent.png,7.648365700151771,7.648404099978507,335.0794579000212,335.0954114999622,336.59736869996414,336.5808192002587,9.149813800118864,,,,,,,,,,,,,111111,right,no,None,2025-04-28_11h23.10.824,RL_out-of-scanner,2024.2.4,59.53763075980678,2025-04-28 11h23.35.571925 -0500
2,0,2,space,6.886649499647319,None,5,2.0652808002196252,None,9.1513178,k,0.34918890008702874,None,None,9.517478300258517,9.517761399969459,10.516832999885082,10.516871099825948,11.517336199991405,11.517368400003761,14.516021800227463,,,,,,,1,0,1,0,2,0,2,0,336.59736869996414,,,,,,,,,,,,,,,,,,,,,,,,,,,,,,9.1513178,336.5823694001883,336.59736869996414,336.59736869996414,336.59736869996414,336.59736869996414,336.9484147001058,k,0.34918890008702874,None,right,0,8,1,3,42,1,None,9.517478300258517,9.517761399969459,336.9488098002039,336.9641010998748,336.9641010998748,337.9630490001291,337.9630490001291,337.9478163002059,10.516832999885082,10.516871099825948,337.95681390026584,337.9630490001291,337.9630490001291,338.9635777003132,338.9635777003132,338.94833700032905,stimuli/box_empty_transparent.png,11.517336199991405,11.517368400003761,338.9484145999886,338.9635777003132,341.9624196,341.9470267998986,14.516021800227463,,,,,,,,,,,,,111111,right,no,None,2025-04-28_11h23.10.824,RL_out-of-scanner,2024.2.4,59.53763075980678,2025-04-28 11h23.35.571925 -0500
3,0,3,space,6.886649499647319,None,5,2.0652808002196252,None,14.517473999876529,k,0.7494251998141408,None,None,15.284184699878097,15.284477000124753,17.28326669987291,17.283305699937046,18.283196200150996,18.2832282,19.298204900231212,,,,,,,1,0,1,0,3,0,3,0,341.9624196,,,,,,,,,,,,,,,,,,,,,,,,,,,,,,14.517473999876529,341.94852530024946,341.9624196,341.9624196,341.9624196,341.9624196,342.71508220024407,k,0.7494251998141408,None,right,1,8,2,3,43,2,None,15.284184699878097,15.284477000124753,342.7155256001279,342.7311201002449,342.7311201002449,344.7307525998913,344.7307525998913,344.71425050031394,17.28326669987291,17.283305699937046,344.72505269991234,344.7307525998913,344.7307525998913,345.7299373,345.7299373,345.71419940004125,stimuli/box_coin_transparent.png,18.283196200150996,18.2832282,345.7142751002684,345.7299373,346.74563630018383,346.7291975999251,19.298204900231212,,,,,,,,,,,,,111111,right,no,None,2025-04-28_11h23.10.824,RL_out-of-scanner,2024.2.4,59.53763075980678,2025-04-28 11h23.35.571925 -0500
4,0,4,space,6.886649499647319,None,5,2.0652808002196252,None,19.2999622,k,0.4653735002502799,None,None,19.782958200201392,19.783282299991697,20.782762200105935,20.782805900089443,21.783229399938136,21.783267800230533,24.282550500240177,,,,,,,1,0,1,0,4,0,4,0,346.74563630018383,,,,,,,,,,,,,,,,,,,,,,,,,,,,,,19.2999622,346.7310152,346.74563630018383,346.74563630018383,346.74563630018383,346.74563630018383,347.2138853003271,k,0.4653735002502799,None,right,0,8,2,3,44,2,None,19.782958200201392,19.783282299991697,347.21433710027486,347.22938639996573,347.22938639996573,348.22968719992787,348.22968719992787,348.2137398002669,20.782762200105935,20.782805900089443,348.22306400025263,348.22968719992787,348.22968719992787,349.2286717998795,349.2286717998795,349.21422890014946,stimuli/box_empty_transparent.png,21.783229399938136,21.783267800230533,349.2143199001439,349.2286717998795,351.7302483,351.7135568000376,24.282550500240177,,,,,,,,,,,,,111111,right,no,None,2025-04-28_11h23.10.824,RL_out-of-scanner,2024.2.4,59.53763075980678,2025-04-28 11h23.35.571925 -0500
5,0,5,space,6.886649499647319,None,5,2.0652808002196252,None,24.284013799857348,k,0.38877590000629425,None,None,24.699020199943334,24.699384999927133,28.199947400018573,28.1999843,29.200538699980825,29.200571699999273,31.214322000276297,,,,,,,1,0,1,0,5,0,5,0,351.7302483,,,,,,,,,,,,,,,,,,,,,,,,,,,,,,24.284013799857348,351.71506540011615,351.7302483,351.7302483,351.7302483,351.7302483,352.12995380023494,k,0.38877590000629425,None,right,1,8,3,3,45,3,None,24.699020199943334,24.699384999927133,352.13044770015404,352.14574200008065,352.14574200008065,355.6462893001735,355.6462893001735,355.6309344000183,28.199947400018573,28.1999843,355.6407488002442,355.6462893001735,355.6462893001735,356.6466854000464,356.6466854000464,356.63154260022566,stimuli/box_coin_transparent.png,29.200538699980825,29.200571699999273,356.6316170003265,356.6466854000464,358.66196539998055,358.64532979996875,31.214322000276297,,,,,,,,,,,,,111111,right,no,None,2025-04-28_11h23.10.824,RL_out-of-scanner,2024.2.4,59.53763075980678,2025-04-28 11h23.35.571925 -0500
6,0,6,space,6.886649499647319,None,5,2.0652808002196252,None,31.21585420006886,k,0.3455388001166284,None,None,31.58262260025367,31.582901999820024,32.5838005,32.5838377,33.5826938,33.58273130003363,34.59766780026257,,,,,,,1,0,1,0,6,0,6,0,358.66196539998055,,,,,,,,,,,,,,,,,,,,,,,,,,,,,,31.21585420006886,358.6469065002166,358.66196539998055,358.66196539998055,358.66196539998055,358.66196539998055,359.01358269993216,k,0.3455388001166284,None,right,1,8,4,3,46,4,None,31.58262260025367,31.582901999820024,359.0139514999464,359.0288372999057,359.0288372999057,360.03060019994155,360.03060019994155,360.0147842,32.5838005,32.5838377,360.02471989998594,360.03060019994155,360.03060019994155,361.0292346999049,361.0292346999049,361.0136919999495,stimuli/box_coin_transparent.png,33.5826938,33.58273130003363,361.01378379995003,361.0292346999049,362.0453786002472,362.0286747002974,34.59766780026257,,,,,,,,,,,,,111111,right,no,None,2025-04-28_11h23.10.824,RL_out-of-scanner,2024.2.4,59.53763075980678,2025-04-28 11h23.35.571925 -0500
7,0,7,space,6.886649499647319,None,5,2.0652808002196252,None,34.59957200009376,k,0.49225369980558753,None,None,35.11659720027819,35.11700370023027,37.11460330011323,37.114654399920255,38.11521050008014,38.115257000084966,40.115543299820274,,,,,,,1,0,1,0,7,0,7,0,362.0453786002472,,,,,,,,,,,,,,,,,,,,,,,,,,,,,,34.59957200009376,362.0306392000057,362.0453786002472,362.0453786002472,362.0453786002472,362.0453786002472,362.5475297002122,k,0.49225369980558753,None,right,1,8,5,3,47,5,None,35.11659720027819,35.11700370023027,362.54806820023805,362.5621982002631,362.5621982002631,364.56391269993037,364.56391269993037,364.5455721002072,37.11460330011323,37.114654399920255,364.5581625001505,364.56391269993037,364.56391269993037,,,365.5461995000951,stimuli/box_coin_transparent.png,38.11521050008014,38.115257000084966,365.54631970031187,365.56195400003344,367.5621538,367.5465458999388,40.115543299820274,,,,,,,,,,,,,111111,right,no,None,2025-04-28_11h23.10.824,RL_out-of-scanner,2024.2.4,59.53763075980678,2025-04-28 11h23.35.571925 -0500
8,0,8,space,6.886649499647319,None,5,2.0652808002196252,None,40.117021600250155,k,0.3465831996873021,None,None,40.483469599857926,40.48373429989442,43.49843059992418,43.498476000037044,44.51424359995872,44.51427539996803,46.01574649987742,,,,,,,1,0,1,0,8,0,8,0,367.5621538,,,,,,,,,,,,,,,,,,,,,,,,,,,,,,40.117021600250155,367.54807260027155,367.5621538,367.5621538,367.5621538,367.5621538,367.9144323999062,k,0.3465831996873021,None,right,1,8,6,3,48,6,None,40.483469599857926,40.48373429989442,367.9147824,367.9302722001448,367.9302722001448,370.94700710009784,370.94700710009784,370.92940529994667,43.49843059992418,43.498476000037044,370.9407659000717,370.94700710009784,370.94700710009784,,,371.94524440029636,stimuli/box_coin_transparent.png,44.51424359995872,44.51427539996803,371.94532150030136,371.9632198000327,373.4625721001066,373.44675170024857,46.01574649987742,,,,,,,,,,,,,111111,right,no,None,2025-04-28_11h23.10.824,RL_out-of-scanner,2024.2.4,59.53763075980678,2025-04-28 11h23.35.571925 -0500
9,0,9,space,6.886649499647319,None,5,2.0652808002196252,None,46.01730389986187,k,0.31447149999439716,None,None,46.349751099944115,46.35001830011606,47.86423509987071,47.86430380027741,48.864166900049895,48.86420729989186,50.865465899929404,,,,,,,1,0,1,0,9,0,9,0,373.4625721001066,,,,,,,,,,,,,,,,,,,,,,,,,,,,,,46.01730389986187,373.44835480023175,373.4625721001066,373.4625721001066,373.4625721001066,373.4625721001066,373.7807103,k,0.31447149999439716,None,right,1,8,7,3,49,7,None,46.349751099944115,46.35001830011606,373.78106650011614,373.79641479998827,373.79641479998827,375.31224970007315,375.31224970007315,375.29522420000285,47.86423509987071,47.86430380027741,375.30578580033034,375.31224970007315,375.31224970007315,376.3110905,376.3110905,376.2951632998884,stimuli/box_coin_transparent.png,48.864166900049895,48.86420729989186,376.2952665002085,376.3110905,378.31251819990575,378.2964707002975,50.865465899929404,,,,,,,,,,,,,111111,right,no,None,2025-04-28_11h23.10.824,RL_out-of-scanner,2024.2.4,59.53763075980678,2025-04-28 11h23.35.571925 -0500
10,0,10,space,6.886649499647319,None,5,2.0652808002196252,None,50.866916300263256,k,0.7148120999336243,None,None,51.59977489989251,51.60011850018054,53.098010200075805,53.09805590007454,54.09747359994799,54.09751049987972,55.098009100183845,,,,,,,1,0,1,0,10,0,10,0,378.31251819990575,,,,,,,,,,,,,,,,,,,,,,,,,,,,,,50.866916300263256,378.2979677002877,378.31251819990575,378.31251819990575,378.31251819990575,378.31251819990575,379.0307122003287,k,0.7148120999336243,None,right,1,8,8,3,50,8,None,51.59977489989251,51.60011850018054,379.03116940008476,379.0459238002077,379.0459238002077,380.54535329993814,380.54535329993814,380.5289819003083,53.098010200075805,53.09805590007454,380.53953120019287,380.54535329993814,380.54535329993814,381.5445277001709,381.5445277001709,381.5284724002704,stimuli/box_coin_transparent.png,54.09747359994799,54.09751049987972,381.52856269991025,381.5445277001709,382.5451711001806,382.5290124001913,55.098009100183845,,,,,,,,,,,,,111111,right,no,None,2025-04-28_11h23.10.824,RL_out-of-scanner,2024.2.4,59.53763075980678,2025-04-28 11h23.35.571925 -0500
11,0,11,space,6.886649499647319,None,5,2.0652808002196252,None,55.09975619986653,k,0.4886379,None,None,55.61606749985367,55.61638340028003,57.61599150020629,57.61603130027652,58.61549049988389,58.61552709992975,60.11390689993277,,,,,,,1,0,1,0,11,0,11,0,382.5451711001806,,,,,,,,,,,,,,,,,,,,,,,,,,,,,,55.09975619986653,382.5308154001832,382.5451711001806,382.5451711001806,382.5451711001806,382.5451711001806,383.0470137000084,k,0.4886379,None,left,1,15,0,4,50,8,None,55.61606749985367,55.61638340028003,383.0474384999834,383.06320830015466,383.06320830015466,385.0616504,385.0616504,385.0469742999412,57.61599150020629,57.61603130027652,385.0552576002665,385.0616504,385.0616504,386.0618543000892,386.0618543000892,386.0464896000922,stimuli/box_empty_transparent.png,58.61549049988389,58.61552709992975,386.04657860007137,386.0618543000892,387.56217680033296,387.54491050029173,60.11390689993277,,,,,,,,,,,,,111111,right,no,None,2025-04-28_11h23.10.824,RL_out-of-scanner,2024.2.4,59.53763075980678,2025-04-28 11h23.35.571925 -0500
12,0,12,space,6.886649499647319,None,5,2.0652808002196252,None,60.11588029982522,k,0.32457980001345277,None,None,60.46451380010694,60.46483610011637,61.46462500002235,61.46467899996787,62.48162480024621,62.481657499913126,65.49672409985214,,,,,,,1,0,1,0,12,0,12,0,387.56217680033296,,,,,,,,,,,,,,,,,,,,,,,,,,,,,,60.11588029982522,387.5469336002134,387.56217680033296,387.56217680033296,387.56217680033296,387.56217680033296,387.89546180004254,k,0.32457980001345277,None,left,1,15,0,4,50,8,None,60.46451380010694,60.46483610011637,387.8958912999369,387.9113169000484,387.9113169000484,388.9127462999895,388.9127462999895,388.8955939002335,61.46462500002235,61.46467899996787,388.9063828000799,388.9127462999895,388.9127462999895,,,389.91262520011514,stimuli/box_empty_transparent.png,62.48162480024621,62.481657499913126,389.9127066000365,389.9283479000442,392.944392,392.9277250999585,65.49672409985214,,,,,,,,,,,,,111111,right,no,None,2025-04-28_11h23.10.824,RL_out-of-scanner,2024.2.4,59.53763075980678,2025-04-28 11h23.35.571925 -0500
13,0,13,space,6.886649499647319,None,5,2.0652808002196252,None,65.49826889997348,j,0.5070174001157284,None,None,66.03152179997414,66.03186810016632,66.53044450003654,66.53049040026963,67.53125709993765,67.53130740020424,69.53020799998194,,,,,,,1,0,1,0,13,0,13,0,392.944392,,,,,,,,,,,,,,,,,,,,,,,,,,,,,,65.49826889997348,392.92932240013033,392.944392,392.944392,392.944392,392.944392,393.4624729999341,j,0.5070174001157284,None,left,1,15,1,4,51,9,None,66.03152179997414,66.03186810016632,393.462923,393.47810780024156,393.47810780024156,393.9789729001932,393.9789729001932,393.96142189996317,66.53044450003654,66.53049040026963,393.9727782001719,393.9789729001932,393.9789729001932,394.97761130006984,394.97761130006984,394.96225620014593,stimuli/box_coin_transparent.png,67.53125709993765,67.53130740020424,394.96235450031236,394.97761130006984,396.9775374000892,396.96121140010655,69.53020799998194,,,,,,,,,,,,,111111,right,no,None,2025-04-28_11h23.10.824,RL_out-of-scanner,2024.2.4,59.53763075980678,2025-04-28 11h23.35.571925 -0500
14,0,14,space,6.886649499647319,None,5,2.0652808002196252,None,69.53218800015748,j,0.4972834000363946,None,None,70.04881090018898,70.04915220011026,71.54671509983018,71.54675910016522,72.54641650011763,72.54644780000672,73.54613080015406,,,,,,,1,0,1,0,14,0,14,0,396.9775374000892,,,,,,,,,,,,,,,,,,,,,,,,,,,,,,69.53218800015748,396.96324599999934,396.9775374000892,396.9775374000892,396.9775374000892,396.9775374000892,397.47977339988574,j,0.4972834000363946,None,left,0,15,1,4,52,9,None,70.04881090018898,70.04915220011026,397.4802013998851,397.4946866002865,397.4946866002865,398.99407610017806,398.99407610017806,398.97769360011443,71.54671509983018,71.54675910016522,398.9861298003234,398.99407610017806,398.99407610017806,399.99310410022736,399.99310410022736,399.97741999989375,stimuli/box_empty_transparent.png,72.54641650011763,72.54644780000672,399.97749429987743,399.99310410022736,400.9935345,400.97713660029694,73.54613080015406,,,,,,,,,,,,,111111,right,no,None,2025-04-28_11h23.10.824,RL_out-of-scanner,2024.2.4,59.53763075980678,2025-04-28 11h23.35.571925 -0500
15,0,15,space,6.886649499647319,None,5,2.0652808002196252,None,73.54756559990346,j,0.7896056999452412,None,['j'],74.3637154,74.36419790005311,75.36336660012603,75.36340419994667,76.36321379989386,76.36325610009953,78.36273860000074,[0.4175991998054087],[0.09665550012141466],,,,,1,0,1,0,15,0,15,0,400.9935345,,,,,,,,,,,,,,,,,,,,,,,,,,,,,,73.54756559990346,400.97861730027944,400.9935345,400.9935345,400.9935345,400.9935345,401.7946023000404,j,0.7896056999452412,None,left,1,15,2,4,53,10,['j'],74.3637154,74.36419790005311,401.79525380022824,401.81028959993273,401.81028959993273,402.8105951999314,402.8105951999314,402.79431449994445,75.36336660012603,75.36340419994667,402.80402630008757,402.8105951999314,402.8105951999314,403.81006909999996,403.81006909999996,403.7942059999332,stimuli/box_coin_transparent.png,76.36321379989386,76.36325610009953,403.79429979994893,403.81006909999996,405.8116939002648,405.79373970022425,78.36273860000074,[0.4175991998054087],[0.09665550012141466],,,,,,,,,,,111111,right,no,None,2025-04-28_11h23.10.824,RL_out-of-scanner,2024.2.4,59.53763075980678,2025-04-28 11h23.35.571925 -0500
16,0,16,space,6.886649499647319,None,5,2.0652808002196252,None,78.3645407,j,0.4359583002515137,None,None,78.83025579992682,78.83061189996079,80.82967540016398,80.8297131,81.82966510020196,81.82971960026771,82.8300526,,,,,,,1,0,1,0,16,0,16,0,405.8116939002648,,,,,,,,,,,,,,,,,,,,,,,,,,,,,,78.3645407,405.7955990000628,405.8116939002648,405.8116939002648,405.8116939002648,405.8116939002648,406.26120200008154,j,0.4359583002515137,None,left,1,15,3,4,54,11,None,78.83025579992682,78.83061189996079,406.2616679999046,406.2767635001801,406.2767635001801,408.27707449998707,408.27707449998707,408.2606605999172,80.82967540016398,80.8297131,408.2705196002498,408.27707449998707,408.27707449998707,409.27682550018653,409.27682550018653,409.26066200016066,stimuli/box_coin_transparent.png,81.82966510020196,81.82971960026771,409.2607744000852,409.27682550018653,410.2783731003292,410.26105890003964,82.8300526,,,,,,,,,,,,,111111,right,no,None,2025-04-28_11h23.10.824,RL_out-of-scanner,2024.2.4,59.53763075980678,2025-04-28 11h23.35.571925 -0500
17,0,17,space,6.886649499647319,None,5,2.0652808002196252,None,82.83177650021389,j,0.4345030998811126,None,None,83.29688950022683,83.29727869993076,84.3126565,84.31269269995391,85.31307550007477,85.31311570014805,86.31332040019333,,,,,,,1,0,1,0,17,0,17,0,410.2783731003292,,,,,,,,,,,,,,,,,,,,,,,,,,,,,,82.83177650021389,410.2628334001638,410.2783731003292,410.2783731003292,410.2783731003292,410.2783731003292,410.7278220001608,j,0.4345030998811126,None,left,0,15,3,4,55,11,None,83.29688950022683,83.29727869993076,410.7283350001089,410.7445050003007,410.7445050003007,411.76053220033646,411.76053220033646,411.74364330014214,84.3126565,84.31269269995391,411.75242329994217,411.76053220033646,411.76053220033646,,,412.7440653000958,stimuli/box_empty_transparent.png,85.31307550007477,85.31311570014805,412.74416590016335,412.76015500025824,413.76011510007083,413.74431869992986,86.31332040019333,,,,,,,,,,,,,111111,right,no,None,2025-04-28_11h23.10.824,RL_out-of-scanner,2024.2.4,59.53763075980678,2025-04-28 11h23.35.571925 -0500
18,0,18,space,6.886649499647319,None,5,2.0652808002196252,None,86.31496990006417,j,0.4468816998414695,None,None,86.7812366,86.78163830004632,90.27917130012065,90.27920900005847,91.27911229990423,91.27914820006117,93.28000700008124,,,,,,,1,0,1,0,18,0,18,0,413.76011510007083,,,,,,,,,,,,,,,,,,,,,,,,,,,,,,86.31496990006417,413.7460213000886,413.76011510007083,413.76011510007083,413.76011510007083,413.76011510007083,414.21217019995674,j,0.4468816998414695,None,left,1,15,4,4,56,12,None,86.7812366,86.78163830004632,414.21269490011036,414.2272363002412,414.2272363002412,417.7260032999329,417.7260032999329,417.71016000024974,90.27917130012065,90.27920900005847,417.72026799991727,417.7260032999329,417.7260032999329,418.7259182999842,418.7259182999842,418.7101115002297,stimuli/box_coin_transparent.png,91.27911229990423,91.27914820006117,418.7101944,418.7259182999842,420.72760250000283,420.71101110009477,93.28000700008124,,,,,,,,,,,,,111111,right,no,None,2025-04-28_11h23.10.824,RL_out-of-scanner,2024.2.4,59.53763075980678,2025-04-28 11h23.35.571925 -0500
19,0,19,space,6.886649499647319,None,5,2.0652808002196252,None,93.28181429998949,j,0.3021686999127269,None,None,93.61445540003479,93.61478260019794,94.61237380001694,94.61241669999436,95.61264850012958,95.61268129991367,97.11296120006591,,,,,,,1,0,1,0,19,0,19,0,420.72760250000283,,,,,,,,,,,,,,,,,,,,,,,,,,,,,,93.28181429998949,420.7128711999394,420.72760250000283,420.72760250000283,420.72760250000283,420.72760250000283,421.04541670018807,j,0.3021686999127269,None,left,1,15,5,4,57,13,None,93.61445540003479,93.61478260019794,421.0458317003213,421.0597061002627,421.0597061002627,422.06021280027926,422.06021280027926,422.04335190029815,94.61237380001694,94.61241669999436,422.0531407003291,422.06021280027926,422.06021280027926,423.0592362000607,423.0592362000607,423.0436511998996,stimuli/box_coin_transparent.png,95.61264850012958,95.61268129991367,423.0437282999046,423.0592362000607,424.56122210016474,424.54396599996835,97.11296120006591,,,,,,,,,,,,,111111,right,no,None,2025-04-28_11h23.10.824,RL_out-of-scanner,2024.2.4,59.53763075980678,2025-04-28 11h23.35.571925 -0500
20,0,20,space,6.886649499647319,None,5,2.0652808002196252,None,97.11446660012007,j,0.3627892998047173,None,None,97.49741430021822,97.49774440005422,99.49586339993402,99.49590029986575,100.49573440011591,100.49577210005373,102.49510349985212,,,,,,,1,0,1,0,20,0,20,0,424.56122210016474,,,,,,,,,,,,,,,,,,,,,,,,,,,,,,97.11446660012007,424.5455173002556,424.56122210016474,424.56122210016474,424.56122210016474,424.56122210016474,424.92837550025433,j,0.3627892998047173,None,left,0,15,5,4,58,13,None,97.49741430021822,97.49774440005422,424.9287931001745,424.9432675,424.9432675,426.9432107000612,426.9432107000612,426.9268491002731,99.49586339993402,99.49590029986575,426.93518189992756,426.9432107000612,426.9432107000612,427.9423517002724,427.9423517002724,427.92673479998484,stimuli/box_empty_transparent.png,100.49573440011591,100.49577210005373,427.92682520020753,427.9423517002724,429.94269330007955,429.9261108,102.49510349985212,,,,,,,,,,,,,111111,right,no,None,2025-04-28_11h23.10.824,RL_out-of-scanner,2024.2.4,59.53763075980678,2025-04-28 11h23.35.571925 -0500
21,0,21,space,6.886649499647319,None,5,2.0652808002196252,None,102.49662009999156,j,0.4144239998422563,None,None,102.93004920007661,102.93048739992082,105.92879169993103,105.92883050022647,106.92866440024227,106.92869700025767,108.4280985002406,,,,,,,1,0,1,0,21,0,21,0,429.94269330007955,,,,,,,,,,,,,,,,,,,,,,,,,,,,,,102.49662009999156,429.92767170025036,429.94269330007955,429.94269330007955,429.94269330007955,429.94269330007955,430.36100940033793,j,0.4144239998422563,None,left,1,15,6,4,59,14,None,102.93004920007661,102.93048739992082,430.3615385000594,430.37623250018805,430.37623250018805,433.3765044999309,433.3765044999309,433.35977789992467,105.92879169993103,105.92883050022647,433.3695031,433.3765044999309,433.3765044999309,434.37542070029303,434.37542070029303,434.3596664001234,stimuli/box_coin_transparent.png,106.92866440024227,106.92869700025767,434.3597442000173,434.37542070029303,435.8758816001937,435.8590954001993,108.4280985002406,,,,,,,,,,,,,111111,right,no,None,2025-04-28_11h23.10.824,RL_out-of-scanner,2024.2.4,59.53763075980678,2025-04-28 11h23.35.571925 -0500
22,0,22,space,6.886649499647319,None,5,2.0652808002196252,None,108.42962219985202,j,0.41380420001223683,None,None,108.86311969999224,108.8634914,110.36201040027663,110.36204779986292,111.36213040025905,111.3621626002714,113.3624342000112,,,,,,,1,0,1,0,22,0,22,0,435.8758816001937,,,,,,,,,,,,,,,,,,,,,,,,,,,,,,108.42962219985202,435.8606822001748,435.8758816001937,435.8758816001937,435.8758816001937,435.8758816001937,436.2940743002109,j,0.41380420001223683,None,left,1,15,7,4,60,15,None,108.86311969999224,108.8634914,436.2945432001725,436.3093265001662,436.3093265001662,437.8094557002187,437.8094557002187,437.7929966999218,110.36201040027663,110.36204779986292,437.8026387002319,437.8094557002187,437.8094557002187,438.8095720000565,438.8095720000565,438.79313400015235,stimuli/box_coin_transparent.png,111.36213040025905,111.3621626002714,438.79320960026234,438.8095720000565,440.80985470023006,440.7934405002743,113.3624342000112,,,,,,,,,,,,,111111,right,no,None,2025-04-28_11h23.10.824,RL_out-of-scanner,2024.2.4,59.53763075980678,2025-04-28 11h23.35.571925 -0500
23,0,23,space,6.886649499647319,None,5,2.0652808002196252,None,113.36390649992973,j,0.18617150001227856,None,None,113.57938829995692,113.57972199982032,115.07845749985427,115.07849780004472,116.0785046000965,116.07853520009667,117.5781205999665,,,,,,,1,0,1,0,23,0,23,0,440.80985470023006,,,,,,,,,,,,,,,,,,,,,,,,,,,,,,113.36390649992973,440.79495720006526,440.80985470023006,440.80985470023006,440.80985470023006,440.80985470023006,441.0103315003216,j,0.18617150001227856,None,left,1,15,8,4,61,16,None,113.57938829995692,113.57972199982032,441.0107729001902,441.0259481999092,441.0259481999092,442.5262498999946,442.5262498999946,442.50944339996204,115.07845749985427,115.07849780004472,442.5203796001151,442.5262498999946,442.5262498999946,443.52511129993945,443.52511129993945,443.5095073999837,stimuli/box_coin_transparent.png,116.0785046000965,116.07853520009667,443.50958240032196,443.52511129993945,445.0256155002862,445.00912309996784,117.5781205999665,,,,,,,,,,,,,111111,right,no,None,2025-04-28_11h23.10.824,RL_out-of-scanner,2024.2.4,59.53763075980678,2025-04-28 11h23.35.571925 -0500
24,0,24,space,6.886649499647319,None,5,2.0652808002196252,None,117.57968970015645,j,0.3967114998959005,None,None,117.99581929994747,117.99612940009683,119.99507299996912,119.9951251000166,121.01117919990793,121.01121090026572,122.51115310005844,,,,,,,1,0,1,0,24,0,24,0,445.0256155002862,,,,,,,,,,,,,,,,,,,,,,,,,,,,,,117.57968970015645,445.0107424003072,445.0256155002862,445.0256155002862,445.0256155002862,445.0256155002862,445.42678040033206,j,0.3967114998959005,None,left,1,15,9,4,62,17,None,117.99581929994747,117.99612940009683,445.42717930022627,445.4427225999534,445.4427225999534,447.44389820005745,447.44389820005745,447.4260408002883,119.99507299996912,119.9951251000166,447.4375378,447.44389820005745,447.44389820005745,,,448.44217739999294,stimuli/box_coin_transparent.png,121.01117919990793,121.01121090026572,448.44225820014253,448.4588644001633,449.95902030030265,449.9421566003002,122.51115310005844,,,,,,,,,,,,,111111,right,no,None,2025-04-28_11h23.10.824,RL_out-of-scanner,2024.2.4,59.53763075980678,2025-04-28 11h23.35.571925 -0500
25,0,25,space,6.886649499647319,None,5,2.0652808002196252,None,122.51268579997122,j,0.30775419995188713,None,None,122.8473347001709,122.84767490020022,123.84490700019524,123.84495220007375,124.84513449994847,124.84518520021811,128.34515010006726,,,,,,,1,0,1,0,25,0,25,0,449.95902030030265,,,,,,,,,,,,,,,,,,,,,,,,,,,,,,122.51268579997122,449.9437378998846,449.95902030030265,449.95902030030265,449.95902030030265,449.95902030030265,450.27827690029517,j,0.30775419995188713,None,left,1,15,10,4,63,18,None,122.8473347001709,122.84767490020022,450.27872480032966,450.2921460000798,450.2921460000798,451.2924669003114,451.2924669003114,451.27588530024514,123.84490700019524,123.84495220007375,451.2866283003241,451.2924669003114,451.2924669003114,,,452.2761313999072,stimuli/box_coin_transparent.png,124.84513449994847,124.84518520021811,452.27623909991235,452.291537,455.7931854999624,455.77615510020405,128.34515010006726,,,,,,,,,,,,,111111,right,no,None,2025-04-28_11h23.10.824,RL_out-of-scanner,2024.2.4,59.53763075980678,2025-04-28 11h23.35.571925 -0500
26,0,26,space,6.886649499647319,None,5,2.0652808002196252,None,128.34663210017607,j,0.37875449983403087,None,None,128.74681090004742,128.74714310001582,129.2455083001405,129.2455469002016,130.2456180001609,130.2456499999389,133.74539959989488,,,,,,,1,0,1,0,26,0,26,0,455.7931854999624,,,,,,,,,,,,,,,,,,,,,,,,,,,,,,128.34663210017607,455.77769510028884,455.7931854999624,455.7931854999624,455.7931854999624,455.7931854999624,456.17777279997244,j,0.37875449983403087,None,left,1,15,11,4,64,19,None,128.74681090004742,128.74714310001582,456.17819239990786,456.1921977000311,456.1921977000311,456.6925305002369,456.6925305002369,456.67649240000173,129.2455083001405,129.2455469002016,456.6862853001803,456.6925305002369,456.6925305002369,457.69213790027425,457.69213790027425,457.6766222999431,stimuli/box_coin_transparent.png,130.2456180001609,130.2456499999389,457.67669610027224,457.69213790027425,461.19258069992065,461.1764042000286,133.74539959989488,,,,,,,,,,,,,111111,right,no,None,2025-04-28_11h23.10.824,RL_out-of-scanner,2024.2.4,59.53763075980678,2025-04-28 11h23.35.571925 -0500
27,0,27,space,6.886649499647319,None,5,2.0652808002196252,None,133.7468917,j,0.36030459962785244,None,None,134.12982279993594,134.13014899985865,135.62793789990246,135.6279813000001,136.62814899999648,136.6281850002706,137.62843600008637,,,,,,,1,0,1,0,27,0,27,0,461.19258069992065,,,,,,,,,,,,,,,,,,,,,,,,,,,,,,133.7468917,461.17794260010123,461.19258069992065,461.19258069992065,461.19258069992065,461.19258069992065,461.56078310031444,j,0.36030459962785244,None,left,1,15,12,4,65,20,None,134.12982279993594,134.13014899985865,461.5611978000961,461.5752007002011,461.5752007002011,463.0753774000332,463.0753774000332,463.0589160001837,135.62793789990246,135.6279813000001,463.06877200026065,463.0753774000332,463.0753774000332,,,464.0591390999034,stimuli/box_coin_transparent.png,136.62814899999648,136.6281850002706,464.0592339001596,464.0747034000233,465.0755008002743,465.0594415999949,137.62843600008637,,,,,,,,,,,,,111111,right,no,None,2025-04-28_11h23.10.824,RL_out-of-scanner,2024.2.4,59.53763075980678,2025-04-28 11h23.35.571925 -0500
28,0,28,space,6.886649499647319,None,5,2.0652808002196252,None,137.62995090009645,j,1.0600034999661148,None,['j'],138.71214290009812,138.7125189001672,139.72873029997572,139.72877519996837,140.7276841001585,140.72771679982543,144.24398860009387,[0.5828195000067353],[0.1073938999325037],,,,,1,0,1,0,28,0,28,0,465.0755008002743,,,,,,,,,,,,,,,,,,,,,,,,,,,,,,137.62995090009645,465.0610013999976,465.0755008002743,465.0755008002743,465.0755008002743,465.0755008002743,466.1430754000321,j,1.0600034999661148,None,left,0,15,12,4,66,20,['j'],138.71214290009812,138.7125189001672,466.1435691001825,466.16028909990564,466.16028909990564,467.1753715001978,467.1753715001978,467.1597063001245,139.72873029997572,139.72877519996837,467.16832900000736,467.1753715001978,467.1753715001978,468.1778897000477,468.1778897000477,468.1586835999042,stimuli/box_empty_transparent.png,140.7276841001585,140.72771679982543,468.1587602002546,468.1778897000477,471.6916865003295,471.67499150009826,144.24398860009387,[0.5828195000067353],[0.1073938999325037],,,,,,,,,,,111111,right,no,None,2025-04-28_11h23.10.824,RL_out-of-scanner,2024.2.4,59.53763075980678,2025-04-28 11h23.35.571925 -0500
29,0,29,space,6.886649499647319,None,5,2.0652808002196252,None,144.24596100021154,j,0.3402242003940046,None,None,144.61284320009872,144.61317160027102,146.61085319984704,146.61089210025966,147.62730510020629,147.62734099989757,148.62838640017435,,,,,,,1,0,1,0,29,0,29,0,471.6916865003295,,,,,,,,,,,,,,,,,,,,,,,,,,,,,,144.24596100021154,471.67702679987997,471.6916865003295,471.6916865003295,471.6916865003295,471.6916865003295,472.0438048001379,j,0.3402242003940046,None,left,1,15,13,4,67,21,None,144.61284320009872,144.61317160027102,472.0442206999287,472.05828380025923,472.05828380025923,474.06136280018836,474.06136280018836,474.04183869995177,146.61085319984704,146.61089210025966,474.0516385002993,474.06136280018836,474.06136280018836,,,475.05830179993063,stimuli/box_coin_transparent.png,147.62730510020629,147.62734099989757,475.05839490005746,475.07508759992197,476.0756745003164,476.05939360009506,148.62838640017435,,,,,,,,,,,,,111111,right,no,None,2025-04-28_11h23.10.824,RL_out-of-scanner,2024.2.4,59.53763075980678,2025-04-28 11h23.35.571925 -0500
30,0,30,space,6.886649499647319,None,5,2.0652808002196252,None,148.6299232998863,j,0.5056000999175012,None,None,149.16143940016627,149.16186580015346,150.16083580022678,150.16088060010225,151.16150340018794,151.16153979999945,152.16123820003122,,,,,,,1,0,1,0,30,0,30,0,476.0756745003164,,,,,,,,,,,,,,,,,,,,,,,,,,,,,,148.6299232998863,476.0609749001451,476.0756745003164,476.0756745003164,476.0756745003164,476.0756745003164,476.5923740998842,j,0.5056000999175012,None,left,1,15,14,4,68,22,None,149.16143940016627,149.16186580015346,476.5929298,476.6081218998879,476.6081218998879,477.61016190005466,477.61016190005466,477.5918153002858,150.16083580022678,150.16088060010225,477.6040773000568,477.61016190005466,477.61016190005466,,,478.59250020002946,stimuli/box_coin_transparent.png,151.16150340018794,151.16153979999945,478.5925933001563,478.6086773001589,479.6085637002252,479.5922453003004,152.16123820003122,,,,,,,,,,,,,111111,right,no,None,2025-04-28_11h23.10.824,RL_out-of-scanner,2024.2.4,59.53763075980678,2025-04-28 11h23.35.571925 -0500
31,0,31,space,6.886649499647319,None,5,2.0652808002196252,None,152.1627894998528,j,0.49676419980823994,None,None,152.67849790025502,152.67883830005303,155.6773021,155.67734719999135,156.67753180023283,156.6775789000094,159.17777730012313,,,,,,,1,0,1,0,31,0,31,0,479.6085637002252,,,,,,,,,,,,,,,,,,,,,,,,,,,,,,152.1627894998528,479.5938404002227,479.6085637002252,479.6085637002252,479.6085637002252,479.6085637002252,480.10945830028504,j,0.49676419980823994,None,left,1,15,15,4,69,23,None,152.67849790025502,152.67883830005303,480.1098887003027,480.12465699994937,480.12465699994937,483.1252379999496,483.1252379999496,483.10828260006383,155.6773021,155.67734719999135,483.1198685001582,483.1252379999496,483.1252379999496,,,484.1084958999418,stimuli/box_coin_transparent.png,156.67753180023283,156.6775789000094,484.10864140000194,484.1245253998786,486.6248339000158,486.60878010001034,159.17777730012313,,,,,,,,,,,,,111111,right,no,None,2025-04-28_11h23.10.824,RL_out-of-scanner,2024.2.4,59.53763075980678,2025-04-28 11h23.35.571925 -0500
32,0,32,space,6.886649499647319,None,5,2.0652808002196252,None,159.17933299997821,j,0.2676369999535382,None,None,159.47857449995354,159.47893980005756,160.47810290008783,160.47814260004088,161.47717670025304,161.47721529984847,162.4767812001519,,,,,,,1,0,1,0,32,0,32,0,486.6248339000158,,,,,,,,,,,,,,,,,,,,,,,,,,,,,,159.17933299997821,486.6103834002279,486.6248339000158,486.6248339000158,486.6248339000158,486.6248339000158,486.90952600026503,j,0.2676369999535382,None,right,1,11,0,5,69,23,None,159.47857449995354,159.47893980005756,486.9099906999618,486.92422860022634,486.92422860022634,487.9246992999688,487.9246992999688,487.9090857002884,160.47810290008783,160.47814260004088,487.91756319999695,487.9246992999688,487.9246992999688,488.92380229989067,488.92380229989067,488.90817640023306,stimuli/box_empty_transparent.png,161.47717670025304,161.47721529984847,488.9082675999962,488.92380229989067,489.92450889991596,489.9077870999463,162.4767812001519,,,,,,,,,,,,,111111,right,no,None,2025-04-28_11h23.10.824,RL_out-of-scanner,2024.2.4,59.53763075980678,2025-04-28 11h23.35.571925 -0500
33,0,33,space,6.886649499647319,None,5,2.0652808002196252,None,162.47827719990164,j,0.5131359999068081,None,None,163.01241900026798,163.01273539988324,165.01137389987707,165.01141150016338,166.01119469990954,166.0112268999219,167.50968200014904,,,,,,,1,0,1,0,33,0,33,0,489.92450889991596,,,,,,,,,,,,,,,,,,,,,,,,,,,,,,162.47827719990164,489.90932899992913,489.92450889991596,489.92450889991596,489.92450889991596,489.92450889991596,490.4433794,j,0.5131359999068081,None,right,1,11,0,5,69,23,None,163.01241900026798,163.01273539988324,490.44378470024094,490.4576409999281,490.4576409999281,492.45806550001726,492.45806550001726,492.4423601999879,165.01137389987707,165.01141150016338,492.4510051002726,492.45806550001726,492.45806550001726,493.4572748001665,493.4572748001665,493.44219679990783,stimuli/box_empty_transparent.png,166.01119469990954,166.0112268999219,493.44227450015023,493.4572748001665,494.9576945002191,494.9406889001839,167.50968200014904,,,,,,,,,,,,,111111,right,no,None,2025-04-28_11h23.10.824,RL_out-of-scanner,2024.2.4,59.53763075980678,2025-04-28 11h23.35.571925 -0500
34,0,34,space,6.886649499647319,None,5,2.0652808002196252,None,167.5113193001598,k,0.3592834,None,None,167.89425050001591,167.8946131998673,170.89351740013808,170.89355459995568,171.8945567,171.89459939999506,174.3935839999467,,,,,,,1,0,1,0,34,0,34,0,494.9576945002191,,,,,,,,,,,,,,,,,,,,,,,,,,,,,,167.5113193001598,494.94238100014627,494.9576945002191,494.9576945002191,494.9576945002191,494.9576945002191,495.32518470007926,k,0.3592834,None,right,1,11,1,5,70,24,None,167.89425050001591,167.8946131998673,495.32567760022357,495.3406720003113,495.3406720003113,498.34138800017536,498.34138800017536,498.32450200011954,170.89351740013808,170.89355459995568,498.3351032002829,498.34138800017536,498.34138800017536,,,499.32555619999766,stimuli/box_coin_transparent.png,171.8945567,171.89459939999506,499.3256582999602,499.34093519998714,501.84121520025656,501.82458870019764,174.3935839999467,,,,,,,,,,,,,111111,right,no,None,2025-04-28_11h23.10.824,RL_out-of-scanner,2024.2.4,59.53763075980678,2025-04-28 11h23.35.571925 -0500
35,0,35,space,6.886649499647319,None,5,2.0652808002196252,None,174.3950980999507,k,0.4104808997362852,None,None,174.8287908001803,174.8290687999688,176.32962589990348,176.32966479985043,177.32801620010287,177.32804950000718,178.3261305000633,,,,,,,1,0,1,0,35,0,35,0,501.84121520025656,,,,,,,,,,,,,,,,,,,,,,,,,,,,,,174.3950980999507,501.82614930020645,501.84121520025656,501.84121520025656,501.84121520025656,501.84121520025656,502.2597529999912,k,0.4104808997362852,None,right,0,11,1,5,71,24,None,174.8287908001803,174.8290687999688,502.26011720020324,502.27447570022196,502.27447570022196,503.7743939999491,503.7743939999491,503.76060800021514,176.32962589990348,176.32966479985043,503.76903950003907,503.7743939999491,503.7743939999491,504.7739141001366,504.7739141001366,504.75901859998703,stimuli/box_empty_transparent.png,177.32801620010287,177.32804950000718,504.75909630022943,504.7739141001366,505.7737779999152,505.7571287001483,178.3261305000633,,,,,,,,,,,,,111111,right,no,None,2025-04-28_11h23.10.824,RL_out-of-scanner,2024.2.4,59.53763075980678,2025-04-28 11h23.35.571925 -0500
36,0,36,space,6.886649499647319,None,5,2.0652808002196252,None,178.3284296002239,k,0.35016150027513504,None,None,178.69558779988438,178.6959063000977,180.19320219988003,180.1932490002364,181.19352830015123,181.1935685002245,184.7091446002014,,,,,,,1,0,1,0,36,0,36,0,505.7737779999152,,,,,,,,,,,,,,,,,,,,,,,,,,,,,,178.3284296002239,505.75949590001255,505.7737779999152,505.7737779999152,505.7737779999152,505.7737779999152,506.1265340000391,k,0.35016150027513504,None,right,1,11,2,5,72,25,None,178.69558779988438,178.6959063000977,506.1269602999091,506.1405365,506.1405365,507.6408939003013,507.6408939003013,507.6241819001734,180.19320219988003,180.1932490002364,507.63465919997543,507.6408939003013,507.6408939003013,,,508.6245222003199,stimuli/box_coin_transparent.png,181.19352830015123,181.1935685002245,508.6246342002414,508.6411276999861,512.1589019,512.1401486000977,184.7091446002014,,,,,,,,,,,,,111111,right,no,None,2025-04-28_11h23.10.824,RL_out-of-scanner,2024.2.4,59.53763075980678,2025-04-28 11h23.35.571925 -0500
37,0,37,space,6.886649499647319,None,5,2.0652808002196252,None,184.71087330020964,k,0.37364119989797473,None,None,185.11048249993473,185.11083150003105,187.10990330018103,187.10994330001995,188.1096137999557,188.10965149989352,189.110338,,,,,,,1,0,1,0,37,0,37,0,512.1589019,,,,,,,,,,,,,,,,,,,,,,,,,,,,,,184.71087330020964,512.1419326001778,512.1589019,512.1589019,512.1589019,512.1589019,512.5414195000194,k,0.37364119989797473,None,right,1,11,3,5,73,26,None,185.11048249993473,185.11083150003105,512.5418926998973,512.5568646,512.5568646,514.5572501,514.5572501,514.5408812002279,187.10990330018103,187.10994330001995,514.5507555999793,514.5572501,514.5572501,515.5562358000316,515.5562358000316,515.5406108000316,stimuli/box_coin_transparent.png,188.1096137999557,188.10965149989352,515.5407033,515.5562358000316,516.5580698000267,516.5413449001499,189.110338,,,,,,,,,,,,,111111,right,no,None,2025-04-28_11h23.10.824,RL_out-of-scanner,2024.2.4,59.53763075980678,2025-04-28 11h23.35.571925 -0500
38,0,38,space,6.886649499647319,None,5,2.0652808002196252,None,189.11193120013922,k,0.40054089995101094,None,None,189.54480910021812,189.54507720004767,190.55963100027293,190.55966839985922,191.55997140007094,191.56001019990072,193.06050800019875,,,,,,,1,0,1,0,38,0,38,0,516.5580698000267,,,,,,,,,,,,,,,,,,,,,,,,,,,,,,189.11193120013922,516.5429815999232,516.5580698000267,516.5580698000267,516.5580698000267,516.5580698000267,516.9757722001523,k,0.40054089995101094,None,right,0,11,3,5,74,26,None,189.54480910021812,189.54507720004767,516.9761248999275,516.9912276002578,516.9912276002578,518.0070646000095,518.0070646000095,517.9906171001494,190.55963100027293,190.55966839985922,517.9996517002583,518.0070646000095,518.0070646000095,519.0064509999938,519.0064509999938,518.9909663000144,stimuli/box_empty_transparent.png,191.55997140007094,191.56001019990072,518.9910653000697,519.0064509999938,520.5069277002476,520.4915114003234,193.06050800019875,,,,,,,,,,,,,111111,right,no,None,2025-04-28_11h23.10.824,RL_out-of-scanner,2024.2.4,59.53763075980678,2025-04-28 11h23.35.571925 -0500
39,0,39,space,6.886649499647319,None,5,2.0652808002196252,None,193.0619986001402,k,0.41157039999961853,None,None,193.49438920011744,193.49465550016612,194.49272820027545,194.49276470020413,195.4929156000726,195.4929519998841,196.49212490022182,,,,,,,1,0,1,0,39,0,39,0,520.5069277002476,,,,,,,,,,,,,,,,,,,,,,,,,,,,,,193.0619986001402,520.4930513,520.5069277002476,520.5069277002476,520.5069277002476,520.5069277002476,520.9253527000546,k,0.41157039999961853,None,right,0,11,3,5,75,26,None,193.49438920011744,193.49465550016612,520.9257037001662,520.9406985999085,520.9406985999085,521.9405092000961,521.9405092000961,521.9237171001732,194.49272820027545,194.49276470020413,521.9319470999762,521.9405092000961,521.9405092000961,522.9396302001551,522.9396302001551,522.9239145000465,stimuli/box_empty_transparent.png,195.4929156000726,195.4929519998841,522.9240180999041,522.9396302001551,523.9399234000593,523.9231247,196.49212490022182,,,,,,,,,,,,,111111,right,no,None,2025-04-28_11h23.10.824,RL_out-of-scanner,2024.2.4,59.53763075980678,2025-04-28 11h23.35.571925 -0500
40,0,40,space,6.886649499647319,None,5,2.0652808002196252,None,196.49434689991176,j,0.3537686001509428,None,None,196.8770166998729,196.8773733000271,198.37601180002093,198.37605539988726,199.37595030013472,199.37598210014403,200.37692019995302,,,,,,,1,0,1,0,40,0,40,0,523.9399234000593,,,,,,,,,,,,,,,,,,,,,,,,,,,,,,196.49434689991176,523.9254115000367,523.9399234000593,523.9399234000593,523.9399234000593,523.9399234000593,524.3079637000337,j,0.3537686001509428,None,right,0,11,3,5,75,26,None,196.8770166998729,196.8773733000271,524.3084295000881,524.3232460999861,524.3232460999861,525.8241409999318,525.8241409999318,525.8069931003265,198.37601180002093,198.37605539988726,525.8158225002699,525.8241409999318,525.8241409999318,526.8226644,526.8226644,526.8069537002593,stimuli/box_empty_transparent.png,199.37595030013472,199.37598210014403,526.8070286000147,526.8226644,527.8245537,527.8079254003242,200.37692019995302,,,,,,,,,,,,,111111,right,no,None,2025-04-28_11h23.10.824,RL_out-of-scanner,2024.2.4,59.53763075980678,2025-04-28 11h23.35.571925 -0500
41,0,41,space,6.886649499647319,None,5,2.0652808002196252,None,200.3783706999384,j,0.2921727,None,None,200.69502640003338,200.69543790025637,201.6926011,201.69264589995146,202.6925038,202.69254369987175,205.69315590010956,,,,,,,1,0,1,0,41,0,41,0,527.8245537,,,,,,,,,,,,,,,,,,,,,,,,,,,,,,200.3783706999384,527.8094212999567,527.8245537,527.8245537,527.8245537,527.8245537,528.1259658001363,j,0.2921727,None,right,0,11,3,5,75,26,None,200.69502640003338,200.69543790025637,528.1264933999628,528.1406388003379,528.1406388003379,529.1403959002346,529.1403959002346,529.1235780999996,201.6926011,201.69264589995146,529.1320313001052,529.1403959002346,529.1403959002346,530.1391949,530.1391949,530.1235019001178,stimuli/box_empty_transparent.png,202.6925038,202.69254369987175,530.1235902002081,530.1391949,533.1408585002646,533.1241585998796,205.69315590010956,,,,,,,,,,,,,111111,right,no,None,2025-04-28_11h23.10.824,RL_out-of-scanner,2024.2.4,59.53763075980678,2025-04-28 11h23.35.571925 -0500
42,0,42,space,6.886649499647319,None,5,2.0652808002196252,None,205.69461200013757,j,0.6507028001360595,None,None,206.37640690011904,206.37673819996417,208.37557240016758,208.37561720004305,209.37581200012937,209.3758511999622,212.87526739994064,,,,,,,1,0,1,0,42,0,42,0,533.1408585002646,,,,,,,,,,,,,,,,,,,,,,,,,,,,,,205.69461200013757,533.1256633000448,533.1408585002646,533.1408585002646,533.1408585002646,533.1408585002646,533.8073326000012,j,0.6507028001360595,None,right,0,11,3,5,75,26,None,206.37640690011904,206.37673819996417,533.8077891,533.8229414001107,533.8229414001107,535.8234186000191,535.8234186000191,535.8065535002388,208.37557240016758,208.37561720004305,535.8156552002765,535.8234186000191,535.8234186000191,536.8224329003133,536.8224329003133,536.8068130998872,stimuli/box_empty_transparent.png,209.37581200012937,209.3758511999622,536.8069032,536.8224329003133,540.3228470999748,540.3062730003148,212.87526739994064,,,,,,,,,,,,,111111,right,no,None,2025-04-28_11h23.10.824,RL_out-of-scanner,2024.2.4,59.53763075980678,2025-04-28 11h23.35.571925 -0500
43,0,43,space,6.886649499647319,None,5,2.0652808002196252,None,212.87695260019973,k,0.4519282002002001,None,None,213.36064560012892,213.36096840025857,214.35890020010993,214.35895220004022,215.35949179995805,215.3595453,217.35884359991178,,,,,,,1,0,1,0,43,0,43,0,540.3228470999748,,,,,,,,,,,,,,,,,,,,,,,,,,,,,,212.87695260019973,540.3080104999244,540.3228470999748,540.3228470999748,540.3228470999748,540.3228470999748,540.7915913001634,k,0.4519282002002001,None,right,0,11,3,5,76,26,None,213.36064560012892,213.36096840025857,540.7920230999589,540.8068768,540.8068768,541.8089495999739,541.8089495999739,541.7898710002191,214.35890020010993,214.35895220004022,541.8001967002638,541.8089495999739,541.8089495999739,,,542.7904938999563,stimuli/box_empty_transparent.png,215.35949179995805,215.3595453,542.7905929000117,542.8056315002032,544.8059946000576,544.7898490000516,217.35884359991178,,,,,,,,,,,,,111111,right,no,None,2025-04-28_11h23.10.824,RL_out-of-scanner,2024.2.4,59.53763075980678,2025-04-28 11h23.35.571925 -0500
44,0,44,space,6.886649499647319,None,5,2.0652808002196252,None,217.36033850023523,j,0.4258207003585994,None,None,217.81027759984136,217.81067589996383,220.31078869989142,220.31082529993728,221.32587239984423,221.32591070001945,223.3263292000629,,,,,,,1,0,1,0,44,0,44,0,544.8059946000576,,,,,,,,,,,,,,,,,,,,,,,,,,,,,,217.36033850023523,544.7913898001425,544.8059946000576,544.8059946000576,544.8059946000576,544.8059946000576,545.2412220002152,j,0.4258207003585994,None,right,0,11,3,5,76,26,None,217.81027759984136,217.81067589996383,545.2417323002592,545.2561405999586,545.2561405999586,547.7579767000861,547.7579767000861,547.7417764998972,220.31078869989142,220.31082529993728,547.7512810002081,547.7579767000861,547.7579767000861,,,548.7568697999232,stimuli/box_empty_transparent.png,221.32587239984423,221.32591070001945,548.7569645000622,548.7736124000512,550.7736658998765,550.7573302001692,223.3263292000629,,,,,,,,,,,,,111111,right,no,None,2025-04-28_11h23.10.824,RL_out-of-scanner,2024.2.4,59.53763075980678,2025-04-28 11h23.35.571925 -0500
45,0,45,space,6.886649499647319,None,5,2.0652808002196252,None,223.3282316001132,k,0.3039836003445089,None,None,223.66016880003735,223.66043630009517,224.65975230000913,224.65979880001396,225.67688280018046,225.67691570008174,226.67488770000637,,,,,,,1,0,1,0,45,0,45,0,550.7736658998765,,,,,,,,,,,,,,,,,,,,,,,,,,,,,,223.3282316001132,550.7593002999201,550.7736658998765,550.7736658998765,550.7736658998765,550.7736658998765,551.0911294999532,k,0.3039836003445089,None,right,1,11,4,5,77,27,None,223.66016880003735,223.66043630009517,551.0914845000952,551.1065058000386,551.1065058000386,552.1073711002246,552.1073711002246,552.0907184,224.65975230000913,224.65979880001396,552.1013565002941,552.1073711002246,552.1073711002246,,,553.1078836000524,stimuli/box_coin_transparent.png,225.67688280018046,225.67691570008174,553.1079645999707,553.1222315002233,554.1228432999924,554.1058931001462,226.67488770000637,,,,,,,,,,,,,111111,right,no,None,2025-04-28_11h23.10.824,RL_out-of-scanner,2024.2.4,59.53763075980678,2025-04-28 11h23.35.571925 -0500
46,0,46,space,6.886649499647319,None,5,2.0652808002196252,None,226.67650939989835,k,0.41481109987944365,None,None,227.10989650012925,227.11019220016897,229.10851169982925,229.10854810010642,230.10919000022113,230.10922400001436,231.10891850013286,,,,,,,1,0,1,0,46,0,46,0,554.1228432999924,,,,,,,,,,,,,,,,,,,,,,,,,,,,,,226.67650939989835,554.1075727,554.1228432999924,554.1228432999924,554.1228432999924,554.1228432999924,554.5408495999873,k,0.41481109987944365,None,right,1,11,5,5,78,28,None,227.10989650012925,227.11019220016897,554.5412457999773,554.5565097001381,554.5565097001381,556.5558762000874,556.5558762000874,556.5394989000633,229.10851169982925,229.10854810010642,556.5501693999395,556.5558762000874,556.5558762000874,,,557.5401901002042,stimuli/box_coin_transparent.png,230.10919000022113,230.10922400001436,557.5402724999003,557.5560842002742,558.5568226003088,558.5399211999029,231.10891850013286,,,,,,,,,,,,,111111,right,no,None,2025-04-28_11h23.10.824,RL_out-of-scanner,2024.2.4,59.53763075980678,2025-04-28 11h23.35.571925 -0500
47,0,47,space,6.886649499647319,None,5,2.0652808002196252,None,231.11072019999847,k,0.39556899992749095,None,None,231.52705979999155,231.52732650004327,234.5265120002441,234.5265581002459,235.52589419996366,235.52592850010842,237.0247684,,,,,,,1,0,1,0,47,0,47,0,558.5568226003088,,,,,,,,,,,,,,,,,,,,,,,,,,,,,,231.11072019999847,558.5417774002999,558.5568226003088,558.5568226003088,558.5568226003088,558.5568226003088,558.9580216,k,0.39556899992749095,None,right,1,11,6,5,79,29,None,231.52705979999155,231.52732650004327,558.9583751000464,558.9736156999134,558.9736156999134,561.9730962,561.9730962,561.9574883002788,234.5265120002441,234.5265581002459,561.9675755999051,561.9730962,561.9730962,562.9724628999829,562.9724628999829,562.9568974003196,stimuli/box_coin_transparent.png,235.52589419996366,235.52592850010842,562.9569756002165,562.9724628999829,564.4728739000857,564.4557721000165,237.0247684,,,,,,,,,,,,,111111,right,no,None,2025-04-28_11h23.10.824,RL_out-of-scanner,2024.2.4,59.53763075980678,2025-04-28 11h23.35.571925 -0500
48,0,48,space,6.886649499647319,None,5,2.0652808002196252,None,237.02687230007723,k,0.5421967003494501,None,None,237.59343230025843,237.59378430014476,239.09171070018783,239.09174870001152,240.1088240998797,240.10885900026187,243.60797940008342,,,,,,,1,0,1,0,48,0,48,0,564.4728739000857,,,,,,,,,,,,,,,,,,,,,,,,,,,,,,237.02687230007723,564.4579358003102,564.4728739000857,564.4728739000857,564.4728739000857,564.4728739000857,565.0243776999414,k,0.5421967003494501,None,right,1,11,7,5,80,30,None,237.59343230025843,237.59378430014476,565.0248394999653,565.0394099000841,565.0394099000841,566.5410792999901,566.5410792999901,566.5226942999288,239.09171070018783,239.09174870001152,566.5329125002027,566.5410792999901,566.5410792999901,,,567.5398251,stimuli/box_coin_transparent.png,240.1088240998797,240.10885900026187,567.5399076,567.5554291,571.0556006003171,571.0389823000878,243.60797940008342,,,,,,,,,,,,,111111,right,no,None,2025-04-28_11h23.10.824,RL_out-of-scanner,2024.2.4,59.53763075980678,2025-04-28 11h23.35.571925 -0500
49,0,49,space,6.886649499647319,None,5,2.0652808002196252,None,243.60976679995656,k,0.4843897996470332,None,None,244.12595280027017,244.1263271998614,245.62476840009913,245.62481119995937,246.62469700025395,246.62473500007764,246.62518199998885,,,,,,,1,0,1,0,49,0,49,0,571.0556006003171,,,,,,,,,,,,,,,,,,,,,,,,,,,,,,243.60976679995656,571.040827,571.0556006003171,571.0556006003171,571.0556006003171,571.0556006003171,571.5568744000047,k,0.4843897996470332,None,right,1,11,8,5,81,31,None,244.12595280027017,244.1263271998614,571.5573916002177,571.5719260000624,571.5719260000624,573.0724884001538,573.0724884001538,573.0557475001551,245.62476840009913,245.62481119995937,573.0662298,573.0724884001538,573.0724884001538,574.0755745000206,574.0755745000206,574.0556939002126,stimuli/box_coin_transparent.png,246.62469700025395,246.62473500007764,574.0557896001264,574.0755745000206,574.0755745000206,574.0561911002733,246.62518199998885,,,,,,,,,,,,,111111,right,no,None,2025-04-28_11h23.10.824,RL_out-of-scanner,2024.2.4,59.53763075980678,2025-04-28 11h23.35.571925 -0500
1,0,1,space,6.886649499647319,None,5,2.0652808002196252,None,,,,,,,,,,,,,,,,,,,1,0,1,0,,,,,,,,,,,,,,,,,,,,,,,,,,,,,,,,,,,,,,,,,,,,,,,,,,,,,,,,,,,,,,,,,,,,,,,,,,,,,,,574.0712990001775,574.0755745000206,578.0715848002583,578.0716532003134,578.0882432,631.0362742003053,631.0200316999108,,,,111111,right,no,None,2025-04-28_11h23.10.824,RL_out-of-scanner,2024.2.4,59.53763075980678,2025-04-28 11h23.35.571925 -0500
0,0,0,space,11.287009899970144,None,5,1.2110789003781974,None,0.0019341,k,0.8034771997481585,None,None,0.8343949001282454,0.8346685003489256,1.8334182002581656,1.8334618001244962,2.835771800018847,2.8358115004375577,4.848360300064087,,,,,,,2,0,2,0,0,0,0,0,643.5871518002823,,,,,,,,,,,,,,,,631.0202085003257,631.0362742003053,631.0362742003053,642.3369296002202,space,11.287009899970144,None,642.3370265001431,642.3526082001626,642.3526082001626,643.5711635001935,5,1.2110789003781974,None,0.0019341,643.5731748999096,643.5871518002823,643.5871518002823,643.5871518002823,643.5871518002823,644.4055455001071,k,0.8034771997481585,None,right,1,10,1,6,82,1,None,0.8343949001282454,0.8346685003489256,644.4059059000574,644.4207001002505,644.4207001002505,645.4202144001611,645.4202144001611,645.4045851998962,1.8334182002581656,1.8334618001244962,645.4146561999805,645.4202144001611,645.4202144001611,,,646.4069558000192,stimuli/box_coin_transparent.png,2.835771800018847,2.8358115004375577,646.4070588,646.4205343001522,648.4361878,648.4195540002547,4.848360300064087,,,,,,,,,,,,,111111,right,no,None,2025-04-28_11h23.10.824,RL_out-of-scanner,2024.2.4,59.53763075980678,2025-04-28 11h23.35.571925 -0500
1,0,1,space,11.287009899970144,None,5,1.2110789003781974,None,4.850173400249332,k,0.3644023002125323,None,None,5.233006600290537,5.233263900037855,6.732362900394946,6.732399500440806,7.7330372,7.733074299991131,9.2329339,,,,,,,2,0,2,0,1,0,1,0,648.4361878,,,,,,,,,,,,,,,,,,,,,,,,,,,,,,4.850173400249332,648.4214154002257,648.4361878,648.4361878,648.4361878,648.4361878,648.8041524998844,k,0.3644023002125323,None,right,1,10,2,6,83,2,None,5.233006600290537,5.233263900037855,648.8045018999837,648.8194711999968,648.8194711999968,650.3198845000006,650.3198845000006,650.3035377003253,6.732362900394946,6.732399500440806,650.3136431002058,650.3198845000006,650.3198845000006,651.3199507999234,651.3199507999234,651.3042255002074,stimuli/box_coin_transparent.png,7.7330372,7.733074299991131,651.3043158999644,651.3199507999234,652.8205981,652.8041258002631,9.2329339,,,,,,,,,,,,,111111,right,no,None,2025-04-28_11h23.10.824,RL_out-of-scanner,2024.2.4,59.53763075980678,2025-04-28 11h23.35.571925 -0500
2,0,2,space,11.287009899970144,None,5,1.2110789003781974,None,9.234524700324982,k,0.28353659994900227,None,None,9.550750100053847,9.551017800346017,10.548796000424773,10.54883970040828,11.548964700195938,11.549013799987733,14.549741100054234,,,,,,,2,0,2,0,2,0,2,0,652.8205981,,,,,,,,,,,,,,,,,,,,,,,,,,,,,,9.234524700324982,652.8057654,652.8205981,652.8205981,652.8205981,652.8205981,653.1219009002671,k,0.28353659994900227,None,right,1,10,3,6,84,3,None,9.550750100053847,9.551017800346017,653.1222556000575,653.1369682,653.1369682,654.1367823001929,654.1367823001929,654.1199658000842,10.548796000424773,10.54883970040828,654.1307104001753,654.1367823001929,654.1367823001929,,,655.1201419001445,stimuli/box_coin_transparent.png,11.548964700195938,11.549013799987733,655.1202743002214,655.1364839999005,658.1371540999971,658.1209375,14.549741100054234,,,,,,,,,,,,,111111,right,no,None,2025-04-28_11h23.10.824,RL_out-of-scanner,2024.2.4,59.53763075980678,2025-04-28 11h23.35.571925 -0500
3,0,3,space,11.287009899970144,None,5,1.2110789003781974,None,14.551335600204766,k,0.43254129961133003,None,None,15.000303600449115,15.000599400140345,17.015635500196368,17.01567340036854,18.01588620012626,18.01592650031671,19.016053200233728,,,,,,,2,0,2,0,3,0,3,0,658.1371540999971,,,,,,,,,,,,,,,,,,,,,,,,,,,,,,14.551335600204766,658.1225753999315,658.1371540999971,658.1371540999971,658.1371540999971,658.1371540999971,658.5714561999775,k,0.43254129961133003,None,right,0,10,3,6,85,3,None,15.000303600449115,15.000599400140345,658.5718382000923,658.5871409000829,658.5871409000829,660.6029759,660.6029759,660.5868092002347,17.015635500196368,17.01567340036854,660.5950024998747,660.6029759,660.6029759,661.6032452001236,661.6032452001236,661.5870734,stimuli/box_empty_transparent.png,18.01588620012626,18.01592650031671,661.5871723000892,661.6032452001236,662.6043342002667,662.5872491002083,19.016053200233728,,,,,,,,,,,,,111111,right,no,None,2025-04-28_11h23.10.824,RL_out-of-scanner,2024.2.4,59.53763075980678,2025-04-28 11h23.35.571925 -0500
4,0,4,space,11.287009899970144,None,5,1.2110789003781974,None,19.017761600203812,k,0.34884499991312623,None,None,19.400004900060594,19.400324600283056,20.39876090036705,20.398798200301826,21.39909080043435,21.39912820002064,23.8988355,,,,,,,2,0,2,0,4,0,4,0,662.6043342002667,,,,,,,,,,,,,,,,,,,,,,,,,,,,,,19.017761600203812,662.5890043000691,662.6043342002667,662.6043342002667,662.6043342002667,662.6043342002667,662.9711341001093,k,0.34884499991312623,None,right,1,10,4,6,86,4,None,19.400004900060594,19.400324600283056,662.9715686002746,662.9862847002223,662.9862847002223,663.9862246001139,663.9862246001139,663.9699365003034,20.39876090036705,20.398798200301826,663.9801873,663.9862246001139,663.9862246001139,664.9855058998801,664.9855058998801,664.9702796000056,stimuli/box_coin_transparent.png,21.39909080043435,21.39912820002064,664.9703714000061,664.9855058998801,667.4866598001681,667.4700303999707,23.8988355,,,,,,,,,,,,,111111,right,no,None,2025-04-28_11h23.10.824,RL_out-of-scanner,2024.2.4,59.53763075980678,2025-04-28 11h23.35.571925 -0500
5,0,5,space,11.287009899970144,None,5,1.2110789003781974,None,23.900290600024164,k,0.3339467002078891,None,None,24.266622400376946,24.26693919999525,27.765761100221425,27.76580010028556,28.764810900203884,28.764856100082397,30.76525210030377,,,,,,,2,0,2,0,5,0,5,0,667.4866598001681,,,,,,,,,,,,,,,,,,,,,,,,,,,,,,23.900290600024164,667.4715313999914,667.4866598001681,667.4866598001681,667.4866598001681,667.4866598001681,667.8377527003177,k,0.3339467002078891,None,right,1,10,5,6,87,5,None,24.266622400376946,24.26693919999525,667.8381831003353,667.8529727999121,667.8529727999121,671.3525696001016,671.3525696001016,671.3369336999021,27.765761100221425,27.76580010028556,671.3467004001141,671.3525696001016,671.3525696001016,672.3515854999423,672.3515854999423,672.3359938003123,stimuli/box_coin_transparent.png,28.764810900203884,28.764856100082397,672.3361062002368,672.3515854999423,674.3525533000939,674.3364468999207,30.76525210030377,,,,,,,,,,,,,111111,right,no,None,2025-04-28_11h23.10.824,RL_out-of-scanner,2024.2.4,59.53763075980678,2025-04-28 11h23.35.571925 -0500
6,0,6,space,11.287009899970144,None,5,1.2110789003781974,None,30.766716900281608,k,0.44491920014843345,None,None,31.233073400333524,31.233338700141758,32.23140490008518,32.231442800257355,33.23179260035977,33.23182340012863,34.23088590009138,,,,,,,2,0,2,0,6,0,6,0,674.3525533000939,,,,,,,,,,,,,,,,,,,,,,,,,,,,,,30.766716900281608,674.3379572001286,674.3525533000939,674.3525533000939,674.3525533000939,674.3525533000939,674.8042247002013,k,0.44491920014843345,None,right,1,10,6,6,88,6,None,31.233073400333524,31.233338700141758,674.8045846000314,674.8195815999061,674.8195815999061,675.8191219000146,675.8191219000146,675.8025815,32.23140490008518,32.231442800257355,675.8133809003048,675.8191219000146,675.8191219000146,676.8182089002803,676.8182089002803,676.8029864002019,stimuli/box_coin_transparent.png,33.23179260035977,33.23182340012863,676.8030583001673,676.8182089002803,677.8186436002143,677.8020788999274,34.23088590009138,,,,,,,,,,,,,111111,right,no,None,2025-04-28_11h23.10.824,RL_out-of-scanner,2024.2.4,59.53763075980678,2025-04-28 11h23.35.571925 -0500
7,0,7,space,11.287009899970144,None,5,1.2110789003781974,None,34.232852400280535,k,0.43147569987922907,None,None,34.68196650035679,34.68221540004015,36.682687000371516,36.6827258,37.68198150023818,37.68201310001314,39.68113510031253,,,,,,,2,0,2,0,7,0,7,0,677.8186436002143,,,,,,,,,,,,,,,,,,,,,,,,,,,,,,34.232852400280535,677.8040940999053,677.8186436002143,677.8186436002143,677.8186436002143,677.8186436002143,678.2531183999963,k,0.43147569987922907,None,right,0,10,6,6,89,6,None,34.68196650035679,34.68221540004015,678.2534525999799,678.2685929001309,678.2685929001309,680.2689589001238,680.2689589001238,680.2538582999259,36.682687000371516,36.6827258,680.2619798001833,680.2689589001238,680.2689589001238,681.2692612,681.2692612,681.2531739003025,stimuli/box_empty_transparent.png,37.68198150023818,37.68201310001314,681.2532507,681.2692612,683.2690277,683.2523246002384,39.68113510031253,,,,,,,,,,,,,111111,right,no,None,2025-04-28_11h23.10.824,RL_out-of-scanner,2024.2.4,59.53763075980678,2025-04-28 11h23.35.571925 -0500
8,0,8,space,11.287009899970144,None,5,1.2110789003781974,None,39.68274900037795,k,0.33205540012568235,None,None,40.031777900177985,40.0320224,43.03203710028902,43.03207580000162,44.032220100052655,44.03225710010156,45.532743,,,,,,,2,0,2,0,8,0,8,0,683.2690277,,,,,,,,,,,,,,,,,,,,,,,,,,,,,,39.68274900037795,683.2540237000212,683.2690277,683.2690277,683.2690277,683.2690277,683.6029306002893,k,0.33205540012568235,None,right,1,10,7,6,90,7,None,40.031777900177985,40.0320224,683.6032598,683.6185317002237,683.6185317002237,686.6190499002114,686.6190499002114,686.6032095,43.03203710028902,43.03207580000162,686.6129532,686.6190499002114,686.6190499002114,687.6196191,687.6196191,687.6034075003117,stimuli/box_coin_transparent.png,44.032220100052655,44.03225710010156,687.6034980001859,687.6196191,689.1196556999348,689.1039380002767,45.532743,,,,,,,,,,,,,111111,right,no,None,2025-04-28_11h23.10.824,RL_out-of-scanner,2024.2.4,59.53763075980678,2025-04-28 11h23.35.571925 -0500
9,0,9,space,11.287009899970144,None,5,1.2110789003781974,None,45.53424270031974,k,0.30501480028033257,None,None,45.865190100390464,45.8655607,47.365301200188696,47.36534690018743,48.380540900398046,48.3805731,50.38024369999766,,,,,,,2,0,2,0,9,0,9,0,689.1196556999348,,,,,,,,,,,,,,,,,,,,,,,,,,,,,,45.53424270031974,689.1054835002869,689.1196556999348,689.1196556999348,689.1196556999348,689.1196556999348,689.4363146000542,k,0.30501480028033257,None,right,1,10,8,6,91,8,None,45.865190100390464,45.8655607,689.4368127002381,689.4515544,689.4515544,690.9525616001338,690.9525616001338,690.9364688000642,47.365301200188696,47.36534690018743,690.9468439002521,690.9525616001338,690.9525616001338,,,691.9517314000987,stimuli/box_coin_transparent.png,48.380540900398046,48.3805731,691.9518097001128,691.9678127001971,693.9680715999566,693.9514326001517,50.38024369999766,,,,,,,,,,,,,111111,right,no,None,2025-04-28_11h23.10.824,RL_out-of-scanner,2024.2.4,59.53763075980678,2025-04-28 11h23.35.571925 -0500
10,0,10,space,11.287009899970144,None,5,1.2110789003781974,None,50.38196410005912,k,0.3550422000698745,None,None,50.76673969998956,50.767007200047374,52.26482590008527,52.26486980030313,53.26396800018847,53.26400410011411,54.263648100197315,,,,,,,2,0,2,0,10,0,10,0,693.9680715999566,,,,,,,,,,,,,,,,,,,,,,,,,,,,,,50.38196410005912,693.9532111003064,693.9680715999566,693.9680715999566,693.9680715999566,693.9680715999566,694.3378894003108,k,0.3550422000698745,None,right,0,10,8,6,92,8,None,50.76673969998956,50.767007200047374,694.3382446002215,694.3529656999744,694.3529656999744,695.8520937003195,695.8520937003195,695.8359924000688,52.26482590008527,52.26486980030313,695.8440678999759,695.8520937003195,695.8520937003195,696.8510529999621,696.8510529999621,696.8351575001143,stimuli/box_empty_transparent.png,53.26396800018847,53.26400410011411,696.8352463003248,696.8510529999621,697.8516446999274,697.8348401002586,54.263648100197315,,,,,,,,,,,,,111111,right,no,None,2025-04-28_11h23.10.824,RL_out-of-scanner,2024.2.4,59.53763075980678,2025-04-28 11h23.35.571925 -0500
11,0,11,space,11.287009899970144,None,5,1.2110789003781974,None,54.26519720023498,k,0.3101336997933686,None,None,54.59843450039625,54.59869540017098,56.59844800038263,56.598486700095236,57.59728170000017,57.59731320012361,59.09800470015034,,,,,,,2,0,2,0,11,0,11,0,697.8516446999274,,,,,,,,,,,,,,,,,,,,,,,,,,,,,,54.26519720023498,697.8364377999678,697.8516446999274,697.8516446999274,697.8516446999274,697.8516446999274,698.1695834002458,k,0.3101336997933686,None,right,1,10,9,6,93,9,None,54.59843450039625,54.59869540017098,698.1699345000088,698.1848586001433,698.1848586001433,700.1854483000934,700.1854483000934,700.1696223001927,56.59844800038263,56.598486700095236,700.1799113000743,700.1854483000934,700.1854483000934,701.1849700999446,701.1849700999446,701.1684743999504,stimuli/box_coin_transparent.png,57.59728170000017,57.59731320012361,701.1685487,701.1849700999446,702.6853192001581,702.6691991998814,59.09800470015034,,,,,,,,,,,,,111111,right,no,None,2025-04-28_11h23.10.824,RL_out-of-scanner,2024.2.4,59.53763075980678,2025-04-28 11h23.35.571925 -0500
12,0,12,space,11.287009899970144,None,5,1.2110789003781974,None,59.09954350022599,k,0.3156561003997922,None,None,59.43205130007118,59.432385300286114,60.43119840044528,60.43123810039833,61.44685240043327,61.44688360020518,64.4470362,,,,,,,2,0,2,0,12,0,12,0,702.6853192001581,,,,,,,,,,,,,,,,,,,,,,,,,,,,,,59.09954350022599,702.6707844999619,702.6853192001581,702.6853192001581,702.6853192001581,702.6853192001581,703.0031857001595,k,0.3156561003997922,None,right,0,10,9,6,94,9,None,59.43205130007118,59.432385300286114,703.0036297002807,703.0181863000616,703.0181863000616,704.0193707002327,704.0193707002327,704.0023715002462,60.43119840044528,60.43123810039833,704.0105067002587,704.0193707002327,704.0193707002327,,,705.0180436000228,stimuli/box_empty_transparent.png,61.44685240043327,61.44688360020518,705.0181196001358,705.0340542,708.0346359000541,708.0182268000208,64.4470362,,,,,,,,,,,,,111111,right,no,None,2025-04-28_11h23.10.824,RL_out-of-scanner,2024.2.4,59.53763075980678,2025-04-28 11h23.35.571925 -0500
13,0,13,space,11.287009899970144,None,5,1.2110789003781974,None,64.44895090023056,k,0.43352620024234056,None,None,64.89904300030321,64.8993478,65.39834120031446,65.39838140038773,66.39797380007803,66.39801090024412,68.39724110020325,,,,,,,2,0,2,0,13,0,13,0,708.0346359000541,,,,,,,,,,,,,,,,,,,,,,,,,,,,,,64.44895090023056,708.0202073999681,708.0346359000541,708.0346359000541,708.0346359000541,708.0346359000541,708.4701936002821,k,0.43352620024234056,None,right,1,10,10,6,95,10,None,64.89904300030321,64.8993478,708.4705873001367,708.4852326000109,708.4852326000109,708.9847122998908,708.9847122998908,708.9695137,65.39834120031446,65.39838140038773,708.9795109000988,708.9847122998908,708.9847122998908,709.9846128001809,709.9846128001809,709.9691623998806,stimuli/box_coin_transparent.png,66.39797380007803,66.39801090024412,709.9692530003376,709.9846128001809,711.9851307002828,711.9684367999434,68.39724110020325,,,,,,,,,,,,,111111,right,no,None,2025-04-28_11h23.10.824,RL_out-of-scanner,2024.2.4,59.53763075980678,2025-04-28 11h23.35.571925 -0500
14,0,14,space,11.287009899970144,None,5,1.2110789003781974,None,68.39868840016425,k,0.39596210001036525,None,None,68.81431970000267,68.81460120016709,70.31360760005191,70.31366270035505,71.31339810043573,71.31343440013006,72.31292990036309,,,,,,,2,0,2,0,14,0,14,0,711.9851307002828,,,,,,,,,,,,,,,,,,,,,,,,,,,,,,68.39868840016425,711.9699288001284,711.9851307002828,711.9851307002828,711.9851307002828,711.9851307002828,712.3854678003117,k,0.39596210001036525,None,left,1,7,0,7,95,10,None,68.81431970000267,68.81460120016709,712.3858416001312,712.4009555000812,712.4009555000812,713.9014250002801,713.9014250002801,713.884766,70.31360760005191,70.31366270035505,713.8951834,713.9014250002801,713.9014250002801,714.9005034998991,714.9005034998991,714.8845861000009,stimuli/box_empty_transparent.png,71.31339810043573,71.31343440013006,714.8846761002205,714.9005034998991,715.9011744000018,715.8841234003194,72.31292990036309,,,,,,,,,,,,,111111,right,no,None,2025-04-28_11h23.10.824,RL_out-of-scanner,2024.2.4,59.53763075980678,2025-04-28 11h23.35.571925 -0500
15,0,15,space,11.287009899970144,None,5,1.2110789003781974,None,72.31444120034575,k,1.3148992001079023,None,['k'],73.64770540036261,73.6479569,74.64767050044611,74.6477064,75.6630644,75.66309820022434,77.66389130009338,[0.800464800093323],[0.10279130004346371],,,,,2,0,2,0,15,0,15,0,715.9011744000018,,,,,,,,,,,,,,,,,,,,,,,,,,,,,,72.31444120034575,715.8856819001958,715.9011744000018,715.9011744000018,715.9011744000018,715.9011744000018,717.2188158999197,k,1.3148992001079023,None,left,1,7,0,7,95,10,['k'],73.64770540036261,73.6479569,717.2191945002414,717.2345165000297,717.2345165000297,718.2359668002464,718.2359668002464,718.2188468999229,74.64767050044611,74.6477064,718.2270617000759,718.2359668002464,718.2359668002464,,,719.2342473999597,stimuli/box_empty_transparent.png,75.6630644,75.66309820022434,719.2343329000287,719.2502266000956,721.2518941001035,721.2350878999569,77.66389130009338,[0.800464800093323],[0.10279130004346371],,,,,,,,,,,111111,right,no,None,2025-04-28_11h23.10.824,RL_out-of-scanner,2024.2.4,59.53763075980678,2025-04-28 11h23.35.571925 -0500
16,0,16,space,11.287009899970144,None,5,1.2110789003781974,None,77.66548590036109,j,0.35614230018109083,None,None,78.04804780008271,78.04840950015932,80.0468881,80.04692650027573,81.04663370037451,81.04666550038382,82.04602630017325,,,,,,,2,0,2,0,16,0,16,0,721.2518941001035,,,,,,,,,,,,,,,,,,,,,,,,,,,,,,77.66548590036109,721.2367267999798,721.2518941001035,721.2518941001035,721.2518941001035,721.2518941001035,721.6192018999718,j,0.35614230018109083,None,left,1,7,1,7,96,11,None,78.04804780008271,78.04840950015932,721.6196491001174,721.6343025001697,721.6343025001697,723.6345775001682,723.6345775001682,723.6180624002591,80.0468881,80.04692650027573,723.6279247002676,723.6345775001682,723.6345775001682,724.6335930000059,724.6335930000059,724.6178256999701,stimuli/box_coin_transparent.png,81.04663370037451,81.04666550038382,724.6179018002003,724.6335930000059,725.6339851,725.6172191998921,82.04602630017325,,,,,,,,,,,,,111111,right,no,None,2025-04-28_11h23.10.824,RL_out-of-scanner,2024.2.4,59.53763075980678,2025-04-28 11h23.35.571925 -0500
17,0,17,space,11.287009899970144,None,5,1.2110789003781974,None,82.04771150043234,j,0.4450952000916004,None,None,82.51465230016038,82.51500600017607,83.51349710021168,83.51354490034282,84.51378290029243,84.51381550030783,85.51267570024356,,,,,,,2,0,2,0,17,0,17,0,725.6339851,,,,,,,,,,,,,,,,,,,,,,,,,,,,,,82.04771150043234,725.6189531,725.6339851,725.6339851,725.6339851,725.6339851,726.0858039,j,0.4450952000916004,None,left,1,7,2,7,97,12,None,82.51465230016038,82.51500600017607,726.0862457002513,726.1006684000604,726.1006684000604,727.1014451999217,727.1014451999217,727.0846609999426,83.51349710021168,83.51354490034282,727.0960051002912,727.1014451999217,727.1014451999217,728.1002664999105,728.1002664999105,728.0849756998941,stimuli/box_coin_transparent.png,84.51378290029243,84.51381550030783,728.0850519002415,728.1002664999105,729.1005726000294,729.0838705999777,85.51267570024356,,,,,,,,,,,,,111111,right,no,None,2025-04-28_11h23.10.824,RL_out-of-scanner,2024.2.4,59.53763075980678,2025-04-28 11h23.35.571925 -0500
18,0,18,space,11.287009899970144,None,5,1.2110789003781974,None,85.51454610005021,j,0.7666363003663719,None,None,86.29763330006972,86.29808060033247,89.7964055,89.79644430009648,90.79647510033101,90.79651170037687,92.7957739,,,,,,,2,0,2,0,18,0,18,0,729.1005726000294,,,,,,,,,,,,,,,,,,,,,,,,,,,,,,85.51454610005021,729.0857937000692,729.1005726000294,729.1005726000294,729.1005726000294,729.1005726000294,729.8687621001154,j,0.7666363003663719,None,left,1,7,3,7,98,13,None,86.29763330006972,86.29808060033247,729.8693234003149,729.8838462000713,729.8838462000713,733.3839826001786,733.3839826001786,733.3675798000768,89.7964055,89.79644430009648,733.3780058003031,733.3839826001786,733.3839826001786,734.3831847,734.3831847,734.3676638002507,stimuli/box_coin_transparent.png,90.79647510033101,90.79651170037687,734.3677528002299,734.3831847,736.3835607999936,736.3669672003016,92.7957739,,,,,,,,,,,,,111111,right,no,None,2025-04-28_11h23.10.824,RL_out-of-scanner,2024.2.4,59.53763075980678,2025-04-28 11h23.35.571925 -0500
19,0,19,space,11.287009899970144,None,5,1.2110789003781974,None,92.79735870007426,j,0.27796739991754293,None,None,93.0968846,93.09730590041727,94.09956850018352,94.09961740020663,95.11285470006987,95.11289170011878,96.61233470030129,,,,,,,2,0,2,0,19,0,19,0,736.3835607999936,,,,,,,,,,,,,,,,,,,,,,,,,,,,,,92.79735870007426,736.3685993999243,736.3835607999936,736.3835607999936,736.3835607999936,736.3835607999936,736.6680089002475,j,0.27796739991754293,None,left,0,7,3,7,99,13,None,93.0968846,93.09730590041727,736.6685800002888,736.6835986,736.6835986,737.6863441001624,737.6863441001624,737.6707216999494,94.09956850018352,94.09961740020663,737.6806623,737.6863441001624,737.6863441001624,,,738.6840444998816,stimuli/box_empty_transparent.png,95.11285470006987,95.11289170011878,738.6841286001727,738.7007256001234,740.2001672000624,740.1835301001556,96.61233470030129,,,,,,,,,,,,,111111,right,no,None,2025-04-28_11h23.10.824,RL_out-of-scanner,2024.2.4,59.53763075980678,2025-04-28 11h23.35.571925 -0500
20,0,20,space,11.287009899970144,None,5,1.2110789003781974,None,96.6137605,j,0.3427236001007259,None,None,96.9819089,96.98231620015576,98.9794094,98.97944700019434,99.99613940017298,99.99618120025843,101.9959671003744,,,,,,,2,0,2,0,20,0,20,0,740.2001672000624,,,,,,,,,,,,,,,,,,,,,,,,,,,,,,96.6137605,740.1850014999509,740.2001672000624,740.2001672000624,740.2001672000624,740.2001672000624,740.5530493999831,j,0.3427236001007259,None,left,1,7,4,7,100,14,None,96.9819089,96.98231620015576,740.5535613000393,740.5669023999944,740.5669023999944,742.5683253002353,742.5683253002353,742.5505861,98.9794094,98.97944700019434,742.5618641,742.5683253002353,742.5683253002353,,,743.5673217,stimuli/box_coin_transparent.png,99.99613940017298,99.99618120025843,743.5674263,743.5831349003129,745.5847725002095,745.5671593002044,101.9959671003744,,,,,,,,,,,,,111111,right,no,None,2025-04-28_11h23.10.824,RL_out-of-scanner,2024.2.4,59.53763075980678,2025-04-28 11h23.35.571925 -0500
21,0,21,space,11.287009899970144,None,5,1.2110789003781974,None,101.9976465003565,j,0.3325870996341109,None,None,102.36326980032027,102.3636218002066,105.36261110007763,105.3626492000185,106.3625978003256,106.36263020010665,107.86286520026624,,,,,,,2,0,2,0,21,0,21,0,745.5847725002095,,,,,,,,,,,,,,,,,,,,,,,,,,,,,,101.9976465003565,745.5688877003267,745.5847725002095,745.5847725002095,745.5847725002095,745.5847725002095,745.9344101003371,j,0.3325870996341109,None,left,0,7,4,7,101,14,None,102.36326980032027,102.3636218002066,745.9348726,745.9501188001595,745.9501188001595,748.9503035000525,748.9503035000525,748.9337845998816,105.36261110007763,105.3626492000185,748.9428081000224,748.9503035000525,748.9503035000525,749.9495621002279,749.9495621002279,749.9337900001556,stimuli/box_empty_transparent.png,106.3625978003256,106.36263020010665,749.9338667001575,749.9495621002279,751.4498246000148,751.4340607002378,107.86286520026624,,,,,,,,,,,,,111111,right,no,None,2025-04-28_11h23.10.824,RL_out-of-scanner,2024.2.4,59.53763075980678,2025-04-28 11h23.35.571925 -0500
22,0,22,space,11.287009899970144,None,5,1.2110789003781974,None,107.86460760002956,j,0.3187740999273956,None,None,108.21331020025536,108.2137082000263,109.71250160038471,109.71253890031949,110.71250560041517,110.7125352001749,112.71316200029105,,,,,,,2,0,2,0,22,0,22,0,751.4498246000148,,,,,,,,,,,,,,,,,,,,,,,,,,,,,,107.86460760002956,751.4358557001688,751.4498246000148,751.4498246000148,751.4498246000148,751.4498246000148,751.784453,j,0.3187740999273956,None,left,1,7,5,7,102,15,None,108.21331020025536,108.2137082000263,751.7849539001472,751.8001323,751.8001323,753.3003294002265,753.3003294002265,753.2836755001917,109.71250160038471,109.71253890031949,753.2938137003221,753.3003294002265,753.3003294002265,754.2992596002296,754.2992596002296,754.2836998999119,stimuli/box_coin_transparent.png,110.71250560041517,110.7125352001749,754.2837702003308,754.2992596002296,756.3001199001446,756.2843563999049,112.71316200029105,,,,,,,,,,,,,111111,right,no,None,2025-04-28_11h23.10.824,RL_out-of-scanner,2024.2.4,59.53763075980678,2025-04-28 11h23.35.571925 -0500
23,0,23,space,11.287009899970144,None,5,1.2110789003781974,None,112.71472749998793,j,0.45006230007857084,None,None,113.18128570029512,113.18168900022283,114.69572820002213,114.69576780032367,115.69572419999167,115.6957625001669,117.19494750024751,,,,,,,2,0,2,0,23,0,23,0,756.3001199001446,,,,,,,,,,,,,,,,,,,,,,,,,,,,,,112.71472749998793,756.2859686003067,756.3001199001446,756.3001199001446,756.3001199001446,756.3001199001446,756.7524217,j,0.45006230007857084,None,left,1,7,6,7,103,16,None,113.18128570029512,113.18168900022283,756.7529342002235,756.7675032000989,756.7675032000989,758.2834159000777,758.2834159000777,758.2668969999067,114.69572820002213,114.69576780032367,758.2766761002131,758.2834159000777,758.2834159000777,759.2826505000703,759.2826505000703,759.2669128002599,stimuli/box_coin_transparent.png,115.69572419999167,115.6957625001669,759.2670054002665,759.2826505000703,760.7827616003342,760.7661429001018,117.19494750024751,,,,,,,,,,,,,111111,right,no,None,2025-04-28_11h23.10.824,RL_out-of-scanner,2024.2.4,59.53763075980678,2025-04-28 11h23.35.571925 -0500
24,0,24,space,11.287009899970144,None,5,1.2110789003781974,None,117.19651530031115,j,0.5466820001602173,None,None,117.76334930025041,117.7637314000167,119.76254080003127,119.7625783002004,120.76260110037401,120.76263330038637,122.26166460011154,,,,,,,2,0,2,0,24,0,24,0,760.7827616003342,,,,,,,,,,,,,,,,,,,,,,,,,,,,,,117.19651530031115,760.7677575000562,760.7827616003342,760.7827616003342,760.7827616003342,760.7827616003342,761.3344876,j,0.5466820001602173,None,left,1,7,7,7,104,17,None,117.76334930025041,117.7637314000167,761.3349717999808,761.3496639002115,761.3496639002115,763.3499940000474,763.3499940000474,763.3337155999616,119.76254080003127,119.7625783002004,763.3437172002159,763.3499940000474,763.3499940000474,764.3490226003341,764.3490226003341,764.3337930003181,stimuli/box_coin_transparent.png,120.76260110037401,120.76263330038637,764.3338689999655,764.3490226003341,765.8495583999902,765.8328601,122.26166460011154,,,,,,,,,,,,,111111,right,no,None,2025-04-28_11h23.10.824,RL_out-of-scanner,2024.2.4,59.53763075980678,2025-04-28 11h23.35.571925 -0500
25,0,25,space,11.287009899970144,None,5,1.2110789003781974,None,122.26324380002916,j,0.44744980009272695,None,None,122.72955870022997,122.72998960036784,123.73009020043537,123.73012840002775,124.7289462001063,124.72898330027238,128.22787910001352,,,,,,,2,0,2,0,25,0,25,0,765.8495583999902,,,,,,,,,,,,,,,,,,,,,,,,,,,,,,122.26324380002916,765.8344860002398,765.8495583999902,765.8495583999902,765.8495583999902,765.8495583999902,766.3006735001691,j,0.44744980009272695,None,right,1,13,0,8,104,17,None,122.72955870022997,122.72998960036784,766.3012435999699,766.3160727000795,766.3160727000795,767.3165731001645,767.3165731001645,767.3012631,123.73009020043537,123.73012840002775,767.3100630999543,767.3165731001645,767.3165731001645,768.3156204000115,768.3156204000115,768.3001357000321,stimuli/box_empty_transparent.png,124.7289462001063,124.72898330027238,768.3002247000113,768.3156204000115,771.8159336000681,771.7990739000961,128.22787910001352,,,,,,,,,,,,,111111,right,no,None,2025-04-28_11h23.10.824,RL_out-of-scanner,2024.2.4,59.53763075980678,2025-04-28 11h23.35.571925 -0500
26,0,26,space,11.287009899970144,None,5,1.2110789003781974,None,128.22938280040398,j,0.31797310011461377,None,None,128.57941530039534,128.57983360020444,129.0784747004509,129.07851980021223,130.0799296000041,130.07998000038788,133.57842480018735,,,,,,,2,0,2,0,26,0,26,0,771.8159336000681,,,,,,,,,,,,,,,,,,,,,,,,,,,,,,128.22938280040398,771.8006243999116,771.8159336000681,771.8159336000681,771.8159336000681,771.8159336000681,772.1505459998734,j,0.31797310011461377,None,right,1,13,0,8,104,17,None,128.57941530039534,128.57983360020444,772.1510872002691,772.1659707003273,772.1659707003273,772.6663561002351,772.6663561002351,772.6496397000737,129.0784747004509,129.07851980021223,772.6595402001403,772.6663561002351,772.6663561002351,,,773.6511071003042,stimuli/box_empty_transparent.png,130.0799296000041,130.07998000038788,773.6512426002882,773.6653624000028,777.1664666999131,777.1496195001528,133.57842480018735,,,,,,,,,,,,,111111,right,no,None,2025-04-28_11h23.10.824,RL_out-of-scanner,2024.2.4,59.53763075980678,2025-04-28 11h23.35.571925 -0500
27,0,27,space,11.287009899970144,None,5,1.2110789003781974,None,133.57994090020657,j,0.3849972,None,None,133.99602840002626,133.9963543000631,135.49579860037193,135.49583930009976,136.4963482003659,136.49638710031286,137.49536700034514,,,,,,,2,0,2,0,27,0,27,0,777.1664666999131,,,,,,,,,,,,,,,,,,,,,,,,,,,,,,133.57994090020657,777.1511826999485,777.1664666999131,777.1664666999131,777.1664666999131,777.1664666999131,777.5671794000082,j,0.3849972,None,right,1,13,0,8,104,17,None,133.99602840002626,133.9963543000631,777.5675941002555,777.5830402001739,777.5830402001739,779.0827692002058,779.0827692002058,779.0669615999795,135.49579860037193,135.49583930009976,779.0755038000643,779.0827692002058,779.0827692002058,780.0822725999169,780.0822725999169,780.0675367000513,stimuli/box_empty_transparent.png,136.4963482003659,136.49638710031286,780.0676301,780.0822725999169,781.0826886002906,781.066558,137.49536700034514,,,,,,,,,,,,,111111,right,no,None,2025-04-28_11h23.10.824,RL_out-of-scanner,2024.2.4,59.53763075980678,2025-04-28 11h23.35.571925 -0500
28,0,28,space,11.287009899970144,None,5,1.2110789003781974,None,137.49697060044855,k,0.4442,None,None,137.96254740003496,137.96288020024076,138.96215300029144,138.9621921000071,139.9615425,139.96158000035211,143.4611338,,,,,,,2,0,2,0,28,0,28,0,781.0826886002906,,,,,,,,,,,,,,,,,,,,,,,,,,,,,,137.49697060044855,781.0682116001844,781.0826886002906,781.0826886002906,781.0826886002906,781.0826886002906,781.5336830001324,k,0.4442,None,right,1,13,1,8,105,18,None,137.96254740003496,137.96288020024076,781.5341246002354,781.5493073002435,781.5493073002435,782.5493959002197,782.5493959002197,782.5333274002187,138.96215300029144,138.9621921000071,782.5439436002634,782.5493959002197,782.5493959002197,783.5483945999295,783.5483945999295,783.5327320001088,stimuli/box_coin_transparent.png,139.9615425,139.96158000035211,783.5328230001032,783.5483945999295,787.0489118001424,787.0323305,143.4611338,,,,,,,,,,,,,111111,right,no,None,2025-04-28_11h23.10.824,RL_out-of-scanner,2024.2.4,59.53763075980678,2025-04-28 11h23.35.571925 -0500
29,0,29,space,11.287009899970144,None,5,1.2110789003781974,None,143.46258130017668,k,0.2852839003317058,None,None,143.77992520015687,143.78023070003837,145.77870150003582,145.7787467,146.79419170040637,146.79422810021788,147.79522200021893,,,,,,,2,0,2,0,29,0,29,0,787.0489118001424,,,,,,,,,,,,,,,,,,,,,,,,,,,,,,143.46258130017668,787.0338220000267,787.0489118001424,787.0489118001424,787.0489118001424,787.0489118001424,787.3510340000503,k,0.2852839003317058,None,right,1,13,2,8,106,19,None,143.77992520015687,143.78023070003837,787.3514698999934,787.3657280001789,787.3657280001789,789.3665022999048,789.3665022999048,789.3498674998991,145.77870150003582,145.7787467,789.3610478001647,789.3665022999048,789.3665022999048,,,790.3653772999533,stimuli/box_coin_transparent.png,146.79419170040637,146.79422810021788,790.3654718003236,790.3815489001572,791.3822936001234,791.3664122000337,147.79522200021893,,,,,,,,,,,,,111111,right,no,None,2025-04-28_11h23.10.824,RL_out-of-scanner,2024.2.4,59.53763075980678,2025-04-28 11h23.35.571925 -0500
30,0,30,space,11.287009899970144,None,5,1.2110789003781974,None,147.79697960009798,k,0.4858006997965276,None,None,148.31187620013952,148.3121299003251,149.31132340012118,149.31136880023405,150.31145650008693,150.31148910010234,151.31093500042334,,,,,,,2,0,2,0,30,0,30,0,791.3822936001234,,,,,,,,,,,,,,,,,,,,,,,,,,,,,,147.79697960009798,791.3682212000713,791.3822936001234,791.3822936001234,791.3822936001234,791.3822936001234,791.8830289002508,k,0.4858006997965276,None,right,1,13,3,8,107,20,None,148.31187620013952,148.3121299003251,791.8833681000397,791.8989887000062,791.8989887000062,792.8991857999936,792.8991857999936,792.8824905999936,149.31132340012118,149.31136880023405,792.8930859002285,792.8991857999936,792.8991857999936,793.8980912002735,793.8980912002735,793.8826508000493,stimuli/box_coin_transparent.png,150.31145650008693,150.31148910010234,793.8827253002673,793.8980912002735,794.8987687001936,794.8821197999641,151.31093500042334,,,,,,,,,,,,,111111,right,no,None,2025-04-28_11h23.10.824,RL_out-of-scanner,2024.2.4,59.53763075980678,2025-04-28 11h23.35.571925 -0500
31,0,31,space,11.287009899970144,None,5,1.2110789003781974,None,151.3124591000378,k,0.31902459962293506,None,None,151.66343110008165,151.66369449999183,154.6611553002149,154.6611917000264,155.6792581002228,155.6793010002002,158.19414560031146,,,,,,,2,0,2,0,31,0,31,0,794.8987687001936,,,,,,,,,,,,,,,,,,,,,,,,,,,,,,151.3124591000378,794.8837009002455,794.8987687001936,794.8987687001936,794.8987687001936,794.8987687001936,795.2345819999464,k,0.31902459962293506,None,right,1,13,4,8,108,21,None,151.66343110008165,151.66369449999183,795.2349328002892,795.2488951003179,795.2488951003179,798.2497853999957,798.2497853999957,798.2323298999108,154.6611553002149,154.6611917000264,798.2443054001778,798.2497853999957,798.2497853999957,,,799.2504433998838,stimuli/box_coin_transparent.png,155.6792581002228,155.6793010002002,799.2505445000716,799.2658210000955,801.7827838999219,801.7653375999071,158.19414560031146,,,,,,,,,,,,,111111,right,no,None,2025-04-28_11h23.10.824,RL_out-of-scanner,2024.2.4,59.53763075980678,2025-04-28 11h23.35.571925 -0500
32,0,32,space,11.287009899970144,None,5,1.2110789003781974,None,158.19583600014448,k,0.3860976998694241,None,None,158.61238030018285,158.61263030022383,159.61111260019243,159.61114930035546,160.61124570015818,160.6112780002877,161.6111654001288,,,,,,,2,0,2,0,32,0,32,0,801.7827838999219,,,,,,,,,,,,,,,,,,,,,,,,,,,,,,158.19583600014448,801.7670844001696,801.7827838999219,801.7827838999219,801.7827838999219,801.7827838999219,802.1835325001739,k,0.3860976998694241,None,right,0,13,4,8,109,21,None,158.61238030018285,158.61263030022383,802.1838684999384,802.1989973001182,802.1989973001182,803.1987470001914,803.1987470001914,803.1822881000116,159.61111260019243,159.61114930035546,803.1908759,803.1987470001914,803.1987470001914,804.1989386999048,804.1989386999048,804.1824371,stimuli/box_empty_transparent.png,160.61124570015818,160.6112780002877,804.1825151001103,804.1989386999048,805.1984282000922,805.1823515002616,161.6111654001288,,,,,,,,,,,,,111111,right,no,None,2025-04-28_11h23.10.824,RL_out-of-scanner,2024.2.4,59.53763075980678,2025-04-28 11h23.35.571925 -0500
33,0,33,space,11.287009899970144,None,5,1.2110789003781974,None,161.6126536,k,0.2522649997845292,None,None,161.89536390034482,161.89562930027023,163.89484760025516,163.8949029,164.91063080029562,164.91067070001736,166.4106066999957,,,,,,,2,0,2,0,33,0,33,0,805.1984282000922,,,,,,,,,,,,,,,,,,,,,,,,,,,,,,161.6126536,805.1838954999112,805.1984282000922,805.1984282000922,805.1984282000922,805.1984282000922,805.4665164002217,k,0.2522649997845292,None,right,1,13,5,8,110,22,None,161.89536390034482,161.89562930027023,805.4668691,805.4818330002017,805.4818330002017,807.4869742002338,807.4869742002338,807.4660042002797,163.89484760025516,163.8949029,807.4802923,807.4869742002338,807.4869742002338,,,808.4818135001697,stimuli/box_coin_transparent.png,164.91063080029562,164.91067070001736,808.4819169002585,808.4980103000998,809.9980339002796,809.9818006,166.4106066999957,,,,,,,,,,,,,111111,right,no,None,2025-04-28_11h23.10.824,RL_out-of-scanner,2024.2.4,59.53763075980678,2025-04-28 11h23.35.571925 -0500
34,0,34,space,11.287009899970144,None,5,1.2110789003781974,None,166.41225140029564,k,0.3660818003118038,None,None,166.79592830035836,166.79620219999924,169.79471620032564,169.7947691003792,170.8106680000201,170.81070540007204,173.31013000011444,,,,,,,2,0,2,0,34,0,34,0,809.9980339002796,,,,,,,,,,,,,,,,,,,,,,,,,,,,,,166.41225140029564,809.9834925001487,809.9980339002796,809.9980339002796,809.9980339002796,809.9980339002796,810.3670815001242,k,0.3660818003118038,None,right,1,13,6,8,111,23,None,166.79592830035836,166.79620219999924,810.3674400001764,810.3815544000827,810.3815544000827,813.3840045998804,813.3840045998804,813.3658599001355,169.79471620032564,169.7947691003792,813.3776043001562,813.3840045998804,813.3840045998804,,,814.3818534002639,stimuli/box_coin_transparent.png,170.8106680000201,170.81070540007204,814.3819666001946,814.3978530000895,816.8980890000239,816.8813212001696,173.31013000011444,,,,,,,,,,,,,111111,right,no,None,2025-04-28_11h23.10.824,RL_out-of-scanner,2024.2.4,59.53763075980678,2025-04-28 11h23.35.571925 -0500
35,0,35,space,11.287009899970144,None,5,1.2110789003781974,None,173.31192070012912,k,0.3172611999325454,None,None,173.66088840039447,173.66122880019248,175.1604494000785,175.16048770025373,176.16042060032487,176.16046460019425,177.16005040006712,,,,,,,2,0,2,0,35,0,35,0,816.8980890000239,,,,,,,,,,,,,,,,,,,,,,,,,,,,,,173.31192070012912,816.8831678000279,816.8980890000239,816.8980890000239,816.8980890000239,816.8980890000239,817.2320253001526,k,0.3172611999325454,None,right,1,13,7,8,112,24,None,173.66088840039447,173.66122880019248,817.2324735,817.2479462,817.2479462,818.7484678002074,818.7484678002074,818.7316236002371,175.1604494000785,175.16048770025373,818.7412545001134,818.7484678002074,818.7484678002074,819.7472914000973,819.7472914000973,819.7316030999646,stimuli/box_coin_transparent.png,176.16042060032487,176.16046460019425,819.7317147,819.7472914000973,820.7478693001904,820.7312453002669,177.16005040006712,,,,,,,,,,,,,111111,right,no,None,2025-04-28_11h23.10.824,RL_out-of-scanner,2024.2.4,59.53763075980678,2025-04-28 11h23.35.571925 -0500
36,0,36,space,11.287009899970144,None,5,1.2110789003781974,None,177.16226020036265,k,0.6358834998682141,None,None,177.8279869,177.82828610017896,179.3271461,179.3271831003949,180.32757770037279,180.32761190040037,183.82740380009636,,,,,,,2,0,2,0,36,0,36,0,820.7478693001904,,,,,,,,,,,,,,,,,,,,,,,,,,,,,,177.16226020036265,820.7335176998749,820.7478693001904,820.7478693001904,820.7478693001904,820.7478693001904,821.3991237003356,k,0.6358834998682141,None,right,1,13,8,8,113,25,None,177.8279869,177.82828610017896,821.3995413002558,821.4145696000196,821.4145696000196,822.9148027002811,822.9148027002811,822.8983207,179.3271461,179.3271831003949,822.9082623003051,822.9148027002811,822.9148027002811,,,823.8987670000643,stimuli/box_coin_transparent.png,180.32757770037279,180.32761190040037,823.8988524,823.9139433000237,827.4150781002827,827.3985978001729,183.82740380009636,,,,,,,,,,,,,111111,right,no,None,2025-04-28_11h23.10.824,RL_out-of-scanner,2024.2.4,59.53763075980678,2025-04-28 11h23.35.571925 -0500
37,0,37,space,11.287009899970144,None,5,1.2110789003781974,None,183.82886530039832,k,0.3178057000041008,None,None,184.17922940012068,184.1795634003356,186.1777759003453,186.17781990021467,187.1769899004139,187.1770263002254,188.17671080026776,,,,,,,2,0,2,0,37,0,37,0,827.4150781002827,,,,,,,,,,,,,,,,,,,,,,,,,,,,,,183.82886530039832,827.4001060998999,827.4150781002827,827.4150781002827,827.4150781002827,827.4150781002827,827.7503794999793,k,0.3178057000041008,None,right,1,13,9,8,114,26,None,184.17922940012068,184.1795634003356,827.7508042999543,827.7655044002458,827.7655044002458,829.7647649003193,829.7647649003193,829.7489448999986,186.1777759003453,186.17781990021467,829.7593622999266,829.7647649003193,829.7647649003193,830.7635743999854,830.7635743999854,830.7481782003306,stimuli/box_coin_transparent.png,187.1769899004139,187.1770263002254,830.7482683002017,830.7635743999854,831.7641949,831.7478959001601,188.17671080026776,,,,,,,,,,,,,111111,right,no,None,2025-04-28_11h23.10.824,RL_out-of-scanner,2024.2.4,59.53763075980678,2025-04-28 11h23.35.571925 -0500
38,0,38,space,11.287009899970144,None,5,1.2110789003781974,None,188.1791223003529,k,0.5276996996253729,None,None,188.7280785003677,188.7284813001752,189.7272154004313,189.72725300025195,190.72737560002133,190.72742120036855,192.2273556003347,,,,,,,2,0,2,0,38,0,38,0,831.7641949,,,,,,,,,,,,,,,,,,,,,,,,,,,,,,188.1791223003529,831.7503802003339,831.7641949,831.7641949,831.7641949,831.7641949,832.2992020999081,k,0.5276996996253729,None,right,0,13,9,8,115,26,None,188.7280785003677,188.7284813001752,832.2997351000085,832.3144187,832.3144187,833.3154532001354,833.3154532001354,833.2983877998777,189.7272154004313,189.72725300025195,833.3066818,833.3154532001354,833.3154532001354,,,834.2985535003245,stimuli/box_empty_transparent.png,190.72737560002133,190.72742120036855,834.2986836000346,834.3141055000015,835.8144780001603,835.7985411002301,192.2273556003347,,,,,,,,,,,,,111111,right,no,None,2025-04-28_11h23.10.824,RL_out-of-scanner,2024.2.4,59.53763075980678,2025-04-28 11h23.35.571925 -0500
39,0,39,space,11.287009899970144,None,5,1.2110789003781974,None,192.22905530035496,k,0.3225230001844466,None,None,192.57754830038175,192.57780690025538,193.57718340028077,193.5772262,194.59301559999585,194.5930601004511,195.59257740015164,,,,,,,2,0,2,0,39,0,39,0,835.8144780001603,,,,,,,,,,,,,,,,,,,,,,,,,,,,,,192.22905530035496,835.8002968002111,835.8144780001603,835.8144780001603,835.8144780001603,835.8144780001603,836.1487006000243,k,0.3225230001844466,None,right,1,13,10,8,116,27,None,192.57754830038175,192.57780690025538,836.1490456000902,836.1640606,836.1640606,837.1674334001727,837.1674334001727,837.1483593,193.57718340028077,193.5772262,837.1604376002215,837.1674334001727,837.1674334001727,,,838.1641971999779,stimuli/box_coin_transparent.png,194.59301559999585,194.5930601004511,838.1643093000166,838.1801649001427,839.1807919000275,839.1637734998949,195.59257740015164,,,,,,,,,,,,,111111,right,no,None,2025-04-28_11h23.10.824,RL_out-of-scanner,2024.2.4,59.53763075980678,2025-04-28 11h23.35.571925 -0500
40,0,40,space,11.287009899970144,None,5,1.2110789003781974,None,195.59451180044562,k,0.3909323001280427,None,None,196.01089870044962,196.01124580018222,197.50990730011836,197.50994360027835,198.50977170001715,198.50980780040845,199.50985510041937,,,,,,,2,0,2,0,40,0,40,0,839.1807919000275,,,,,,,,,,,,,,,,,,,,,,,,,,,,,,195.59451180044562,839.1657555000857,839.1807919000275,839.1807919000275,839.1807919000275,839.1807919000275,839.5820495001972,k,0.3909323001280427,None,right,1,13,11,8,117,28,None,196.01089870044962,196.01124580018222,839.5824966002256,839.5977079002187,839.5977079002187,841.0980006000027,841.0980006000027,841.0810838,197.50990730011836,197.50994360027835,841.0925418999977,841.0980006000027,841.0980006000027,842.0970463999547,842.0970463999547,842.0809605000541,stimuli/box_coin_transparent.png,198.50977170001715,198.50980780040845,842.0810497999191,842.0970463999547,843.0974671998993,843.081046,199.50985510041937,,,,,,,,,,,,,111111,right,no,None,2025-04-28_11h23.10.824,RL_out-of-scanner,2024.2.4,59.53763075980678,2025-04-28 11h23.35.571925 -0500
41,0,41,space,11.287009899970144,None,5,1.2110789003781974,None,199.5116915004328,k,0.6251597,None,None,200.16113990033045,200.1615245002322,201.15985210007057,201.1598911001347,202.15981450024992,202.15985170006752,205.15936220018193,,,,,,,2,0,2,0,41,0,41,0,843.0974671998993,,,,,,,,,,,,,,,,,,,,,,,,,,,,,,199.5116915004328,843.0829433999024,843.0974671998993,843.0974671998993,843.0974671998993,843.0974671998993,843.7322625000961,k,0.6251597,None,right,1,13,12,8,118,29,None,200.16113990033045,200.1615245002322,843.7327768001705,843.7472586003132,843.7472586003132,844.7477102000266,844.7477102000266,844.7310222000815,201.15985210007057,201.1598911001347,844.7418696000241,844.7477102000266,844.7477102000266,845.7473622001708,845.7473622001708,845.7310029002838,stimuli/box_coin_transparent.png,202.15981450024992,202.15985170006752,845.7310934,845.7473622001708,848.7475187000819,848.7305552,205.15936220018193,,,,,,,,,,,,,111111,right,no,None,2025-04-28_11h23.10.824,RL_out-of-scanner,2024.2.4,59.53763075980678,2025-04-28 11h23.35.571925 -0500
42,0,42,space,11.287009899970144,None,5,1.2110789003781974,None,205.16086610034108,k,0.4055898003280163,None,None,205.59402160020545,205.5942784002982,207.59290730021894,207.59294350026175,208.59292290033773,208.59296060027555,212.09209740022197,,,,,,,2,0,2,0,42,0,42,0,848.7475187000819,,,,,,,,,,,,,,,,,,,,,,,,,,,,,,205.16086610034108,848.7321083000861,848.7475187000819,848.7475187000819,848.7475187000819,848.7475187000819,849.1651743999682,k,0.4055898003280163,None,right,0,13,12,8,119,29,None,205.59402160020545,205.5942784002982,849.1655325000174,849.1803915998898,849.1803915998898,851.1807583998889,851.1807583998889,851.1640844000503,207.59290730021894,207.59294350026175,851.1723708002828,851.1807583998889,851.1807583998889,852.1796649000607,852.1796649000607,852.1641122000292,stimuli/box_empty_transparent.png,208.59292290033773,208.59296060027555,852.1642030002549,852.1796649000607,855.7630586000159,855.6632861001417,212.09209740022197,,,,,,,,,,,,,111111,right,no,None,2025-04-28_11h23.10.824,RL_out-of-scanner,2024.2.4,59.53763075980678,2025-04-28 11h23.35.571925 -0500
43,0,43,space,11.287009899970144,None,5,1.2110789003781974,None,212.18684590002522,k,0.31576790008693933,None,None,212.51927890023217,212.51954200025648,213.51925830030814,213.5193037,214.51875540008768,214.51878750044852,216.51750990003347,,,,,,,2,0,2,0,43,0,43,0,855.7630586000159,,,,,,,,,,,,,,,,,,,,,,,,,,,,,,212.18684590002522,855.7581070000306,855.7630586000159,855.7630586000159,855.7630586000159,855.7630586000159,856.0904326001182,k,0.31576790008693933,None,right,0,13,12,8,120,29,None,212.51927890023217,212.51954200025648,856.0907804002054,856.1055391002446,856.1055391002446,857.1062423000112,857.1062423000112,857.0904229,213.51925830030814,213.5193037,857.0988575001247,857.1062423000112,857.1062423000112,858.1053002001718,858.1053002001718,858.0899463999085,stimuli/box_empty_transparent.png,214.51875540008768,214.51878750044852,858.0900234999135,858.1053002001718,860.1055804002099,860.0887066000141,216.51750990003347,,,,,,,,,,,,,111111,right,no,None,2025-04-28_11h23.10.824,RL_out-of-scanner,2024.2.4,59.53763075980678,2025-04-28 11h23.35.571925 -0500
44,0,44,space,11.287009899970144,None,5,1.2110789003781974,None,216.51898750010878,j,0.4889842998236418,None,None,217.03653550008312,217.03692800039425,219.5350394002162,219.53508120030165,220.53531400021166,220.53535180026665,222.535221,,,,,,,2,0,2,0,44,0,44,0,860.1055804002099,,,,,,,,,,,,,,,,,,,,,,,,,,,,,,216.51898750010878,860.0902293003164,860.1055804002099,860.1055804002099,860.1055804002099,860.1055804002099,860.6076711001806,j,0.4889842998236418,None,right,0,13,12,8,120,29,None,217.03653550008312,217.03692800039425,860.6081730001606,860.6221254998818,860.6221254998818,863.1229203999974,863.1229203999974,863.1062106001191,219.5350394002162,219.53508120030165,863.1145077003166,863.1229203999974,863.1229203999974,,,864.1065007001162,stimuli/box_empty_transparent.png,220.53531400021166,220.53535180026665,864.1065941001289,864.1215907000005,866.1219987003133,866.1064142002724,222.535221,,,,,,,,,,,,,111111,right,no,None,2025-04-28_11h23.10.824,RL_out-of-scanner,2024.2.4,59.53763075980678,2025-04-28 11h23.35.571925 -0500
45,0,45,space,11.287009899970144,None,5,1.2110789003781974,None,222.53703250037506,k,0.7968359999358654,None,None,223.3524653003551,223.3528272002004,224.35116560012102,224.35120999999344,225.35133900027722,225.35137040028349,226.35164490016177,,,,,,,2,0,2,0,45,0,45,0,866.1219987003133,,,,,,,,,,,,,,,,,,,,,,,,,,,,,,222.53703250037506,866.1082787001505,866.1219987003133,866.1219987003133,866.1219987003133,866.1219987003133,866.9235852002166,k,0.7968359999358654,None,right,1,13,13,8,121,30,None,223.3524653003551,223.3528272002004,866.9240778000094,866.9393106000498,866.9393106000498,867.9392484999262,867.9392484999262,867.9223366999067,224.35116560012102,224.35120999999344,867.9326273999177,867.9392484999262,867.9392484999262,868.9379071001895,868.9379071001895,868.9225313002244,stimuli/box_coin_transparent.png,225.35133900027722,225.35137040028349,868.9226069003344,868.9379071001895,869.9388834000565,869.9228356000967,226.35164490016177,,,,,,,,,,,,,111111,right,no,None,2025-04-28_11h23.10.824,RL_out-of-scanner,2024.2.4,59.53763075980678,2025-04-28 11h23.35.571925 -0500
46,0,46,space,11.287009899970144,None,5,1.2110789003781974,None,226.35351870022714,k,0.3077761996537447,None,None,226.6858264002949,226.68615010008216,228.6845363001339,228.68457520008087,229.68529390031472,229.68533620005473,230.68428140040487,,,,,,,2,0,2,0,46,0,46,0,869.9388834000565,,,,,,,,,,,,,,,,,,,,,,,,,,,,,,226.35351870022714,869.9247655,869.9388834000565,869.9388834000565,869.9388834000565,869.9388834000565,870.2569627002813,k,0.3077761996537447,None,left,1,10,0,9,121,30,None,226.6858264002949,226.68615010008216,870.2573943999596,870.2720918999985,870.2720918999985,872.2727264002897,872.2727264002897,872.2557106,228.6845363001339,228.68457520008087,872.2639776999131,872.2727264002897,872.2727264002897,873.2713148999028,873.2713148999028,873.2564771999605,stimuli/box_empty_transparent.png,229.68529390031472,229.68533620005473,873.2565875002183,873.2713148999028,874.2717345999554,874.2554774000309,230.68428140040487,,,,,,,,,,,,,111111,right,no,None,2025-04-28_11h23.10.824,RL_out-of-scanner,2024.2.4,59.53763075980678,2025-04-28 11h23.35.571925 -0500
47,0,47,space,11.287009899970144,None,5,1.2110789003781974,None,230.68583120033145,k,0.4131140001118183,None,None,231.11834820033982,231.11862610001117,234.11929680034518,234.11933980043977,235.11769510013983,235.11772740026936,236.6179511002265,,,,,,,2,0,2,0,47,0,47,0,874.2717345999554,,,,,,,,,,,,,,,,,,,,,,,,,,,,,,230.68583120033145,874.2570736999623,874.2717345999554,874.2717345999554,874.2717345999554,874.2717345999554,874.6894867001101,k,0.4131140001118183,None,left,1,10,0,9,121,30,None,231.11834820033982,231.11862610001117,874.6898652003147,874.7050839001313,874.7050839001313,877.7052589999512,877.7052589999512,877.6904631000943,234.11929680034518,234.11933980043977,877.6989945000969,877.7052589999512,877.7052589999512,878.7051610001363,878.7051610001363,878.6888889,stimuli/box_empty_transparent.png,235.11769510013983,235.11772740026936,878.688963,878.7051610001363,880.2051157001406,880.1891467999667,236.6179511002265,,,,,,,,,,,,,111111,right,no,None,2025-04-28_11h23.10.824,RL_out-of-scanner,2024.2.4,59.53763075980678,2025-04-28 11h23.35.571925 -0500
48,0,48,space,11.287009899970144,None,5,1.2110789003781974,None,236.61945600016043,j,0.28914580028504133,None,None,236.9361906000413,236.93654920021072,238.45110470009968,238.4511595000513,239.4671757002361,239.4672130001709,242.9679728001356,,,,,,,2,0,2,0,48,0,48,0,880.2051157001406,,,,,,,,,,,,,,,,,,,,,,,,,,,,,,236.61945600016043,880.1906965998933,880.2051157001406,880.2051157001406,880.2051157001406,880.2051157001406,880.5073417001404,j,0.28914580028504133,None,left,1,10,1,9,122,31,None,236.9361906000413,236.93654920021072,880.5077887000516,880.5230487999506,880.5230487999506,882.0397620000876,882.0397620000876,882.0222570002079,238.45110470009968,238.4511595000513,882.0332007003017,882.0397620000876,882.0397620000876,,,883.0383607000113,stimuli/box_coin_transparent.png,239.4671757002361,239.4672130001709,883.0384573000483,883.0541060999967,886.5546071003191,886.5391647000797,242.9679728001356,,,,,,,,,,,,,111111,right,no,None,2025-04-28_11h23.10.824,RL_out-of-scanner,2024.2.4,59.53763075980678,2025-04-28 11h23.35.571925 -0500
49,0,49,space,11.287009899970144,None,5,1.2110789003781974,None,242.96953300014138,j,0.3353165998123586,None,None,243.33463650010526,243.33507470041513,244.83522020000964,244.8352730004117,245.8342520003207,245.8342884001322,245.83478900045156,,,,,,,2,0,2,0,49,0,49,0,886.5546071003191,,,,,,,,,,,,,,,,,,,,,,,,,,,,,,242.96953300014138,886.5407735002227,886.5546071003191,886.5546071003191,886.5546071003191,886.5546071003191,886.9057591999881,j,0.3353165998123586,None,left,0,10,1,9,123,31,None,243.33463650010526,243.33507470041513,886.9063293999061,886.9215624001808,886.9215624001808,888.4220720003359,888.4220720003359,888.4063821,244.83522020000964,244.8352730004117,888.4151983000338,888.4220720003359,888.4220720003359,889.4209846,889.4209846,889.4054405000061,stimuli/box_empty_transparent.png,245.8342520003207,245.8342884001322,889.4055282999761,889.4209846,889.4209846,889.4059880003333,245.83478900045156,,,,,,,,,,,,,111111,right,no,None,2025-04-28_11h23.10.824,RL_out-of-scanner,2024.2.4,59.53763075980678,2025-04-28 11h23.35.571925 -0500
2,0,2,space,11.287009899970144,None,5,1.2110789003781974,None,,,,,,,,,,,,,,,,,,,2,0,2,0,,,,,,,,,,,,,,,,,,,,,,,,,,,,,,,,,,,,,,,,,,,,,,,,,,,,,,,,,,,,,,,,,,,,,,,,,,,,,,,889.4158785003237,889.4209846,893.4065191,893.4065694003366,893.4217588999309,947.2041454003192,947.1880486002192,893.4217588999309,,,111111,right,no,None,2025-04-28_11h23.10.824,RL_out-of-scanner,2024.2.4,59.53763075980678,2025-04-28 11h23.35.571925 -0500
,,,,,,,,,,,,,,,,,,,,,,,,,,,,,,,,,,,,,,,,,,,,,,,,,,,,,,,,,,,,,,,,,,,,,,,,,,,,,,,,,,,,,,,,,,,,,,,,,,,,,,,,,,,,,,,,,,,,,947.1881601000205,947.1884427000768,111111,right,no,None,2025-04-28_11h23.10.824,RL_out-of-scanner,2024.2.4,59.53763075980678,2025-04-28 11h23.35.571925 -0500