thisN,thisTrialN,thisRepN,advance_press.keys,advance_press.rt,advance_press.duration,trigger_value.keys,trigger_value.rt,trigger_value.duration,cueOnTime,cue_resp.keys,cue_resp.rt,cue_resp.duration,all_keys.keys,cueOffTime,cueRespOnTime,cueRespOffTime,outcomeOnTime,outcomeOffTime,fixOnTime,fixOffTime,all_keys.rt,all_keys.duration,practice_loop.thisRepN,practice_loop.thisTrialN,practice_loop.thisN,practice_loop.thisIndex,runs.thisRepN,runs.thisTrialN,runs.thisN,runs.thisIndex,trials.thisRepN,trials.thisTrialN,trials.thisN,trials.thisIndex,thisRow.t,notes,prac_dir.started,welcome_text.started,advance_press_pd.started,prac_dir.stopped,advance_press_pd.keys,advance_press_pd.rt,advance_press_pd.duration,summary_instructions.started,summary_text.started,advance_to_runs.started,summary_instructions.stopped,advance_to_runs.keys,advance_to_runs.rt,advance_to_runs.duration,get_ready.started,get_ready_text.started,advance_press.started,get_ready.stopped,runs.advance_press.keys,runs.advance_press.rt,runs.advance_press.duration,scanner_trigger.started,scanner_text.started,trigger_value.started,scanner_trigger.stopped,runs.trigger_value.keys,runs.trigger_value.rt,runs.trigger_value.duration,trials.cueOnTime,cue.started,left_box.started,right_box.started,cue_resp.started,all_keys.started,cue.stopped,trials.cue_resp.keys,trials.cue_resp.rt,trials.cue_resp.duration,good_side,probability_sequence_value,magic_number,num_rewarded,num_switch,total_correct,num_gold_coins,trials.all_keys.keys,trials.cueOffTime,trials.cueRespOnTime,cue_response.started,left_box_response.started,right_box_response.started,left_box_response.stopped,right_box_response.stopped,cue_response.stopped,trials.cueRespOffTime,trials.outcomeOnTime,outcome.started,outcome_left_box.started,outcome_right_box.started,outcome_left_box.stopped,outcome_right_box.stopped,outcome.stopped,outcome_image,trials.outcomeOffTime,trials.fixOnTime,fixation.started,fixation_cross.started,fixation_cross.stopped,fixation.stopped,trials.fixOffTime,trials.all_keys.rt,trials.all_keys.duration,left_box.stopped,right_box.stopped,cue_resp.stopped,all_keys.stopped,run_feedback.started,coins_won_text.started,run_feedback.stopped,leftover_time_break.started,fixation_end.started,fixation_end.stopped,leftover_time_break.stopped,coins_won_text.stopped,end_exp.started,end_exp.stopped,participant,handedness,practice,restart_from_run,date,expName,psychopyVersion,frameRate,expStart,
,,,,,,,,,,,,,,,,,,,,,,,,,,,,,,,,,,,,,0.029465300031006336,0.035203699953854084,0.035203699953854084,63.50993310008198,j,63.459377699997276,None,,,,,,,,,,,,,,,,,,,,,,,,,,,,,,,,,,,,,,,,,,,,,,,,,,,,,,,,,,,,,,,,,,,,,,,,,,,,,,,,44444,right,no,None,2025-05-15_09h57.44.615,RL_out-of-scanner,2024.2.4,59.53794966579882,2025-05-15 09h57.59.412237 -0500,
,,,,,,,,,,,,,,,,,,,,,,,,,,,,,,,,,,,,,,,,,,,,63.51028920011595,63.519002799876034,63.519002799876034,78.40262319985777,j,14.87170819984749,None,,,,,,,,,,,,,,,,,,,,,,,,,,,,,,,,,,,,,,,,,,,,,,,,,,,,,,,,,,,,,,,,,,,,,,,,,44444,right,no,None,2025-05-15_09h57.44.615,RL_out-of-scanner,2024.2.4,59.53794966579882,2025-05-15 09h57.59.412237 -0500,
0,0,0,space,2.55885409982875,None,5,4.078784499783069,None,0.0023615998215973377,j,0.7096130000427365,None,None,0.7334292996674776,0.733833400066942,1.7336707999929786,1.7337139998562634,2.7333247996866703,2.7333566998131573,4.731622099876404,,,,,,,0,0,0,0,0,0,0,0,85.10226800013334,,,,,,,,,,,,,,,,78.40303769987077,78.41817119996995,78.41817119996995,80.9868974997662,space,2.55885409982875,None,80.98697530012578,81.00289150001481,81.00289150001481,85.0865730997175,5,4.078784499783069,None,0.0023615998215973377,85.08900630008429,85.10226800013334,85.10226800013334,85.10226800013334,85.10226800013334,85.81994279986247,j,0.7096130000427365,None,right,1,15,0,0,0,0,None,0.7334292996674776,0.733833400066942,85.82048289990053,85.83593659987673,85.83593659987673,86.8367930999957,86.8367930999957,86.82023030007258,1.7336707999929786,1.7337139998562634,86.83024869998917,86.8367930999957,86.8367930999957,87.83516039978713,87.83516039978713,87.81992259994149,stimuli/box_empty_transparent.png,2.7333247996866703,2.7333566998131573,87.81999350013211,87.83516039978713,89.83499420015141,89.81820499990135,4.731622099876404,,,,,,,,,,,,,,,,,44444,right,no,None,2025-05-15_09h57.44.615,RL_out-of-scanner,2024.2.4,59.53794966579882,2025-05-15 09h57.59.412237 -0500,
1,0,1,space,2.55885409982875,None,5,4.078784499783069,None,4.733917799778283,j,0.9958775998093188,None,['j'],5.75107689993456,5.751418199855834,7.24920369964093,7.249243299942464,8.265173399820924,8.265210799872875,9.76616539992392,[0.33372579980641603],[0.13837550021708012],,,,,0,0,0,0,1,0,1,0,89.83499420015141,,,,,,,,,,,,,,,,,,,,,,,,,,,,,,4.733917799778283,89.82057680003345,89.83499420015141,89.83499420015141,89.83499420015141,89.83499420015141,90.83760099997744,j,0.9958775998093188,None,right,1,15,0,0,0,0,['j'],5.75107689993456,5.751418199855834,90.8380609001033,90.85246299998835,90.85246299998835,92.3530966998078,92.3530966998078,92.33577359979972,7.24920369964093,7.249243299942464,92.34427709970623,92.3530966998078,92.3530966998078,,,93.35176050011069,stimuli/box_empty_transparent.png,8.265173399820924,8.265210799872875,93.35185489989817,93.36772979982197,94.86834809975699,94.85276190005243,9.76616539992392,[0.33372579980641603],[0.13837550021708012],,,,,,,,,,,,,,,44444,right,no,None,2025-05-15_09h57.44.615,RL_out-of-scanner,2024.2.4,59.53794966579882,2025-05-15 09h57.59.412237 -0500,
2,0,2,space,2.55885409982875,None,5,4.078784499783069,None,9.768146499991417,k,0.3060500998981297,None,None,10.099372299853712,10.099660099949688,11.099265200085938,11.099308599717915,12.099539999850094,12.09958150004968,15.099236099980772,,,,,,,0,0,0,0,2,0,2,0,94.86834809975699,,,,,,,,,,,,,,,,,,,,,,,,,,,,,,9.768146499991417,94.85479669971392,94.86834809975699,94.86834809975699,94.86834809975699,94.86834809975699,95.18589679989964,k,0.3060500998981297,None,right,1,15,1,0,1,1,None,10.099372299853712,10.099660099949688,95.18630860000849,95.20150109985843,95.20150109985843,96.20192499971017,96.20192499971017,96.18583650002256,11.099265200085938,11.099308599717915,96.19589129975066,96.20192499971017,96.20192499971017,97.20170600013807,97.20170600013807,97.18612889992073,stimuli/box_coin_transparent.png,12.099539999850094,12.09958150004968,97.18623310001567,97.20170600013807,100.20226259995252,100.18583589978516,15.099236099980772,,,,,,,,,,,,,,,,,44444,right,no,None,2025-05-15_09h57.44.615,RL_out-of-scanner,2024.2.4,59.53794966579882,2025-05-15 09h57.59.412237 -0500,
3,0,3,space,2.55885409982875,None,5,4.078784499783069,None,15.10079830000177,k,0.45611280016601086,None,None,15.58353709988296,15.58385009970516,17.583078099880368,17.58312309999019,18.58322690008208,18.583259399980307,19.582128799986094,,,,,,,0,0,0,0,3,0,3,0,100.20226259995252,,,,,,,,,,,,,,,,,,,,,,,,,,,,,,15.10079830000177,100.18744139978662,100.20226259995252,100.20226259995252,100.20226259995252,100.20226259995252,100.67007570015267,k,0.45611280016601086,None,right,0,15,1,0,2,1,None,15.58353709988296,15.58385009970516,100.67049819976091,100.68535669986159,100.68535669986159,102.68483239971101,102.68483239971101,102.66965219983831,17.583078099880368,17.58312309999019,102.67836719984189,102.68483239971101,102.68483239971101,103.68488080007955,103.68488080007955,103.66982309985906,stimuli/box_empty_transparent.png,18.58322690008208,18.583259399980307,103.66989899985492,103.68488080007955,104.68541699973866,104.66872419975698,19.582128799986094,,,,,,,,,,,,,,,,,44444,right,no,None,2025-05-15_09h57.44.615,RL_out-of-scanner,2024.2.4,59.53794966579882,2025-05-15 09h57.59.412237 -0500,
4,0,4,space,2.55885409982875,None,5,4.078784499783069,None,19.583742099814117,j,0.5803974000737071,None,None,20.18350060004741,20.183816799893975,21.183372399769723,21.18341749999672,22.182058999780566,22.182091400027275,24.681833599694073,,,,,,,0,0,0,0,4,0,4,0,104.68541699973866,,,,,,,,,,,,,,,,,,,,,,,,,,,,,,19.583742099814117,104.67038600007072,104.68541699973866,104.68541699973866,104.68541699973866,104.68541699973866,105.27005770010874,j,0.5803974000737071,None,right,0,15,1,0,2,1,None,20.18350060004741,20.183816799893975,105.27045919978991,105.28530179988593,105.28530179988593,106.28480529971421,106.28480529971421,106.26994480006397,21.183372399769723,21.18341749999672,106.27959010004997,106.28480529971421,106.28480529971421,107.28416649997234,107.28416649997234,107.26865610014647,stimuli/box_empty_transparent.png,22.182058999780566,22.182091400027275,107.26873089978471,107.28416649997234,109.78546490008011,109.76842979993671,24.681833599694073,,,,,,,,,,,,,,,,,44444,right,no,None,2025-05-15_09h57.44.615,RL_out-of-scanner,2024.2.4,59.53794966579882,2025-05-15 09h57.59.412237 -0500,
5,0,5,space,2.55885409982875,None,5,4.078784499783069,None,24.68362069968134,k,0.39718890003859997,None,None,25.099741599988192,25.100041599944234,28.599401999730617,28.599447699729353,29.598958999849856,29.598991399630904,31.598386299796402,,,,,,,0,0,0,0,5,0,5,0,109.78546490008011,,,,,,,,,,,,,,,,,,,,,,,,,,,,,,24.68362069968134,109.77027079975232,109.78546490008011,109.78546490008011,109.78546490008011,109.78546490008011,110.18628689972684,k,0.39718890003859997,None,right,1,15,2,0,3,2,None,25.099741599988192,25.100041599944234,110.18668799987063,110.20204340014607,110.20204340014607,113.70118719991297,113.70118719991297,113.68597490014508,28.599401999730617,28.599447699729353,113.69624699978158,113.70118719991297,113.70118719991297,114.70153369987383,114.70153369987383,114.6855568997562,stimuli/box_coin_transparent.png,29.598958999849856,29.598991399630904,114.68563019996509,114.70153369987383,116.70209509972483,116.68498530006036,31.598386299796402,,,,,,,,,,,,,,,,,44444,right,no,None,2025-05-15_09h57.44.615,RL_out-of-scanner,2024.2.4,59.53794966579882,2025-05-15 09h57.59.412237 -0500,
6,0,6,space,2.55885409982875,None,5,4.078784499783069,None,31.59989279974252,j,0.34989830013364553,None,None,31.982917599845678,31.983241899870336,32.98196249967441,32.98200650000945,33.98206140007824,33.98209919966757,34.98197819991037,,,,,,,0,0,0,0,6,0,6,0,116.70209509972483,,,,,,,,,,,,,,,,,,,,,,,,,,,,,,31.59989279974252,116.6865368001163,116.70209509972483,116.70209509972483,116.70209509972483,116.70209509972483,117.06947400001809,j,0.34989830013364553,None,right,1,15,2,0,3,2,None,31.982917599845678,31.983241899870336,117.0698839998804,117.08517669979483,117.08517669979483,118.08454479975626,118.08454479975626,118.06852620001882,32.98196249967441,32.98200650000945,118.07813829975203,118.08454479975626,118.08454479975626,119.08374230004847,119.08374230004847,119.06865409994498,stimuli/box_empty_transparent.png,33.98206140007824,33.98209919966757,119.06874440005049,119.08374230004847,120.08497359976172,120.06857739994302,34.98197819991037,,,,,,,,,,,,,,,,,44444,right,no,None,2025-05-15_09h57.44.615,RL_out-of-scanner,2024.2.4,59.53794966579882,2025-05-15 09h57.59.412237 -0500,
7,0,7,space,2.55885409982875,None,5,4.078784499783069,None,34.98364829970524,k,0.3221972999162972,None,None,35.33327989978716,35.333541200030595,37.332017899956554,37.332055300008506,38.33197159972042,38.33200389984995,40.33230679994449,,,,,,,0,0,0,0,7,0,7,0,120.08497359976172,,,,,,,,,,,,,,,,,,,,,,,,,,,,,,34.98364829970524,120.07029239973053,120.08497359976172,120.08497359976172,120.08497359976172,120.08497359976172,120.41983609972522,k,0.3221972999162972,None,right,1,15,3,0,4,3,None,35.33327989978716,35.333541200030595,120.42018269980326,120.43533789971843,120.43533789971843,122.43464400013909,122.43464400013909,122.41859170002863,37.332017899956554,37.332055300008506,122.42851789994165,122.43464400013909,122.43464400013909,123.43459319975227,123.43459319975227,123.41856739996001,stimuli/box_coin_transparent.png,38.33197159972042,38.33200389984995,123.41864359984174,123.43459319975227,125.43461610004306,125.41890319995582,40.33230679994449,,,,,,,,,,,,,,,,,44444,right,no,None,2025-05-15_09h57.44.615,RL_out-of-scanner,2024.2.4,59.53794966579882,2025-05-15 09h57.59.412237 -0500,
8,0,8,space,2.55885409982875,None,5,4.078784499783069,None,40.3341254000552,k,0.2459909999743104,None,None,40.59975489974022,40.60006439965218,43.599302999675274,43.599346299655735,44.59759229980409,44.597629599738866,46.10197909967974,,,,,,,0,0,0,0,8,0,8,0,125.43461610004306,,,,,,,,,,,,,,,,,,,,,,,,,,,,,,40.3341254000552,125.42077679978684,125.43461610004306,125.43461610004306,125.43461610004306,125.43461610004306,125.6862929998897,k,0.2459909999743104,None,right,1,15,4,0,5,4,None,40.59975489974022,40.60006439965218,125.68671200005338,125.70118650002405,125.70118650002405,128.70134649984539,128.70134649984539,128.6858540000394,43.599302999675274,43.599346299655735,128.6958181997761,128.70134649984539,128.70134649984539,129.69994390010834,129.69994390010834,129.68418309977278,stimuli/box_coin_transparent.png,44.59759229980409,44.597629599738866,129.68427600013092,129.69994390010834,131.20109360013157,131.18857559980825,46.10197909967974,,,,,,,,,,,,,,,,,44444,right,no,None,2025-05-15_09h57.44.615,RL_out-of-scanner,2024.2.4,59.53794966579882,2025-05-15 09h57.59.412237 -0500,
9,0,9,space,2.55885409982875,None,5,4.078784499783069,None,46.10374980000779,k,0.3117758999578655,None,None,46.43238619994372,46.43264849996194,47.93115019984543,47.931192100048065,48.93183759972453,48.93187869992107,50.93102619983256,,,,,,,0,0,0,0,9,0,9,0,131.20109360013157,,,,,,,,,,,,,,,,,,,,,,,,,,,,,,46.10374980000779,131.19040009984747,131.20109360013157,131.20109360013157,131.20109360013157,131.20109360013157,131.5189422001131,k,0.3117758999578655,None,right,1,15,5,0,6,5,None,46.43238619994372,46.43264849996194,131.51928979996592,131.53481099987403,131.53481099987403,133.0342321000062,133.0342321000062,133.01772159989923,47.93115019984543,47.931192100048065,133.02825560001656,133.0342321000062,133.0342321000062,,,134.0184269999154,stimuli/box_coin_transparent.png,48.93183759972453,48.93187869992107,134.01853040000424,134.03411469981074,136.03462840011343,136.01762200007215,50.93102619983256,,,,,,,,,,,,,,,,,44444,right,no,None,2025-05-15_09h57.44.615,RL_out-of-scanner,2024.2.4,59.53794966579882,2025-05-15 09h57.59.412237 -0500,
10,0,10,space,2.55885409982875,None,5,4.078784499783069,None,50.9326080000028,k,0.4430321999825537,None,None,51.39868379989639,51.398962900042534,52.89883349975571,52.89887799974531,53.89815399982035,53.89818609971553,54.898354599718004,,,,,,,0,0,0,0,10,0,10,0,136.03462840011343,,,,,,,,,,,,,,,,,,,,,,,,,,,,,,50.9326080000028,136.01925189979374,136.03462840011343,136.03462840011343,136.03462840011343,136.03462840011343,136.48523639980704,k,0.4430321999825537,None,right,1,15,6,0,7,6,None,51.39868379989639,51.398962900042534,136.48560489993542,136.50134299974889,136.50134299974889,138.0009869998321,138.0009869998321,137.98540830006823,52.89883349975571,52.89887799974531,137.99595459969714,138.0009869998321,138.0009869998321,139.00071669975296,139.00071669975296,138.9847494000569,stimuli/box_coin_transparent.png,53.89815399982035,53.89818609971553,138.98482490004972,139.00071669975296,140.00081240013242,139.98495130008087,54.898354599718004,,,,,,,,,,,,,,,,,44444,right,no,None,2025-05-15_09h57.44.615,RL_out-of-scanner,2024.2.4,59.53794966579882,2025-05-15 09h57.59.412237 -0500,
11,0,11,space,2.55885409982875,None,5,4.078784499783069,None,54.90015439968556,k,0.26798109989613295,None,None,55.198960199952126,55.19922489998862,57.198195199947804,57.19823829969391,58.19816209981218,58.19819379970431,59.69793700007722,,,,,,,0,0,0,0,11,0,11,0,140.00081240013242,,,,,,,,,,,,,,,,,,,,,,,,,,,,,,54.90015439968556,139.98680429998785,140.00081240013242,140.00081240013242,140.00081240013242,140.00081240013242,140.28551289997995,k,0.26798109989613295,None,right,1,15,7,0,8,7,None,55.198960199952126,55.19922489998862,140.28586630010977,140.30118629988283,140.30118629988283,142.30037919990718,142.30037919990718,142.28476470010355,57.198195199947804,57.19823829969391,142.29491779999807,142.30037919990718,142.30037919990718,143.30041710007936,143.30041710007936,143.2847579997033,stimuli/box_coin_transparent.png,58.19816209981218,58.19819379970431,143.28483359981328,143.30041710007936,144.80074930004776,144.78453589975834,59.69793700007722,,,,,,,,,,,,,,,,,44444,right,no,None,2025-05-15_09h57.44.615,RL_out-of-scanner,2024.2.4,59.53794966579882,2025-05-15 09h57.59.412237 -0500,
12,0,12,space,2.55885409982875,None,5,4.078784499783069,None,59.699454199988395,k,0.27895900001749396,None,None,59.99862609989941,59.998947700019926,60.99854200007394,60.99858789984137,62.01346529973671,62.013505099806935,65.01435389975086,,,,,,,0,0,0,0,12,0,12,0,144.80074930004776,,,,,,,,,,,,,,,,,,,,,,,,,,,,,,59.699454199988395,144.7860983000137,144.80074930004776,144.80074930004776,144.80074930004776,144.80074930004776,145.0851650997065,k,0.27895900001749396,None,right,1,15,8,0,9,8,None,59.99862609989941,59.998947700019926,145.0855950997211,145.10073099983856,145.10073099983856,146.10118070011958,146.10118070011958,146.08511559991166,60.99854200007394,60.99858789984137,146.09535619989038,146.10118070011958,146.10118070011958,,,147.10005120001733,stimuli/box_coin_transparent.png,62.01346529973671,62.013505099806935,147.1001523998566,147.116118399892,150.1183330998756,150.10094919987023,65.01435389975086,,,,,,,,,,,,,,,,,44444,right,no,None,2025-05-15_09h57.44.615,RL_out-of-scanner,2024.2.4,59.53794966579882,2025-05-15 09h57.59.412237 -0500,
13,0,13,space,2.55885409982875,None,5,4.078784499783069,None,65.01596149988472,k,0.2776407999917865,None,None,65.31555609963834,65.31582009978592,65.8149133999832,65.81495240004733,66.81499919993803,66.81503219995648,68.83072579978034,,,,,,,0,0,0,0,13,0,13,0,150.1183330998756,,,,,,,,,,,,,,,,,,,,,,,,,,,,,,65.01596149988472,150.10260540014133,150.1183330998756,150.1183330998756,150.1183330998756,150.1183330998756,150.40211080014706,k,0.2776407999917865,None,right,0,15,8,0,10,8,None,65.31555609963834,65.31582009978592,150.40246130013838,150.41782840015367,150.41782840015367,150.91704430012032,150.91704430012032,150.9014914999716,65.8149133999832,65.81495240004733,150.90979800000787,150.91704430012032,150.91704430012032,151.9169898997061,151.9169898997061,151.9015951999463,stimuli/box_empty_transparent.png,66.81499919993803,66.81503219995648,151.90167129971087,151.9169898997061,153.9343556999229,153.91732520004734,68.83072579978034,,,,,,,,,,,,,,,,,44444,right,no,None,2025-05-15_09h57.44.615,RL_out-of-scanner,2024.2.4,59.53794966579882,2025-05-15 09h57.59.412237 -0500,
14,0,14,space,2.55885409982875,None,5,4.078784499783069,None,68.83228489989415,k,0.908037000335753,None,None,69.764669300057,69.7649324000813,71.26448850007728,71.26453389972448,72.2646983996965,72.26473379973322,73.26291289972141,,,,,,,0,0,0,0,14,0,14,0,153.9343556999229,,,,,,,,,,,,,,,,,,,,,,,,,,,,,,68.83228489989415,153.91892899991944,153.9343556999229,153.9343556999229,153.9343556999229,153.9343556999229,154.8512260997668,k,0.908037000335753,None,right,1,15,9,0,11,9,None,69.764669300057,69.7649324000813,154.8515737997368,154.8669376000762,154.8669376000762,156.36680179974064,156.36680179974064,156.3510583001189,71.26448850007728,71.26453389972448,156.36120999976993,156.36680179974064,156.36680179974064,,,157.35128179984167,stimuli/box_coin_transparent.png,72.2646983996965,72.26473379973322,157.35137759987265,157.36599730001763,158.36625370010734,158.34950689971447,73.26291289972141,,,,,,,,,,,,,,,,,44444,right,no,None,2025-05-15_09h57.44.615,RL_out-of-scanner,2024.2.4,59.53794966579882,2025-05-15 09h57.59.412237 -0500,
15,0,15,space,2.55885409982875,None,5,4.078784499783069,None,73.26515389978886,k,0.2656311998143792,None,None,73.54805509978905,73.54831849969923,74.54762979969382,74.54766679974273,75.54818509984761,75.54822169989347,77.54732629982755,,,,,,,0,0,0,0,15,0,15,0,158.36625370010734,,,,,,,,,,,,,,,,,,,,,,,,,,,,,,73.26515389978886,158.3518117000349,158.36625370010734,158.36625370010734,158.36625370010734,158.36625370010734,158.63461249973625,k,0.2656311998143792,None,right,0,15,9,0,12,9,None,73.54805509978905,73.54831849969923,158.6349598998204,158.64984819991514,158.64984819991514,159.65093269990757,159.65093269990757,159.63420919980854,74.54762979969382,74.54766679974273,159.64237560005859,159.65093269990757,159.65093269990757,160.65030839992687,160.65030839992687,160.63477759994566,stimuli/box_empty_transparent.png,75.54818509984761,75.54822169989347,160.63486600015312,160.65030839992687,162.65012300014496,162.63392159994692,77.54732629982755,,,,,,,,,,,,,,,,,44444,right,no,None,2025-05-15_09h57.44.615,RL_out-of-scanner,2024.2.4,59.53794966579882,2025-05-15 09h57.59.412237 -0500,
16,0,16,space,2.55885409982875,None,5,4.078784499783069,None,77.54920329991728,j,0.326986700296402,None,None,77.89860409963876,77.89899830007926,79.89787200000137,79.89791699964553,80.89739990001544,80.89743749983609,81.89784569991753,,,,,,,0,0,0,0,16,0,16,0,162.65012300014496,,,,,,,,,,,,,,,,,,,,,,,,,,,,,,77.54920329991728,162.6358545999974,162.65012300014496,162.65012300014496,162.65012300014496,162.65012300014496,162.98514339979738,j,0.326986700296402,None,right,0,15,9,0,12,9,None,77.89860409963876,77.89899830007926,162.98564729979262,163.0005316999741,163.0005316999741,164.9997486998327,164.9997486998327,164.98444049991667,79.89787200000137,79.89791699964553,164.99281889991835,164.9997486998327,164.9997486998327,165.9997537001036,165.9997537001036,165.9839931000024,stimuli/box_empty_transparent.png,80.89739990001544,80.89743749983609,165.98408540012315,165.9997537001036,166.99999589985237,166.98444079980254,81.89784569991753,,,,,,,,,,,,,,,,,44444,right,no,None,2025-05-15_09h57.44.615,RL_out-of-scanner,2024.2.4,59.53794966579882,2025-05-15 09h57.59.412237 -0500,
17,0,17,space,2.55885409982875,None,5,4.078784499783069,None,81.89932619966567,j,0.32436309987679124,None,None,82.24871909990907,82.24912279983982,83.24784579966217,83.24789029965177,84.24652229994535,84.2465590997599,85.2475755000487,,,,,,,0,0,0,0,17,0,17,0,166.99999589985237,,,,,,,,,,,,,,,,,,,,,,,,,,,,,,81.89932619966567,166.9859699998051,166.99999589985237,166.99999589985237,166.99999589985237,166.99999589985237,167.3352592997253,j,0.32436309987679124,None,right,0,15,9,0,12,9,None,82.24871909990907,82.24912279983982,167.33577209990472,167.35050769988447,167.35050769988447,168.34994529979303,168.34994529979303,168.33441879972816,83.24784579966217,83.24789029965177,168.34292630013078,168.34994529979303,168.34994529979303,169.34872320014983,169.34872320014983,169.3331157998182,stimuli/box_empty_transparent.png,84.24652229994535,84.2465590997599,169.33320550015196,169.34872320014983,170.3500767000951,170.33417569985613,85.2475755000487,,,,,,,,,,,,,,,,,44444,right,no,None,2025-05-15_09h57.44.615,RL_out-of-scanner,2024.2.4,59.53794966579882,2025-05-15 09h57.59.412237 -0500,
18,0,18,space,2.55885409982875,None,5,4.078784499783069,None,85.24902029987425,j,0.3480921001173556,None,None,85.61526189977303,85.61569599993527,89.11420419998467,89.11424209969118,90.11401750007644,90.11405989993364,92.11363509995863,,,,,,,0,0,0,0,18,0,18,0,170.3500767000951,,,,,,,,,,,,,,,,,,,,,,,,,,,,,,85.24902029987425,170.33566429978237,170.3500767000951,170.3500767000951,170.3500767000951,170.3500767000951,170.70181800005957,j,0.3480921001173556,None,right,0,15,9,0,12,9,None,85.61526189977303,85.61569599993527,170.7023398997262,170.71649509994313,170.71649509994313,174.21628989977762,174.21628989977762,174.20078099984676,89.11420419998467,89.11424209969118,174.20904350001365,174.21628989977762,174.21628989977762,175.2152987997979,175.2152987997979,175.20060000009835,stimuli/box_empty_transparent.png,90.11401750007644,90.11405989993364,175.20070459973067,175.2152987997979,177.21679090010002,177.20023520011455,92.11363509995863,,,,,,,,,,,,,,,,,44444,right,no,None,2025-05-15_09h57.44.615,RL_out-of-scanner,2024.2.4,59.53794966579882,2025-05-15 09h57.59.412237 -0500,
19,0,19,space,2.55885409982875,None,5,4.078784499783069,None,92.11514610005543,k,0.26698199985548854,None,None,92.41415129974484,92.41445009969175,93.41413359995931,93.41417100001127,94.41409689979628,94.41413250006735,95.9123794999905,,,,,,,0,0,0,0,19,0,19,0,177.21679090010002,,,,,,,,,,,,,,,,,,,,,,,,,,,,,,92.11514610005543,177.20179029973224,177.21679090010002,177.21679090010002,177.21679090010002,177.21679090010002,177.50069739995524,k,0.26698199985548854,None,right,0,15,9,0,13,9,None,92.41415129974484,92.41445009969175,177.50109599996358,177.51580310007557,177.51580310007557,178.5159001997672,178.5159001997672,178.50071359984577,93.41413359995931,93.41417100001127,178.50898909987882,178.5159001997672,178.5159001997672,179.51609859988093,179.51609859988093,179.50068920012563,stimuli/box_empty_transparent.png,94.41409689979628,94.41413250006735,179.50077629974112,179.51609859988093,181.01543639972806,180.99897569976747,95.9123794999905,,,,,,,,,,,,,,,,,44444,right,no,None,2025-05-15_09h57.44.615,RL_out-of-scanner,2024.2.4,59.53794966579882,2025-05-15 09h57.59.412237 -0500,
20,0,20,space,2.55885409982875,None,5,4.078784499783069,None,95.9141374998726,j,0.3690777001902461,None,None,96.31353330006823,96.31386110000312,98.31284009991214,98.31289549963549,99.31326259998605,99.31329579977319,101.31283479975536,,,,,,,0,0,0,0,20,0,20,0,181.01543639972806,,,,,,,,,,,,,,,,,,,,,,,,,,,,,,95.9141374998726,181.00078970007598,181.01543639972806,181.01543639972806,181.01543639972806,181.01543639972806,181.40008069993928,j,0.3690777001902461,None,right,0,15,9,0,13,9,None,96.31353330006823,96.31386110000312,181.40050379978493,181.41565260011703,181.41565260011703,183.41607799986377,183.41607799986377,183.39940170012414,98.31284009991214,98.31289549963549,183.40999149996787,183.41607799986377,183.41607799986377,184.41500640008599,184.41500640008599,184.39985919976607,stimuli/box_empty_transparent.png,99.31326259998605,99.31329579977319,184.39993559988216,184.41500640008599,186.41547140013427,186.39942779997364,101.31283479975536,,,,,,,,,,,,,,,,,44444,right,no,None,2025-05-15_09h57.44.615,RL_out-of-scanner,2024.2.4,59.53794966579882,2025-05-15 09h57.59.412237 -0500,
21,0,21,space,2.55885409982875,None,5,4.078784499783069,None,101.31498309969902,j,0.4272907003760338,None,None,101.7636632998474,101.7639582999982,104.76283189980313,104.76286889985204,105.76269709970802,105.76272729970515,107.26200779993087,,,,,,,0,0,0,0,21,0,21,0,186.41547140013427,,,,,,,,,,,,,,,,,,,,,,,,,,,,,,101.31498309969902,186.4016398997046,186.41547140013427,186.41547140013427,186.41547140013427,186.41547140013427,186.8502211999148,j,0.4272907003760338,None,right,0,15,9,0,13,9,None,101.7636632998474,101.7639582999982,186.85060120001435,186.86555399978533,186.86555399978533,189.86570130009204,189.86570130009204,189.84940990014002,104.76283189980313,104.76286889985204,189.8587076999247,189.86570130009204,189.86570130009204,190.8650166997686,190.8650166997686,190.84929429972544,stimuli/box_empty_transparent.png,105.76269709970802,105.76272729970515,190.84936690004542,190.8650166997686,192.36528320005164,192.34860169980675,107.26200779993087,,,,,,,,,,,,,,,,,44444,right,no,None,2025-05-15_09h57.44.615,RL_out-of-scanner,2024.2.4,59.53794966579882,2025-05-15 09h57.59.412237 -0500,
22,0,22,space,2.55885409982875,None,5,4.078784499783069,None,107.26374109974131,k,0.29462420009076595,None,None,107.58096309984103,107.58124309964478,109.08023179974407,109.08027509972453,110.07988599967211,110.07991899969056,112.07944600004703,,,,,,,0,0,0,0,22,0,22,0,192.36528320005164,,,,,,,,,,,,,,,,,,,,,,,,,,,,,,107.26374109974131,192.3503926997073,192.36528320005164,192.36528320005164,192.36528320005164,192.36528320005164,192.6675161998719,k,0.29462420009076595,None,right,1,15,10,0,14,10,None,107.58096309984103,107.58124309964478,192.66792509984225,192.68265199987218,192.68265199987218,194.1822269000113,194.1822269000113,194.166799900122,109.08023179974407,109.08027509972453,194.17656379984692,194.1822269000113,194.1822269000113,195.1824376997538,195.1824376997538,195.16648160014302,stimuli/box_coin_transparent.png,110.07988599967211,110.07991899969056,195.16656149970368,195.1824376997538,197.18334819981828,197.1660442999564,112.07944600004703,,,,,,,,,,,,,,,,,44444,right,no,None,2025-05-15_09h57.44.615,RL_out-of-scanner,2024.2.4,59.53794966579882,2025-05-15 09h57.59.412237 -0500,
23,0,23,space,2.55885409982875,None,5,4.078784499783069,None,112.08090939978138,k,0.2676709000952542,None,None,112.37991409981623,112.38026960007846,113.87929710000753,113.87933469982818,114.88259849976748,114.88264549989253,116.379642999731,,,,,,,0,0,0,0,23,0,23,0,197.18334819981828,,,,,,,,,,,,,,,,,,,,,,,,,,,,,,112.08090939978138,197.16755349980667,197.18334819981828,197.18334819981828,197.18334819981828,197.18334819981828,197.46644990006462,k,0.2676709000952542,None,right,1,15,11,0,15,11,None,112.37991409981623,112.38026960007846,197.46691439999267,197.48196410015225,197.48196410015225,198.98236679984257,198.98236679984257,198.96587330009788,113.87929710000753,113.87933469982818,198.97552669979632,198.98236679984257,198.98236679984257,,,199.96918659983203,stimuli/box_coin_transparent.png,114.88259849976748,114.88264549989253,199.96929839998484,199.98204790009186,201.48281939979643,201.46624130010605,116.379642999731,,,,,,,,,,,,,,,,,44444,right,no,None,2025-05-15_09h57.44.615,RL_out-of-scanner,2024.2.4,59.53794966579882,2025-05-15 09h57.59.412237 -0500,
24,0,24,space,2.55885409982875,None,5,4.078784499783069,None,116.38118849974126,k,0.25095090037211776,None,None,116.6503578000702,116.65061909984797,118.64531859988347,118.64535579970106,119.64597239997238,119.64601079979911,121.14589340006933,,,,,,,0,0,0,0,24,0,24,0,201.48281939979643,,,,,,,,,,,,,,,,,,,,,,,,,,,,,,116.38118849974126,201.46783259976655,201.48281939979643,201.48281939979643,201.48281939979643,201.48281939979643,201.73689649999142,k,0.25095090037211776,None,right,1,15,12,0,16,12,None,116.6503578000702,116.65061909984797,201.73726109974086,201.74887140002102,201.74887140002102,203.7487848997116,203.7487848997116,203.73189859976992,118.64531859988347,118.64535579970106,203.74360409984365,203.7487848997116,203.7487848997116,,,204.73256170004606,stimuli/box_coin_transparent.png,119.64597239997238,119.64601079979911,204.73265969986096,204.74873839970678,206.25001760013402,206.23249309975654,121.14589340006933,,,,,,,,,,,,,,,,,44444,right,no,None,2025-05-15_09h57.44.615,RL_out-of-scanner,2024.2.4,59.53794966579882,2025-05-15 09h57.59.412237 -0500,
25,0,25,space,2.55885409982875,None,5,4.078784499783069,None,121.14734449982643,k,0.40442320005968213,None,None,121.58007830008864,121.58033929998055,122.57993549993262,122.57997459964827,123.59507399983704,123.5951239997521,127.09572479967028,,,,,,,0,0,0,0,25,0,25,0,206.25001760013402,,,,,,,,,,,,,,,,,,,,,,,,,,,,,,121.14734449982643,206.23398859985173,206.25001760013402,206.25001760013402,206.25001760013402,206.25001760013402,206.66663460014388,k,0.40442320005968213,None,right,0,15,12,0,17,12,None,121.58007830008864,121.58033929998055,206.66698750015348,206.682774099987,206.682774099987,207.68282209988683,207.68282209988683,207.66651300014928,122.57993549993262,122.57997459964827,207.6745285000652,207.68282209988683,207.68282209988683,,,208.68165539996698,stimuli/box_empty_transparent.png,123.59507399983704,123.5951239997521,208.68176990002394,208.69803609978408,212.19871990010142,212.18232439970598,127.09572479967028,,,,,,,,,,,,,,,,,44444,right,no,None,2025-05-15_09h57.44.615,RL_out-of-scanner,2024.2.4,59.53794966579882,2025-05-15 09h57.59.412237 -0500,
26,0,26,space,2.55885409982875,None,5,4.078784499783069,None,127.09719110000879,j,0.4176956000737846,None,None,127.54752729972824,127.54789469996467,128.0458281999454,128.0458718999289,129.04588710004464,129.04592399997637,132.5459111998789,,,,,,,0,0,0,0,26,0,26,0,212.19871990010142,,,,,,,,,,,,,,,,,,,,,,,,,,,,,,127.09719110000879,212.1838349001482,212.19871990010142,212.19871990010142,212.19871990010142,212.19871990010142,212.6340736998245,j,0.4176956000737846,None,right,0,15,12,0,17,12,None,127.54752729972824,127.54789469996467,212.6345421001315,212.64885859983042,212.64885859983042,213.14876270014793,213.14876270014793,213.13240160001442,128.0458281999454,128.0458718999289,213.14107979973778,213.14876270014793,213.14876270014793,214.1484686997719,214.1484686997719,214.13248009979725,stimuli/box_empty_transparent.png,129.04588710004464,129.04592399997637,214.13256999989972,214.1484686997719,217.6483988999389,217.63250649999827,132.5459111998789,,,,,,,,,,,,,,,,,44444,right,no,None,2025-05-15_09h57.44.615,RL_out-of-scanner,2024.2.4,59.53794966579882,2025-05-15 09h57.59.412237 -0500,
27,0,27,space,2.55885409982875,None,5,4.078784499783069,None,132.54763549985364,k,0.23024490009993315,None,None,132.7966636000201,132.7969796997495,134.2960461000912,134.29608420003206,135.2958190999925,135.29585069976747,136.29439029982314,,,,,,,0,0,0,0,27,0,27,0,217.6483988999389,,,,,,,,,,,,,,,,,,,,,,,,,,,,,,132.54763549985364,217.63428039988503,217.6483988999389,217.6483988999389,217.6483988999389,217.6483988999389,217.88320149993524,k,0.23024490009993315,None,right,1,15,13,0,18,13,None,132.7966636000201,132.7969796997495,217.8836302999407,217.89836819982156,217.89836819982156,219.39892209973186,219.39892209973186,219.38262239983305,134.2960461000912,134.29608420003206,219.39373289979994,219.39892209973186,219.39892209973186,220.39810639992356,220.39810639992356,220.38241609977558,stimuli/box_coin_transparent.png,135.2958190999925,135.29585069976747,220.38248939998448,220.39810639992356,221.3978984998539,221.38099059974775,136.29439029982314,,,,,,,,,,,,,,,,,44444,right,no,None,2025-05-15_09h57.44.615,RL_out-of-scanner,2024.2.4,59.53794966579882,2025-05-15 09h57.59.412237 -0500,
28,0,28,space,2.55885409982875,None,5,4.078784499783069,None,136.2959082000889,k,0.2424775999970734,None,None,136.56214409973472,136.5623837998137,137.56268899980932,137.56272749975324,138.56277019996196,138.56280139973387,142.0609311000444,,,,,,,0,0,0,0,28,0,28,0,221.3978984998539,,,,,,,,,,,,,,,,,,,,,,,,,,,,,,136.2959082000889,221.38255390012637,221.3978984998539,221.3978984998539,221.3978984998539,221.3978984998539,221.64868809981272,k,0.2424775999970734,None,right,1,15,14,0,19,14,None,136.56214409973472,136.5623837998137,221.64902469981462,221.66446939995512,221.66446939995512,222.66469109989703,222.66469109989703,222.64926439989358,137.56268899980932,137.56272749975324,222.659068999812,222.66469109989703,222.66469109989703,223.6647089999169,223.6647089999169,223.6493659997359,stimuli/box_coin_transparent.png,138.56277019996196,138.56280139973387,223.64944089995697,223.6647089999169,227.1644970998168,227.1475285999477,142.0609311000444,,,,,,,,,,,,,,,,,44444,right,no,None,2025-05-15_09h57.44.615,RL_out-of-scanner,2024.2.4,59.53794966579882,2025-05-15 09h57.59.412237 -0500,
29,0,29,space,2.55885409982875,None,5,4.078784499783069,None,142.06275669997558,j,0.4381384998559952,None,None,142.5324244000949,142.53274059994146,144.52871069964021,144.52874960005283,145.52885269979015,145.52888430003077,146.5282842000015,,,,,,,0,0,0,0,29,0,29,0,227.1644970998168,,,,,,,,,,,,,,,,,,,,,,,,,,,,,,142.06275669997558,227.14940989995375,227.1644970998168,227.1644970998168,227.1644970998168,227.1644970998168,227.61897830013186,j,0.4381384998559952,None,right,1,15,14,0,19,14,None,142.5324244000949,142.53274059994146,227.61938289972022,227.63172610010952,227.63172610010952,229.63117770012468,229.63117770012468,229.6152900001034,144.52871069964021,144.52874960005283,229.62352859973907,229.63117770012468,229.63117770012468,230.63124569971114,230.63124569971114,230.61544930003583,stimuli/box_empty_transparent.png,145.52885269979015,145.52888430003077,230.61552269989625,230.63124569971114,231.631528200116,231.61488430015743,146.5282842000015,,,,,,,,,,,,,,,,,44444,right,no,None,2025-05-15_09h57.44.615,RL_out-of-scanner,2024.2.4,59.53794966579882,2025-05-15 09h57.59.412237 -0500,
30,0,30,space,2.55885409982875,None,5,4.078784499783069,None,146.5298281996511,k,0.4086424997076392,None,None,146.96211389964446,146.96237269975245,147.96128879999742,147.96132429968566,148.96166429994628,148.961698200088,149.97959639970213,,,,,,,0,0,0,0,30,0,30,0,231.631528200116,,,,,,,,,,,,,,,,,,,,,,,,,,,,,,146.5298281996511,231.61647249991074,231.631528200116,231.631528200116,231.631528200116,231.631528200116,232.0486240000464,k,0.4086424997076392,None,right,1,15,15,0,20,15,None,146.96211389964446,146.96237269975245,232.04901430010796,232.06418710015714,232.06418710015714,233.0646553998813,233.0646553998813,233.0478706001304,147.96128879999742,147.96132429968566,233.05755819985643,233.0646553998813,233.0646553998813,,,234.04825650015846,stimuli/box_coin_transparent.png,148.96166429994628,148.961698200088,234.0483408998698,234.06715099979192,235.0812642998062,235.06619499996305,149.97959639970213,,,,,,,,,,,,,,,,,44444,right,no,None,2025-05-15_09h57.44.615,RL_out-of-scanner,2024.2.4,59.53794966579882,2025-05-15 09h57.59.412237 -0500,
31,0,31,space,2.55885409982875,None,5,4.078784499783069,None,149.98109890008345,k,0.9595235995948315,None,None,150.96284849988297,150.9631471997127,153.96117909997702,153.96121759992093,154.96236780006438,154.96240429999307,157.4617151999846,,,,,,,0,0,0,0,31,0,31,0,235.0812642998062,,,,,,,,,,,,,,,,,,,,,,,,,,,,,,149.98109890008345,235.06774309976026,235.0812642998062,235.0812642998062,235.0812642998062,235.0812642998062,236.0494049997069,k,0.9595235995948315,None,left,1,11,0,1,20,15,None,150.96284849988297,150.9631471997127,236.04978979984298,236.06482579978183,236.06482579978183,239.06492809997872,239.06492809997872,239.04775599995628,153.96117909997702,153.96121759992093,239.0559189999476,239.06492809997872,239.06492809997872,,,240.04894830007106,stimuli/box_empty_transparent.png,154.96236780006438,154.96240429999307,240.0490489997901,240.0647073998116,242.56472529983148,242.548313499894,157.4617151999846,,,,,,,,,,,,,,,,,44444,right,no,None,2025-05-15_09h57.44.615,RL_out-of-scanner,2024.2.4,59.53794966579882,2025-05-15 09h57.59.412237 -0500,
32,0,32,space,2.55885409982875,None,5,4.078784499783069,None,157.4632389000617,j,0.6545850001275539,None,None,158.14507199963555,158.14541229978204,159.1443709996529,159.1444116998464,160.14475969970226,160.14479169994593,161.14498959993944,,,,,,,0,0,0,0,32,0,32,0,242.56472529983148,,,,,,,,,,,,,,,,,,,,,,,,,,,,,,157.4632389000617,242.54988329997286,242.56472529983148,242.56472529983148,242.56472529983148,242.56472529983148,243.23159509990364,j,0.6545850001275539,None,left,1,11,1,1,21,16,None,158.14507199963555,158.14541229978204,243.23206009995192,243.24716809997335,243.24716809997335,244.24747260008007,244.24747260008007,244.23094339994714,159.1443709996529,159.1444116998464,244.24148789979517,244.24747260008007,244.24747260008007,,,245.23135489970446,stimuli/box_coin_transparent.png,160.14475969970226,160.14479169994593,245.23143329983577,245.24767519999295,246.24793689977378,246.23158999998122,161.14498959993944,,,,,,,,,,,,,,,,,44444,right,no,None,2025-05-15_09h57.44.615,RL_out-of-scanner,2024.2.4,59.53794966579882,2025-05-15 09h57.59.412237 -0500,
33,0,33,space,2.55885409982875,None,5,4.078784499783069,None,161.14645979972556,k,0.8660715003497899,None,None,162.02948709996417,162.02974909963086,164.02871549967676,164.02875789999962,165.0277281999588,165.02776489965618,166.52824439993128,,,,,,,0,0,0,0,33,0,33,0,246.24793689977378,,,,,,,,,,,,,,,,,,,,,,,,,,,,,,161.14645979972556,246.2331034997478,246.24793689977378,246.24793689977378,246.24793689977378,246.24793689977378,247.11604599980637,k,0.8660715003497899,None,left,1,11,1,1,21,16,None,162.02948709996417,162.02974909963086,247.116396300029,247.13043949985877,247.13043949985877,249.13089199969545,249.13089199969545,249.1152857998386,164.02871549967676,164.02875789999962,249.1236677998677,249.13089199969545,249.13089199969545,250.13000199990347,250.13000199990347,250.1143211997114,stimuli/box_empty_transparent.png,165.0277281999588,165.02776489965618,250.11441060015932,250.13000199990347,251.63103429973125,251.61484130006284,166.52824439993128,,,,,,,,,,,,,,,,,44444,right,no,None,2025-05-15_09h57.44.615,RL_out-of-scanner,2024.2.4,59.53794966579882,2025-05-15 09h57.59.412237 -0500,
34,0,34,space,2.55885409982875,None,5,4.078784499783069,None,166.53003640007228,j,0.7841483000665903,None,None,167.3455777997151,167.34591759974137,170.34377249982208,170.34382549999282,171.34439460001886,171.34443839965388,173.84437649976462,,,,,,,0,0,0,0,34,0,34,0,251.63103429973125,,,,,,,,,,,,,,,,,,,,,,,,,,,,,,166.53003640007228,251.61668589990586,251.63103429973125,251.63103429973125,251.63103429973125,251.63103429973125,252.43213309999555,j,0.7841483000665903,None,left,0,11,1,1,22,16,None,167.3455777997151,167.34591759974137,252.43255949998274,252.44739049999043,252.44739049999043,255.44715679995716,255.44715679995716,255.43033359991387,170.34377249982208,170.34382549999282,255.4392817998305,255.44715679995716,255.44715679995716,,,256.43098470009863,stimuli/box_empty_transparent.png,171.34439460001886,171.34443839965388,256.43109809979796,256.447261699941,258.948001800105,258.9309724001214,173.84437649976462,,,,,,,,,,,,,,,,,44444,right,no,None,2025-05-15_09h57.44.615,RL_out-of-scanner,2024.2.4,59.53794966579882,2025-05-15 09h57.59.412237 -0500,
35,0,35,space,2.55885409982875,None,5,4.078784499783069,None,173.84616729989648,k,0.2651438000611961,None,None,174.1291306996718,174.12942889984697,175.64383479999378,175.64388509979472,176.64401290006936,176.6440459000878,177.64427109993994,,,,,,,0,0,0,0,35,0,35,0,258.948001800105,,,,,,,,,,,,,,,,,,,,,,,,,,,,,,173.84616729989648,258.9328169999644,258.948001800105,258.948001800105,258.948001800105,258.948001800105,259.2156806997955,k,0.2651438000611961,None,left,0,11,1,1,22,16,None,174.1291306996718,174.12942889984697,259.2160747000016,259.23085429985076,259.23085429985076,260.74720750004053,260.74720750004053,260.73040079977363,175.64383479999378,175.64388509979472,260.73969009984285,260.74720750004053,260.74720750004053,,,261.730607399717,stimuli/box_empty_transparent.png,176.64401290006936,176.6440459000878,261.73068829998374,261.7476312997751,262.74787990003824,262.73087009973824,177.64427109993994,,,,,,,,,,,,,,,,,44444,right,no,None,2025-05-15_09h57.44.615,RL_out-of-scanner,2024.2.4,59.53794966579882,2025-05-15 09h57.59.412237 -0500,
36,0,36,space,2.55885409982875,None,5,4.078784499783069,None,177.64573859982193,j,0.30447470024228096,None,None,177.97858799993992,177.978918899782,179.47795179998502,179.47798869991675,180.47797450004146,180.4780091997236,183.97757939994335,,,,,,,0,0,0,0,36,0,36,0,262.74787990003824,,,,,,,,,,,,,,,,,,,,,,,,,,,,,,177.64573859982193,262.73238189984113,262.74787990003824,262.74787990003824,262.74787990003824,262.74787990003824,263.06512229982764,j,0.30447470024228096,None,left,0,11,1,1,23,16,None,177.97858799993992,177.978918899782,263.0655608000234,263.081261199899,263.081261199899,264.58031109999865,264.58031109999865,264.564529299736,179.47795179998502,179.47798869991675,264.5728305000812,264.58031109999865,264.58031109999865,265.58007830008864,265.58007830008864,265.5645678001456,stimuli/box_empty_transparent.png,180.47797450004146,180.4780091997236,265.56465289974585,265.58007830008864,269.08022890007123,269.06417830009013,183.97757939994335,,,,,,,,,,,,,,,,,44444,right,no,None,2025-05-15_09h57.44.615,RL_out-of-scanner,2024.2.4,59.53794966579882,2025-05-15 09h57.59.412237 -0500,
37,0,37,space,2.55885409982875,None,5,4.078784499783069,None,183.9790427996777,j,0.30734260007739067,None,None,184.3121167998761,184.31250240001827,186.3115917998366,186.31164059974253,187.32625389983878,187.3262944999151,188.32737689977512,,,,,,,0,0,0,0,37,0,37,0,269.08022890007123,,,,,,,,,,,,,,,,,,,,,,,,,,,,,,183.9790427996777,269.0656858999282,269.08022890007123,269.08022890007123,269.08022890007123,269.08022890007123,269.3986764997244,j,0.30734260007739067,None,left,1,11,2,1,24,17,None,184.3121167998761,184.31250240001827,269.3991462001577,269.4136835001409,269.4136835001409,271.41503869974986,271.41503869974986,271.398149299901,186.3115917998366,186.31164059974253,271.4093558997847,271.41503869974986,271.41503869974986,,,272.4128419999033,stimuli/box_coin_transparent.png,187.32625389983878,187.3262944999151,272.41294190008193,272.42902630008757,273.4306105999276,273.4139741999097,188.32737689977512,,,,,,,,,,,,,,,,,44444,right,no,None,2025-05-15_09h57.44.615,RL_out-of-scanner,2024.2.4,59.53794966579882,2025-05-15 09h57.59.412237 -0500,
38,0,38,space,2.55885409982875,None,5,4.078784499783069,None,188.32914739986882,k,0.6866263998672366,None,None,189.04423879971728,189.04447899991646,190.04505970003083,190.04509649984539,191.043311199639,191.04334709979594,192.54445159994066,,,,,,,0,0,0,0,38,0,38,0,273.4306105999276,,,,,,,,,,,,,,,,,,,,,,,,,,,,,,188.32914739986882,273.4157969998196,273.4306105999276,273.4306105999276,273.4306105999276,273.4306105999276,274.1307958001271,k,0.6866263998672366,None,left,1,11,2,1,24,17,None,189.04423879971728,189.04447899991646,274.13112029992044,274.14643980003893,274.14643980003893,275.14653849974275,275.14653849974275,275.1316390000284,190.04505970003083,190.04509649984539,275.14002780010924,275.14653849974275,275.14653849974275,276.145517999772,276.145517999772,276.129903299734,stimuli/box_empty_transparent.png,191.043311199639,191.04334709979594,276.12999249994755,276.145517999772,277.646086699795,277.63104749983177,192.54445159994066,,,,,,,,,,,,,,,,,44444,right,no,None,2025-05-15_09h57.44.615,RL_out-of-scanner,2024.2.4,59.53794966579882,2025-05-15 09h57.59.412237 -0500,
39,0,39,space,2.55885409982875,None,5,4.078784499783069,None,192.54596709972247,j,0.3404433000832796,None,None,192.91108469991013,192.91139179980382,193.9111672998406,193.91120929969475,194.91067689983174,194.91070719994605,195.9110463000834,,,,,,,0,0,0,0,39,0,39,0,277.646086699795,,,,,,,,,,,,,,,,,,,,,,,,,,,,,,192.54596709972247,277.6326103997417,277.646086699795,277.646086699795,277.646086699795,277.646086699795,277.99764339998364,j,0.3404433000832796,None,left,1,11,3,1,25,18,None,192.91108469991013,192.91139179980382,277.9980337996967,278.0128143001348,278.0128143001348,279.01304089976475,279.01304089976475,278.9977388000116,193.9111672998406,193.91120929969475,279.0077323000878,279.01304089976475,279.01304089976475,280.0131981000304,280.0131981000304,279.997273999732,stimuli/box_coin_transparent.png,194.91067689983174,194.91070719994605,279.9973463998176,280.0131981000304,281.0145811997354,280.99764119973406,195.9110463000834,,,,,,,,,,,,,,,,,44444,right,no,None,2025-05-15_09h57.44.615,RL_out-of-scanner,2024.2.4,59.53794966579882,2025-05-15 09h57.59.412237 -0500,
40,0,40,space,2.55885409982875,None,5,4.078784499783069,None,195.91314039984718,j,0.30720079969614744,None,None,196.24478279985487,196.2451635999605,197.7448605997488,197.7448959997855,198.75930029992014,198.75933119980618,199.7605268000625,,,,,,,0,0,0,0,40,0,40,0,281.0145811997354,,,,,,,,,,,,,,,,,,,,,,,,,,,,,,195.91314039984718,280.99978999979794,281.0145811997354,281.0145811997354,281.0145811997354,281.0145811997354,281.33131940010935,j,0.30720079969614744,None,left,1,11,4,1,26,19,None,196.24478279985487,196.2451635999605,281.3318083998747,281.3468558001332,281.3468558001332,282.84695040015504,282.84695040015504,282.8314378000796,197.7448605997488,197.7448959997855,282.84151710011065,282.84695040015504,282.84695040015504,,,283.8458965998143,stimuli/box_coin_transparent.png,198.75930029992014,198.75933119980618,283.8459712001495,283.8620782997459,284.86317230015993,284.8471237998456,199.7605268000625,,,,,,,,,,,,,,,,,44444,right,no,None,2025-05-15_09h57.44.615,RL_out-of-scanner,2024.2.4,59.53794966579882,2025-05-15 09h57.59.412237 -0500,
41,0,41,space,2.55885409982875,None,5,4.078784499783069,None,199.76230309996754,None,,,['j'],201.2610073997639,201.26108219986781,202.2609145999886,202.26095129968598,203.26079209987074,203.26082259975374,206.26021969970316,[0.4167749001644552],[0.11550690000876784],,,,,0,0,0,0,41,0,41,0,284.86317230015993,,,,,,,,,,,,,,,,,,,,,,,,,,,,,,199.76230309996754,284.8489526999183,284.86317230015993,284.86317230015993,284.86317230015993,284.86317230015993,286.34753999998793,None,,,left,1,11,4,1,26,19,['j'],201.2610073997639,201.26108219986781,286.3477210998535,286.3634712998755,286.3634712998755,287.36287780012935,287.36287780012935,287.3474921998568,202.2609145999886,202.26095129968598,287.35600030003116,287.36287780012935,287.36287780012935,288.3625655998476,288.3625655998476,288.3473888998851,no selection made,203.26079209987074,203.26082259975374,288.34745839983225,288.3625655998476,291.3632021998055,291.34682069998235,206.26021969970316,[0.4167749001644552],[0.11550690000876784],286.3634712998755,286.3634712998755,286.3634712998755,286.3634712998755,,,,,,,,,,,44444,right,no,None,2025-05-15_09h57.44.615,RL_out-of-scanner,2024.2.4,59.53794966579882,2025-05-15 09h57.59.412237 -0500,
42,0,42,space,2.55885409982875,None,5,4.078784499783069,None,206.26174640003592,j,0.2751071001403034,None,None,206.56122149992734,206.5615353998728,208.56064609996974,208.56068329978734,209.5605633999221,209.56060099974275,213.05972509970888,,,,,,,0,0,0,0,42,0,42,0,291.3632021998055,,,,,,,,,,,,,,,,,,,,,,,,,,,,,,206.26174640003592,291.3483893997036,291.3632021998055,291.3632021998055,291.3632021998055,291.3632021998055,291.6477800998837,j,0.2751071001403034,None,left,1,11,5,1,27,20,None,206.56122149992734,206.5615353998728,291.64817690011114,291.6628812998533,291.6628812998533,293.6628739000298,293.6628739000298,293.64722359972075,208.56064609996974,208.56068329978734,293.65719289984554,293.6628739000298,293.6628739000298,294.66282889992,294.66282889992,294.6471564001404,stimuli/box_coin_transparent.png,209.5605633999221,209.56060099974275,294.64724709978327,294.66282889992,298.1629674001597,298.146325699985,213.05972509970888,,,,,,,,,,,,,,,,,44444,right,no,None,2025-05-15_09h57.44.615,RL_out-of-scanner,2024.2.4,59.53794966579882,2025-05-15 09h57.59.412237 -0500,
43,0,43,space,2.55885409982875,None,5,4.078784499783069,None,213.06195400003344,j,0.33674219995737076,None,None,213.42725909966975,213.42762380000204,214.42670219996944,214.42673809966072,215.42598460009322,215.42602519970387,217.42607240006328,,,,,,,0,0,0,0,43,0,43,0,298.1629674001597,,,,,,,,,,,,,,,,,,,,,,,,,,,,,,213.06195400003344,298.14859730005264,298.1629674001597,298.1629674001597,298.1629674001597,298.1629674001597,298.5138194998726,j,0.33674219995737076,None,left,1,11,6,1,28,21,None,213.42725909966975,213.42762380000204,298.5142680001445,298.52942920010537,298.52942920010537,299.52940819971263,299.52940819971263,299.5132792997174,214.42670219996944,214.42673809966072,299.52290559979156,299.52940819971263,299.52940819971263,300.5282848998904,300.5282848998904,300.5125747998245,stimuli/box_coin_transparent.png,215.42598460009322,215.42602519970387,300.5126776001416,300.5282848998904,302.5292257000692,302.5126718999818,217.42607240006328,,,,,,,,,,,,,,,,,44444,right,no,None,2025-05-15_09h57.44.615,RL_out-of-scanner,2024.2.4,59.53794966579882,2025-05-15 09h57.59.412237 -0500,
44,0,44,space,2.55885409982875,None,5,4.078784499783069,None,217.4275996997021,k,0.23973400006070733,None,None,217.69479029998183,217.6950730998069,220.19379439996555,220.19383029965684,221.1974411997944,221.19747789995745,223.19333699997514,,,,,,,0,0,0,0,44,0,44,0,302.5292257000692,,,,,,,,,,,,,,,,,,,,,,,,,,,,,,217.4275996997021,302.5142429000698,302.5292257000692,302.5292257000692,302.5292257000692,302.5292257000692,302.7813308001496,k,0.23973400006070733,None,left,1,11,6,1,28,21,None,217.69479029998183,217.6950730998069,302.7817148999311,302.79637190001085,302.79637190001085,305.29580610012636,305.29580610012636,305.2803738997318,220.19379439996555,220.19383029965684,305.2889195000753,305.29580610012636,305.29580610012636,,,306.2840317999944,stimuli/box_empty_transparent.png,221.1974411997944,221.19747789995745,306.2841245997697,306.2947670998983,308.2960103000514,308.2799332998693,223.19333699997514,,,,,,,,,,,,,,,,,44444,right,no,None,2025-05-15_09h57.44.615,RL_out-of-scanner,2024.2.4,59.53794966579882,2025-05-15 09h57.59.412237 -0500,
45,0,45,space,2.55885409982875,None,5,4.078784499783069,None,223.1952052996494,j,0.5442166002467275,None,None,223.76015880005434,223.7605039998889,224.75965469982475,224.7596920998767,225.75995570002124,225.7599864997901,226.75841949973255,,,,,,,0,0,0,0,45,0,45,0,308.2960103000514,,,,,,,,,,,,,,,,,,,,,,,,,,,,,,223.1952052996494,308.2818549000658,308.2960103000514,308.2960103000514,308.2960103000514,308.2960103000514,308.84671590011567,j,0.5442166002467275,None,left,1,11,7,1,29,22,None,223.76015880005434,223.7605039998889,308.84714820003137,308.8624216997996,308.8624216997996,309.86234410014004,309.86234410014004,309.84623260004446,224.75965469982475,224.7596920998767,309.8562789000571,309.86234410014004,309.86234410014004,310.86204459983855,310.86204459983855,310.84655379969627,stimuli/box_coin_transparent.png,225.75995570002124,225.7599864997901,310.8466261997819,310.86204459983855,311.8616987997666,311.8450119998306,226.75841949973255,,,,,,,,,,,,,,,,,44444,right,no,None,2025-05-15_09h57.44.615,RL_out-of-scanner,2024.2.4,59.53794966579882,2025-05-15 09h57.59.412237 -0500,
46,0,46,space,2.55885409982875,None,5,4.078784499783069,None,226.76064289966598,j,0.3187806997448206,None,None,227.10951530002058,227.10997659992427,229.10998799977824,229.11002489970997,230.1100141997449,230.11004499997944,231.1264058998786,,,,,,,0,0,0,0,46,0,46,0,311.8616987997666,,,,,,,,,,,,,,,,,,,,,,,,,,,,,,226.76064289966598,311.847300699912,311.8616987997666,311.8616987997666,311.8616987997666,311.8616987997666,312.1960494001396,j,0.3187806997448206,None,left,1,11,8,1,30,23,None,227.10951530002058,227.10997659992427,312.1966367997229,312.21170850005,312.21170850005,314.2120563001372,314.2120563001372,314.1965557998046,229.10998799977824,229.11002489970997,314.20661150012165,314.2120563001372,314.2120563001372,315.21271200012416,315.21271200012416,315.19661259977147,stimuli/box_coin_transparent.png,230.1100141997449,230.11004499997944,315.1966833998449,315.21271200012416,316.2288890001364,316.2130024000071,231.1264058998786,,,,,,,,,,,,,,,,,44444,right,no,None,2025-05-15_09h57.44.615,RL_out-of-scanner,2024.2.4,59.53794966579882,2025-05-15 09h57.59.412237 -0500,
47,0,47,space,2.55885409982875,None,5,4.078784499783069,None,231.1278818999417,j,0.28162370016798377,None,None,231.4271295000799,231.4274529996328,234.426600900013,234.42663859995082,235.4264193996787,235.42645619995892,236.92607969976962,,,,,,,0,0,0,0,47,0,47,0,316.2288890001364,,,,,,,,,,,,,,,,,,,,,,,,,,,,,,231.1278818999417,316.2145253000781,316.2288890001364,316.2288890001364,316.2288890001364,316.2288890001364,316.5136882998049,j,0.28162370016798377,None,left,0,11,8,1,31,23,None,231.4271295000799,231.4274529996328,316.51409449987113,316.5290843001567,316.5290843001567,319.52855619974434,319.52855619974434,319.51317649986595,234.426600900013,234.42663859995082,319.5214035999961,319.52855619974434,319.52855619974434,320.52881990000606,320.52881990000606,320.5130130001344,stimuli/box_empty_transparent.png,235.4264193996787,235.42645619995892,320.51310160011053,320.52881990000606,322.0284593999386,322.01267899991944,236.92607969976962,,,,,,,,,,,,,,,,,44444,right,no,None,2025-05-15_09h57.44.615,RL_out-of-scanner,2024.2.4,59.53794966579882,2025-05-15 09h57.59.412237 -0500,
48,0,48,space,2.55885409982875,None,5,4.078784499783069,None,236.92753159999847,k,0.38438900001347065,None,None,237.34390929993242,237.34417090006173,238.8424710999243,238.84250629972667,239.84270250005648,239.8427335997112,243.3421745998785,,,,,,,0,0,0,0,48,0,48,0,322.0284593999386,,,,,,,,,,,,,,,,,,,,,,,,,,,,,,236.92753159999847,322.0141741000116,322.0284593999386,322.0284593999386,322.0284593999386,322.0284593999386,322.43046690011397,k,0.38438900001347065,None,left,0,11,8,1,31,23,None,237.34390929993242,237.34417090006173,322.4308122000657,322.445533500053,322.445533500053,323.94505099998787,323.94505099998787,323.92905170004815,238.8424710999243,238.84250629972667,323.9380109999329,323.94505099998787,323.94505099998787,324.94532419973984,324.94532419973984,324.92929930007085,stimuli/box_empty_transparent.png,239.84270250005648,239.8427335997112,324.92937289969996,324.94532419973984,328.44454830000177,328.4287658999674,243.3421745998785,,,,,,,,,,,,,,,,,44444,right,no,None,2025-05-15_09h57.44.615,RL_out-of-scanner,2024.2.4,59.53794966579882,2025-05-15 09h57.59.412237 -0500,
49,0,49,space,2.55885409982875,None,5,4.078784499783069,None,243.3439984996803,k,0.45739430002868176,None,None,243.82578149996698,243.8260364998132,245.32604639977217,245.32608339982107,246.3261142000556,246.3261454999447,246.32657349994406,,,,,,,0,0,0,0,49,0,49,0,328.44454830000177,,,,,,,,,,,,,,,,,,,,,,,,,,,,,,243.3439984996803,328.430643199943,328.44454830000177,328.44454830000177,328.44454830000177,328.44454830000177,328.91234049992636,k,0.45739430002868176,None,left,0,11,8,1,31,23,None,243.82578149996698,243.8260364998132,328.91267809970304,328.92793519981205,328.92793519981205,330.4292345000431,330.4292345000431,330.4126240997575,245.32604639977217,245.32608339982107,330.4208117998205,330.4292345000431,330.4292345000431,331.4322084998712,331.4322084998712,331.4127110997215,stimuli/box_empty_transparent.png,246.3261142000556,246.3261454999447,331.41278479993343,331.4322084998712,331.4322084998712,331.4131772997789,246.32657349994406,,,,,,,,,,,,,,,,,44444,right,no,None,2025-05-15_09h57.44.615,RL_out-of-scanner,2024.2.4,59.53794966579882,2025-05-15 09h57.59.412237 -0500,
0,0,0,space,2.55885409982875,None,5,4.078784499783069,None,,,,,,,,,,,,,,,,,,,0,0,0,0,,,,,,,,,,,,,,,,,,,,,,,,,,,,,,,,,,,,,,,,,,,,,,,,,,,,,,,,,,,,,,,,,,,,,,,,,,,,,,,,,,,331.42776660015807,331.4322084998712,335.4276648000814,335.4307086998597,335.44416050007567,388.50956279970706,388.4936148999259,,,,44444,right,no,None,2025-05-15_09h57.44.615,RL_out-of-scanner,2024.2.4,59.53794966579882,2025-05-15 09h57.59.412237 -0500,
0,0,0,space,17.290848600212485,None,5,1.5765614998526871,None,0.0018210001289844513,k,0.9629103001207113,None,None,0.9835999999195337,0.9839218002744019,1.9825661000795662,1.9826072002761066,2.983093500137329,2.9831272000446916,4.982507900334895,,,,,,,1,0,1,0,0,0,0,0,407.426320400089,,,,,,,,,,,,,,,,388.4937936998904,388.50956279970706,388.50956279970706,405.8103907001205,space,17.290848600212485,None,405.81047170003876,405.82549259997904,405.82549259997904,407.4104293999262,5,1.5765614998526871,None,0.0018210001289844513,407.412319699768,407.426320400089,407.426320400089,407.426320400089,407.426320400089,408.39398639975116,k,0.9629103001207113,None,right,1,14,1,2,32,1,None,0.9835999999195337,0.9839218002744019,408.39442460006103,408.4097368000075,408.4097368000075,409.4096761997789,409.4096761997789,409.3929959000088,1.9825661000795662,1.9826072002761066,409.40398840000853,409.4096761997789,409.4096761997789,,,410.39354169974104,stimuli/box_coin_transparent.png,2.983093500137329,2.9831272000446916,410.39362300001085,410.40944739989936,412.4099940001033,412.39296189974993,4.982507900334895,,,,,,,,,,,,,,,,,44444,right,no,None,2025-05-15_09h57.44.615,RL_out-of-scanner,2024.2.4,59.53794966579882,2025-05-15 09h57.59.412237 -0500,
1,0,1,space,17.290848600212485,None,5,1.5765614998526871,None,4.983990200329572,k,0.26382740028202534,None,None,5.266961600165814,5.2672252003103495,6.766488300170749,6.76652460033074,7.765810300130397,7.765850900206715,9.265742199961096,,,,,,,1,0,1,0,1,0,1,0,412.4099940001033,,,,,,,,,,,,,,,,,,,,,,,,,,,,,,4.983990200329572,412.3944886000827,412.4099940001033,412.4099940001033,412.4099940001033,412.4099940001033,412.6773728998378,k,0.26382740028202534,None,right,1,14,2,2,33,2,None,5.266961600165814,5.2672252003103495,412.67772160004824,412.6930327997543,412.6930327997543,414.19226279994473,414.19226279994473,414.17692210013047,6.766488300170749,6.76652460033074,414.18667430011556,414.19226279994473,414.19226279994473,415.1917885998264,415.1917885998264,415.17625529970974,stimuli/box_coin_transparent.png,7.765810300130397,7.765850900206715,415.17635439988226,415.1917885998264,416.69267849996686,416.6761958999559,9.265742199961096,,,,,,,,,,,,,,,,,44444,right,no,None,2025-05-15_09h57.44.615,RL_out-of-scanner,2024.2.4,59.53794966579882,2025-05-15 09h57.59.412237 -0500,
2,0,2,space,17.290848600212485,None,5,1.5765614998526871,None,9.26720490027219,k,0.4271705998107791,None,None,9.71659590024501,9.716858000028878,10.716377099975944,10.71641490003094,11.716335200238973,11.716366700362414,14.716122900135815,,,,,,,1,0,1,0,2,0,2,0,416.69267849996686,,,,,,,,,,,,,,,,,,,,,,,,,,,,,,9.26720490027219,416.677703499794,416.69267849996686,416.69267849996686,416.69267849996686,416.69267849996686,417.1270062001422,k,0.4271705998107791,None,right,1,14,3,2,34,3,None,9.71659590024501,9.716858000028878,417.1273539001122,417.142574199941,417.142574199941,418.14247810002416,418.14247810002416,418.1268096999265,10.716377099975944,10.71641490003094,418.13658009981737,418.14247810002416,418.14247810002416,419.14230059972033,419.14230059972033,419.12678589997813,stimuli/box_coin_transparent.png,11.716335200238973,11.716366700362414,419.1268609999679,419.14230059972033,422.14256859989837,422.1265561999753,14.716122900135815,,,,,,,,,,,,,,,,,44444,right,no,None,2025-05-15_09h57.44.615,RL_out-of-scanner,2024.2.4,59.53794966579882,2025-05-15 09h57.59.412237 -0500,
3,0,3,space,17.290848600212485,None,5,1.5765614998526871,None,14.71789770014584,k,0.29196810023859143,None,None,15.033299500122666,15.03363660024479,17.033112100325525,17.033152600284666,18.04859249992296,18.04862349992618,19.064421799965203,,,,,,,1,0,1,0,3,0,3,0,422.14256859989837,,,,,,,,,,,,,,,,,,,,,,,,,,,,,,14.71789770014584,422.12840229971334,422.14256859989837,422.14256859989837,422.14256859989837,422.14256859989837,422.44369209976867,k,0.29196810023859143,None,right,1,14,4,2,35,4,None,15.033299500122666,15.03363660024479,422.44414060004056,422.4590247999877,422.4590247999877,424.460911499802,424.460911499802,424.4435388999991,17.033112100325525,17.033152600284666,424.45508209988475,424.460911499802,424.460911499802,,,425.4590423000045,stimuli/box_coin_transparent.png,18.04859249992296,18.04862349992618,425.4591188998893,425.4755555000156,426.4917152998969,426.47487259982154,19.064421799965203,,,,,,,,,,,,,,,,,44444,right,no,None,2025-05-15_09h57.44.615,RL_out-of-scanner,2024.2.4,59.53794966579882,2025-05-15 09h57.59.412237 -0500,
4,0,4,space,17.290848600212485,None,5,1.5765614998526871,None,19.066165199968964,k,0.24157359963282943,None,None,19.332894100341946,19.333237000275403,20.332994600292295,20.333031400106847,21.33250829996541,21.33253900008276,23.831970800179988,,,,,,,1,0,1,0,4,0,4,0,426.4917152998969,,,,,,,,,,,,,,,,,,,,,,,,,,,,,,19.066165199968964,426.4766708998941,426.4917152998969,426.4917152998969,426.4917152998969,426.4917152998969,426.7432794999331,k,0.24157359963282943,None,right,0,14,4,2,36,4,None,19.332894100341946,19.333237000275403,426.7437438000925,426.75852000014856,426.75852000014856,427.7587023000233,427.7587023000233,427.7434256998822,20.332994600292295,20.333031400106847,427.75175540009513,427.7587023000233,427.7587023000233,428.75855069980025,428.75855069980025,428.74295899970457,stimuli/box_empty_transparent.png,21.33250829996541,21.33253900008276,428.7430333001539,428.75855069980025,431.2589875999838,431.24242459982634,23.831970800179988,,,,,,,,,,,,,,,,,44444,right,no,None,2025-05-15_09h57.44.615,RL_out-of-scanner,2024.2.4,59.53794966579882,2025-05-15 09h57.59.412237 -0500,
5,0,5,space,17.290848600212485,None,5,1.5765614998526871,None,23.83349720016122,k,0.48036700021475554,None,None,24.33238669997081,24.33276110002771,27.83170420024544,27.831748500000685,28.832057000137866,28.83208979992196,30.831371299922466,,,,,,,1,0,1,0,5,0,5,0,431.2589875999838,,,,,,,,,,,,,,,,,,,,,,,,,,,,,,23.83349720016122,431.24399540014565,431.2589875999838,431.2589875999838,431.2589875999838,431.2589875999838,431.7427666997537,k,0.48036700021475554,None,right,0,14,4,2,37,4,None,24.33238669997081,24.33276110002771,431.7432723999955,431.75802640011534,431.75802640011534,435.25875909999013,435.25875909999013,435.2421313999221,27.83170420024544,27.831748500000685,435.25121869985014,435.25875909999013,435.25875909999013,,,436.24249339988455,stimuli/box_empty_transparent.png,28.832057000137866,28.83208979992196,436.24258660012856,436.258471199777,438.25809609983116,438.2418265999295,30.831371299922466,,,,,,,,,,,,,,,,,44444,right,no,None,2025-05-15_09h57.44.615,RL_out-of-scanner,2024.2.4,59.53794966579882,2025-05-15 09h57.59.412237 -0500,
6,0,6,space,17.290848600212485,None,5,1.5765614998526871,None,30.832916399929672,j,0.3110051001422107,None,None,31.16579220024869,31.166118999943137,32.16597350034863,32.16600980004296,33.16547919996083,33.16551090031862,34.16483040014282,,,,,,,1,0,1,0,6,0,6,0,438.25809609983116,,,,,,,,,,,,,,,,,,,,,,,,,,,,,,30.832916399929672,438.2434144997969,438.25809609983116,438.25809609983116,438.25809609983116,438.25809609983116,438.57620440004393,j,0.3110051001422107,None,right,0,14,4,2,37,4,None,31.16579220024869,31.166118999943137,438.57661589980125,438.59200649987906,438.59200649987906,439.59177209995687,439.59177209995687,439.57640539994463,32.16597350034863,32.16600980004296,439.58461500005797,439.59177209995687,439.59177209995687,440.59182949969545,440.59182949969545,440.57592949969694,stimuli/box_empty_transparent.png,33.16547919996083,33.16551090031862,440.576006999705,440.59182949969545,441.5919979996979,441.5752840000205,34.16483040014282,,,,,,,,,,,,,,,,,44444,right,no,None,2025-05-15_09h57.44.615,RL_out-of-scanner,2024.2.4,59.53794966579882,2025-05-15 09h57.59.412237 -0500,
7,0,7,space,17.290848600212485,None,5,1.5765614998526871,None,34.16633199993521,k,0.28724770015105605,None,None,34.482775300275534,34.48316409997642,36.482010200154036,36.482047700323164,37.48189020017162,37.481920999940485,39.48203060030937,,,,,,,1,0,1,0,7,0,7,0,441.5919979996979,,,,,,,,,,,,,,,,,,,,,,,,,,,,,,34.16633199993521,441.57683070003986,441.5919979996979,441.5919979996979,441.5919979996979,441.5919979996979,441.89315669983625,k,0.28724770015105605,None,right,1,14,5,2,38,5,None,34.482775300275534,34.48316409997642,441.8936654999852,441.9083707998507,441.9083707998507,443.9087272998877,443.9087272998877,443.8924309001304,36.482010200154036,36.482047700323164,443.90303910011426,443.9087272998877,443.9087272998877,444.9084852999076,444.9084852999076,444.89234119979665,stimuli/box_coin_transparent.png,37.48189020017162,37.481920999940485,444.89241530001163,444.9084852999076,446.90892919991165,446.8924845000729,39.48203060030937,,,,,,,,,,,,,,,,,44444,right,no,None,2025-05-15_09h57.44.615,RL_out-of-scanner,2024.2.4,59.53794966579882,2025-05-15 09h57.59.412237 -0500,
8,0,8,space,17.290848600212485,None,5,1.5765614998526871,None,39.48357539996505,k,0.3613073998130858,None,None,39.865968599915504,39.866236300207675,42.86519390018657,42.8652308001183,43.86502470029518,43.86505680019036,45.36484820023179,,,,,,,1,0,1,0,8,0,8,0,446.90892919991165,,,,,,,,,,,,,,,,,,,,,,,,,,,,,,39.48357539996505,446.8940741000697,446.90892919991165,446.90892919991165,446.90892919991165,446.90892919991165,447.2763662999496,k,0.3613073998130858,None,right,1,14,6,2,39,6,None,39.865968599915504,39.866236300207675,447.2767333998345,447.29206410003826,447.29206410003826,450.29128059977666,450.29128059977666,450.2756260000169,42.86519390018657,42.8652308001183,450.28554029995576,450.29128059977666,450.29128059977666,451.29139090003446,451.29139090003446,451.27547559980303,stimuli/box_coin_transparent.png,43.86502470029518,43.86505680019036,451.27555339969695,451.29139090003446,452.7919117999263,452.77530490001664,45.36484820023179,,,,,,,,,,,,,,,,,44444,right,no,None,2025-05-15_09h57.44.615,RL_out-of-scanner,2024.2.4,59.53794966579882,2025-05-15 09h57.59.412237 -0500,
9,0,9,space,17.290848600212485,None,5,1.5765614998526871,None,45.36648970004171,k,0.303972200024873,None,None,45.70003359997645,45.700295000337064,47.19787200028077,47.197922999970615,48.19816459994763,48.198195999953896,50.21355890017003,,,,,,,1,0,1,0,9,0,9,0,452.7919117999263,,,,,,,,,,,,,,,,,,,,,,,,,,,,,,45.36648970004171,452.77698859991506,452.7919117999263,452.7919117999263,452.7919117999263,452.7919117999263,453.1104454998858,k,0.303972200024873,None,right,1,14,7,2,40,7,None,45.70003359997645,45.700295000337064,453.11079109972343,453.12473489996046,453.12473489996046,454.62531989999115,454.62531989999115,454.60828989977017,47.19787200028077,47.197922999970615,454.6191769000143,454.62531989999115,454.62531989999115,,,455.60861389990896,stimuli/box_coin_transparent.png,48.19816459994763,48.198195999953896,455.6086931996979,455.6251253997907,457.64060099981725,457.6240087999031,50.21355890017003,,,,,,,,,,,,,,,,,44444,right,no,None,2025-05-15_09h57.44.615,RL_out-of-scanner,2024.2.4,59.53794966579882,2025-05-15 09h57.59.412237 -0500,
10,0,10,space,17.290848600212485,None,5,1.5765614998526871,None,50.2153594000265,k,0.3038678001612425,None,None,50.54874800005928,50.549046400003135,52.04889800027013,52.048941700253636,53.047364100348204,53.04740100027993,54.04796870006248,,,,,,,1,0,1,0,10,0,10,0,457.64060099981725,,,,,,,,,,,,,,,,,,,,,,,,,,,,,,50.2153594000265,457.6258688000962,457.64060099981725,457.64060099981725,457.64060099981725,457.64060099981725,457.95915090013295,k,0.3038678001612425,None,right,0,14,7,2,41,7,None,50.54874800005928,50.549046400003135,457.95954830013216,457.9747733999975,457.9747733999975,459.47436890006065,459.47436890006065,459.4593257997185,52.04889800027013,52.048941700253636,459.4679553001188,459.47436890006065,459.47436890006065,460.4735503997654,460.4735503997654,460.45781189994887,stimuli/box_empty_transparent.png,53.047364100348204,53.04740100027993,460.4579020999372,460.4735503997654,461.4746199999936,461.4584217998199,54.04796870006248,,,,,,,,,,,,,,,,,44444,right,no,None,2025-05-15_09h57.44.615,RL_out-of-scanner,2024.2.4,59.53794966579882,2025-05-15 09h57.59.412237 -0500,
11,0,11,space,17.290848600212485,None,5,1.5765614998526871,None,54.049419400282204,k,0.2693134001456201,None,None,54.348987200297415,54.34924910031259,56.348401200026274,56.34844440035522,57.34849310014397,57.34852820029482,58.86324610002339,,,,,,,1,0,1,0,11,0,11,0,461.4746199999936,,,,,,,,,,,,,,,,,,,,,,,,,,,,,,54.049419400282204,461.4599178000353,461.4746199999936,461.4746199999936,461.4746199999936,461.4746199999936,461.7593976999633,k,0.2693134001456201,None,right,1,14,8,2,42,8,None,54.348987200297415,54.34924910031259,461.7597455000505,461.77490000007674,461.77490000007674,463.7742844996974,463.7742844996974,463.7588268001564,56.348401200026274,56.34844440035522,463.7686383998953,463.7742844996974,463.7742844996974,464.7746847998351,464.7746847998351,464.7589396997355,stimuli/box_coin_transparent.png,57.34849310014397,57.34852820029482,464.75902749970555,464.7746847998351,466.29051919979975,466.27369969990104,58.86324610002339,,,,,,,,,,,,,,,,,44444,right,no,None,2025-05-15_09h57.44.615,RL_out-of-scanner,2024.2.4,59.53794966579882,2025-05-15 09h57.59.412237 -0500,
12,0,12,space,17.290848600212485,None,5,1.5765614998526871,None,58.86484940024093,k,0.2917170003056526,None,None,59.18150010006502,59.181842599995434,60.1816596002318,60.18170340033248,61.181600200012326,61.18164029996842,64.196420900058,,,,,,,1,0,1,0,12,0,12,0,466.29051919979975,,,,,,,,,,,,,,,,,,,,,,,,,,,,,,58.86484940024093,466.2753487001173,466.29051919979975,466.29051919979975,466.29051919979975,466.29051919979975,466.5918888999149,k,0.2917170003056526,None,right,1,14,9,2,43,9,None,59.18150010006502,59.181842599995434,466.5923496996984,466.6074103997089,466.6074103997089,467.60762199992314,467.60762199992314,467.59208730002865,60.1816596002318,60.18170340033248,467.60216949973255,467.60762199992314,467.60762199992314,468.6077195000835,468.6077195000835,468.59204579982907,stimuli/box_coin_transparent.png,61.181600200012326,61.18164029996842,468.592147000134,468.6077195000835,471.62376639992,471.60686729988083,64.196420900058,,,,,,,,,,,,,,,,,44444,right,no,None,2025-05-15_09h57.44.615,RL_out-of-scanner,2024.2.4,59.53794966579882,2025-05-15 09h57.59.412237 -0500,
13,0,13,space,17.290848600212485,None,5,1.5765614998526871,None,64.19872200023383,k,0.3711314997635782,None,None,64.59769910015166,64.59794440027326,65.09717860026285,65.097213299945,66.09748980030417,66.09754580026492,68.09820810006931,,,,,,,1,0,1,0,13,0,13,0,471.62376639992,,,,,,,,,,,,,,,,,,,,,,,,,,,,,,64.19872200023383,471.6092348000966,471.62376639992,471.62376639992,471.62376639992,471.62376639992,472.0080900997855,k,0.3711314997635782,None,right,0,14,9,2,44,9,None,64.59769910015166,64.59794440027326,472.00844000000507,472.02365229977295,472.02365229977295,472.5248869997449,472.5248869997449,472.5076155997813,65.09717860026285,65.097213299945,472.51575589971617,472.5248869997449,472.5248869997449,,,473.5079267998226,stimuli/box_empty_transparent.png,66.09748980030417,66.09754580026492,473.50805629976094,473.524720299989,475.5250027999282,475.50866039982066,68.09820810006931,,,,,,,,,,,,,,,,,44444,right,no,None,2025-05-15_09h57.44.615,RL_out-of-scanner,2024.2.4,59.53794966579882,2025-05-15 09h57.59.412237 -0500,
14,0,14,space,17.290848600212485,None,5,1.5765614998526871,None,68.09986490011215,j,0.6308018998242915,None,None,68.74874950014055,68.7491145003587,70.24685560027137,70.24689140031114,71.2474539000541,71.24748559994623,72.24781090021133,,,,,,,1,0,1,0,14,0,14,0,475.5250027999282,,,,,,,,,,,,,,,,,,,,,,,,,,,,,,68.09986490011215,475.5103636998683,475.5250027999282,475.5250027999282,475.5250027999282,475.5250027999282,476.15916049992666,j,0.6308018998242915,None,right,0,14,9,2,44,9,None,68.74874950014055,68.7491145003587,476.1596141997725,476.17431099992245,476.17431099992245,477.6741077997722,477.6741077997722,477.65729200001806,70.24685560027137,70.24689140031114,477.6656633000821,477.6741077997722,477.6741077997722,,,478.65790360001847,stimuli/box_empty_transparent.png,71.2474539000541,71.24748559994623,478.65798299992457,478.6739630000666,479.6742445998825,479.6582645997405,72.24781090021133,,,,,,,,,,,,,,,,,44444,right,no,None,2025-05-15_09h57.44.615,RL_out-of-scanner,2024.2.4,59.53794966579882,2025-05-15 09h57.59.412237 -0500,
15,0,15,space,17.290848600212485,None,5,1.5765614998526871,None,72.24939600005746,k,0.2973187998868525,None,None,72.56493359990418,72.5651950002648,73.56442150007933,73.5644579003565,74.56443880032748,74.56447109999135,76.56395129999146,,,,,,,1,0,1,0,15,0,15,0,479.6742445998825,,,,,,,,,,,,,,,,,,,,,,,,,,,,,,72.24939600005746,479.65989629970863,479.6742445998825,479.6742445998825,479.6742445998825,479.6742445998825,479.97534479992464,k,0.2973187998868525,None,right,1,14,10,2,45,10,None,72.56493359990418,72.5651950002648,479.9756915997714,479.99125439999625,479.99125439999625,480.9905972997658,480.9905972997658,480.974853400141,73.56442150007933,73.5644579003565,480.9845122001134,480.9905972997658,480.9905972997658,481.9902395000681,481.9902395000681,481.9748899000697,stimuli/box_coin_transparent.png,74.56443880032748,74.56447109999135,481.97496599983424,481.9902395000681,483.9904978997074,483.9744047001004,76.56395129999146,,,,,,,,,,,,,,,,,44444,right,no,None,2025-05-15_09h57.44.615,RL_out-of-scanner,2024.2.4,59.53794966579882,2025-05-15 09h57.59.412237 -0500,
16,0,16,space,17.290848600212485,None,5,1.5765614998526871,None,76.56542070023715,k,0.4294590000063181,None,None,77.01515210000798,77.01541570015252,79.03037620009854,79.03041259991005,80.04759370023385,80.04762630024925,81.06251700036228,,,,,,,1,0,1,0,16,0,16,0,483.9904978997074,,,,,,,,,,,,,,,,,,,,,,,,,,,,,,76.56542070023715,483.97591929975897,483.9904978997074,483.9904978997074,483.9904978997074,483.9904978997074,484.425562299788,k,0.4294590000063181,None,right,1,14,11,2,46,11,None,77.01515210000798,77.01541570015252,484.4259115997702,484.44302699994296,484.44302699994296,486.458236400038,486.458236400038,486.4408104997128,79.03037620009854,79.03041259991005,486.4526728997007,486.458236400038,486.458236400038,,,487.45804170006886,stimuli/box_coin_transparent.png,80.04759370023385,80.04762630024925,487.4581247000024,487.4737686999142,488.48991309991106,488.47297149989754,81.06251700036228,,,,,,,,,,,,,,,,,44444,right,no,None,2025-05-15_09h57.44.615,RL_out-of-scanner,2024.2.4,59.53794966579882,2025-05-15 09h57.59.412237 -0500,
17,0,17,space,17.290848600212485,None,5,1.5765614998526871,None,81.0640162001364,k,0.41625630017369986,None,None,81.49777620006353,81.4980174000375,82.49785430030897,82.49789100000635,83.49774709995836,83.49778420012444,84.49701060028747,,,,,,,1,0,1,0,17,0,17,0,488.48991309991106,,,,,,,,,,,,,,,,,,,,,,,,,,,,,,81.0640162001364,488.47451510000974,488.48991309991106,488.48991309991106,488.48991309991106,488.48991309991106,488.9081902997568,k,0.41625630017369986,None,right,1,14,12,2,47,12,None,81.49777620006353,81.4980174000375,488.90851339977235,488.92309809988365,488.92309809988365,489.92382089979947,489.92382089979947,489.90829009981826,82.49785430030897,82.49789100000635,489.91823800001293,489.92382089979947,489.92382089979947,490.9237027000636,490.9237027000636,490.9081954001449,stimuli/box_coin_transparent.png,83.49774709995836,83.49778420012444,490.9082840997726,490.9237027000636,491.92379930010065,491.9074606997892,84.49701060028747,,,,,,,,,,,,,,,,,44444,right,no,None,2025-05-15_09h57.44.615,RL_out-of-scanner,2024.2.4,59.53794966579882,2025-05-15 09h57.59.412237 -0500,
18,0,18,space,17.290848600212485,None,5,1.5765614998526871,None,84.49883540021256,k,0.4793676999397576,None,None,84.99794099992141,84.99820560030639,88.49998900014907,88.50003060000017,89.51327749993652,89.51330950018018,91.51341539993882,,,,,,,1,0,1,0,18,0,18,0,491.92379930010065,,,,,,,,,,,,,,,,,,,,,,,,,,,,,,84.49883540021256,491.909339599777,491.92379930010065,491.92379930010065,491.92379930010065,491.92379930010065,492.40834779990837,k,0.4793676999397576,None,right,1,14,13,2,48,13,None,84.99794099992141,84.99820560030639,492.40870149992406,492.42431179992855,492.42431179992855,495.925625000149,495.925625000149,495.9104148000479,88.49998900014907,88.50003060000017,495.9203536999412,495.925625000149,495.925625000149,,,496.92372660012916,stimuli/box_coin_transparent.png,89.51327749993652,89.51330950018018,496.923808099702,496.94008870003745,498.9402827997692,498.9238686999306,91.51341539993882,,,,,,,,,,,,,,,,,44444,right,no,None,2025-05-15_09h57.44.615,RL_out-of-scanner,2024.2.4,59.53794966579882,2025-05-15 09h57.59.412237 -0500,
19,0,19,space,17.290848600212485,None,5,1.5765614998526871,None,91.51486600004137,k,0.4364824998192489,None,None,91.98143810033798,91.9817138002254,92.99622800014913,92.99626439996064,93.9966886001639,93.99673640029505,95.49628490023315,,,,,,,1,0,1,0,19,0,19,0,498.9402827997692,,,,,,,,,,,,,,,,,,,,,,,,,,,,,,91.51486600004137,498.9253640999086,498.9402827997692,498.9402827997692,498.9402827997692,498.9402827997692,499.3918511001393,k,0.4364824998192489,None,right,1,14,14,2,49,14,None,91.98143810033798,91.9817138002254,499.3922108998522,499.4078596998006,499.4078596998006,500.4261465999298,500.4261465999298,500.4066643998958,92.99622800014913,92.99626439996064,500.41775019979104,500.4261465999298,500.4261465999298,,,501.40712440013885,stimuli/box_coin_transparent.png,93.9966886001639,93.99673640029505,501.4072392000817,501.4237064998597,502.9237306001596,502.9067369000986,95.49628490023315,,,,,,,,,,,,,,,,,44444,right,no,None,2025-05-15_09h57.44.615,RL_out-of-scanner,2024.2.4,59.53794966579882,2025-05-15 09h57.59.412237 -0500,
20,0,20,space,17.290848600212485,None,5,1.5765614998526871,None,95.49811420030892,k,0.3084967997856438,None,None,95.83107790024951,95.83141450025141,97.83017250010744,97.83021800033748,98.8297502999194,98.8297850000672,100.83006520010531,,,,,,,1,0,1,0,20,0,20,0,502.9237306001596,,,,,,,,,,,,,,,,,,,,,,,,,,,,,,95.49811420030892,502.90861869975924,502.9237306001596,502.9237306001596,502.9237306001596,502.9237306001596,503.24147150013596,k,0.3084967997856438,None,left,1,12,0,3,49,14,None,95.83107790024951,95.83141450025141,503.2419190998189,503.257256699726,503.257256699726,505.256663300097,505.256663300097,505.2406008001417,97.83017250010744,97.83021800033748,505.2499702000059,505.256663300097,505.256663300097,506.25577169982716,506.25577169982716,506.24019700009376,stimuli/box_empty_transparent.png,98.8297502999194,98.8297850000672,506.2402848000638,506.25577169982716,508.2564710001461,508.2405185000971,100.83006520010531,,,,,,,,,,,,,,,,,44444,right,no,None,2025-05-15_09h57.44.615,RL_out-of-scanner,2024.2.4,59.53794966579882,2025-05-15 09h57.59.412237 -0500,
21,0,21,space,17.290848600212485,None,5,1.5765614998526871,None,100.83160739997402,k,0.4758691997267306,None,None,101.33058999991044,101.3308520000428,104.34584930026904,104.34589300025254,105.34682590002194,105.3468692000024,106.84734790027142,,,,,,,1,0,1,0,21,0,21,0,508.2564710001461,,,,,,,,,,,,,,,,,,,,,,,,,,,,,,100.83160739997402,508.24210579972714,508.2564710001461,508.2564710001461,508.2564710001461,508.2564710001461,508.74100179970264,k,0.4758691997267306,None,left,1,12,0,3,49,14,None,101.33058999991044,101.3308520000428,508.7413483001292,508.7571392999962,508.7571392999962,511.7728021000512,511.7728021000512,511.7562776999548,104.34584930026904,104.34589300025254,511.76535929972306,511.7728021000512,511.7728021000512,,,512.7572592999786,stimuli/box_empty_transparent.png,105.34682590002194,105.3468692000024,512.7573742000386,512.7727318997495,514.2732704998925,514.257801100146,106.84734790027142,,,,,,,,,,,,,,,,,44444,right,no,None,2025-05-15_09h57.44.615,RL_out-of-scanner,2024.2.4,59.53794966579882,2025-05-15 09h57.59.412237 -0500,
22,0,22,space,17.290848600212485,None,5,1.5765614998526871,None,106.84881759993732,k,0.24750469997525215,None,None,107.11357680009678,107.11387770017609,108.61331370007247,108.61335590016097,109.612345200032,109.61237480025738,111.61163290031254,,,,,,,1,0,1,0,22,0,22,0,514.2732704998925,,,,,,,,,,,,,,,,,,,,,,,,,,,,,,106.84881759993732,514.2593156001531,514.2732704998925,514.2732704998925,514.2732704998925,514.2732704998925,514.5239784000441,k,0.24750469997525215,None,left,1,12,0,3,49,14,None,107.11357680009678,107.11387770017609,514.5243791998364,514.5394644001499,514.5394644001499,516.0395231000148,516.0395231000148,516.0237373998389,108.61331370007247,108.61335590016097,516.0324614001438,516.0395231000148,516.0395231000148,517.038406800013,517.038406800013,517.0227970001288,stimuli/box_empty_transparent.png,109.612345200032,109.61237480025738,517.0228686998598,517.038406800013,519.0390622997656,519.0220833998173,111.61163290031254,,,,,,,,,,,,,,,,,44444,right,no,None,2025-05-15_09h57.44.615,RL_out-of-scanner,2024.2.4,59.53794966579882,2025-05-15 09h57.59.412237 -0500,
23,0,23,space,17.290848600212485,None,5,1.5765614998526871,None,111.61348660010844,k,0.30170479975640774,None,None,111.9461835003458,111.94647110020742,113.44679570011795,113.4468331001699,114.44673960004002,114.44677780009806,115.94567889999598,,,,,,,1,0,1,0,23,0,23,0,519.0390622997656,,,,,,,,,,,,,,,,,,,,,,,,,,,,,,111.61348660010844,519.023987499997,519.0390622997656,519.0390622997656,519.0390622997656,519.0390622997656,519.3565779998899,k,0.30170479975640774,None,left,1,12,0,3,49,14,None,111.9461835003458,111.94647110020742,519.3569740997627,519.3721189000644,519.3721189000644,520.8723854999989,520.8723854999989,520.8572271997109,113.44679570011795,113.4468331001699,520.8655199999921,520.8723854999989,520.8723854999989,521.872685499955,521.872685499955,521.8571862000972,stimuli/box_empty_transparent.png,114.44673960004002,114.44677780009806,521.8572802999988,521.872685499955,523.3724381998181,523.3561263997108,115.94567889999598,,,,,,,,,,,,,,,,,44444,right,no,None,2025-05-15_09h57.44.615,RL_out-of-scanner,2024.2.4,59.53794966579882,2025-05-15 09h57.59.412237 -0500,
24,0,24,space,17.290848600212485,None,5,1.5765614998526871,None,115.94759509991854,k,0.24479359993711114,None,None,116.2137148999609,116.21399450022727,118.21300320001319,118.21304030017927,119.21327179996297,119.21330270031467,120.71238490007818,,,,,,,1,0,1,0,24,0,24,0,523.3724381998181,,,,,,,,,,,,,,,,,,,,,,,,,,,,,,115.94759509991854,523.3581056999974,523.3724381998181,523.3724381998181,523.3724381998181,523.3724381998181,523.6241260999814,k,0.24479359993711114,None,left,1,12,0,3,49,14,None,116.2137148999609,116.21399450022727,523.6244914997369,523.6397032998502,523.6397032998502,525.6392330001108,525.6392330001108,525.6234344998375,118.21300320001319,118.21304030017927,525.6319972998463,525.6392330001108,525.6392330001108,526.6390362000093,526.6390362000093,526.6237229998223,stimuli/box_empty_transparent.png,119.21327179996297,119.21330270031467,526.623797299806,526.6390362000093,528.1385669000447,528.1228398000821,120.71238490007818,,,,,,,,,,,,,,,,,44444,right,no,None,2025-05-15_09h57.44.615,RL_out-of-scanner,2024.2.4,59.53794966579882,2025-05-15 09h57.59.412237 -0500,
25,0,25,space,17.290848600212485,None,5,1.5765614998526871,None,120.71426510019228,j,0.2950780000537634,None,None,121.02942760009319,121.02983850007877,122.02960940031335,122.02964710025117,123.02960229991004,123.0296380999498,126.52786630019546,,,,,,,1,0,1,0,25,0,25,0,528.1385669000447,,,,,,,,,,,,,,,,,,,,,,,,,,,,,,120.71426510019228,528.1247642999515,528.1385669000447,528.1385669000447,528.1385669000447,528.1385669000447,528.4398076999933,j,0.2950780000537634,None,left,1,12,1,3,50,15,None,121.02942760009319,121.02983850007877,528.4403518000618,528.4553549997509,528.4553549997509,529.4557332000695,529.4557332000695,529.4400424999185,122.02960940031335,122.02964710025117,529.449837199878,529.4557332000695,529.4557332000695,530.4555171998218,530.4555171998218,530.4400458997115,stimuli/box_coin_transparent.png,123.02960229991004,123.0296380999498,530.4401313997805,530.4555171998218,533.9551451997831,533.9383217999712,126.52786630019546,,,,,,,,,,,,,,,,,44444,right,no,None,2025-05-15_09h57.44.615,RL_out-of-scanner,2024.2.4,59.53794966579882,2025-05-15 09h57.59.412237 -0500,
26,0,26,space,17.290848600212485,None,5,1.5765614998526871,None,126.5294341002591,j,0.28416839987039566,None,None,126.84564920002595,126.84604130033404,127.34542619995773,127.34546709991992,128.34602309996262,128.34605550020933,131.84559229994193,,,,,,,1,0,1,0,26,0,26,0,533.9551451997831,,,,,,,,,,,,,,,,,,,,,,,,,,,,,,126.5294341002591,533.9399330001324,533.9551451997831,533.9551451997831,533.9551451997831,533.9551451997831,534.2560367998667,j,0.28416839987039566,None,left,1,12,2,3,51,16,None,126.84564920002595,126.84604130033404,534.2565508000553,534.2718067001551,534.2718067001551,534.772075700108,534.772075700108,534.7558558997698,127.34542619995773,127.34546709991992,534.7655364000238,534.772075700108,534.772075700108,535.7724679997191,535.7724679997191,535.7564741997048,stimuli/box_coin_transparent.png,128.34602309996262,128.34605550020933,535.7565506999381,535.7724679997191,539.2725768000819,539.25604690006,131.84559229994193,,,,,,,,,,,,,,,,,44444,right,no,None,2025-05-15_09h57.44.615,RL_out-of-scanner,2024.2.4,59.53794966579882,2025-05-15 09h57.59.412237 -0500,
27,0,27,space,17.290848600212485,None,5,1.5765614998526871,None,131.84708080021665,j,0.3185427999123931,None,None,132.1955444002524,132.1958729000762,133.71288200002164,133.71292329998687,134.71174810035154,134.71177880000323,135.7114868001081,,,,,,,1,0,1,0,27,0,27,0,539.2725768000819,,,,,,,,,,,,,,,,,,,,,,,,,,,,,,131.84708080021665,539.2575789000839,539.2725768000819,539.2725768000819,539.2725768000819,539.2725768000819,539.6059503997676,j,0.3185427999123931,None,left,1,12,3,3,52,17,None,132.1955444002524,132.1958729000762,539.6063732998446,539.6272809999064,539.6272809999064,541.1385413999669,541.1385413999669,541.1233087000437,133.71288200002164,133.71292329998687,541.133267799858,541.1385413999669,541.1385413999669,542.137874700129,542.137874700129,542.1221992000937,stimuli/box_coin_transparent.png,134.71174810035154,134.71177880000323,542.1222739000805,542.137874700129,543.1386148999445,543.1219411999919,135.7114868001081,,,,,,,,,,,,,,,,,44444,right,no,None,2025-05-15_09h57.44.615,RL_out-of-scanner,2024.2.4,59.53794966579882,2025-05-15 09h57.59.412237 -0500,
28,0,28,space,17.290848600212485,None,5,1.5765614998526871,None,135.71317160036415,None,,,None,137.211814600043,137.21187090035528,138.21149480016902,138.21153600001708,139.21140620019287,139.21143899997696,142.71078030019999,,,,,,,1,0,1,0,28,0,28,0,543.1386148999445,,,,,,,,,,,,,,,,,,,,,,,,,,,,,,135.71317160036415,543.1236797999591,543.1386148999445,543.1386148999445,543.1386148999445,543.1386148999445,544.6222339998931,None,,,left,1,12,3,3,52,17,None,137.211814600043,137.21187090035528,544.6223637000658,544.6385944001377,544.6385944001377,545.6384501000866,545.6384501000866,545.6219230997376,138.21149480016902,138.21153600001708,545.6316534997895,545.6384501000866,545.6384501000866,546.6375425001606,546.6375425001606,546.6218574997038,no selection made,139.21140620019287,139.21143899997696,546.6219298001379,546.6375425001606,550.1381950001232,550.1212335997261,142.71078030019999,,,,,,,,,,,,,,,,,44444,right,no,None,2025-05-15_09h57.44.615,RL_out-of-scanner,2024.2.4,59.53794966579882,2025-05-15 09h57.59.412237 -0500,
29,0,29,space,17.290848600212485,None,5,1.5765614998526871,None,142.7126976000145,j,0.24809890007600188,None,None,142.98046840028837,142.98078160034493,144.97982760006562,144.97987119993195,145.9780482999049,145.9780846000649,146.9785004002042,,,,,,,1,0,1,0,29,0,29,0,550.1381950001232,,,,,,,,,,,,,,,,,,,,,,,,,,,,,,142.7126976000145,550.1231975001283,550.1381950001232,550.1381950001232,550.1381950001232,550.1381950001232,550.3908778997138,j,0.24809890007600188,None,left,1,12,4,3,53,18,None,142.98046840028837,142.98078160034493,550.3912785998546,550.4046803000383,550.4046803000383,552.4054291001521,552.4054291001521,552.390229200013,144.97982760006562,144.97987119993195,552.4004103997722,552.4054291001521,552.4054291001521,553.4040608997457,553.4040608997457,553.3884959998541,stimuli/box_coin_transparent.png,145.9780482999049,145.9780846000649,553.388584499713,553.4040608997457,554.4056385997683,554.3889532000758,146.9785004002042,,,,,,,,,,,,,,,,,44444,right,no,None,2025-05-15_09h57.44.615,RL_out-of-scanner,2024.2.4,59.53794966579882,2025-05-15 09h57.59.412237 -0500,
30,0,30,space,17.290848600212485,None,5,1.5765614998526871,None,146.9800627999939,j,0.2977406997233629,None,None,147.2965967003256,147.29701550025493,148.31225199997425,148.31229009991512,149.31131990021095,149.31136160017923,150.3112210999243,,,,,,,1,0,1,0,30,0,30,0,554.4056385997683,,,,,,,,,,,,,,,,,,,,,,,,,,,,,,146.9800627999939,554.390561199747,554.4056385997683,554.4056385997683,554.4056385997683,554.4056385997683,554.7069695000537,j,0.2977406997233629,None,left,1,12,5,3,54,19,None,147.2965967003256,147.29701550025493,554.7075184998102,554.7226061997935,554.7226061997935,555.7381286998279,555.7381286998279,555.7226832997985,148.31225199997425,148.31229009991512,555.7324916999787,555.7381286998279,555.7381286998279,556.7372193001211,556.7372193001211,556.7217616997659,stimuli/box_coin_transparent.png,149.31131990021095,149.31136160017923,556.7218709001318,556.7372193001211,557.7385355997831,557.7216742997989,150.3112210999243,,,,,,,,,,,,,,,,,44444,right,no,None,2025-05-15_09h57.44.615,RL_out-of-scanner,2024.2.4,59.53794966579882,2025-05-15 09h57.59.412237 -0500,
31,0,31,space,17.290848600212485,None,5,1.5765614998526871,None,150.31271320022643,j,0.4372097998857498,None,None,150.7798485001549,150.78025140007958,153.77894310001284,153.7789871999994,154.77878500008956,154.7788158999756,157.27855500020087,,,,,,,1,0,1,0,31,0,31,0,557.7385355997831,,,,,,,,,,,,,,,,,,,,,,,,,,,,,,150.31271320022643,557.7232115999795,557.7385355997831,557.7385355997831,557.7385355997831,557.7385355997831,558.1902425996959,j,0.4372097998857498,None,left,1,12,6,3,55,20,None,150.7798485001549,150.78025140007958,558.1907548001036,558.2052358998917,558.2052358998917,561.2046746998094,561.2046746998094,561.1893715998158,153.77894310001284,153.7789871999994,561.1998838,561.2046746998094,561.2046746998094,562.2050646999851,562.2050646999851,562.189236999955,stimuli/box_coin_transparent.png,154.77878500008956,154.7788158999756,562.1893150000833,562.2050646999851,564.7051495998167,564.6890059998259,157.27855500020087,,,,,,,,,,,,,,,,,44444,right,no,None,2025-05-15_09h57.44.615,RL_out-of-scanner,2024.2.4,59.53794966579882,2025-05-15 09h57.59.412237 -0500,
32,0,32,space,17.290848600212485,None,5,1.5765614998526871,None,157.2801844002679,j,0.33515000017359853,None,None,157.64605560014024,157.64638169994578,158.64514219993725,158.64517980022356,159.64539320021868,159.64542760001495,160.64363190019503,,,,,,,1,0,1,0,32,0,32,0,564.7051495998167,,,,,,,,,,,,,,,,,,,,,,,,,,,,,,157.2801844002679,564.690682800021,564.7051495998167,564.7051495998167,564.7051495998167,564.7051495998167,565.0564677999355,j,0.33515000017359853,None,left,1,12,7,3,56,21,None,157.64605560014024,157.64638169994578,565.0568788000382,565.0721118999645,565.0721118999645,566.071828499902,566.071828499902,566.0555785000324,158.64514219993725,158.64517980022356,566.0664411000907,566.071828499902,566.071828499902,567.0712572000921,567.0712572000921,567.0558420997113,stimuli/box_coin_transparent.png,159.64539320021868,159.64542760001495,567.0559229999781,567.0712572000921,568.0706500001252,568.0540793999098,160.64363190019503,,,,,,,,,,,,,,,,,44444,right,no,None,2025-05-15_09h57.44.615,RL_out-of-scanner,2024.2.4,59.53794966579882,2025-05-15 09h57.59.412237 -0500,
33,0,33,space,17.290848600212485,None,5,1.5765614998526871,None,160.64585660025477,j,0.4832105999812484,None,None,161.145057100337,161.1454235999845,163.14607430016622,163.14612510008737,164.1451373002492,164.14516820013523,165.64522560033947,,,,,,,1,0,1,0,33,0,33,0,568.0706500001252,,,,,,,,,,,,,,,,,,,,,,,,,,,,,,160.64585660025477,568.0563694001175,568.0706500001252,568.0706500001252,568.0706500001252,568.0706500001252,568.555468400009,j,0.4832105999812484,None,left,0,12,7,3,57,21,None,161.145057100337,161.1454235999845,568.5559291997924,568.5708515997976,568.5708515997976,570.5713689997792,570.5713689997792,570.5565069001168,163.14607430016622,163.14612510008737,570.5646695997566,570.5713689997792,570.5713689997792,571.5712488000281,571.5712488000281,571.5555887999944,stimuli/box_empty_transparent.png,164.1451373002492,164.14516820013523,571.5556630999781,571.5712488000281,573.0747170001268,573.0556788998656,165.64522560033947,,,,,,,,,,,,,,,,,44444,right,no,None,2025-05-15_09h57.44.615,RL_out-of-scanner,2024.2.4,59.53794966579882,2025-05-15 09h57.59.412237 -0500,
34,0,34,space,17.290848600212485,None,5,1.5765614998526871,None,165.64678890025243,k,0.4329734002240002,None,None,166.11242430005223,166.1126883001998,169.11127769993618,169.11131570022553,170.1115769003518,170.11161290016025,172.6270826999098,,,,,,,1,0,1,0,34,0,34,0,573.0747170001268,,,,,,,,,,,,,,,,,,,,,,,,,,,,,,165.64678890025243,573.0572871998884,573.0747170001268,573.0747170001268,573.0747170001268,573.0747170001268,573.5228361999616,k,0.4329734002240002,None,left,0,12,7,3,57,21,None,166.11242430005223,166.1126883001998,573.5231848000549,573.5382241997868,573.5382241997868,576.5382456998341,576.5382456998341,576.5217090998776,169.11127769993618,169.11131570022553,576.5300322999246,576.5382456998341,576.5382456998341,577.5377445998602,577.5377445998602,577.5220233998261,stimuli/box_empty_transparent.png,170.1115769003518,170.11161290016025,577.5221120999195,577.5377445998602,580.0538165997714,580.0375337000005,172.6270826999098,,,,,,,,,,,,,,,,,44444,right,no,None,2025-05-15_09h57.44.615,RL_out-of-scanner,2024.2.4,59.53794966579882,2025-05-15 09h57.59.412237 -0500,
35,0,35,space,17.290848600212485,None,5,1.5765614998526871,None,172.62864180002362,j,0.4165559997782111,None,None,173.06163510028273,173.06196870002896,174.56147690024227,174.5615131999366,175.56187950028107,175.56192969996482,176.56044299993664,,,,,,,1,0,1,0,35,0,35,0,580.0538165997714,,,,,,,,,,,,,,,,,,,,,,,,,,,,,,172.62864180002362,580.0391417997889,580.0538165997714,580.0538165997714,580.0538165997714,580.0538165997714,580.4720360999927,j,0.4165559997782111,None,left,0,12,7,3,58,21,None,173.06163510028273,173.06196870002896,580.4724709996954,580.4872828000225,580.4872828000225,581.9875320997089,581.9875320997089,581.9719094997272,174.56147690024227,174.5615131999366,581.9806197001599,581.9875320997089,581.9875320997089,582.9869838999584,582.9869838999584,582.9723132001236,stimuli/box_empty_transparent.png,175.56187950028107,175.56192969996482,582.9724452998489,582.9869838999584,583.9871753999032,583.970892699901,176.56044299993664,,,,,,,,,,,,,,,,,44444,right,no,None,2025-05-15_09h57.44.615,RL_out-of-scanner,2024.2.4,59.53794966579882,2025-05-15 09h57.59.412237 -0500,
36,0,36,space,17.290848600212485,None,5,1.5765614998526871,None,176.56228379998356,k,0.31441579991951585,None,None,176.89516529999673,176.89542900025845,178.39363560033962,178.39368440024555,179.3943745000288,179.39440659992397,182.91074760025367,,,,,,,1,0,1,0,36,0,36,0,583.9871753999032,,,,,,,,,,,,,,,,,,,,,,,,,,,,,,176.56228379998356,583.972785399761,583.9871753999032,583.9871753999032,583.9871753999032,583.9871753999032,584.3055782001466,k,0.31441579991951585,None,left,0,12,7,3,58,21,None,176.89516529999673,176.89542900025845,584.3059255001135,584.3210106999613,584.3210106999613,585.8209175998345,585.8209175998345,585.8040561997332,178.39363560033962,178.39368440024555,585.8138084998354,585.8209175998345,585.8209175998345,,,586.8048233999871,stimuli/box_empty_transparent.png,179.3943745000288,179.39440659992397,586.8049034001306,586.821829599794,590.3376870998181,590.3211970999837,182.91074760025367,,,,,,,,,,,,,,,,,44444,right,no,None,2025-05-15_09h57.44.615,RL_out-of-scanner,2024.2.4,59.53794966579882,2025-05-15 09h57.59.412237 -0500,
37,0,37,space,17.290848600212485,None,5,1.5765614998526871,None,182.9123164000921,k,0.5997647000476718,None,None,183.54403400002047,183.54433370009065,185.544251000043,185.54429539991543,186.54455440025777,186.54458589991555,187.54384700022638,,,,,,,1,0,1,0,37,0,37,0,590.3376870998181,,,,,,,,,,,,,,,,,,,,,,,,,,,,,,182.9123164000921,590.3228150000796,590.3376870998181,590.3376870998181,590.3376870998181,590.3376870998181,590.9544306998141,k,0.5997647000476718,None,left,0,12,7,3,58,21,None,183.54403400002047,183.54433370009065,590.9548371001147,590.9700453998521,590.9700453998521,592.9715652000159,592.9715652000159,592.9546785000712,185.544251000043,185.54429539991543,592.9633510001004,592.9715652000159,592.9715652000159,593.9703965997323,593.9703965997323,593.955004000105,stimuli/box_empty_transparent.png,186.54455440025777,186.54458589991555,593.9550805999897,593.9703965997323,594.9711234001443,594.9543004999869,187.54384700022638,,,,,,,,,,,,,,,,,44444,right,no,None,2025-05-15_09h57.44.615,RL_out-of-scanner,2024.2.4,59.53794966579882,2025-05-15 09h57.59.412237 -0500,
38,0,38,space,17.290848600212485,None,5,1.5765614998526871,None,187.5453897002153,j,0.3222513999789953,None,None,187.8952529001981,187.89565870026127,188.89392099995166,188.893959000241,189.89324030000716,189.89327599992976,191.39419590029866,,,,,,,1,0,1,0,38,0,38,0,594.9711234001443,,,,,,,,,,,,,,,,,,,,,,,,,,,,,,187.5453897002153,594.9558879998513,594.9711234001443,594.9711234001443,594.9711234001443,594.9711234001443,595.3056443999521,j,0.3222513999789953,None,left,1,12,8,3,59,22,None,187.8952529001981,187.89565870026127,595.3061619997025,595.3205206999555,595.3205206999555,596.3206536998041,596.3206536998041,596.3043535999022,188.89392099995166,188.893959000241,596.3153789998032,596.3206536998041,596.3206536998041,597.3194784000516,597.3194784000516,597.3036883999594,stimuli/box_coin_transparent.png,189.89324030000716,189.89327599992976,597.3037764998153,597.3194784000516,598.8234346997924,598.8046498997137,191.39419590029866,,,,,,,,,,,,,,,,,44444,right,no,None,2025-05-15_09h57.44.615,RL_out-of-scanner,2024.2.4,59.53794966579882,2025-05-15 09h57.59.412237 -0500,
39,0,39,space,17.290848600212485,None,5,1.5765614998526871,None,191.39565350022167,j,0.28995499992743134,None,None,191.71175729995593,191.71215680008754,192.71022100001574,192.7102708001621,193.7107521002181,193.71078320033848,194.70934060029685,,,,,,,1,0,1,0,39,0,39,0,598.8234346997924,,,,,,,,,,,,,,,,,,,,,,,,,,,,,,191.39565350022167,598.8061518999748,598.8234346997924,598.8234346997924,598.8234346997924,598.8234346997924,599.1221519000828,j,0.28995499992743134,None,left,0,12,8,3,60,22,None,191.71175729995593,191.71215680008754,599.1226604999974,599.1374600999989,599.1374600999989,600.137182999868,600.137182999868,600.1206434001215,192.71022100001574,192.7102708001621,600.1299228998832,600.137182999868,600.137182999868,601.1366900000721,601.1366900000721,601.121203399729,stimuli/box_empty_transparent.png,193.7107521002181,193.71078320033848,601.1212772997096,601.1366900000721,602.1394128999673,602.1197873000056,194.70934060029685,,,,,,,,,,,,,,,,,44444,right,no,None,2025-05-15_09h57.44.615,RL_out-of-scanner,2024.2.4,59.53794966579882,2025-05-15 09h57.59.412237 -0500,
40,0,40,space,17.290848600212485,None,5,1.5765614998526871,None,194.71162459999323,k,0.25291069969534874,None,None,194.99398000026122,194.99424559995532,196.49373520025983,196.49377420032397,197.4940980002284,197.49413460027426,198.4931847001426,,,,,,,1,0,1,0,40,0,40,0,602.1394128999673,,,,,,,,,,,,,,,,,,,,,,,,,,,,,,194.71162459999323,602.1221372000873,602.1394128999673,602.1394128999673,602.1394128999673,602.1394128999673,602.4043930000626,k,0.25291069969534874,None,left,0,12,8,3,60,22,None,194.99398000026122,194.99424559995532,602.4047429999337,602.4199530999176,602.4199530999176,603.9201933997683,603.9201933997683,603.9041673000902,196.49373520025983,196.49377420032397,603.9129436998628,603.9201933997683,603.9201933997683,604.9199803001247,604.9199803001247,604.9045437998138,stimuli/box_empty_transparent.png,197.4940980002284,197.49413460027426,604.9046360999346,604.9199803001247,605.9199177999981,605.9036328997463,198.4931847001426,,,,,,,,,,,,,,,,,44444,right,no,None,2025-05-15_09h57.44.615,RL_out-of-scanner,2024.2.4,59.53794966579882,2025-05-15 09h57.59.412237 -0500,
41,0,41,space,17.290848600212485,None,5,1.5765614998526871,None,198.49499090015888,j,0.31049640011042356,None,None,198.8282214999199,198.8285489003174,199.82775179995224,199.82778870034963,200.8264343002811,200.8264775001444,203.8268037000671,,,,,,,1,0,1,0,41,0,41,0,605.9199177999981,,,,,,,,,,,,,,,,,,,,,,,,,,,,,,198.49499090015888,605.9054956999607,605.9199177999981,605.9199177999981,605.9199177999981,605.9199177999981,606.2386325998232,j,0.31049640011042356,None,left,1,12,9,3,61,23,None,198.8282214999199,198.8285489003174,606.239045899827,606.2541459999047,606.2541459999047,607.2536345999688,607.2536345999688,607.2381838997826,199.82775179995224,199.82778870034963,607.2480023000389,607.2536345999688,607.2536345999688,608.2524550999515,608.2524550999515,608.2368735000491,stimuli/box_coin_transparent.png,200.8264343002811,200.8264775001444,608.2369860997424,608.2524550999515,611.2537468001246,611.2372546000406,203.8268037000671,,,,,,,,,,,,,,,,,44444,right,no,None,2025-05-15_09h57.44.615,RL_out-of-scanner,2024.2.4,59.53794966579882,2025-05-15 09h57.59.412237 -0500,
42,0,42,space,17.290848600212485,None,5,1.5765614998526871,None,203.82862920034677,j,0.31973129976540804,None,None,204.1778524001129,204.1782237002626,206.17609030008316,206.1761345001869,207.17610270017758,207.17613949999213,210.67737099993974,,,,,,,1,0,1,0,42,0,42,0,611.2537468001246,,,,,,,,,,,,,,,,,,,,,,,,,,,,,,203.82862920034677,611.2391347000375,611.2537468001246,611.2537468001246,611.2537468001246,611.2537468001246,611.5882536000572,j,0.31973129976540804,None,left,1,12,10,3,62,24,None,204.1778524001129,204.1782237002626,611.588725599926,611.6036338000558,611.6036338000558,613.6033684001304,613.6033684001304,613.5865202001296,206.17609030008316,206.1761345001869,613.5980703998357,613.6033684001304,613.6033684001304,614.6025628000498,614.6025628000498,614.5865501998924,stimuli/box_coin_transparent.png,207.17610270017758,207.17613949999213,614.5866399998777,614.6025628000498,618.1036819997244,618.0878264000639,210.67737099993974,,,,,,,,,,,,,,,,,44444,right,no,None,2025-05-15_09h57.44.615,RL_out-of-scanner,2024.2.4,59.53794966579882,2025-05-15 09h57.59.412237 -0500,
43,0,43,space,17.290848600212485,None,5,1.5765614998526871,None,210.67889530025423,None,,,None,212.1922198999673,212.19228840013966,213.19359110016376,213.19363499991596,214.19392340024933,214.19395769992843,216.1933698002249,,,,,,,1,0,1,0,43,0,43,0,618.1036819997244,,,,,,,,,,,,,,,,,,,,,,,,,,,,,,210.67889530025423,618.0893933000043,618.1036819997244,618.1036819997244,618.1036819997244,618.1036819997244,619.602625799831,None,,,left,1,12,10,3,62,24,None,212.1922198999673,212.19228840013966,619.6027895999141,619.6192565001547,619.6192565001547,620.6197576001287,620.6197576001287,620.604011700023,213.19359110016376,213.19363499991596,620.6129203997552,620.6197576001287,620.6197576001287,,,621.6043716999702,no selection made,214.19392340024933,214.19395769992843,621.6044510998763,621.6194497998804,623.6197814997286,623.6038230000995,216.1933698002249,,,,,,,,,,,,,,,,,44444,right,no,None,2025-05-15_09h57.44.615,RL_out-of-scanner,2024.2.4,59.53794966579882,2025-05-15 09h57.59.412237 -0500,
44,0,44,space,17.290848600212485,None,5,1.5765614998526871,None,216.19482770003378,j,0.2927385000512004,None,None,216.51032799994573,216.51065700035542,219.00993579998612,219.00997300026938,220.0101590999402,220.01019060006365,222.0097060999833,,,,,,,1,0,1,0,44,0,44,0,623.6197814997286,,,,,,,,,,,,,,,,,,,,,,,,,,,,,,216.19482770003378,623.605325799901,623.6197814997286,623.6197814997286,623.6197814997286,623.6197814997286,623.920739099849,j,0.2927385000512004,None,left,1,12,11,3,63,25,None,216.51032799994573,216.51065700035542,623.9211540999822,623.936900400091,623.936900400091,626.4361534998752,626.4361534998752,626.4203670998104,219.00993579998612,219.00997300026938,626.430148200132,626.4361534998752,626.4361534998752,,,627.4206090997905,stimuli/box_coin_transparent.png,220.0101590999402,220.01019060006365,627.420688400045,627.4365432998165,629.4373451001011,629.4201599000953,222.0097060999833,,,,,,,,,,,,,,,,,44444,right,no,None,2025-05-15_09h57.44.615,RL_out-of-scanner,2024.2.4,59.53794966579882,2025-05-15 09h57.59.412237 -0500,
45,0,45,space,17.290848600212485,None,5,1.5765614998526871,None,222.01122580002993,j,0.27408420015126467,None,None,222.31069800024852,222.31111210025847,223.31077860016376,223.31081510009244,224.30934430006891,224.30937370005995,225.30993210012093,,,,,,,1,0,1,0,45,0,45,0,629.4373451001011,,,,,,,,,,,,,,,,,,,,,,,,,,,,,,222.01122580002993,629.4217241997831,629.4373451001011,629.4373451001011,629.4373451001011,629.4373451001011,629.7210921999067,j,0.27408420015126467,None,left,1,12,12,3,64,26,None,222.31069800024852,222.31111210025847,629.7216163999401,629.7362517998554,629.7362517998554,630.7364583997987,630.7364583997987,630.7212110999972,223.31077860016376,223.31081510009244,630.731365100015,630.7364583997987,630.7364583997987,631.735396400094,631.735396400094,631.719794599805,stimuli/box_coin_transparent.png,224.30934430006891,224.30937370005995,631.7198679000139,631.735396400094,632.7362115001306,632.7203851998784,225.30993210012093,,,,,,,,,,,,,,,,,44444,right,no,None,2025-05-15_09h57.44.615,RL_out-of-scanner,2024.2.4,59.53794966579882,2025-05-15 09h57.59.412237 -0500,
46,0,46,space,17.290848600212485,None,5,1.5765614998526871,None,225.3114603003487,j,0.29327140003442764,None,None,225.62810530001298,225.6284986003302,227.6262425002642,227.6262795003131,228.62661330029368,228.62664540018886,229.62505980022252,,,,,,,1,0,1,0,46,0,46,0,632.7362115001306,,,,,,,,,,,,,,,,,,,,,,,,,,,,,,225.3114603003487,632.7219585999846,632.7362115001306,632.7362115001306,632.7362115001306,632.7362115001306,633.0385003001429,j,0.29327140003442764,None,right,1,13,0,4,64,26,None,225.62810530001298,225.6284986003302,633.0390021000057,633.053340099752,633.053340099752,635.0525862998329,635.0525862998329,635.0366752999835,227.6262425002642,227.6262795003131,635.045930000022,635.0525862998329,635.0525862998329,636.052356899716,636.052356899716,636.0370636000298,stimuli/box_empty_transparent.png,228.62661330029368,228.62664540018886,636.0371399000287,636.052356899716,637.0520818997175,637.0355110000819,229.62505980022252,,,,,,,,,,,,,,,,,44444,right,no,None,2025-05-15_09h57.44.615,RL_out-of-scanner,2024.2.4,59.53794966579882,2025-05-15 09h57.59.412237 -0500,
47,0,47,space,17.290848600212485,None,5,1.5765614998526871,None,229.62668660003692,k,0.24024609988555312,None,None,229.89259580010548,229.89289700007066,232.89303700020537,232.89308080030605,233.8922590003349,233.89228950021788,235.3919697003439,,,,,,,1,0,1,0,47,0,47,0,637.0520818997175,,,,,,,,,,,,,,,,,,,,,,,,,,,,,,229.62668660003692,637.0371854999103,637.0520818997175,637.0520818997175,637.0520818997175,637.0520818997175,637.3029911001213,k,0.24024609988555312,None,right,1,13,1,4,65,27,None,229.89259580010548,229.89289700007066,637.3034013998695,637.3189205997624,637.3189205997624,640.319100599736,640.319100599736,640.3034649998881,232.89303700020537,232.89308080030605,640.3137281998061,640.319100599736,640.319100599736,641.3181312000379,641.3181312000379,641.3027109000832,stimuli/box_coin_transparent.png,233.8922590003349,233.89228950021788,641.3027830999345,641.3181312000379,642.8194105001166,642.8024184000678,235.3919697003439,,,,,,,,,,,,,,,,,44444,right,no,None,2025-05-15_09h57.44.615,RL_out-of-scanner,2024.2.4,59.53794966579882,2025-05-15 09h57.59.412237 -0500,
48,0,48,space,17.290848600212485,None,5,1.5765614998526871,None,235.39348730025813,k,0.44089339999482036,None,None,235.85971840005368,235.86003440013155,237.35967659996822,237.3597204000689,238.3586379000917,238.35866970010102,241.8589486000128,,,,,,,1,0,1,0,48,0,48,0,642.8194105001166,,,,,,,,,,,,,,,,,,,,,,,,,,,,,,235.39348730025813,642.8039869000204,642.8194105001166,642.8194105001166,642.8194105001166,642.8194105001166,643.270113399718,k,0.44089339999482036,None,right,0,13,1,4,66,27,None,235.85971840005368,235.86003440013155,643.2705378001556,643.2855317997746,643.2855317997746,644.7856213999912,644.7856213999912,644.7701042001136,237.35967659996822,237.3597204000689,644.7789491000585,644.7856213999912,644.7856213999912,645.784982800018,645.784982800018,645.7690885998309,stimuli/box_empty_transparent.png,238.3586379000917,238.35866970010102,645.76916539995,645.784982800018,649.2860799999908,649.2694021998905,241.8589486000128,,,,,,,,,,,,,,,,,44444,right,no,None,2025-05-15_09h57.44.615,RL_out-of-scanner,2024.2.4,59.53794966579882,2025-05-15 09h57.59.412237 -0500,
49,0,49,space,17.290848600212485,None,5,1.5765614998526871,None,241.86042390018702,j,0.5013246000744402,None,None,242.39283540006727,242.39314310019836,243.89239770034328,243.89243530016392,244.8924243999645,244.89246010035276,244.89292370015755,,,,,,,1,0,1,0,49,0,49,0,649.2860799999908,,,,,,,,,,,,,,,,,,,,,,,,,,,,,,241.86042390018702,649.2709226999432,649.2860799999908,649.2860799999908,649.2860799999908,649.2860799999908,649.8032340998761,j,0.5013246000744402,None,right,0,13,1,4,66,27,None,242.39283540006727,242.39314310019836,649.8036402999423,649.819578200113,649.819578200113,651.3194130999036,651.3194130999036,651.3028333997354,243.89239770034328,243.89243530016392,651.3112987000495,651.3194130999036,651.3194130999036,652.3217281997204,652.3217281997204,652.3028716999106,stimuli/box_empty_transparent.png,244.8924243999645,244.89246010035276,652.302959700115,652.3217281997204,652.3217281997204,652.3033822998405,244.89292370015755,,,,,,,,,,,,,,,,,44444,right,no,None,2025-05-15_09h57.44.615,RL_out-of-scanner,2024.2.4,59.53794966579882,2025-05-15 09h57.59.412237 -0500,
1,0,1,space,17.290848600212485,None,5,1.5765614998526871,None,,,,,,,,,,,,,,,,,,,1,0,1,0,,,,,,,,,,,,,,,,,,,,,,,,,,,,,,,,,,,,,,,,,,,,,,,,,,,,,,,,,,,,,,,,,,,,,,,,,,,,,,,,,,,652.3179258001037,652.3217281997204,656.3181496998295,656.3182072001509,656.335709199775,710.8993147001602,710.8831784999929,,,,44444,right,no,None,2025-05-15_09h57.44.615,RL_out-of-scanner,2024.2.4,59.53794966579882,2025-05-15 09h57.59.412237 -0500,
0,0,0,space,12.366996699944139,None,5,2.527186000254005,None,0.001945700030773878,k,0.6590891997329891,None,None,0.6838496997952461,0.6841166000813246,1.682728599756956,1.682770200073719,2.682395599782467,2.682426099665463,4.681952899787575,,,,,,,2,0,2,0,0,0,0,0,725.8496567001566,,,,,,,,,,,,,,,,710.8833500999026,710.8993147001602,710.8993147001602,723.2832824997604,space,12.366996699944139,None,723.2833603997715,723.2996490998194,723.2996490998194,725.833940200042,5,2.527186000254005,None,0.001945700030773878,725.8359594997019,725.8496567001566,725.8496567001566,725.8496567001566,725.8496567001566,726.5177632998675,k,0.6590891997329891,None,right,1,10,1,5,67,1,None,0.6838496997952461,0.6841166000813246,726.5181284998544,726.5328941997141,726.5328941997141,727.5332309999503,727.5332309999503,727.5166694000363,1.682728599756956,1.682770200073719,727.5267762001604,727.5332309999503,727.5332309999503,728.5324554997496,728.5324554997496,728.5163632999174,stimuli/box_coin_transparent.png,2.682395599782467,2.682426099665463,728.5164319998585,728.5324554997496,730.5327093000524,730.515915799886,4.681952899787575,,,,,,,,,,,,,,,,,44444,right,no,None,2025-05-15_09h57.44.615,RL_out-of-scanner,2024.2.4,59.53794966579882,2025-05-15 09h57.59.412237 -0500,
1,0,1,space,12.366996699944139,None,5,2.527186000254005,None,4.683825300075114,k,0.28083959966897964,None,None,4.983741200063378,4.984039499890059,6.482702999841422,6.48274639993906,7.483391599729657,7.483426199760288,8.983335199765861,,,,,,,2,0,2,0,1,0,1,0,730.5327093000524,,,,,,,,,,,,,,,,,,,,,,,,,,,,,,4.683825300075114,730.517841400113,730.5327093000524,730.5327093000524,730.5327093000524,730.5327093000524,730.8176655001007,k,0.28083959966897964,None,right,1,10,2,5,68,2,None,4.983741200063378,4.984039499890059,730.8180558998138,730.8329416997731,730.8329416997731,732.3328295000829,732.3328295000829,732.31664799992,6.482702999841422,6.48274639993906,732.3275087997317,732.3328295000829,732.3328295000829,733.3324827998877,733.3324827998877,733.3173555000685,stimuli/box_coin_transparent.png,7.483391599729657,7.483426199760288,733.3174403999001,733.3324827998877,734.8325315001421,734.8173046000302,8.983335199765861,,,,,,,,,,,,,,,,,44444,right,no,None,2025-05-15_09h57.44.615,RL_out-of-scanner,2024.2.4,59.53794966579882,2025-05-15 09h57.59.412237 -0500,
2,0,2,space,12.366996699944139,None,5,2.527186000254005,None,8.984905699733645,k,0.3828644002787769,None,None,9.38334359973669,9.383580999914557,10.383338899817318,10.383382499683648,11.382858699653298,11.382890699896961,14.382167899981141,,,,,,,2,0,2,0,2,0,2,0,734.8325315001421,,,,,,,,,,,,,,,,,,,,,,,,,,,,,,8.984905699733645,734.8189195999876,734.8325315001421,734.8325315001421,734.8325315001421,734.8325315001421,735.2172722998075,k,0.3828644002787769,None,right,1,10,3,5,69,3,None,9.38334359973669,9.383580999914557,735.2175925001502,735.2328437999822,735.2328437999822,736.233084499836,736.233084499836,736.2172777000815,10.383338899817318,10.383382499683648,736.2277294998057,736.233084499836,736.233084499836,737.2324076001532,737.2324076001532,737.2168242000043,stimuli/box_coin_transparent.png,11.382858699653298,11.382890699896961,737.2169013000093,737.2324076001532,740.232782300096,740.2161372001283,14.382167899981141,,,,,,,,,,,,,,,,,44444,right,no,None,2025-05-15_09h57.44.615,RL_out-of-scanner,2024.2.4,59.53794966579882,2025-05-15 09h57.59.412237 -0500,
3,0,3,space,12.366996699944139,None,5,2.527186000254005,None,14.38364230003208,k,0.3910380997695029,None,None,14.799503499642015,14.799803799949586,16.79897789983079,16.79901419999078,17.798945100046694,17.798977399710566,18.798287000041455,,,,,,,2,0,2,0,3,0,3,0,740.232782300096,,,,,,,,,,,,,,,,,,,,,,,,,,,,,,14.38364230003208,740.2176781999879,740.232782300096,740.232782300096,740.232782300096,740.232782300096,740.633394499775,k,0.3910380997695029,None,right,0,10,3,5,70,3,None,14.799503499642015,14.799803799949586,740.6338216001168,740.649094699882,740.649094699882,742.6495296997018,742.6495296997018,742.6329270997085,16.79897789983079,16.79901419999078,742.6417203000747,742.6495296997018,742.6495296997018,743.6485219998285,743.6485219998285,743.632911699824,stimuli/box_empty_transparent.png,17.798945100046694,17.798977399710566,743.632986899931,743.6485219998285,744.6489691999741,744.6322534997016,18.798287000041455,,,,,,,,,,,,,,,,,44444,right,no,None,2025-05-15_09h57.44.615,RL_out-of-scanner,2024.2.4,59.53794966579882,2025-05-15 09h57.59.412237 -0500,
4,0,4,space,12.366996699944139,None,5,2.527186000254005,None,18.79977159993723,k,1.0622826996259391,None,['k'],19.882782999891788,19.883074099663645,20.88279339997098,20.882843299768865,21.882031199987978,21.882062199991196,24.381483799777925,[0.3333004997111857],[0.16086030006408691],,,,,2,0,2,0,4,0,4,0,744.6489691999741,,,,,,,,,,,,,,,,,,,,,,,,,,,,,,18.79977159993723,744.6337855998427,744.6489691999741,744.6489691999741,744.6489691999741,744.6489691999741,745.716656500008,k,1.0622826996259391,None,right,1,10,4,5,71,4,['k'],19.882782999891788,19.883074099663645,745.7170921997167,745.7321826000698,745.7321826000698,746.7326214998029,746.7326214998029,746.7167310998775,20.88279339997098,20.882843299768865,746.7273503998294,746.7326214998029,746.7326214998029,747.7317050001584,747.7317050001584,747.7159957000986,stimuli/box_coin_transparent.png,21.882031199987978,21.882062199991196,747.7160684000701,747.7317050001584,750.232115900144,750.2154528000392,24.381483799777925,[0.3333004997111857],[0.16086030006408691],,,,,,,,,,,,,,,44444,right,no,None,2025-05-15_09h57.44.615,RL_out-of-scanner,2024.2.4,59.53794966579882,2025-05-15 09h57.59.412237 -0500,
5,0,5,space,12.366996699944139,None,5,2.527186000254005,None,24.382968899793923,j,0.24121030000969768,None,None,24.649986899923533,24.65039759967476,28.149532299954444,28.149568900000304,29.149369299877435,29.149405399803072,31.147949900012463,,,,,,,2,0,2,0,5,0,5,0,750.232115900144,,,,,,,,,,,,,,,,,,,,,,,,,,,,,,24.382968899793923,750.2169830999337,750.232115900144,750.232115900144,750.232115900144,750.232115900144,750.4838986000977,j,0.24121030000969768,None,right,1,10,4,5,71,4,None,24.649986899923533,24.65039759967476,750.484416199848,750.4989148001187,750.4989148001187,753.998862599954,753.998862599954,753.9834811999463,28.149532299954444,28.149568900000304,753.9920303998515,753.998862599954,753.998862599954,754.998290500138,754.998290500138,754.9833327000961,stimuli/box_empty_transparent.png,29.149369299877435,29.149405399803072,754.9834217997268,754.998290500138,756.9985289997421,756.9819192001596,31.147949900012463,,,,,,,,,,,,,,,,,44444,right,no,None,2025-05-15_09h57.44.615,RL_out-of-scanner,2024.2.4,59.53794966579882,2025-05-15 09h57.59.412237 -0500,
6,0,6,space,12.366996699944139,None,5,2.527186000254005,None,31.14963039988652,k,0.27073929971084,None,None,31.44940729998052,31.449669299647212,32.44822150003165,32.44826379977167,33.448687499854714,33.448717599734664,34.44758259970695,,,,,,,2,0,2,0,6,0,6,0,756.9985289997421,,,,,,,,,,,,,,,,,,,,,,,,,,,,,,31.14963039988652,756.9836455001496,756.9985289997421,756.9985289997421,756.9985289997421,756.9985289997421,757.2833345001563,k,0.27073929971084,None,right,0,10,4,5,72,4,None,31.44940729998052,31.449669299647212,757.2836813000031,757.2987275999039,757.2987275999039,758.2993801999837,758.2993801999837,758.2821630998515,32.44822150003165,32.44826379977167,758.2904778998345,758.2993801999837,758.2993801999837,759.2981658997014,759.2981658997014,759.2826529000886,stimuli/box_empty_transparent.png,33.448687499854714,33.448717599734664,759.2827294999734,759.2981658997014,760.298710399773,760.2815382997505,34.44758259970695,,,,,,,,,,,,,,,,,44444,right,no,None,2025-05-15_09h57.44.615,RL_out-of-scanner,2024.2.4,59.53794966579882,2025-05-15 09h57.59.412237 -0500,
7,0,7,space,12.366996699944139,None,5,2.527186000254005,None,34.449336799792945,j,0.31948660034686327,None,None,34.79888559971005,34.7992010996677,36.79840809991583,36.79844449972734,37.79833899997175,37.79837019974366,39.79764419980347,,,,,,,2,0,2,0,7,0,7,0,760.298710399773,,,,,,,,,,,,,,,,,,,,,,,,,,,,,,34.449336799792945,760.2833567997441,760.298710399773,760.298710399773,760.298710399773,760.298710399773,760.6328137000091,j,0.31948660034686327,None,right,0,10,4,5,72,4,None,34.79888559971005,34.7992010996677,760.6332139000297,760.6484861001372,760.6484861001372,762.6487203999422,762.6487203999422,762.6323572997935,36.79840809991583,36.79844449972734,762.640875400044,762.6487203999422,762.6487203999422,763.6480868998915,763.6480868998915,763.6323053999804,stimuli/box_empty_transparent.png,37.79833899997175,37.79837019974366,763.6323804999702,763.6480868998915,765.64844670007,765.6316128000617,39.79764419980347,,,,,,,,,,,,,,,,,44444,right,no,None,2025-05-15_09h57.44.615,RL_out-of-scanner,2024.2.4,59.53794966579882,2025-05-15 09h57.59.412237 -0500,
8,0,8,space,12.366996699944139,None,5,2.527186000254005,None,39.79934349982068,j,0.2508356999605894,None,None,40.08213229989633,40.082465399987996,43.081413799896836,43.081448999699205,44.08141419989988,44.08144879993051,45.580924899782985,,,,,,,2,0,2,0,8,0,8,0,765.64844670007,,,,,,,,,,,,,,,,,,,,,,,,,,,,,,39.79934349982068,765.6333594000898,765.64844670007,765.64844670007,765.64844670007,765.64844670007,765.9160631997511,j,0.2508356999605894,None,right,0,10,4,5,72,4,None,40.08213229989633,40.082465399987996,765.9164904998615,765.9314989997074,765.9314989997074,768.931770300027,768.931770300027,768.9153636000119,43.081413799896836,43.081448999699205,768.9238201999106,768.931770300027,768.931770300027,769.9311480000615,769.9311480000615,769.91537769977,stimuli/box_empty_transparent.png,44.08141419989988,44.08144879993051,769.9154630997218,769.9311480000615,771.4323748997413,771.4148904997855,45.580924899782985,,,,,,,,,,,,,,,,,44444,right,no,None,2025-05-15_09h57.44.615,RL_out-of-scanner,2024.2.4,59.53794966579882,2025-05-15 09h57.59.412237 -0500,
9,0,9,space,12.366996699944139,None,5,2.527186000254005,None,45.58245619991794,k,0.318166000302881,None,None,45.93224269989878,45.93254130007699,47.43200480006635,47.43204199988395,48.43119399994612,48.43122969986871,50.43058119993657,,,,,,,2,0,2,0,9,0,9,0,771.4323748997413,,,,,,,,,,,,,,,,,,,,,,,,,,,,,,45.58245619991794,771.4164704997092,771.4323748997413,771.4323748997413,771.4323748997413,771.4323748997413,771.7661429997534,k,0.318166000302881,None,right,1,10,5,5,73,5,None,45.93224269989878,45.93254130007699,771.7665594997816,771.7816964001395,771.7816964001395,773.2818720997311,773.2818720997311,773.265953599941,47.43200480006635,47.43204199988395,773.2759271999821,773.2818720997311,773.2818720997311,774.2810259000398,774.2810259000398,774.265156999696,stimuli/box_coin_transparent.png,48.43119399994612,48.43122969986871,774.2652461999096,774.2810259000398,776.2813129001297,776.2645501000807,50.43058119993657,,,,,,,,,,,,,,,,,44444,right,no,None,2025-05-15_09h57.44.615,RL_out-of-scanner,2024.2.4,59.53794966579882,2025-05-15 09h57.59.412237 -0500,
10,0,10,space,12.366996699944139,None,5,2.527186000254005,None,50.43200489971787,k,0.4408024000003934,None,None,50.89871439989656,50.89899199968204,52.397848499938846,52.397885099984705,53.39773389976472,53.39778159977868,54.39727409975603,,,,,,,2,0,2,0,10,0,10,0,776.2813129001297,,,,,,,,,,,,,,,,,,,,,,,,,,,,,,50.43200489971787,776.266019300092,776.2813129001297,776.2813129001297,776.2813129001297,776.2813129001297,776.7326246998273,k,0.4408024000003934,None,right,1,10,6,5,74,6,None,50.89871439989656,50.89899199968204,776.733008899726,776.7479961998761,776.7479961998761,778.2484661997296,778.2484661997296,778.2317979000509,52.397848499938846,52.397885099984705,778.2423934997059,778.2484661997296,778.2484661997296,779.2473074998707,779.2473074998707,779.231692600064,stimuli/box_coin_transparent.png,53.39773389976472,53.39778159977868,779.2318087001331,779.2473074998707,780.247976299841,780.2312397998758,54.39727409975603,,,,,,,,,,,,,,,,,44444,right,no,None,2025-05-15_09h57.44.615,RL_out-of-scanner,2024.2.4,59.53794966579882,2025-05-15 09h57.59.412237 -0500,
11,0,11,space,12.366996699944139,None,5,2.527186000254005,None,54.3989564999938,k,0.3098138999193907,None,None,54.73221829999238,54.73259329982102,56.73173809982836,56.73177589988336,57.73205079976469,57.73208629991859,59.23068009968847,,,,,,,2,0,2,0,11,0,11,0,780.247976299841,,,,,,,,,,,,,,,,,,,,,,,,,,,,,,54.3989564999938,780.2329774000682,780.247976299841,780.247976299841,780.247976299841,780.247976299841,780.5661133001558,k,0.3098138999193907,None,right,1,10,7,5,75,7,None,54.73221829999238,54.73259329982102,780.5666201999411,780.5812440998852,780.5812440998852,782.5819124998525,782.5819124998525,782.5656860000454,56.73173809982836,56.73177589988336,782.5764044998214,782.5819124998525,782.5819124998525,783.5806585997343,783.5806585997343,783.5660163997672,stimuli/box_coin_transparent.png,57.73205079976469,57.73208629991859,783.566116400063,783.5806585997343,785.0812931000255,785.0646457998082,59.23068009968847,,,,,,,,,,,,,,,,,44444,right,no,None,2025-05-15_09h57.44.615,RL_out-of-scanner,2024.2.4,59.53794966579882,2025-05-15 09h57.59.412237 -0500,
12,0,12,space,12.366996699944139,None,5,2.527186000254005,None,59.232221599668264,k,0.26530069997534156,None,None,59.516010999679565,59.516383999958634,60.51501309964806,60.515051499940455,61.51499870000407,61.51503469981253,64.51465689996257,,,,,,,2,0,2,0,12,0,12,0,785.0812931000255,,,,,,,,,,,,,,,,,,,,,,,,,,,,,,59.232221599668264,785.0662373998202,785.0812931000255,785.0812931000255,785.0812931000255,785.0812931000255,785.3499189997092,k,0.26530069997534156,None,right,1,10,8,5,76,8,None,59.516010999679565,59.516383999958634,785.350407099817,785.3645775001496,785.3645775001496,786.3646236001514,786.3646236001514,786.3489624997601,60.51501309964806,60.515051499940455,786.3590154997073,786.3646236001514,786.3646236001514,787.3643781999126,787.3643781999126,787.3489608000964,stimuli/box_coin_transparent.png,61.51499870000407,61.51503469981253,787.3490491998382,787.3643781999126,790.364448599983,790.3486258997582,64.51465689996257,,,,,,,,,,,,,,,,,44444,right,no,None,2025-05-15_09h57.44.615,RL_out-of-scanner,2024.2.4,59.53794966579882,2025-05-15 09h57.59.412237 -0500,
13,0,13,space,12.366996699944139,None,5,2.527186000254005,None,64.51625210000202,k,0.2598450002260506,None,None,64.79843259975314,64.79880979983136,65.29764209967107,65.29769579973072,66.29811959993094,66.29815070005134,68.29684269987047,,,,,,,2,0,2,0,13,0,13,0,790.364448599983,,,,,,,,,,,,,,,,,,,,,,,,,,,,,,64.51625210000202,790.3502663997933,790.364448599983,790.364448599983,790.364448599983,790.364448599983,790.6323313997127,k,0.2598450002260506,None,right,0,10,8,5,77,8,None,64.79843259975314,64.79880979983136,790.6328364000656,790.6475766999647,790.6475766999647,791.1479571997188,791.1479571997188,791.1315732998773,65.29764209967107,65.29769579973072,791.1416468000971,791.1479571997188,791.1479571997188,792.1471033999696,792.1471033999696,792.1320865000598,stimuli/box_empty_transparent.png,66.29811959993094,66.29815070005134,792.1321598999202,792.1471033999696,794.1473461999558,794.1308118999004,68.29684269987047,,,,,,,,,,,,,,,,,44444,right,no,None,2025-05-15_09h57.44.615,RL_out-of-scanner,2024.2.4,59.53794966579882,2025-05-15 09h57.59.412237 -0500,
14,0,14,space,12.366996699944139,None,5,2.527186000254005,None,68.29830010002479,j,0.32715999986976385,None,None,68.64854649966583,68.6489454000257,70.14726819982752,70.14731039991602,71.14734599972144,71.14738289965317,72.14752819994465,,,,,,,2,0,2,0,14,0,14,0,794.1473461999558,,,,,,,,,,,,,,,,,,,,,,,,,,,,,,68.29830010002479,794.1323138000444,794.1473461999558,794.1473461999558,794.1473461999558,794.1473461999558,794.4824431999587,j,0.32715999986976385,None,right,0,10,8,5,77,8,None,68.64854649966583,68.6489454000257,794.4829643000849,794.4973196997307,794.4973196997307,795.998084699735,795.998084699735,795.9812118997797,70.14726819982752,70.14731039991602,795.9899256001227,795.998084699735,795.998084699735,796.9969764999114,796.9969764999114,796.9813092998229,stimuli/box_empty_transparent.png,71.14734599972144,71.14738289965317,796.9813994998112,796.9969764999114,797.997793099843,797.9814975997433,72.14752819994465,,,,,,,,,,,,,,,,,44444,right,no,None,2025-05-15_09h57.44.615,RL_out-of-scanner,2024.2.4,59.53794966579882,2025-05-15 09h57.59.412237 -0500,
15,0,15,space,12.366996699944139,None,5,2.527186000254005,None,72.14903449965641,j,0.2751267999410629,None,None,72.4478778000921,72.44817380001768,73.44799039978534,73.44803529977798,74.44783920003101,74.44787009991705,76.44672079989687,,,,,,,2,0,2,0,15,0,15,0,797.997793099843,,,,,,,,,,,,,,,,,,,,,,,,,,,,,,72.14903449965641,797.9830478997901,797.997793099843,797.997793099843,797.997793099843,797.997793099843,798.2817731001414,j,0.2751267999410629,None,right,0,10,8,5,77,8,None,72.4478778000921,72.44817380001768,798.2821867000312,798.2974670999683,798.2974670999683,799.2975566997193,799.2975566997193,799.2819285998121,73.44799039978534,73.44803529977798,799.2906336998567,799.2975566997193,799.2975566997193,800.2974864998832,800.2974864998832,800.2818061001599,stimuli/box_empty_transparent.png,74.44783920003101,74.44787009991705,800.2818789999001,800.2974864998832,802.2972451997921,802.280673599802,76.44672079989687,,,,,,,,,,,,,,,,,44444,right,no,None,2025-05-15_09h57.44.615,RL_out-of-scanner,2024.2.4,59.53794966579882,2025-05-15 09h57.59.412237 -0500,
16,0,16,space,12.366996699944139,None,5,2.527186000254005,None,76.4490175996907,k,0.23199860006570816,None,None,76.69833569973707,76.69865199970081,78.69807109981775,78.69810959976166,79.69746259972453,79.69749369984493,80.69755869964138,,,,,,,2,0,2,0,16,0,16,0,802.2972451997921,,,,,,,,,,,,,,,,,,,,,,,,,,,,,,76.4490175996907,802.2830455997027,802.2972451997921,802.2972451997921,802.2972451997921,802.2972451997921,802.532243900001,k,0.23199860006570816,None,right,0,10,8,5,78,8,None,76.69833569973707,76.69865199970081,802.5326700997539,802.5472511998378,802.5472511998378,804.5475250999443,804.5475250999443,804.5320191998035,78.69807109981775,78.69810959976166,804.5405453997664,804.5475250999443,804.5475250999443,805.5471814000048,805.5471814000048,805.5314286998473,stimuli/box_empty_transparent.png,79.69746259972453,79.69749369984493,805.5315036997199,805.5471814000048,806.5477064996958,806.5315278000198,80.69755869964138,,,,,,,,,,,,,,,,,44444,right,no,None,2025-05-15_09h57.44.615,RL_out-of-scanner,2024.2.4,59.53794966579882,2025-05-15 09h57.59.412237 -0500,
17,0,17,space,12.366996699944139,None,5,2.527186000254005,None,80.69905279995874,j,0.24216580018401146,None,None,80.96491870004684,80.96531859971583,81.96382609987631,81.96387149998918,82.9636638998054,82.96369979996234,83.9629921996966,,,,,,,2,0,2,0,17,0,17,0,806.5477064996958,,,,,,,,,,,,,,,,,,,,,,,,,,,,,,80.69905279995874,806.533066299744,806.5477064996958,806.5477064996958,806.5477064996958,806.5477064996958,806.7988287000917,j,0.24216580018401146,None,right,0,10,8,5,78,8,None,80.96491870004684,80.96531859971583,806.799337499775,806.8139921999536,806.8139921999536,807.8142029000446,807.8142029000446,807.797765399795,81.96382609987631,81.96387149998918,807.8085902999155,807.8142029000446,807.8142029000446,808.8131503998302,808.8131503998302,808.7976291999221,stimuli/box_empty_transparent.png,82.9636638998054,82.96369979996234,808.7977136997506,808.8131503998302,809.8138675000519,809.7969594998285,83.9629921996966,,,,,,,,,,,,,,,,,44444,right,no,None,2025-05-15_09h57.44.615,RL_out-of-scanner,2024.2.4,59.53794966579882,2025-05-15 09h57.59.412237 -0500,
18,0,18,space,12.366996699944139,None,5,2.527186000254005,None,83.96448489977047,j,0.22960090031847358,None,None,84.21464730007574,84.21504249982536,87.71343889972195,87.71349169965833,88.73052460001782,88.73056240007281,90.7293547000736,,,,,,,2,0,2,0,18,0,18,0,809.8138675000519,,,,,,,,,,,,,,,,,,,,,,,,,,,,,,83.96448489977047,809.7984989001416,809.8138675000519,809.8138675000519,809.8138675000519,809.8138675000519,810.0485574998893,j,0.22960090031847358,None,right,0,10,8,5,78,8,None,84.21464730007574,84.21504249982536,810.0490615000017,810.0643326998688,810.0643326998688,813.5653315000236,813.5653315000236,813.5473452997394,87.71343889972195,87.71349169965833,813.5592223000713,813.5653315000236,813.5653315000236,,,814.5644847997464,stimuli/box_empty_transparent.png,88.73052460001782,88.73056240007281,814.5645790998824,814.5803465000354,816.5802933997475,816.5633243001066,90.7293547000736,,,,,,,,,,,,,,,,,44444,right,no,None,2025-05-15_09h57.44.615,RL_out-of-scanner,2024.2.4,59.53794966579882,2025-05-15 09h57.59.412237 -0500,
19,0,19,space,12.366996699944139,None,5,2.527186000254005,None,90.7308740997687,k,0.23777069989591837,None,None,90.99785199994221,90.99811109993607,91.99658109992743,91.99662089999765,92.99740119976923,92.99743419978768,94.49609389994293,,,,,,,2,0,2,0,19,0,19,0,816.5802933997475,,,,,,,,,,,,,,,,,,,,,,,,,,,,,,90.7308740997687,816.5648889997974,816.5802933997475,816.5802933997475,816.5802933997475,816.5802933997475,816.831780700013,k,0.23777069989591837,None,right,1,10,9,5,79,9,None,90.99785199994221,90.99811109993607,816.8321218998171,816.8467763997614,816.8467763997614,817.8472739998251,817.8472739998251,817.8305242001079,91.99658109992743,91.99662089999765,817.8413391001523,817.8472739998251,817.8472739998251,,,818.831365399994,stimuli/box_coin_transparent.png,92.99740119976923,92.99743419978768,818.8314470998012,818.8463610997424,820.3477408997715,820.3300629998557,94.49609389994293,,,,,,,,,,,,,,,,,44444,right,no,None,2025-05-15_09h57.44.615,RL_out-of-scanner,2024.2.4,59.53794966579882,2025-05-15 09h57.59.412237 -0500,
20,0,20,space,12.366996699944139,None,5,2.527186000254005,None,94.49768200004473,k,0.2554506999440491,None,None,94.78058939985931,94.78085519978777,96.78050429979339,96.78054150007665,97.77981489989907,97.77985819987953,99.77925510006025,,,,,,,2,0,2,0,20,0,20,0,820.3477408997715,,,,,,,,,,,,,,,,,,,,,,,,,,,,,,94.49768200004473,820.3316957997158,820.3477408997715,820.3477408997715,820.3477408997715,820.3477408997715,820.6145162000321,k,0.2554506999440491,None,right,1,10,10,5,80,10,None,94.78058939985931,94.78085519978777,820.6148680001497,820.629793100059,820.629793100059,822.6304433001205,822.6304433001205,822.6144522000104,96.78050429979339,96.78054150007665,822.6245149001479,822.6304433001205,822.6304433001205,823.6293835998513,823.6293835998513,823.6137715997174,stimuli/box_coin_transparent.png,97.77981489989907,97.77985819987953,823.6138826999813,823.6293835998513,825.6298489999026,825.6132144001313,99.77925510006025,,,,,,,,,,,,,,,,,44444,right,no,None,2025-05-15_09h57.44.615,RL_out-of-scanner,2024.2.4,59.53794966579882,2025-05-15 09h57.59.412237 -0500,
21,0,21,space,12.366996699944139,None,5,2.527186000254005,None,99.78150289971381,k,0.3276827000081539,None,None,100.13066969998181,100.13096139999107,103.12979619996622,103.1298328996636,104.1469212998636,104.14697489980608,105.64600150007755,,,,,,,2,0,2,0,21,0,21,0,825.6298489999026,,,,,,,,,,,,,,,,,,,,,,,,,,,,,,99.78150289971381,825.6155308000743,825.6298489999026,825.6298489999026,825.6298489999026,825.6298489999026,825.9645724999718,k,0.3276827000081539,None,left,1,7,0,6,80,10,None,100.13066969998181,100.13096139999107,825.9649855000898,825.9802346997894,825.9802346997894,828.9811301999725,828.9811301999725,828.9637448000722,103.12979619996622,103.1298328996636,828.9719802001491,828.9811301999725,828.9811301999725,,,829.9808789999224,stimuli/box_empty_transparent.png,104.1469212998636,104.14697489980608,829.9809944997542,829.9961327998899,831.4965658998117,831.4799649999477,105.64600150007755,,,,,,,,,,,,,,,,,44444,right,no,None,2025-05-15_09h57.44.615,RL_out-of-scanner,2024.2.4,59.53794966579882,2025-05-15 09h57.59.412237 -0500,
22,0,22,space,12.366996699944139,None,5,2.527186000254005,None,105.6477576000616,j,0.2828207998536527,None,None,105.94713380001485,105.94743310008198,107.44667739979923,107.44671489996836,108.44685229985043,108.4468880998902,110.46207399992272,,,,,,,2,0,2,0,22,0,22,0,831.4965658998117,,,,,,,,,,,,,,,,,,,,,,,,,,,,,,105.6477576000616,831.4818051001057,831.4965658998117,831.4965658998117,831.4965658998117,831.4965658998117,831.7810606998391,j,0.2828207998536527,None,left,1,7,1,6,81,11,None,105.94713380001485,105.94743310008198,831.7814879999496,831.7966228998266,831.7966228998266,833.2966343001463,833.2966343001463,833.280625499785,107.44667739979923,107.44671489996836,833.2910699998029,833.2966343001463,833.2966343001463,834.2971235997975,834.2971235997975,834.2808169000782,stimuli/box_coin_transparent.png,108.44685229985043,108.4468880998902,834.280901200138,834.2971235997975,836.3129301001318,836.2960409000516,110.46207399992272,,,,,,,,,,,,,,,,,44444,right,no,None,2025-05-15_09h57.44.615,RL_out-of-scanner,2024.2.4,59.53794966579882,2025-05-15 09h57.59.412237 -0500,
23,0,23,space,12.366996699944139,None,5,2.527186000254005,None,110.46382289985195,j,0.2585167000070214,None,None,110.74679279979318,110.74716089991853,112.24664009967819,112.24667669972405,113.2462462997064,113.24628359964117,114.7455181996338,,,,,,,2,0,2,0,23,0,23,0,836.3129301001318,,,,,,,,,,,,,,,,,,,,,,,,,,,,,,110.46382289985195,836.2978447997011,836.3129301001318,836.3129301001318,836.3129301001318,836.3129301001318,836.5807209997438,j,0.2585167000070214,None,left,1,7,2,6,82,12,None,110.74679279979318,110.74716089991853,836.5811755997129,836.5968136996962,836.5968136996962,838.0965784001164,838.0965784001164,838.0805883998983,112.24664009967819,112.24667669972405,838.0908181997947,838.0965784001164,838.0965784001164,839.0956874997355,839.0956874997355,839.0802079997957,stimuli/box_coin_transparent.png,113.2462462997064,113.24628359964117,839.0802993001416,839.0956874997355,840.5962705998681,840.5794874001294,114.7455181996338,,,,,,,,,,,,,,,,,44444,right,no,None,2025-05-15_09h57.44.615,RL_out-of-scanner,2024.2.4,59.53794966579882,2025-05-15 09h57.59.412237 -0500,
24,0,24,space,12.366996699944139,None,5,2.527186000254005,None,114.7470001000911,j,0.439423399977386,None,None,115.21318210009485,115.21352029964328,117.21356950001791,117.21360679995269,118.2124946997501,118.21252579987049,119.711814600043,,,,,,,2,0,2,0,24,0,24,0,840.5962705998681,,,,,,,,,,,,,,,,,,,,,,,,,,,,,,114.7470001000911,840.5810146997683,840.5962705998681,840.5962705998681,840.5962705998681,840.5962705998681,841.0471087000333,j,0.439423399977386,None,left,1,7,3,6,83,13,None,115.21318210009485,115.21352029964328,841.0475348997861,841.062637699768,841.062637699768,843.0632583997212,843.0632583997212,843.0475169001147,117.21356950001791,117.21360679995269,843.0574118997902,843.0632583997212,843.0632583997212,844.0629500998184,844.0629500998184,844.0464614997618,stimuli/box_coin_transparent.png,118.2124946997501,118.21252579987049,844.0465357997455,844.0629500998184,845.5627004997805,845.5457830997184,119.711814600043,,,,,,,,,,,,,,,,,44444,right,no,None,2025-05-15_09h57.44.615,RL_out-of-scanner,2024.2.4,59.53794966579882,2025-05-15 09h57.59.412237 -0500,
25,0,25,space,12.366996699944139,None,5,2.527186000254005,None,119.71326559968293,j,0.28000310016795993,None,None,120.01332789985463,120.0136950998567,121.01364259980619,121.01368029974401,122.01496879989281,122.0150059000589,125.51163889979944,,,,,,,2,0,2,0,25,0,25,0,845.5627004997805,,,,,,,,,,,,,,,,,,,,,,,,,,,,,,119.71326559968293,845.547279600054,845.5627004997805,845.5627004997805,845.5627004997805,845.5627004997805,845.8472369001247,j,0.28000310016795993,None,left,1,7,4,6,84,14,None,120.01332789985463,120.0136950998567,845.8477143999189,845.862743599806,845.862743599806,846.8637111997232,846.8637111997232,846.8475911999121,121.01364259980619,121.01368029974401,846.8582409997471,846.8637111997232,846.8637111997232,,,847.8489203997888,stimuli/box_coin_transparent.png,122.01496879989281,122.0150059000589,847.8490212000906,847.8626280999742,851.3625717000104,851.3456079997122,125.51163889979944,,,,,,,,,,,,,,,,,44444,right,no,None,2025-05-15_09h57.44.615,RL_out-of-scanner,2024.2.4,59.53794966579882,2025-05-15 09h57.59.412237 -0500,
26,0,26,space,12.366996699944139,None,5,2.527186000254005,None,125.51309309992939,j,0.27314370032399893,None,None,125.81318469997495,125.81351549969986,126.31218629982322,126.31222949968651,127.31289589963853,127.31293589994311,130.8115089996718,,,,,,,2,0,2,0,26,0,26,0,851.3625717000104,,,,,,,,,,,,,,,,,,,,,,,,,,,,,,125.51309309992939,851.3471070998348,851.3625717000104,851.3625717000104,851.3625717000104,851.3625717000104,851.6471118000336,j,0.27314370032399893,None,left,1,7,5,6,85,15,None,125.81318469997495,125.81351549969986,851.647530300077,851.6625008000992,851.6625008000992,852.1628809999675,852.1628809999675,852.1461306000128,126.31218629982322,126.31222949968651,852.1566034997813,852.1628809999675,852.1628809999675,,,853.1468543997034,stimuli/box_coin_transparent.png,127.31289589963853,127.31293589994311,853.1469688997604,853.1621846999042,856.6621471000835,856.6454662997276,130.8115089996718,,,,,,,,,,,,,,,,,44444,right,no,None,2025-05-15_09h57.44.615,RL_out-of-scanner,2024.2.4,59.53794966579882,2025-05-15 09h57.59.412237 -0500,
27,0,27,space,12.366996699944139,None,5,2.527186000254005,None,130.81349999969825,j,0.26078199967741966,None,None,131.09627719968557,131.09656529966742,132.59558029985055,132.59561569988728,133.61164860008284,133.61169079970568,134.6125468998216,,,,,,,2,0,2,0,27,0,27,0,856.6621471000835,,,,,,,,,,,,,,,,,,,,,,,,,,,,,,130.81349999969825,856.6475201998837,856.6621471000835,856.6621471000835,856.6621471000835,856.6621471000835,856.9302044999786,j,0.26078199967741966,None,left,0,7,5,6,86,15,None,131.09627719968557,131.09656529966742,856.9305774001405,856.9456452000886,856.9456452000886,858.4467613999732,858.4467613999732,858.4295318997465,132.59558029985055,132.59561569988728,858.4379909001291,858.4467613999732,858.4467613999732,,,859.445603699889,stimuli/box_empty_transparent.png,133.61164860008284,133.61169079970568,859.4457141999155,859.461603899952,860.4630390997045,860.4465159000829,134.6125468998216,,,,,,,,,,,,,,,,,44444,right,no,None,2025-05-15_09h57.44.615,RL_out-of-scanner,2024.2.4,59.53794966579882,2025-05-15 09h57.59.412237 -0500,
28,0,28,space,12.366996699944139,None,5,2.527186000254005,None,134.61401809984818,k,0.22443020017817616,None,None,134.8626796999015,134.86293340008706,135.8620997997932,135.8621376999654,136.8626862000674,136.8627180000767,140.3613932998851,,,,,,,2,0,2,0,28,0,28,0,860.4630390997045,,,,,,,,,,,,,,,,,,,,,,,,,,,,,,134.61401809984818,860.4480320001021,860.4630390997045,860.4630390997045,860.4630390997045,860.4630390997045,860.6965676997788,k,0.22443020017817616,None,left,0,7,5,6,86,15,None,134.8626796999015,134.86293340008706,860.6969447000884,860.7124546999112,860.7124546999112,861.712768800091,861.712768800091,861.6960478001274,135.8620997997932,135.8621376999654,861.7046356997453,861.712768800091,861.712768800091,862.7115540001541,862.7115540001541,862.6966523998417,stimuli/box_empty_transparent.png,136.8626862000674,136.8627180000767,862.6967281997204,862.7115540001541,866.2119859000668,866.1953632999212,140.3613932998851,,,,,,,,,,,,,,,,,44444,right,no,None,2025-05-15_09h57.44.615,RL_out-of-scanner,2024.2.4,59.53794966579882,2025-05-15 09h57.59.412237 -0500,
29,0,29,space,12.366996699944139,None,5,2.527186000254005,None,140.36287379963323,j,0.32583289965987206,None,None,140.71277479967102,140.71312909992412,142.71173470001668,142.71177899977192,143.71191899990663,143.71195290004835,144.727695599664,,,,,,,2,0,2,0,29,0,29,0,866.2119859000668,,,,,,,,,,,,,,,,,,,,,,,,,,,,,,140.36287379963323,866.1968872998841,866.2119859000668,866.2119859000668,866.2119859000668,866.2119859000668,866.5466796001419,j,0.32583289965987206,None,left,1,7,6,6,87,16,None,140.71277479967102,140.71312909992412,866.5471423999406,866.5620837998576,866.5620837998576,868.5631106998771,868.5631106998771,868.5456787999719,142.71173470001668,142.71177899977192,868.5580323999748,868.5631106998771,868.5631106998771,,,869.5458732997067,stimuli/box_coin_transparent.png,143.71191899990663,143.71195290004835,869.5459662997164,869.5624025999568,870.5785737000406,870.56166259991,144.727695599664,,,,,,,,,,,,,,,,,44444,right,no,None,2025-05-15_09h57.44.615,RL_out-of-scanner,2024.2.4,59.53794966579882,2025-05-15 09h57.59.412237 -0500,
30,0,30,space,12.366996699944139,None,5,2.527186000254005,None,144.72943619964644,k,0.2629568004049361,None,None,145.01242759963498,145.01273029996082,146.0122130997479,146.012258999981,147.0116717000492,147.0117072998546,148.01114040007815,,,,,,,2,0,2,0,30,0,30,0,870.5785737000406,,,,,,,,,,,,,,,,,,,,,,,,,,,,,,144.72943619964644,870.5634574000724,870.5785737000406,870.5785737000406,870.5785737000406,870.5785737000406,870.8463403000496,k,0.2629568004049361,None,left,1,7,6,6,87,16,None,145.01242759963498,145.01273029996082,870.846748100128,870.8619313999079,870.8619313999079,871.8623305000365,871.8623305000365,871.8461532997899,146.0122130997479,146.012258999981,871.8553812997416,871.8623305000365,871.8623305000365,872.8615413997322,872.8615413997322,872.8456342997961,stimuli/box_empty_transparent.png,147.0116717000492,147.0117072998546,872.8457232997753,872.8615413997322,873.8619467001408,873.8450914998539,148.01114040007815,,,,,,,,,,,,,,,,,44444,right,no,None,2025-05-15_09h57.44.615,RL_out-of-scanner,2024.2.4,59.53794966579882,2025-05-15 09h57.59.412237 -0500,
31,0,31,space,12.366996699944139,None,5,2.527186000254005,None,148.01287849992514,j,0.4537345003336668,None,None,148.49624060001224,148.49655939964578,151.4950783997774,151.49511589994654,152.49559729965404,152.49564679991454,155.01162600005046,,,,,,,2,0,2,0,31,0,31,0,873.8619467001408,,,,,,,,,,,,,,,,,,,,,,,,,,,,,,148.01287849992514,873.8468985999934,873.8619467001408,873.8619467001408,873.8619467001408,873.8619467001408,874.3301677000709,j,0.4537345003336668,None,left,0,7,6,6,88,16,None,148.49624060001224,148.49655939964578,874.3305715997703,874.3450273000635,874.3450273000635,877.3452944001183,877.3452944001183,877.3290174999274,151.4950783997774,151.49511589994654,877.3375237998553,877.3452944001183,877.3452944001183,878.3455158998258,878.3455158998258,878.3295581997372,stimuli/box_empty_transparent.png,152.49559729965404,152.49564679991454,878.3296644999646,878.3455158998258,880.8617418999784,880.8455897998065,155.01162600005046,,,,,,,,,,,,,,,,,44444,right,no,None,2025-05-15_09h57.44.615,RL_out-of-scanner,2024.2.4,59.53794966579882,2025-05-15 09h57.59.412237 -0500,
32,0,32,space,12.366996699944139,None,5,2.527186000254005,None,155.01329899998382,j,0.3011246998794377,None,None,155.34546329965815,155.34576589986682,156.34465869981796,156.3446931000799,157.34462039964274,157.34465730004013,158.34402909968048,,,,,,,2,0,2,0,32,0,32,0,880.8617418999784,,,,,,,,,,,,,,,,,,,,,,,,,,,,,,155.01329899998382,880.847312099766,880.8617418999784,880.8617418999784,880.8617418999784,880.8617418999784,881.1793903997168,j,0.3011246998794377,None,left,1,7,7,6,89,17,None,155.34546329965815,155.34576589986682,881.1797787998803,881.1951727000996,881.1951727000996,882.1954363998957,882.1954363998957,882.1786102000624,156.34465869981796,156.3446931000799,882.1891684001312,882.1954363998957,882.1954363998957,883.1944204000756,883.1944204000756,883.1785828997381,stimuli/box_coin_transparent.png,157.34462039964274,157.34465730004013,883.1786742997356,883.1944204000756,884.1947125997394,884.1779988999479,158.34402909968048,,,,,,,,,,,,,,,,,44444,right,no,None,2025-05-15_09h57.44.615,RL_out-of-scanner,2024.2.4,59.53794966579882,2025-05-15 09h57.59.412237 -0500,
33,0,33,space,12.366996699944139,None,5,2.527186000254005,None,158.34557799994946,k,0.29622549982741475,None,None,158.66196329984814,158.6622645999305,160.66168650006875,160.661730799824,161.66172729991376,161.66175680002198,163.16092169983312,,,,,,,2,0,2,0,33,0,33,0,884.1947125997394,,,,,,,,,,,,,,,,,,,,,,,,,,,,,,158.34557799994946,884.1795919998549,884.1947125997394,884.1947125997394,884.1947125997394,884.1947125997394,884.495875199791,k,0.29622549982741475,None,right,1,9,1,7,90,18,None,158.66196329984814,158.6622645999305,884.4962832001038,884.511448699981,884.511448699981,886.5118883000687,886.5118883000687,886.495630200021,160.66168650006875,160.661730799824,886.5062815998681,886.5118883000687,886.5118883000687,887.5109651000239,887.5109651000239,887.4956951998174,stimuli/box_coin_transparent.png,161.66172729991376,161.66175680002198,887.4957658997737,887.5109651000239,889.0122103998438,888.9948907997459,163.16092169983312,,,,,,,,,,,,,,,,,44444,right,no,None,2025-05-15_09h57.44.615,RL_out-of-scanner,2024.2.4,59.53794966579882,2025-05-15 09h57.59.412237 -0500,
34,0,34,space,12.366996699944139,None,5,2.527186000254005,None,163.16235709981993,k,0.28923070011660457,None,None,163.4785160999745,163.47875159978867,166.47858739970252,166.4786246996373,167.4777917000465,167.47782750008628,169.97790349973366,,,,,,,2,0,2,0,34,0,34,0,889.0122103998438,,,,,,,,,,,,,,,,,,,,,,,,,,,,,,163.16235709981993,888.9963716999628,889.0122103998438,889.0122103998438,889.0122103998438,889.0122103998438,889.3124444000423,k,0.28923070011660457,None,right,0,9,1,7,91,18,None,163.4785160999745,163.47875159978867,889.3127629999071,889.3290002997965,889.3290002997965,892.3282751999795,892.3282751999795,892.3125277999789,166.47858739970252,166.4786246996373,892.3207086999901,892.3282751999795,892.3282751999795,893.3272795998491,893.3272795998491,893.3117547999136,stimuli/box_empty_transparent.png,167.4777917000465,167.47782750008628,893.311843500007,893.3272795998491,895.8288763999008,895.8118691998534,169.97790349973366,,,,,,,,,,,,,,,,,44444,right,no,None,2025-05-15_09h57.44.615,RL_out-of-scanner,2024.2.4,59.53794966579882,2025-05-15 09h57.59.412237 -0500,
35,0,35,space,12.366996699944139,None,5,2.527186000254005,None,169.97968819970265,j,0.3321998002938926,None,None,170.32891869964078,170.32926779985428,171.82822899986058,171.82828249968588,172.82770209992304,172.82773259980604,173.82733009988442,,,,,,,2,0,2,0,35,0,35,0,895.8288763999008,,,,,,,,,,,,,,,,,,,,,,,,,,,,,,169.97968819970265,895.8137030000798,895.8288763999008,895.8288763999008,895.8288763999008,895.8288763999008,896.1628467999399,j,0.3321998002938926,None,right,0,9,1,7,91,18,None,170.32891869964078,170.32926779985428,896.1632819999941,896.1779164997861,896.1779164997861,897.6782275000587,897.6782275000587,897.6621722998098,171.82822899986058,171.82828249968588,897.6710055000149,897.6782275000587,897.6782275000587,898.6773800998926,898.6773800998926,898.66166790016,stimuli/box_empty_transparent.png,172.82770209992304,172.82773259980604,898.6617426997982,898.6773800998926,899.6780644999817,899.6612995998003,173.82733009988442,,,,,,,,,,,,,,,,,44444,right,no,None,2025-05-15_09h57.44.615,RL_out-of-scanner,2024.2.4,59.53794966579882,2025-05-15 09h57.59.412237 -0500,
36,0,36,space,12.366996699944139,None,5,2.527186000254005,None,173.8289556996897,j,0.29025649977847934,None,None,174.14628699980676,174.146614999976,175.6451248996891,175.64516949979588,176.6445063999854,176.64454709971324,180.16008309973404,,,,,,,2,0,2,0,36,0,36,0,899.6780644999817,,,,,,,,,,,,,,,,,,,,,,,,,,,,,,173.8289556996897,899.6629840000533,899.6780644999817,899.6780644999817,899.6780644999817,899.6780644999817,899.9802116998471,j,0.29025649977847934,None,right,0,9,1,7,91,18,None,174.14628699980676,174.146614999976,899.9806272001006,899.9944639997557,899.9944639997557,901.4946838999167,901.4946838999167,901.4790687998757,175.6451248996891,175.64516949979588,901.487870299723,901.4946838999167,901.4946838999167,902.494958799798,902.494958799798,902.4784659999423,stimuli/box_empty_transparent.png,176.6445063999854,176.64454709971324,902.4785694000311,902.494958799798,906.0110307000577,905.994049699977,180.16008309973404,,,,,,,,,,,,,,,,,44444,right,no,None,2025-05-15_09h57.44.615,RL_out-of-scanner,2024.2.4,59.53794966579882,2025-05-15 09h57.59.412237 -0500,
37,0,37,space,12.366996699944139,None,5,2.527186000254005,None,180.16236250009388,k,0.5063741002231836,None,None,180.695398400072,180.69568130001426,182.693956699688,182.69399339985102,183.69477029982954,183.69483330007643,184.71088079968467,,,,,,,2,0,2,0,37,0,37,0,906.0110307000577,,,,,,,,,,,,,,,,,,,,,,,,,,,,,,180.16236250009388,905.9963845997117,906.0110307000577,906.0110307000577,906.0110307000577,906.0110307000577,906.5293263001367,k,0.5063741002231836,None,right,1,9,2,7,92,19,None,180.695398400072,180.69568130001426,906.529696200043,906.5442935000174,906.5442935000174,908.5445361998864,908.5445361998864,908.5279079996981,182.693956699688,182.69399339985102,908.538321999833,908.5445361998864,908.5445361998864,909.5446822000667,909.5446822000667,909.5287302001379,stimuli/box_coin_transparent.png,183.69477029982954,183.69483330007643,909.5288613000885,909.5446822000667,910.5609423997812,910.5448394999839,184.71088079968467,,,,,,,,,,,,,,,,,44444,right,no,None,2025-05-15_09h57.44.615,RL_out-of-scanner,2024.2.4,59.53794966579882,2025-05-15 09h57.59.412237 -0500,
38,0,38,space,12.366996699944139,None,5,2.527186000254005,None,184.71309989970177,k,1.0967957000248134,None,None,185.82886289991438,185.82912130001932,186.8268883000128,186.82692919997498,187.8270788998343,187.82711330009624,189.32651149993762,,,,,,,2,0,2,0,38,0,38,0,910.5609423997812,,,,,,,,,,,,,,,,,,,,,,,,,,,,,,184.71309989970177,910.5471187001094,910.5609423997812,910.5609423997812,910.5609423997812,910.5609423997812,911.6627890998498,k,1.0967957000248134,None,right,1,9,3,7,93,20,None,185.82886289991438,185.82912130001932,911.6631339997984,911.677900900133,911.677900900133,912.6776955998503,912.6776955998503,912.6608400000259,186.8268883000128,186.82692919997498,912.6722570997663,912.6776955998503,912.6776955998503,913.6768962997012,913.6768962997012,913.6610415000468,stimuli/box_coin_transparent.png,187.8270788998343,187.82711330009624,913.6611282997765,913.6768962997012,915.177278699819,915.16047659982,189.32651149993762,,,,,,,,,,,,,,,,,44444,right,no,None,2025-05-15_09h57.44.615,RL_out-of-scanner,2024.2.4,59.53794966579882,2025-05-15 09h57.59.412237 -0500,
39,0,39,space,12.366996699944139,None,5,2.527186000254005,None,189.32803819980472,k,0.30290549993515015,None,None,189.66128859994933,189.66154369991273,190.660261800047,190.66029729973525,191.66071529965848,191.66074879979715,192.65966629981995,,,,,,,2,0,2,0,39,0,39,0,915.177278699819,,,,,,,,,,,,,,,,,,,,,,,,,,,,,,189.32803819980472,915.1620537997223,915.177278699819,915.177278699819,915.177278699819,915.177278699819,915.4952181000262,k,0.30290549993515015,None,right,1,9,4,7,94,21,None,189.66128859994933,189.66154369991273,915.4955556998029,915.5106814000756,915.5106814000756,916.5109172998928,916.5109172998928,916.494214199949,190.660261800047,190.66029729973525,916.5045873997733,916.5109172998928,916.5109172998928,,,917.4946777997538,stimuli/box_coin_transparent.png,191.66071529965848,191.66074879979715,917.4947631000541,917.5099574001506,918.5105125997216,918.4936338998377,192.65966629981995,,,,,,,,,,,,,,,,,44444,right,no,None,2025-05-15_09h57.44.615,RL_out-of-scanner,2024.2.4,59.53794966579882,2025-05-15 09h57.59.412237 -0500,
40,0,40,space,12.366996699944139,None,5,2.527186000254005,None,192.66146569978446,k,0.2827800000086427,None,None,192.9613741999492,192.96165709989145,194.4605966997333,194.46064809989184,195.4600649997592,195.46010159980506,196.45963290007785,,,,,,,2,0,2,0,40,0,40,0,918.5105125997216,,,,,,,,,,,,,,,,,,,,,,,,,,,,,,192.66146569978446,918.4954813998193,918.5105125997216,918.5105125997216,918.5105125997216,918.5105125997216,918.7953027999029,k,0.2827800000086427,None,right,0,9,4,7,95,21,None,192.9613741999492,192.96165709989145,918.7956710997969,918.8105047997087,918.8105047997087,920.3108292999677,920.3108292999677,920.294541399926,194.4605966997333,194.46064809989184,920.3026366000995,920.3108292999677,920.3108292999677,921.3098637000658,921.3098637000658,921.2940269997343,stimuli/box_empty_transparent.png,195.4600649997592,195.46010159980506,921.2941187997349,921.3098637000658,922.3101606997661,922.2935945997015,196.45963290007785,,,,,,,,,,,,,,,,,44444,right,no,None,2025-05-15_09h57.44.615,RL_out-of-scanner,2024.2.4,59.53794966579882,2025-05-15 09h57.59.412237 -0500,
41,0,41,space,12.366996699944139,None,5,2.527186000254005,None,196.46186310006306,k,0.35215699998661876,None,None,196.8444026997313,196.84473129967228,197.84348389972,197.84352759970352,198.84337599994615,198.84340710006654,201.85942719969898,,,,,,,2,0,2,0,41,0,41,0,922.3101606997661,,,,,,,,,,,,,,,,,,,,,,,,,,,,,,196.46186310006306,922.2958911997266,922.3101606997661,922.3101606997661,922.3101606997661,922.3101606997661,922.6783115998842,k,0.35215699998661876,None,right,1,9,5,7,96,22,None,196.8444026997313,196.84473129967228,922.6787493997253,922.6938378997147,922.6938378997147,923.6940707000904,923.6940707000904,923.6774241998792,197.84348389972,197.84352759970352,923.6872473000549,923.6940707000904,923.6940707000904,924.6949640000239,924.6949640000239,924.6773421997204,stimuli/box_coin_transparent.png,198.84337599994615,198.84340710006654,924.6774165998213,924.6949640000239,927.7102099000476,927.6933964998461,201.85942719969898,,,,,,,,,,,,,,,,,44444,right,no,None,2025-05-15_09h57.44.615,RL_out-of-scanner,2024.2.4,59.53794966579882,2025-05-15 09h57.59.412237 -0500,
42,0,42,space,12.366996699944139,None,5,2.527186000254005,None,201.86095899995416,k,0.3443841999396682,None,None,202.22741109970957,202.22776270005852,204.22682600002736,204.22686919989064,205.2270728996955,205.22710789972916,208.72639739979059,,,,,,,2,0,2,0,42,0,42,0,927.7102099000476,,,,,,,,,,,,,,,,,,,,,,,,,,,,,,201.86095899995416,927.6949748997577,927.7102099000476,927.7102099000476,927.7102099000476,927.7102099000476,928.0613083997741,k,0.3443841999396682,None,right,0,9,5,7,97,22,None,202.22741109970957,202.22776270005852,928.0617868998088,928.0767568997107,928.0767568997107,930.0772842997685,930.0772842997685,930.0607683998533,204.22682600002736,204.22686919989064,930.0690256999806,930.0772842997685,930.0772842997685,931.0773944999091,931.0773944999091,931.0610353997909,stimuli/box_empty_transparent.png,205.2270728996955,205.22710789972916,931.0611219001003,931.0773944999091,934.5768101001158,934.560367600061,208.72639739979059,,,,,,,,,,,,,,,,,44444,right,no,None,2025-05-15_09h57.44.615,RL_out-of-scanner,2024.2.4,59.53794966579882,2025-05-15 09h57.59.412237 -0500,
43,0,43,space,12.366996699944139,None,5,2.527186000254005,None,208.72797229979187,j,0.4416608000174165,None,None,209.19514480000362,209.19550339970738,210.19323199987411,210.193267500028,211.1936086998321,211.19364479975775,213.19282920006663,,,,,,,2,0,2,0,43,0,43,0,934.5768101001158,,,,,,,,,,,,,,,,,,,,,,,,,,,,,,208.72797229979187,934.5619859998114,934.5768101001158,934.5768101001158,934.5768101001158,934.5768101001158,935.029071399942,j,0.4416608000174165,None,right,0,9,5,7,97,22,None,209.19514480000362,209.19550339970738,935.0295172999613,935.0434897998348,935.0434897998348,936.0438890000805,936.0438890000805,936.0271777999587,210.19323199987411,210.193267500028,936.035757499747,936.0438890000805,936.0438890000805,,,937.0275624999776,stimuli/box_empty_transparent.png,211.1936086998321,211.19364479975775,937.0276576997712,937.0429730000906,939.0436336998828,939.026793200057,213.19282920006663,,,,,,,,,,,,,,,,,44444,right,no,None,2025-05-15_09h57.44.615,RL_out-of-scanner,2024.2.4,59.53794966579882,2025-05-15 09h57.59.412237 -0500,
44,0,44,space,12.366996699944139,None,5,2.527186000254005,None,213.19480679975823,k,0.2507350002415478,None,None,213.47690539993346,213.47715230006725,215.97643709974363,215.97647779993713,216.97624860005453,216.9762824997306,218.97595149977133,,,,,,,2,0,2,0,44,0,44,0,939.0436336998828,,,,,,,,,,,,,,,,,,,,,,,,,,,,,,213.19480679975823,939.028831999749,939.0436336998828,939.0436336998828,939.0436336998828,939.0436336998828,939.3108322001062,k,0.2507350002415478,None,right,1,9,6,7,98,23,None,213.47690539993346,213.47715230006725,939.3111640000716,939.3271979000419,939.3271979000419,941.8269712999463,941.8269712999463,941.8103835997172,215.97643709974363,215.97647779993713,941.8204127000645,941.8269712999463,941.8269712999463,942.8269214997999,942.8269214997999,942.8102095001377,stimuli/box_coin_transparent.png,216.97624860005453,216.9762824997306,942.8102925000712,942.8269214997999,944.8264377000742,944.8099136999808,218.97595149977133,,,,,,,,,,,,,,,,,44444,right,no,None,2025-05-15_09h57.44.615,RL_out-of-scanner,2024.2.4,59.53794966579882,2025-05-15 09h57.59.412237 -0500,
45,0,45,space,12.366996699944139,None,5,2.527186000254005,None,218.97822769964114,k,0.4799194000661373,None,None,219.47733259992674,219.47758749965578,220.48470549983904,220.4847472999245,221.48439159989357,221.48442679969594,222.50124590005726,,,,,,,2,0,2,0,45,0,45,0,944.8264377000742,,,,,,,,,,,,,,,,,,,,,,,,,,,,,,218.97822769964114,944.8122553001158,944.8264377000742,944.8264377000742,944.8264377000742,944.8264377000742,945.3112583998591,k,0.4799194000661373,None,right,1,9,7,7,99,24,None,219.47733259992674,219.47758749965578,945.3115989998914,945.3267296999693,945.3267296999693,946.3350825998932,946.3350825998932,946.3186502000317,220.48470549983904,220.4847472999245,946.3297830997035,946.3350825998932,946.3350825998932,947.3352311998606,947.3352311998606,947.3183551998809,stimuli/box_coin_transparent.png,221.48439159989357,221.48442679969594,947.318440800067,947.3352311998606,948.3512130999006,948.3352125999518,222.50124590005726,,,,,,,,,,,,,,,,,44444,right,no,None,2025-05-15_09h57.44.615,RL_out-of-scanner,2024.2.4,59.53794966579882,2025-05-15 09h57.59.412237 -0500,
46,0,46,space,12.366996699944139,None,5,2.527186000254005,None,222.50301750004292,k,0.29315520031377673,None,None,222.81838870001957,222.81868939986452,224.81805279990658,224.81810769997537,225.83422499988228,225.8342561996542,226.833699000068,,,,,,,2,0,2,0,46,0,46,0,948.3512130999006,,,,,,,,,,,,,,,,,,,,,,,,,,,,,,222.50301750004292,948.337037099991,948.3512130999006,948.3512130999006,948.3512130999006,948.3512130999006,948.652299599722,k,0.29315520031377673,None,right,1,9,8,7,100,25,None,222.81838870001957,222.81868939986452,948.652719900012,948.6680847001262,948.6680847001262,950.6710668997839,950.6710668997839,950.6519832997583,224.81805279990658,224.81810769997537,950.6651702998206,950.6710668997839,950.6710668997839,,,951.6681909998879,stimuli/box_coin_transparent.png,225.83422499988228,225.8342561996542,951.6682661999948,951.683915999718,952.6850908999331,952.6676680999808,226.833699000068,,,,,,,,,,,,,,,,,44444,right,no,None,2025-05-15_09h57.44.615,RL_out-of-scanner,2024.2.4,59.53794966579882,2025-05-15 09h57.59.412237 -0500,
47,0,47,space,12.366996699944139,None,5,2.527186000254005,None,226.83518479997292,k,0.42560030007734895,None,None,227.2851514997892,227.28545379964635,230.28438099985942,230.28441759990528,231.28493750002235,231.28496999992058,232.78410930000246,,,,,,,2,0,2,0,47,0,47,0,952.6850908999331,,,,,,,,,,,,,,,,,,,,,,,,,,,,,,226.83518479997292,952.6691988999955,952.6850908999331,952.6850908999331,952.6850908999331,952.6850908999331,953.1190406000242,k,0.42560030007734895,None,right,1,9,9,7,101,26,None,227.2851514997892,227.28545379964635,953.1194732999429,953.1349599999376,953.1349599999376,956.1356814997271,956.1356814997271,956.1183265997097,230.28438099985942,230.28441759990528,956.1301335999742,956.1356814997271,956.1356814997271,957.1338888998143,957.1338888998143,957.1189027000219,stimuli/box_coin_transparent.png,231.28493750002235,231.28496999992058,957.118979900144,957.1338888998143,958.6342672999017,958.6180698997341,232.78410930000246,,,,,,,,,,,,,,,,,44444,right,no,None,2025-05-15_09h57.44.615,RL_out-of-scanner,2024.2.4,59.53794966579882,2025-05-15 09h57.59.412237 -0500,
48,0,48,space,12.366996699944139,None,5,2.527186000254005,None,232.7856394997798,k,0.2876850999891758,None,None,233.10180469974875,233.10206709988415,234.60171999968588,234.60175850009546,235.60085389995947,235.60088909976184,239.10007030004635,,,,,,,2,0,2,0,48,0,48,0,958.6342672999017,,,,,,,,,,,,,,,,,,,,,,,,,,,,,,232.7856394997798,958.6196538000368,958.6342672999017,958.6342672999017,958.6342672999017,958.6342672999017,958.9357320000418,k,0.2876850999891758,None,left,1,8,0,8,101,26,None,233.10180469974875,233.10206709988415,958.9360782001168,958.9511572998017,958.9511572998017,960.4514713999815,960.4514713999815,960.4356677997857,234.60171999968588,234.60175850009546,960.4440754000098,960.4514713999815,960.4514713999815,961.4508258998394,961.4508258998394,961.4348150999285,stimuli/box_empty_transparent.png,235.60085389995947,235.60088909976184,961.4349058000371,961.4508258998394,964.9509803000838,964.9340369999409,239.10007030004635,,,,,,,,,,,,,,,,,44444,right,no,None,2025-05-15_09h57.44.615,RL_out-of-scanner,2024.2.4,59.53794966579882,2025-05-15 09h57.59.412237 -0500,
49,0,49,space,12.366996699944139,None,5,2.527186000254005,None,239.10165649978444,j,0.30159550020471215,None,None,239.43493819981813,239.4352787998505,240.93441289989278,240.9344549998641,241.93386380001903,241.9339004997164,241.9343245998025,,,,,,,2,0,2,0,49,0,49,0,964.9509803000838,,,,,,,,,,,,,,,,,,,,,,,,,,,,,,239.10165649978444,964.9356709001586,964.9509803000838,964.9509803000838,964.9509803000838,964.9509803000838,965.2688632998616,j,0.30159550020471215,None,left,1,8,1,8,102,27,None,239.43493819981813,239.4352787998505,965.2692915000953,965.2850739997812,965.2850739997812,966.7844622000121,966.7844622000121,966.7683574999683,240.93441289989278,240.9344549998641,966.7784323999658,966.7844622000121,966.7844622000121,967.7839502999559,967.7839502999559,967.7678278000094,stimuli/box_coin_transparent.png,241.93386380001903,241.9339004997164,967.7679161997512,967.7839502999559,967.7839502999559,967.7682811999694,241.9343245998025,,,,,,,,,,,,,,,,,44444,right,no,None,2025-05-15_09h57.44.615,RL_out-of-scanner,2024.2.4,59.53794966579882,2025-05-15 09h57.59.412237 -0500,
2,0,2,space,12.366996699944139,None,5,2.527186000254005,None,,,,,,,,,,,,,,,,,,,2,0,2,0,,,,,,,,,,,,,,,,,,,,,,,,,,,,,,,,,,,,,,,,,,,,,,,,,,,,,,,,,,,,,,,,,,,,,,,,,,,,,,,,,,,967.7794765001163,967.7839502999559,971.768769599963,971.7688160999678,971.7839655997232,1029.2825480001047,1029.2661586999893,971.7839655997232,,,44444,right,no,None,2025-05-15_09h57.44.615,RL_out-of-scanner,2024.2.4,59.53794966579882,2025-05-15 09h57.59.412237 -0500,
,,,,,,,,,,,,,,,,,,,,,,,,,,,,,,,,,,,,,,,,,,,,,,,,,,,,,,,,,,,,,,,,,,,,,,,,,,,,,,,,,,,,,,,,,,,,,,,,,,,,,,,,,,,,,,,,,,,,,,,,,1029.2662725998089,1029.2665291000158,44444,right,no,None,2025-05-15_09h57.44.615,RL_out-of-scanner,2024.2.4,59.53794966579882,2025-05-15 09h57.59.412237 -0500,
