thisN,thisTrialN,thisRepN,advance_press.keys,advance_press.rt,advance_press.duration,trigger_value.keys,trigger_value.rt,trigger_value.duration,cueOnTime,cue_resp.keys,cue_resp.rt,cue_resp.duration,all_keys.keys,cueOffTime,cueRespOnTime,cueRespOffTime,outcomeOnTime,outcomeOffTime,fixOnTime,fixOffTime,practice_loop.thisRepN,practice_loop.thisTrialN,practice_loop.thisN,practice_loop.thisIndex,runs.thisRepN,runs.thisTrialN,runs.thisN,runs.thisIndex,trials.thisRepN,trials.thisTrialN,trials.thisN,trials.thisIndex,thisRow.t,notes,prac_dir.started,welcome_text.started,advance_press_pd.started,prac_dir.stopped,advance_press_pd.keys,advance_press_pd.rt,advance_press_pd.duration,summary_instructions.started,summary_text.started,advance_to_runs.started,summary_instructions.stopped,advance_to_runs.keys,advance_to_runs.rt,advance_to_runs.duration,get_ready.started,get_ready_text.started,advance_press.started,get_ready.stopped,runs.advance_press.keys,runs.advance_press.rt,runs.advance_press.duration,scanner_trigger.started,scanner_text.started,trigger_value.started,scanner_trigger.stopped,runs.trigger_value.keys,runs.trigger_value.rt,runs.trigger_value.duration,trials.cueOnTime,cue.started,left_box.started,right_box.started,cue_resp.started,all_keys.started,cue.stopped,trials.cue_resp.keys,trials.cue_resp.rt,trials.cue_resp.duration,good_side,probability_sequence_value,magic_number,num_rewarded,num_switch,total_correct,num_gold_coins,trials.all_keys.keys,trials.cueOffTime,trials.cueRespOnTime,cue_response.started,left_box_response.started,right_box_response.started,left_box_response.stopped,right_box_response.stopped,cue_response.stopped,trials.cueRespOffTime,trials.outcomeOnTime,outcome.started,outcome_left_box.started,outcome_right_box.started,outcome_left_box.stopped,outcome_right_box.stopped,outcome.stopped,outcome_image,trials.outcomeOffTime,trials.fixOnTime,fixation.started,fixation_cross.started,fixation_cross.stopped,fixation.stopped,trials.fixOffTime,run_feedback.started,coins_won_text.started,run_feedback.stopped,leftover_time_break.started,fixation_end.started,fixation_end.stopped,leftover_time_break.stopped,end_exp.started,end_exp.stopped,participant,handedness,practice,restart_from_run,date,expName,psychopyVersion,frameRate,expStart,
,,,,,,,,,,,,,,,,,,,,,,,,,,,,,,,,,,,0.031229099724441767,0.036816599778831005,0.036816599778831005,8.122379699721932,j,8.07204610016197,None,,,,,,,,,,,,,,,,,,,,,,,,,,,,,,,,,,,,,,,,,,,,,,,,,,,,,,,,,,,,,,,,,,,,,,,,,444444,right,no,None,2025-05-15_10h15.20.647,RL_out-of-scanner,2024.2.4,59.32785113293065,2025-05-15 10h15.34.855566 -0500,
,,,,,,,,,,,,,,,,,,,,,,,,,,,,,,,,,,,,,,,,,,8.122680999804288,8.131561500020325,8.131561500020325,10.131682499777526,j,1.9888671999797225,None,,,,,,,,,,,,,,,,,,,,,,,,,,,,,,,,,,,,,,,,,,,,,,,,,,,,,,,,,,,,,,,,,,444444,right,no,None,2025-05-15_10h15.20.647,RL_out-of-scanner,2024.2.4,59.32785113293065,2025-05-15 10h15.34.855566 -0500,
0,0,0,space,3.0486411000601947,None,5,1.207768699619919,None,0.0025645997375249863,k,0.9076915001496673,None,None,0.9353700000792742,0.935631999745965,1.9343759999610484,1.934411899652332,2.9344246997497976,2.9344649999402463,4.933310899883509,,,,,0,0,0,0,0,0,0,0,14.447669500019401,,,,,,,,,,,,,,,,10.13206319976598,10.147340300027281,10.147340300027281,13.19882160006091,space,3.0486411000601947,None,13.198898199945688,13.21430019987747,13.21430019987747,14.43141319975257,5,1.207768699619919,None,0.0025645997375249863,14.43406519992277,14.447669500019401,14.447669500019401,14.447669500019401,14.447669500019401,15.366747399792075,k,0.9076915001496673,None,right,1,12,1,0,1,1,None,0.9353700000792742,0.935631999745965,15.367122499737889,15.381448099855334,15.381448099855334,16.3825686997734,16.3825686997734,16.365802600048482,1.9343759999610484,1.934411899652332,16.375820399727672,16.3825686997734,16.3825686997734,17.381222600117326,17.381222600117326,17.365864099934697,stimuli/box_coin_transparent.png,2.9344246997497976,2.9344649999402463,17.36595659982413,17.381222600117326,19.381895000115037,19.364754799753428,4.933310899883509,,,,,,,,,,444444,right,no,None,2025-05-15_10h15.20.647,RL_out-of-scanner,2024.2.4,59.32785113293065,2025-05-15 10h15.34.855566 -0500,
1,0,1,space,3.0486411000601947,None,5,1.207768699619919,None,4.935085999779403,k,0.3604540000669658,None,None,5.3172408998943865,5.317609800025821,6.817387300077826,6.8174314997158945,7.817434299737215,7.81746709998697,9.316596999764442,,,,,0,0,0,0,1,0,1,0,19.381895000115037,,,,,,,,,,,,,,,,,,,,,,,,,,,,,,4.935085999779403,19.366584399715066,19.381895000115037,19.381895000115037,19.381895000115037,19.381895000115037,19.74861910007894,k,0.3604540000669658,None,right,0,12,1,0,2,1,None,5.3172408998943865,5.317609800025821,19.749115400016308,19.764058799948543,19.764058799948543,21.264517900068313,21.264517900068313,21.24880910012871,6.817387300077826,6.8174314997158945,21.257160800043494,21.264517900068313,21.264517900068313,22.26462069991976,22.26462069991976,22.248878499958664,stimuli/box_empty_transparent.png,7.817434299737215,7.81746709998697,22.248953700065613,22.26462069991976,23.764934599865228,23.74804379977286,9.316596999764442,,,,,,,,,,444444,right,no,None,2025-05-15_10h15.20.647,RL_out-of-scanner,2024.2.4,59.32785113293065,2025-05-15 10h15.34.855566 -0500,
2,0,2,space,3.0486411000601947,None,5,1.207768699619919,None,9.318299599923193,j,0.3309777998365462,None,None,9.668269400019199,9.668679699767381,10.667518799658865,10.66755749983713,11.666227299720049,11.666269899811596,14.666798999998719,,,,,0,0,0,0,2,0,2,0,23.764934599865228,,,,,,,,,,,,,,,,,,,,,,,,,,,,,,9.318299599923193,23.7497916999273,23.764934599865228,23.764934599865228,23.764934599865228,23.764934599865228,24.099658799823374,j,0.3309777998365462,None,right,0,12,1,0,2,1,None,9.668269400019199,9.668679699767381,24.100176599808037,24.115198200102895,24.115198200102895,25.11461429996416,25.11461429996416,25.098944100085646,10.667518799658865,10.66755749983713,25.10717359976843,25.11461429996416,25.11461429996416,26.11369640007615,26.11369640007615,26.097666199784726,stimuli/box_empty_transparent.png,11.666227299720049,11.666269899811596,26.09776940010488,26.11369640007615,29.114514600019902,29.09824559977278,14.666798999998719,,,,,,,,,,444444,right,no,None,2025-05-15_10h15.20.647,RL_out-of-scanner,2024.2.4,59.32785113293065,2025-05-15 10h15.34.855566 -0500,
3,0,3,space,3.0486411000601947,None,5,1.207768699619919,None,14.66840389976278,k,0.2930859997868538,None,None,14.98459539981559,14.984909299761057,16.99946969980374,16.999506999738514,18.000122199766338,18.000158600043505,19.000197699759156,,,,,0,0,0,0,3,0,3,0,29.114514600019902,,,,,,,,,,,,,,,,,,,,,,,,,,,,,,14.66840389976278,29.099896099884063,29.114514600019902,29.114514600019902,29.114514600019902,29.114514600019902,29.415983399841934,k,0.2930859997868538,None,right,1,12,2,0,3,2,None,14.98459539981559,14.984909299761057,29.416404999792576,29.431708499789238,29.431708499789238,31.447861399967223,31.447861399967223,31.43089920002967,16.99946969980374,16.999506999738514,31.441876499913633,31.447861399967223,31.447861399967223,,,32.43155469978228,stimuli/box_coin_transparent.png,18.000122199766338,18.000158600043505,32.43164870003238,32.44712990010157,33.448287199717015,33.431641600094736,19.000197699759156,,,,,,,,,,444444,right,no,None,2025-05-15_10h15.20.647,RL_out-of-scanner,2024.2.4,59.32785113293065,2025-05-15 10h15.34.855566 -0500,
4,0,4,space,3.0486411000601947,None,5,1.207768699619919,None,19.001983100082725,k,0.3194965999573469,None,None,19.35132069978863,19.35158949997276,20.350305600091815,20.350351799745113,21.350344799924642,21.35037750005722,23.865765399765223,,,,,0,0,0,0,4,0,4,0,33.448287199717015,,,,,,,,,,,,,,,,,,,,,,,,,,,,,,19.001983100082725,33.4334821999073,33.448287199717015,33.448287199717015,33.448287199717015,33.448287199717015,33.78270679991692,k,0.3194965999573469,None,right,1,12,3,0,4,3,None,19.35132069978863,19.35158949997276,33.783078900072724,33.79819320002571,33.79819320002571,34.79743989976123,34.79743989976123,34.78172199986875,20.350305600091815,20.350351799745113,34.791926899924874,34.79743989976123,34.79743989976123,35.79774620011449,35.79774620011449,35.78178949980065,stimuli/box_coin_transparent.png,21.350344799924642,21.35037750005722,35.78186520002782,35.79774620011449,38.31401519989595,38.297209499869496,23.865765399765223,,,,,,,,,,444444,right,no,None,2025-05-15_10h15.20.647,RL_out-of-scanner,2024.2.4,59.32785113293065,2025-05-15 10h15.34.855566 -0500,
5,0,5,space,3.0486411000601947,None,5,1.207768699619919,None,23.867361600045115,k,0.27915789978578687,None,None,24.166708499658853,24.167007599957287,27.666720499750227,27.66676039993763,28.682034499943256,28.682071999646723,30.68311470001936,,,,,0,0,0,0,5,0,5,0,38.31401519989595,,,,,,,,,,,,,,,,,,,,,,,,,,,,,,23.867361600045115,38.298855599947274,38.31401519989595,38.31401519989595,38.31401519989595,38.31401519989595,38.59809789992869,k,0.27915789978578687,None,right,1,12,4,0,5,4,None,24.166708499658853,24.167007599957287,38.59850369999185,38.613686999771744,38.613686999771744,42.12089229980484,42.12089229980484,42.09814349981025,27.666720499750227,27.66676039993763,42.10795520013198,42.12089229980484,42.12089229980484,,,43.11347260000184,stimuli/box_coin_transparent.png,28.682034499943256,28.682071999646723,43.11356659978628,43.12956660008058,45.13108339998871,45.114560899790376,30.68311470001936,,,,,,,,,,444444,right,no,None,2025-05-15_10h15.20.647,RL_out-of-scanner,2024.2.4,59.32785113293065,2025-05-15 10h15.34.855566 -0500,
6,0,6,space,3.0486411000601947,None,5,1.207768699619919,None,30.684589399956167,k,0.32809430034831166,None,None,31.033558499999344,31.033870399929583,32.033228300046176,32.03326729964465,33.03334449976683,33.03338359994814,34.031775899697095,,,,,0,0,0,0,6,0,6,0,45.13108339998871,,,,,,,,,,,,,,,,,,,,,,,,,,,,,,30.684589399956167,45.11608149996027,45.13108339998871,45.13108339998871,45.13108339998871,45.13108339998871,45.46496339980513,k,0.32809430034831166,None,right,1,12,5,0,6,5,None,31.033558499999344,31.033870399929583,45.465362299699336,45.480829999782145,45.480829999782145,46.4802474998869,46.4802474998869,46.46465379977599,32.033228300046176,32.03326729964465,46.474592600017786,46.4802474998869,46.4802474998869,47.48030859977007,47.48030859977007,47.464783399831504,stimuli/box_coin_transparent.png,33.03334449976683,33.03338359994814,47.46488009998575,47.48030859977007,48.47984870010987,48.46321519976482,34.031775899697095,,,,,,,,,,444444,right,no,None,2025-05-15_10h15.20.647,RL_out-of-scanner,2024.2.4,59.32785113293065,2025-05-15 10h15.34.855566 -0500,
7,0,7,space,3.0486411000601947,None,5,1.207768699619919,None,34.03425249969587,j,0.4335710001178086,None,None,34.48351929988712,34.48386549996212,36.48359610000625,36.48363550007343,37.483397599775344,37.4834304000251,39.4982739998959,,,,,0,0,0,0,7,0,7,0,48.47984870010987,,,,,,,,,,,,,,,,,,,,,,,,,,,,,,34.03425249969587,48.46575960004702,48.47984870010987,48.47984870010987,48.47984870010987,48.47984870010987,48.91492519993335,j,0.4335710001178086,None,right,1,12,5,0,6,5,None,34.48351929988712,34.48386549996212,48.91535859974101,48.930212900042534,48.930212900042534,50.93072979990393,50.93072979990393,50.91501950006932,36.48359610000625,36.48363550007343,50.9231116999872,50.93072979990393,50.93072979990393,51.93034810014069,51.93034810014069,51.91484159976244,stimuli/box_empty_transparent.png,37.483397599775344,37.4834304000251,51.91491989977658,51.93034810014069,53.94646030012518,53.92971839988604,39.4982739998959,,,,,,,,,,444444,right,no,None,2025-05-15_10h15.20.647,RL_out-of-scanner,2024.2.4,59.32785113293065,2025-05-15 10h15.34.855566 -0500,
8,0,8,space,3.0486411000601947,None,5,1.207768699619919,None,39.49996419996023,k,0.2685618996620178,None,None,39.799444399774075,39.79973339987919,42.79870969988406,42.79875999968499,43.79943559970707,43.79946869984269,45.31468759989366,,,,,0,0,0,0,8,0,8,0,53.94646030012518,,,,,,,,,,,,,,,,,,,,,,,,,,,,,,39.49996419996023,53.93145760009065,53.94646030012518,53.94646030012518,53.94646030012518,53.94646030012518,54.23083300003782,k,0.2685618996620178,None,right,0,12,5,0,7,5,None,39.799444399774075,39.79973339987919,54.23122949991375,54.246466499753296,54.246466499753296,57.24766380013898,57.24766380013898,57.23012119997293,42.79870969988406,42.79875999968499,57.24136669980362,57.24766380013898,57.24766380013898,,,58.23087689979002,stimuli/box_empty_transparent.png,43.79943559970707,43.79946869984269,58.23095909971744,58.24722549971193,59.762983799912035,59.74613619968295,45.31468759989366,,,,,,,,,,444444,right,no,None,2025-05-15_10h15.20.647,RL_out-of-scanner,2024.2.4,59.32785113293065,2025-05-15 10h15.34.855566 -0500,
9,0,9,space,3.0486411000601947,None,5,1.207768699619919,None,45.31621429976076,k,0.33002900006249547,None,None,45.66596410004422,45.66625180002302,47.16639619972557,47.16643500002101,48.166069800034165,48.166104400064796,50.16606119973585,,,,,0,0,0,0,9,0,9,0,59.762983799912035,,,,,,,,,,,,,,,,,,,,,,,,,,,,,,45.31621429976076,59.74770790012553,59.762983799912035,59.762983799912035,59.762983799912035,59.762983799912035,60.09735279995948,k,0.33002900006249547,None,right,1,12,6,0,8,6,None,45.66596410004422,45.66625180002302,60.097747599706054,60.112931499723345,60.112931499723345,61.61337859975174,61.61337859975174,61.597819100134075,47.16639619972557,47.16643500002101,61.607633700128645,61.61337859975174,61.61337859975174,62.61317940009758,62.61317940009758,62.597513100132346,stimuli/box_coin_transparent.png,48.166069800034165,48.166104400064796,62.597592799924314,62.61317940009758,64.61387240001932,64.5975075000897,50.16606119973585,,,,,,,,,,444444,right,no,None,2025-05-15_10h15.20.647,RL_out-of-scanner,2024.2.4,59.32785113293065,2025-05-15 10h15.34.855566 -0500,
10,0,10,space,3.0486411000601947,None,5,1.207768699619919,None,50.16753079975024,k,0.2643063999712467,None,None,50.45020959991962,50.450470299925655,51.94974280009046,51.94978879997507,52.95052779978141,52.95056169992313,53.94856159994379,,,,,0,0,0,0,10,0,10,0,64.61387240001932,,,,,,,,,,,,,,,,,,,,,,,,,,,,,,50.16753079975024,64.59902320010588,64.61387240001932,64.61387240001932,64.61387240001932,64.61387240001932,64.88161499984562,k,0.2643063999712467,None,right,1,12,7,0,9,7,None,50.45020959991962,50.450470299925655,64.88195970002562,64.89735719980672,64.89735719980672,66.39664069982246,66.39664069982246,66.38116039987653,51.94974280009046,51.94978879997507,66.39105719979852,66.39664069982246,66.39664069982246,,,67.38196890009567,stimuli/box_coin_transparent.png,52.95052779978141,52.95056169992313,67.38205359969288,67.39627469982952,68.39691579993814,68.38000970007852,53.94856159994379,,,,,,,,,,444444,right,no,None,2025-05-15_10h15.20.647,RL_out-of-scanner,2024.2.4,59.32785113293065,2025-05-15 10h15.34.855566 -0500,
11,0,11,space,3.0486411000601947,None,5,1.207768699619919,None,53.95004229992628,k,0.2709626997821033,None,None,54.2498591998592,54.250160600058734,56.248408699873835,56.24844660004601,57.2483341996558,57.248377699870616,58.748645099811256,,,,,0,0,0,0,11,0,11,0,68.39691579993814,,,,,,,,,,,,,,,,,,,,,,,,,,,,,,53.95004229992628,68.3815350998193,68.39691579993814,68.39691579993814,68.39691579993814,68.39691579993814,68.68124860012904,k,0.2709626997821033,None,right,1,12,8,0,10,8,None,54.2498591998592,54.250160600058734,68.68165539996698,68.69685429986566,68.69685429986566,70.6962800999172,70.6962800999172,70.6798364999704,56.248408699873835,56.24844660004601,70.69052929989994,70.6962800999172,70.6962800999172,71.69540499988943,71.69540499988943,71.67976959981024,stimuli/box_coin_transparent.png,57.2483341996558,57.248377699870616,71.67987839970738,71.69540499988943,73.19666539970785,73.18009170005098,58.748645099811256,,,,,,,,,,444444,right,no,None,2025-05-15_10h15.20.647,RL_out-of-scanner,2024.2.4,59.32785113293065,2025-05-15 10h15.34.855566 -0500,
12,0,12,space,3.0486411000601947,None,5,1.207768699619919,None,58.750177399721,k,0.2528710002079606,None,None,59.03313299966976,59.03346209973097,60.03283599996939,60.03287940006703,61.032428099773824,61.032462699804455,64.0346161997877,,,,,0,0,0,0,12,0,12,0,73.19666539970785,,,,,,,,,,,,,,,,,,,,,,,,,,,,,,58.750177399721,73.1816700999625,73.19666539970785,73.19666539970785,73.19666539970785,73.19666539970785,73.46451869979501,k,0.2528710002079606,None,right,1,12,9,0,11,9,None,59.03313299966976,59.03346209973097,73.46495829988271,73.48004799988121,73.48004799988121,74.47956559993327,74.47956559993327,74.46425449987873,60.03283599996939,60.03287940006703,74.47435799986124,74.47956559993327,74.47956559993327,75.47969419974834,75.47969419974834,75.4638720001094,stimuli/box_coin_transparent.png,61.032428099773824,61.032462699804455,75.46395110012963,75.47969419974834,78.47968370001763,78.46606069989502,64.0346161997877,,,,,,,,,,444444,right,no,None,2025-05-15_10h15.20.647,RL_out-of-scanner,2024.2.4,59.32785113293065,2025-05-15 10h15.34.855566 -0500,
13,0,13,space,3.0486411000601947,None,5,1.207768699619919,None,64.03621259983629,k,0.28768839966505766,None,None,64.35013929987326,64.35040069976822,64.84935559984297,64.84939539991319,65.84930279990658,65.84933539992198,67.84914609976113,,,,,0,0,0,0,13,0,13,0,78.47968370001763,,,,,,,,,,,,,,,,,,,,,,,,,,,,,,64.03621259983629,78.46770509984344,78.47968370001763,78.47968370001763,78.47968370001763,78.47968370001763,78.78154469979927,k,0.28768839966505766,None,right,0,12,9,0,12,9,None,64.35013929987326,64.35040069976822,78.78189039975405,78.7966392999515,78.7966392999515,79.29651239980012,79.29651239980012,79.280780099798,64.84935559984297,64.84939539991319,79.28912740014493,79.29651239980012,79.29651239980012,80.29578260006383,80.29578260006383,80.28074759989977,stimuli/box_empty_transparent.png,65.84930279990658,65.84933539992198,80.28082200000063,80.29578260006383,82.29706140002236,82.28058929974213,67.84914609976113,,,,,,,,,,444444,right,no,None,2025-05-15_10h15.20.647,RL_out-of-scanner,2024.2.4,59.32785113293065,2025-05-15 10h15.34.855566 -0500,
14,0,14,space,3.0486411000601947,None,5,1.207768699619919,None,67.85060289967805,k,0.2602046001702547,None,None,68.13227969966829,68.13252119999379,69.63273379998282,69.63277200004086,70.63229390000924,70.63232599990442,71.6314185000956,,,,,0,0,0,0,14,0,14,0,82.29706140002236,,,,,,,,,,,,,,,,,,,,,,,,,,,,,,67.85060289967805,82.28209499968216,82.29706140002236,82.29706140002236,82.29706140002236,82.29706140002236,82.56368559971452,k,0.2602046001702547,None,right,1,12,10,0,13,10,None,68.13227969966829,68.13252119999379,82.564024399966,82.57892340002581,82.57892340002581,84.07930349977687,84.07930349977687,84.06416139984503,69.63273379998282,69.63277200004086,84.0741657000035,84.07930349977687,84.07930349977687,85.07955149980262,85.07955149980262,85.06373769976199,stimuli/box_coin_transparent.png,70.63229390000924,70.63232599990442,85.06381329987198,85.07955149980262,86.0800171000883,86.06286450009793,71.6314185000956,,,,,,,,,,444444,right,no,None,2025-05-15_10h15.20.647,RL_out-of-scanner,2024.2.4,59.32785113293065,2025-05-15 10h15.34.855566 -0500,
15,0,15,space,3.0486411000601947,None,5,1.207768699619919,None,71.633151399903,k,0.3354679998010397,None,None,72.00220240000635,72.0024719000794,72.99875149969012,72.99879079964012,73.99775510001928,73.99779309984297,75.99815650004894,,,,,0,0,0,0,15,0,15,0,86.0800171000883,,,,,,,,,,,,,,,,,,,,,,,,,,,,,,71.633151399903,86.06465059984475,86.0800171000883,86.0800171000883,86.0800171000883,86.0800171000883,86.43359059980139,k,0.3354679998010397,None,right,1,12,11,0,14,11,None,72.00220240000635,72.0024719000794,86.4339618999511,86.44635109975934,86.44635109975934,87.44569439999759,87.44569439999759,87.43017609976232,72.99875149969012,72.99879079964012,87.4402358001098,87.44569439999759,87.44569439999759,88.44495559995994,88.44495559995994,88.4291966999881,stimuli/box_coin_transparent.png,73.99775510001928,73.99779309984297,88.42928620008752,88.44495559995994,90.44639809988439,90.42960429983214,75.99815650004894,,,,,,,,,,444444,right,no,None,2025-05-15_10h15.20.647,RL_out-of-scanner,2024.2.4,59.32785113293065,2025-05-15 10h15.34.855566 -0500,
16,0,16,space,3.0486411000601947,None,5,1.207768699619919,None,75.99965729983523,k,0.2562303999438882,None,None,76.28265079995617,76.28296440001577,78.29938729992136,78.29942560009658,79.29764299979433,79.29768519988284,80.29713140008971,,,,,0,0,0,0,16,0,16,0,90.44639809988439,,,,,,,,,,,,,,,,,,,,,,,,,,,,,,75.99965729983523,90.43114949995652,90.44639809988439,90.44639809988439,90.44639809988439,90.44639809988439,90.71403799997643,k,0.2562303999438882,None,right,0,12,11,0,15,11,None,76.28265079995617,76.28296440001577,90.71446050005034,90.73060199990869,90.73060199990869,92.74579870002344,92.74579870002344,92.73081109998748,78.29938729992136,78.29942560009658,92.73919129977003,92.74579870002344,92.74579870002344,93.74482599971816,93.74482599971816,93.72908050008118,stimuli/box_empty_transparent.png,79.29764299979433,79.29768519988284,93.72918389970437,93.74482599971816,94.74537159968168,94.72857780009508,80.29713140008971,,,,,,,,,,444444,right,no,None,2025-05-15_10h15.20.647,RL_out-of-scanner,2024.2.4,59.32785113293065,2025-05-15 10h15.34.855566 -0500,
17,0,17,space,3.0486411000601947,None,5,1.207768699619919,None,80.2986983996816,k,0.2944033001549542,None,None,80.61589689971879,80.61622429965064,81.61600029980764,81.61605639988557,82.61550180008635,82.61553999967873,83.63085499964654,,,,,0,0,0,0,17,0,17,0,94.74537159968168,,,,,,,,,,,,,,,,,,,,,,,,,,,,,,80.2986983996816,94.73019080003724,94.74537159968168,94.74537159968168,94.74537159968168,94.74537159968168,95.0472629996948,k,0.2944033001549542,None,right,1,12,12,0,16,12,None,80.61589689971879,80.61622429965064,95.0477203996852,95.06372459977865,95.06372459977865,96.06305920006707,96.06305920006707,96.04741379991174,81.61600029980764,81.61605639988557,96.05782569991425,96.06305920006707,96.06305920006707,97.06310189981014,97.06310189981014,97.04694079980254,stimuli/box_coin_transparent.png,82.61550180008635,82.61553999967873,97.04703320004046,97.06310189981014,98.07864229986444,98.06230250000954,83.63085499964654,,,,,,,,,,444444,right,no,None,2025-05-15_10h15.20.647,RL_out-of-scanner,2024.2.4,59.32785113293065,2025-05-15 10h15.34.855566 -0500,
18,0,18,space,3.0486411000601947,None,5,1.207768699619919,None,83.63232939969748,k,0.3080955999903381,None,None,83.96588569972664,83.96618649968877,87.48174119973555,87.48178449971601,88.4816644997336,88.48169989977032,90.48134029982612,,,,,0,0,0,0,18,0,18,0,98.07864229986444,,,,,,,,,,,,,,,,,,,,,,,,,,,,,,83.63232939969748,98.06382199982181,98.07864229986444,98.07864229986444,98.07864229986444,98.07864229986444,98.39729180000722,k,0.3080955999903381,None,left,1,11,0,1,16,12,None,83.96588569972664,83.96618649968877,98.39767789980397,98.41565370000899,98.41565370000899,101.92883350001648,101.92883350001648,101.91315819974989,87.48174119973555,87.48178449971601,101.92163740005344,101.92883350001648,101.92883350001648,102.92900720005855,102.92900720005855,102.91310560004786,stimuli/box_empty_transparent.png,88.4816644997336,88.48169989977032,102.91319390013814,102.92900720005855,104.92942659975961,104.91278779972345,90.48134029982612,,,,,,,,,,444444,right,no,None,2025-05-15_10h15.20.647,RL_out-of-scanner,2024.2.4,59.32785113293065,2025-05-15 10h15.34.855566 -0500,
19,0,19,space,3.0486411000601947,None,5,1.207768699619919,None,90.48288329970092,k,0.2810233002528548,None,None,90.78138899989426,90.78174089966342,91.78136170003563,91.7814043997787,92.79690109984949,92.7969328998588,94.29802759969607,,,,,0,0,0,0,19,0,19,0,104.92942659975961,,,,,,,,,,,,,,,,,,,,,,,,,,,,,,90.48288329970092,104.91437589982525,104.92942659975961,104.92942659975961,104.92942659975961,104.92942659975961,105.21278390008956,k,0.2810233002528548,None,left,1,11,0,1,16,12,None,90.78138899989426,90.78174089966342,105.21324069984257,105.2282996000722,105.2282996000722,106.22970429994166,106.22970429994166,106.21277529979125,91.78136170003563,91.7814043997787,106.22109169978648,106.22970429994166,106.22970429994166,,,107.22834239993244,stimuli/box_empty_transparent.png,92.79690109984949,92.7969328998588,107.22842219984159,107.2443057000637,108.74562110006809,108.72947179991752,94.29802759969607,,,,,,,,,,444444,right,no,None,2025-05-15_10h15.20.647,RL_out-of-scanner,2024.2.4,59.32785113293065,2025-05-15 10h15.34.855566 -0500,
20,0,20,space,3.0486411000601947,None,5,1.207768699619919,None,94.2998184999451,k,0.28703329991549253,None,None,94.6153858997859,94.61562620010227,96.61412269994617,96.61416899971664,97.61438639974222,97.61442229989916,99.61455059982836,,,,,0,0,0,0,20,0,20,0,108.74562110006809,,,,,,,,,,,,,,,,,,,,,,,,,,,,,,94.2998184999451,108.73131670011207,108.74562110006809,108.74562110006809,108.74562110006809,108.74562110006809,109.046790599823,k,0.28703329991549253,None,left,1,11,0,1,16,12,None,94.6153858997859,94.61562620010227,109.0471159000881,109.06251609977335,109.06251609977335,111.0621441998519,111.0621441998519,111.04552999977022,96.61412269994617,96.61416899971664,111.05436770012602,111.0621441998519,111.0621441998519,,,112.04581800010055,stimuli/box_empty_transparent.png,97.61438639974222,97.61442229989916,112.04591359989718,112.0618431000039,114.06208760011941,114.04599859984592,99.61455059982836,,,,,,,,,,444444,right,no,None,2025-05-15_10h15.20.647,RL_out-of-scanner,2024.2.4,59.32785113293065,2025-05-15 10h15.34.855566 -0500,
21,0,21,space,3.0486411000601947,None,5,1.207768699619919,None,99.61598909972236,j,0.3058457998558879,None,None,99.94902159972116,99.94943240005523,102.94751570001245,102.94756399979815,103.94781449995935,103.9478587997146,105.44741009967402,,,,,0,0,0,0,21,0,21,0,114.06208760011941,,,,,,,,,,,,,,,,,,,,,,,,,,,,,,99.61598909972236,114.04748099995777,114.06208760011941,114.06208760011941,114.06208760011941,114.06208760011941,114.38040759973228,j,0.3058457998558879,None,left,1,11,1,1,17,13,None,99.94902159972116,99.94943240005523,114.3809299999848,114.39511399995536,114.39511399995536,117.39724930003285,117.39724930003285,117.37893179990351,102.94751570001245,102.94756399979815,117.39159590005875,117.39724930003285,117.39724930003285,,,118.37924979999661,stimuli/box_coin_transparent.png,103.94781449995935,103.9478587997146,118.3793679997325,118.39493149984628,119.89529949985445,119.87885650014505,105.44741009967402,,,,,,,,,,444444,right,no,None,2025-05-15_10h15.20.647,RL_out-of-scanner,2024.2.4,59.32785113293065,2025-05-15 10h15.34.855566 -0500,
22,0,22,space,3.0486411000601947,None,5,1.207768699619919,None,105.44897100003436,j,0.31288199964910746,None,None,105.7813991997391,105.78172259964049,107.28137760004029,107.28142149979249,108.28019109973684,108.28022899990901,110.28095849975944,,,,,0,0,0,0,22,0,22,0,119.89529949985445,,,,,,,,,,,,,,,,,,,,,,,,,,,,,,105.44897100003436,119.88046379992738,119.89529949985445,119.89529949985445,119.89529949985445,119.89529949985445,120.21280420012772,j,0.31288199964910746,None,left,1,11,2,1,18,14,None,105.7813991997391,105.78172259964049,120.21321279974654,120.2286200998351,120.2286200998351,121.72816229984164,121.72816229984164,121.71279489994049,107.28137760004029,107.28142149979249,121.72266960004345,121.72816229984164,121.72816229984164,122.72726419987157,122.72726419987157,122.71163180004805,stimuli/box_coin_transparent.png,108.28019109973684,108.28022899990901,122.71172240003943,122.72726419987157,124.72822810010985,124.71240240009502,110.28095849975944,,,,,,,,,,444444,right,no,None,2025-05-15_10h15.20.647,RL_out-of-scanner,2024.2.4,59.32785113293065,2025-05-15 10h15.34.855566 -0500,
23,0,23,space,3.0486411000601947,None,5,1.207768699619919,None,110.28251349972561,j,0.33609330002218485,None,None,110.64847770007327,110.6488348999992,112.14787449967116,112.14791649999097,113.14759889990091,113.14763200003654,114.64640399999917,,,,,0,0,0,0,23,0,23,0,124.72822810010985,,,,,,,,,,,,,,,,,,,,,,,,,,,,,,110.28251349972561,124.71400630008429,124.72822810010985,124.72822810010985,124.72822810010985,124.72822810010985,125.07988339988515,j,0.33609330002218485,None,left,0,11,2,1,19,14,None,110.64847770007327,110.6488348999992,125.08032660000026,125.09510920010507,125.09510920010507,126.59474750002846,126.59474750002846,126.57929340004921,112.14787449967116,112.14791649999097,126.5877207997255,126.59474750002846,126.59474750002846,127.59423379972577,127.59423379972577,127.57904239976779,stimuli/box_empty_transparent.png,113.14759889990091,113.14763200003654,127.57912020012736,127.59423379972577,129.09472530009225,129.0778514998965,114.64640399999917,,,,,,,,,,444444,right,no,None,2025-05-15_10h15.20.647,RL_out-of-scanner,2024.2.4,59.32785113293065,2025-05-15 10h15.34.855566 -0500,
24,0,24,space,3.0486411000601947,None,5,1.207768699619919,None,114.6479013999924,j,0.4057384002953768,None,None,115.080912000034,115.08128160005435,117.08035210007802,117.0804065996781,118.09710090002045,118.09713870007545,119.61263059964404,,,,,0,0,0,0,24,0,24,0,129.09472530009225,,,,,,,,,,,,,,,,,,,,,,,,,,,,,,114.6479013999924,129.0793952997774,129.09472530009225,129.09472530009225,129.09472530009225,129.09472530009225,129.512299799826,j,0.4057384002953768,None,left,1,11,3,1,20,15,None,115.080912000034,115.08128160005435,129.51277899974957,129.52772710006684,129.52772710006684,131.52943910006434,131.52943910006434,131.51175950001925,117.08035210007802,117.0804065996781,131.52394849993289,131.52943910006434,131.52943910006434,,,132.52853989973664,stimuli/box_coin_transparent.png,118.09710090002045,118.09713870007545,132.52863299986348,132.5448338999413,134.06074129976332,134.04406829969957,119.61263059964404,,,,,,,,,,444444,right,no,None,2025-05-15_10h15.20.647,RL_out-of-scanner,2024.2.4,59.32785113293065,2025-05-15 10h15.34.855566 -0500,
25,0,25,space,3.0486411000601947,None,5,1.207768699619919,None,119.61444529984146,j,0.27069059992209077,None,None,119.91414699982852,119.91453009983525,120.91429479978979,120.91433509998024,121.91464679967612,121.91468490008265,125.41235469980165,,,,,0,0,0,0,25,0,25,0,134.06074129976332,,,,,,,,,,,,,,,,,,,,,,,,,,,,,,119.61444529984146,134.04594630002975,134.06074129976332,134.06074129976332,134.06074129976332,134.06074129976332,134.34555289987475,j,0.27069059992209077,None,left,1,11,4,1,21,16,None,119.91414699982852,119.91453009983525,134.34602249972522,134.36080189980567,134.36080189980567,135.36134349973872,135.36134349973872,135.34571880009025,120.91429479978979,120.91433509998024,135.35576379997656,135.36134349973872,135.36134349973872,136.3609949001111,136.3609949001111,136.34607319999486,stimuli/box_coin_transparent.png,121.91464679967612,121.91468490008265,136.3461782000959,136.3609949001111,139.86058069998398,139.8437998997979,125.41235469980165,,,,,,,,,,444444,right,no,None,2025-05-15_10h15.20.647,RL_out-of-scanner,2024.2.4,59.32785113293065,2025-05-15 10h15.34.855566 -0500,
26,0,26,space,3.0486411000601947,None,5,1.207768699619919,None,125.41406789980829,j,0.43652259977534413,None,None,125.88063929975033,125.88101390004158,126.38084940006956,126.38088859990239,127.38080979976803,127.38084820006043,130.89574320008978,,,,,0,0,0,0,26,0,26,0,139.86058069998398,,,,,,,,,,,,,,,,,,,,,,,,,,,,,,125.41406789980829,139.84556700009853,139.86058069998398,139.86058069998398,139.86058069998398,139.86058069998398,140.31202729977667,j,0.43652259977534413,None,left,1,11,5,1,22,17,None,125.88063929975033,125.88101390004158,140.31251349998638,140.32756160013378,140.32756160013378,140.82750809984282,140.82750809984282,140.81226739985868,126.38084940006956,126.38088859990239,140.82206039968878,140.82750809984282,140.82750809984282,141.8277559997514,141.8277559997514,141.81224919995293,stimuli/box_coin_transparent.png,127.38080979976803,127.38084820006043,141.81234110007063,141.8277559997514,145.3437775997445,145.32718969974667,130.89574320008978,,,,,,,,,,444444,right,no,None,2025-05-15_10h15.20.647,RL_out-of-scanner,2024.2.4,59.32785113293065,2025-05-15 10h15.34.855566 -0500,
27,0,27,space,3.0486411000601947,None,5,1.207768699619919,None,130.8971786997281,k,0.9366609998978674,None,None,131.8650054000318,131.86533210007474,133.36387289967388,133.36392010003328,134.3639124999754,134.36394719965756,135.3638132000342,,,,,0,0,0,0,27,0,27,0,145.3437775997445,,,,,,,,,,,,,,,,,,,,,,,,,,,,,,130.8971786997281,145.32867179997265,145.3437775997445,145.3437775997445,145.3437775997445,145.3437775997445,146.29639489995316,k,0.9366609998978674,None,left,1,11,5,1,22,17,None,131.8650054000318,131.86533210007474,146.29682789975777,146.31129419989884,146.31129419989884,147.81071579968557,147.81071579968557,147.79529020003974,133.36387289967388,133.36392010003328,147.80488079972565,147.81071579968557,147.81071579968557,148.81053949985653,148.81053949985653,148.7953536999412,stimuli/box_empty_transparent.png,134.3639124999754,134.36394719965756,148.79543779976666,148.81053949985653,149.81116269994527,149.79525600001216,135.3638132000342,,,,,,,,,,444444,right,no,None,2025-05-15_10h15.20.647,RL_out-of-scanner,2024.2.4,59.32785113293065,2025-05-15 10h15.34.855566 -0500,
28,0,28,space,3.0486411000601947,None,5,1.207768699619919,None,135.3656112998724,j,0.5071386001072824,None,None,135.89820319972932,135.89852909976617,136.91255329968408,136.91260010004044,137.91323839966208,137.91327599994838,141.41297800000757,,,,,0,0,0,0,28,0,28,0,149.81116269994527,,,,,,,,,,,,,,,,,,,,,,,,,,,,,,135.3656112998724,149.79710919968784,149.81116269994527,149.81116269994527,149.81116269994527,149.81116269994527,150.3296070001088,j,0.5071386001072824,None,left,1,11,6,1,23,18,None,135.89820319972932,135.89852909976617,150.3300195997581,150.34476700006053,150.34476700006053,151.36091319983825,151.36091319983825,151.34397500008345,136.91255329968408,136.91260010004044,151.35557390004396,151.36091319983825,151.36091319983825,,,152.34467889973894,stimuli/box_coin_transparent.png,137.91323839966208,137.91327599994838,152.34476999985054,152.36039889976382,155.8619862999767,155.84442509990185,141.41297800000757,,,,,,,,,,444444,right,no,None,2025-05-15_10h15.20.647,RL_out-of-scanner,2024.2.4,59.32785113293065,2025-05-15 10h15.34.855566 -0500,
29,0,29,space,3.0486411000601947,None,5,1.207768699619919,None,141.4144325000234,j,0.4560710000805557,None,None,141.89741700002924,141.89778919983655,143.89659160003066,143.89663020009175,144.89626039983705,144.89630649983883,145.9120865999721,,,,,0,0,0,0,29,0,29,0,155.8619862999767,,,,,,,,,,,,,,,,,,,,,,,,,,,,,,141.4144325000234,155.84592439979315,155.8619862999767,155.8619862999767,155.8619862999767,155.8619862999767,156.3288221997209,j,0.4560710000805557,None,left,0,11,6,1,24,18,None,141.89741700002924,141.89778919983655,156.32928159972653,156.34437939990312,156.34437939990312,158.3441081997007,158.3441081997007,158.3280175998807,143.89659160003066,143.89663020009175,158.33640509983525,158.3441081997007,158.3441081997007,159.3444559997879,159.3444559997879,159.32769479975104,stimuli/box_empty_transparent.png,144.89626039983705,144.89630649983883,159.32780799968168,159.3444559997879,160.3599505997263,160.34352659992874,145.9120865999721,,,,,,,,,,444444,right,no,None,2025-05-15_10h15.20.647,RL_out-of-scanner,2024.2.4,59.32785113293065,2025-05-15 10h15.34.855566 -0500,
30,0,30,space,3.0486411000601947,None,5,1.207768699619919,None,145.913893699646,k,0.26491739973425865,None,None,146.19660019967705,146.1968694999814,147.19642199994996,147.1964610000141,148.19566669967026,148.19570369971916,149.19614339992404,,,,,0,0,0,0,30,0,30,0,160.3599505997263,,,,,,,,,,,,,,,,,,,,,,,,,,,,,,145.913893699646,160.34539419971406,160.3599505997263,160.3599505997263,160.3599505997263,160.3599505997263,160.6280050999485,k,0.26491739973425865,None,left,0,11,6,1,24,18,None,146.19660019967705,146.1968694999814,160.62836499977857,160.6436307998374,160.6436307998374,161.64363789977506,161.64363789977506,161.62784729991108,147.19642199994996,147.1964610000141,161.6368673001416,161.64363789977506,161.64363789977506,162.64273250009865,162.64273250009865,162.6271079001017,stimuli/box_empty_transparent.png,148.19566669967026,148.19570369971916,162.6271967999637,162.64273250009865,163.64437970006838,163.62759030004963,149.19614339992404,,,,,,,,,,444444,right,no,None,2025-05-15_10h15.20.647,RL_out-of-scanner,2024.2.4,59.32785113293065,2025-05-15 10h15.34.855566 -0500,
31,0,31,space,3.0486411000601947,None,5,1.207768699619919,None,149.1976740998216,j,0.28640609979629517,None,None,149.513937599957,149.5143371000886,152.51299409987405,152.5130380000919,153.51219710009173,153.51224160008132,156.01264850003645,,,,,0,0,0,0,31,0,31,0,163.64437970006838,,,,,,,,,,,,,,,,,,,,,,,,,,,,,,149.1976740998216,163.62916640006006,163.64437970006838,163.64437970006838,163.64437970006838,163.64437970006838,163.94532679999247,j,0.28640609979629517,None,left,1,11,7,1,25,19,None,149.513937599957,149.5143371000886,163.94583729980513,163.9605787997134,163.9605787997134,166.9601507000625,166.9601507000625,166.94440919999033,152.51299409987405,152.5130380000919,166.95460140006617,166.9601507000625,166.9601507000625,167.9591899998486,167.9591899998486,167.94363280013204,stimuli/box_coin_transparent.png,153.51219710009173,153.51224160008132,167.94374240003526,167.9591899998486,170.46096180006862,170.44409309979528,156.01264850003645,,,,,,,,,,444444,right,no,None,2025-05-15_10h15.20.647,RL_out-of-scanner,2024.2.4,59.32785113293065,2025-05-15 10h15.34.855566 -0500,
32,0,32,space,3.0486411000601947,None,5,1.207768699619919,None,156.014439499937,j,0.34538030019029975,None,None,156.3802181999199,156.3806155999191,157.37992279976606,157.37997819995508,158.3800558000803,158.38008640008047,159.3780732997693,,,,,0,0,0,0,32,0,32,0,170.46096180006862,,,,,,,,,,,,,,,,,,,,,,,,,,,,,,156.014439499937,170.44593739975244,170.46096180006862,170.46096180006862,170.46096180006862,170.46096180006862,170.81160590006039,j,0.34538030019029975,None,left,1,11,8,1,26,20,None,156.3802181999199,156.3806155999191,170.8121122000739,170.82718720007688,170.82718720007688,171.8265458997339,171.8265458997339,171.81134200002998,157.37992279976606,157.37997819995508,171.82132409978658,171.8265458997339,171.8265458997339,172.82670350000262,172.82670350000262,172.81150109972805,stimuli/box_coin_transparent.png,158.3800558000803,158.38008640008047,172.81157309981063,172.82670350000262,173.82609409978613,173.809513699729,159.3780732997693,,,,,,,,,,444444,right,no,None,2025-05-15_10h15.20.647,RL_out-of-scanner,2024.2.4,59.32785113293065,2025-05-15 10h15.34.855566 -0500,
33,0,33,space,3.0486411000601947,None,5,1.207768699619919,None,159.3802553997375,j,0.38699560007080436,None,None,159.79599309992045,159.79641779977828,161.7963908999227,161.79642840009183,162.8122429996729,162.8122807997279,164.3124903999269,,,,,0,0,0,0,33,0,33,0,173.82609409978613,,,,,,,,,,,,,,,,,,,,,,,,,,,,,,159.3802553997375,173.81176050007343,173.82609409978613,173.82609409978613,173.82609409978613,173.82609409978613,174.2273705000989,j,0.38699560007080436,None,left,1,11,9,1,27,21,None,159.79599309992045,159.79641779977828,174.227922399994,174.24279200006276,174.24279200006276,176.24679529992864,176.24679529992864,176.22781750001013,161.7963908999227,161.79642840009183,176.241638999898,176.24679529992864,176.24679529992864,,,177.2436830000952,stimuli/box_coin_transparent.png,162.8122429996729,162.8122807997279,177.24377489974722,177.26045149983838,178.76049089990556,178.7439373000525,164.3124903999269,,,,,,,,,,444444,right,no,None,2025-05-15_10h15.20.647,RL_out-of-scanner,2024.2.4,59.32785113293065,2025-05-15 10h15.34.855566 -0500,
34,0,34,space,3.0486411000601947,None,5,1.207768699619919,None,164.31394969997928,j,0.6871038000099361,None,None,165.02965029980987,165.0299798999913,168.02982309972867,168.0298649999313,169.02964209998026,169.02967389998958,171.54466059990227,,,,,0,0,0,0,34,0,34,0,178.76049089990556,,,,,,,,,,,,,,,,,,,,,,,,,,,,,,164.31394969997928,178.74544079974294,178.76049089990556,178.76049089990556,178.76049089990556,178.76049089990556,179.46104989992455,j,0.6871038000099361,None,left,1,11,10,1,28,22,None,165.02965029980987,165.0299798999913,179.46147019974887,179.4761140998453,179.4761140998453,182.4768538000062,182.4768538000062,182.46123280003667,168.02982309972867,168.0298649999313,182.47140979999676,182.4768538000062,182.4768538000062,183.4766158000566,183.4766158000566,183.46108780009672,stimuli/box_coin_transparent.png,169.02964209998026,169.02967389998958,183.46116039995104,183.4766158000566,185.99324919981882,185.97610339988023,171.54466059990227,,,,,,,,,,444444,right,no,None,2025-05-15_10h15.20.647,RL_out-of-scanner,2024.2.4,59.32785113293065,2025-05-15 10h15.34.855566 -0500,
35,0,35,space,3.0486411000601947,None,5,1.207768699619919,None,171.5464184996672,j,0.44427420012652874,None,None,172.0130272996612,172.01339560002089,173.51330109965056,173.5133458999917,174.51149659976363,174.51153149968013,175.51221260009333,,,,,0,0,0,0,35,0,35,0,185.99324919981882,,,,,,,,,,,,,,,,,,,,,,,,,,,,,,171.5464184996672,185.9779157997109,185.99324919981882,185.99324919981882,185.99324919981882,185.99324919981882,186.44443489983678,j,0.44427420012652874,None,left,1,11,11,1,29,23,None,172.0130272996612,172.01339560002089,186.44488759990782,186.45975699974224,186.45975699974224,187.95988789992407,187.95988789992407,187.94471920002252,173.51330109965056,173.5133458999917,187.95499109989032,187.95988789992407,187.95988789992407,188.95880040014163,188.95880040014163,188.9429369000718,stimuli/box_coin_transparent.png,174.51149659976363,174.51153149968013,188.94302359968424,188.95880040014163,189.9607966998592,189.94365959987044,175.51221260009333,,,,,,,,,,444444,right,no,None,2025-05-15_10h15.20.647,RL_out-of-scanner,2024.2.4,59.32785113293065,2025-05-15 10h15.34.855566 -0500,
36,0,36,space,3.0486411000601947,None,5,1.207768699619919,None,175.5136661999859,j,0.29479390010237694,None,None,175.83017539978027,175.8305020998232,177.32961290003732,177.32964990008622,178.32840629993007,178.32845090003684,181.82859979989007,,,,,0,0,0,0,36,0,36,0,189.9607966998592,,,,,,,,,,,,,,,,,,,,,,,,,,,,,,175.5136661999859,189.94515779986978,189.9607966998592,189.9607966998592,189.9607966998592,189.9607966998592,190.2615804998204,j,0.29479390010237694,None,right,1,10,0,2,29,23,None,175.83017539978027,175.8305020998232,190.26199219981208,190.27686189999804,190.27686189999804,191.7760867998004,191.7760867998004,191.7610361999832,177.32961290003732,177.32964990008622,191.77041939971969,191.7760867998004,191.7760867998004,192.77532209968194,192.77532209968194,192.7598433997482,stimuli/box_empty_transparent.png,178.32840629993007,178.32845090003684,192.75995199987665,192.77532209968194,196.2771477997303,196.26004389999434,181.82859979989007,,,,,,,,,,444444,right,no,None,2025-05-15_10h15.20.647,RL_out-of-scanner,2024.2.4,59.32785113293065,2025-05-15 10h15.34.855566 -0500,
37,0,37,space,3.0486411000601947,None,5,1.207768699619919,None,181.83080799970776,k,0.291854300070554,None,None,182.1454258998856,182.1458071996458,184.14564329991117,184.14568029996008,185.14526169979945,185.1452937000431,186.1441655997187,,,,,0,0,0,0,37,0,37,0,196.2771477997303,,,,,,,,,,,,,,,,,,,,,,,,,,,,,,181.83080799970776,196.26230009971187,196.2771477997303,196.2771477997303,196.2771477997303,196.2771477997303,196.57680719997734,k,0.291854300070554,None,right,1,10,1,2,30,24,None,182.1454258998856,182.1458071996458,196.57731369975954,196.59216520003974,196.59216520003974,198.59255399974063,198.59255399974063,198.57706809975207,184.14564329991117,184.14568029996008,198.58695949986577,198.59255399974063,198.59255399974063,199.59269119985402,199.59269119985402,199.57670539990067,stimuli/box_coin_transparent.png,185.14526169979945,185.1452937000431,199.57678049989045,199.59269119985402,200.59373930003494,200.575608599931,186.1441655997187,,,,,,,,,,444444,right,no,None,2025-05-15_10h15.20.647,RL_out-of-scanner,2024.2.4,59.32785113293065,2025-05-15 10h15.34.855566 -0500,
38,0,38,space,3.0486411000601947,None,5,1.207768699619919,None,186.1458723996766,k,0.29539249977096915,None,None,186.4625003999099,186.46276549994946,187.4616388999857,187.46167559968308,188.47784439986572,188.4778837999329,189.9782842998393,,,,,0,0,0,0,38,0,38,0,200.59373930003494,,,,,,,,,,,,,,,,,,,,,,,,,,,,,,186.1458723996766,200.57736379979178,200.59373930003494,200.59373930003494,200.59373930003494,200.59373930003494,200.8939088000916,k,0.29539249977096915,None,right,0,10,1,2,31,24,None,186.4625003999099,186.46276549994946,200.89425450004637,200.90957579994574,200.90957579994574,201.9104363997467,201.9104363997467,201.89306359970942,187.4616388999857,187.46167559968308,201.9013231000863,201.9104363997467,201.9104363997467,,,202.9092803997919,stimuli/box_empty_transparent.png,188.47784439986572,188.4778837999329,202.90938009973615,202.9252077001147,204.42675670003518,204.40973119996488,189.9782842998393,,,,,,,,,,444444,right,no,None,2025-05-15_10h15.20.647,RL_out-of-scanner,2024.2.4,59.32785113293065,2025-05-15 10h15.34.855566 -0500,
39,0,39,space,3.0486411000601947,None,5,1.207768699619919,None,189.97973380004987,k,0.3339595999568701,None,None,190.34672119980678,190.3469878998585,191.3444403000176,191.34449480008334,192.36119809979573,192.36125280009583,193.3778301998973,,,,,0,0,0,0,39,0,39,0,204.42675670003518,,,,,,,,,,,,,,,,,,,,,,,,,,,,,,189.97973380004987,204.4112249999307,204.42675670003518,204.42675670003518,204.42675670003518,204.42675670003518,204.77812970010564,k,0.3339595999568701,None,right,1,10,2,2,32,25,None,190.34672119980678,190.3469878998585,204.77847679983824,204.7925991998054,204.7925991998054,205.79458589991555,205.79458589991555,205.7758458997123,191.3444403000176,191.34449480008334,205.7887443001382,205.79458589991555,205.79458589991555,,,206.79260980011895,stimuli/box_coin_transparent.png,192.36119809979573,192.36125280009583,206.79276600014418,206.81002199975774,207.82544909976423,207.8092784998007,193.3778301998973,,,,,,,,,,444444,right,no,None,2025-05-15_10h15.20.647,RL_out-of-scanner,2024.2.4,59.32785113293065,2025-05-15 10h15.34.855566 -0500,
40,0,40,space,3.0486411000601947,None,5,1.207768699619919,None,193.37939279992133,k,0.3048688000999391,None,None,193.71223740000278,193.71262559993193,195.2113039996475,195.21134549984708,196.2115581999533,196.21159029984847,197.21074000000954,,,,,0,0,0,0,40,0,40,0,207.82544909976423,,,,,,,,,,,,,,,,,,,,,,,,,,,,,,193.37939279992133,207.81088589970022,207.82544909976423,207.82544909976423,207.82544909976423,207.82544909976423,208.14361479971558,k,0.3048688000999391,None,right,1,10,3,2,33,26,None,193.71223740000278,193.71262559993193,208.1441306998022,208.15871719969437,208.15871719969437,209.6589659997262,209.6589659997262,209.64272300014272,195.2113039996475,195.21134549984708,209.65347540006042,209.6589659997262,209.6589659997262,210.65815269993618,210.65815269993618,210.64300199970603,stimuli/box_coin_transparent.png,196.2115581999533,196.21159029984847,210.64307949971408,210.65815269993618,211.65859569981694,211.642188699916,197.21074000000954,,,,,,,,,,444444,right,no,None,2025-05-15_10h15.20.647,RL_out-of-scanner,2024.2.4,59.32785113293065,2025-05-15 10h15.34.855566 -0500,
41,0,41,space,3.0486411000601947,None,5,1.207768699619919,None,197.21228089975193,k,0.3012578999623656,None,None,197.54540169984102,197.54564110003412,198.54547279980034,198.54551929980516,199.54472819995135,199.54475789982826,202.54484329978004,,,,,0,0,0,0,41,0,41,0,211.65859569981694,,,,,,,,,,,,,,,,,,,,,,,,,,,,,,197.21228089975193,211.64377290010452,211.65859569981694,211.65859569981694,211.65859569981694,211.65859569981694,211.97680689999834,k,0.3012578999623656,None,right,1,10,4,2,34,27,None,197.54540169984102,197.54564110003412,211.97713029989973,211.99198539974168,211.99198539974168,212.99310649977997,212.99310649977997,212.97688779979944,198.54547279980034,198.54551929980516,212.98759789997712,212.99310649977997,212.99310649977997,213.99139619991183,213.99139619991183,213.97617419995368,stimuli/box_coin_transparent.png,199.54472819995135,199.54475789982826,213.97624460002407,213.99139619991183,216.9918545000255,216.97629059990868,202.54484329978004,,,,,,,,,,444444,right,no,None,2025-05-15_10h15.20.647,RL_out-of-scanner,2024.2.4,59.32785113293065,2025-05-15 10h15.34.855566 -0500,
42,0,42,space,3.0486411000601947,None,5,1.207768699619919,None,202.54628429980949,k,0.6554614999331534,None,None,203.22800489980727,203.22834419971332,205.22722039977089,205.22727259993553,206.22762459982187,206.22766289999709,209.74377019982785,,,,,0,0,0,0,42,0,42,0,216.9918545000255,,,,,,,,,,,,,,,,,,,,,,,,,,,,,,202.54628429980949,216.97777509968728,216.9918545000255,216.9918545000255,216.9918545000255,216.9918545000255,217.65939359972253,k,0.6554614999331534,None,right,1,10,5,2,35,28,None,203.22800489980727,203.22834419971332,217.65983599983156,217.6753175999038,217.6753175999038,219.67722699977458,219.67722699977458,219.65863219974563,205.22722039977089,205.22727259993553,219.6715651997365,219.67722699977458,219.67722699977458,,,220.65905509982258,stimuli/box_coin_transparent.png,206.22762459982187,206.22766289999709,220.65915350010619,220.67573439981788,224.19246129970998,224.17521779984236,209.74377019982785,,,,,,,,,,444444,right,no,None,2025-05-15_10h15.20.647,RL_out-of-scanner,2024.2.4,59.32785113293065,2025-05-15 10h15.34.855566 -0500,
43,0,43,space,3.0486411000601947,None,5,1.207768699619919,None,209.74533060006797,k,0.29823740012943745,None,None,210.06145349983126,210.06172630004585,211.0771323000081,211.07717859977856,212.07779909996316,212.07783119985834,214.07722519990057,,,,,0,0,0,0,43,0,43,0,224.19246129970998,,,,,,,,,,,,,,,,,,,,,,,,,,,,,,209.74533060006797,224.17682230006903,224.19246129970998,224.19246129970998,224.19246129970998,224.19246129970998,224.4928607000038,k,0.29823740012943745,None,right,0,10,5,2,36,28,None,210.06145349983126,210.06172630004585,224.49321549991146,224.50981910014525,224.50981910014525,225.52548639988527,225.52548639988527,225.50854349974543,211.0771323000081,211.07717859977856,225.51723829982802,225.52548639988527,225.52548639988527,,,226.50924099981785,stimuli/box_empty_transparent.png,212.07779909996316,212.07783119985834,226.50932070007548,226.52451290003955,228.5259496998042,228.50867309980094,214.07722519990057,,,,,,,,,,444444,right,no,None,2025-05-15_10h15.20.647,RL_out-of-scanner,2024.2.4,59.32785113293065,2025-05-15 10h15.34.855566 -0500,
44,0,44,space,3.0486411000601947,None,5,1.207768699619919,None,214.0787768997252,j,0.47569700004532933,None,None,214.57851029979065,214.5788761000149,217.07691180007532,217.07696420000866,218.0785789997317,218.07861299999058,220.077642200049,,,,,0,0,0,0,44,0,44,0,228.5259496998042,,,,,,,,,,,,,,,,,,,,,,,,,,,,,,214.0787768997252,228.5102681997232,228.5259496998042,228.5259496998042,228.5259496998042,228.5259496998042,229.00991680007428,j,0.47569700004532933,None,right,0,10,5,2,36,28,None,214.57851029979065,214.5788761000149,229.01036790013313,229.02488179970533,229.02488179970533,231.5250769997947,231.5250769997947,231.50832449970767,217.07691180007532,217.07696420000866,231.51891120010987,231.5250769997947,231.5250769997947,,,232.5100198998116,stimuli/box_empty_transparent.png,218.0785789997317,218.07861299999058,232.5101028000936,232.5246862997301,234.52572500007227,234.50908980006352,220.077642200049,,,,,,,,,,444444,right,no,None,2025-05-15_10h15.20.647,RL_out-of-scanner,2024.2.4,59.32785113293065,2025-05-15 10h15.34.855566 -0500,
45,0,45,space,3.0486411000601947,None,5,1.207768699619919,None,220.07920989999548,k,0.2751674000173807,None,None,220.37906209984794,220.37934549991041,221.37824209965765,221.37827909970656,222.3767082998529,222.37674559978768,223.37742199981585,,,,,0,0,0,0,45,0,45,0,234.52572500007227,,,,,,,,,,,,,,,,,,,,,,,,,,,,,,220.07920989999548,234.51070079999045,234.52572500007227,234.52572500007227,234.52572500007227,234.52572500007227,234.81043630000204,k,0.2751674000173807,None,right,1,10,6,2,37,29,None,220.37906209984794,220.37934549991041,234.8108354001306,234.8252371000126,234.8252371000126,235.82485139975324,235.82485139975324,235.80966569995508,221.37824209965765,221.37827909970656,235.81973029999062,235.82485139975324,235.82485139975324,236.8238729997538,236.8238729997538,236.8081493997015,stimuli/box_coin_transparent.png,222.3767082998529,222.37674559978768,236.80823859991506,236.8238729997538,237.82519589969888,237.80884939990938,223.37742199981585,,,,,,,,,,444444,right,no,None,2025-05-15_10h15.20.647,RL_out-of-scanner,2024.2.4,59.32785113293065,2025-05-15 10h15.34.855566 -0500,
46,0,46,space,3.0486411000601947,None,5,1.207768699619919,None,223.3789925999008,k,0.44442930025979877,None,None,223.8451563999988,223.8454287997447,225.84406909998506,225.84410690004006,226.84405899979174,226.84409089991823,227.84368519997224,,,,,0,0,0,0,46,0,46,0,237.82519589969888,,,,,,,,,,,,,,,,,,,,,,,,,,,,,,223.3789925999008,237.810484000016,237.82519589969888,237.82519589969888,237.82519589969888,237.82519589969888,238.27653799997643,k,0.44442930025979877,None,right,0,10,6,2,38,29,None,223.8451563999988,223.8454287997447,238.27691819984466,238.29203369980678,238.29203369980678,240.29226160002872,240.29226160002872,240.27549330005422,225.84406909998506,225.84410690004006,240.2838161000982,240.29226160002872,240.29226160002872,241.2916842997074,241.2916842997074,241.275503099896,stimuli/box_empty_transparent.png,226.84405899979174,226.84409089991823,241.27557729976252,241.2916842997074,242.2937660999596,242.27512459969148,227.84368519997224,,,,,,,,,,444444,right,no,None,2025-05-15_10h15.20.647,RL_out-of-scanner,2024.2.4,59.32785113293065,2025-05-15 10h15.34.855566 -0500,
47,0,47,space,3.0486411000601947,None,5,1.207768699619919,None,227.84593300009146,k,0.3199271000921726,None,None,228.19403639994562,228.19438169989735,231.19467759970576,231.19471509987488,232.19394499994814,232.19397629983723,233.70916590001434,,,,,0,0,0,0,47,0,47,0,242.2937660999596,,,,,,,,,,,,,,,,,,,,,,,,,,,,,,227.84593300009146,242.2774374000728,242.2937660999596,242.2937660999596,242.2937660999596,242.2937660999596,242.62542019970715,k,0.3199271000921726,None,right,1,10,7,2,39,30,None,228.19403639994562,228.19438169989735,242.62588599976152,242.64088349975646,242.64088349975646,245.6413774001412,245.6413774001412,245.62610219977796,231.19467759970576,231.19471509987488,245.63589809974656,245.6413774001412,245.6413774001412,246.64119650004432,246.64119650004432,246.62538969982415,stimuli/box_coin_transparent.png,232.19394499994814,232.19397629983723,246.62546300003305,246.64119650004432,248.15723170014098,248.1406108001247,233.70916590001434,,,,,,,,,,444444,right,no,None,2025-05-15_10h15.20.647,RL_out-of-scanner,2024.2.4,59.32785113293065,2025-05-15 10h15.34.855566 -0500,
48,0,48,space,3.0486411000601947,None,5,1.207768699619919,None,233.71087699988857,k,0.2624687999486923,None,None,233.9936963999644,233.9940426996909,235.49440489988774,235.49444349994883,236.49411629978567,236.49414830002934,239.99271770007908,,,,,0,0,0,0,48,0,48,0,248.15723170014098,,,,,,,,,,,,,,,,,,,,,,,,,,,,,,233.71087699988857,248.14237609971315,248.15723170014098,248.15723170014098,248.15723170014098,248.15723170014098,248.42507269978523,k,0.2624687999486923,None,right,0,10,7,2,40,30,None,233.9936963999644,233.9940426996909,248.42554590012878,248.4407142000273,248.4407142000273,249.94102980010211,249.94102980010211,249.92583089973778,235.49440489988774,235.49444349994883,249.9343483997509,249.94102980010211,249.94102980010211,250.94102300005034,250.94102300005034,250.925560799893,stimuli/box_empty_transparent.png,236.49411629978567,236.49414830002934,250.92564809974283,250.94102300005034,254.44071679981425,254.42416629986838,239.99271770007908,,,,,,,,,,444444,right,no,None,2025-05-15_10h15.20.647,RL_out-of-scanner,2024.2.4,59.32785113293065,2025-05-15 10h15.34.855566 -0500,
49,0,49,space,3.0486411000601947,None,5,1.207768699619919,None,239.99432419985533,j,0.4827588996849954,None,None,240.49459980009124,240.49499589996412,241.99376320000738,241.99380589975044,242.99396319966763,242.99399509979412,242.99437619978562,,,,,0,0,0,0,49,0,49,0,254.44071679981425,,,,,,,,,,,,,,,,,,,,,,,,,,,,,,239.99432419985533,254.4258395000361,254.44071679981425,254.44071679981425,254.44071679981425,254.44071679981425,254.9259824999608,j,0.4827588996849954,None,right,0,10,7,2,40,30,None,240.49459980009124,240.49499589996412,254.92649240000173,254.94134119991213,254.94134119991213,256.4408637001179,256.4408637001179,256.42518079979345,241.99376320000738,241.99380589975044,256.4334843996912,256.4408637001179,256.4408637001179,257.44619659986347,257.44619659986347,257.4254096997902,stimuli/box_empty_transparent.png,242.99396319966763,242.99399509979412,257.4254807997495,257.44619659986347,257.44619659986347,257.4258297998458,242.99437619978562,,,,,,,,,,444444,right,no,None,2025-05-15_10h15.20.647,RL_out-of-scanner,2024.2.4,59.32785113293065,2025-05-15 10h15.34.855566 -0500,
0,0,0,space,3.0486411000601947,None,5,1.207768699619919,None,,,,,,,,,,,,,,,,,0,0,0,0,,,,,,,,,,,,,,,,,,,,,,,,,,,,,,,,,,,,,,,,,,,,,,,,,,,,,,,,,,,,,,,,,,,,,,,,,,,,,257.44152799993753,257.44619659986347,261.4411301999353,261.44460760010406,261.45766660012305,318.0889238999225,318.07336740009487,,,444444,right,no,None,2025-05-15_10h15.20.647,RL_out-of-scanner,2024.2.4,59.32785113293065,2025-05-15 10h15.34.855566 -0500,
0,0,0,space,21.67084759986028,None,5,1.2234792998060584,None,0.0022201002575457096,k,0.41206560004502535,None,None,0.4349242001771927,0.4351959000341594,1.4502229001373053,1.450280100107193,2.450832700356841,2.4508700002916157,4.449522000271827,,,,,1,0,1,0,0,0,0,0,341.03787599969655,,,,,,,,,,,,,,,,318.0735504999757,318.0889238999225,318.0889238999225,339.7720301998779,space,21.67084759986028,None,339.77210830012336,339.7876365999691,339.7876365999691,341.0215010996908,5,1.2234792998060584,None,0.0022201002575457096,341.0238091000356,341.03787599969655,341.03787599969655,341.03787599969655,341.03787599969655,341.456416899804,k,0.41206560004502535,None,right,1,14,1,3,41,1,None,0.4349242001771927,0.4351959000341594,341.4567736000754,341.472279000096,341.472279000096,342.48848669975996,342.48848669975996,342.471711399965,1.4502229001373053,1.450280100107193,342.48323799995705,342.48848669975996,342.48848669975996,,,343.4723481996916,stimuli/box_coin_transparent.png,2.450832700356841,2.4508700002916157,343.47245679982007,343.488197399769,345.48780759982765,345.47104940004647,4.449522000271827,,,,,,,,,,444444,right,no,None,2025-05-15_10h15.20.647,RL_out-of-scanner,2024.2.4,59.32785113293065,2025-05-15 10h15.34.855566 -0500,
1,0,1,space,21.67084759986028,None,5,1.2234792998060584,None,4.451732800342143,k,0.28344389982521534,None,None,4.751790200360119,4.752104999963194,6.250858800020069,6.250903300009668,7.251058200374246,7.251094700302929,8.751001100055873,,,,,1,0,1,0,1,0,1,0,345.48780759982765,,,,,,,,,,,,,,,,,,,,,,,,,,,,,,4.451732800342143,345.4733269996941,345.48780759982765,345.48780759982765,345.48780759982765,345.48780759982765,345.7732664998621,k,0.28344389982521534,None,right,1,14,2,3,42,2,None,4.751790200360119,4.752104999963194,345.77368879970163,345.7885674997233,345.7885674997233,347.28854750003666,347.28854750003666,347.27236569998786,6.250858800020069,6.250903300009668,347.28343109972775,347.28854750003666,347.28854750003666,348.2882305998355,348.2882305998355,348.2725855996832,stimuli/box_coin_transparent.png,7.251058200374246,7.251094700302929,348.27267410000786,348.2882305998355,349.7885569999926,349.7725359997712,8.751001100055873,,,,,,,,,,444444,right,no,None,2025-05-15_10h15.20.647,RL_out-of-scanner,2024.2.4,59.32785113293065,2025-05-15 10h15.34.855566 -0500,
2,0,2,space,21.67084759986028,None,5,1.2234792998060584,None,8.752429200336337,k,0.2939836997538805,None,None,9.068704700097442,9.068969100248069,10.06673389999196,10.066769200377166,11.067034900188446,11.067067800089717,14.067543600220233,,,,,1,0,1,0,2,0,2,0,349.7885569999926,,,,,,,,,,,,,,,,,,,,,,,,,,,,,,8.752429200336337,349.77400889992714,349.7885569999926,349.7885569999926,349.7885569999926,349.7885569999926,350.09019899973646,k,0.2939836997538805,None,right,1,14,3,3,43,3,None,9.068704700097442,9.068969100248069,350.0905462997034,350.1051004999317,350.1051004999317,351.1050575999543,351.1050575999543,351.08824810013175,10.06673389999196,10.066769200377166,351.0982463997789,351.1050575999543,351.1050575999543,,,352.08856400009245,stimuli/box_coin_transparent.png,11.067034900188446,11.067067800089717,352.08864489989355,352.1047255001031,355.1055008000694,355.0890752999112,14.067543600220233,,,,,,,,,,444444,right,no,None,2025-05-15_10h15.20.647,RL_out-of-scanner,2024.2.4,59.32785113293065,2025-05-15 10h15.34.855566 -0500,
3,0,3,space,21.67084759986028,None,5,1.2234792998060584,None,14.069003300275654,k,0.27755510015413165,None,None,14.368282299954444,14.368599500041455,16.367442700080574,16.36748050013557,17.367680000141263,17.36771100014448,18.367136800196022,,,,,1,0,1,0,3,0,3,0,355.1055008000694,,,,,,,,,,,,,,,,,,,,,,,,,,,,,,14.069003300275654,355.0905832997523,355.1055008000694,355.1055008000694,355.1055008000694,355.1055008000694,355.3897766000591,k,0.27755510015413165,None,right,1,14,4,3,44,4,None,14.368282299954444,14.368599500041455,355.3901786999777,355.405199999921,355.405199999921,357.4045691001229,357.4045691001229,357.3889576997608,16.367442700080574,16.36748050013557,357.398719899822,357.4045691001229,357.4045691001229,358.40527779981494,358.40527779981494,358.38921059994027,stimuli/box_coin_transparent.png,17.367680000141263,17.36771100014448,358.3892868999392,358.40527779981494,359.4052931996994,359.38867150014266,18.367136800196022,,,,,,,,,,444444,right,no,None,2025-05-15_10h15.20.647,RL_out-of-scanner,2024.2.4,59.32785113293065,2025-05-15 10h15.34.855566 -0500,
4,0,4,space,21.67084759986028,None,5,1.2234792998060584,None,18.368584700394422,k,0.32398199988529086,None,None,18.717360500246286,18.717643400188535,19.717458200175315,19.717494800221175,20.717099300120026,20.717134300153702,23.21642060019076,,,,,1,0,1,0,4,0,4,0,359.4052931996994,,,,,,,,,,,,,,,,,,,,,,,,,,,,,,18.368584700394422,359.39016429986805,359.4052931996994,359.4052931996994,359.4052931996994,359.4052931996994,359.7388430000283,k,0.32398199988529086,None,right,1,14,5,3,45,5,None,18.717360500246286,18.717643400188535,359.73922220012173,359.75458170007914,359.75458170007914,360.7551188999787,360.7551188999787,360.7389747998677,19.717458200175315,19.717494800221175,360.7498176000081,360.7551188999787,360.7551188999787,361.75435369974,361.75435369974,361.73862929968163,stimuli/box_coin_transparent.png,20.717099300120026,20.717134300153702,361.7387117999606,361.75435369974,364.2545576998964,364.2379561001435,23.21642060019076,,,,,,,,,,444444,right,no,None,2025-05-15_10h15.20.647,RL_out-of-scanner,2024.2.4,59.32785113293065,2025-05-15 10h15.34.855566 -0500,
5,0,5,space,21.67084759986028,None,5,1.2234792998060584,None,23.217917799949646,k,0.36780459992587566,None,None,23.61770230019465,23.617973000276834,27.116082900203764,27.116135500371456,28.116241100244224,28.116275900043547,30.1159372003749,,,,,1,0,1,0,5,0,5,0,364.2545576998964,,,,,,,,,,,,,,,,,,,,,,,,,,,,,,23.217917799949646,364.2394975000061,364.2545576998964,364.2545576998964,364.2545576998964,364.2545576998964,364.63918629987165,k,0.36780459992587566,None,right,1,14,6,3,46,6,None,23.61770230019465,23.617973000276834,364.63955109985545,364.6545461998321,364.6545461998321,368.1543370997533,368.1543370997533,368.13758410001174,27.116082900203764,27.116135500371456,368.1491767000407,368.1543370997533,368.1543370997533,,,369.13777029979974,stimuli/box_coin_transparent.png,28.116241100244224,28.116275900043547,369.13785459985957,369.1536721996963,371.1543068001047,371.1374678998254,30.1159372003749,,,,,,,,,,444444,right,no,None,2025-05-15_10h15.20.647,RL_out-of-scanner,2024.2.4,59.32785113293065,2025-05-15 10h15.34.855566 -0500,
6,0,6,space,21.67084759986028,None,5,1.2234792998060584,None,30.117823400069028,k,0.3088174001313746,None,None,30.451370100025088,30.45168359996751,31.450599600095302,31.450638100039214,32.44929470028728,32.4493309003301,33.45039870031178,,,,,1,0,1,0,6,0,6,0,371.1543068001047,,,,,,,,,,,,,,,,,,,,,,,,,,,,,,30.117823400069028,371.13940879981965,371.1543068001047,371.1543068001047,371.1543068001047,371.1543068001047,371.47284699976444,k,0.3088174001313746,None,right,1,14,7,3,47,7,None,30.451370100025088,30.45168359996751,371.4732674998231,371.48851560009643,371.48851560009643,372.4875726001337,372.4875726001337,372.4721141997725,31.450599600095302,31.450638100039214,372.48221040004864,372.4875726001337,372.4875726001337,373.4864770998247,373.4864770998247,373.47082299971953,stimuli/box_coin_transparent.png,32.44929470028728,32.4493309003301,373.47091230005026,373.4864770998247,374.487759700045,374.47193250013515,33.45039870031178,,,,,,,,,,444444,right,no,None,2025-05-15_10h15.20.647,RL_out-of-scanner,2024.2.4,59.32785113293065,2025-05-15 10h15.34.855566 -0500,
7,0,7,space,21.67084759986028,None,5,1.2234792998060584,None,33.451856000348926,k,0.2749751997180283,None,None,33.750403800047934,33.75070520024747,35.750137200113386,35.75017500016838,36.7666080002673,36.76664640009403,38.76518450025469,,,,,1,0,1,0,7,0,7,0,374.487759700045,,,,,,,,,,,,,,,,,,,,,,,,,,,,,,33.451856000348926,374.4734358000569,374.487759700045,374.487759700045,374.487759700045,374.487759700045,374.7718976996839,k,0.2749751997180283,None,right,0,14,7,3,48,7,None,33.750403800047934,33.75070520024747,374.77228439971805,374.7871400001459,374.7871400001459,376.7886827001348,376.7886827001348,376.7716512000188,35.750137200113386,35.75017500016838,376.7799851000309,376.7886827001348,376.7886827001348,,,377.78812339995056,stimuli/box_empty_transparent.png,36.7666080002673,36.76664640009403,377.7882300997153,377.80383160011843,379.80355719989166,379.78671310003847,38.76518450025469,,,,,,,,,,444444,right,no,None,2025-05-15_10h15.20.647,RL_out-of-scanner,2024.2.4,59.32785113293065,2025-05-15 10h15.34.855566 -0500,
8,0,8,space,21.67084759986028,None,5,1.2234792998060584,None,38.76734990021214,j,1.415127499960363,None,None,40.2003238000907,40.20065180025995,43.20029200008139,43.200330700259656,44.19900709996,44.19904390024021,45.69904200034216,,,,,1,0,1,0,8,0,8,0,379.80355719989166,,,,,,,,,,,,,,,,,,,,,,,,,,,,,,38.76734990021214,379.78894349979237,379.80355719989166,379.80355719989166,379.80355719989166,379.80355719989166,381.22181760007516,j,1.415127499960363,None,right,0,14,7,3,48,7,None,40.2003238000907,40.20065180025995,381.2222297000699,381.2382296998985,381.2382296998985,384.23734170012176,384.23734170012176,384.22180570010096,43.20029200008139,43.200330700259656,384.2300427998416,384.23734170012176,384.23734170012176,385.2368938000873,385.2368938000873,385.22052989993244,stimuli/box_empty_transparent.png,44.19900709996,44.19904390024021,385.22061940003186,385.2368938000873,386.7373705999926,386.7205767999403,45.69904200034216,,,,,,,,,,444444,right,no,None,2025-05-15_10h15.20.647,RL_out-of-scanner,2024.2.4,59.32785113293065,2025-05-15 10h15.34.855566 -0500,
9,0,9,space,21.67084759986028,None,5,1.2234792998060584,None,45.70055090030655,k,0.29967719968408346,None,None,46.01768460031599,46.01794819999486,47.51708899997175,47.517123700119555,48.516898800153285,48.51692880038172,50.516551699955016,,,,,1,0,1,0,9,0,9,0,386.7373705999926,,,,,,,,,,,,,,,,,,,,,,,,,,,,,,45.70055090030655,386.7221304997802,386.7373705999926,386.7373705999926,386.7373705999926,386.7373705999926,387.03917709970847,k,0.29967719968408346,None,right,0,14,7,3,49,7,None,46.01768460031599,46.01794819999486,387.03952559968457,387.0539166997187,387.0539166997187,388.55376259982586,388.55376259982586,388.53860390000045,47.51708899997175,47.517123700119555,388.54703040001914,388.55376259982586,388.55376259982586,389.5538173997775,389.5538173997775,389.5384316998534,stimuli/box_empty_transparent.png,48.516898800153285,48.51692880038172,389.5385062000714,389.5538173997775,391.5543442000635,391.538086600136,50.516551699955016,,,,,,,,,,444444,right,no,None,2025-05-15_10h15.20.647,RL_out-of-scanner,2024.2.4,59.32785113293065,2025-05-15 10h15.34.855566 -0500,
10,0,10,space,21.67084759986028,None,5,1.2234792998060584,None,50.51866940036416,j,0.7354141999967396,None,None,51.28660800028592,51.28697150014341,52.78265540022403,52.782692700158805,53.78291220031679,53.78294449998066,54.782519300002605,,,,,1,0,1,0,10,0,10,0,391.5543442000635,,,,,,,,,,,,,,,,,,,,,,,,,,,,,,50.51866940036416,391.54024920007214,391.5543442000635,391.5543442000635,391.5543442000635,391.5543442000635,392.30809699976817,j,0.7354141999967396,None,right,0,14,7,3,49,7,None,51.28660800028592,51.28697150014341,392.30855139996856,392.321126899682,392.321126899682,393.8209004998207,393.8209004998207,393.80416959989816,52.78265540022403,52.782692700158805,393.8124881000258,393.8209004998207,393.8209004998207,394.8200038000941,394.8200038000941,394.8044441998936,stimuli/box_empty_transparent.png,53.78291220031679,53.78294449998066,394.8045222000219,394.8200038000941,395.82041750010103,395.8040535999462,54.782519300002605,,,,,,,,,,444444,right,no,None,2025-05-15_10h15.20.647,RL_out-of-scanner,2024.2.4,59.32785113293065,2025-05-15 10h15.34.855566 -0500,
11,0,11,space,21.67084759986028,None,5,1.2234792998060584,None,54.78399610007182,k,0.3034021998755634,None,None,55.11707579996437,55.117465700022876,57.116578600369394,57.11662590038031,58.11647080024704,58.11650460027158,59.616039500106126,,,,,1,0,1,0,11,0,11,0,395.82041750010103,,,,,,,,,,,,,,,,,,,,,,,,,,,,,,54.78399610007182,395.80557610001415,395.82041750010103,395.82041750010103,395.82041750010103,395.82041750010103,396.1385423000902,k,0.3034021998755634,None,right,1,14,8,3,50,8,None,55.11707579996437,55.117465700022876,396.13905930006877,396.15308309998363,396.15308309998363,398.1534970998764,398.1534970998764,398.1380833997391,57.116578600369394,57.11662590038031,398.14824449969456,398.1534970998764,398.1534970998764,399.15340049983934,399.15340049983934,399.13800220005214,stimuli/box_coin_transparent.png,58.11647080024704,58.11650460027158,399.13808010006323,399.15340049983934,400.65360559988767,400.63757009990513,59.616039500106126,,,,,,,,,,444444,right,no,None,2025-05-15_10h15.20.647,RL_out-of-scanner,2024.2.4,59.32785113293065,2025-05-15 10h15.34.855566 -0500,
12,0,12,space,21.67084759986028,None,5,1.2234792998060584,None,59.617621100042015,k,0.23788939975202084,None,None,59.88362560002133,59.883939400315285,60.88162650028244,60.88167110038921,61.881792000029236,61.881834000349045,64.88211270002648,,,,,1,0,1,0,12,0,12,0,400.65360559988767,,,,,,,,,,,,,,,,,,,,,,,,,,,,,,59.617621100042015,400.63920089975,400.65360559988767,400.65360559988767,400.65360559988767,400.65360559988767,400.90510049974546,k,0.23788939975202084,None,right,1,14,9,3,51,9,None,59.88362560002133,59.883939400315285,400.90552299981937,400.9200861998834,400.9200861998834,401.9199093999341,401.9199093999341,401.90313720004633,60.88162650028244,60.88167110038921,401.9137356998399,401.9199093999341,401.9199093999341,,,402.90331640001386,stimuli/box_coin_transparent.png,61.881792000029236,61.881834000349045,402.9034200999886,402.9192312997766,405.9200201998465,405.90364809986204,64.88211270002648,,,,,,,,,,444444,right,no,None,2025-05-15_10h15.20.647,RL_out-of-scanner,2024.2.4,59.32785113293065,2025-05-15 10h15.34.855566 -0500,
13,0,13,space,21.67084759986028,None,5,1.2234792998060584,None,64.88359760027379,k,0.2696554996073246,None,None,65.18314940016717,65.18341509997845,65.68245320022106,65.68249850021675,66.68170130020007,66.68173770001158,68.68278250005096,,,,,1,0,1,0,13,0,13,0,405.9200201998465,,,,,,,,,,,,,,,,,,,,,,,,,,,,,,64.88359760027379,405.90517769986764,405.9200201998465,405.9200201998465,405.9200201998465,405.9200201998465,406.2046444998123,k,0.2696554996073246,None,right,1,14,10,3,52,10,None,65.18314940016717,65.18341509997845,406.2049926999025,406.22006519977003,406.22006519977003,406.720070600044,406.720070600044,406.7039576997049,65.68245320022106,65.68249850021675,406.71421949984506,406.720070600044,406.720070600044,407.71888760011643,407.71888760011643,407.70322469994426,stimuli/box_coin_transparent.png,66.68170130020007,66.68173770001158,407.7033148999326,407.71888760011643,409.71954810013995,409.704313499853,68.68278250005096,,,,,,,,,,444444,right,no,None,2025-05-15_10h15.20.647,RL_out-of-scanner,2024.2.4,59.32785113293065,2025-05-15 10h15.34.855566 -0500,
14,0,14,space,21.67084759986028,None,5,1.2234792998060584,None,68.68429640028626,k,0.29450959991663694,None,None,69.00347750028595,69.0037442999892,70.49912849999964,70.49916640017182,71.49906609999016,71.49909650022164,72.51421139994636,,,,,1,0,1,0,14,0,14,0,409.71954810013995,,,,,,,,,,,,,,,,,,,,,,,,,,,,,,68.68429640028626,409.7058763001114,409.71954810013995,409.71954810013995,409.71954810013995,409.71954810013995,410.0249700997956,k,0.29450959991663694,None,right,0,14,10,3,53,10,None,69.00347750028595,69.0037442999892,410.0253216000274,410.03602829994634,410.03602829994634,411.5371793000959,411.5371793000959,411.5206439998001,70.49912849999964,70.49916640017182,411.528895100113,411.5371793000959,411.5371793000959,412.5365385999903,412.5365385999903,412.5205985996872,stimuli/box_empty_transparent.png,71.49906609999016,71.49909650022164,412.52067109989,412.5365385999903,413.5523112998344,413.5357437999919,72.51421139994636,,,,,,,,,,444444,right,no,None,2025-05-15_10h15.20.647,RL_out-of-scanner,2024.2.4,59.32785113293065,2025-05-15 10h15.34.855566 -0500,
15,0,15,space,21.67084759986028,None,5,1.2234792998060584,None,72.51591810025275,k,0.5565181998535991,None,None,73.09885120019317,73.09920870000497,74.09902970027179,74.09907570015639,75.09914140030742,75.09917910024524,77.09879360022023,,,,,1,0,1,0,15,0,15,0,413.5523112998344,,,,,,,,,,,,,,,,,,,,,,,,,,,,,,72.51591810025275,413.5375055000186,413.5523112998344,413.5523112998344,413.5523112998344,413.5523112998344,414.1203179000877,k,0.5565181998535991,None,right,0,14,10,3,54,10,None,73.09885120019317,73.09920870000497,414.1208019996993,414.13601889973506,414.13601889973506,415.1362808998674,415.1362808998674,415.12053559999913,74.09902970027179,74.09907570015639,415.1290519000031,415.1362808998674,415.1362808998674,416.1367242000997,416.1367242000997,416.120669899974,stimuli/box_empty_transparent.png,75.09914140030742,75.09917910024524,416.12076079985127,416.1367242000997,418.1363546997309,418.12032470013946,77.09879360022023,,,,,,,,,,444444,right,no,None,2025-05-15_10h15.20.647,RL_out-of-scanner,2024.2.4,59.32785113293065,2025-05-15 10h15.34.855566 -0500,
16,0,16,space,21.67084759986028,None,5,1.2234792998060584,None,77.10035940026864,j,0.25388479977846146,None,None,77.38291350007057,77.38329550018534,79.38206080021337,79.38211440015584,80.38192549999803,80.38195770001039,81.38140830025077,,,,,1,0,1,0,16,0,16,0,418.1363546997309,,,,,,,,,,,,,,,,,,,,,,,,,,,,,,77.10035940026864,418.12193970009685,418.1363546997309,418.1363546997309,418.1363546997309,418.1363546997309,418.4044061996974,j,0.25388479977846146,None,right,0,14,10,3,54,10,None,77.38291350007057,77.38329550018534,418.4048755001277,418.4197998000309,418.4197998000309,420.4204433998093,420.4204433998093,420.4035573997535,79.38206080021337,79.38211440015584,420.41198109975085,420.4204433998093,420.4204433998093,421.41918329987675,421.41918329987675,421.4034563996829,stimuli/box_empty_transparent.png,80.38192549999803,80.38195770001039,421.40353549970314,421.41918329987675,422.4196196999401,422.4029430998489,81.38140830025077,,,,,,,,,,444444,right,no,None,2025-05-15_10h15.20.647,RL_out-of-scanner,2024.2.4,59.32785113293065,2025-05-15 10h15.34.855566 -0500,
17,0,17,space,21.67084759986028,None,5,1.2234792998060584,None,81.383135500364,k,0.23716869996860623,None,None,81.6496838000603,81.64995280001312,82.64859390025958,82.64863080019131,83.6488890000619,83.64892050018534,84.64784310013056,,,,,1,0,1,0,17,0,17,0,422.4196196999401,,,,,,,,,,,,,,,,,,,,,,,,,,,,,,81.383135500364,422.404715300072,422.4196196999401,422.4196196999401,422.4196196999401,422.4196196999401,422.6711760000326,k,0.23716869996860623,None,right,1,14,11,3,55,11,None,81.6496838000603,81.64995280001312,422.6715294998139,422.6861743000336,422.6861743000336,423.6859977999702,423.6859977999702,423.6701088999398,82.64859390025958,82.64863080019131,423.6801657998003,423.6859977999702,423.6859977999702,424.685274399817,424.685274399817,424.67042079987004,stimuli/box_coin_transparent.png,83.6488890000619,83.64892050018534,424.670495999977,424.685274399817,425.68565639993176,425.6693750000559,84.64784310013056,,,,,,,,,,444444,right,no,None,2025-05-15_10h15.20.647,RL_out-of-scanner,2024.2.4,59.32785113293065,2025-05-15 10h15.34.855566 -0500,
18,0,18,space,21.67084759986028,None,5,1.2234792998060584,None,84.64966450026259,k,0.2605685000307858,None,None,84.93264310015365,84.93290879996493,88.43191140005365,88.43194989999756,89.43101260019466,89.43105590017512,91.43182610021904,,,,,1,0,1,0,18,0,18,0,425.68565639993176,,,,,,,,,,,,,,,,,,,,,,,,,,,,,,84.64966450026259,425.67125329980627,425.68565639993176,425.68565639993176,425.68565639993176,425.68565639993176,425.9541354998946,k,0.2605685000307858,None,right,1,14,12,3,56,12,None,84.93264310015365,84.93290879996493,425.9544862001203,425.97003849968314,425.97003849968314,429.4690956999548,429.4690956999548,429.45342519972473,88.43191140005365,88.43194989999756,429.46363950008526,429.4690956999548,429.4690956999548,430.46812540013343,430.46812540013343,430.45253619970754,stimuli/box_coin_transparent.png,89.43101260019466,89.43105590017512,430.45264489995316,430.46812540013343,432.4695031000301,432.45336199970916,91.43182610021904,,,,,,,,,,444444,right,no,None,2025-05-15_10h15.20.647,RL_out-of-scanner,2024.2.4,59.32785113293065,2025-05-15 10h15.34.855566 -0500,
19,0,19,space,21.67084759986028,None,5,1.2234792998060584,None,91.43348000012338,k,0.2896499000489712,None,None,91.7491895002313,91.74951600003988,92.74851910024881,92.74855619994923,93.74872970022261,93.74876220012084,95.26355310017243,,,,,1,0,1,0,19,0,19,0,432.4695031000301,,,,,,,,,,,,,,,,,,,,,,,,,,,,,,91.43348000012338,432.45506569975987,432.4695031000301,432.4695031000301,432.4695031000301,432.4695031000301,432.7706661000848,k,0.2896499000489712,None,right,1,14,13,3,57,13,None,91.7491895002313,91.74951600003988,432.7711006999016,432.7857919000089,432.7857919000089,433.7856728998013,433.7856728998013,433.7700350000523,92.74851910024881,92.74855619994923,433.78025239985436,433.7856728998013,433.7856728998013,434.78566349996254,434.78566349996254,434.77026099991053,stimuli/box_coin_transparent.png,93.74872970022261,93.74876220012084,434.7703383998014,434.78566349996254,436.3019264000468,436.2850883998908,95.26355310017243,,,,,,,,,,444444,right,no,None,2025-05-15_10h15.20.647,RL_out-of-scanner,2024.2.4,59.32785113293065,2025-05-15 10h15.34.855566 -0500,
20,0,20,space,21.67084759986028,None,5,1.2234792998060584,None,95.26499040005729,k,0.22155559994280338,None,None,95.51492070034146,95.51521810004488,97.51495660003275,97.51500080013648,98.51504490012303,98.51508160028607,100.51453889999539,,,,,1,0,1,0,20,0,20,0,436.3019264000468,,,,,,,,,,,,,,,,,,,,,,,,,,,,,,95.26499040005729,436.2865713997744,436.3019264000468,436.3019264000468,436.3019264000468,436.3019264000468,436.53640029998496,k,0.22155559994280338,None,right,1,14,14,3,58,14,None,95.51492070034146,95.51521810004488,436.53680239990354,436.55182219995186,436.55182219995186,438.5520848999731,438.5520848999731,438.5364628001116,97.51495660003275,97.51500080013648,438.54656489985064,438.5520848999731,438.5520848999731,439.55160119989887,439.55160119989887,439.5365726999007,stimuli/box_coin_transparent.png,98.51504490012303,98.51508160028607,439.536660999991,439.55160119989887,441.5525225996971,441.5360753000714,100.51453889999539,,,,,,,,,,444444,right,no,None,2025-05-15_10h15.20.647,RL_out-of-scanner,2024.2.4,59.32785113293065,2025-05-15 10h15.34.855566 -0500,
21,0,21,space,21.67084759986028,None,5,1.2234792998060584,None,100.51605740003288,k,0.4412987995892763,None,None,100.98106090025976,100.98135020025074,103.98132630018517,103.98136360011995,104.9816368999891,104.98166940035298,106.47998540010303,,,,,1,0,1,0,21,0,21,0,441.5525225996971,,,,,,,,,,,,,,,,,,,,,,,,,,,,,,100.51605740003288,441.53764679981396,441.5525225996971,441.5525225996971,441.5525225996971,441.5525225996971,442.0025407001376,k,0.4412987995892763,None,left,1,8,0,4,58,14,None,100.98106090025976,100.98135020025074,442.0029346998781,442.01833220012486,442.01833220012486,445.01998429978266,445.01998429978266,445.0028412998654,103.98132630018517,103.98136360011995,445.01122199976817,445.01998429978266,445.01998429978266,,,446.0031666001305,stimuli/box_empty_transparent.png,104.9816368999891,104.98166940035298,446.0032477998175,446.01842939993367,447.5181368999183,447.5015127998777,106.47998540010303,,,,,,,,,,444444,right,no,None,2025-05-15_10h15.20.647,RL_out-of-scanner,2024.2.4,59.32785113293065,2025-05-15 10h15.34.855566 -0500,
22,0,22,space,21.67084759986028,None,5,1.2234792998060584,None,106.48215760011226,k,0.4586078003048897,None,None,106.96470570005476,106.96503720013425,108.46470060013235,108.46474280022085,109.46433410001919,109.4643642003648,111.46460640011355,,,,,1,0,1,0,22,0,22,0,447.5181368999183,,,,,,,,,,,,,,,,,,,,,,,,,,,,,,106.48215760011226,447.5037511996925,447.5181368999183,447.5181368999183,447.5181368999183,447.5181368999183,447.9861626001075,k,0.4586078003048897,None,left,1,8,0,4,58,14,None,106.96470570005476,106.96503720013425,447.9866236997768,448.0015265997499,448.0015265997499,449.50272989971563,449.50272989971563,449.48620529985055,108.46470060013235,108.46474280022085,449.4944333997555,449.50272989971563,449.50272989971563,450.5017904001288,450.5017904001288,450.4858673000708,stimuli/box_empty_transparent.png,109.46433410001919,109.4643642003648,450.48593840003014,450.5017904001288,452.50239379983395,452.4861368997954,111.46460640011355,,,,,,,,,,444444,right,no,None,2025-05-15_10h15.20.647,RL_out-of-scanner,2024.2.4,59.32785113293065,2025-05-15 10h15.34.855566 -0500,
23,0,23,space,21.67084759986028,None,5,1.2234792998060584,None,111.46616640035063,j,0.4384738998487592,None,None,111.93171020038426,111.93212620029226,113.43168599996716,113.43172410037369,114.43103940039873,114.43107050005347,115.93145220028237,,,,,1,0,1,0,23,0,23,0,452.50239379983395,,,,,,,,,,,,,,,,,,,,,,,,,,,,,,111.46616640035063,452.4877462997101,452.50239379983395,452.50239379983395,452.50239379983395,452.50239379983395,452.95319209992886,j,0.4384738998487592,None,left,1,8,1,4,59,15,None,111.93171020038426,111.93212620029226,452.9537121998146,452.9689428000711,452.9689428000711,454.4681450999342,454.4681450999342,454.45319959986955,113.43168599996716,113.43172410037369,454.4629528997466,454.4681450999342,454.4681450999342,455.4681874997914,455.4681874997914,455.4525703000836,stimuli/box_coin_transparent.png,114.43103940039873,114.43107050005347,455.45264620007947,455.4681874997914,456.96856509987265,456.9529870999977,115.93145220028237,,,,,,,,,,444444,right,no,None,2025-05-15_10h15.20.647,RL_out-of-scanner,2024.2.4,59.32785113293065,2025-05-15 10h15.34.855566 -0500,
24,0,24,space,21.67084759986028,None,5,1.2234792998060584,None,115.93296320037916,j,0.25581450015306473,None,None,116.21493740007281,116.21535350009799,118.21348150027916,118.21353240031749,119.21357010025531,119.21360160037875,120.7150516002439,,,,,1,0,1,0,24,0,24,0,456.96856509987265,,,,,,,,,,,,,,,,,,,,,,,,,,,,,,115.93296320037916,456.9545427998528,456.96856509987265,456.96856509987265,456.96856509987265,456.96856509987265,457.2364157997072,j,0.25581450015306473,None,left,0,8,1,4,60,15,None,116.21493740007281,116.21535350009799,457.23693799972534,457.2521085999906,457.2521085999906,459.2514122999273,459.2514122999273,459.23498329985887,118.21348150027916,118.21353240031749,459.2457070997916,459.2514122999273,459.2514122999273,460.2506761997938,460.2506761997938,460.2351017999463,stimuli/box_empty_transparent.png,119.21357010025531,119.21360160037875,460.2351763998158,460.2506761997938,461.7522934000008,461.736585999839,120.7150516002439,,,,,,,,,,444444,right,no,None,2025-05-15_10h15.20.647,RL_out-of-scanner,2024.2.4,59.32785113293065,2025-05-15 10h15.34.855566 -0500,
25,0,25,space,21.67084759986028,None,5,1.2234792998060584,None,120.71653009997681,k,0.23232539976015687,None,None,120.9652844001539,120.96560130035505,121.96450809994712,121.96455360017717,122.96406899997965,122.96410570014268,126.46358120022342,,,,,1,0,1,0,25,0,25,0,461.7522934000008,,,,,,,,,,,,,,,,,,,,,,,,,,,,,,120.71653009997681,461.7381091997959,461.7522934000008,461.7522934000008,461.7522934000008,461.7522934000008,461.98675230005756,k,0.23232539976015687,None,left,0,8,1,4,60,15,None,120.9652844001539,120.96560130035505,461.9871851000935,462.00218029972166,462.00218029972166,463.00148799968883,463.00148799968883,462.9860129998997,121.96450809994712,121.96455360017717,462.9948033001274,463.00148799968883,463.00148799968883,464.0004187999293,464.0004187999293,463.98559710010886,stimuli/box_empty_transparent.png,122.96406899997965,122.96410570014268,463.98568989988416,464.0004187999293,467.50186219997704,467.4851155998185,126.46358120022342,,,,,,,,,,444444,right,no,None,2025-05-15_10h15.20.647,RL_out-of-scanner,2024.2.4,59.32785113293065,2025-05-15 10h15.34.855566 -0500,
26,0,26,space,21.67084759986028,None,5,1.2234792998060584,None,126.46501100016758,j,0.2825645999982953,None,None,126.76526060001925,126.7656620000489,127.26414120011032,127.264179199934,128.26388240000233,128.2639138000086,131.76362190023065,,,,,1,0,1,0,26,0,26,0,467.50186219997704,,,,,,,,,,,,,,,,,,,,,,,,,,,,,,126.46501100016758,467.48659009998664,467.50186219997704,467.50186219997704,467.50186219997704,467.50186219997704,467.786736600101,j,0.2825645999982953,None,left,1,8,2,4,61,16,None,126.76526060001925,126.7656620000489,467.7872465001419,467.8018672997132,467.8018672997132,468.3014675998129,468.3014675998129,468.2856541997753,127.26414120011032,127.264179199934,468.2955507999286,468.3014675998129,468.3014675998129,469.30116009991616,469.30116009991616,469.2854130999185,stimuli/box_coin_transparent.png,128.26388240000233,128.2639138000086,469.2854887000285,469.30116009991616,472.8013407001272,472.78515259968117,131.76362190023065,,,,,,,,,,444444,right,no,None,2025-05-15_10h15.20.647,RL_out-of-scanner,2024.2.4,59.32785113293065,2025-05-15 10h15.34.855566 -0500,
27,0,27,space,21.67084759986028,None,5,1.2234792998060584,None,131.76521080033854,j,0.2421446000225842,None,None,132.0318780001253,132.03226100001484,133.5305381002836,133.53057670034468,134.5308503000997,134.53088230034336,135.54564730031416,,,,,1,0,1,0,27,0,27,0,472.8013407001272,,,,,,,,,,,,,,,,,,,,,,,,,,,,,,131.76521080033854,472.786790299695,472.8013407001272,472.8013407001272,472.8013407001272,472.8013407001272,473.0533543000929,j,0.2421446000225842,None,left,1,8,3,4,62,17,None,132.0318780001253,132.03226100001484,473.05384110007435,473.0684365998022,473.0684365998022,474.56808120012283,474.56808120012283,474.5520524000749,133.5305381002836,133.53057670034468,474.5620129997842,474.56808120012283,474.56808120012283,475.5677835997194,475.5677835997194,475.55238190013915,stimuli/box_coin_transparent.png,134.5308503000997,134.53088230034336,475.5524570001289,475.5677835997194,476.5839335997589,476.5671783997677,135.54564730031416,,,,,,,,,,444444,right,no,None,2025-05-15_10h15.20.647,RL_out-of-scanner,2024.2.4,59.32785113293065,2025-05-15 10h15.34.855566 -0500,
28,0,28,space,21.67084759986028,None,5,1.2234792998060584,None,135.54792740009725,j,0.7291538999415934,None,None,136.29792140005156,136.29825140023604,137.2972715003416,137.29730910016224,138.29777580033988,138.29780800035223,141.796814000234,,,,,1,0,1,0,28,0,28,0,476.5839335997589,,,,,,,,,,,,,,,,,,,,,,,,,,,,,,135.54792740009725,476.5695214997977,476.5839335997589,476.5839335997589,476.5839335997589,476.5839335997589,477.3194116000086,j,0.7291538999415934,None,left,1,8,4,4,63,18,None,136.29792140005156,136.29825140023604,477.31982949981466,477.3349224999547,477.3349224999547,478.33429030003026,478.33429030003026,478.31878479989246,137.2972715003416,137.29730910016224,478.3287650998682,478.33429030003026,478.33429030003026,479.3336910000071,479.3336910000071,479.3193071000278,stimuli/box_coin_transparent.png,138.29777580033988,138.29780800035223,479.3193842996843,479.3336910000071,482.83497540000826,482.8183454996906,141.796814000234,,,,,,,,,,444444,right,no,None,2025-05-15_10h15.20.647,RL_out-of-scanner,2024.2.4,59.32785113293065,2025-05-15 10h15.34.855566 -0500,
29,0,29,space,21.67084759986028,None,5,1.2234792998060584,None,141.79840510012582,j,0.29207579977810383,None,None,142.1141540003009,142.11449770024046,144.11346350004897,144.1135062002577,145.11355320038274,145.11359040020034,146.11372800031677,,,,,1,0,1,0,29,0,29,0,482.83497540000826,,,,,,,,,,,,,,,,,,,,,,,,,,,,,,141.79840510012582,482.8199847000651,482.83497540000826,482.83497540000826,482.83497540000826,482.83497540000826,483.1356492997147,j,0.29207579977810383,None,left,0,8,4,4,64,18,None,142.1141540003009,142.11449770024046,483.1360786999576,483.15051160007715,483.15051160007715,485.1506531997584,485.1506531997584,485.1349709997885,144.11346350004897,144.1135062002577,485.14329360006377,485.1506531997584,485.1506531997584,486.1510050999932,486.1510050999932,486.13508309982717,stimuli/box_empty_transparent.png,145.11355320038274,145.11359040020034,486.13517209980637,486.1510050999932,487.1511599998921,487.1352627999149,146.11372800031677,,,,,,,,,,444444,right,no,None,2025-05-15_10h15.20.647,RL_out-of-scanner,2024.2.4,59.32785113293065,2025-05-15 10h15.34.855566 -0500,
30,0,30,space,21.67084759986028,None,5,1.2234792998060584,None,146.1151936003007,k,0.3398552001453936,None,None,146.47976560005918,146.4800227000378,147.48029970005155,147.48034470016137,148.4798388001509,148.4798743003048,149.47956190025434,,,,,1,0,1,0,30,0,30,0,487.1511599998921,,,,,,,,,,,,,,,,,,,,,,,,,,,,,,146.1151936003007,487.1367719997652,487.1511599998921,487.1511599998921,487.1511599998921,487.1511599998921,487.50125959981233,k,0.3398552001453936,None,left,0,8,4,4,64,18,None,146.47976560005918,146.4800227000378,487.50160189997405,487.5168980997987,487.5168980997987,488.51754279993474,488.51754279993474,488.5018074000254,147.48029970005155,147.48034470016137,488.5108640999533,488.51754279993474,488.51754279993474,489.5171797000803,489.5171797000803,489.5013672998175,stimuli/box_empty_transparent.png,148.4798388001509,148.4798743003048,489.5014545000158,489.5171797000803,490.5183803997934,490.50109610008076,149.47956190025434,,,,,,,,,,444444,right,no,None,2025-05-15_10h15.20.647,RL_out-of-scanner,2024.2.4,59.32785113293065,2025-05-15 10h15.34.855566 -0500,
31,0,31,space,21.67084759986028,None,5,1.2234792998060584,None,149.4811467002146,j,0.2572313002310693,None,None,149.76407260028645,149.7644750000909,152.76330830017105,152.76335659995675,153.7633235002868,153.7633561003022,156.26338910032064,,,,,1,0,1,0,31,0,31,0,490.5183803997934,,,,,,,,,,,,,,,,,,,,,,,,,,,,,,149.4811467002146,490.50272660003975,490.5183803997934,490.5183803997934,490.5183803997934,490.5183803997934,490.785551100038,j,0.2572313002310693,None,left,1,8,5,4,65,19,None,149.76407260028645,149.7644750000909,490.78606009995565,490.80060479976237,490.80060479976237,493.80149530014023,493.80149530014023,493.7848112001084,152.76330830017105,152.76335659995675,493.79607919976115,493.80149530014023,493.80149530014023,494.80062779970467,494.80062779970467,494.7848557997495,stimuli/box_coin_transparent.png,153.7633235002868,153.7633561003022,494.7849318999797,494.80062779970467,497.30119040003046,497.28492499981076,156.26338910032064,,,,,,,,,,444444,right,no,None,2025-05-15_10h15.20.647,RL_out-of-scanner,2024.2.4,59.32785113293065,2025-05-15 10h15.34.855566 -0500,
32,0,32,space,21.67084759986028,None,5,1.2234792998060584,None,156.26491060014814,j,0.26905510015785694,None,None,156.56426080036908,156.56468760035932,157.56369410036132,157.56373920012265,158.56309329997748,158.56313320016488,159.56749220006168,,,,,1,0,1,0,32,0,32,0,497.30119040003046,,,,,,,,,,,,,,,,,,,,,,,,,,,,,,156.26491060014814,497.2865001000464,497.30119040003046,497.30119040003046,497.30119040003046,497.30119040003046,497.5857388000004,j,0.26905510015785694,None,left,0,8,5,4,66,19,None,156.56426080036908,156.56468760035932,497.58627229975536,497.60073160007596,497.60073160007596,498.60052189975977,498.60052189975977,498.58520280011,157.56369410036132,157.56373920012265,498.5946976998821,498.60052189975977,498.60052189975977,499.5997176999226,499.5997176999226,499.584618399851,stimuli/box_empty_transparent.png,158.56309329997748,158.56313320016488,499.5847185999155,499.5997176999226,500.6003435999155,500.58902529999614,159.56749220006168,,,,,,,,,,444444,right,no,None,2025-05-15_10h15.20.647,RL_out-of-scanner,2024.2.4,59.32785113293065,2025-05-15 10h15.34.855566 -0500,
33,0,33,space,21.67084759986028,None,5,1.2234792998060584,None,159.56927330000326,k,0.3146592997945845,None,None,159.8970360001549,159.89735179999843,161.89673350006342,161.89677789993584,162.89695600001141,162.8969858000055,164.3959075002931,,,,,1,0,1,0,33,0,33,0,500.6003435999155,,,,,,,,,,,,,,,,,,,,,,,,,,,,,,159.56927330000326,500.59085879987106,500.6003435999155,500.6003435999155,500.6003435999155,500.6003435999155,500.9184976997785,k,0.3146592997945845,None,left,0,8,5,4,66,19,None,159.8970360001549,159.89735179999843,500.91893559973687,500.93379030004144,500.93379030004144,502.93375169998035,502.93375169998035,502.9182420996949,161.89673350006342,161.89677789993584,502.92698160000145,502.93375169998035,502.93375169998035,503.933577099815,503.933577099815,503.9184890999459,stimuli/box_empty_transparent.png,162.89695600001141,162.8969858000055,503.9185608997941,503.933577099815,505.4340908001177,505.41744179977104,164.3959075002931,,,,,,,,,,444444,right,no,None,2025-05-15_10h15.20.647,RL_out-of-scanner,2024.2.4,59.32785113293065,2025-05-15 10h15.34.855566 -0500,
34,0,34,space,21.67084759986028,None,5,1.2234792998060584,None,164.3974363002926,k,0.27779449988156557,None,None,164.6969524002634,164.6972660999745,167.69679100019857,167.69683580007404,168.6966047002934,168.69663720019162,171.1989795002155,,,,,1,0,1,0,34,0,34,0,505.4340908001177,,,,,,,,,,,,,,,,,,,,,,,,,,,,,,164.3974363002926,505.4190151998773,505.4340908001177,505.4340908001177,505.4340908001177,505.4340908001177,505.7184288999997,k,0.27779449988156557,None,left,0,8,5,4,66,19,None,164.6969524002634,164.6972660999745,505.71884919982404,505.733785700053,505.733785700053,508.7335238000378,508.7335238000378,508.71830109972507,167.69679100019857,167.69683580007404,508.7269790000282,508.7335238000378,508.7335238000378,509.7334194998257,509.7334194998257,509.71813619975,stimuli/box_empty_transparent.png,168.6966047002934,168.69663720019162,509.71821510000154,509.7334194998257,512.2334145000204,512.2205137996934,171.1989795002155,,,,,,,,,,444444,right,no,None,2025-05-15_10h15.20.647,RL_out-of-scanner,2024.2.4,59.32785113293065,2025-05-15 10h15.34.855566 -0500,
35,0,35,space,21.67084759986028,None,5,1.2234792998060584,None,171.2005062000826,j,0.255398899782449,None,None,171.48030410008505,171.48067359998822,172.97958380030468,172.97962700016797,173.99473260017112,173.9947697003372,174.99561830004677,,,,,1,0,1,0,35,0,35,0,512.2334145000204,,,,,,,,,,,,,,,,,,,,,,,,,,,,,,171.2005062000826,512.222085500136,512.2334145000204,512.2334145000204,512.2334145000204,512.2334145000204,512.5017977999523,j,0.255398899782449,None,left,1,8,6,4,67,20,None,171.48030410008505,171.48067359998822,512.5022527999245,512.5170551999472,512.5170551999472,514.0175606999546,514.0175606999546,514.001089700032,172.97958380030468,172.97962700016797,514.0121593000367,514.0175606999546,514.0175606999546,,,515.0162593000568,stimuli/box_coin_transparent.png,173.99473260017112,173.9947697003372,515.0163528998382,515.0322859999724,516.0353383999318,516.0171496998519,174.99561830004677,,,,,,,,,,444444,right,no,None,2025-05-15_10h15.20.647,RL_out-of-scanner,2024.2.4,59.32785113293065,2025-05-15 10h15.34.855566 -0500,
36,0,36,space,21.67084759986028,None,5,1.2234792998060584,None,174.99738530023023,j,0.265826600138098,None,None,175.29563149996102,175.29602200025693,176.7966984002851,176.79674419993535,177.79576160013676,177.7957933000289,181.29480369994417,,,,,1,0,1,0,36,0,36,0,516.0353383999318,,,,,,,,,,,,,,,,,,,,,,,,,,,,,,174.99738530023023,516.0189708997495,516.0353383999318,516.0353383999318,516.0353383999318,516.0353383999318,516.3171264999546,j,0.265826600138098,None,left,1,8,7,4,68,21,None,175.29563149996102,175.29602200025693,516.3176039000973,516.3327215998434,516.3327215998434,517.8337737000547,517.8337737000547,517.8181912000291,176.7966984002851,176.79674419993535,517.8286019000225,517.8337737000547,517.8337737000547,518.8332189000212,518.8332189000212,518.8172923997045,stimuli/box_coin_transparent.png,177.79576160013676,177.7957933000289,518.8173690000549,518.8332189000212,522.3328402000479,522.3163362997584,181.29480369994417,,,,,,,,,,444444,right,no,None,2025-05-15_10h15.20.647,RL_out-of-scanner,2024.2.4,59.32785113293065,2025-05-15 10h15.34.855566 -0500,
37,0,37,space,21.67084759986028,None,5,1.2234792998060584,None,181.29655630001798,j,0.24152479972690344,None,None,181.56295990012586,181.56328470027074,183.56298580020666,183.5630232002586,184.56258270004764,184.5626155002974,185.56154220039025,,,,,1,0,1,0,37,0,37,0,522.3328402000479,,,,,,,,,,,,,,,,,,,,,,,,,,,,,,181.29655630001798,522.3181455000304,522.3328402000479,522.3328402000479,522.3328402000479,522.3328402000479,522.5844314000569,j,0.24152479972690344,None,left,1,8,8,4,69,22,None,181.56295990012586,181.56328470027074,522.5848626997322,522.599988900125,522.599988900125,524.5996674997732,524.5996674997732,524.5844999998808,183.56298580020666,183.5630232002586,524.5943831000477,524.5996674997732,524.5996674997732,525.5990768000484,525.5990768000484,525.584114599973,stimuli/box_coin_transparent.png,184.56258270004764,184.5626155002974,525.584191000089,525.5990768000484,526.6002152999863,526.5830771997571,185.56154220039025,,,,,,,,,,444444,right,no,None,2025-05-15_10h15.20.647,RL_out-of-scanner,2024.2.4,59.32785113293065,2025-05-15 10h15.34.855566 -0500,
38,0,38,space,21.67084759986028,None,5,1.2234792998060584,None,185.56303190020844,j,0.3546055001206696,None,None,185.94615280022845,185.9465253003873,186.94517680024728,186.94521500030532,187.94578200019896,187.94581460021436,189.4451180002652,,,,,1,0,1,0,38,0,38,0,526.6002152999863,,,,,,,,,,,,,,,,,,,,,,,,,,,,,,185.56303190020844,526.5846107997932,526.6002152999863,526.6002152999863,526.6002152999863,526.6002152999863,526.9676407999359,j,0.3546055001206696,None,right,1,15,0,5,69,22,None,185.94615280022845,185.9465253003873,526.9681090000086,526.9830203000456,526.9830203000456,527.9829591996968,527.9829591996968,527.9666931997053,186.94517680024728,186.94521500030532,527.9766771998256,527.9829591996968,527.9829591996968,,,528.9673115997575,stimuli/box_empty_transparent.png,187.94578200019896,187.94581460021436,528.9673922001384,528.9828856000677,530.4831381998956,530.4666507998481,189.4451180002652,,,,,,,,,,444444,right,no,None,2025-05-15_10h15.20.647,RL_out-of-scanner,2024.2.4,59.32785113293065,2025-05-15 10h15.34.855566 -0500,
39,0,39,space,21.67084759986028,None,5,1.2234792998060584,None,189.44688920024782,k,0.25721599999815226,None,None,189.72967969998717,189.7299426002428,190.7289646002464,190.72900289995596,191.72900840034708,191.729046900291,192.72767190029845,,,,,1,0,1,0,39,0,39,0,530.4831381998956,,,,,,,,,,,,,,,,,,,,,,,,,,,,,,189.44688920024782,530.4684744998813,530.4831381998956,530.4831381998956,530.4831381998956,530.4831381998956,530.7511734999716,k,0.25721599999815226,None,right,1,15,1,5,70,23,None,189.72967969998717,189.7299426002428,530.7515194998123,530.7664326000959,530.7664326000959,531.7659863997251,531.7659863997251,531.7504720999859,190.7289646002464,190.72900289995596,531.7603486999869,531.7659863997251,531.7659863997251,532.7656208998524,532.7656208998524,532.7505344999954,stimuli/box_coin_transparent.png,191.72900840034708,191.729046900291,532.7506292001344,532.7656208998524,533.765730000101,533.749207300134,192.72767190029845,,,,,,,,,,444444,right,no,None,2025-05-15_10h15.20.647,RL_out-of-scanner,2024.2.4,59.32785113293065,2025-05-15 10h15.34.855566 -0500,
40,0,40,space,21.67084759986028,None,5,1.2234792998060584,None,192.72941939998418,k,0.275356899946928,None,None,193.0292258001864,193.0294897002168,194.52876880019903,194.52881840011105,195.5288698002696,195.5289016002789,196.52886790037155,,,,,1,0,1,0,40,0,40,0,533.765730000101,,,,,,,,,,,,,,,,,,,,,,,,,,,,,,192.72941939998418,533.7510003000498,533.765730000101,533.765730000101,533.765730000101,533.765730000101,534.0507199997082,k,0.275356899946928,None,right,1,15,2,5,71,24,None,193.0292258001864,193.0294897002168,534.0510669997893,534.0666205999441,534.0666205999441,535.5661067999899,535.5661067999899,535.5502722999081,194.52876880019903,194.52881840011105,535.5603156997822,535.5661067999899,535.5661067999899,536.5658724000677,536.5658724000677,536.5504032000899,stimuli/box_coin_transparent.png,195.5288698002696,195.5289016002789,536.550476399716,536.5658724000677,537.5665736999363,537.5504032997414,196.52886790037155,,,,,,,,,,444444,right,no,None,2025-05-15_10h15.20.647,RL_out-of-scanner,2024.2.4,59.32785113293065,2025-05-15 10h15.34.855566 -0500,
41,0,41,space,21.67084759986028,None,5,1.2234792998060584,None,196.5303595000878,k,0.22452350007370114,None,None,196.77971980022267,196.77998560015112,197.7943206001073,197.7943637999706,198.79487980017439,198.79491579998285,201.79433079995215,,,,,1,0,1,0,41,0,41,0,537.5665736999363,,,,,,,,,,,,,,,,,,,,,,,,,,,,,,196.5303595000878,537.5519392997958,537.5665736999363,537.5665736999363,537.5665736999363,537.5665736999363,537.801199299749,k,0.22452350007370114,None,right,0,15,2,5,72,24,None,196.77971980022267,196.77998560015112,537.8015624000691,537.8169525000267,537.8169525000267,538.8326396998018,538.8326396998018,538.8158324998803,197.7943206001073,197.7943637999706,538.8250977001153,538.8326396998018,538.8326396998018,,,539.8164025996812,stimuli/box_empty_transparent.png,198.79487980017439,198.79491579998285,539.8164947996847,539.8322375998832,542.8328337999992,542.815867099911,201.79433079995215,,,,,,,,,,444444,right,no,None,2025-05-15_10h15.20.647,RL_out-of-scanner,2024.2.4,59.32785113293065,2025-05-15 10h15.34.855566 -0500,
42,0,42,space,21.67084759986028,None,5,1.2234792998060584,None,201.79590000025928,j,0.34518309962004423,None,None,202.16200310038403,202.16241999994963,204.16129480022937,204.16133869998157,205.1615245002322,205.16155740013346,208.67870300030336,,,,,1,0,1,0,42,0,42,0,542.8328337999992,,,,,,,,,,,,,,,,,,,,,,,,,,,,,,201.79590000025928,542.8174787997268,542.8328337999992,542.8328337999992,542.8328337999992,542.8328337999992,543.1834460999817,j,0.34518309962004423,None,right,0,15,2,5,72,24,None,202.16200310038403,202.16241999994963,543.184010299854,543.1988813998178,543.1988813998178,545.1989949997514,545.1989949997514,545.1827886998653,204.16129480022937,204.16133869998157,545.1918790000491,545.1989949997514,545.1989949997514,,,546.1830536997877,stimuli/box_empty_transparent.png,205.1615245002322,205.16155740013346,546.1831354000606,546.1990656997077,549.7161798998713,549.7002181001008,208.67870300030336,,,,,,,,,,444444,right,no,None,2025-05-15_10h15.20.647,RL_out-of-scanner,2024.2.4,59.32785113293065,2025-05-15 10h15.34.855566 -0500,
43,0,43,space,21.67084759986028,None,5,1.2234792998060584,None,208.68047080002725,k,0.26621869998052716,None,None,208.97791970008984,208.97823010012507,209.97829130012542,209.97832820005715,210.9782291003503,210.9782595001161,212.97772890003398,,,,,1,0,1,0,43,0,43,0,549.7161798998713,,,,,,,,,,,,,,,,,,,,,,,,,,,,,,208.68047080002725,549.7020565001294,549.7161798998713,549.7161798998713,549.7161798998713,549.7161798998713,549.9994141999632,k,0.26621869998052716,None,right,1,15,3,5,73,25,None,208.97791970008984,208.97823010012507,549.9998155999929,550.0151503998786,550.0151503998786,551.0155488997698,551.0155488997698,550.9998073000461,209.97829130012542,209.97832820005715,551.0099905999377,551.0155488997698,551.0155488997698,552.0156086999923,552.0156086999923,551.9997620000504,stimuli/box_coin_transparent.png,210.9782291003503,210.9782595001161,551.9998340997845,552.0156086999923,554.0159559999593,553.9992634998634,212.97772890003398,,,,,,,,,,444444,right,no,None,2025-05-15_10h15.20.647,RL_out-of-scanner,2024.2.4,59.32785113293065,2025-05-15 10h15.34.855566 -0500,
44,0,44,space,21.67084759986028,None,5,1.2234792998060584,None,212.97925280034542,k,0.24003299977630377,None,None,213.24532019998878,213.24558879993856,215.7620096001774,215.76205310039222,216.76048770034686,216.7605246002786,218.76054139994085,,,,,1,0,1,0,44,0,44,0,554.0159559999593,,,,,,,,,,,,,,,,,,,,,,,,,,,,,,212.97925280034542,554.0008322000504,554.0159559999593,554.0159559999593,554.0159559999593,554.0159559999593,554.2667884998955,k,0.24003299977630377,None,right,0,15,3,5,74,25,None,213.24532019998878,213.24558879993856,554.2671722001396,554.2832367001101,554.2832367001101,556.7985831000842,556.7985831000842,556.7835201998241,215.7620096001774,215.76205310039222,556.7921047997661,556.7985831000842,556.7985831000842,557.7976881000213,557.7976881000213,557.7820159001276,stimuli/box_empty_transparent.png,216.76048770034686,216.7605246002786,557.7821059999987,557.7976881000213,559.7980698999017,559.782073599752,218.76054139994085,,,,,,,,,,444444,right,no,None,2025-05-15_10h15.20.647,RL_out-of-scanner,2024.2.4,59.32785113293065,2025-05-15 10h15.34.855566 -0500,
45,0,45,space,21.67084759986028,None,5,1.2234792998060584,None,218.7623054999858,j,0.2696913997642696,None,None,219.06188730010763,219.0622610002756,220.06126580014825,220.0613076002337,221.06073340028524,221.06079250015318,222.0611467002891,,,,,1,0,1,0,45,0,45,0,559.7980698999017,,,,,,,,,,,,,,,,,,,,,,,,,,,,,,218.7623054999858,559.783891200088,559.7980698999017,559.7980698999017,559.7980698999017,559.7980698999017,560.0833674999885,j,0.2696913997642696,None,right,0,15,3,5,74,25,None,219.06188730010763,219.0622610002756,560.0838409997523,560.0987597000785,560.0987597000785,561.0986800999381,561.0986800999381,561.0827767001465,220.06126580014825,220.0613076002337,561.0908563998528,561.0986800999381,561.0986800999381,562.0978254997171,562.0978254997171,562.0822596997023,stimuli/box_empty_transparent.png,221.06073340028524,221.06079250015318,562.082378000021,562.0978254997171,563.0991603997536,563.0826817001216,222.0611467002891,,,,,,,,,,444444,right,no,None,2025-05-15_10h15.20.647,RL_out-of-scanner,2024.2.4,59.32785113293065,2025-05-15 10h15.34.855566 -0500,
46,0,46,space,21.67084759986028,None,5,1.2234792998060584,None,222.06265300000086,k,0.3402326996438205,None,None,222.4290801002644,222.42938140034676,224.42786680022255,224.42790909996256,225.42809229996055,225.4281280003488,226.42641590023413,,,,,1,0,1,0,46,0,46,0,563.0991603997536,,,,,,,,,,,,,,,,,,,,,,,,,,,,,,222.06265300000086,563.084232499823,563.0991603997536,563.0991603997536,563.0991603997536,563.0991603997536,563.4505627998151,k,0.3402326996438205,None,right,1,15,4,5,75,26,None,222.4290801002644,222.42938140034676,563.450963600073,563.4654125999659,563.4654125999659,565.4656886998564,565.4656886998564,565.4493784997612,224.42786680022255,224.42790909996256,565.4592198999599,565.4656886998564,565.4656886998564,566.4648262998089,566.4648262998089,566.4496213998646,stimuli/box_coin_transparent.png,225.42809229996055,225.4281280003488,566.4497075998224,566.4648262998089,567.4650754998438,567.4479521000758,226.42641590023413,,,,,,,,,,444444,right,no,None,2025-05-15_10h15.20.647,RL_out-of-scanner,2024.2.4,59.32785113293065,2025-05-15 10h15.34.855566 -0500,
47,0,47,space,21.67084759986028,None,5,1.2234792998060584,None,226.4278561002575,k,0.2752286000177264,None,None,226.72861340036616,226.7289468003437,229.72834730008617,229.7283869003877,230.7430593003519,230.7430890002288,232.24279149994254,,,,,1,0,1,0,47,0,47,0,567.4650754998438,,,,,,,,,,,,,,,,,,,,,,,,,,,,,,226.4278561002575,567.4494357998483,567.4650754998438,567.4650754998438,567.4650754998438,567.4650754998438,567.7500754999928,k,0.2752286000177264,None,right,1,15,5,5,76,27,None,226.72861340036616,226.7289468003437,567.7505314000882,567.7646591998637,567.7646591998637,570.7655170997605,570.7655170997605,570.7498591998592,229.72834730008617,229.7283869003877,570.760272399988,570.7655170997605,570.7655170997605,,,571.7645902000368,stimuli/box_coin_transparent.png,230.7430593003519,230.7430890002288,571.7646643999033,571.7812020997517,573.281067200005,573.2643237998709,232.24279149994254,,,,,,,,,,444444,right,no,None,2025-05-15_10h15.20.647,RL_out-of-scanner,2024.2.4,59.32785113293065,2025-05-15 10h15.34.855566 -0500,
48,0,48,space,21.67084759986028,None,5,1.2234792998060584,None,232.24452790012583,k,0.2715265997685492,None,None,232.54406900005415,232.54435200011358,234.0442687999457,234.04430640023202,235.0437876000069,235.04383310023695,238.54354420024902,,,,,1,0,1,0,48,0,48,0,573.281067200005,,,,,,,,,,,,,,,,,,,,,,,,,,,,,,232.24452790012583,573.2661147001199,573.281067200005,573.281067200005,573.281067200005,573.281067200005,573.5655633998103,k,0.2715265997685492,None,right,1,15,6,5,77,28,None,232.54406900005415,232.54435200011358,573.5659435000271,573.5814541000873,573.5814541000873,575.081759700086,575.081759700086,575.0657810997218,234.0442687999457,234.04430640023202,575.0765300998464,575.081759700086,575.081759700086,576.0806372999214,576.0806372999214,576.0652910000645,stimuli/box_coin_transparent.png,235.0437876000069,235.04383310023695,576.065424699802,576.0806372999214,579.581992899999,579.5650800000876,238.54354420024902,,,,,,,,,,444444,right,no,None,2025-05-15_10h15.20.647,RL_out-of-scanner,2024.2.4,59.32785113293065,2025-05-15 10h15.34.855566 -0500,
49,0,49,space,21.67084759986028,None,5,1.2234792998060584,None,238.545096100308,k,0.26873609982430935,None,None,238.84541380032897,238.84571290016174,240.34444960020483,240.34448850015178,241.34429460018873,241.34432480018586,241.34469299996272,,,,,1,0,1,0,49,0,49,0,579.581992899999,,,,,,,,,,,,,,,,,,,,,,,,,,,,,,238.545096100308,579.5666752997786,579.581992899999,579.581992899999,579.581992899999,579.581992899999,579.8668832001276,k,0.26873609982430935,None,right,1,15,7,5,78,29,None,238.84541380032897,238.84571290016174,579.8672910998575,579.8814163999632,579.8814163999632,581.3812118000351,581.3812118000351,581.3659546999261,240.34444960020483,240.34448850015178,581.3761971998028,581.3812118000351,581.3812118000351,582.3850503996946,582.3850503996946,582.365827200003,stimuli/box_coin_transparent.png,241.34429460018873,241.34432480018586,582.3658989998512,582.3850503996946,582.3850503996946,582.3662342000753,241.34469299996272,,,,,,,,,,444444,right,no,None,2025-05-15_10h15.20.647,RL_out-of-scanner,2024.2.4,59.32785113293065,2025-05-15 10h15.34.855566 -0500,
1,0,1,space,21.67084759986028,None,5,1.2234792998060584,None,,,,,,,,,,,,,,,,,1,0,1,0,,,,,,,,,,,,,,,,,,,,,,,,,,,,,,,,,,,,,,,,,,,,,,,,,,,,,,,,,,,,,,,,,,,,,,,,,,,,,582.3812739998102,582.3850503996946,586.3811327000149,586.3811874999665,586.3983297999948,644.5124873998575,644.497022499796,,,444444,right,no,None,2025-05-15_10h15.20.647,RL_out-of-scanner,2024.2.4,59.32785113293065,2025-05-15 10h15.34.855566 -0500,
0,0,0,space,29.998591400217265,None,5,1.3582147001288831,None,0.002733099739998579,k,0.36401989962905645,None,None,0.38473649974912405,0.3850126997567713,1.3847751999273896,1.384811899624765,2.384750799741596,2.384782699868083,4.384100399911404,,,,,2,0,2,0,0,0,0,0,675.9118383000605,,,,,,,,,,,,,,,,644.4971989998594,644.5124873998575,644.5124873998575,674.5127694997936,space,29.998591400217265,None,674.5129040000029,674.5285328999162,674.5285328999162,675.8950971998274,5,1.3582147001288831,None,0.002733099739998579,675.8979325997643,675.9118383000605,675.9118383000605,675.9118383000605,675.9118383000605,676.279831300024,k,0.36401989962905645,None,right,1,7,1,6,79,1,None,0.38473649974912405,0.3850126997567713,676.2801959998906,676.2959646997042,676.2959646997042,677.296053300146,677.296053300146,677.2798963999376,1.3847751999273896,1.384811899624765,677.29072539974,677.296053300146,677.296053300146,678.2952366997488,678.2952366997488,678.2798870000988,stimuli/box_coin_transparent.png,2.384750799741596,2.384782699868083,678.2799602998421,678.2952366997488,680.2951648999006,680.2792418999597,4.384100399911404,,,,,,,,,,444444,right,no,None,2025-05-15_10h15.20.647,RL_out-of-scanner,2024.2.4,59.32785113293065,2025-05-15 10h15.34.855566 -0500,
1,0,1,space,29.998591400217265,None,5,1.3582147001288831,None,4.385726199951023,k,0.3223668001592159,None,None,4.736802599858493,4.737081399653107,6.2346633998677135,6.234700699802488,7.234211899805814,7.2342429999262094,8.73355960007757,,,,,2,0,2,0,1,0,1,0,680.2951648999006,,,,,,,,,,,,,,,,,,,,,,,,,,,,,,4.385726199951023,680.2809151001275,680.2951648999006,680.2951648999006,680.2951648999006,680.2951648999006,680.6319022998214,k,0.3223668001592159,None,right,0,7,1,6,80,1,None,4.736802599858493,4.737081399653107,680.6322637000121,680.6455518999137,680.6455518999137,682.1449327999726,682.1449327999726,682.1297836997546,6.2346633998677135,6.234700699802488,682.1384914000519,682.1449327999726,682.1449327999726,683.1450102999806,683.1450102999806,683.1293482999317,stimuli/box_empty_transparent.png,7.234211899805814,7.2342429999262094,683.1294235996902,683.1450102999806,684.6454006000422,684.6286999997683,8.73355960007757,,,,,,,,,,444444,right,no,None,2025-05-15_10h15.20.647,RL_out-of-scanner,2024.2.4,59.32785113293065,2025-05-15 10h15.34.855566 -0500,
2,0,2,space,29.998591400217265,None,5,1.3582147001288831,None,8.735034599900246,k,0.6913652000948787,None,None,9.451737399678677,9.452007099986076,10.450776499696076,10.450813499744982,11.466396799776703,11.466431299690157,14.466401800047606,,,,,2,0,2,0,2,0,2,0,684.6454006000422,,,,,,,,,,,,,,,,,,,,,,,,,,,,,,8.735034599900246,684.6302188998088,684.6454006000422,684.6454006000422,684.6454006000422,684.6454006000422,685.3468144997023,k,0.6913652000948787,None,right,0,7,1,6,81,1,None,9.451737399678677,9.452007099986076,685.3471897998825,685.3617380000651,685.3617380000651,686.3626995999366,686.3626995999366,686.3458960000426,10.450776499696076,10.450813499744982,686.3544588997029,686.3626995999366,686.3626995999366,,,687.3615202000365,stimuli/box_empty_transparent.png,11.466396799776703,11.466431299690157,687.3616172000766,687.377430099994,690.3777862000279,690.3615414998494,14.466401800047606,,,,,,,,,,444444,right,no,None,2025-05-15_10h15.20.647,RL_out-of-scanner,2024.2.4,59.32785113293065,2025-05-15 10h15.34.855566 -0500,
3,0,3,space,29.998591400217265,None,5,1.3582147001288831,None,14.467889099847525,k,0.2398031000047922,None,None,14.73484899988398,14.735218499787152,16.73289299989119,16.732935699634254,17.73333609988913,17.733368299901485,18.73366989986971,,,,,2,0,2,0,3,0,3,0,690.3777862000279,,,,,,,,,,,,,,,,,,,,,,,,,,,,,,14.467889099847525,690.3630733001046,690.3777862000279,690.3777862000279,690.3777862000279,690.3777862000279,690.6299474998377,k,0.2398031000047922,None,right,1,7,2,6,82,2,None,14.73484899988398,14.735218499787152,690.6304027000442,690.6451721000485,690.6451721000485,692.6448717997409,692.6448717997409,692.6280088000931,16.73289299989119,16.732935699634254,692.6396115999669,692.6448717997409,692.6448717997409,,,693.6284718001261,stimuli/box_coin_transparent.png,17.73333609988913,17.733368299901485,693.6285501001403,693.6445892998017,694.6449329997413,694.6288088001311,18.73366989986971,,,,,,,,,,444444,right,no,None,2025-05-15_10h15.20.647,RL_out-of-scanner,2024.2.4,59.32785113293065,2025-05-15 10h15.34.855566 -0500,
4,0,4,space,29.998591400217265,None,5,1.3582147001288831,None,18.735194199718535,k,0.6775595000945032,None,None,19.435106500051916,19.435392299667,20.434006199706346,20.434043399989605,21.434057199861854,21.434090700000525,23.932151699904352,,,,,2,0,2,0,4,0,4,0,694.6449329997413,,,,,,,,,,,,,,,,,,,,,,,,,,,,,,18.735194199718535,694.6303783999756,694.6449329997413,694.6449329997413,694.6449329997413,694.6449329997413,695.3302041999996,k,0.6775595000945032,None,right,1,7,3,6,83,3,None,19.435106500051916,19.435392299667,695.330574600026,695.3451009998098,695.3451009998098,696.3453275999054,696.3453275999054,696.3291253997013,20.434006199706346,20.434043399989605,696.3399795996957,696.3453275999054,696.3453275999054,697.3443919997662,697.3443919997662,697.3291910998523,stimuli/box_coin_transparent.png,21.434057199861854,21.434090700000525,697.3292740997858,697.3443919997662,699.84409149969,699.8272897000425,23.932151699904352,,,,,,,,,,444444,right,no,None,2025-05-15_10h15.20.647,RL_out-of-scanner,2024.2.4,59.32785113293065,2025-05-15 10h15.34.855566 -0500,
5,0,5,space,29.998591400217265,None,5,1.3582147001288831,None,23.933891399763525,k,0.30451809987425804,None,None,24.26764089986682,24.26790709979832,27.76630329992622,27.766357499640435,28.766711100004613,28.766747300047427,30.765547999646515,,,,,2,0,2,0,5,0,5,0,699.84409149969,,,,,,,,,,,,,,,,,,,,,,,,,,,,,,23.933891399763525,699.8290820000693,699.84409149969,699.84409149969,699.84409149969,699.84409149969,700.1627396000549,k,0.30451809987425804,None,right,1,7,4,6,84,4,None,24.26764089986682,24.26790709979832,700.1630899999291,700.1784021998756,700.1784021998756,703.6785148000345,703.6785148000345,703.661403699778,27.76630329992622,27.766357499640435,703.6725165001117,703.6785148000345,703.6785148000345,704.6771816001274,704.6771816001274,704.6618435997516,stimuli/box_coin_transparent.png,28.766711100004613,28.766747300047427,704.6619321997277,704.6771816001274,706.6779577997513,706.6606809999794,30.765547999646515,,,,,,,,,,444444,right,no,None,2025-05-15_10h15.20.647,RL_out-of-scanner,2024.2.4,59.32785113293065,2025-05-15 10h15.34.855566 -0500,
6,0,6,space,29.998591400217265,None,5,1.3582147001288831,None,30.76708979997784,k,0.2450472000055015,None,None,31.033171399962157,31.033456800039858,32.03349559986964,32.03354009985924,33.03276450000703,33.03280399972573,34.03185919998214,,,,,2,0,2,0,6,0,6,0,706.6779577997513,,,,,,,,,,,,,,,,,,,,,,,,,,,,,,30.76708979997784,706.6622746000066,706.6779577997513,706.6779577997513,706.6779577997513,706.6779577997513,706.9282455998473,k,0.2450472000055015,None,right,1,7,5,6,85,5,None,31.033171399962157,31.033456800039858,706.9286456000991,706.9444598997943,706.9444598997943,707.9440852999687,707.9440852999687,707.9286047001369,32.03349559986964,32.03354009985924,707.9388039000332,707.9440852999687,707.9440852999687,708.9435783000663,708.9435783000663,708.9278909000568,stimuli/box_coin_transparent.png,33.03276450000703,33.03280399972573,708.9279903001152,708.9435783000663,709.943665499799,709.9269930999726,34.03185919998214,,,,,,,,,,444444,right,no,None,2025-05-15_10h15.20.647,RL_out-of-scanner,2024.2.4,59.32785113293065,2025-05-15 10h15.34.855566 -0500,
7,0,7,space,29.998591400217265,None,5,1.3582147001288831,None,34.03408019989729,k,0.30746080027893186,None,None,34.366343199741095,34.366724899969995,36.36672060005367,36.366757799871266,37.366700399667025,37.366738399956375,39.36502259969711,,,,,2,0,2,0,7,0,7,0,709.943665499799,,,,,,,,,,,,,,,,,,,,,,,,,,,,,,34.03408019989729,709.9292792999186,709.943665499799,709.943665499799,709.943665499799,709.943665499799,710.2614158000797,k,0.30746080027893186,None,right,0,7,5,6,86,5,None,34.366343199741095,34.366724899969995,710.2619218998589,710.2770269997418,710.2770269997418,712.2781131998636,712.2781131998636,712.2618400999345,36.36672060005367,36.366757799871266,712.2699714996852,712.2781131998636,712.2781131998636,713.2772327000275,713.2772327000275,713.2618339001201,stimuli/box_empty_transparent.png,37.366700399667025,37.366738399956375,713.2619250998832,713.2772327000275,715.2769987001084,715.2601602999493,39.36502259969711,,,,,,,,,,444444,right,no,None,2025-05-15_10h15.20.647,RL_out-of-scanner,2024.2.4,59.32785113293065,2025-05-15 10h15.34.855566 -0500,
8,0,8,space,29.998591400217265,None,5,1.3582147001288831,None,39.36677789967507,j,0.30676050018519163,None,None,39.69957529986277,39.6999391997233,42.69924909994006,42.69929999997839,43.715094399638474,43.715136899612844,45.21485439967364,,,,,2,0,2,0,8,0,8,0,715.2769987001084,,,,,,,,,,,,,,,,,,,,,,,,,,,,,,39.36677789967507,715.2620255998336,715.2769987001084,715.2769987001084,715.2769987001084,715.2769987001084,715.5946605000645,j,0.30676050018519163,None,right,0,7,5,6,86,5,None,39.69957529986277,39.6999391997233,715.5951232998632,715.6102888998576,715.6102888998576,718.6111814999022,718.6111814999022,718.5943513000384,42.69924909994006,42.69929999997839,718.6045744000003,718.6111814999022,718.6111814999022,,,719.6102199000306,stimuli/box_empty_transparent.png,43.715094399638474,43.715136899612844,719.6103329998441,719.626324699726,721.126776999794,721.1099892999046,45.21485439967364,,,,,,,,,,444444,right,no,None,2025-05-15_10h15.20.647,RL_out-of-scanner,2024.2.4,59.32785113293065,2025-05-15 10h15.34.855566 -0500,
9,0,9,space,29.998591400217265,None,5,1.3582147001288831,None,45.2167110000737,k,0.28087850008159876,None,None,45.51657289965078,45.51687099970877,47.01531219994649,47.0153552996926,48.01536269998178,48.01540769962594,50.01487269997597,,,,,2,0,2,0,9,0,9,0,721.126776999794,,,,,,,,,,,,,,,,,,,,,,,,,,,,,,45.2167110000737,721.1119033996947,721.126776999794,721.126776999794,721.126776999794,721.126776999794,721.411671299953,k,0.28087850008159876,None,right,1,7,6,6,87,6,None,45.51657289965078,45.51687099970877,721.4120676997118,721.4271573997103,721.4271573997103,722.9270520000719,722.9270520000719,722.910427399911,47.01531219994649,47.0153552996926,722.9213986997493,722.9270520000719,722.9270520000719,723.9260936998762,723.9260936998762,723.9104907000437,stimuli/box_coin_transparent.png,48.01536269998178,48.01540769962594,723.9105929001234,723.9260936998762,725.9265239001252,725.9100095001049,50.01487269997597,,,,,,,,,,444444,right,no,None,2025-05-15_10h15.20.647,RL_out-of-scanner,2024.2.4,59.32785113293065,2025-05-15 10h15.34.855566 -0500,
10,0,10,space,29.998591400217265,None,5,1.3582147001288831,None,50.01672809990123,k,0.23836899967864156,None,None,50.28267710004002,50.282968000043184,51.782244799658656,51.78228149982169,52.78181659989059,52.781847700010985,53.78150360006839,,,,,2,0,2,0,10,0,10,0,725.9265239001252,,,,,,,,,,,,,,,,,,,,,,,,,,,,,,50.01672809990123,725.9119146000594,725.9265239001252,725.9265239001252,725.9265239001252,725.9265239001252,726.1777602997608,k,0.23836899967864156,None,right,1,7,7,6,88,7,None,50.28267710004002,50.282968000043184,726.1781564997509,726.1930487998761,726.1930487998761,727.6939314999618,727.6939314999618,727.6773639000021,51.782244799658656,51.78228149982169,727.6870208000764,727.6939314999618,727.6939314999618,728.6924984999932,728.6924984999932,728.676941699814,stimuli/box_coin_transparent.png,52.78181659989059,52.781847700010985,728.677028699778,728.6924984999932,729.6932077999227,729.6766425999813,53.78150360006839,,,,,,,,,,444444,right,no,None,2025-05-15_10h15.20.647,RL_out-of-scanner,2024.2.4,59.32785113293065,2025-05-15 10h15.34.855566 -0500,
11,0,11,space,29.998591400217265,None,5,1.3582147001288831,None,53.783321499824524,k,0.2840922996401787,None,None,54.09894170006737,54.09916359977797,56.098321199882776,56.098365699872375,57.09836419997737,57.09839979978278,58.59792390000075,,,,,2,0,2,0,11,0,11,0,729.6932077999227,,,,,,,,,,,,,,,,,,,,,,,,,,,,,,53.783321499824524,729.6785114998929,729.6932077999227,729.6932077999227,729.6932077999227,729.6932077999227,729.9940458000638,k,0.2840922996401787,None,left,1,9,0,7,88,7,None,54.09894170006737,54.09916359977797,729.9943409999833,730.0099110999145,730.0099110999145,732.0102943996899,732.0102943996899,731.9934336999431,56.098321199882776,56.098365699872375,732.0020290999673,732.0102943996899,732.0102943996899,733.0092362998985,733.0092362998985,732.9934990000911,stimuli/box_empty_transparent.png,57.09836419997737,57.09839979978278,732.9935858999379,733.0092362998985,734.509716599714,734.4930606000125,58.59792390000075,,,,,,,,,,444444,right,no,None,2025-05-15_10h15.20.647,RL_out-of-scanner,2024.2.4,59.32785113293065,2025-05-15 10h15.34.855566 -0500,
12,0,12,space,29.998591400217265,None,5,1.3582147001288831,None,58.59971159975976,k,0.345176599919796,None,None,58.96559489984065,58.96585429972038,59.965097500011325,59.96513050002977,60.96464619971812,60.96467259991914,63.96661160001531,,,,,2,0,2,0,12,0,12,0,734.509716599714,,,,,,,,,,,,,,,,,,,,,,,,,,,,,,58.59971159975976,734.4949055998586,734.509716599714,734.509716599714,734.509716599714,734.509716599714,734.8606921997853,k,0.345176599919796,None,left,1,9,0,7,88,7,None,58.96559489984065,58.96585429972038,734.8610360999592,734.8764519998804,734.8764519998804,735.8770575998351,735.8770575998351,735.8602233999409,59.965097500011325,59.96513050002977,735.8667691997252,735.8770575998351,735.8770575998351,736.8756506000645,736.8756506000645,736.8597877998836,stimuli/box_empty_transparent.png,60.96464619971812,60.96467259991914,736.8598477998748,736.8756506000645,739.8760930998251,739.8617491996847,63.96661160001531,,,,,,,,,,444444,right,no,None,2025-05-15_10h15.20.647,RL_out-of-scanner,2024.2.4,59.32785113293065,2025-05-15 10h15.34.855566 -0500,
13,0,13,space,29.998591400217265,None,5,1.3582147001288831,None,63.96821239963174,j,0.4945343998260796,None,None,64.48219779971987,64.48250109981745,64.98148849979043,64.98152109980583,65.9815152999945,65.98154769977555,67.98209399962798,,,,,2,0,2,0,13,0,13,0,739.8760930998251,,,,,,,,,,,,,,,,,,,,,,,,,,,,,,63.96821239963174,739.8633976997808,739.8760930998251,739.8760930998251,739.8760930998251,739.8760930998251,740.3772951001301,j,0.4945343998260796,None,left,1,9,1,7,89,8,None,64.48219779971987,64.48250109981745,740.3776841997169,740.392679200042,740.392679200042,740.8935560998507,740.8935560998507,740.8766144998372,64.98148849979043,64.98152109980583,740.8857187000103,740.8935560998507,740.8935560998507,741.8924182998016,741.8924182998016,741.8766529997811,stimuli/box_coin_transparent.png,65.9815152999945,65.98154769977555,741.8767288997769,741.8924182998016,743.8930955999531,743.8772335001267,67.98209399962798,,,,,,,,,,444444,right,no,None,2025-05-15_10h15.20.647,RL_out-of-scanner,2024.2.4,59.32785113293065,2025-05-15 10h15.34.855566 -0500,
14,0,14,space,29.998591400217265,None,5,1.3582147001288831,None,67.9836196997203,j,0.28380450000986457,None,None,68.29911669995636,68.29942240007222,69.7984712999314,69.79850959964097,70.79857649980113,70.79860429977998,71.79775050003082,,,,,2,0,2,0,14,0,14,0,743.8930955999531,,,,,,,,,,,,,,,,,,,,,,,,,,,,,,67.9836196997203,743.87880950002,743.8930955999531,743.8930955999531,743.8930955999531,743.8930955999531,744.1942263999954,j,0.28380450000986457,None,left,1,9,2,7,90,9,None,68.29911669995636,68.29942240007222,744.1946024000645,744.2098417999223,744.2098417999223,745.710080999881,745.710080999881,745.6935828998685,69.7984712999314,69.79850959964097,745.7034469000064,745.710080999881,745.710080999881,746.7090106997639,746.7090106997639,746.6937035000883,stimuli/box_coin_transparent.png,70.79857649980113,70.79860429977998,746.6937799998559,746.7090106997639,747.7095953999087,747.6928920000792,71.79775050003082,,,,,,,,,,444444,right,no,None,2025-05-15_10h15.20.647,RL_out-of-scanner,2024.2.4,59.32785113293065,2025-05-15 10h15.34.855566 -0500,
15,0,15,space,29.998591400217265,None,5,1.3582147001288831,None,71.79904209962115,j,0.3081442001275718,None,None,72.13211289979517,72.13240209966898,73.13153819972649,73.131580399815,74.13125439966097,74.13128179963678,76.13066629972309,,,,,2,0,2,0,15,0,15,0,747.7095953999087,,,,,,,,,,,,,,,,,,,,,,,,,,,,,,71.79904209962115,747.6942326999269,747.7095953999087,747.7095953999087,747.7095953999087,747.7095953999087,748.0272217998281,j,0.3081442001275718,None,left,1,9,3,7,91,10,None,72.13211289979517,72.13240209966898,748.0275826998986,748.0425986996852,748.0425986996852,749.0431091999635,749.0431091999635,749.0266549997032,73.13153819972649,73.131580399815,749.0358579996973,749.0431091999635,749.0431091999635,750.042101399973,750.042101399973,750.0263948999345,stimuli/box_coin_transparent.png,74.13125439966097,74.13128179963678,750.0264582997188,750.042101399973,752.0424286997877,752.0258071999997,76.13066629972309,,,,,,,,,,444444,right,no,None,2025-05-15_10h15.20.647,RL_out-of-scanner,2024.2.4,59.32785113293065,2025-05-15 10h15.34.855566 -0500,
16,0,16,space,29.998591400217265,None,5,1.3582147001288831,None,76.13196339970455,j,0.2756743002682924,None,None,76.43141149962321,76.4316909997724,78.43163360003382,78.43167499965057,79.43096989998594,79.43100610002875,80.43095209961757,,,,,2,0,2,0,16,0,16,0,752.0424286997877,,,,,,,,,,,,,,,,,,,,,,,,,,,,,,76.13196339970455,752.0271437000483,752.0424286997877,752.0424286997877,752.0424286997877,752.0424286997877,752.326522400137,j,0.2756743002682924,None,left,1,9,4,7,92,11,None,76.43141149962321,76.4316909997724,752.3268702998757,752.3425181997009,752.3425181997009,754.3431163998321,754.3431163998321,754.326748999767,78.43163360003382,78.43167499965057,754.3376440997235,754.3431163998321,754.3431163998321,755.3418725999072,755.3418725999072,755.326102799736,stimuli/box_coin_transparent.png,79.43096989998594,79.43100610002875,755.3261921997182,755.3418725999072,756.3427249998786,756.326088400092,80.43095209961757,,,,,,,,,,444444,right,no,None,2025-05-15_10h15.20.647,RL_out-of-scanner,2024.2.4,59.32785113293065,2025-05-15 10h15.34.855566 -0500,
17,0,17,space,29.998591400217265,None,5,1.3582147001288831,None,80.43272679997608,j,0.29041509982198477,None,None,80.74830039963126,80.74863809999079,81.74809339968488,81.74813249986619,82.74810699978843,82.7481383997947,83.7474020998925,,,,,2,0,2,0,17,0,17,0,756.3427249998786,,,,,,,,,,,,,,,,,,,,,,,,,,,,,,80.43272679997608,756.3279204997234,756.3427249998786,756.3427249998786,756.3427249998786,756.3427249998786,756.6433819998056,j,0.29041509982198477,None,left,1,9,5,7,93,12,None,80.74830039963126,80.74863809999079,756.6438234001398,756.6590813999064,756.6590813999064,757.6595164998434,757.6595164998434,757.6432110001333,81.74809339968488,81.74813249986619,757.6537460000254,757.6595164998434,757.6595164998434,758.6587354000658,758.6587354000658,758.6432431000285,stimuli/box_coin_transparent.png,82.74810699978843,82.7481383997947,758.6433188999072,758.6587354000658,759.6590537000448,759.642537899781,83.7474020998925,,,,,,,,,,444444,right,no,None,2025-05-15_10h15.20.647,RL_out-of-scanner,2024.2.4,59.32785113293065,2025-05-15 10h15.34.855566 -0500,
18,0,18,space,29.998591400217265,None,5,1.3582147001288831,None,83.74917669966817,j,0.2576280999928713,None,None,84.03230569977313,84.03269969997928,87.5304886996746,87.53052640007809,88.53049479983747,88.53052289970219,90.53125769970939,,,,,2,0,2,0,18,0,18,0,759.6590537000448,,,,,,,,,,,,,,,,,,,,,,,,,,,,,,83.74917669966817,759.6443706001155,759.6590537000448,759.6590537000448,759.6590537000448,759.6590537000448,759.9273870997131,j,0.2576280999928713,None,left,0,9,5,7,94,12,None,84.03230569977313,84.03269969997928,759.9278927999549,759.942803400103,759.942803400103,763.4426019997336,763.4426019997336,763.4256083001383,87.5304886996746,87.53052640007809,763.4325028001331,763.4426019997336,763.4426019997336,764.4415150997229,764.4415150997229,764.425635300111,stimuli/box_empty_transparent.png,88.53049479983747,88.53052289970219,764.4257001001388,764.4415150997229,766.44296319969,766.4263959000818,90.53125769970939,,,,,,,,,,444444,right,no,None,2025-05-15_10h15.20.647,RL_out-of-scanner,2024.2.4,59.32785113293065,2025-05-15 10h15.34.855566 -0500,
19,0,19,space,29.998591400217265,None,5,1.3582147001288831,None,90.53256749967113,k,0.5030620000325143,None,None,91.06466909963638,91.06496179988608,92.06409489968792,92.06414570007473,93.06503139995039,93.0650646998547,94.56433429988101,,,,,2,0,2,0,19,0,19,0,766.44296319969,,,,,,,,,,,,,,,,,,,,,,,,,,,,,,90.53256749967113,766.4277487997897,766.44296319969,766.44296319969,766.44296319969,766.44296319969,766.959753099829,k,0.5030620000325143,None,left,0,9,5,7,94,12,None,91.06466909963638,91.06496179988608,766.9601511000656,766.9752746000886,766.9752746000886,767.9756050999276,767.9756050999276,767.9591989996843,92.06409489968792,92.06414570007473,767.9686561999843,767.9756050999276,767.9756050999276,,,768.9601659998298,stimuli/box_empty_transparent.png,93.06503139995039,93.0650646998547,768.9602475999855,768.9759025997482,770.4756753998809,770.4594739000313,94.56433429988101,,,,,,,,,,444444,right,no,None,2025-05-15_10h15.20.647,RL_out-of-scanner,2024.2.4,59.32785113293065,2025-05-15 10h15.34.855566 -0500,
20,0,20,space,29.998591400217265,None,5,1.3582147001288831,None,94.5658980999142,j,0.398441799916327,None,None,94.98184040002525,94.98224140005186,96.98043859982863,96.98047419963405,97.9806701997295,97.9807079997845,99.98089029965922,,,,,2,0,2,0,20,0,20,0,770.4756753998809,,,,,,,,,,,,,,,,,,,,,,,,,,,,,,94.5658980999142,770.4610826997086,770.4756753998809,770.4756753998809,770.4756753998809,770.4756753998809,770.8769215000793,j,0.398441799916327,None,left,1,9,6,7,95,13,None,94.98184040002525,94.98224140005186,770.8774309,770.8926969999447,770.8926969999447,772.8921435000375,772.8921435000375,772.8755596000701,96.98043859982863,96.98047419963405,772.8865426001139,772.8921435000375,772.8921435000375,,,773.8758020000532,stimuli/box_coin_transparent.png,97.9806701997295,97.9807079997845,773.8758956999518,773.8922629998997,775.8925499999896,775.8760282997973,99.98089029965922,,,,,,,,,,444444,right,no,None,2025-05-15_10h15.20.647,RL_out-of-scanner,2024.2.4,59.32785113293065,2025-05-15 10h15.34.855566 -0500,
21,0,21,space,29.998591400217265,None,5,1.3582147001288831,None,99.98267499962822,j,0.30850899964571,None,None,100.31577829970047,100.3161241998896,103.31415280001238,103.3142001000233,104.31468199985102,104.31471429998055,105.82969759963453,,,,,2,0,2,0,21,0,21,0,775.8925499999896,,,,,,,,,,,,,,,,,,,,,,,,,,,,,,99.98267499962822,775.8778792996891,775.8925499999896,775.8925499999896,775.8925499999896,775.8925499999896,776.2108768997714,j,0.30850899964571,None,left,1,9,7,7,96,14,None,100.31577829970047,100.3161241998896,776.2113072001375,776.2259470997378,776.2259470997378,779.2264502998441,779.2264502998441,779.2092646998353,103.31415280001238,103.3142001000233,779.220949199982,779.2264502998441,779.2264502998441,,,780.2098169997334,stimuli/box_coin_transparent.png,104.31468199985102,104.31471429998055,780.209896999877,780.2257869997993,781.7418007999659,781.7248371997848,105.82969759963453,,,,,,,,,,444444,right,no,None,2025-05-15_10h15.20.647,RL_out-of-scanner,2024.2.4,59.32785113293065,2025-05-15 10h15.34.855566 -0500,
22,0,22,space,29.998591400217265,None,5,1.3582147001288831,None,105.83134089969099,j,0.3049365999177098,None,None,106.16451120004058,106.16493649967015,107.66471479972824,107.66475189989433,108.67983599985018,108.67986759962514,110.68086540000513,,,,,2,0,2,0,22,0,22,0,781.7418007999659,,,,,,,,,,,,,,,,,,,,,,,,,,,,,,105.83134089969099,781.7265285998583,781.7418007999659,781.7418007999659,781.7418007999659,781.7418007999659,782.0595801998861,j,0.3049365999177098,None,left,0,9,7,7,97,14,None,106.16451120004058,106.16493649967015,782.0601356998086,782.0749940001406,782.0749940001406,783.5761341000907,783.5761341000907,783.5598347000778,107.66471479972824,107.66475189989433,783.5683510997333,783.5761341000907,783.5761341000907,,,784.574970500078,stimuli/box_empty_transparent.png,108.67983599985018,108.67986759962514,784.5750488997437,784.5909881000407,786.5923826000653,786.576005899813,110.68086540000513,,,,,,,,,,444444,right,no,None,2025-05-15_10h15.20.647,RL_out-of-scanner,2024.2.4,59.32785113293065,2025-05-15 10h15.34.855566 -0500,
23,0,23,space,29.998591400217265,None,5,1.3582147001288831,None,110.68234519986436,k,0.5240751998499036,None,None,111.23078199988231,111.23110440000892,112.73037529969588,112.73041169997305,113.73045829962939,113.730488399975,115.23042769962922,,,,,2,0,2,0,23,0,23,0,786.5923826000653,,,,,,,,,,,,,,,,,,,,,,,,,,,,,,110.68234519986436,786.5775294001214,786.5923826000653,786.5923826000653,786.5923826000653,786.5923826000653,787.1258589001372,k,0.5240751998499036,None,left,0,9,7,7,97,14,None,111.23078199988231,111.23110440000892,787.1262890999205,787.142178799957,787.142178799957,788.6418137997389,788.6418137997389,788.6254962999374,112.73037529969588,112.73041169997305,788.6342547996901,788.6418137997389,788.6418137997389,789.6412296998315,789.6412296998315,789.6255963998847,stimuli/box_empty_transparent.png,113.73045829962939,113.730488399975,789.6256677000783,789.6412296998315,791.1420621001162,791.1255665998906,115.23042769962922,,,,,,,,,,444444,right,no,None,2025-05-15_10h15.20.647,RL_out-of-scanner,2024.2.4,59.32785113293065,2025-05-15 10h15.34.855566 -0500,
24,0,24,space,29.998591400217265,None,5,1.3582147001288831,None,115.23186729988083,k,0.24660510011017323,None,None,115.49821539968252,115.49856620002538,117.49773920001462,117.49777639983222,118.51384959975258,118.51388400001451,120.02914679981768,,,,,2,0,2,0,24,0,24,0,791.1420621001162,,,,,,,,,,,,,,,,,,,,,,,,,,,,,,115.23186729988083,791.1270514000207,791.1420621001162,791.1420621001162,791.1420621001162,791.1420621001162,791.3932950999588,k,0.24660510011017323,None,left,0,9,7,7,97,14,None,115.49821539968252,115.49856620002538,791.3937614001334,791.4082072000019,791.4082072000019,793.4107010997832,793.4107010997832,793.3928590998985,117.49773920001462,117.49777639983222,793.4010513001122,793.4107010997832,793.4107010997832,,,794.4089739997871,stimuli/box_empty_transparent.png,118.51384959975258,118.51388400001451,794.4090677998029,794.4256488997489,795.9411569000222,795.9242830998264,120.02914679981768,,,,,,,,,,444444,right,no,None,2025-05-15_10h15.20.647,RL_out-of-scanner,2024.2.4,59.32785113293065,2025-05-15 10h15.34.855566 -0500,
25,0,25,space,29.998591400217265,None,5,1.3582147001288831,None,120.0309520997107,j,0.3108090003952384,None,None,120.36424009967595,120.3646480999887,121.36417019972578,121.36420700000599,122.36456909961998,122.36460269987583,125.8791201999411,,,,,2,0,2,0,25,0,25,0,795.9411569000222,,,,,,,,,,,,,,,,,,,,,,,,,,,,,,120.0309520997107,795.9261448998004,795.9411569000222,795.9411569000222,795.9411569000222,795.9411569000222,796.2593120997772,j,0.3108090003952384,None,left,1,9,8,7,98,15,None,120.36424009967595,120.3646480999887,796.259841799736,796.2747323000804,796.2747323000804,797.274954599794,797.274954599794,797.259288799949,121.36417019972578,121.36420700000599,797.2690892997198,797.274954599794,797.274954599794,,,798.2596917999908,stimuli/box_coin_transparent.png,122.36456909961998,122.36460269987583,798.2597865001298,798.274993899744,801.7908546999097,801.7742555998266,125.8791201999411,,,,,,,,,,444444,right,no,None,2025-05-15_10h15.20.647,RL_out-of-scanner,2024.2.4,59.32785113293065,2025-05-15 10h15.34.855566 -0500,
26,0,26,space,29.998591400217265,None,5,1.3582147001288831,None,125.88105569966137,j,0.4499629996716976,None,None,126.34797499980778,126.34834109991789,126.84717739978805,126.84721529996023,127.8469960000366,127.84702820004895,131.34558859979734,,,,,2,0,2,0,26,0,26,0,801.7908546999097,,,,,,,,,,,,,,,,,,,,,,,,,,,,,,125.88105569966137,801.7762515000068,801.7908546999097,801.7908546999097,801.7908546999097,801.7908546999097,802.2430464001372,j,0.4499629996716976,None,left,1,9,9,7,99,16,None,126.34797499980778,126.34834109991789,802.2435260000639,802.2583881998435,802.2583881998435,802.7579263998196,802.7579263998196,802.7422941001132,126.84717739978805,126.84721529996023,802.7527251997963,802.7579263998196,802.7579263998196,803.7579107997008,803.7579107997008,803.742133599706,stimuli/box_coin_transparent.png,127.8469960000366,127.84702820004895,803.7422075998038,803.7579107997008,807.2573521998711,807.2407227000222,131.34558859979734,,,,,,,,,,444444,right,no,None,2025-05-15_10h15.20.647,RL_out-of-scanner,2024.2.4,59.32785113293065,2025-05-15 10h15.34.855566 -0500,
27,0,27,space,29.998591400217265,None,5,1.3582147001288831,None,131.3478486998938,j,0.3052221001125872,None,None,131.67995649995282,131.6802844996564,133.18057459965348,133.180618299637,134.18077159998938,134.1808107998222,135.17948309984058,,,,,2,0,2,0,27,0,27,0,807.2573521998711,,,,,,,,,,,,,,,,,,,,,,,,,,,,,,131.3478486998938,807.2430472997949,807.2573521998711,807.2573521998711,807.2573521998711,807.2573521998711,807.5750341997482,j,0.3052221001125872,None,right,1,13,0,8,99,16,None,131.67995649995282,131.6802844996564,807.5754698999226,807.5907990997657,807.5907990997657,809.091271399986,809.091271399986,809.0756803001277,133.18057459965348,133.180618299637,809.0840682997368,809.091271399986,809.091271399986,,,810.0759010999463,stimuli/box_empty_transparent.png,134.18077159998938,134.1808107998222,810.0760147999972,810.0914559001103,811.0920509998687,811.0746237998828,135.17948309984058,,,,,,,,,,444444,right,no,None,2025-05-15_10h15.20.647,RL_out-of-scanner,2024.2.4,59.32785113293065,2025-05-15 10h15.34.855566 -0500,
28,0,28,space,29.998591400217265,None,5,1.3582147001288831,None,135.1810118998401,k,0.30897320015355945,None,None,135.5146494996734,135.51498449966311,136.5140220997855,136.51406499976292,137.51334269996732,137.51337989978492,141.0131568000652,,,,,2,0,2,0,28,0,28,0,811.0920509998687,,,,,,,,,,,,,,,,,,,,,,,,,,,,,,135.1810118998401,811.0761965001002,811.0920509998687,811.0920509998687,811.0920509998687,811.0920509998687,811.4097295999527,k,0.30897320015355945,None,right,1,13,1,8,100,17,None,135.5146494996734,135.51498449966311,811.4101738999598,811.4242847999558,811.4242847999558,812.424587899819,812.424587899819,812.4091344000772,136.5140220997855,136.51406499976292,812.4195519001223,812.424587899819,812.424587899819,813.4238251000643,813.4238251000643,813.4084755997173,stimuli/box_coin_transparent.png,137.51334269996732,137.51337989978492,813.4085669000633,813.4238251000643,816.9246215997264,816.9082963997498,141.0131568000652,,,,,,,,,,444444,right,no,None,2025-05-15_10h15.20.647,RL_out-of-scanner,2024.2.4,59.32785113293065,2025-05-15 10h15.34.855566 -0500,
29,0,29,space,29.998591400217265,None,5,1.3582147001288831,None,141.01464239973575,k,0.2250387999229133,None,None,141.26408150000498,141.26434660004452,143.26291749998927,143.262954399921,144.2631010999903,144.26313399989158,145.2626829999499,,,,,2,0,2,0,29,0,29,0,816.9246215997264,,,,,,,,,,,,,,,,,,,,,,,,,,,,,,141.01464239973575,816.9098272998817,816.9246215997264,816.9246215997264,816.9246215997264,816.9246215997264,817.159181300085,k,0.2250387999229133,None,right,0,13,1,8,101,17,None,141.26408150000498,141.26434660004452,817.1595286997035,817.1744963997044,817.1744963997044,819.1745691001415,819.1745691001415,819.1580380001105,143.26291749998927,143.262954399921,819.1678919000551,819.1745691001415,819.1745691001415,,,820.1582361999899,stimuli/box_empty_transparent.png,144.2631010999903,144.26313399989158,820.1583170001395,820.1744423997588,821.1743657998741,821.1578234997578,145.2626829999499,,,,,,,,,,444444,right,no,None,2025-05-15_10h15.20.647,RL_out-of-scanner,2024.2.4,59.32785113293065,2025-05-15 10h15.34.855566 -0500,
30,0,30,space,29.998591400217265,None,5,1.3582147001288831,None,145.26422340003774,j,0.33769260020926595,None,None,145.6304525998421,145.6308227996342,146.6303242999129,146.63036249997094,147.63007709989324,147.63012299966067,148.628435799852,,,,,2,0,2,0,30,0,30,0,821.1743657998741,,,,,,,,,,,,,,,,,,,,,,,,,,,,,,145.26422340003774,821.1594079998322,821.1743657998741,821.1743657998741,821.1743657998741,821.1743657998741,821.5255501000211,j,0.33769260020926595,None,right,0,13,1,8,101,17,None,145.6304525998421,145.6308227996342,821.5260084001347,821.541715899948,821.541715899948,822.5418015001342,822.5418015001342,822.5254420000128,146.6303242999129,146.63036249997094,822.5336446999572,822.5418015001342,822.5418015001342,823.5401097000577,823.5401097000577,823.5252072997391,stimuli/box_empty_transparent.png,147.63007709989324,147.63012299966067,823.5253049000166,823.5401097000577,824.5403362000361,824.5235733999871,148.628435799852,,,,,,,,,,444444,right,no,None,2025-05-15_10h15.20.647,RL_out-of-scanner,2024.2.4,59.32785113293065,2025-05-15 10h15.34.855566 -0500,
31,0,31,space,29.998591400217265,None,5,1.3582147001288831,None,148.63016379997134,k,0.2289207996800542,None,None,148.8801523996517,148.88052199967206,151.87994899973273,151.87999329995364,152.87937260000035,152.87941299984232,155.37829499971122,,,,,2,0,2,0,31,0,31,0,824.5403362000361,,,,,,,,,,,,,,,,,,,,,,,,,,,,,,148.63016379997134,824.5253554997034,824.5403362000361,824.5403362000361,824.5403362000361,824.5403362000361,824.7752296999097,k,0.2289207996800542,None,right,0,13,1,8,102,17,None,148.8801523996517,148.88052199967206,824.7757121999748,824.7905981997028,824.7905981997028,827.790523099713,827.790523099713,827.7750645997003,151.87994899973273,151.87999329995364,827.7839561998844,827.790523099713,827.790523099713,828.789833100047,828.789833100047,828.774502299726,stimuli/box_empty_transparent.png,152.87937260000035,152.87941299984232,828.7746056998149,828.789833100047,831.2913132999092,831.2734313998371,155.37829499971122,,,,,,,,,,444444,right,no,None,2025-05-15_10h15.20.647,RL_out-of-scanner,2024.2.4,59.32785113293065,2025-05-15 10h15.34.855566 -0500,
32,0,32,space,29.998591400217265,None,5,1.3582147001288831,None,155.37986340001225,j,0.4958353000693023,None,None,155.89769969973713,155.8980655996129,156.89654710004106,156.8965848996304,157.8956757998094,157.89570869971067,158.89584299968556,,,,,2,0,2,0,32,0,32,0,831.2913132999092,,,,,,,,,,,,,,,,,,,,,,,,,,,,,,155.37986340001225,831.275048200041,831.2913132999092,831.2913132999092,831.2913132999092,831.2913132999092,831.7927954997867,j,0.4958353000693023,None,right,0,13,1,8,102,17,None,155.89769969973713,155.8980655996129,831.7932498999871,831.8081199997105,831.8081199997105,832.8078906000592,832.8078906000592,832.7916659996845,156.89654710004106,156.8965848996304,832.7998990998603,832.8078906000592,832.8078906000592,833.8075379999354,833.8075379999354,833.7908124998212,stimuli/box_empty_transparent.png,157.8956757998094,157.89570869971067,833.7908898000605,833.8075379999354,834.807147399988,834.7909825998358,158.89584299968556,,,,,,,,,,444444,right,no,None,2025-05-15_10h15.20.647,RL_out-of-scanner,2024.2.4,59.32785113293065,2025-05-15 10h15.34.855566 -0500,
33,0,33,space,29.998591400217265,None,5,1.3582147001288831,None,158.8973246999085,j,0.29807480005547404,None,None,159.21376439975575,159.21409229980782,161.2129867998883,161.2130240998231,162.21341149974614,162.21344209974632,163.71229349961504,,,,,2,0,2,0,33,0,33,0,834.807147399988,,,,,,,,,,,,,,,,,,,,,,,,,,,,,,158.8973246999085,834.7925093998201,834.807147399988,834.807147399988,834.807147399988,834.807147399988,835.1088622999378,j,0.29807480005547404,None,right,0,13,1,8,102,17,None,159.21376439975575,159.21409229980782,835.1092755999416,835.1242801998742,835.1242801998742,837.1237844997086,837.1237844997086,837.1081070997752,161.2129867998883,161.2130240998231,837.1164955999702,837.1237844997086,837.1237844997086,838.1235767998733,838.1235767998733,838.1085491999984,stimuli/box_empty_transparent.png,162.21341149974614,162.21344209974632,838.1086221998557,838.1235767998733,839.624160300009,839.6074338001199,163.71229349961504,,,,,,,,,,444444,right,no,None,2025-05-15_10h15.20.647,RL_out-of-scanner,2024.2.4,59.32785113293065,2025-05-15 10h15.34.855566 -0500,
34,0,34,space,29.998591400217265,None,5,1.3582147001288831,None,163.71386480005458,k,0.2881447998806834,None,None,164.0301743997261,164.03051509987563,167.02925529982895,167.029294999782,168.02918199962005,168.0292134997435,170.52888319967315,,,,,2,0,2,0,34,0,34,0,839.624160300009,,,,,,,,,,,,,,,,,,,,,,,,,,,,,,163.71386480005458,839.6090494999662,839.624160300009,839.624160300009,839.624160300009,839.624160300009,839.9252553000115,k,0.2881447998806834,None,right,0,13,1,8,103,17,None,164.0301743997261,164.03051509987563,839.9257053998299,839.940694599878,839.940694599878,842.9412817000411,842.9412817000411,842.9243739000522,167.02925529982895,167.029294999782,842.9326161998324,842.9412817000411,842.9412817000411,843.940449600108,843.940449600108,843.9243188998662,stimuli/box_empty_transparent.png,168.02918199962005,168.0292134997435,843.9243934000842,843.940449600108,846.4408406000584,846.4240226000547,170.52888319967315,,,,,,,,,,444444,right,no,None,2025-05-15_10h15.20.647,RL_out-of-scanner,2024.2.4,59.32785113293065,2025-05-15 10h15.34.855566 -0500,
35,0,35,space,29.998591400217265,None,5,1.3582147001288831,None,170.53035049978644,k,0.2632672004401684,None,None,170.81308180000633,170.81339669972658,172.31240509962663,172.31244699982926,173.31241449993104,173.31244629994035,174.31202439963818,,,,,2,0,2,0,35,0,35,0,846.4408406000584,,,,,,,,,,,,,,,,,,,,,,,,,,,,,,170.53035049978644,846.425534399692,846.4408406000584,846.4408406000584,846.4408406000584,846.4408406000584,846.7081641997211,k,0.2632672004401684,None,right,1,13,2,8,104,18,None,170.81308180000633,170.81339669972658,846.7085858997889,846.7237648000009,846.7237648000009,848.2232940997928,848.2232940997928,848.2075181999244,172.31240509962663,172.31244699982926,848.2176298997365,848.2232940997928,848.2232940997928,849.2234291997738,849.2234291997738,849.2075493996963,stimuli/box_coin_transparent.png,173.31241449993104,173.31244629994035,849.2076272000559,849.2234291997738,850.2236770000309,850.2071646000259,174.31202439963818,,,,,,,,,,444444,right,no,None,2025-05-15_10h15.20.647,RL_out-of-scanner,2024.2.4,59.32785113293065,2025-05-15 10h15.34.855566 -0500,
36,0,36,space,29.998591400217265,None,5,1.3582147001288831,None,174.31354139978066,k,0.4322242997586727,None,None,174.76363439997658,174.76390299992636,176.26278659980744,176.26283239992335,177.26156240003183,177.26160029973835,180.76187000004575,,,,,2,0,2,0,36,0,36,0,850.2236770000309,,,,,,,,,,,,,,,,,,,,,,,,,,,,,,174.31354139978066,850.2087253998034,850.2236770000309,850.2236770000309,850.2236770000309,850.2236770000309,850.6587343998253,k,0.4322242997586727,None,right,1,13,3,8,105,19,None,174.76363439997658,174.76390299992636,850.6590853999369,850.6735990000889,850.6735990000889,852.1733947000466,852.1733947000466,852.1578973000869,176.26278659980744,176.26283239992335,852.1679543000646,852.1733947000466,852.1733947000466,853.1722893998958,853.1722893998958,853.156695399899,stimuli/box_coin_transparent.png,177.26156240003183,177.26160029973835,853.1567865000106,853.1722893998958,856.6733820000663,856.6570087997243,180.76187000004575,,,,,,,,,,444444,right,no,None,2025-05-15_10h15.20.647,RL_out-of-scanner,2024.2.4,59.32785113293065,2025-05-15 10h15.34.855566 -0500,
37,0,37,space,29.998591400217265,None,5,1.3582147001288831,None,180.76338789984584,k,0.25382400024682283,None,None,181.04657989973202,181.0469098999165,183.04467119975016,183.044706299901,184.04479749966413,184.04483360005543,185.04465080006048,,,,,2,0,2,0,37,0,37,0,856.6733820000663,,,,,,,,,,,,,,,,,,,,,,,,,,,,,,180.76338789984584,856.6585721001029,856.6733820000663,856.6733820000663,856.6733820000663,856.6733820000663,856.9416644996963,k,0.25382400024682283,None,right,1,13,4,8,106,20,None,181.04657989973202,181.0469098999165,856.9420978999697,856.9569063000381,856.9569063000381,858.9569453001022,858.9569453001022,858.9397931997664,183.04467119975016,183.044706299901,858.9511644998565,858.9569453001022,858.9569453001022,,,859.9399303998798,stimuli/box_coin_transparent.png,184.04479749966413,184.04483360005543,859.9400208001025,859.956262299791,860.9565810998902,860.9397913999856,185.04465080006048,,,,,,,,,,444444,right,no,None,2025-05-15_10h15.20.647,RL_out-of-scanner,2024.2.4,59.32785113293065,2025-05-15 10h15.34.855566 -0500,
38,0,38,space,29.998591400217265,None,5,1.3582147001288831,None,185.04612080007792,k,0.3028054996393621,None,None,185.37890479993075,185.37924019992352,186.37902049999684,186.3790652998723,187.37914509978145,187.37918049981818,188.89389809966087,,,,,2,0,2,0,38,0,38,0,860.9565810998902,,,,,,,,,,,,,,,,,,,,,,,,,,,,,,185.04612080007792,860.9413052997552,860.9565810998902,860.9565810998902,860.9565810998902,860.9565810998902,861.2739824997261,k,0.3028054996393621,None,right,1,13,5,8,107,21,None,185.37890479993075,185.37924019992352,861.274433999788,861.2893110997975,861.2893110997975,862.2895824001171,862.2895824001171,862.2741312999278,186.37902049999684,186.3790652998723,862.2844350999221,862.2895824001171,862.2895824001171,863.2896905997768,863.2896905997768,863.2742777997628,stimuli/box_coin_transparent.png,187.37914509978145,187.37918049981818,863.2743663000874,863.2896905997768,864.8058063001372,864.789037999697,188.89389809966087,,,,,,,,,,444444,right,no,None,2025-05-15_10h15.20.647,RL_out-of-scanner,2024.2.4,59.32785113293065,2025-05-15 10h15.34.855566 -0500,
39,0,39,space,29.998591400217265,None,5,1.3582147001288831,None,188.89540369994938,k,0.4215024998411536,None,None,189.3456985000521,189.34608229994774,190.34549909969792,190.3455382999964,191.34545330004767,191.3454851997085,192.34498849976808,,,,,2,0,2,0,39,0,39,0,864.8058063001372,,,,,,,,,,,,,,,,,,,,,,,,,,,,,,188.89540369994938,864.790589899756,864.8058063001372,864.8058063001372,864.8058063001372,864.8058063001372,865.240770299919,k,0.4215024998411536,None,right,1,13,6,8,108,22,None,189.3456985000521,189.34608229994774,865.2412891997956,865.2561238999479,865.2561238999479,866.2561432998627,866.2561432998627,866.2406178000383,190.34549909969792,190.3455382999964,866.250779400114,866.2561432998627,866.2561432998627,867.2557210000232,867.2557210000232,867.240588599816,stimuli/box_coin_transparent.png,191.34545330004767,191.3454851997085,867.2406663997099,867.2557210000232,868.2569419001229,868.2401284999214,192.34498849976808,,,,,,,,,,444444,right,no,None,2025-05-15_10h15.20.647,RL_out-of-scanner,2024.2.4,59.32785113293065,2025-05-15 10h15.34.855566 -0500,
40,0,40,space,29.998591400217265,None,5,1.3582147001288831,None,192.34649210004136,k,0.280876699835062,None,None,192.64602779969573,192.6463416996412,194.14435199974105,194.14439649973065,195.14485989976674,195.14489929983392,196.14451299980283,,,,,2,0,2,0,40,0,40,0,868.2569419001229,,,,,,,,,,,,,,,,,,,,,,,,,,,,,,192.34649210004136,868.2416861997917,868.2569419001229,868.2569419001229,868.2569419001229,868.2569419001229,868.5411110999994,k,0.280876699835062,None,right,1,13,7,8,109,23,None,192.64602779969573,192.6463416996412,868.5415301998146,868.556375300046,868.556375300046,870.0562455998734,870.0562455998734,870.0394668998197,194.14435199974105,194.14439649973065,870.0502808997408,870.0562455998734,870.0562455998734,,,871.0399794001132,stimuli/box_coin_transparent.png,195.14485989976674,195.14489929983392,871.0400898000225,871.0552121000364,872.056596999988,872.0396499997005,196.14451299980283,,,,,,,,,,444444,right,no,None,2025-05-15_10h15.20.647,RL_out-of-scanner,2024.2.4,59.32785113293065,2025-05-15 10h15.34.855566 -0500,
41,0,41,space,29.998591400217265,None,5,1.3582147001288831,None,196.1461600996554,k,0.2895141998305917,None,None,196.46271670004353,196.46305229980499,197.46186909964308,197.4619088997133,198.46217259997502,198.46221040003002,201.46175819961354,,,,,2,0,2,0,41,0,41,0,872.056596999988,,,,,,,,,,,,,,,,,,,,,,,,,,,,,,196.1461600996554,872.0413444000296,872.056596999988,872.056596999988,872.056596999988,872.056596999988,872.3578145001084,k,0.2895141998305917,None,right,1,13,8,8,110,24,None,196.46271670004353,196.46305229980499,872.3582362998277,872.3731225999072,872.3731225999072,873.3726657996885,873.3726657996885,873.3569875997491,197.46186909964308,197.4619088997133,873.3670779000968,873.3726657996885,873.3726657996885,874.3723809998482,874.3723809998482,874.357305499725,stimuli/box_coin_transparent.png,198.46217259997502,198.46221040003002,874.357396400068,874.3723809998482,877.3725542998873,877.3568943999708,201.46175819961354,,,,,,,,,,444444,right,no,None,2025-05-15_10h15.20.647,RL_out-of-scanner,2024.2.4,59.32785113293065,2025-05-15 10h15.34.855566 -0500,
42,0,42,space,29.998591400217265,None,5,1.3582147001288831,None,201.46339079970494,k,0.5914054000750184,None,None,202.07918109977618,202.07944680005312,204.09460829989985,204.0946546997875,205.09492919966578,205.09496119990945,208.60162239987403,,,,,2,0,2,0,42,0,42,0,877.3725542998873,,,,,,,,,,,,,,,,,,,,,,,,,,,,,,201.46339079970494,877.3585755997337,877.3725542998873,877.3725542998873,877.3725542998873,877.3725542998873,877.9742598999292,k,0.5914054000750184,None,right,0,13,8,8,111,24,None,202.07918109977618,202.07944680005312,877.9746282999404,877.9910714998841,877.9910714998841,880.0057447999716,880.0057447999716,879.98972029984,204.09460829989985,204.0946546997875,879.99834010005,880.0057447999716,880.0057447999716,881.0059533999301,881.0059533999301,880.9900659001432,stimuli/box_empty_transparent.png,205.09492919966578,205.09496119990945,880.9901415999047,881.0059533999301,884.5134447999299,884.496763699688,208.60162239987403,,,,,,,,,,444444,right,no,None,2025-05-15_10h15.20.647,RL_out-of-scanner,2024.2.4,59.32785113293065,2025-05-15 10h15.34.855566 -0500,
43,0,43,space,29.998591400217265,None,5,1.3582147001288831,None,208.60318529978395,k,0.4534402000717819,None,None,209.08606849983335,209.08635989995673,210.08576519973576,210.0858040000312,211.08568080002442,211.08571239979938,213.0849262997508,,,,,2,0,2,0,43,0,43,0,884.5134447999299,,,,,,,,,,,,,,,,,,,,,,,,,,,,,,208.60318529978395,884.498370999936,884.5134447999299,884.5134447999299,884.5134447999299,884.5134447999299,884.981151400134,k,0.4534402000717819,None,right,0,13,8,8,112,24,None,209.08606849983335,209.08635989995673,884.9815496997908,884.9968865998089,884.9968865998089,885.9974520998076,885.9974520998076,885.9808793999255,210.08576519973576,210.0858040000312,885.9892059997655,885.9974520998076,885.9974520998076,886.9962971000932,886.9962971000932,886.980815500021,stimuli/box_empty_transparent.png,211.08568080002442,211.08571239979938,886.9808960999362,886.9962971000932,888.9967338996939,888.9800595999695,213.0849262997508,,,,,,,,,,444444,right,no,None,2025-05-15_10h15.20.647,RL_out-of-scanner,2024.2.4,59.32785113293065,2025-05-15 10h15.34.855566 -0500,
44,0,44,space,29.998591400217265,None,5,1.3582147001288831,None,213.0871379999444,j,0.30397599982097745,None,None,213.41928389994428,213.41966399969533,215.91899639973417,215.91904179984704,216.91840479988605,216.9184392997995,218.93571210000664,,,,,2,0,2,0,44,0,44,0,888.9967338996939,,,,,,,,,,,,,,,,,,,,,,,,,,,,,,213.0871379999444,888.9823374999687,888.9967338996939,888.9967338996939,888.9967338996939,888.9967338996939,889.3143616998568,j,0.30397599982097745,None,right,0,13,8,8,112,24,None,213.41928389994428,213.41966399969533,889.3148541999981,889.3301874999888,889.3301874999888,891.8304960997775,891.8304960997775,891.8141111996956,215.91899639973417,215.91904179984704,891.8224015999585,891.8304960997775,891.8304960997775,892.8316031000577,892.8316031000577,892.8135385997593,stimuli/box_empty_transparent.png,216.91840479988605,216.9184392997995,892.8136259997264,892.8316031000577,894.8472758997232,894.8308518999256,218.93571210000664,,,,,,,,,,444444,right,no,None,2025-05-15_10h15.20.647,RL_out-of-scanner,2024.2.4,59.32785113293065,2025-05-15 10h15.34.855566 -0500,
45,0,45,space,29.998591400217265,None,5,1.3582147001288831,None,218.9371470999904,j,0.32035160018131137,None,None,219.2871043998748,219.28754179971293,220.30323339998722,220.3032713998109,221.30357689969242,221.30360909970477,222.31796999974176,,,,,2,0,2,0,45,0,45,0,894.8472758997232,,,,,,,,,,,,,,,,,,,,,,,,,,,,,,218.9371470999904,894.832331399899,894.8472758997232,894.8472758997232,894.8472758997232,894.8472758997232,895.1821725000627,j,0.32035160018131137,None,right,0,13,8,8,112,24,None,219.2871043998748,219.28754179971293,895.1827384000644,895.1988773997873,895.1988773997873,896.213389699813,896.213389699813,896.1983515000902,220.30323339998722,220.3032713998109,896.206638999749,896.213389699813,896.213389699813,897.2136888001114,897.2136888001114,897.1987136998214,stimuli/box_empty_transparent.png,221.30357689969242,221.30360909970477,897.1987896999344,897.2136888001114,898.2298141997308,898.2131014000624,222.31796999974176,,,,,,,,,,444444,right,no,None,2025-05-15_10h15.20.647,RL_out-of-scanner,2024.2.4,59.32785113293065,2025-05-15 10h15.34.855566 -0500,
46,0,46,space,29.998591400217265,None,5,1.3582147001288831,None,222.32024180004373,k,0.2689597997814417,None,None,222.61910239979625,222.61935759987682,224.61961379973218,224.61965220002457,225.6191092999652,225.61914159962907,226.6193094998598,,,,,2,0,2,0,46,0,46,0,898.2298141997308,,,,,,,,,,,,,,,,,,,,,,,,,,,,,,222.32024180004373,898.2154415999539,898.2298141997308,898.2298141997308,898.2298141997308,898.2298141997308,898.5142022999935,k,0.2689597997814417,None,right,1,13,9,8,113,25,None,222.61910239979625,222.61935759987682,898.5145399998873,898.5298581998795,898.5298581998795,900.530382100027,900.530382100027,900.5147323999554,224.61961379973218,224.61965220002457,900.5246095997281,900.530382100027,900.530382100027,901.5301211997867,901.5301211997867,901.5142461997457,stimuli/box_coin_transparent.png,225.6191092999652,225.61914159962907,901.5143217998557,901.5301211997867,902.5302152996883,902.5144480001181,226.6193094998598,,,,,,,,,,444444,right,no,None,2025-05-15_10h15.20.647,RL_out-of-scanner,2024.2.4,59.32785113293065,2025-05-15 10h15.34.855566 -0500,
47,0,47,space,29.998591400217265,None,5,1.3582147001288831,None,226.62082869978622,k,0.27205639984458685,None,None,226.919937599916,226.92022799979895,229.91899849986658,229.9190369998105,230.91927489964291,230.91931289993227,232.41854059975594,,,,,2,0,2,0,47,0,47,0,902.5302152996883,,,,,,,,,,,,,,,,,,,,,,,,,,,,,,226.62082869978622,902.5160129996948,902.5302152996883,902.5302152996883,902.5302152996883,902.5302152996883,902.8150359001011,k,0.27205639984458685,None,right,0,13,9,8,114,25,None,226.919937599916,226.92022799979895,902.8154107998125,902.8301665000618,902.8301665000618,905.8299797996879,905.8299797996879,905.814120199997,229.91899849986658,229.9190369998105,905.8223784998991,905.8299797996879,905.8299797996879,906.8303612000309,906.8303612000309,906.8144072000869,stimuli/box_empty_transparent.png,230.91927489964291,230.91931289993227,906.8145026997663,906.8303612000309,908.3297562999651,908.3136808997951,232.41854059975594,,,,,,,,,,444444,right,no,None,2025-05-15_10h15.20.647,RL_out-of-scanner,2024.2.4,59.32785113293065,2025-05-15 10h15.34.855566 -0500,
48,0,48,space,29.998591400217265,None,5,1.3582147001288831,None,232.42006969964132,k,0.2902854001149535,None,None,232.73708099965006,232.73739899974316,234.23478479962796,234.23483669990674,235.23541599977762,235.23545040003955,238.73502419982105,,,,,2,0,2,0,48,0,48,0,908.3297562999651,,,,,,,,,,,,,,,,,,,,,,,,,,,,,,232.42006969964132,908.3152545997873,908.3297562999651,908.3297562999651,908.3297562999651,908.3297562999651,908.6321773999371,k,0.2902854001149535,None,right,1,13,10,8,115,26,None,232.73708099965006,232.73739899974316,908.6325827999972,908.646603600122,908.646603600122,910.1474822997116,910.1474822997116,910.1298917001113,234.23478479962796,234.23483669990674,910.1423869999126,910.1474822997116,910.1474822997116,,,911.1305404999293,stimuli/box_coin_transparent.png,235.23541599977762,235.23545040003955,911.1306348000653,911.1464944998734,914.6465616999194,914.6301651997492,238.73502419982105,,,,,,,,,,444444,right,no,None,2025-05-15_10h15.20.647,RL_out-of-scanner,2024.2.4,59.32785113293065,2025-05-15 10h15.34.855566 -0500,
49,0,49,space,29.998591400217265,None,5,1.3582147001288831,None,238.73658349970356,k,0.42853070003911853,None,None,239.18585849972442,239.18615760002285,240.7012685998343,240.7013049996458,241.70151959965006,241.7015510997735,241.70214229961857,,,,,2,0,2,0,49,0,49,0,914.6465616999194,,,,,,,,,,,,,,,,,,,,,,,,,,,,,,238.73658349970356,914.6317680999637,914.6465616999194,914.6465616999194,914.6465616999194,914.6465616999194,915.0809570997953,k,0.42853070003911853,None,right,1,13,11,8,116,27,None,239.18585849972442,239.18615760002285,915.081341299694,915.0996789000928,915.0996789000928,916.6129628000781,916.6129628000781,916.5963900000788,240.7012685998343,240.7013049996458,916.6071836999618,916.6129628000781,916.6129628000781,,,917.5966550000012,stimuli/box_coin_transparent.png,241.70151959965006,241.7015510997735,917.596733099781,917.6159659000114,917.6159659000114,917.5972867999226,241.70214229961857,,,,,,,,,,444444,right,no,None,2025-05-15_10h15.20.647,RL_out-of-scanner,2024.2.4,59.32785113293065,2025-05-15 10h15.34.855566 -0500,
2,0,2,space,29.998591400217265,None,5,1.3582147001288831,None,,,,,,,,,,,,,,,,,2,0,2,0,,,,,,,,,,,,,,,,,,,,,,,,,,,,,,,,,,,,,,,,,,,,,,,,,,,,,,,,,,,,,,,,,,,,,,,,,,,,,917.6121280998923,917.6159659000114,921.6120731998235,921.6121454001404,921.6286230999976,979.4110280000605,979.3954451000318,,,444444,right,no,None,2025-05-15_10h15.20.647,RL_out-of-scanner,2024.2.4,59.32785113293065,2025-05-15 10h15.34.855566 -0500,
,,,,,,,,,,,,,,,,,,,,,,,,,,,,,,,,,,,,,,,,,,,,,,,,,,,,,,,,,,,,,,,,,,,,,,,,,,,,,,,,,,,,,,,,,,,,,,,,,,,,,,,,,,,,,,,,979.3955552000552,979.3958300999366,444444,right,no,None,2025-05-15_10h15.20.647,RL_out-of-scanner,2024.2.4,59.32785113293065,2025-05-15 10h15.34.855566 -0500,
