thisN,thisTrialN,thisRepN,advance_press.keys,advance_press.rt,advance_press.duration,trigger_value.keys,trigger_value.rt,trigger_value.duration,cueOnTime,cue_resp.keys,cue_resp.rt,cue_resp.duration,all_keys.keys,cueOffTime,cueRespOnTime,cueRespOffTime,outcomeOnTime,outcomeOffTime,fixOnTime,fixOffTime,all_keys.rt,all_keys.duration,practice_loop.thisRepN,practice_loop.thisTrialN,practice_loop.thisN,practice_loop.thisIndex,runs.thisRepN,runs.thisTrialN,runs.thisN,runs.thisIndex,trials.thisRepN,trials.thisTrialN,trials.thisN,trials.thisIndex,thisRow.t,notes,prac_dir.started,welcome_text.started,advance_press_pd.started,prac_dir.stopped,advance_press_pd.keys,advance_press_pd.rt,advance_press_pd.duration,summary_instructions.started,summary_text.started,advance_to_runs.started,summary_instructions.stopped,advance_to_runs.keys,advance_to_runs.rt,advance_to_runs.duration,get_ready.started,get_ready_text.started,advance_press.started,get_ready.stopped,runs.advance_press.keys,runs.advance_press.rt,runs.advance_press.duration,scanner_trigger.started,scanner_text.started,trigger_value.started,scanner_trigger.stopped,runs.trigger_value.keys,runs.trigger_value.rt,runs.trigger_value.duration,trials.cueOnTime,cue.started,left_box.started,right_box.started,cue_resp.started,all_keys.started,cue.stopped,trials.cue_resp.keys,trials.cue_resp.rt,trials.cue_resp.duration,good_side,probability_sequence_value,magic_number,num_rewarded,num_switch,total_correct,num_gold_coins,trials.all_keys.keys,trials.cueOffTime,trials.cueRespOnTime,cue_response.started,left_box_response.started,right_box_response.started,left_box_response.stopped,right_box_response.stopped,cue_response.stopped,trials.cueRespOffTime,trials.outcomeOnTime,outcome.started,outcome_left_box.started,outcome_right_box.started,outcome_left_box.stopped,outcome_right_box.stopped,outcome.stopped,outcome_image,trials.outcomeOffTime,trials.fixOnTime,fixation.started,fixation_cross.started,fixation_cross.stopped,fixation.stopped,trials.fixOffTime,trials.all_keys.rt,trials.all_keys.duration,run_feedback.started,coins_won_text.started,run_feedback.stopped,leftover_time_break.started,fixation_end.started,fixation_end.stopped,leftover_time_break.stopped,left_box.stopped,right_box.stopped,cue_resp.stopped,all_keys.stopped,end_exp.started,end_exp.stopped,participant,handedness,practice,restart_from_run,date,expName,psychopyVersion,frameRate,expStart,
,,,,,,,,,,,,,,,,,,,,,,,,,,,,,,,,,,,,,0.03543870011344552,0.040955299977213144,0.040955299977213144,43.340689999982715,j,43.29168760031462,None,,,,,,,,,,,,,,,,,,,,,,,,,,,,,,,,,,,,,,,,,,,,,,,,,,,,,,,,,,,,,,,,,,,,,,,,,,,,,,,66666,right,no,None,2025-05-15_13h07.20.047,RL_out-of-scanner,2024.2.4,60.413323679206016,2025-05-15 13h07.32.407231 -0500,
,,,,,,,,,,,,,,,,,,,,,,,,,,,,,,,,,,,,,,,,,,,,43.34098899969831,43.34861119976267,43.34861119976267,57.44907329976559,j,14.092198400292546,None,,,,,,,,,,,,,,,,,,,,,,,,,,,,,,,,,,,,,,,,,,,,,,,,,,,,,,,,,,,,,,,,,,,,,,,,66666,right,no,None,2025-05-15_13h07.20.047,RL_out-of-scanner,2024.2.4,60.413323679206016,2025-05-15 13h07.32.407231 -0500,
0,0,0,space,2.847566199954599,None,5,3.9443807997740805,None,0.00271650031208992,j,0.6729264999739826,None,None,0.700889200437814,0.7012621001340449,1.6997835002839565,1.6998209999874234,2.6999881002120674,2.7000212003476918,4.716092700138688,,,,,,,0,0,0,0,0,0,0,0,64.29803809989244,,,,,,,,,,,,,,,,57.44943739986047,57.46459379978478,57.46459379978478,60.315986400004476,space,2.847566199954599,None,60.316105499863625,60.33533899998292,60.33533899998292,64.28207379998639,5,3.9443807997740805,None,0.00271650031208992,64.28488019993529,64.29803809989244,64.29803809989244,64.29803809989244,64.29803809989244,64.98292530002072,j,0.6729264999739826,None,right,1,11,0,0,0,0,None,0.700889200437814,0.7012621001340449,64.98342259973288,64.99833850003779,64.99833850003779,65.99870869982988,65.99870869982988,65.9818704999052,1.6997835002839565,1.6998209999874234,65.9905296000652,65.99870869982988,65.99870869982988,66.9986483999528,66.9986483999528,66.98209459986538,stimuli/box_empty_transparent.png,2.6999881002120674,2.7000212003476918,66.98216830007732,66.9986483999528,69.01467699976638,68.99820159981027,4.716092700138688,,,,,,,,,,,,,,,,66666,right,no,None,2025-05-15_13h07.20.047,RL_out-of-scanner,2024.2.4,60.413323679206016,2025-05-15 13h07.32.407231 -0500,
1,0,1,space,2.847566199954599,None,5,3.9443807997740805,None,4.717553000431508,k,0.4624135000631213,None,None,5.200523300096393,5.200763600412756,6.699701700359583,6.69973950041458,7.699635300319642,7.699667300097644,9.199164200108498,,,,,,,0,0,0,0,1,0,1,0,69.01467699976638,,,,,,,,,,,,,,,,,,,,,,,,,,,,,,4.717553000431508,68.99971590004861,69.01467699976638,69.01467699976638,69.01467699976638,69.01467699976638,69.48258950002491,k,0.4624135000631213,None,right,1,11,1,0,1,1,None,5.200523300096393,5.200763600412756,69.48291569994763,69.49819470010698,69.49819470010698,70.99864699970931,70.99864699970931,70.98179009975865,6.699701700359583,6.69973950041458,70.99155410006642,70.99864699970931,70.99864699970931,71.99750560009852,71.99750560009852,71.98174129985273,stimuli/box_coin_transparent.png,7.699635300319642,7.699667300097644,71.98181780008599,71.99750560009852,73.4986668000929,73.48127290001139,9.199164200108498,,,,,,,,,,,,,,,,66666,right,no,None,2025-05-15_13h07.20.047,RL_out-of-scanner,2024.2.4,60.413323679206016,2025-05-15 13h07.32.407231 -0500,
2,0,2,space,2.847566199954599,None,5,3.9443807997740805,None,9.20073560019955,j,0.3679982996545732,None,None,9.60038680024445,9.600726600270718,10.599522000178695,10.599573600105941,11.599619599990547,11.599669600371271,14.599309700075537,,,,,,,0,0,0,0,2,0,2,0,73.4986668000929,,,,,,,,,,,,,,,,,,,,,,,,,,,,,,9.20073560019955,73.48288960009813,73.4986668000929,73.4986668000929,73.4986668000929,73.4986668000929,73.88245239993557,j,0.3679982996545732,None,right,1,11,1,0,1,1,None,9.60038680024445,9.600726600270718,73.88288139970973,73.8979295999743,73.8979295999743,74.89819339988753,74.89819339988753,74.88159970007837,10.599522000178695,10.599573600105941,74.89041360002011,74.89819339988753,74.89819339988753,75.89719810010865,75.89719810010865,75.88171420013532,stimuli/box_empty_transparent.png,11.599619599990547,11.599669600371271,75.88186109997332,75.89719810010865,78.89783519972116,78.8814149000682,14.599309700075537,,,,,,,,,,,,,,,,66666,right,no,None,2025-05-15_13h07.20.047,RL_out-of-scanner,2024.2.4,60.413323679206016,2025-05-15 13h07.32.407231 -0500,
3,0,3,space,2.847566199954599,None,5,3.9443807997740805,None,14.601031700149179,j,0.5838728998787701,None,None,15.216611300129443,15.216960200108588,17.2159072002396,17.21596320020035,18.215906400233507,18.215943400282413,19.21615740004927,,,,,,,0,0,0,0,3,0,3,0,78.89783519972116,,,,,,,,,,,,,,,,,,,,,,,,,,,,,,14.601031700149179,78.88318570004776,78.89783519972116,78.89783519972116,78.89783519972116,78.89783519972116,79.49864589981735,j,0.5838728998787701,None,right,1,11,1,0,1,1,None,15.216611300129443,15.216960200108588,79.49911519978195,79.51446759980172,79.51446759980172,81.51477980008349,81.51477980008349,81.49798130011186,17.2159072002396,17.21596320020035,81.50855930009857,81.51477980008349,81.51477980008349,82.51389619987458,82.51389619987458,82.49800870008767,stimuli/box_empty_transparent.png,18.215906400233507,18.215943400282413,82.49809799995273,82.51389619987458,83.51500209979713,83.4982620999217,19.21615740004927,,,,,,,,,,,,,,,,66666,right,no,None,2025-05-15_13h07.20.047,RL_out-of-scanner,2024.2.4,60.413323679206016,2025-05-15 13h07.32.407231 -0500,
4,0,4,space,2.847566199954599,None,5,3.9443807997740805,None,19.217670400161296,k,0.6385209998115897,None,None,19.883277100045234,19.883549300022423,20.88403550023213,20.884073100052774,21.882554300129414,21.88259210018441,24.381861300207675,,,,,,,0,0,0,0,4,0,4,0,83.51500209979713,,,,,,,,,,,,,,,,,,,,,,,,,,,,,,19.217670400161296,83.49982440005988,83.51500209979713,83.51500209979713,83.51500209979713,83.51500209979713,84.16534340009093,k,0.6385209998115897,None,right,1,11,2,0,2,2,None,19.883277100045234,19.883549300022423,84.16570740006864,84.18072699988261,84.18072699988261,85.18113149981946,85.18113149981946,85.16612310009077,20.88403550023213,20.884073100052774,85.17589689977467,85.18113149981946,85.18113149981946,86.1802717000246,86.1802717000246,86.16465790010989,stimuli/box_coin_transparent.png,21.882554300129414,21.88259210018441,86.16474839998409,86.1802717000246,88.68064989987761,88.66396779986098,24.381861300207675,,,,,,,,,,,,,,,,66666,right,no,None,2025-05-15_13h07.20.047,RL_out-of-scanner,2024.2.4,60.413323679206016,2025-05-15 13h07.32.407231 -0500,
5,0,5,space,2.847566199954599,None,5,3.9443807997740805,None,24.38369970023632,k,0.5114319999702275,None,None,24.916857100091875,24.917138000018895,28.415713200345635,28.415766700170934,29.432051100302488,29.432086900342256,31.431878100149333,,,,,,,0,0,0,0,5,0,5,0,88.68064989987761,,,,,,,,,,,,,,,,,,,,,,,,,,,,,,24.38369970023632,88.66585969971493,88.68064989987761,88.68064989987761,88.68064989987761,88.68064989987761,89.19892210001126,k,0.5114319999702275,None,right,1,11,3,0,3,3,None,24.916857100091875,24.917138000018895,89.19928980013356,89.21422760002315,89.21422760002315,92.71527509996668,92.71527509996668,92.69778809975833,28.415713200345635,28.415766700170934,92.70977049972862,92.71527509996668,92.71527509996668,,,93.71415349980816,stimuli/box_coin_transparent.png,29.432051100302488,29.432086900342256,93.71424099989235,93.73015199974179,95.73056669998914,95.71398389991373,31.431878100149333,,,,,,,,,,,,,,,,66666,right,no,None,2025-05-15_13h07.20.047,RL_out-of-scanner,2024.2.4,60.413323679206016,2025-05-15 13h07.32.407231 -0500,
6,0,6,space,2.847566199954599,None,5,3.9443807997740805,None,31.43336580041796,k,0.6788499001413584,None,None,32.133749100379646,32.13409600034356,33.132215100340545,33.132255100179464,34.13217100035399,34.13221439998597,35.14823320042342,,,,,,,0,0,0,0,6,0,6,0,95.73056669998914,,,,,,,,,,,,,,,,,,,,,,,,,,,,,,31.43336580041796,95.71551920007914,95.73056669998914,95.73056669998914,95.73056669998914,95.73056669998914,96.41581399971619,k,0.6788499001413584,None,right,1,11,4,0,4,4,None,32.133749100379646,32.13409600034356,96.41625660005957,96.4310687999241,96.4310687999241,97.4308055001311,97.4308055001311,97.4142983998172,33.132215100340545,33.132255100179464,97.42433429975063,97.4308055001311,97.4308055001311,98.43232339993119,98.43232339993119,98.41426909994334,stimuli/box_coin_transparent.png,34.13217100035399,34.13221439998597,98.41437749983743,98.43232339993119,99.4471038999036,99.4303414998576,35.14823320042342,,,,,,,,,,,,,,,,66666,right,no,None,2025-05-15_13h07.20.047,RL_out-of-scanner,2024.2.4,60.413323679206016,2025-05-15 13h07.32.407231 -0500,
7,0,7,space,2.847566199954599,None,5,3.9443807997740805,None,35.149905200116336,j,0.4874678999185562,None,None,35.66633350029588,35.66674290038645,37.66643300000578,37.666473500430584,38.66615110030398,38.666187200229615,40.665200900286436,,,,,,,0,0,0,0,7,0,7,0,99.4471038999036,,,,,,,,,,,,,,,,,,,,,,,,,,,,,,35.149905200116336,99.43206040002406,99.4471038999036,99.4471038999036,99.4471038999036,99.4471038999036,99.94836919987574,j,0.4874678999185562,None,right,1,11,4,0,4,4,None,35.66633350029588,35.66674290038645,99.94890259997919,99.96380529971793,99.96380529971793,101.96418899996206,101.96418899996206,101.94851969974115,37.66643300000578,37.666473500430584,101.9579628999345,101.96418899996206,101.96418899996206,102.96313179982826,102.96313179982826,102.94825509982184,stimuli/box_empty_transparent.png,38.66615110030398,38.666187200229615,102.9483405998908,102.96313179982826,104.96385459974408,104.94730569981039,40.665200900286436,,,,,,,,,,,,,,,,66666,right,no,None,2025-05-15_13h07.20.047,RL_out-of-scanner,2024.2.4,60.413323679206016,2025-05-15 13h07.32.407231 -0500,
8,0,8,space,2.847566199954599,None,5,3.9443807997740805,None,40.66705390019342,j,0.6039301999844611,None,None,41.30072870012373,41.30111050000414,44.298967000097036,44.29901510011405,45.2986624003388,45.29869520012289,46.79811430023983,,,,,,,0,0,0,0,8,0,8,0,104.96385459974408,,,,,,,,,,,,,,,,,,,,,,,,,,,,,,40.66705390019342,104.9492168999277,104.96385459974408,104.96385459974408,104.96385459974408,104.96385459974408,105.58279119990766,j,0.6039301999844611,None,right,1,11,4,0,4,4,None,41.30072870012373,41.30111050000414,105.58326420001686,105.59775430010632,105.59775430010632,108.59723359998316,108.59723359998316,108.58104680012912,44.298967000097036,44.29901510011405,108.58989579975605,108.59723359998316,108.59723359998316,109.59699130011722,109.59699130011722,109.58076869975775,stimuli/box_empty_transparent.png,45.2986624003388,45.29869520012289,109.58084610011429,109.59699130011722,111.09683919977397,111.0802166997455,46.79811430023983,,,,,,,,,,,,,,,,66666,right,no,None,2025-05-15_13h07.20.047,RL_out-of-scanner,2024.2.4,60.413323679206016,2025-05-15 13h07.32.407231 -0500,
9,0,9,space,2.847566199954599,None,5,3.9443807997740805,None,46.799882100429386,k,0.8546998999081552,None,None,47.68257740000263,47.68284000037238,49.18169290013611,49.18173080030829,50.181721300352365,50.18175860028714,52.18145200004801,,,,,,,0,0,0,0,9,0,9,0,111.09683919977397,,,,,,,,,,,,,,,,,,,,,,,,,,,,,,46.799882100429386,111.08204319979995,111.09683919977397,111.09683919977397,111.09683919977397,111.09683919977397,111.96462590014562,k,0.8546998999081552,None,right,1,11,5,0,5,5,None,47.68257740000263,47.68284000037238,111.96499239979312,111.97997789969668,111.97997789969668,113.48057379992679,113.48057379992679,113.46378100011498,49.18169290013611,49.18173080030829,113.47404540004209,113.48057379992679,113.48057379992679,114.48039310006425,114.48039310006425,114.46382399974391,stimuli/box_coin_transparent.png,50.181721300352365,50.18175860028714,114.46391479996964,114.48039310006425,116.48023479990661,116.46355650015175,52.18145200004801,,,,,,,,,,,,,,,,66666,right,no,None,2025-05-15_13h07.20.047,RL_out-of-scanner,2024.2.4,60.413323679206016,2025-05-15 13h07.32.407231 -0500,
10,0,10,space,2.847566199954599,None,5,3.9443807997740805,None,52.18322530016303,k,0.6869782996363938,None,None,52.898786700330675,52.899044500198215,54.39864520030096,54.398684800136834,55.3983520003967,55.3983892002143,56.39763670042157,,,,,,,0,0,0,0,10,0,10,0,116.48023479990661,,,,,,,,,,,,,,,,,,,,,,,,,,,,,,52.18322530016303,116.46539339981973,116.48023479990661,116.48023479990661,116.48023479990661,116.48023479990661,117.18085280014202,k,0.6869782996363938,None,right,1,11,6,0,6,6,None,52.898786700330675,52.899044500198215,117.18119599996135,117.19659649999812,117.19659649999812,118.69687879970297,118.69687879970297,118.68073350004852,54.39864520030096,54.398684800136834,118.69067819975317,118.69687879970297,118.69687879970297,119.69593659974635,119.69593659974635,119.6804549000226,stimuli/box_coin_transparent.png,55.3983520003967,55.3983892002143,119.68054569978267,119.69593659974635,120.69631629996002,120.6797453998588,56.39763670042157,,,,,,,,,,,,,,,,66666,right,no,None,2025-05-15_13h07.20.047,RL_out-of-scanner,2024.2.4,60.413323679206016,2025-05-15 13h07.32.407231 -0500,
11,0,11,space,2.847566199954599,None,5,3.9443807997740805,None,56.399173100013286,k,0.7879599998705089,None,None,57.21551030036062,57.21575490012765,59.2148105003871,59.21484989998862,60.21501580020413,60.215049399994314,61.7307790000923,,,,,,,0,0,0,0,11,0,11,0,120.69631629996002,,,,,,,,,,,,,,,,,,,,,,,,,,,,,,56.399173100013286,120.68132749991491,120.69631629996002,120.69631629996002,120.69631629996002,120.69631629996002,121.49757569981739,k,0.7879599998705089,None,right,1,11,7,0,7,7,None,57.21551030036062,57.21575490012765,121.4979070997797,121.51312190014869,121.51312190014869,123.51370309991762,123.51370309991762,123.49689139984548,59.2148105003871,59.21484989998862,123.50787020009011,123.51370309991762,123.51370309991762,,,124.4971187999472,stimuli/box_coin_transparent.png,60.21501580020413,60.215049399994314,124.4972040001303,124.5134608997032,126.0296737998724,126.01288749976084,61.7307790000923,,,,,,,,,,,,,,,,66666,right,no,None,2025-05-15_13h07.20.047,RL_out-of-scanner,2024.2.4,60.413323679206016,2025-05-15 13h07.32.407231 -0500,
12,0,12,space,2.847566199954599,None,5,3.9443807997740805,None,61.73234610026702,k,0.7595234997570515,None,None,62.51543920021504,62.51573770027608,63.514840400312096,63.514886300079525,64.5310720000416,64.53110510017723,67.53076550038531,,,,,,,0,0,0,0,12,0,12,0,126.0296737998724,,,,,,,,,,,,,,,,,,,,,,,,,,,,,,61.73234610026702,126.01450129970908,126.0296737998724,126.0296737998724,126.0296737998724,126.0296737998724,126.79746649973094,k,0.7595234997570515,None,right,0,11,7,0,8,7,None,62.51543920021504,62.51573770027608,126.7978968997486,126.81347010005265,126.81347010005265,127.81438599992543,127.81438599992543,127.79692440014333,63.514840400312096,63.514886300079525,127.80625799996778,127.81438599992543,127.81438599992543,,,128.81317619979382,stimuli/box_empty_transparent.png,64.5310720000416,64.53110510017723,128.81325519969687,128.8288835999556,131.82950370013714,131.81287409970537,67.53076550038531,,,,,,,,,,,,,,,,66666,right,no,None,2025-05-15_13h07.20.047,RL_out-of-scanner,2024.2.4,60.413323679206016,2025-05-15 13h07.32.407231 -0500,
13,0,13,space,2.847566199954599,None,5,3.9443807997740805,None,67.53231420041993,j,0.46608160017058253,None,None,68.01550060044974,68.0157917002216,68.51449730014428,68.51455340022221,69.51429980015382,69.5143371000886,71.51408250024542,,,,,,,0,0,0,0,13,0,13,0,131.82950370013714,,,,,,,,,,,,,,,,,,,,,,,,,,,,,,67.53231420041993,131.81446949997917,131.82950370013714,131.82950370013714,131.82950370013714,131.82950370013714,132.2975659999065,j,0.46608160017058253,None,right,0,11,7,0,8,7,None,68.01550060044974,68.0157917002216,132.2979442998767,132.3128812997602,132.3128812997602,132.81318579986691,132.81318579986691,132.79657220002264,68.51449730014428,68.51455340022221,132.80705679999664,132.81318579986691,132.81318579986691,133.81218610005453,133.81218610005453,133.7964019998908,stimuli/box_empty_transparent.png,69.51429980015382,69.5143371000886,133.79649369977415,133.81218610005453,135.81326910015196,135.79618809977546,71.51408250024542,,,,,,,,,,,,,,,,66666,right,no,None,2025-05-15_13h07.20.047,RL_out-of-scanner,2024.2.4,60.413323679206016,2025-05-15 13h07.32.407231 -0500,
14,0,14,space,2.847566199954599,None,5,3.9443807997740805,None,71.51556000020355,k,0.5564938001334667,None,None,72.09853770025074,72.09879410034046,73.59767000004649,73.59770809998736,74.59776790020987,74.59781320020556,75.59809010010213,,,,,,,0,0,0,0,14,0,14,0,135.81326910015196,,,,,,,,,,,,,,,,,,,,,,,,,,,,,,71.51556000020355,135.7977144997567,135.81326910015196,135.81326910015196,135.81326910015196,135.81326910015196,136.38060399983078,k,0.5564938001334667,None,right,0,11,7,0,9,7,None,72.09853770025074,72.09879410034046,136.38095929985866,136.39659409970045,136.39659409970045,137.89643670013174,137.89643670013174,137.87976250005886,73.59767000004649,73.59770809998736,137.8885578000918,137.89643670013174,137.89643670013174,138.89529349980876,138.89529349980876,138.87986639980227,stimuli/box_empty_transparent.png,74.59776790020987,74.59781320020556,138.87997630005702,138.89529349980876,139.89655659999698,139.88019490009174,75.59809010010213,,,,,,,,,,,,,,,,66666,right,no,None,2025-05-15_13h07.20.047,RL_out-of-scanner,2024.2.4,60.413323679206016,2025-05-15 13h07.32.407231 -0500,
15,0,15,space,2.847566199954599,None,5,3.9443807997740805,None,75.59990400029346,k,0.5039966995827854,None,None,76.13151570037007,76.13179730018601,77.13113410025835,77.13117360044271,78.13105420023203,78.13108530035242,80.13024450000376,,,,,,,0,0,0,0,15,0,15,0,139.89655659999698,,,,,,,,,,,,,,,,,,,,,,,,,,,,,,75.59990400029346,139.88206420000643,139.89655659999698,139.89655659999698,139.89655659999698,139.89655659999698,140.41358119994402,k,0.5039966995827854,None,right,1,11,8,0,10,8,None,76.13151570037007,76.13179730018601,140.41395039996132,140.4294177996926,140.4294177996926,141.42973309988156,141.42973309988156,141.41322299977764,77.13113410025835,77.13117360044271,141.4234818997793,141.42973309988156,141.42973309988156,142.42869079997763,142.42869079997763,142.41316120000556,stimuli/box_coin_transparent.png,78.13105420023203,78.13108530035242,142.4132357998751,142.42869079997763,144.42906210012734,144.41235389979556,80.13024450000376,,,,,,,,,,,,,,,,66666,right,no,None,2025-05-15_13h07.20.047,RL_out-of-scanner,2024.2.4,60.413323679206016,2025-05-15 13h07.32.407231 -0500,
16,0,16,space,2.847566199954599,None,5,3.9443807997740805,None,80.13184730010107,k,0.8254891000688076,None,None,80.98117210017517,80.9814900001511,82.9811244001612,82.98116250010207,83.9969727001153,83.99702300038189,84.99670150037855,,,,,,,0,0,0,0,16,0,16,0,144.42906210012734,,,,,,,,,,,,,,,,,,,,,,,,,,,,,,80.13184730010107,144.41400159988552,144.42906210012734,144.42906210012734,144.42906210012734,144.42906210012734,145.2632197998464,k,0.8254891000688076,None,right,0,11,8,0,11,8,None,80.98117210017517,80.9814900001511,145.2636526999995,145.27915369998664,145.27915369998664,147.28124149981886,147.28124149981886,147.26321269990876,82.9811244001612,82.98116250010207,147.27177800005302,147.28124149981886,147.28124149981886,,,148.27907129982486,stimuli/box_empty_transparent.png,83.9969727001153,83.99702300038189,148.27917939983308,148.29506909986958,149.29554449999705,149.2788084000349,84.99670150037855,,,,,,,,,,,,,,,,66666,right,no,None,2025-05-15_13h07.20.047,RL_out-of-scanner,2024.2.4,60.413323679206016,2025-05-15 13h07.32.407231 -0500,
17,0,17,space,2.847566199954599,None,5,3.9443807997740805,None,84.99844680028036,j,0.6215114002116024,None,None,85.64794180030003,85.64827570039779,86.64737300015986,86.64741219999269,87.64727010019124,87.64730770001188,88.64684629999101,,,,,,,0,0,0,0,17,0,17,0,149.29554449999705,,,,,,,,,,,,,,,,,,,,,,,,,,,,,,84.99844680028036,149.28060769988224,149.29554449999705,149.29554449999705,149.29554449999705,149.29554449999705,149.93000919977203,j,0.6215114002116024,None,right,0,11,8,0,11,8,None,85.64794180030003,85.64827570039779,149.9304303000681,149.9454793999903,149.9454793999903,150.9463519998826,150.9463519998826,150.92946119979024,86.64737300015986,86.64741219999269,150.93753220001236,150.9463519998826,150.9463519998826,151.9450856000185,151.9450856000185,151.92937379982322,stimuli/box_empty_transparent.png,87.64727010019124,87.64730770001188,151.92946319980547,151.9450856000185,152.9456460000947,152.92895309999585,88.64684629999101,,,,,,,,,,,,,,,,66666,right,no,None,2025-05-15_13h07.20.047,RL_out-of-scanner,2024.2.4,60.413323679206016,2025-05-15 13h07.32.407231 -0500,
18,0,18,space,2.847566199954599,None,5,3.9443807997740805,None,88.64860559999943,j,0.7526572002097964,None,None,89.43120320001617,89.43154850043356,92.93046030029655,92.93049870012328,93.93043520022184,93.93046719999984,95.92990430025384,,,,,,,0,0,0,0,18,0,18,0,152.9456460000947,,,,,,,,,,,,,,,,,,,,,,,,,,,,,,88.64860559999943,152.93076130002737,152.9456460000947,152.9456460000947,152.9456460000947,152.9456460000947,153.71324029983953,j,0.7526572002097964,None,right,0,11,8,0,11,8,None,89.43120320001617,89.43154850043356,153.71370390010998,153.72867830004543,153.72867830004543,157.2289498001337,157.2289498001337,157.21254869969562,92.93046030029655,92.93049870012328,157.2208662997,157.2289498001337,157.2289498001337,158.2284947996959,158.2284947996959,158.21254089986905,stimuli/box_empty_transparent.png,93.93043520022184,93.93046719999984,158.21261649997905,158.2284947996959,160.22885920014232,160.2120141000487,95.92990430025384,,,,,,,,,,,,,,,,66666,right,no,None,2025-05-15_13h07.20.047,RL_out-of-scanner,2024.2.4,60.413323679206016,2025-05-15 13h07.32.407231 -0500,
19,0,19,space,2.847566199954599,None,5,3.9443807997740805,None,95.93143320037052,k,0.3626013002358377,None,None,96.31421140022576,96.31448130030185,97.31369640026242,97.31374200014398,98.31360580027103,98.31363690039143,99.81413569999859,,,,,,,0,0,0,0,19,0,19,0,160.22885920014232,,,,,,,,,,,,,,,,,,,,,,,,,,,,,,95.93143320037052,160.2135867998004,160.22885920014232,160.22885920014232,160.22885920014232,160.22885920014232,160.596269399859,k,0.3626013002358377,None,right,1,11,9,0,12,9,None,96.31421140022576,96.31448130030185,160.59663339983672,160.6119107999839,160.6119107999839,161.61240570014343,161.61240570014343,161.59577949997038,97.31369640026242,97.31374200014398,161.60674849990755,161.61240570014343,161.61240570014343,162.61141970008612,162.61141970008612,162.5957125998102,stimuli/box_coin_transparent.png,98.31360580027103,98.31363690039143,162.59578569978476,162.61141970008612,164.1119649996981,164.09624159988016,99.81413569999859,,,,,,,,,,,,,,,,66666,right,no,None,2025-05-15_13h07.20.047,RL_out-of-scanner,2024.2.4,60.413323679206016,2025-05-15 13h07.32.407231 -0500,
20,0,20,space,2.847566199954599,None,5,3.9443807997740805,None,99.81589870015159,k,0.5777209000661969,None,None,100.41402580030262,100.41426550038159,102.41417730040848,102.41422380041331,103.4134426000528,103.41348020033911,105.41303480044007,,,,,,,0,0,0,0,20,0,20,0,164.1119649996981,,,,,,,,,,,,,,,,,,,,,,,,,,,,,,99.81589870015159,164.09805870009586,164.1119649996981,164.1119649996981,164.1119649996981,164.1119649996981,164.69609230011702,k,0.5777209000661969,None,right,1,11,10,0,13,10,None,100.41402580030262,100.41426550038159,164.69642810011283,164.71208279998973,164.71208279998973,166.7121275998652,166.7121275998652,166.6962600001134,102.41417730040848,102.41422380041331,166.70660040015355,166.7121275998652,166.7121275998652,167.71114119980484,167.71114119980484,167.6955447997898,stimuli/box_coin_transparent.png,103.4134426000528,103.41348020033911,167.69563619978726,167.71114119980484,169.71174379996955,169.6951405000873,105.41303480044007,,,,,,,,,,,,,,,,66666,right,no,None,2025-05-15_13h07.20.047,RL_out-of-scanner,2024.2.4,60.413323679206016,2025-05-15 13h07.32.407231 -0500,
21,0,21,space,2.847566199954599,None,5,3.9443807997740805,None,105.41474919999018,k,0.6536220996640623,None,None,106.09749560011551,106.09781310008839,109.09652330027893,109.09656070033088,110.09691210044548,110.09694490022957,111.59601140022278,,,,,,,0,0,0,0,21,0,21,0,169.71174379996955,,,,,,,,,,,,,,,,,,,,,,,,,,,,,,105.41474919999018,169.6969050001353,169.71174379996955,169.71174379996955,169.71174379996955,169.71174379996955,170.37954529980198,k,0.6536220996640623,None,right,1,11,11,0,14,11,None,106.09749560011551,106.09781310008839,170.37998430011794,170.39511119993404,170.39511119993404,173.3960708999075,173.3960708999075,173.37861560005695,109.09652330027893,109.09656070033088,173.39032820006832,173.3960708999075,173.3960708999075,,,174.37901629973203,stimuli/box_coin_transparent.png,110.09691210044548,110.09694490022957,174.3790980000049,174.39447799976915,175.89473319984972,175.87811450008303,111.59601140022278,,,,,,,,,,,,,,,,66666,right,no,None,2025-05-15_13h07.20.047,RL_out-of-scanner,2024.2.4,60.413323679206016,2025-05-15 13h07.32.407231 -0500,
22,0,22,space,2.847566199954599,None,5,3.9443807997740805,None,111.59824610035866,k,0.4567101998254657,None,None,112.08046380011365,112.08069910015911,113.58151980023831,113.5815569004044,114.57982180034742,114.57985280035064,116.57904670014977,,,,,,,0,0,0,0,22,0,22,0,175.89473319984972,,,,,,,,,,,,,,,,,,,,,,,,,,,,,,111.59824610035866,175.88041319977492,175.89473319984972,175.89473319984972,175.89473319984972,175.89473319984972,176.36253099981695,k,0.4567101998254657,None,left,1,9,0,1,14,11,None,112.08046380011365,112.08069910015911,176.3628508998081,176.37843549996614,176.37843549996614,177.87868219986558,177.87868219986558,177.86360679985955,113.58151980023831,113.5815569004044,177.8723101997748,177.87868219986558,177.87868219986558,178.87765190005302,178.87765190005302,178.8619300001301,stimuli/box_empty_transparent.png,114.57982180034742,114.57985280035064,178.8620012998581,178.87765190005302,180.87847779970616,180.8611551998183,116.57904670014977,,,,,,,,,,,,,,,,66666,right,no,None,2025-05-15_13h07.20.047,RL_out-of-scanner,2024.2.4,60.413323679206016,2025-05-15 13h07.32.407231 -0500,
23,0,23,space,2.847566199954599,None,5,3.9443807997740805,None,116.58046100009233,j,0.7904984997585416,None,None,117.3977551003918,117.39811220020056,118.89663910027593,118.89667690033093,119.91254650009796,119.912583200261,121.41248759999871,,,,,,,0,0,0,0,23,0,23,0,180.87847779970616,,,,,,,,,,,,,,,,,,,,,,,,,,,,,,116.58046100009233,180.8626151001081,180.87847779970616,180.87847779970616,180.87847779970616,180.87847779970616,181.6798179000616,j,0.7904984997585416,None,left,1,9,1,1,15,12,None,117.3977551003918,117.39811220020056,181.68026700010523,181.694630399812,181.694630399812,183.19551849970594,183.19551849970594,183.17872329987586,118.89663910027593,118.89667690033093,183.1885891999118,183.19551849970594,183.19551849970594,,,184.19464629981667,stimuli/box_coin_transparent.png,119.91254650009796,119.912583200261,184.19474550010636,184.21069670002908,185.71205350011587,185.6945962999016,121.41248759999871,,,,,,,,,,,,,,,,66666,right,no,None,2025-05-15_13h07.20.047,RL_out-of-scanner,2024.2.4,60.413323679206016,2025-05-15 13h07.32.407231 -0500,
24,0,24,space,2.847566199954599,None,5,3.9443807997740805,None,121.41399680031464,k,1.104504100047052,None,None,122.54704430000857,122.54729550005868,124.54620360024273,124.5462462999858,125.5623508002609,125.56239350000396,127.06217120029032,,,,,,,0,0,0,0,24,0,24,0,185.71205350011587,,,,,,,,,,,,,,,,,,,,,,,,,,,,,,121.41399680031464,185.69615089986473,185.71205350011587,185.71205350011587,185.71205350011587,185.71205350011587,186.82901749992743,k,1.104504100047052,None,left,1,9,1,1,15,12,None,122.54704430000857,122.54729550005868,186.82944789994508,186.8444559997879,186.8444559997879,188.84575629979372,188.84575629979372,188.82828939985484,124.54620360024273,124.5462462999858,188.837123000063,188.84575629979372,188.84575629979372,,,189.84444659994915,stimuli/box_empty_transparent.png,125.5623508002609,125.56239350000396,189.84455409971997,189.8606110000983,191.36148629989475,191.34427620004863,127.06217120029032,,,,,,,,,,,,,,,,66666,right,no,None,2025-05-15_13h07.20.047,RL_out-of-scanner,2024.2.4,60.413323679206016,2025-05-15 13h07.32.407231 -0500,
25,0,25,space,2.847566199954599,None,5,3.9443807997740805,None,127.06368350004777,k,1.4599248003214598,None,None,128.54757460020483,128.5478678001091,129.5460925004445,129.5461299000308,130.54647260019556,130.5465181004256,134.0459615001455,,,,,,,0,0,0,0,25,0,25,0,191.36148629989475,,,,,,,,,,,,,,,,,,,,,,,,,,,,,,127.06368350004777,191.345837299712,191.36148629989475,191.36148629989475,191.36148629989475,191.36148629989475,192.82963489973918,k,1.4599248003214598,None,left,1,9,1,1,15,12,None,128.54757460020483,128.5478678001091,192.8300304999575,192.8443950000219,192.8443950000219,193.84489380009472,193.84489380009472,193.82818230008706,129.5460925004445,129.5461299000308,193.83641939982772,193.84489380009472,193.84489380009472,,,194.8285662997514,stimuli/box_empty_transparent.png,130.54647260019556,130.5465181004256,194.8286736998707,194.84406469995156,198.3447961998172,198.3280694996938,134.0459615001455,,,,,,,,,,,,,,,,66666,right,no,None,2025-05-15_13h07.20.047,RL_out-of-scanner,2024.2.4,60.413323679206016,2025-05-15 13h07.32.407231 -0500,
26,0,26,space,2.847566199954599,None,5,3.9443807997740805,None,134.0475141000934,j,0.5312244999222457,None,None,134.599083899986,134.59937610011548,135.0967030003667,135.09674120042473,136.09568750020117,136.09572700038552,139.59521700022742,,,,,,,0,0,0,0,26,0,26,0,198.3447961998172,,,,,,,,,,,,,,,,,,,,,,,,,,,,,,134.0475141000934,198.32966789975762,198.3447961998172,198.3447961998172,198.3447961998172,198.3447961998172,198.88112489972264,j,0.5312244999222457,None,left,1,9,2,1,16,13,None,134.599083899986,134.59937610011548,198.88152869977057,198.89431269979104,198.89431269979104,199.39455289999023,199.39455289999023,199.37878930009902,135.0967030003667,135.09674120042473,199.3886166997254,199.39455289999023,199.39455289999023,200.39354499988258,200.39354499988258,200.37778989970684,stimuli/box_coin_transparent.png,136.09568750020117,136.09572700038552,200.37789070000872,200.39354499988258,203.89391249977052,203.8773222998716,139.59521700022742,,,,,,,,,,,,,,,,66666,right,no,None,2025-05-15_13h07.20.047,RL_out-of-scanner,2024.2.4,60.413323679206016,2025-05-15 13h07.32.407231 -0500,
27,0,27,space,2.847566199954599,None,5,3.9443807997740805,None,139.59710120037198,j,0.41237179981544614,None,None,140.03152030007914,140.03190790023655,141.52908390015364,141.529121900443,142.5288000004366,142.52883090032265,143.52849810011685,,,,,,,0,0,0,0,27,0,27,0,203.89391249977052,,,,,,,,,,,,,,,,,,,,,,,,,,,,,,139.59710120037198,203.87926599988714,203.89391249977052,203.89391249977052,203.89391249977052,203.89391249977052,204.31357559980825,j,0.41237179981544614,None,left,0,9,2,1,17,13,None,140.03152030007914,140.03190790023655,204.3140652999282,204.327847099863,204.327847099863,205.82789109973237,205.82789109973237,205.81117080012336,141.52908390015364,141.529121900443,205.81937959976494,205.82789109973237,205.82789109973237,206.82669729972258,206.82669729972258,206.81090739974752,stimuli/box_empty_transparent.png,142.5288000004366,142.52883090032265,206.81098009971902,206.82669729972258,207.82775779999793,207.8106026998721,143.52849810011685,,,,,,,,,,,,,,,,66666,right,no,None,2025-05-15_13h07.20.047,RL_out-of-scanner,2024.2.4,60.413323679206016,2025-05-15 13h07.32.407231 -0500,
28,0,28,space,2.847566199954599,None,5,3.9443807997740805,None,143.5300012002699,k,0.606882699765265,None,None,144.16361020039767,144.1639814004302,145.16241770004854,145.1624660002999,146.16210489999503,146.1621407000348,149.66191110014915,,,,,,,0,0,0,0,28,0,28,0,207.82775779999793,,,,,,,,,,,,,,,,,,,,,,,,,,,,,,143.5300012002699,207.81215630006045,207.82775779999793,207.82775779999793,207.82775779999793,207.82775779999793,208.44564059982076,k,0.606882699765265,None,left,0,9,2,1,17,13,None,144.16361020039767,144.1639814004302,208.44613819988444,208.46098250010982,208.46098250010982,209.46098309988156,209.46098309988156,209.4445022,145.16241770004854,145.1624660002999,209.45392150012776,209.46098309988156,209.46098309988156,210.4599937000312,210.4599937000312,210.4442071998492,stimuli/box_empty_transparent.png,146.16210489999503,146.1621407000348,210.44429499981925,210.4599937000312,213.96047540009022,213.94401390012354,149.66191110014915,,,,,,,,,,,,,,,,66666,right,no,None,2025-05-15_13h07.20.047,RL_out-of-scanner,2024.2.4,60.413323679206016,2025-05-15 13h07.32.407231 -0500,
29,0,29,space,2.847566199954599,None,5,3.9443807997740805,None,149.66356530040503,j,0.4180797999724746,None,None,150.1126645002514,150.11304110009223,152.11215430032462,152.11219360027462,153.11213860008866,153.11217920016497,154.11162850027904,,,,,,,0,0,0,0,29,0,29,0,213.96047540009022,,,,,,,,,,,,,,,,,,,,,,,,,,,,,,149.66356530040503,213.94571990007535,213.96047540009022,213.96047540009022,213.96047540009022,213.96047540009022,214.39472689991817,j,0.4180797999724746,None,left,0,9,2,1,18,13,None,150.1126645002514,150.11304110009223,214.3952064998448,214.41038909973577,214.41038909973577,216.4107014001347,216.4107014001347,216.39424420008436,152.11215430032462,152.11219360027462,216.4023011997342,216.4107014001347,216.4107014001347,217.4100453001447,217.4100453001447,217.39423679979518,stimuli/box_empty_transparent.png,153.11213860008866,153.11217920016497,217.39434209978208,217.4100453001447,218.41038150014356,218.39371210010722,154.11162850027904,,,,,,,,,,,,,,,,66666,right,no,None,2025-05-15_13h07.20.047,RL_out-of-scanner,2024.2.4,60.413323679206016,2025-05-15 13h07.32.407231 -0500,
30,0,30,space,2.847566199954599,None,5,3.9443807997740805,None,154.11332360003144,None,,,['k'],155.6121168001555,155.61218750011176,156.6124822003767,156.61257230024785,157.62790320022032,157.62793710036203,158.62764500034973,[0.7333240997977555],[0.20248950039967895],,,,,0,0,0,0,30,0,30,0,218.41038150014356,,,,,,,,,,,,,,,,,,,,,,,,,,,,,,154.11332360003144,218.39548099972308,218.41038150014356,218.41038150014356,218.41038150014356,218.41038150014356,219.89412639988586,None,,,left,0,9,2,1,18,13,['k'],155.6121168001555,155.61218750011176,219.89434139989316,219.9110062001273,219.9110062001273,220.91237689973786,220.91237689973786,220.89446179987863,156.6124822003767,156.61257230024785,220.9068773998879,220.91237689973786,220.91237689973786,,,221.91000679973513,no selection made,157.62790320022032,157.62793710036203,221.91008810000494,221.92629420012236,222.92680130014196,222.90975430002436,158.62764500034973,[0.7333240997977555],[0.20248950039967895],,,,,,,,,,,,,,66666,right,no,None,2025-05-15_13h07.20.047,RL_out-of-scanner,2024.2.4,60.413323679206016,2025-05-15 13h07.32.407231 -0500,
31,0,31,space,2.847566199954599,None,5,3.9443807997740805,None,158.62923170020804,k,0.6202993998304009,None,None,159.27978240000084,159.28009190037847,162.27914300002158,162.27918090019375,163.27844870043918,163.27849270030856,165.77794350031763,,,,,,,0,0,0,0,31,0,31,0,222.92680130014196,,,,,,,,,,,,,,,,,,,,,,,,,,,,,,158.62923170020804,222.91138679999858,222.92680130014196,222.92680130014196,222.92680130014196,222.92680130014196,223.5618179999292,k,0.6202993998304009,None,left,0,9,2,1,18,13,None,159.27978240000084,159.28009190037847,223.56226539984345,223.57691700011492,223.57691700011492,226.57718149991706,226.57718149991706,226.5612328001298,162.27914300002158,162.27918090019375,226.56968870013952,226.57718149991706,226.57718149991706,227.57616419997066,227.57616419997066,227.5605469001457,stimuli/box_empty_transparent.png,163.27844870043918,163.27849270030856,227.56065570004284,227.57616419997066,230.07678729994223,230.0600533001125,165.77794350031763,,,,,,,,,,,,,,,,66666,right,no,None,2025-05-15_13h07.20.047,RL_out-of-scanner,2024.2.4,60.413323679206016,2025-05-15 13h07.32.407231 -0500,
32,0,32,space,2.847566199954599,None,5,3.9443807997740805,None,165.77960780030116,k,0.5870735999196768,None,None,166.39559520035982,166.39595880033448,167.3948741001077,167.39491050038487,168.39489890029654,168.39493290008977,169.39472630014643,,,,,,,0,0,0,0,32,0,32,0,230.07678729994223,,,,,,,,,,,,,,,,,,,,,,,,,,,,,,165.77960780030116,230.06177280005068,230.07678729994223,230.07678729994223,230.07678729994223,230.07678729994223,230.67764069978148,k,0.5870735999196768,None,left,0,9,2,1,18,13,None,166.39559520035982,166.39595880033448,230.6781231998466,230.69310809997842,230.69310809997842,231.69368789996952,231.69368789996952,231.6769658997655,167.3948741001077,167.39491050038487,231.68508359976113,231.69368789996952,231.69368789996952,232.69369670003653,232.69369670003653,232.67700230004266,stimuli/box_empty_transparent.png,168.39489890029654,168.39493290008977,232.6770880999975,232.69369670003653,233.69325569970533,233.67682430008426,169.39472630014643,,,,,,,,,,,,,,,,66666,right,no,None,2025-05-15_13h07.20.047,RL_out-of-scanner,2024.2.4,60.413323679206016,2025-05-15 13h07.32.407231 -0500,
33,0,33,space,2.847566199954599,None,5,3.9443807997740805,None,169.3970479001291,j,0.501747699920088,None,None,169.92941390024498,169.92986120004207,171.92838210007176,171.92842000024393,172.9281577002257,172.9281976004131,174.4281295002438,,,,,,,0,0,0,0,33,0,33,0,233.69325569970533,,,,,,,,,,,,,,,,,,,,,,,,,,,,,,169.3970479001291,233.67921099998057,233.69325569970533,233.69325569970533,233.69325569970533,233.69325569970533,234.21145389974117,j,0.501747699920088,None,left,1,9,3,1,19,14,None,169.92941390024498,169.92986120004207,234.21203240007162,234.22662879992276,234.22662879992276,236.2271527000703,236.2271527000703,236.21046919981018,171.92838210007176,171.92842000024393,236.22043519979343,236.2271527000703,236.2271527000703,237.2260369998403,237.2260369998403,237.2102582999505,stimuli/box_coin_transparent.png,172.9281577002257,172.9281976004131,237.21035649999976,237.2260369998403,238.72635759972036,238.7102382001467,174.4281295002438,,,,,,,,,,,,,,,,66666,right,no,None,2025-05-15_13h07.20.047,RL_out-of-scanner,2024.2.4,60.413323679206016,2025-05-15 13h07.32.407231 -0500,
34,0,34,space,2.847566199954599,None,5,3.9443807997740805,None,174.42959000030532,j,0.6251118001528084,None,None,175.0789071000181,175.07919370010495,178.07804630044848,178.07810000004247,179.09405370010063,179.09409150015563,181.59490570006892,,,,,,,0,0,0,0,34,0,34,0,238.72635759972036,,,,,,,,,,,,,,,,,,,,,,,,,,,,,,174.42959000030532,238.71174299996346,238.72635759972036,238.72635759972036,238.72635759972036,238.72635759972036,239.36097159981728,j,0.6251118001528084,None,left,1,9,4,1,20,15,None,175.0789071000181,175.07919370010495,239.361345899757,239.37624559970573,239.37624559970573,242.37870869971812,242.37870869971812,242.36011829972267,178.07804630044848,178.07810000004247,242.3729425999336,242.37870869971812,242.37870869971812,,,243.37615180015564,stimuli/box_coin_transparent.png,179.09405370010063,179.09409150015563,243.37624899996445,243.39233689988032,245.8931816997938,245.8770122998394,181.59490570006892,,,,,,,,,,,,,,,,66666,right,no,None,2025-05-15_13h07.20.047,RL_out-of-scanner,2024.2.4,60.413323679206016,2025-05-15 13h07.32.407231 -0500,
35,0,35,space,2.847566199954599,None,5,3.9443807997740805,None,181.596737800166,j,0.6668039001524448,None,None,182.2985912002623,182.29890320030972,183.7942464002408,183.79430020041764,184.79436890035868,184.79440390039235,185.79374730028212,,,,,,,0,0,0,0,35,0,35,0,245.8931816997938,,,,,,,,,,,,,,,,,,,,,,,,,,,,,,181.596737800166,245.8788970001042,245.8931816997938,245.8931816997938,245.8931816997938,245.8931816997938,246.58065989986062,j,0.6668039001524448,None,left,0,9,4,1,21,15,None,182.2985912002623,182.29890320030972,246.58105689985678,246.59279089979827,246.59279089979827,248.0933384001255,248.0933384001255,248.0763181000948,183.7942464002408,183.79430020041764,248.08679579989985,248.0933384001255,248.0933384001255,249.09251890005544,249.09251890005544,249.07647209987044,stimuli/box_empty_transparent.png,184.79436890035868,184.79440390039235,249.0765575999394,249.09251890005544,250.0928543000482,250.07585609983653,185.79374730028212,,,,,,,,,,,,,,,,66666,right,no,None,2025-05-15_13h07.20.047,RL_out-of-scanner,2024.2.4,60.413323679206016,2025-05-15 13h07.32.407231 -0500,
36,0,36,space,2.847566199954599,None,5,3.9443807997740805,None,185.79519650014117,k,0.5195977999828756,None,None,186.3447108003311,186.3449614001438,187.84410540014505,187.84414710011333,188.86052730027586,188.86055810004473,192.3611069000326,,,,,,,0,0,0,0,36,0,36,0,250.0928543000482,,,,,,,,,,,,,,,,,,,,,,,,,,,,,,185.79519650014117,250.07734970003366,250.0928543000482,250.0928543000482,250.0928543000482,250.0928543000482,250.62677290011197,k,0.5195977999828756,None,left,0,9,4,1,21,15,None,186.3447108003311,186.3449614001438,250.62711279978976,250.64262189995497,250.64262189995497,252.1436493000947,252.1436493000947,252.12619099998847,187.84410540014505,187.84414710011333,252.13468579994515,252.1436493000947,252.1436493000947,,,253.14263019990176,stimuli/box_empty_transparent.png,188.86052730027586,188.86055810004473,253.14270759979263,253.15878139995039,256.6592415999621,256.64321589982137,192.3611069000326,,,,,,,,,,,,,,,,66666,right,no,None,2025-05-15_13h07.20.047,RL_out-of-scanner,2024.2.4,60.413323679206016,2025-05-15 13h07.32.407231 -0500,
37,0,37,space,2.847566199954599,None,5,3.9443807997740805,None,192.3626920999959,j,0.7679264000616968,None,None,193.1615095003508,193.16188670042902,195.16065350035205,195.16069790022448,196.16104200016707,196.16107959998772,197.16038910020143,,,,,,,0,0,0,0,37,0,37,0,256.6592415999621,,,,,,,,,,,,,,,,,,,,,,,,,,,,,,192.3626920999959,256.6448451001197,256.6592415999621,256.6592415999621,256.6592415999621,256.6592415999621,257.4435600996949,j,0.7679264000616968,None,left,1,9,5,1,22,16,None,193.1615095003508,193.16188670042902,257.44404560001567,257.4591819001362,257.4591819001362,259.45981859974563,259.45981859974563,259.4427374997176,195.16065350035205,195.16069790022448,259.4538384997286,259.45981859974563,259.45981859974563,,,260.44314259989187,stimuli/box_coin_transparent.png,196.16104200016707,196.16107959998772,260.4432358001359,260.4583167997189,261.45895309979096,261.44249609997496,197.16038910020143,,,,,,,,,,,,,,,,66666,right,no,None,2025-05-15_13h07.20.047,RL_out-of-scanner,2024.2.4,60.413323679206016,2025-05-15 13h07.32.407231 -0500,
38,0,38,space,2.847566199954599,None,5,3.9443807997740805,None,197.16214970033616,j,1.3641393999569118,None,None,198.54447990003973,198.54481860017404,199.54390270030126,199.54393920022994,200.54366880003363,200.54370860010386,202.04428170016035,,,,,,,0,0,0,0,38,0,38,0,261.45895309979096,,,,,,,,,,,,,,,,,,,,,,,,,,,,,,197.16214970033616,261.44430899992585,261.45895309979096,261.45895309979096,261.45895309979096,261.45895309979096,262.8265101998113,j,1.3641393999569118,None,left,1,9,6,1,23,17,None,198.54447990003973,198.54481860017404,262.82697269972414,262.84238239983097,262.84238239983097,263.84261969989166,263.84261969989166,263.8259903998114,199.54390270030126,199.54393920022994,263.8359849001281,263.84261969989166,263.84261969989166,264.84164620004594,264.84164620004594,264.8257694998756,stimuli/box_coin_transparent.png,200.54366880003363,200.54370860010386,264.82586980005726,264.84164620004594,266.34233210003003,266.3263916997239,202.04428170016035,,,,,,,,,,,,,,,,66666,right,no,None,2025-05-15_13h07.20.047,RL_out-of-scanner,2024.2.4,60.413323679206016,2025-05-15 13h07.32.407231 -0500,
39,0,39,space,2.847566199954599,None,5,3.9443807997740805,None,202.0457241004333,j,0.6086059999652207,None,None,202.67787570040673,202.67819900019094,203.67724390001968,203.67728930013254,204.67752810008824,204.67756480025128,205.67805580003187,,,,,,,0,0,0,0,39,0,39,0,266.34233210003003,,,,,,,,,,,,,,,,,,,,,,,,,,,,,,202.0457241004333,266.3278768998571,266.34233210003003,266.34233210003003,266.34233210003003,266.34233210003003,266.95994520001113,j,0.6086059999652207,None,left,1,9,7,1,24,18,None,202.67787570040673,202.67819900019094,266.96036330005154,266.97561529977247,266.97561529977247,267.9758112998679,267.9758112998679,267.9593241000548,203.67724390001968,203.67728930013254,267.9696065997705,267.9758112998679,267.9758112998679,268.97484069969505,268.97484069969505,268.9596317997202,stimuli/box_coin_transparent.png,204.67752810008824,204.67756480025128,268.9597200998105,268.97484069969505,269.9752718997188,269.96015079971403,205.67805580003187,,,,,,,,,,,,,,,,66666,right,no,None,2025-05-15_13h07.20.047,RL_out-of-scanner,2024.2.4,60.413323679206016,2025-05-15 13h07.32.407231 -0500,
40,0,40,space,2.847566199954599,None,5,3.9443807997740805,None,205.67963290028274,j,0.7569865002296865,None,None,206.4609256000258,206.46133130043745,207.9609803003259,207.96101840026677,208.9608944002539,208.96092740027234,209.95975710032508,,,,,,,0,0,0,0,40,0,40,0,269.9752718997188,,,,,,,,,,,,,,,,,,,,,,,,,,,,,,205.67963290028274,269.9617864000611,269.9752718997188,269.9752718997188,269.9752718997188,269.9752718997188,270.7429518997669,j,0.7569865002296865,None,left,1,9,8,1,25,19,None,206.4609256000258,206.46133130043745,270.74349589971825,270.75897249998525,270.75897249998525,272.25895639974624,272.25895639974624,272.24306780006737,207.9609803003259,207.96101840026677,272.25313670001924,272.25895639974624,272.25895639974624,273.25861539971083,273.25861539971083,273.2429987001233,stimuli/box_coin_transparent.png,208.9608944002539,208.96092740027234,273.2430801000446,273.25861539971083,274.25876630004495,274.24186629988253,209.95975710032508,,,,,,,,,,,,,,,,66666,right,no,None,2025-05-15_13h07.20.047,RL_out-of-scanner,2024.2.4,60.413323679206016,2025-05-15 13h07.32.407231 -0500,
41,0,41,space,2.847566199954599,None,5,3.9443807997740805,None,209.96124110044912,k,1.0780769996345043,None,None,211.06104820035398,211.06129189999774,212.0600525001064,212.06009820010513,213.06079940032214,213.06083570001647,216.06079110037535,,,,,,,0,0,0,0,41,0,41,0,274.25876630004495,,,,,,,,,,,,,,,,,,,,,,,,,,,,,,209.96124110044912,274.2433945001103,274.25876630004495,274.25876630004495,274.25876630004495,274.25876630004495,275.3431182997301,k,1.0780769996345043,None,left,1,9,8,1,25,19,None,211.06104820035398,211.06129189999774,275.34344279998913,275.35875649983063,275.35875649983063,276.3589515998028,276.3589515998028,276.34213780006394,212.0600525001064,212.06009820010513,276.3510385998525,276.3589515998028,276.3589515998028,,,277.3429005998187,stimuli/box_empty_transparent.png,213.06079940032214,213.06083570001647,277.3429943998344,277.35856369975954,280.35929440008476,280.3428996000439,216.06079110037535,,,,,,,,,,,,,,,,66666,right,no,None,2025-05-15_13h07.20.047,RL_out-of-scanner,2024.2.4,60.413323679206016,2025-05-15 13h07.32.407231 -0500,
42,0,42,space,2.847566199954599,None,5,3.9443807997740805,None,216.06229770043865,j,0.4811300002038479,None,None,216.5622864002362,216.56268210010603,218.56081620045006,218.56085890019313,219.5610698000528,219.56110800011083,223.07589050009847,,,,,,,0,0,0,0,42,0,42,0,280.35929440008476,,,,,,,,,,,,,,,,,,,,,,,,,,,,,,216.06229770043865,280.34445110009983,280.35929440008476,280.35929440008476,280.35929440008476,280.35929440008476,280.84433689992875,j,0.4811300002038479,None,left,1,9,9,1,26,20,None,216.5622864002362,216.56268210010603,280.8448406001553,280.85927730007097,280.85927730007097,282.85865169996396,282.85865169996396,282.84289789991453,218.56081620045006,218.56085890019313,282.8529384001158,282.85865169996396,282.85865169996396,,,283.84316750010476,stimuli/box_coin_transparent.png,219.5610698000528,219.56110800011083,283.8432657998055,283.85881129978225,287.3748897998594,287.35799770010635,223.07589050009847,,,,,,,,,,,,,,,,66666,right,no,None,2025-05-15_13h07.20.047,RL_out-of-scanner,2024.2.4,60.413323679206016,2025-05-15 13h07.32.407231 -0500,
43,0,43,space,2.847566199954599,None,5,3.9443807997740805,None,223.07763600023463,j,0.3909868001937866,None,None,223.4940010001883,223.49434690037742,224.49472040031105,224.49476350005716,225.49494340037927,225.4949744003825,227.50931780040264,,,,,,,0,0,0,0,43,0,43,0,287.3748897998594,,,,,,,,,,,,,,,,,,,,,,,,,,,,,,223.07763600023463,287.3597969999537,287.3748897998594,287.3748897998594,287.3748897998594,287.3748897998594,287.77605509990826,j,0.3909868001937866,None,right,1,10,0,2,26,20,None,223.4940010001883,223.49434690037742,287.7765055000782,287.7915138998069,287.7915138998069,288.7924255998805,288.7924255998805,288.7768015000038,224.49472040031105,224.49476350005716,288.7850493998267,288.7924255998805,288.7924255998805,289.79237570008263,289.79237570008263,289.77704950002953,stimuli/box_empty_transparent.png,225.49494340037927,225.4949744003825,289.7771248999052,289.79237570008263,291.8082524999045,291.79142590006813,227.50931780040264,,,,,,,,,,,,,,,,66666,right,no,None,2025-05-15_13h07.20.047,RL_out-of-scanner,2024.2.4,60.413323679206016,2025-05-15 13h07.32.407231 -0500,
44,0,44,space,2.847566199954599,None,5,3.9443807997740805,None,227.51084280014038,k,0.3944726996123791,None,None,227.92758320039138,227.92788680037484,230.4276077002287,230.4276454001665,231.42740560043603,231.42744150012732,233.4272584002465,,,,,,,0,0,0,0,44,0,44,0,291.8082524999045,,,,,,,,,,,,,,,,,,,,,,,,,,,,,,227.51084280014038,291.79299610015005,291.8082524999045,291.8082524999045,291.8082524999045,291.8082524999045,292.2096490999684,k,0.3944726996123791,None,right,1,10,1,2,27,21,None,227.92758320039138,227.92788680037484,292.2100434997119,292.22459500003606,292.22459500003606,294.7249400001019,294.7249400001019,294.7096962998621,230.4276077002287,230.4276454001665,294.71944209979847,294.7249400001019,294.7249400001019,295.7252205000259,295.7252205000259,295.70951039996,stimuli/box_coin_transparent.png,231.42740560043603,231.42744150012732,295.70959579991177,295.7252205000259,297.7251880001277,297.70936460001394,233.4272584002465,,,,,,,,,,,,,,,,66666,right,no,None,2025-05-15_13h07.20.047,RL_out-of-scanner,2024.2.4,60.413323679206016,2025-05-15 13h07.32.407231 -0500,
45,0,45,space,2.847566199954599,None,5,3.9443807997740805,None,233.42900260025635,k,0.5246958001516759,None,None,233.97753940010443,233.97787680011243,234.9928257004358,234.9928694004193,235.99348460044712,235.99352270038798,236.99321810016409,,,,,,,0,0,0,0,45,0,45,0,297.7251880001277,,,,,,,,,,,,,,,,,,,,,,,,,,,,,,233.42900260025635,297.71116189984605,297.7251880001277,297.7251880001277,297.7251880001277,297.7251880001277,298.25959170004353,k,0.5246958001516759,None,right,0,10,1,2,28,21,None,233.97753940010443,233.97787680011243,298.26003410015255,298.27596639981493,298.27596639981493,299.2915582000278,299.2915582000278,299.27491049980745,234.9928257004358,234.9928694004193,299.28387290006503,299.2915582000278,299.2915582000278,,,300.2755823000334,stimuli/box_empty_transparent.png,235.99348460044712,235.99352270038798,300.27574359998107,300.2919316999614,301.29188690008596,301.27532779984176,236.99321810016409,,,,,,,,,,,,,,,,66666,right,no,None,2025-05-15_13h07.20.047,RL_out-of-scanner,2024.2.4,60.413323679206016,2025-05-15 13h07.32.407231 -0500,
46,0,46,space,2.847566199954599,None,5,3.9443807997740805,None,236.99465820007026,j,0.4230280998162925,None,None,237.44468630012125,237.44505190011114,239.44381950004026,239.44386330014095,240.44259730027989,240.44262670027092,241.44284140039235,,,,,,,0,0,0,0,46,0,46,0,301.29188690008596,,,,,,,,,,,,,,,,,,,,,,,,,,,,,,236.99465820007026,301.27681079972535,301.29188690008596,301.29188690008596,301.29188690008596,301.29188690008596,301.7267533997074,j,0.4230280998162925,None,right,0,10,1,2,28,21,None,237.44468630012125,237.44505190011114,301.72720499988645,301.7418154999614,301.7418154999614,303.74126529973,303.74126529973,303.7259010998532,239.44381950004026,239.44386330014095,303.73514720005915,303.74126529973,303.74126529973,304.7404302000068,304.7404302000068,304.72470419993624,stimuli/box_empty_transparent.png,240.44259730027989,240.44262670027092,304.7247747001238,304.7404302000068,305.74152009980753,305.72495030006394,241.44284140039235,,,,,,,,,,,,,,,,66666,right,no,None,2025-05-15_13h07.20.047,RL_out-of-scanner,2024.2.4,60.413323679206016,2025-05-15 13h07.32.407231 -0500,
47,0,47,space,2.847566199954599,None,5,3.9443807997740805,None,241.44428630033508,k,0.40852840011939406,None,None,241.87783560017124,241.87810300011188,244.87740010023117,244.87743740016595,245.8921611001715,245.89219720009714,247.3926009000279,,,,,,,0,0,0,0,47,0,47,0,305.74152009980753,,,,,,,,,,,,,,,,,,,,,,,,,,,,,,241.44428630033508,305.72643909975886,305.74152009980753,305.74152009980753,305.74152009980753,305.74152009980753,306.15990359988064,k,0.40852840011939406,None,right,1,10,2,2,29,22,None,241.87783560017124,241.87810300011188,306.16025359975174,306.1749229999259,306.1749229999259,309.1752856001258,309.1752856001258,309.1594857000746,244.87740010023117,244.87743740016595,309.1700356998481,309.1752856001258,309.1752856001258,,,310.1742607001215,stimuli/box_coin_transparent.png,245.8921611001715,245.89219720009714,310.1743529997766,310.1908215000294,311.6914591998793,311.6747089996934,247.3926009000279,,,,,,,,,,,,,,,,66666,right,no,None,2025-05-15_13h07.20.047,RL_out-of-scanner,2024.2.4,60.413323679206016,2025-05-15 13h07.32.407231 -0500,
48,0,48,space,2.847566199954599,None,5,3.9443807997740805,None,247.3940799003467,j,1.164696200285107,None,None,248.57763050030917,248.5779595002532,250.07715260004625,250.07719100033864,251.07687020022422,251.07690120022744,254.5762540004216,,,,,,,0,0,0,0,48,0,48,0,311.6914591998793,,,,,,,,,,,,,,,,,,,,,,,,,,,,,,247.3940799003467,311.67623290000483,311.6914591998793,311.6914591998793,311.6914591998793,311.6914591998793,312.8596990001388,j,1.164696200285107,None,right,1,10,2,2,29,22,None,248.57763050030917,248.5779595002532,312.8601114000194,312.87501590000466,312.87501590000466,314.37520519969985,314.37520519969985,314.3592429999262,250.07715260004625,250.07719100033864,314.3674678998068,314.37520519969985,314.37520519969985,315.3741866000928,315.3741866000928,315.3589759999886,stimuli/box_empty_transparent.png,251.07687020022422,251.07690120022744,315.3590500000864,315.3741866000928,318.8747041998431,318.8583605000749,254.5762540004216,,,,,,,,,,,,,,,,66666,right,no,None,2025-05-15_13h07.20.047,RL_out-of-scanner,2024.2.4,60.413323679206016,2025-05-15 13h07.32.407231 -0500,
49,0,49,space,2.847566199954599,None,5,3.9443807997740805,None,254.5777706000954,j,0.48815250024199486,None,None,255.0940761002712,255.09445150010288,256.59340550005436,256.5934512000531,257.5921674002893,257.59220820013434,257.59265060024336,,,,,,,0,0,0,0,49,0,49,0,318.8747041998431,,,,,,,,,,,,,,,,,,,,,,,,,,,,,,254.5777706000954,318.8599243001081,318.8747041998431,318.8747041998431,318.8747041998431,318.8747041998431,319.3761269999668,j,0.48815250024199486,None,right,1,10,2,2,29,22,None,255.0940761002712,255.09445150010288,319.3766045998782,319.39158699987456,319.39158699987456,320.8910054997541,320.8910054997541,320.8754849000834,256.59340550005436,256.5934512000531,320.88422319991514,320.8910054997541,320.8910054997541,321.9050473999232,321.9050473999232,321.87426709989086,stimuli/box_empty_transparent.png,257.5921674002893,257.59220820013434,321.8743684999645,321.9050473999232,321.9050473999232,321.87475949991494,257.59265060024336,,,,,,,,,,,,,,,,66666,right,no,None,2025-05-15_13h07.20.047,RL_out-of-scanner,2024.2.4,60.413323679206016,2025-05-15 13h07.32.407231 -0500,
0,0,0,space,2.847566199954599,None,5,3.9443807997740805,None,,,,,,,,,,,,,,,,,,,0,0,0,0,,,,,,,,,,,,,,,,,,,,,,,,,,,,,,,,,,,,,,,,,,,,,,,,,,,,,,,,,,,,,,,,,,,,,,,,,,,,,,,321.90026649972424,321.9050473999232,325.89090250013396,325.89373430004343,325.9084942997433,367.83919719979167,367.8235601000488,,,,,,,66666,right,no,None,2025-05-15_13h07.20.047,RL_out-of-scanner,2024.2.4,60.413323679206016,2025-05-15 13h07.32.407231 -0500,
0,0,0,space,5.564160800073296,None,5,2.6049838000908494,None,0.002188399899750948,None,,,None,1.497980599757284,1.4980593998916447,2.5137439998798072,2.5137771000154316,3.5137108000926673,3.513742699753493,5.513842300046235,,,,,,,1,0,1,0,0,0,0,0,376.05702179996297,,,,,,,,,,,,,,,,367.82380879996344,367.83919719979167,367.83919719979167,373.40636220015585,space,5.564160800073296,None,373.40648399991915,373.4221561998129,373.4221561998129,376.0425919997506,5,2.6049838000908494,None,0.002188399899750948,376.04486769996583,376.05702179996297,376.05702179996297,376.05702179996297,376.05702179996297,377.54058159980923,None,,,right,1,14,0,3,29,0,None,1.497980599757284,1.4980593998916447,377.54073259979486,377.5572990998626,377.5572990998626,378.573181099724,378.573181099724,378.55635989969596,2.5137439998798072,2.5137771000154316,378.5649580997415,378.573181099724,378.573181099724,379.57194799976423,379.57194799976423,379.5563437999226,no selection made,3.5137108000926673,3.513742699753493,379.5564133999869,379.57194799976423,381.57352760015056,381.55647249985486,5.513842300046235,,,,,,,,,,377.5572990998626,377.5572990998626,377.5572990998626,377.5572990998626,,,66666,right,no,None,2025-05-15_13h07.20.047,RL_out-of-scanner,2024.2.4,60.413323679206016,2025-05-15 13h07.32.407231 -0500,
1,0,1,space,5.564160800073296,None,5,2.6049838000908494,None,5.515368700027466,j,0.39629429997876287,None,None,5.930944799911231,5.931334899738431,7.430551299825311,7.43058850010857,8.430178599897772,8.430221099872142,9.930053799878806,,,,,,,1,0,1,0,1,0,1,0,381.57352760015056,,,,,,,,,,,,,,,,,,,,,,,,,,,,,,5.515368700027466,381.55804669996724,381.57352760015056,381.57352760015056,381.57352760015056,381.57352760015056,381.97353699989617,j,0.39629429997876287,None,right,1,14,0,3,29,0,None,5.930944799911231,5.931334899738431,381.9740281999111,381.98901329981163,381.98901329981163,383.4895696998574,383.4895696998574,383.47315829992294,7.430551299825311,7.43058850010857,383.48157180007547,383.4895696998574,383.4895696998574,384.4885530997999,384.4885530997999,384.4728041999042,stimuli/box_empty_transparent.png,8.430178599897772,8.430221099872142,384.4728974997997,384.4885530997999,385.98894840013236,385.9726819000207,9.930053799878806,,,,,,,,,,,,,,,,66666,right,no,None,2025-05-15_13h07.20.047,RL_out-of-scanner,2024.2.4,60.413323679206016,2025-05-15 13h07.32.407231 -0500,
2,0,2,space,5.564160800073296,None,5,2.6049838000908494,None,9.93152409978211,k,0.3188749998807907,None,None,10.280843699816614,10.28108249977231,11.280228099785745,11.280269999988377,12.280381000135094,12.280415500048548,15.279567399993539,,,,,,,1,0,1,0,2,0,2,0,385.98894840013236,,,,,,,,,,,,,,,,,,,,,,,,,,,,,,9.93152409978211,385.9742025998421,385.98894840013236,385.98894840013236,385.98894840013236,385.98894840013236,386.3234318997711,k,0.3188749998807907,None,right,1,14,1,3,30,1,None,10.280843699816614,10.28108249977231,386.32375829992816,386.33960950002074,386.33960950002074,387.3394327000715,387.3394327000715,387.32283079996705,11.280228099785745,11.280269999988377,387.3328062999062,387.3394327000715,387.3394327000715,388.3384523000568,388.3384523000568,388.3230082001537,stimuli/box_coin_transparent.png,12.280381000135094,12.280415500048548,388.32309329975396,388.3384523000568,391.33905699988827,391.3221987998113,15.279567399993539,,,,,,,,,,,,,,,,66666,right,no,None,2025-05-15_13h07.20.047,RL_out-of-scanner,2024.2.4,60.413323679206016,2025-05-15 13h07.32.407231 -0500,
3,0,3,space,5.564160800073296,None,5,2.6049838000908494,None,15.281128900125623,j,0.4490980003029108,None,None,15.747587000019848,15.747876899782568,17.746798699721694,17.746840099804103,18.74716809997335,18.747199699748307,19.74595530005172,,,,,,,1,0,1,0,3,0,3,0,391.33905699988827,,,,,,,,,,,,,,,,,,,,,,,,,,,,,,15.281128900125623,391.3238085000776,391.33905699988827,391.33905699988827,391.33905699988827,391.33905699988827,391.7901745000854,j,0.4490980003029108,None,right,1,14,1,3,30,1,None,15.747587000019848,15.747876899782568,391.7905588997528,391.8053993997164,391.8053993997164,393.80588399991393,393.80588399991393,393.7894087997265,17.746798699721694,17.746840099804103,393.7976743001491,393.80588399991393,393.80588399991393,394.8053282001056,394.8053282001056,394.78979900013655,stimuli/box_empty_transparent.png,18.74716809997335,18.747199699748307,394.7898741001263,394.8053282001056,395.8053334001452,395.7885829000734,19.74595530005172,,,,,,,,,,,,,,,,66666,right,no,None,2025-05-15_13h07.20.047,RL_out-of-scanner,2024.2.4,60.413323679206016,2025-05-15 13h07.32.407231 -0500,
4,0,4,space,5.564160800073296,None,5,2.6049838000908494,None,19.748159300070256,k,0.5325416000559926,None,None,20.297262500040233,20.29755079979077,21.296476900111884,21.29651839984581,22.297030999790877,22.29706249991432,24.795980900060385,,,,,,,1,0,1,0,4,0,4,0,395.8053334001452,,,,,,,,,,,,,,,,,,,,,,,,,,,,,,19.748159300070256,395.79085189988837,395.8053334001452,395.8053334001452,395.8053334001452,395.8053334001452,396.3398544001393,k,0.5325416000559926,None,right,1,14,2,3,31,2,None,20.297262500040233,20.29755079979077,396.34022849984467,396.3555431999266,396.3555431999266,397.3557866998017,397.3557866998017,397.33908309973776,21.296476900111884,21.29651839984581,397.35001479974017,397.3557866998017,397.3557866998017,398.3548848000355,398.3548848000355,398.33966149995103,stimuli/box_coin_transparent.png,22.297030999790877,22.29706249991432,398.3397368998267,398.3548848000355,400.85550089972094,400.8386142998934,24.795980900060385,,,,,,,,,,,,,,,,66666,right,no,None,2025-05-15_13h07.20.047,RL_out-of-scanner,2024.2.4,60.413323679206016,2025-05-15 13h07.32.407231 -0500,
5,0,5,space,5.564160800073296,None,5,2.6049838000908494,None,24.79758290015161,k,0.39348149998113513,None,None,25.21388790011406,25.214190899860114,28.713721700012684,28.71375840017572,29.71373560000211,29.713771800044924,31.71284110005945,,,,,,,1,0,1,0,5,0,5,0,400.85550089972094,,,,,,,,,,,,,,,,,,,,,,,,,,,,,,24.79758290015161,400.8402629997581,400.85550089972094,400.85550089972094,400.85550089972094,400.85550089972094,401.25646229973063,k,0.39348149998113513,None,right,1,14,3,3,32,3,None,25.21388790011406,25.214190899860114,401.2568795001134,401.2719204998575,401.2719204998575,404.77233769977465,404.77233769977465,404.75633449992165,28.713721700012684,28.71375840017572,404.7669003996998,404.77233769977465,404.77233769977465,405.7712902999483,405.7712902999483,405.7563636000268,stimuli/box_coin_transparent.png,29.71373560000211,29.713771800044924,405.75645239977166,405.7712902999483,407.77177250012755,407.75547089986503,31.71284110005945,,,,,,,,,,,,,,,,66666,right,no,None,2025-05-15_13h07.20.047,RL_out-of-scanner,2024.2.4,60.413323679206016,2025-05-15 13h07.32.407231 -0500,
6,0,6,space,5.564160800073296,None,5,2.6049838000908494,None,31.714652699884027,k,0.47460229974240065,None,None,32.21451759990305,32.21478059981018,33.21278929989785,33.212826299946755,34.21305469982326,34.2130861999467,35.212179800029844,,,,,,,1,0,1,0,6,0,6,0,407.77177250012755,,,,,,,,,,,,,,,,,,,,,,,,,,,,,,31.714652699884027,407.75733469985425,407.77177250012755,407.77177250012755,407.77177250012755,407.77177250012755,408.2571081998758,k,0.47460229974240065,None,right,1,14,4,3,33,4,None,32.21451759990305,32.21478059981018,408.2574567999691,408.27164069982246,408.27164069982246,409.27198820002377,409.27198820002377,409.25540539994836,33.21278929989785,33.212826299946755,409.2656435999088,409.27198820002377,409.27198820002377,410.27154059987515,410.27154059987515,410.25568490009755,stimuli/box_coin_transparent.png,34.21305469982326,34.2130861999467,410.255761699751,410.27154059987515,411.2717484999448,411.2548072999343,35.212179800029844,,,,,,,,,,,,,,,,66666,right,no,None,2025-05-15_13h07.20.047,RL_out-of-scanner,2024.2.4,60.413323679206016,2025-05-15 13h07.32.407231 -0500,
7,0,7,space,5.564160800073296,None,5,2.6049838000908494,None,35.213775400072336,k,1.1428765999153256,None,None,36.38019840000197,36.380483199842274,38.38044229988009,38.38048049993813,39.37967599974945,39.37970639998093,41.37866730010137,,,,,,,1,0,1,0,7,0,7,0,411.2717484999448,,,,,,,,,,,,,,,,,,,,,,,,,,,,,,35.213775400072336,411.2564542000182,411.2717484999448,411.2717484999448,411.2717484999448,411.2717484999448,412.42277320008725,k,1.1428765999153256,None,right,1,14,5,3,34,5,None,36.38019840000197,36.380483199842274,412.4231656999327,412.43827969999984,412.43827969999984,414.4386959001422,414.4386959001422,414.4230545000173,38.38044229988009,38.38048049993813,414.43291389988735,414.4386959001422,414.4386959001422,415.43764729984105,415.43764729984105,415.4223078000359,stimuli/box_coin_transparent.png,39.37967599974945,39.37970639998093,415.42237860010937,415.43764729984105,417.4381368998438,417.4212982999161,41.37866730010137,,,,,,,,,,,,,,,,66666,right,no,None,2025-05-15_13h07.20.047,RL_out-of-scanner,2024.2.4,60.413323679206016,2025-05-15 13h07.32.407231 -0500,
8,0,8,space,5.564160800073296,None,5,2.6049838000908494,None,41.3804272999987,k,0.536773799918592,None,None,41.94680729974061,41.947088699787855,44.94650790002197,44.94654589984566,45.946953900158405,45.946985099930316,47.446073699742556,,,,,,,1,0,1,0,8,0,8,0,417.4381368998438,,,,,,,,,,,,,,,,,,,,,,,,,,,,,,41.3804272999987,417.42311359988526,417.4381368998438,417.4381368998438,417.4381368998438,417.4381368998438,417.9893908998929,k,0.536773799918592,None,right,0,14,5,3,35,5,None,41.94680729974061,41.947088699787855,417.9897696999833,418.00471949996427,418.00471949996427,421.0049624997191,421.0049624997191,420.9891201998107,44.94650790002197,44.94654589984566,420.9975526998751,421.0049624997191,421.0049624997191,422.0049298997037,422.0049298997037,421.98958329996094,stimuli/box_empty_transparent.png,45.946953900158405,45.946985099930316,421.9896594998427,422.0049298997037,423.5051106000319,423.4887064001523,47.446073699742556,,,,,,,,,,,,,,,,66666,right,no,None,2025-05-15_13h07.20.047,RL_out-of-scanner,2024.2.4,60.413323679206016,2025-05-15 13h07.32.407231 -0500,
9,0,9,space,5.564160800073296,None,5,2.6049838000908494,None,47.44758039992303,j,0.6972123999148607,None,None,48.16300219995901,48.16335339983925,49.662409299984574,49.662452599965036,50.66285650013015,50.66293219989166,52.67935389978811,,,,,,,1,0,1,0,9,0,9,0,423.5051106000319,,,,,,,,,,,,,,,,,,,,,,,,,,,,,,47.44758039992303,423.49025849998,423.5051106000319,423.5051106000319,423.5051106000319,423.5051106000319,424.20557799981907,j,0.6972123999148607,None,right,0,14,5,3,35,5,None,48.16300219995901,48.16335339983925,424.2060360000469,424.22111639985815,424.22111639985815,425.7226530998014,425.7226530998014,425.7050180998631,49.662409299984574,49.662452599965036,425.7140780999325,425.7226530998014,425.7226530998014,,,426.70548010012135,stimuli/box_empty_transparent.png,50.66285650013015,50.66293219989166,426.70562489982694,426.72351499972865,428.7380441999994,428.72198959998786,52.67935389978811,,,,,,,,,,,,,,,,66666,right,no,None,2025-05-15_13h07.20.047,RL_out-of-scanner,2024.2.4,60.413323679206016,2025-05-15 13h07.32.407231 -0500,
10,0,10,space,5.564160800073296,None,5,2.6049838000908494,None,52.680892299860716,k,0.4856470003724098,None,None,53.19698949996382,53.19730280013755,54.6962199001573,54.69625769974664,55.712044400162995,55.71208050008863,56.71157900011167,,,,,,,1,0,1,0,10,0,10,0,428.7380441999994,,,,,,,,,,,,,,,,,,,,,,,,,,,,,,52.680892299860716,428.72357069980353,428.7380441999994,428.7380441999994,428.7380441999994,428.7380441999994,429.2395637999289,k,0.4856470003724098,None,right,1,14,6,3,36,6,None,53.19698949996382,53.19730280013755,429.2399852001108,429.2543611000292,429.2543611000292,430.75609799986705,430.75609799986705,430.73883209982887,54.6962199001573,54.69625769974664,430.7498123999685,430.75609799986705,430.75609799986705,,,431.7546695000492,stimuli/box_coin_transparent.png,55.712044400162995,55.71208050008863,431.75476189982146,431.7706845998764,432.771449000109,432.75421389983967,56.71157900011167,,,,,,,,,,,,,,,,66666,right,no,None,2025-05-15_13h07.20.047,RL_out-of-scanner,2024.2.4,60.413323679206016,2025-05-15 13h07.32.407231 -0500,
11,0,11,space,5.564160800073296,None,5,2.6049838000908494,None,56.71320310002193,k,0.5626468998380005,None,None,57.29635389987379,57.29668830009177,59.2980768000707,59.29812639998272,60.31220419984311,60.31225069984794,61.8114168997854,,,,,,,1,0,1,0,11,0,11,0,432.771449000109,,,,,,,,,,,,,,,,,,,,,,,,,,,,,,56.71320310002193,432.75588149996474,432.771449000109,432.771449000109,432.771449000109,432.771449000109,433.3389270999469,k,0.5626468998380005,None,right,0,14,6,3,37,6,None,57.29635389987379,57.29668830009177,433.3393725999631,433.35429009981453,433.35429009981453,435.35578709980473,435.35578709980473,435.3406881997362,59.2980768000707,59.29812639998272,435.34987840009853,435.35578709980473,435.35578709980473,,,436.35481770010665,stimuli/box_empty_transparent.png,60.31220419984311,60.31225069984794,436.3549428000115,436.37059039995074,437.8710459000431,437.85405119974166,61.8114168997854,,,,,,,,,,,,,,,,66666,right,no,None,2025-05-15_13h07.20.047,RL_out-of-scanner,2024.2.4,60.413323679206016,2025-05-15 13h07.32.407231 -0500,
12,0,12,space,5.564160800073296,None,5,2.6049838000908494,None,61.81315940013155,None,,,['k'],63.3120351000689,63.312109999824315,64.31274079997092,64.31278599984944,65.31208509998396,65.31212279992178,68.31146650016308,[0.5163206001743674],[0.1894831000827253],,,,,1,0,1,0,12,0,12,0,437.8710459000431,,,,,,,,,,,,,,,,,,,,,,,,,,,,,,61.81315940013155,437.85583879984915,437.8710459000431,437.8710459000431,437.8710459000431,437.8710459000431,439.35458289971575,None,,,right,0,14,6,3,37,6,['k'],63.3120351000689,63.312109999824315,439.35478809988126,439.3711298000999,439.3711298000999,440.3710890999064,440.3710890999064,440.3553422000259,64.31274079997092,64.31278599984944,440.3640852998942,440.3710890999064,440.3710890999064,441.370285499841,441.370285499841,441.3547121998854,no selection made,65.31208509998396,65.31212279992178,441.35479949973524,441.370285499841,444.37071690009907,444.3541002999991,68.31146650016308,[0.5163206001743674],[0.1894831000827253],,,,,,,,439.3711298000999,439.3711298000999,439.3711298000999,439.3711298000999,,,66666,right,no,None,2025-05-15_13h07.20.047,RL_out-of-scanner,2024.2.4,60.413323679206016,2025-05-15 13h07.32.407231 -0500,
13,0,13,space,5.564160800073296,None,5,2.6049838000908494,None,68.31290460005403,k,0.39400169998407364,None,None,68.72911499999464,68.72942089987919,69.22838009987026,69.22841690015048,70.22857049992308,70.22860560007393,72.22844550013542,,,,,,,1,0,1,0,13,0,13,0,444.37071690009907,,,,,,,,,,,,,,,,,,,,,,,,,,,,,,68.31290460005403,444.35558350011706,444.37071690009907,444.37071690009907,444.37071690009907,444.37071690009907,444.77170509984717,k,0.39400169998407364,None,right,1,14,7,3,38,7,None,68.72911499999464,68.72942089987919,444.77209899993613,444.78738649981096,444.78738649981096,445.2878155997023,445.2878155997023,445.2709939000197,69.22838009987026,69.22841690015048,445.2820620997809,445.2878155997023,445.2878155997023,446.28660209989175,446.28660209989175,446.2711982000619,stimuli/box_coin_transparent.png,70.22857049992308,70.22860560007393,446.2712853997946,446.28660209989175,448.2877035001293,448.2710782000795,72.22844550013542,,,,,,,,,,,,,,,,66666,right,no,None,2025-05-15_13h07.20.047,RL_out-of-scanner,2024.2.4,60.413323679206016,2025-05-15 13h07.32.407231 -0500,
14,0,14,space,5.564160800073296,None,5,2.6049838000908494,None,72.22996830008924,k,0.5372959999367595,None,None,72.7960697999224,72.79646829981357,74.29490899993107,74.2949457000941,75.29566009994596,75.29569499986246,76.31122369971126,,,,,,,1,0,1,0,14,0,14,0,448.2877035001293,,,,,,,,,,,,,,,,,,,,,,,,,,,,,,72.22996830008924,448.2726471000351,448.2877035001293,448.2877035001293,448.2877035001293,448.2877035001293,448.8386320997961,k,0.5372959999367595,None,right,1,14,8,3,39,8,None,72.7960697999224,72.79646829981357,448.8391597997397,448.85381510015577,448.85381510015577,450.3543957998045,450.3543957998045,450.337521399837,74.29490899993107,74.2949457000941,450.3477981998585,450.3543957998045,450.3543957998045,,,451.33827729988843,stimuli/box_coin_transparent.png,75.29566009994596,75.29569499986246,451.3383725997992,451.35453150002286,452.37061189999804,452.3538572997786,76.31122369971126,,,,,,,,,,,,,,,,66666,right,no,None,2025-05-15_13h07.20.047,RL_out-of-scanner,2024.2.4,60.413323679206016,2025-05-15 13h07.32.407231 -0500,
15,0,15,space,5.564160800073296,None,5,2.6049838000908494,None,76.31266140006483,k,0.44144790014252067,None,None,76.7787099997513,76.7790072998032,77.77815769985318,77.77819400001317,78.77866260008886,78.77869280008599,80.7779068001546,,,,,,,1,0,1,0,15,0,15,0,452.37061189999804,,,,,,,,,,,,,,,,,,,,,,,,,,,,,,76.31266140006483,452.3553407997824,452.37061189999804,452.37061189999804,452.37061189999804,452.37061189999804,452.8212862997316,k,0.44144790014252067,None,right,0,14,8,3,40,8,None,76.7787099997513,76.7790072998032,452.82169040013105,452.8370074001141,452.8370074001141,453.83753779996186,453.83753779996186,453.82077550003305,77.77815769985318,77.77819400001317,453.8302960000001,453.83753779996186,453.83753779996186,454.8367729000747,454.8367729000747,454.8212950001471,stimuli/box_empty_transparent.png,78.77866260008886,78.77869280008599,454.82136570010334,454.8367729000747,456.8369475998916,456.82053819997236,80.7779068001546,,,,,,,,,,,,,,,,66666,right,no,None,2025-05-15_13h07.20.047,RL_out-of-scanner,2024.2.4,60.413323679206016,2025-05-15 13h07.32.407231 -0500,
16,0,16,space,5.564160800073296,None,5,2.6049838000908494,None,80.77965709986165,j,0.36650709994137287,None,None,81.1630512997508,81.16347760008648,83.16131009999663,83.16135619999841,84.16150319995359,84.16153719974682,85.16212099976838,,,,,,,1,0,1,0,16,0,16,0,456.8369475998916,,,,,,,,,,,,,,,,,,,,,,,,,,,,,,80.77965709986165,456.82234159996733,456.8369475998916,456.8369475998916,456.8369475998916,456.8369475998916,457.2056229999289,j,0.36650709994137287,None,right,0,14,8,3,40,8,None,81.1630512997508,81.16347760008648,457.2061612000689,457.220361799933,457.220361799933,459.2206822000444,459.2206822000444,459.20390960015357,83.16131009999663,83.16135619999841,459.21288419980556,459.2206822000444,459.2206822000444,460.22065960010514,460.22065960010514,460.20412949984893,stimuli/box_empty_transparent.png,84.16150319995359,84.16153719974682,460.20421520015225,460.22065960010514,461.22121790004894,461.204755499959,85.16212099976838,,,,,,,,,,,,,,,,66666,right,no,None,2025-05-15_13h07.20.047,RL_out-of-scanner,2024.2.4,60.413323679206016,2025-05-15 13h07.32.407231 -0500,
17,0,17,space,5.564160800073296,None,5,2.6049838000908494,None,85.16368180001155,k,0.508343200199306,None,None,85.69565899996087,85.69590169982985,86.69525730004534,86.6953170998022,87.69527899986133,87.69530949974433,88.69396369997412,,,,,,,1,0,1,0,17,0,17,0,461.22121790004894,,,,,,,,,,,,,,,,,,,,,,,,,,,,,,85.16368180001155,461.20635959971696,461.22121790004894,461.22121790004894,461.22121790004894,461.22121790004894,461.73825079994276,k,0.508343200199306,None,right,1,14,9,3,41,9,None,85.69565899996087,85.69590169982985,461.7385776997544,461.7537473998964,461.7537473998964,462.75378970010206,462.75378970010206,462.73786889994517,86.69525730004534,86.6953170998022,462.74790279986337,462.75378970010206,462.75378970010206,463.75352150015533,463.75352150015533,463.73790899990126,stimuli/box_coin_transparent.png,87.69527899986133,87.69530949974433,463.73798329988495,463.75352150015533,464.75335109978914,464.73659810004756,88.69396369997412,,,,,,,,,,,,,,,,66666,right,no,None,2025-05-15_13h07.20.047,RL_out-of-scanner,2024.2.4,60.413323679206016,2025-05-15 13h07.32.407231 -0500,
18,0,18,space,5.564160800073296,None,5,2.6049838000908494,None,88.6955304001458,k,0.5441929996013641,None,None,89.26252450002357,89.2628210997209,92.76095000002533,92.76098719984293,93.7613225998357,93.76136530004442,95.76042150007561,,,,,,,1,0,1,0,18,0,18,0,464.75335109978914,,,,,,,,,,,,,,,,,,,,,,,,,,,,,,88.6955304001458,464.73821009974927,464.75335109978914,464.75335109978914,464.75335109978914,464.75335109978914,465.30507799983025,k,0.5441929996013641,None,right,1,14,10,3,42,10,None,89.26252450002357,89.2628210997209,465.30549830012023,465.32015869999304,465.32015869999304,468.8203495997004,468.8203495997004,468.80356629984453,92.76095000002533,92.76098719984293,468.81384549988434,468.8203495997004,468.8203495997004,469.8194844997488,469.8194844997488,469.80394709995016,stimuli/box_coin_transparent.png,93.7613225998357,93.76136530004442,469.8040557997301,469.8194844997488,471.8199344999157,471.80305529991165,95.76042150007561,,,,,,,,,,,,,,,,66666,right,no,None,2025-05-15_13h07.20.047,RL_out-of-scanner,2024.2.4,60.413323679206016,2025-05-15 13h07.32.407231 -0500,
19,0,19,space,5.564160800073296,None,5,2.6049838000908494,None,95.7619727998972,j,0.388589299749583,None,None,96.17877600016072,96.17916289996356,97.17832330008969,97.17836100002751,98.17770650004968,98.17774319974706,99.67676689988002,,,,,,,1,0,1,0,19,0,19,0,471.8199344999157,,,,,,,,,,,,,,,,,,,,,,,,,,,,,,95.7619727998972,471.80465159984306,471.8199344999157,471.8199344999157,471.8199344999157,471.8199344999157,472.2213399000466,j,0.388589299749583,None,right,1,14,10,3,42,10,None,96.17877600016072,96.17916289996356,472.22184729995206,472.236558099743,472.236558099743,473.23752720002085,473.23752720002085,473.2209348999895,97.17832330008969,97.17836100002751,473.2296787998639,473.23752720002085,473.23752720002085,474.2358102998696,474.2358102998696,474.2203335999511,stimuli/box_empty_transparent.png,98.17770650004968,98.17774319974706,474.2204235997051,474.2358102998696,475.73630099976435,475.7193951001391,99.67676689988002,,,,,,,,,,,,,,,,66666,right,no,None,2025-05-15_13h07.20.047,RL_out-of-scanner,2024.2.4,60.413323679206016,2025-05-15 13h07.32.407231 -0500,
20,0,20,space,5.564160800073296,None,5,2.6049838000908494,None,99.67897340003401,j,0.5604443000629544,None,None,100.26118650007993,100.26159569993615,102.26080909976736,102.26084689982235,103.26117730000988,103.26121099991724,105.26022019982338,,,,,,,1,0,1,0,20,0,20,0,475.73630099976435,,,,,,,,,,,,,,,,,,,,,,,,,,,,,,99.67897340003401,475.7216654997319,475.73630099976435,475.73630099976435,475.73630099976435,475.73630099976435,476.3037785999477,j,0.5604443000629544,None,right,1,14,10,3,42,10,None,100.26118650007993,100.26159569993615,476.30428740009665,476.3197941998951,476.3197941998951,478.32016750006005,478.32016750006005,478.3034168998711,102.26080909976736,102.26084689982235,478.31161369988695,478.32016750006005,478.32016750006005,479.319061299786,479.319061299786,479.3038045000285,stimuli/box_empty_transparent.png,103.26117730000988,103.26121099991724,479.3038846999407,479.319061299786,481.3193641998805,481.3028465998359,105.26022019982338,,,,,,,,,,,,,,,,66666,right,no,None,2025-05-15_13h07.20.047,RL_out-of-scanner,2024.2.4,60.413323679206016,2025-05-15 13h07.32.407231 -0500,
21,0,21,space,5.564160800073296,None,5,2.6049838000908494,None,105.26224689977244,j,0.4894532999023795,None,None,105.77804599981755,105.77839640015736,108.77734029991552,108.77737660007551,109.77717790007591,109.77720749983564,111.29319499991834,,,,,,,1,0,1,0,21,0,21,0,481.3193641998805,,,,,,,,,,,,,,,,,,,,,,,,,,,,,,105.26224689977244,481.3049329998903,481.3193641998805,481.3193641998805,481.3193641998805,481.3193641998805,481.8206211999059,j,0.4894532999023795,None,right,1,14,10,3,42,10,None,105.77804599981755,105.77839640015736,481.82108019990847,481.8361399001442,481.8361399001442,484.83653909992427,484.83653909992427,484.81995269982144,108.77734029991552,108.77737660007551,484.8289797999896,484.83653909992427,484.83653909992427,485.8368013999425,485.8368013999425,485.81981060002,stimuli/box_empty_transparent.png,109.77717790007591,109.77720749983564,485.8198802997358,485.8368013999425,487.35310960002244,487.33582609985024,111.29319499991834,,,,,,,,,,,,,,,,66666,right,no,None,2025-05-15_13h07.20.047,RL_out-of-scanner,2024.2.4,60.413323679206016,2025-05-15 13h07.32.407231 -0500,
22,0,22,space,5.564160800073296,None,5,2.6049838000908494,None,111.29495210014284,k,0.37069049989804626,None,None,111.69440679997206,111.69478309992701,113.19484809972346,113.19488589977846,114.19351659994572,114.1935501000844,116.19437350006774,,,,,,,1,0,1,0,22,0,22,0,487.35310960002244,,,,,,,,,,,,,,,,,,,,,,,,,,,,,,111.29495210014284,487.33763640001416,487.35310960002244,487.35310960002244,487.35310960002244,487.35310960002244,487.7369721997529,k,0.37069049989804626,None,right,1,14,11,3,43,11,None,111.69440679997206,111.69478309992701,487.73747229995206,487.75277639972046,487.75277639972046,489.2531097000465,489.2531097000465,489.2374591999687,113.19484809972346,113.19488589977846,489.2474688999355,489.2531097000465,489.2531097000465,490.253522799816,490.253522799816,490.23614579997957,stimuli/box_coin_transparent.png,114.19351659994572,114.1935501000844,490.2362273000181,490.253522799816,492.2524757999927,492.2370072999038,116.19437350006774,,,,,,,,,,,,,,,,66666,right,no,None,2025-05-15_13h07.20.047,RL_out-of-scanner,2024.2.4,60.413323679206016,2025-05-15 13h07.32.407231 -0500,
23,0,23,space,5.564160800073296,None,5,2.6049838000908494,None,116.19622569996864,k,0.3485917001962662,None,None,116.56206610007212,116.5623940997757,118.060984400101,118.06102069979534,119.060099999886,119.06013059988618,120.55993290012702,,,,,,,1,0,1,0,23,0,23,0,492.2524757999927,,,,,,,,,,,,,,,,,,,,,,,,,,,,,,116.19622569996864,492.23890390014276,492.2524757999927,492.2524757999927,492.2524757999927,492.2524757999927,492.60463920002803,k,0.3485917001962662,None,right,1,14,12,3,44,12,None,116.56206610007212,116.5623940997757,492.60507579986006,492.6191404000856,492.6191404000856,494.11957999970764,494.11957999970764,494.10359810013324,118.060984400101,118.06102069979534,494.1137000997551,494.11957999970764,494.11957999970764,495.11855829972774,495.11855829972774,495.1027309997007,stimuli/box_coin_transparent.png,119.060099999886,119.06013059988618,495.1028050999157,495.11855829972774,496.6191146997735,496.60256589995697,120.55993290012702,,,,,,,,,,,,,,,,66666,right,no,None,2025-05-15_13h07.20.047,RL_out-of-scanner,2024.2.4,60.413323679206016,2025-05-15 13h07.32.407231 -0500,
24,0,24,space,5.564160800073296,None,5,2.6049838000908494,None,120.56143940007314,k,0.4925751998089254,None,None,121.07816240005195,121.07842959975824,123.07685839990154,123.07691020006314,124.07718689972535,124.07722009997815,125.57734639989212,,,,,,,1,0,1,0,24,0,24,0,496.6191146997735,,,,,,,,,,,,,,,,,,,,,,,,,,,,,,120.56143940007314,496.6041190000251,496.6191146997735,496.6191146997735,496.6191146997735,496.6191146997735,497.120755800046,k,0.4925751998089254,None,right,1,14,13,3,45,13,None,121.07816240005195,121.07842959975824,497.1211052997969,497.13578679971397,497.13578679971397,499.13616700004786,499.13616700004786,499.11946039972827,123.07685839990154,123.07691020006314,499.13003520015627,499.13616700004786,499.13616700004786,500.13582179974765,500.13582179974765,500.1198172001168,stimuli/box_coin_transparent.png,124.07718689972535,124.07722009997815,500.11989439977333,500.13582179974765,501.63590849982575,501.6199790998362,125.57734639989212,,,,,,,,,,,,,,,,66666,right,no,None,2025-05-15_13h07.20.047,RL_out-of-scanner,2024.2.4,60.413323679206016,2025-05-15 13h07.32.407231 -0500,
25,0,25,space,5.564160800073296,None,5,2.6049838000908494,None,125.57885519973934,k,0.40716190030798316,None,None,126.01096240011975,126.01127419993281,127.00994689995423,127.00998430000618,128.0101962001063,128.01022809976712,131.5102244997397,,,,,,,1,0,1,0,25,0,25,0,501.63590849982575,,,,,,,,,,,,,,,,,,,,,,,,,,,,,,125.57885519973934,501.6215331000276,501.63590849982575,501.63590849982575,501.63590849982575,501.63590849982575,502.05352590000257,k,0.40716190030798316,None,right,0,14,13,3,46,13,None,126.01096240011975,126.01127419993281,502.05395619990304,502.0687890998088,502.0687890998088,503.06920519983396,503.06920519983396,503.05256009986624,127.00994689995423,127.00998430000618,503.061249199789,503.06920519983396,503.06920519983396,504.0682274000719,504.0682274000719,504.05282709980384,stimuli/box_empty_transparent.png,128.0101962001063,128.01022809976712,504.0529022999108,504.0682274000719,507.56877060001716,507.5528553999029,131.5102244997397,,,,,,,,,,,,,,,,66666,right,no,None,2025-05-15_13h07.20.047,RL_out-of-scanner,2024.2.4,60.413323679206016,2025-05-15 13h07.32.407231 -0500,
26,0,26,space,5.564160800073296,None,5,2.6049838000908494,None,131.51172829978168,j,0.36318410001695156,None,None,131.89539209986106,131.89574269996956,132.39409689977765,132.3941438999027,133.39438570011407,133.39442140003666,136.89249739982188,,,,,,,1,0,1,0,26,0,26,0,507.56877060001716,,,,,,,,,,,,,,,,,,,,,,,,,,,,,,131.51172829978168,507.55440789973363,507.56877060001716,507.56877060001716,507.56877060001716,507.56877060001716,507.937967099715,j,0.36318410001695156,None,right,0,14,13,3,46,13,None,131.89539209986106,131.89574269996956,507.938419399783,507.952421199996,507.952421199996,508.4523503999226,508.4523503999226,508.4367022998631,132.39409689977765,132.3941438999027,508.44552649976686,508.4523503999226,508.4523503999226,509.45173660013825,509.45173660013825,509.43701389990747,stimuli/box_empty_transparent.png,133.39438570011407,133.39442140003666,509.4370995997451,509.45173660013825,512.9519198001362,512.9351296001114,136.89249739982188,,,,,,,,,,,,,,,,66666,right,no,None,2025-05-15_13h07.20.047,RL_out-of-scanner,2024.2.4,60.413323679206016,2025-05-15 13h07.32.407231 -0500,
27,0,27,space,5.564160800073296,None,5,2.6049838000908494,None,136.8939511999488,j,0.5632997001521289,None,None,137.4770591999404,137.47745859995484,138.97640339983627,138.976446100045,139.97631769999862,139.976361699868,140.9759026998654,,,,,,,1,0,1,0,27,0,27,0,512.9519198001362,,,,,,,,,,,,,,,,,,,,,,,,,,,,,,136.8939511999488,512.936629800126,512.9519198001362,512.9519198001362,512.9519198001362,512.9519198001362,513.5196341001429,j,0.5632997001521289,None,right,0,14,13,3,46,13,None,137.4770591999404,137.47745859995484,513.5201415996999,513.5352889997885,513.5352889997885,515.0355690000579,515.0355690000579,515.0189915001392,138.97640339983627,138.976446100045,515.0272822999395,515.0355690000579,515.0355690000579,516.0345989000052,516.0345989000052,516.0189400999807,stimuli/box_empty_transparent.png,139.97631769999862,139.976361699868,516.0190507001244,516.0345989000052,517.0357638997957,517.0185358999297,140.9759026998654,,,,,,,,,,,,,,,,66666,right,no,None,2025-05-15_13h07.20.047,RL_out-of-scanner,2024.2.4,60.413323679206016,2025-05-15 13h07.32.407231 -0500,
28,0,28,space,5.564160800073296,None,5,2.6049838000908494,None,140.97742359992117,k,0.5625640000216663,None,None,141.56023370008916,141.56047349981964,142.55951480008662,142.55955109978095,143.56013830006123,143.56019259989262,147.05880630016327,,,,,,,1,0,1,0,28,0,28,0,517.0357638997957,,,,,,,,,,,,,,,,,,,,,,,,,,,,,,140.97742359992117,517.020101999864,517.0357638997957,517.0357638997957,517.0357638997957,517.0357638997957,517.602824700065,k,0.5625640000216663,None,right,0,14,13,3,47,13,None,141.56023370008916,141.56047349981964,517.6031558001414,517.6189063000493,517.6189063000493,518.6190908998251,518.6190908998251,518.6021324000321,142.55951480008662,142.55955109978095,518.6111937998794,518.6190908998251,518.6190908998251,,,519.6027592001483,stimuli/box_empty_transparent.png,143.56013830006123,143.56019259989262,519.602881600149,519.6180086000822,523.11826690007,523.1014398001134,147.05880630016327,,,,,,,,,,,,,,,,66666,right,no,None,2025-05-15_13h07.20.047,RL_out-of-scanner,2024.2.4,60.413323679206016,2025-05-15 13h07.32.407231 -0500,
29,0,29,space,5.564160800073296,None,5,2.6049838000908494,None,147.06080649979413,j,0.4477838999591768,None,None,147.52688589971513,147.52719479985535,149.52662280015647,149.52666899980977,150.52639089990407,150.52642160002142,151.52540479972959,,,,,,,1,0,1,0,29,0,29,0,523.11826690007,,,,,,,,,,,,,,,,,,,,,,,,,,,,,,147.06080649979413,523.1034858999774,523.11826690007,523.11826690007,523.11826690007,523.11826690007,523.5694770999253,j,0.4477838999591768,None,right,0,14,13,3,47,13,None,147.52688589971513,147.52719479985535,523.5698715001345,523.5851515000686,523.5851515000686,525.5854509999044,525.5854509999044,525.569221300073,149.52662280015647,149.52666899980977,525.5783723001368,525.5854509999044,525.5854509999044,526.5843436000869,526.5843436000869,526.569022399839,stimuli/box_empty_transparent.png,150.52639089990407,150.52642160002142,526.5690970998257,526.5843436000869,527.58471309999,527.5680309999734,151.52540479972959,,,,,,,,,,,,,,,,66666,right,no,None,2025-05-15_13h07.20.047,RL_out-of-scanner,2024.2.4,60.413323679206016,2025-05-15 13h07.32.407231 -0500,
30,0,30,space,5.564160800073296,None,5,2.6049838000908494,None,151.5276000997983,k,0.5855303998105228,None,None,152.14323960011825,152.1434816000983,153.1425809999928,153.14263379992917,154.14311149995774,154.1431482997723,155.14244389999658,,,,,,,1,0,1,0,30,0,30,0,527.58471309999,,,,,,,,,,,,,,,,,,,,,,,,,,,,,,151.5276000997983,527.5703062000684,527.58471309999,527.58471309999,527.58471309999,527.58471309999,528.1858290997334,k,0.5855303998105228,None,right,1,14,14,3,48,14,None,152.14323960011825,152.1434816000983,528.1861574999057,528.2016221000813,528.2016221000813,529.2033842997625,529.2033842997625,529.1851805001497,153.1425809999928,153.14263379992917,529.1977339000441,529.2033842997625,529.2033842997625,,,530.185736599844,stimuli/box_coin_transparent.png,154.14311149995774,154.1431482997723,530.1858351998962,530.2018965999596,531.2014763001353,531.1850775000639,155.14244389999658,,,,,,,,,,,,,,,,66666,right,no,None,2025-05-15_13h07.20.047,RL_out-of-scanner,2024.2.4,60.413323679206016,2025-05-15 13h07.32.407231 -0500,
31,0,31,space,5.564160800073296,None,5,2.6049838000908494,None,155.14389410009608,k,0.7470639999955893,None,None,155.90993539988995,155.91022749990225,158.90899839997292,158.9090355997905,159.90914120012894,159.90917250001803,162.40843429975212,,,,,,,1,0,1,0,31,0,31,0,531.2014763001353,,,,,,,,,,,,,,,,,,,,,,,,,,,,,,155.14389410009608,531.1865718998015,531.2014763001353,531.2014763001353,531.2014763001353,531.2014763001353,531.9525103000924,k,0.7470639999955893,None,left,1,13,0,4,48,14,None,155.90993539988995,155.91022749990225,531.9529097997583,531.968117099721,531.968117099721,534.9685907997191,534.9685907997191,534.9516126001254,158.90899839997292,158.9090355997905,534.9598101000302,534.9685907997191,534.9685907997191,535.9677200000733,535.9677200000733,535.9517724998295,stimuli/box_empty_transparent.png,159.90914120012894,159.90917250001803,535.9518462000415,535.9677200000733,538.4677490000613,538.4510657000355,162.40843429975212,,,,,,,,,,,,,,,,66666,right,no,None,2025-05-15_13h07.20.047,RL_out-of-scanner,2024.2.4,60.413323679206016,2025-05-15 13h07.32.407231 -0500,
32,0,32,space,5.564160800073296,None,5,2.6049838000908494,None,162.41018649982288,j,0.4659020002000034,None,None,162.89303050003946,162.89336280012503,163.8923415997997,163.89238339988515,164.89231819985434,164.8923524999991,165.89189600013196,,,,,,,1,0,1,0,32,0,32,0,538.4677490000613,,,,,,,,,,,,,,,,,,,,,,,,,,,,,,162.41018649982288,538.4528723000549,538.4677490000613,538.4677490000613,538.4677490000613,538.4677490000613,538.9356211000122,j,0.4659020002000034,None,left,1,13,1,4,49,15,None,162.89303050003946,162.89336280012503,538.9360420997255,538.951184200123,538.951184200123,539.9515144000761,539.9515144000761,539.9349475000054,163.8923415997997,163.89238339988515,539.9456732999533,539.9515144000761,539.9515144000761,540.9510709000751,540.9510709000751,540.9349454999901,stimuli/box_coin_transparent.png,164.89231819985434,164.8923524999991,540.935030600056,540.9510709000751,541.9512366997078,541.9345263000578,165.89189600013196,,,,,,,,,,,,,,,,66666,right,no,None,2025-05-15_13h07.20.047,RL_out-of-scanner,2024.2.4,60.413323679206016,2025-05-15 13h07.32.407231 -0500,
33,0,33,space,5.564160800073296,None,5,2.6049838000908494,None,165.89342729980126,j,0.5958854998461902,None,None,166.50956779997796,166.5099263000302,168.50929309986532,168.50936120003462,169.5092633999884,169.50929349986836,171.0086369998753,,,,,,,1,0,1,0,33,0,33,0,541.9512366997078,,,,,,,,,,,,,,,,,,,,,,,,,,,,,,165.89342729980126,541.936105299741,541.9512366997078,541.9512366997078,541.9512366997078,541.9512366997078,542.552159300074,j,0.5958854998461902,None,left,1,13,2,4,50,16,None,166.50956779997796,166.5099263000302,542.5526048000902,542.5678689000197,542.5678689000197,544.5682314001024,544.5682314001024,544.5518944999203,168.50929309986532,168.50936120003462,544.5624297996983,544.5682314001024,544.5682314001024,545.5673615001142,545.5673615001142,545.5518951998092,stimuli/box_coin_transparent.png,169.5092633999884,169.50929349986836,545.5519671998918,545.5673615001142,547.0676070000045,547.0512649999,171.0086369998753,,,,,,,,,,,,,,,,66666,right,no,None,2025-05-15_13h07.20.047,RL_out-of-scanner,2024.2.4,60.413323679206016,2025-05-15 13h07.32.407231 -0500,
34,0,34,space,5.564160800073296,None,5,2.6049838000908494,None,171.01042889989913,j,0.5938760000281036,None,None,171.62613839982077,171.6265111998655,174.6253136000596,174.6253507998772,175.62522229971364,175.62525840010494,178.1258303001523,,,,,,,1,0,1,0,34,0,34,0,547.0676070000045,,,,,,,,,,,,,,,,,,,,,,,,,,,,,,171.01042889989913,547.0531128998846,547.0676070000045,547.0676070000045,547.0676070000045,547.0676070000045,547.6687301998027,j,0.5938760000281036,None,left,1,13,3,4,51,17,None,171.62613839982077,171.6265111998655,547.6691895001568,547.6841730000451,547.6841730000451,550.6844583000056,550.6844583000056,550.6679277997464,174.6253136000596,174.6253507998772,550.6786178997718,550.6844583000056,550.6844583000056,551.6834630998783,551.6834630998783,551.6678482000716,stimuli/box_coin_transparent.png,175.62522229971364,175.62525840010494,551.6679386999458,551.6834630998783,554.1841866001487,554.1684652999975,178.1258303001523,,,,,,,,,,,,,,,,66666,right,no,None,2025-05-15_13h07.20.047,RL_out-of-scanner,2024.2.4,60.413323679206016,2025-05-15 13h07.32.407231 -0500,
35,0,35,space,5.564160800073296,None,5,2.6049838000908494,None,178.12743970006704,k,0.3930632001720369,None,None,178.54306389996782,178.5433308999054,180.0417108000256,180.04175509978086,181.04174980008975,181.04178109997883,182.0417050998658,,,,,,,1,0,1,0,35,0,35,0,554.1841866001487,,,,,,,,,,,,,,,,,,,,,,,,,,,,,,178.12743970006704,554.1701187998988,554.1841866001487,554.1841866001487,554.1841866001487,554.1841866001487,554.5856548999436,k,0.3930632001720369,None,left,1,13,3,4,51,17,None,178.54306389996782,178.5433308999054,554.5860067997128,554.6009482000954,554.6009482000954,556.1010758001357,556.1010758001357,556.084320299793,180.0417108000256,180.04175509978086,556.0932026999071,556.1010758001357,556.1010758001357,557.1002056999132,557.1002056999132,557.0843751998618,stimuli/box_empty_transparent.png,181.04174980008975,181.04178109997883,557.0844556000084,557.1002056999132,558.1006180997938,558.084334100131,182.0417050998658,,,,,,,,,,,,,,,,66666,right,no,None,2025-05-15_13h07.20.047,RL_out-of-scanner,2024.2.4,60.413323679206016,2025-05-15 13h07.32.407231 -0500,
36,0,36,space,5.564160800073296,None,5,2.6049838000908494,None,182.04323770012707,j,0.4402060001157224,None,None,182.5088749998249,182.5091944001615,184.01009819982573,184.01013650000095,185.0246120998636,185.02464899979532,188.525008500088,,,,,,,1,0,1,0,36,0,36,0,558.1006180997938,,,,,,,,,,,,,,,,,,,,,,,,,,,,,,182.04323770012707,558.0859159999527,558.1006180997938,558.1006180997938,558.1006180997938,558.1006180997938,558.5514667998068,j,0.4402060001157224,None,left,1,13,4,4,52,18,None,182.5088749998249,182.5091944001615,558.5518728997558,558.5674684001133,558.5674684001133,560.0697054001503,560.0697054001503,560.0527078998275,184.01009819982573,184.01013650000095,560.064285799861,560.0697054001503,560.0697054001503,,,561.067236199975,stimuli/box_coin_transparent.png,185.0246120998636,185.02464899979532,561.0673298998736,561.0833151997067,564.5836291001178,564.5676417001523,188.525008500088,,,,,,,,,,,,,,,,66666,right,no,None,2025-05-15_13h07.20.047,RL_out-of-scanner,2024.2.4,60.413323679206016,2025-05-15 13h07.32.407231 -0500,
37,0,37,space,5.564160800073296,None,5,2.6049838000908494,None,188.52652970002964,j,0.34877229994162917,None,None,188.89245009981096,188.89282430009916,190.89144839998335,190.89149420009926,191.891339099966,191.8913702997379,192.89079059986398,,,,,,,1,0,1,0,37,0,37,0,564.5836291001178,,,,,,,,,,,,,,,,,,,,,,,,,,,,,,188.52652970002964,564.5692082997411,564.5836291001178,564.5836291001178,564.5836291001178,564.5836291001178,564.9350057998672,j,0.34877229994162917,None,left,1,13,5,4,53,19,None,188.89245009981096,188.89282430009916,564.9355077999644,564.9504868998192,564.9504868998192,566.9507758999243,566.9507758999243,566.9340556999668,190.89144839998335,190.89149420009926,566.9447269998491,566.9507758999243,566.9507758999243,567.9499723999761,567.9499723999761,567.9339693998918,stimuli/box_coin_transparent.png,191.891339099966,191.8913702997379,567.9340454000048,567.9499723999761,568.9505513999611,568.9334247000515,192.89079059986398,,,,,,,,,,,,,,,,66666,right,no,None,2025-05-15_13h07.20.047,RL_out-of-scanner,2024.2.4,60.413323679206016,2025-05-15 13h07.32.407231 -0500,
38,0,38,space,5.564160800073296,None,5,2.6049838000908494,None,192.89227199973539,j,1.024026700295508,None,None,193.9429274997674,193.94321719976142,194.9415184999816,194.9415607000701,195.94182989979163,195.94187049986795,197.45769209973514,,,,,,,1,0,1,0,38,0,38,0,568.9505513999611,,,,,,,,,,,,,,,,,,,,,,,,,,,,,,192.89227199973539,568.9349505999126,568.9505513999611,568.9505513999611,568.9505513999611,568.9505513999611,569.985511300154,j,1.024026700295508,None,left,0,13,5,4,54,19,None,193.9429274997674,193.94321719976142,569.9858943996951,570.0004177000374,570.0004177000374,571.0014204001054,571.0014204001054,570.9841283997521,194.9415184999816,194.9415607000701,570.9931144998409,571.0014204001054,571.0014204001054,,,571.9844537000172,stimuli/box_empty_transparent.png,195.94182989979163,195.94187049986795,571.9845569999889,572.0009753997438,573.5174897001125,573.5003255000338,197.45769209973514,,,,,,,,,,,,,,,,66666,right,no,None,2025-05-15_13h07.20.047,RL_out-of-scanner,2024.2.4,60.413323679206016,2025-05-15 13h07.32.407231 -0500,
39,0,39,space,5.564160800073296,None,5,2.6049838000908494,None,197.45917439972982,k,0.38735050009563565,None,None,197.87552039977163,197.87576319975778,198.8922087997198,198.8922548997216,199.89120090007782,199.89123139996082,200.8907643998973,,,,,,,1,0,1,0,39,0,39,0,573.5174897001125,,,,,,,,,,,,,,,,,,,,,,,,,,,,,,197.45917439972982,573.5018532997929,573.5174897001125,573.5174897001125,573.5174897001125,573.5174897001125,573.9181123999879,k,0.38735050009563565,None,left,0,13,5,4,54,19,None,197.87552039977163,197.87576319975778,573.9184388001449,573.9366506999359,573.9366506999359,574.9504291000776,574.9504291000776,574.934817600064,198.8922087997198,198.8922548997216,574.9438012000173,574.9504291000776,574.9504291000776,575.949463899713,575.949463899713,575.9338308000006,stimuli/box_empty_transparent.png,199.89120090007782,199.89123139996082,575.933905299753,575.949463899713,576.9501541000791,576.9333946998231,200.8907643998973,,,,,,,,,,,,,,,,66666,right,no,None,2025-05-15_13h07.20.047,RL_out-of-scanner,2024.2.4,60.413323679206016,2025-05-15 13h07.32.407231 -0500,
40,0,40,space,5.564160800073296,None,5,2.6049838000908494,None,200.8923606998287,j,0.3284696997143328,None,None,201.24191389977932,201.24223939981312,202.74105770001188,202.7410953999497,203.7414289000444,203.74146120017394,204.74062189972028,,,,,,,1,0,1,0,40,0,40,0,576.9501541000791,,,,,,,,,,,,,,,,,,,,,,,,,,,,,,200.8923606998287,576.9350397000089,576.9501541000791,576.9501541000791,576.9501541000791,576.9501541000791,577.2845050999895,j,0.3284696997143328,None,left,1,13,6,4,55,20,None,201.24191389977932,201.24223939981312,577.2849187999964,577.2999744000845,577.2999744000845,578.8008066997863,578.8008066997863,578.7836730997078,202.74105770001188,202.7410953999497,578.7951857000589,578.8008066997863,578.8008066997863,,,579.7840579999611,stimuli/box_coin_transparent.png,203.7414289000444,203.74146120017394,579.784136899747,579.7994821998291,580.800316200126,580.7832546997815,204.74062189972028,,,,,,,,,,,,,,,,66666,right,no,None,2025-05-15_13h07.20.047,RL_out-of-scanner,2024.2.4,60.413323679206016,2025-05-15 13h07.32.407231 -0500,
41,0,41,space,5.564160800073296,None,5,2.6049838000908494,None,204.74222490005195,j,0.38836130034178495,None,None,205.1586107998155,205.15897630015388,206.15787830017507,206.15792379993945,207.15778680006042,207.15782309975475,210.1569425999187,,,,,,,1,0,1,0,41,0,41,0,580.800316200126,,,,,,,,,,,,,,,,,,,,,,,,,,,,,,204.74222490005195,580.7849047998898,580.800316200126,580.800316200126,580.800316200126,580.800316200126,581.2011839998886,j,0.38836130034178495,None,left,0,13,6,4,56,20,None,205.1586107998155,205.15897630015388,581.2016591001302,581.2165919998661,581.2165919998661,582.2168438998051,582.2168438998051,582.2004832997918,206.15787830017507,206.15792379993945,582.2094780998304,582.2168438998051,582.2168438998051,583.2162442998961,583.2162442998961,583.2004121998325,stimuli/box_empty_transparent.png,207.15778680006042,207.15782309975475,583.2005040999502,583.2162442998961,586.2166434000246,586.1995759001002,210.1569425999187,,,,,,,,,,,,,,,,66666,right,no,None,2025-05-15_13h07.20.047,RL_out-of-scanner,2024.2.4,60.413323679206016,2025-05-15 13h07.32.407231 -0500,
42,0,42,space,5.564160800073296,None,5,2.6049838000908494,None,210.15842580003664,k,0.460103299934417,None,None,210.64146189996973,210.64170200005174,212.6427440997213,212.6427818997763,213.6406271001324,213.6406621998176,217.14111999981105,,,,,,,1,0,1,0,42,0,42,0,586.2166434000246,,,,,,,,,,,,,,,,,,,,,,,,,,,,,,210.15842580003664,586.2011040998623,586.2166434000246,586.2166434000246,586.2166434000246,586.2166434000246,586.6840516999364,k,0.460103299934417,None,left,0,13,6,4,56,20,None,210.64146189996973,210.64170200005174,586.6843777000904,586.69989599986,586.69989599986,588.7000432000495,588.7000432000495,588.6853558998555,212.6427440997213,212.6427818997763,588.6936411000788,588.7000432000495,588.7000432000495,589.6991940001026,589.6991940001026,589.683255400043,stimuli/box_empty_transparent.png,213.6406271001324,213.6406621998176,589.68334280001,589.6991940001026,593.199718600139,593.1837515998632,217.14111999981105,,,,,,,,,,,,,,,,66666,right,no,None,2025-05-15_13h07.20.047,RL_out-of-scanner,2024.2.4,60.413323679206016,2025-05-15 13h07.32.407231 -0500,
43,0,43,space,5.564160800073296,None,5,2.6049838000908494,None,217.14297069981694,k,0.3908107001334429,None,None,217.55809259973466,217.55833189981058,218.55724520003423,218.55729659972712,219.55737429996952,219.557406200096,221.55740009993315,,,,,,,1,0,1,0,43,0,43,0,593.199718600139,,,,,,,,,,,,,,,,,,,,,,,,,,,,,,217.14297069981694,593.1856547999196,593.199718600139,593.199718600139,593.199718600139,593.199718600139,593.600685399957,k,0.3908107001334429,None,left,0,13,6,4,56,20,None,217.55809259973466,217.55833189981058,593.6010083998553,593.6164421997964,593.6164421997964,594.6166268000379,594.6166268000379,594.5998480999842,218.55724520003423,218.55729659972712,594.608835299965,594.6166268000379,594.6166268000379,595.6156708998606,595.6156708998606,595.600003299769,stimuli/box_empty_transparent.png,219.55737429996952,219.557406200096,595.6000898000784,595.6156708998606,597.6163273998536,597.600029299967,221.55740009993315,,,,,,,,,,,,,,,,66666,right,no,None,2025-05-15_13h07.20.047,RL_out-of-scanner,2024.2.4,60.413323679206016,2025-05-15 13h07.32.407231 -0500,
44,0,44,space,5.564160800073296,None,5,2.6049838000908494,None,221.55907579977065,j,0.33573219971731305,None,None,221.92437489982694,221.92472040001303,224.42460689973086,224.4246443999,225.4238999998197,225.42394080013037,227.42334929993376,,,,,,,1,0,1,0,44,0,44,0,597.6163273998536,,,,,,,,,,,,,,,,,,,,,,,,,,,,,,221.55907579977065,597.6017537997104,597.6163273998536,597.6163273998536,597.6163273998536,597.6163273998536,597.9669666001573,j,0.33573219971731305,None,left,1,13,7,4,57,21,None,221.92437489982694,221.92472040001303,597.9673993000761,597.9827340999618,597.9827340999618,600.4831003998406,600.4831003998406,600.4672221997753,224.42460689973086,224.4246443999,600.4773546997458,600.4831003998406,600.4831003998406,601.4820284997113,601.4820284997113,601.4665226000361,stimuli/box_coin_transparent.png,225.4238999998197,225.42394080013037,601.466626400128,601.4820284997113,603.4827290000394,603.4659822997637,227.42334929993376,,,,,,,,,,,,,,,,66666,right,no,None,2025-05-15_13h07.20.047,RL_out-of-scanner,2024.2.4,60.413323679206016,2025-05-15 13h07.32.407231 -0500,
45,0,45,space,5.564160800073296,None,5,2.6049838000908494,None,227.42487439978868,j,0.38826620019972324,None,None,227.84484919998795,227.8451936999336,228.8405093997717,228.84054749971256,229.8405291000381,229.8405722999014,230.83990600006655,,,,,,,1,0,1,0,45,0,45,0,603.4827290000394,,,,,,,,,,,,,,,,,,,,,,,,,,,,,,227.42487439978868,603.4675536998548,603.4827290000394,603.4827290000394,603.4827290000394,603.4827290000394,603.8874384998344,j,0.38826620019972324,None,left,1,13,8,4,58,22,None,227.84484919998795,227.8451936999336,603.887869999744,603.8995567997918,603.8995567997918,604.8995521999896,604.8995521999896,604.883123499807,228.8405093997717,228.84054749971256,604.8930465998128,604.8995521999896,604.8995521999896,605.8985775997862,605.8985775997862,605.8831520001404,stimuli/box_coin_transparent.png,229.8405291000381,229.8405722999014,605.8832622999325,605.8985775997862,606.8991677998565,606.8825209001079,230.83990600006655,,,,,,,,,,,,,,,,66666,right,no,None,2025-05-15_13h07.20.047,RL_out-of-scanner,2024.2.4,60.413323679206016,2025-05-15 13h07.32.407231 -0500,
46,0,46,space,5.564160800073296,None,5,2.6049838000908494,None,230.84163009980693,j,0.5735613000579178,None,None,231.4409684999846,231.4414252997376,233.44148569973186,233.44153179973364,234.44117400003597,234.44121229974553,235.43960990011692,,,,,,,1,0,1,0,46,0,46,0,606.8991677998565,,,,,,,,,,,,,,,,,,,,,,,,,,,,,,230.84163009980693,606.8843149999157,606.8991677998565,606.8991677998565,606.8991677998565,606.8991677998565,607.483554800041,j,0.5735613000579178,None,left,0,13,8,4,59,22,None,231.4409684999846,231.4414252997376,607.484105499927,607.4990519001149,607.4990519001149,609.499614099972,609.499614099972,609.4840814000927,233.44148569973186,233.44153179973364,609.4926243997179,609.499614099972,609.499614099972,610.4986029998399,610.4986029998399,610.4838012000546,stimuli/box_empty_transparent.png,234.44117400003597,234.44121229974553,610.4838928999379,610.4986029998399,611.4990412001498,611.4822391001508,235.43960990011692,,,,,,,,,,,,,,,,66666,right,no,None,2025-05-15_13h07.20.047,RL_out-of-scanner,2024.2.4,60.413323679206016,2025-05-15 13h07.32.407231 -0500,
47,0,47,space,5.564160800073296,None,5,2.6049838000908494,None,235.44137649983168,j,1.3272513998672366,None,None,236.79122059978545,236.7915463000536,239.79052889999002,239.7905749999918,240.79066960001364,240.79072359995916,242.2894338001497,,,,,,,1,0,1,0,47,0,47,0,611.4990412001498,,,,,,,,,,,,,,,,,,,,,,,,,,,,,,235.44137649983168,611.4840613999404,611.4990412001498,611.4990412001498,611.4990412001498,611.4990412001498,612.8338100998662,j,1.3272513998672366,None,left,1,13,9,4,60,23,None,236.79122059978545,236.7915463000536,612.8342232997529,612.8489433000796,612.8489433000796,615.8495350996964,615.8495350996964,615.8331212997437,239.79052889999002,239.7905749999918,615.8436761000194,615.8495350996964,615.8495350996964,616.84878689982,616.84878689982,616.8332965001464,stimuli/box_coin_transparent.png,240.79066960001364,240.79072359995916,616.8334054998122,616.84878689982,618.3487066999078,618.332012699917,242.2894338001497,,,,,,,,,,,,,,,,66666,right,no,None,2025-05-15_13h07.20.047,RL_out-of-scanner,2024.2.4,60.413323679206016,2025-05-15 13h07.32.407231 -0500,
48,0,48,space,5.564160800073296,None,5,2.6049838000908494,None,242.29126810003072,j,0.4122342998161912,None,None,242.72378249978647,242.72411749977618,244.2238243999891,244.22386839985847,245.2404073998332,245.24045229982585,248.73958789976314,,,,,,,1,0,1,0,48,0,48,0,618.3487066999078,,,,,,,,,,,,,,,,,,,,,,,,,,,,,,242.29126810003072,618.3339484999888,618.3487066999078,618.3487066999078,618.3487066999078,618.3487066999078,618.7663724999875,j,0.4122342998161912,None,left,1,13,10,4,61,24,None,242.72378249978647,242.72411749977618,618.7667970997281,618.7820951999165,618.7820951999165,620.2855516998097,620.2855516998097,620.2664312999696,244.2238243999891,244.22386839985847,620.2804600000381,620.2855516998097,620.2855516998097,,,621.2830300000496,stimuli/box_coin_transparent.png,245.2404073998332,245.24045229982585,621.2831434998661,621.2984803998843,624.79872540012,624.7822178998031,248.73958789976314,,,,,,,,,,,,,,,,66666,right,no,None,2025-05-15_13h07.20.047,RL_out-of-scanner,2024.2.4,60.413323679206016,2025-05-15 13h07.32.407231 -0500,
49,0,49,space,5.564160800073296,None,5,2.6049838000908494,None,248.74132509995252,k,0.3423612001352012,None,None,249.1074576000683,249.10777630005032,250.6061565000564,250.60619339998811,251.60641509993002,251.60645460011438,251.6070936000906,,,,,,,1,0,1,0,49,0,49,0,624.79872540012,,,,,,,,,,,,,,,,,,,,,,,,,,,,,,248.74132509995252,624.784007600043,624.79872540012,624.79872540012,624.79872540012,624.79872540012,625.150029100012,k,0.3423612001352012,None,left,1,13,10,4,61,24,None,249.1074576000683,249.10777630005032,625.1504583000205,625.1653677998111,625.1653677998111,626.6659363997169,626.6659363997169,626.6487678000703,250.6061565000564,250.60619339998811,626.6568498001434,626.6659363997169,626.6659363997169,,,627.6490348000079,stimuli/box_empty_transparent.png,251.60641509993002,251.60645460011438,627.6491386997513,627.6956024998799,627.6956024998799,627.6497252001427,251.6070936000906,,,,,,,,,,,,,,,,66666,right,no,None,2025-05-15_13h07.20.047,RL_out-of-scanner,2024.2.4,60.413323679206016,2025-05-15 13h07.32.407231 -0500,
1,0,1,space,5.564160800073296,None,5,2.6049838000908494,None,,,,,,,,,,,,,,,,,,,1,0,1,0,,,,,,,,,,,,,,,,,,,,,,,,,,,,,,,,,,,,,,,,,,,,,,,,,,,,,,,,,,,,,,,,,,,,,,,,,,,,,,,627.6913713999093,627.6956024998799,631.6567489998415,631.6567970998585,631.6739358999766,679.3727468000725,679.3567935000174,,,,,,,66666,right,no,None,2025-05-15_13h07.20.047,RL_out-of-scanner,2024.2.4,60.413323679206016,2025-05-15 13h07.32.407231 -0500,
0,0,0,space,7.633254900109023,None,5,2.3954208996146917,None,0.0018759001977741718,j,0.6033434998244047,None,None,0.6326590003445745,0.6330364001914859,1.6330639999359846,1.6331020002253354,2.6313781002536416,2.6314089000225067,4.631979499943554,,,,,,,2,0,2,0,0,0,0,0,689.4551919000223,,,,,,,,,,,,,,,,679.3569689998403,679.3727468000725,679.3727468000725,687.0219978000969,space,7.633254900109023,None,687.0220757997595,687.0378736997955,687.0378736997955,689.440839199815,5,2.3954208996146917,None,0.0018759001977741718,689.4427853999659,689.4551919000223,689.4551919000223,689.4551919000223,689.4551919000223,690.0734810000286,j,0.6033434998244047,None,right,1,12,0,5,61,0,None,0.6326590003445745,0.6330364001914859,690.0739460000768,690.0890858997591,690.0890858997591,691.0887388000265,691.0887388000265,691.0739063997753,1.6330639999359846,1.6331020002253354,691.0821883999743,691.0887388000265,691.0887388000265,692.0879699997604,692.0879699997604,692.07224150002,stimuli/box_empty_transparent.png,2.6313781002536416,2.6314089000225067,692.0723107000813,692.0879699997604,694.0884710997343,694.072843299713,4.631979499943554,,,,,,,,,,,,,,,,66666,right,no,None,2025-05-15_13h07.20.047,RL_out-of-scanner,2024.2.4,60.413323679206016,2025-05-15 13h07.32.407231 -0500,
1,0,1,space,7.633254900109023,None,5,2.3954208996146917,None,4.633512500207871,k,0.5328705003485084,None,None,5.182080900296569,5.18242480000481,6.681798700243235,6.68183539994061,7.697314000222832,7.697350000031292,9.197031500283629,,,,,,,2,0,2,0,1,0,1,0,694.0884710997343,,,,,,,,,,,,,,,,,,,,,,,,,,,,,,4.633512500207871,694.0744225000963,694.0884710997343,694.0884710997343,694.0884710997343,694.0884710997343,694.6228656000458,k,0.5328705003485084,None,right,1,12,1,5,62,1,None,5.182080900296569,5.18242480000481,694.6233417997137,694.6382443001494,694.6382443001494,696.1394671001472,696.1394671001472,696.1226443001069,6.681798700243235,6.68183539994061,696.1336572999135,696.1394671001472,696.1394671001472,,,697.1381697999313,stimuli/box_coin_transparent.png,7.697314000222832,7.697350000031292,697.138262799941,697.1541969999671,698.6547272000462,698.6378938998096,9.197031500283629,,,,,,,,,,,,,,,,66666,right,no,None,2025-05-15_13h07.20.047,RL_out-of-scanner,2024.2.4,60.413323679206016,2025-05-15 13h07.32.407231 -0500,
2,0,2,space,7.633254900109023,None,5,2.3954208996146917,None,9.198760400060564,k,0.6311441999860108,None,None,9.849207099992782,9.849537200294435,10.84890570025891,10.8489437000826,11.84889810020104,11.848928000312299,14.846943099983037,,,,,,,2,0,2,0,2,0,2,0,698.6547272000462,,,,,,,,,,,,,,,,,,,,,,,,,,,,,,9.198760400060564,698.6396710998379,698.6547272000462,698.6547272000462,698.6547272000462,698.6547272000462,699.290015200153,k,0.6311441999860108,None,right,0,12,1,5,63,1,None,9.849207099992782,9.849537200294435,699.290451399982,699.3054256001487,699.3054256001487,700.3061218997464,700.3061218997464,700.2897477000952,10.84890570025891,10.8489437000826,700.2979267998599,700.3061218997464,700.3061218997464,701.3049749000929,701.3049749000929,701.2897602999583,stimuli/box_empty_transparent.png,11.84889810020104,11.848928000312299,701.2898327996954,701.3049749000929,704.3044882998802,704.2878084997647,14.846943099983037,,,,,,,,,,,,,,,,66666,right,no,None,2025-05-15_13h07.20.047,RL_out-of-scanner,2024.2.4,60.413323679206016,2025-05-15 13h07.32.407231 -0500,
3,0,3,space,7.633254900109023,None,5,2.3954208996146917,None,14.848462200257927,k,0.3401827998459339,None,None,15.214636400341988,15.214879100210965,17.21503850026056,17.215082500129938,18.21521669998765,18.215248400345445,19.214545799884945,,,,,,,2,0,2,0,3,0,3,0,704.3044882998802,,,,,,,,,,,,,,,,,,,,,,,,,,,,,,14.848462200257927,704.2893718997948,704.3044882998802,704.3044882998802,704.3044882998802,704.3044882998802,704.6554478998296,k,0.3401827998459339,None,right,1,12,2,5,64,2,None,15.214636400341988,15.214879100210965,704.6557855000719,704.6715501998551,704.6715501998551,706.6717342999764,706.6717342999764,706.6558731999248,17.21503850026056,17.215082500129938,706.6657074997202,706.6717342999764,706.6717342999764,707.6715406998992,707.6715406998992,707.6560777998529,stimuli/box_coin_transparent.png,18.21521669998765,18.215248400345445,707.6561532998458,707.6715406998992,708.6726712998934,708.655409200117,19.214545799884945,,,,,,,,,,,,,,,,66666,right,no,None,2025-05-15_13h07.20.047,RL_out-of-scanner,2024.2.4,60.413323679206016,2025-05-15 13h07.32.407231 -0500,
4,0,4,space,7.633254900109023,None,5,2.3954208996146917,None,19.216003600042313,j,0.37606520019471645,None,None,19.61574860010296,19.616138000041246,20.61518800025806,20.615222699940205,21.615596800111234,21.615629500243813,24.115355200134218,,,,,,,2,0,2,0,4,0,4,0,708.6726712998934,,,,,,,,,,,,,,,,,,,,,,,,,,,,,,19.216003600042313,708.6569125000387,708.6726712998934,708.6726712998934,708.6726712998934,708.6726712998934,709.0565720000304,j,0.37606520019471645,None,right,1,12,2,5,64,2,None,19.61574860010296,19.616138000041246,709.0570475999266,709.0718304999173,709.0718304999173,710.0717655001208,710.0717655001208,710.05602979986,20.61518800025806,20.615222699940205,710.064085799735,710.0717655001208,710.0717655001208,,,711.0564558999613,stimuli/box_empty_transparent.png,21.615596800111234,21.615629500243813,711.0565378000028,711.0720846997574,713.5719123999588,713.5562200997956,24.115355200134218,,,,,,,,,,,,,,,,66666,right,no,None,2025-05-15_13h07.20.047,RL_out-of-scanner,2024.2.4,60.413323679206016,2025-05-15 13h07.32.407231 -0500,
5,0,5,space,7.633254900109023,None,5,2.3954208996146917,None,24.116931800264865,j,0.401604600250721,None,None,24.548337900079787,24.548667500261217,28.04785339999944,28.047892100177705,29.064215200021863,29.06424740003422,31.06498910021037,,,,,,,2,0,2,0,5,0,5,0,713.5719123999588,,,,,,,,,,,,,,,,,,,,,,,,,,,,,,24.116931800264865,713.5578414001502,713.5719123999588,713.5719123999588,713.5719123999588,713.5719123999588,713.9891611998901,j,0.401604600250721,None,right,1,12,2,5,64,2,None,24.548337900079787,24.548667500261217,713.9895754000172,714.0048775998875,714.0048775998875,717.5056310999207,717.5056310999207,717.4886952997185,28.04785339999944,28.047892100177705,717.4977734000422,717.5056310999207,717.5056310999207,,,718.5050719999708,stimuli/box_empty_transparent.png,29.064215200021863,29.06424740003422,718.5051551000215,718.5207213000394,720.5210676998831,720.5058491998352,31.06498910021037,,,,,,,,,,,,,,,,66666,right,no,None,2025-05-15_13h07.20.047,RL_out-of-scanner,2024.2.4,60.413323679206016,2025-05-15 13h07.32.407231 -0500,
6,0,6,space,7.633254900109023,None,5,2.3954208996146917,None,31.066562599968165,k,0.4324209997430444,None,None,31.514573799911886,31.51482370030135,32.51428860006854,32.51432690024376,33.5134510002099,33.51348050031811,34.513781500048935,,,,,,,2,0,2,0,6,0,6,0,720.5210676998831,,,,,,,,,,,,,,,,,,,,,,,,,,,,,,31.066562599968165,720.5074726999737,720.5210676998831,720.5210676998831,720.5210676998831,720.5210676998831,720.9553767000325,k,0.4324209997430444,None,right,0,12,2,5,65,2,None,31.514573799911886,31.51482370030135,720.9557304000482,720.9706934001297,720.9706934001297,721.9709437000565,721.9709437000565,721.9551304001361,32.51428860006854,32.51432690024376,721.9642338999547,721.9709437000565,721.9709437000565,722.9708635001443,722.9708635001443,722.9543142998591,stimuli/box_empty_transparent.png,33.5134510002099,33.51348050031811,722.9543849998154,722.9708635001443,723.971289199777,723.9546451000497,34.513781500048935,,,,,,,,,,,,,,,,66666,right,no,None,2025-05-15_13h07.20.047,RL_out-of-scanner,2024.2.4,60.413323679206016,2025-05-15 13h07.32.407231 -0500,
7,0,7,space,7.633254900109023,None,5,2.3954208996146917,None,34.5152461999096,j,0.5990170002914965,None,None,35.131955000106245,35.13228780031204,37.13004929991439,37.13009430002421,38.13079220009968,38.130832800175995,40.14729700004682,,,,,,,2,0,2,0,7,0,7,0,723.971289199777,,,,,,,,,,,,,,,,,,,,,,,,,,,,,,34.5152461999096,723.9561549001373,723.971289199777,723.971289199777,723.971289199777,723.971289199777,724.572764699813,j,0.5990170002914965,None,right,0,12,2,5,65,2,None,35.131955000106245,35.13228780031204,724.5731954998337,724.5879148999229,724.5879148999229,726.5877624000423,726.5877624000423,726.5708900997415,37.13004929991439,37.13009430002421,726.5799539000727,726.5877624000423,726.5877624000423,,,727.5716431997716,stimuli/box_empty_transparent.png,38.13079220009968,38.130832800175995,727.5717532997951,727.587977099698,729.6051838998683,729.5881570000201,40.14729700004682,,,,,,,,,,,,,,,,66666,right,no,None,2025-05-15_13h07.20.047,RL_out-of-scanner,2024.2.4,60.413323679206016,2025-05-15 13h07.32.407231 -0500,
8,0,8,space,7.633254900109023,None,5,2.3954208996146917,None,40.149097700137645,k,0.3717256998643279,None,None,40.548364100046456,40.54863189999014,43.546922999899834,43.54697120003402,44.56474529998377,44.56478130025789,46.06374810030684,,,,,,,2,0,2,0,8,0,8,0,729.6051838998683,,,,,,,,,,,,,,,,,,,,,,,,,,,,,,40.149097700137645,729.5900126998313,729.6051838998683,729.6051838998683,729.6051838998683,729.6051838998683,729.9891884997487,k,0.3717256998643279,None,right,1,12,3,5,66,3,None,40.548364100046456,40.54863189999014,729.9895386998542,730.0044249999337,730.0044249999337,733.0053837997839,733.0053837997839,732.987760100048,43.546922999899834,43.54697120003402,732.9999413997866,733.0053837997839,733.0053837997839,,,734.0056019998156,stimuli/box_coin_transparent.png,44.56474529998377,44.56478130025789,734.0056926999241,734.0205526999198,735.5209006001242,735.5046075996943,46.06374810030684,,,,,,,,,,,,,,,,66666,right,no,None,2025-05-15_13h07.20.047,RL_out-of-scanner,2024.2.4,60.413323679206016,2025-05-15 13h07.32.407231 -0500,
9,0,9,space,7.633254900109023,None,5,2.3954208996146917,None,46.065586999990046,k,0.4389589997008443,None,None,46.53125250013545,46.53156909998506,48.031099299900234,48.031137300189584,49.029828200116754,49.02987059997395,51.03033429989591,,,,,,,2,0,2,0,9,0,9,0,735.5209006001242,,,,,,,,,,,,,,,,,,,,,,,,,,,,,,46.065586999990046,735.5065020001493,735.5209006001242,735.5209006001242,735.5209006001242,735.5209006001242,735.9720570999198,k,0.4389589997008443,None,right,1,12,4,5,67,4,None,46.53125250013545,46.53156909998506,735.9724814998917,735.9878492997959,735.9878492997959,737.4875334999524,737.4875334999524,737.4719421998598,48.031099299900234,48.031137300189584,737.4823487997055,737.4875334999524,737.4875334999524,738.486350200139,738.486350200139,738.4706822996959,stimuli/box_coin_transparent.png,49.029828200116754,49.02987059997395,738.4707899997011,738.486350200139,740.4876675996929,740.4711959999986,51.03033429989591,,,,,,,,,,,,,,,,66666,right,no,None,2025-05-15_13h07.20.047,RL_out-of-scanner,2024.2.4,60.413323679206016,2025-05-15 13h07.32.407231 -0500,
10,0,10,space,7.633254900109023,None,5,2.3954208996146917,None,51.031909100245684,k,0.4167713997885585,None,None,51.48025900032371,51.480542900040746,52.980745300184935,52.98078350024298,53.98051800020039,53.98055100021884,54.97951400000602,,,,,,,2,0,2,0,10,0,10,0,740.4876675996929,,,,,,,,,,,,,,,,,,,,,,,,,,,,,,51.031909100245684,740.4728180998936,740.4876675996929,740.4876675996929,740.4876675996929,740.4876675996929,740.9210719000548,k,0.4167713997885585,None,right,1,12,5,5,68,5,None,51.48025900032371,51.480542900040746,740.921451299917,740.9372740997933,740.9372740997933,742.4371774001047,742.4371774001047,742.4215865000151,52.980745300184935,52.98078350024298,742.4317987998948,742.4371774001047,742.4371774001047,743.4365151999518,743.4365151999518,743.4213803000748,stimuli/box_coin_transparent.png,53.98051800020039,53.98055100021884,743.4214563998394,743.4365151999518,744.4371776999906,744.4203789997846,54.97951400000602,,,,,,,,,,,,,,,,66666,right,no,None,2025-05-15_13h07.20.047,RL_out-of-scanner,2024.2.4,60.413323679206016,2025-05-15 13h07.32.407231 -0500,
11,0,11,space,7.633254900109023,None,5,2.3954208996146917,None,54.98102380009368,j,0.3775208997540176,None,None,55.38122999994084,55.38166159996763,57.380408300086856,57.38044530013576,58.38063740031794,58.380667800083756,59.878997600171715,,,,,,,2,0,2,0,11,0,11,0,744.4371776999906,,,,,,,,,,,,,,,,,,,,,,,,,,,,,,54.98102380009368,744.4219357999973,744.4371776999906,744.4371776999906,744.4371776999906,744.4371776999906,744.8220279999077,j,0.3775208997540176,None,right,1,12,5,5,68,5,None,55.38122999994084,55.38166159996763,744.8225759998895,744.8372852001339,744.8372852001339,746.8380332998931,746.8380332998931,746.8212528997101,57.380408300086856,57.38044530013576,746.829669599887,746.8380332998931,746.8380332998931,747.8369271997362,747.8369271997362,747.821499099955,stimuli/box_empty_transparent.png,58.38063740031794,58.380667800083756,747.8215729999356,747.8369271997362,749.3366196998395,749.3198615000583,59.878997600171715,,,,,,,,,,,,,,,,66666,right,no,None,2025-05-15_13h07.20.047,RL_out-of-scanner,2024.2.4,60.413323679206016,2025-05-15 13h07.32.407231 -0500,
12,0,12,space,7.633254900109023,None,5,2.3954208996146917,None,59.88060440029949,j,0.3790967999957502,None,None,60.28003330016509,60.280389400199056,61.280755900312215,61.280792800243944,62.28069130005315,62.280722100287676,65.29602110013366,,,,,,,2,0,2,0,12,0,12,0,749.3366196998395,,,,,,,,,,,,,,,,,,,,,,,,,,,,,,59.88060440029949,749.3215147000737,749.3366196998395,749.3366196998395,749.3366196998395,749.3366196998395,749.7208563000895,j,0.3790967999957502,None,right,1,12,5,5,68,5,None,60.28003330016509,60.280389400199056,749.7213122998364,749.7363975998014,749.7363975998014,750.7366875000298,750.7366875000298,750.721596899908,61.280755900312215,61.280792800243944,750.7299631000496,750.7366875000298,750.7366875000298,751.7368839001283,751.7368839001283,751.7215527999215,stimuli/box_empty_transparent.png,62.28069130005315,62.280722100287676,751.721627399791,751.7368839001283,754.7540417998098,754.7368827001192,65.29602110013366,,,,,,,,,,,,,,,,66666,right,no,None,2025-05-15_13h07.20.047,RL_out-of-scanner,2024.2.4,60.413323679206016,2025-05-15 13h07.32.407231 -0500,
13,0,13,space,7.633254900109023,None,5,2.3954208996146917,None,65.29755390016362,k,0.5318029001355171,None,None,65.84673740016297,65.84698150027543,66.3459624000825,66.34600660018623,67.34633020032197,67.34636559989303,69.34649879997596,,,,,,,2,0,2,0,13,0,13,0,754.7540417998098,,,,,,,,,,,,,,,,,,,,,,,,,,,,,,65.29755390016362,754.7384639997035,754.7540417998098,754.7540417998098,754.7540417998098,754.7540417998098,755.2875617998652,k,0.5318029001355171,None,right,1,12,6,5,69,6,None,65.84673740016297,65.84698150027543,755.2878884999081,755.3030675998889,755.3030675998889,755.8035802999511,755.8035802999511,755.7867870000191,66.3459624000825,66.34600660018623,755.7969078999013,755.8035802999511,755.8035802999511,,,756.7871865001507,stimuli/box_coin_transparent.png,67.34633020032197,67.34636559989303,756.787277800031,756.803543199785,758.8036198001355,758.7873627999797,69.34649879997596,,,,,,,,,,,,,,,,66666,right,no,None,2025-05-15_13h07.20.047,RL_out-of-scanner,2024.2.4,60.413323679206016,2025-05-15 13h07.32.407231 -0500,
14,0,14,space,7.633254900109023,None,5,2.3954208996146917,None,69.34802839998156,j,0.39007489988580346,None,None,69.76413100026548,69.76445899996907,71.26340460032225,71.26344239991158,72.27902729995549,72.27906819991767,73.27919150004163,,,,,,,2,0,2,0,14,0,14,0,758.8036198001355,,,,,,,,,,,,,,,,,,,,,,,,,,,,,,69.34802839998156,758.7889374997467,758.8036198001355,758.8036198001355,758.8036198001355,758.8036198001355,759.2049540998414,j,0.39007489988580346,None,right,1,12,6,5,69,6,None,69.76413100026548,69.76445899996907,759.205366499722,759.2199154999107,759.2199154999107,760.7206842000596,760.7206842000596,760.7042454001494,71.26340460032225,71.26344239991158,760.7126166997477,760.7206842000596,760.7206842000596,,,761.7198733999394,stimuli/box_empty_transparent.png,72.27902729995549,72.27906819991767,761.7199853998609,761.7361121000722,762.7372193997726,762.7200553999282,73.27919150004163,,,,,,,,,,,,,,,,66666,right,no,None,2025-05-15_13h07.20.047,RL_out-of-scanner,2024.2.4,60.413323679206016,2025-05-15 13h07.32.407231 -0500,
15,0,15,space,7.633254900109023,None,5,2.3954208996146917,None,73.28064309991896,k,0.3764885002747178,None,None,73.68094450002536,73.6812162999995,74.68002679990605,74.68006450030953,75.68051300011575,75.68054410023615,77.69500350020826,,,,,,,2,0,2,0,15,0,15,0,762.7372193997726,,,,,,,,,,,,,,,,,,,,,,,,,,,,,,73.28064309991896,762.7215515999123,762.7372193997726,762.7372193997726,762.7372193997726,762.7372193997726,763.121753799729,k,0.3764885002747178,None,right,1,12,7,5,70,7,None,73.68094450002536,73.6812162999995,763.1221226998605,763.1373644997366,763.1373644997366,764.1365890000015,764.1365890000015,764.1208709999919,74.68002679990605,74.68006450030953,764.1307330997661,764.1365890000015,764.1365890000015,765.1365526998416,765.1365526998416,765.1213750997558,stimuli/box_coin_transparent.png,75.68051300011575,75.68054410023615,765.1214485997334,765.1365526998416,767.1526410998777,767.1358611998148,77.69500350020826,,,,,,,,,,,,,,,,66666,right,no,None,2025-05-15_13h07.20.047,RL_out-of-scanner,2024.2.4,60.413323679206016,2025-05-15 13h07.32.407231 -0500,
16,0,16,space,7.633254900109023,None,5,2.3954208996146917,None,77.69718710007146,k,0.3042892003431916,None,None,78.02981590013951,78.03012040024623,80.02976790023968,80.02980650030077,81.03005619999021,81.03008759999648,82.0292666000314,,,,,,,2,0,2,0,16,0,16,0,767.1526410998777,,,,,,,,,,,,,,,,,,,,,,,,,,,,,,77.69718710007146,767.1381083996966,767.1526410998777,767.1526410998777,767.1526410998777,767.1526410998777,767.4706282997504,k,0.3042892003431916,None,right,1,12,8,5,71,8,None,78.02981590013951,78.03012040024623,767.4710328998044,767.4860804998316,767.4860804998316,769.4869087999687,769.4869087999687,769.4706104998477,80.02976790023968,80.02980650030077,769.4815711998381,769.4869087999687,769.4869087999687,770.4858812997118,770.4858812997118,770.4709171000868,stimuli/box_coin_transparent.png,81.03005619999021,81.03008759999648,770.4709926000796,770.4858812997118,771.4866487998515,771.4701311001554,82.0292666000314,,,,,,,,,,,,,,,,66666,right,no,None,2025-05-15_13h07.20.047,RL_out-of-scanner,2024.2.4,60.413323679206016,2025-05-15 13h07.32.407231 -0500,
17,0,17,space,7.633254900109023,None,5,2.3954208996146917,None,82.03079880028963,k,0.6223097001202404,None,None,82.68053000001237,82.68081980012357,83.67913389997557,83.67918420024216,84.67938299989328,84.67942010005936,85.67927179997787,,,,,,,2,0,2,0,17,0,17,0,771.4866487998515,,,,,,,,,,,,,,,,,,,,,,,,,,,,,,82.03079880028963,771.4717076998204,771.4866487998515,771.4866487998515,771.4866487998515,771.4866487998515,772.1213515000418,k,0.6223097001202404,None,right,1,12,9,5,72,9,None,82.68053000001237,82.68081980012357,772.1217263001017,772.1365776997991,772.1365776997991,773.1368593997322,773.1368593997322,773.1199676999822,83.67913389997557,83.67918420024216,773.1310720001347,773.1368593997322,773.1368593997322,,,774.1202389998361,stimuli/box_coin_transparent.png,84.67938299989328,84.67942010005936,774.1203326000832,774.1361680999398,775.1364731998183,775.1201363997534,85.67927179997787,,,,,,,,,,,,,,,,66666,right,no,None,2025-05-15_13h07.20.047,RL_out-of-scanner,2024.2.4,60.413323679206016,2025-05-15 13h07.32.407231 -0500,
18,0,18,space,7.633254900109023,None,5,2.3954208996146917,None,85.68081540009007,k,0.6642708997242153,None,None,86.36356010008603,86.36389830010012,89.86316530033946,89.86320420028642,90.86267870012671,90.86270940024406,92.8789985999465,,,,,,,2,0,2,0,18,0,18,0,775.1364731998183,,,,,,,,,,,,,,,,,,,,,,,,,,,,,,85.68081540009007,775.1217248998582,775.1364731998183,775.1364731998183,775.1364731998183,775.1364731998183,775.8043617997319,k,0.6642708997242153,None,right,1,12,10,5,73,10,None,86.36356010008603,86.36389830010012,775.8048120001331,775.8194439997897,775.8194439997897,779.319202600047,779.319202600047,779.3040085998364,89.86316530033946,89.86320420028642,779.3137773000635,779.319202600047,779.319202600047,780.3226462998427,780.3226462998427,780.3035404998809,stimuli/box_coin_transparent.png,90.86267870012671,90.86270940024406,780.303615400102,780.3226462998427,782.3362090000883,782.319862799719,92.8789985999465,,,,,,,,,,,,,,,,66666,right,no,None,2025-05-15_13h07.20.047,RL_out-of-scanner,2024.2.4,60.413323679206016,2025-05-15 13h07.32.407231 -0500,
19,0,19,space,7.633254900109023,None,5,2.3954208996146917,None,92.88047689991072,k,0.9778117998503149,None,None,93.88016889989376,93.88048910023645,94.8954783002846,94.89552649995312,95.89589000027627,95.89592540031299,97.39565129997209,,,,,,,2,0,2,0,19,0,19,0,782.3362090000883,,,,,,,,,,,,,,,,,,,,,,,,,,,,,,92.88047689991072,782.321386099793,782.3362090000883,782.3362090000883,782.3362090000883,782.3362090000883,783.3209763998166,k,0.9778117998503149,None,right,1,12,11,5,74,11,None,93.88016889989376,93.88048910023645,783.3214026000351,783.3364655999467,783.3364655999467,784.35471590003,784.35471590003,784.336313100066,94.8954783002846,94.89552649995312,784.3488322999328,784.35471590003,784.35471590003,,,785.3367496998981,stimuli/box_coin_transparent.png,95.89589000027627,95.89592540031299,785.3368432000279,785.3524493998848,786.8530945000239,786.83651500009,97.39565129997209,,,,,,,,,,,,,,,,66666,right,no,None,2025-05-15_13h07.20.047,RL_out-of-scanner,2024.2.4,60.413323679206016,2025-05-15 13h07.32.407231 -0500,
20,0,20,space,7.633254900109023,None,5,2.3954208996146917,None,97.39719290006906,k,0.41878540022298694,None,None,97.84684049990028,97.84710810007527,99.86176070012152,99.8618053002283,100.86207750020549,100.86211470002308,102.86390680028126,,,,,,,2,0,2,0,20,0,20,0,786.8530945000239,,,,,,,,,,,,,,,,,,,,,,,,,,,,,,97.39719290006906,786.83810229972,786.8530945000239,786.8530945000239,786.8530945000239,786.8530945000239,787.2876593000256,k,0.41878540022298694,None,right,0,12,11,5,75,11,None,97.84684049990028,97.84710810007527,787.2880152999423,787.3032488999888,787.3032488999888,789.3193144998513,789.3193144998513,789.3026006999426,99.86176070012152,99.8618053002283,789.3114016000181,789.3193144998513,789.3193144998513,,,790.3029267997481,stimuli/box_empty_transparent.png,100.86207750020549,100.86211470002308,790.3030233001336,790.3192724999972,792.3195107998326,792.3047712999396,102.86390680028126,,,,,,,,,,,,,,,,66666,right,no,None,2025-05-15_13h07.20.047,RL_out-of-scanner,2024.2.4,60.413323679206016,2025-05-15 13h07.32.407231 -0500,
21,0,21,space,7.633254900109023,None,5,2.3954208996146917,None,102.86537200026214,j,0.39383979979902506,None,None,103.28004280012101,103.28040860034525,106.29522660002112,106.29527750005946,107.29550029989332,107.29553689993918,108.79536030022427,,,,,,,2,0,2,0,21,0,21,0,792.3195107998326,,,,,,,,,,,,,,,,,,,,,,,,,,,,,,102.86537200026214,792.3062811000273,792.3195107998326,792.3195107998326,792.3195107998326,792.3195107998326,792.7208639001474,j,0.39383979979902506,None,right,0,12,11,5,75,11,None,103.28004280012101,103.28040860034525,792.7213173001073,792.7367257997394,792.7367257997394,795.7523864000104,795.7523864000104,795.7360593001358,106.29522660002112,106.29527750005946,795.7467414001003,795.7523864000104,795.7523864000104,796.7522995998152,796.7522995998152,796.7363577000797,stimuli/box_empty_transparent.png,107.29550029989332,107.29553689993918,796.736449399963,796.7522995998152,798.2524764998816,798.2362196999602,108.79536030022427,,,,,,,,,,,,,,,,66666,right,no,None,2025-05-15_13h07.20.047,RL_out-of-scanner,2024.2.4,60.413323679206016,2025-05-15 13h07.32.407231 -0500,
22,0,22,space,7.633254900109023,None,5,2.3954208996146917,None,108.79719270020723,k,0.35214879969134927,None,None,109.17958360025659,109.17986020026729,110.67903870018199,110.67907770024613,111.69420889997855,111.69423970021307,113.69539949996397,,,,,,,2,0,2,0,22,0,22,0,798.2524764998816,,,,,,,,,,,,,,,,,,,,,,,,,,,,,,108.79719270020723,798.2381079001352,798.2524764998816,798.2524764998816,798.2524764998816,798.2524764998816,798.6204041000456,k,0.35214879969134927,None,right,1,12,12,5,76,12,None,109.17958360025659,109.17986020026729,798.6207669000141,798.635922699701,798.635922699701,800.1362560000271,800.1362560000271,800.1198805999011,110.67903870018199,110.67907770024613,800.1306827999651,800.1362560000271,800.1362560000271,,,801.1350680999458,stimuli/box_coin_transparent.png,111.69420889997855,111.69423970021307,801.135145300068,801.1511205998249,803.1526294001378,803.1362636000849,113.69539949996397,,,,,,,,,,,,,,,,66666,right,no,None,2025-05-15_13h07.20.047,RL_out-of-scanner,2024.2.4,60.413323679206016,2025-05-15 13h07.32.407231 -0500,
23,0,23,space,7.633254900109023,None,5,2.3954208996146917,None,113.6968523003161,k,0.3445503003895283,None,None,114.06277849990875,114.06304370006546,115.56271630013362,115.56275450019166,116.56278670020401,116.56281869998202,118.06168860010803,,,,,,,2,0,2,0,23,0,23,0,803.1526294001378,,,,,,,,,,,,,,,,,,,,,,,,,,,,,,113.6968523003161,803.1377610000782,803.1526294001378,803.1526294001378,803.1526294001378,803.1526294001378,803.5036014998332,k,0.3445503003895283,None,left,1,8,0,6,76,12,None,114.06277849990875,114.06304370006546,803.5039502000436,803.5188560001552,803.5188560001552,805.0186940999702,805.0186940999702,805.0035600000992,115.56271630013362,115.56275450019166,805.0119626997039,805.0186940999702,805.0186940999702,806.0186159997247,806.0186159997247,806.0036478997208,stimuli/box_empty_transparent.png,116.56278670020401,116.56281869998202,806.00372469984,806.0186159997247,807.5190733000636,807.5025498000905,118.06168860010803,,,,,,,,,,,,,,,,66666,right,no,None,2025-05-15_13h07.20.047,RL_out-of-scanner,2024.2.4,60.413323679206016,2025-05-15 13h07.32.407231 -0500,
24,0,24,space,7.633254900109023,None,5,2.3954208996146917,None,118.0632881000638,j,0.43450629990547895,None,None,118.5291198999621,118.52952439989895,120.5288855000399,120.52893200004473,121.52836690004915,121.52840539999306,123.02739670034498,,,,,,,2,0,2,0,24,0,24,0,807.5190733000636,,,,,,,,,,,,,,,,,,,,,,,,,,,,,,118.0632881000638,807.5041971998289,807.5190733000636,807.5190733000636,807.5190733000636,807.5190733000636,807.9699258999899,j,0.43450629990547895,None,left,1,8,1,6,77,13,None,118.5291198999621,118.52952439989895,807.9704390997067,807.9854493997991,807.9854493997991,809.9852331001312,809.9852331001312,809.9697199999355,120.5288855000399,120.52893200004473,809.9799478999339,809.9852331001312,809.9852331001312,810.9849553997628,810.9849553997628,810.9692246997729,stimuli/box_coin_transparent.png,121.52836690004915,121.52840539999306,810.9693168997765,810.9849553997628,812.4846322997473,812.4682601001114,123.02739670034498,,,,,,,,,,,,,,,,66666,right,no,None,2025-05-15_13h07.20.047,RL_out-of-scanner,2024.2.4,60.413323679206016,2025-05-15 13h07.32.407231 -0500,
25,0,25,space,7.633254900109023,None,5,2.3954208996146917,None,123.02889710012823,j,0.42591270012781024,None,None,123.47873960016295,123.47916170023382,124.47890290012583,124.47894569998607,125.4780474002473,125.47808400029317,128.9767388002947,,,,,,,2,0,2,0,25,0,25,0,812.4846322997473,,,,,,,,,,,,,,,,,,,,,,,,,,,,,,123.02889710012823,812.4698076001368,812.4846322997473,812.4846322997473,812.4846322997473,812.4846322997473,812.9195452998392,j,0.42591270012781024,None,left,0,8,1,6,78,13,None,123.47873960016295,123.47916170023382,812.9200762999244,812.9349886998534,812.9349886998534,813.9353418997489,813.9353418997489,813.9197388999164,124.47890290012583,124.47894569998607,813.928051199764,813.9353418997489,813.9353418997489,814.9346671998501,814.9346671998501,814.9189050998539,stimuli/box_empty_transparent.png,125.4780474002473,125.47808400029317,814.9189948998392,814.9346671998501,818.4345021001063,818.4176011998206,128.9767388002947,,,,,,,,,,,,,,,,66666,right,no,None,2025-05-15_13h07.20.047,RL_out-of-scanner,2024.2.4,60.413323679206016,2025-05-15 13h07.32.407231 -0500,
26,0,26,space,7.633254900109023,None,5,2.3954208996146917,None,128.9784722002223,k,0.3429817999713123,None,None,129.34583170013502,129.34614720009267,129.84521310031414,129.84526040032506,130.84502100013196,130.8450525002554,134.36003379989415,,,,,,,2,0,2,0,26,0,26,0,818.4345021001063,,,,,,,,,,,,,,,,,,,,,,,,,,,,,,128.9784722002223,818.4193902998231,818.4345021001063,818.4345021001063,818.4345021001063,818.4345021001063,818.7866380000487,k,0.3429817999713123,None,left,0,8,1,6,78,13,None,129.34583170013502,129.34614720009267,818.7870600000024,818.8016932997853,818.8016932997853,819.3015713999048,819.3015713999048,819.2860476998612,129.84521310031414,129.84526040032506,819.294590299949,819.3015713999048,819.3015713999048,820.3017587997019,820.3017587997019,820.2858822001144,stimuli/box_empty_transparent.png,130.84502100013196,130.8450525002554,820.2859573001042,820.3017587997019,823.8196161999367,823.8008987000212,134.36003379989415,,,,,,,,,,,,,,,,66666,right,no,None,2025-05-15_13h07.20.047,RL_out-of-scanner,2024.2.4,60.413323679206016,2025-05-15 13h07.32.407231 -0500,
27,0,27,space,7.633254900109023,None,5,2.3954208996146917,None,134.36154159996659,k,0.4113088003359735,None,None,134.79458180023357,134.79487620014697,136.295350600034,136.2953957999125,137.2950850999914,137.29512310028076,138.29432199988514,,,,,,,2,0,2,0,27,0,27,0,823.8196161999367,,,,,,,,,,,,,,,,,,,,,,,,,,,,,,134.36154159996659,823.8024516999722,823.8196161999367,823.8196161999367,823.8196161999367,823.8196161999367,824.2353793997318,k,0.4113088003359735,None,left,0,8,1,6,78,13,None,134.79458180023357,134.79487620014697,824.2357898000628,824.2508875001222,824.2508875001222,825.7513556997292,825.7513556997292,825.7361904997379,136.295350600034,136.2953957999125,825.7446624999866,825.7513556997292,825.7513556997292,826.7513998998329,826.7513998998329,826.7359426999465,stimuli/box_empty_transparent.png,137.2950850999914,137.29512310028076,826.7360366000794,826.7513998998329,827.7519049998373,827.7351862997748,138.29432199988514,,,,,,,,,,,,,,,,66666,right,no,None,2025-05-15_13h07.20.047,RL_out-of-scanner,2024.2.4,60.413323679206016,2025-05-15 13h07.32.407231 -0500,
28,0,28,space,7.633254900109023,None,5,2.3954208996146917,None,138.29585040034726,j,0.46128939976915717,None,None,138.77860830025747,138.778972200118,139.77856149990112,139.77860369998962,140.7772869002074,140.7773180003278,144.2775606000796,,,,,,,2,0,2,0,28,0,28,0,827.7519049998373,,,,,,,,,,,,,,,,,,,,,,,,,,,,,,138.29585040034726,827.7367591001093,827.7519049998373,827.7519049998373,827.7519049998373,827.7519049998373,828.2193892998621,j,0.46128939976915717,None,left,0,8,1,6,79,13,None,138.77860830025747,138.778972200118,828.2198823001236,828.2349694999866,828.2349694999866,829.2350767999887,829.2350767999887,829.2193975998089,139.77856149990112,139.77860369998962,829.227825100068,829.2350767999887,829.2350767999887,830.234421600122,830.234421600122,830.2181500997394,stimuli/box_empty_transparent.png,140.7772869002074,140.7773180003278,830.218223599717,830.234421600122,833.7349787997082,833.7184212999418,144.2775606000796,,,,,,,,,,,,,,,,66666,right,no,None,2025-05-15_13h07.20.047,RL_out-of-scanner,2024.2.4,60.413323679206016,2025-05-15 13h07.32.407231 -0500,
29,0,29,space,7.633254900109023,None,5,2.3954208996146917,None,144.27918290020898,k,0.35110760014504194,None,None,144.6618759999983,144.66214179992676,146.66141299996525,146.66145210014656,147.66142060002312,147.66145749995485,148.67744350014254,,,,,,,2,0,2,0,29,0,29,0,833.7349787997082,,,,,,,,,,,,,,,,,,,,,,,,,,,,,,144.27918290020898,833.7200919999741,833.7349787997082,833.7349787997082,833.7349787997082,833.7349787997082,834.1026981999166,k,0.35110760014504194,None,left,0,8,1,6,79,13,None,144.6618759999983,144.66214179992676,834.1030482999049,834.1189330001362,834.1189330001362,836.1185992001556,836.1185992001556,836.1022561998107,146.66141299996525,146.66145210014656,836.1104158000089,836.1185992001556,836.1185992001556,837.1180046000518,837.1180046000518,837.10226089973,stimuli/box_empty_transparent.png,147.66142060002312,147.66145749995485,837.1023717997596,837.1180046000518,838.1343601997942,838.1183078000322,148.67744350014254,,,,,,,,,,,,,,,,66666,right,no,None,2025-05-15_13h07.20.047,RL_out-of-scanner,2024.2.4,60.413323679206016,2025-05-15 13h07.32.407231 -0500,
30,0,30,space,7.633254900109023,None,5,2.3954208996146917,None,148.67889160010964,k,0.7594392001628876,None,None,149.4617893001996,149.4620584999211,150.4609908000566,150.4610284003429,151.46001380030066,151.46005340013653,152.4608114999719,,,,,,,2,0,2,0,30,0,30,0,838.1343601997942,,,,,,,,,,,,,,,,,,,,,,,,,,,,,,148.67889160010964,838.1198001997545,838.1343601997942,838.1343601997942,838.1343601997942,838.1343601997942,838.9026112998836,k,0.7594392001628876,None,left,0,8,1,6,79,13,None,149.4617893001996,149.4620584999211,838.9029712998308,838.9181278999895,838.9181278999895,839.9175979001448,839.9175979001448,839.9018363999203,150.4609908000566,150.4610284003429,839.9102881001309,839.9175979001448,839.9175979001448,840.9166230000556,840.9166230000556,840.9008678998798,stimuli/box_empty_transparent.png,151.46001380030066,151.46005340013653,840.900972600095,840.9166230000556,841.9182803998701,841.901670599822,152.4608114999719,,,,,,,,,,,,,,,,66666,right,no,None,2025-05-15_13h07.20.047,RL_out-of-scanner,2024.2.4,60.413323679206016,2025-05-15 13h07.32.407231 -0500,
31,0,31,space,7.633254900109023,None,5,2.3954208996146917,None,152.46257869992405,None,,,['j'],153.96094530029222,153.96101800026372,156.9765608003363,156.9766039000824,157.97731970017776,157.9773564003408,160.4772038999945,[0.43294910015538335],[0.1896530999802053],,,,,2,0,2,0,31,0,31,0,841.9182803998701,,,,,,,,,,,,,,,,,,,,,,,,,,,,,,152.46257869992405,841.903493899852,841.9182803998701,841.9182803998701,841.9182803998701,841.9182803998701,843.4017380001023,None,,,left,0,8,1,6,79,13,['j'],153.96094530029222,153.96101800026372,843.4019204997458,843.4190392997116,843.4190392997116,846.4341672998853,846.4341672998853,846.4174011000432,156.9765608003363,156.9766039000824,846.426855799742,846.4341672998853,846.4341672998853,,,847.4181765997782,no selection made,157.97731970017776,157.9773564003408,847.4182660998777,847.4345342000015,849.9346456001513,849.9180637998506,160.4772038999945,[0.43294910015538335],[0.1896530999802053],,,,,,,,843.4190392997116,843.4190392997116,843.4190392997116,843.4190392997116,,,66666,right,no,None,2025-05-15_13h07.20.047,RL_out-of-scanner,2024.2.4,60.413323679206016,2025-05-15 13h07.32.407231 -0500,
32,0,32,space,7.633254900109023,None,5,2.3954208996146917,None,160.47882540011778,j,0.4130657999776304,None,None,160.91132110031322,160.9116512001492,161.91103540034965,161.91107439994812,162.90999920014292,162.91003150027245,163.9099571001716,,,,,,,2,0,2,0,32,0,32,0,849.9346456001513,,,,,,,,,,,,,,,,,,,,,,,,,,,,,,160.47882540011778,849.9197344998829,849.9346456001513,849.9346456001513,849.9346456001513,849.9346456001513,850.3521439000033,j,0.4130657999776304,None,left,1,8,2,6,80,14,None,160.91132110031322,160.9116512001492,850.3525588000193,850.368133299984,850.368133299984,851.3675472000614,851.3675472000614,851.3518773000687,161.91103540034965,161.91107439994812,851.3616113001481,851.3675472000614,851.3675472000614,852.3662533001043,852.3662533001043,852.3508580997586,stimuli/box_coin_transparent.png,162.90999920014292,162.91003150027245,852.3509375997819,852.3662533001043,853.3673743000254,853.3508226997219,163.9099571001716,,,,,,,,,,,,,,,,66666,right,no,None,2025-05-15_13h07.20.047,RL_out-of-scanner,2024.2.4,60.413323679206016,2025-05-15 13h07.32.407231 -0500,
33,0,33,space,7.633254900109023,None,5,2.3954208996146917,None,163.91143879992887,j,0.7356020999141037,None,None,164.6781808002852,164.67851030034944,166.6769751003012,166.67701340001076,167.6772036999464,167.67723930021748,169.17612230032682,,,,,,,2,0,2,0,33,0,33,0,853.3673743000254,,,,,,,,,,,,,,,,,,,,,,,,,,,,,,163.91143879992887,853.352347899694,853.3673743000254,853.3673743000254,853.3673743000254,853.3673743000254,854.1190029997379,j,0.7356020999141037,None,left,1,8,3,6,81,15,None,164.6781808002852,164.67851030034944,854.1194182001054,854.1343133999035,854.1343133999035,856.1338458997197,856.1338458997197,856.1178180999123,166.6769751003012,166.67701340001076,856.1276913997717,856.1338458997197,856.1338458997197,,,857.1180600998923,stimuli/box_coin_transparent.png,167.6772036999464,167.67723930021748,857.1181465000845,857.1336372001097,858.6335785998963,858.6169873997569,169.17612230032682,,,,,,,,,,,,,,,,66666,right,no,None,2025-05-15_13h07.20.047,RL_out-of-scanner,2024.2.4,60.413323679206016,2025-05-15 13h07.32.407231 -0500,
34,0,34,space,7.633254900109023,None,5,2.3954208996146917,None,169.17786090029404,j,0.5062371999956667,None,None,169.71129720006138,169.7116684000939,172.72730260016397,172.72734070010483,173.7273928001523,173.72742450004444,176.2267626998946,,,,,,,2,0,2,0,34,0,34,0,858.6335785998963,,,,,,,,,,,,,,,,,,,,,,,,,,,,,,169.17786090029404,858.6187943001278,858.6335785998963,858.6335785998963,858.6335785998963,858.6335785998963,859.1521010999568,j,0.5062371999956667,None,left,1,8,4,6,82,16,None,169.71129720006138,169.7116684000939,859.1525779999793,859.1686951001175,859.1686951001175,862.1837344998494,862.1837344998494,862.1681451001205,172.72730260016397,172.72734070010483,862.177924499847,862.1837344998494,862.1837344998494,863.1845487998798,863.1845487998798,863.1682540997863,stimuli/box_coin_transparent.png,173.7273928001523,173.72742450004444,863.1683294000104,863.1845487998798,865.6844986998476,865.6676265001297,176.2267626998946,,,,,,,,,,,,,,,,66666,right,no,None,2025-05-15_13h07.20.047,RL_out-of-scanner,2024.2.4,60.413323679206016,2025-05-15 13h07.32.407231 -0500,
35,0,35,space,7.633254900109023,None,5,2.3954208996146917,None,176.2282647001557,j,0.3815918997861445,None,None,176.62777470005676,176.62810700014234,178.12660040007904,178.12663820013404,179.12681070016697,179.12684690020978,180.12538510002196,,,,,,,2,0,2,0,35,0,35,0,865.6844986998476,,,,,,,,,,,,,,,,,,,,,,,,,,,,,,176.2282647001557,865.6691736998037,865.6844986998476,865.6844986998476,865.6844986998476,865.6844986998476,866.0685963998549,j,0.3815918997861445,None,left,1,8,5,6,83,17,None,176.62777470005676,176.62810700014234,866.0690143997781,866.0842991997488,866.0842991997488,867.5856130998582,867.5856130998582,867.5674453997053,178.12660040007904,178.12663820013404,867.579834499862,867.5856130998582,867.5856130998582,,,868.5676669999957,stimuli/box_coin_transparent.png,179.12681070016697,179.12684690020978,868.5677585997619,868.582955500111,869.5829106001183,869.5662480997853,180.12538510002196,,,,,,,,,,,,,,,,66666,right,no,None,2025-05-15_13h07.20.047,RL_out-of-scanner,2024.2.4,60.413323679206016,2025-05-15 13h07.32.407231 -0500,
36,0,36,space,7.633254900109023,None,5,2.3954208996146917,None,180.12713079992682,j,0.4495609998703003,None,None,180.59433960029855,180.59468570025638,182.09355239989236,182.09358960017562,183.09276799997315,183.09280200023204,186.59256180003285,,,,,,,2,0,2,0,36,0,36,0,869.5829106001183,,,,,,,,,,,,,,,,,,,,,,,,,,,,,,180.12713079992682,869.5680442997254,869.5829106001183,869.5829106001183,869.5829106001183,869.5829106001183,870.0351635999978,j,0.4495609998703003,None,left,1,8,6,6,84,18,None,180.59433960029855,180.59468570025638,870.0355961001478,870.0497934999876,870.0497934999876,871.5499637997709,871.5499637997709,871.5343951000832,182.09355239989236,182.09358960017562,871.5443547000177,871.5499637997709,871.5499637997709,872.5492984997109,872.5492984997109,872.5336291999556,stimuli/box_coin_transparent.png,183.09276799997315,183.09280200023204,872.53371099988,872.5492984997109,876.0499372999184,876.0334232999012,186.59256180003285,,,,,,,,,,,,,,,,66666,right,no,None,2025-05-15_13h07.20.047,RL_out-of-scanner,2024.2.4,60.413323679206016,2025-05-15 13h07.32.407231 -0500,
37,0,37,space,7.633254900109023,None,5,2.3954208996146917,None,186.5941274999641,j,0.5187540999613702,None,None,187.14410640019923,187.14451920008287,189.14401270030066,189.1440518000163,190.14326849998906,190.1433008001186,191.1430383999832,,,,,,,2,0,2,0,37,0,37,0,876.0499372999184,,,,,,,,,,,,,,,,,,,,,,,,,,,,,,186.5941274999641,876.0350366998464,876.0499372999184,876.0499372999184,876.0499372999184,876.0499372999184,876.5849123001099,j,0.5187540999613702,None,left,0,8,6,6,85,18,None,187.14410640019923,187.14451920008287,876.5854325001128,876.5999087998644,876.5999087998644,878.6000660997815,878.6000660997815,878.5848504998721,189.14401270030066,189.1440518000163,878.5932200998068,878.6000660997815,878.6000660997815,879.6000008000992,879.6000008000992,879.5841306997463,stimuli/box_empty_transparent.png,190.14326849998906,190.1433008001186,879.5842059999704,879.6000008000992,880.5992680001073,880.5838993000798,191.1430383999832,,,,,,,,,,,,,,,,66666,right,no,None,2025-05-15_13h07.20.047,RL_out-of-scanner,2024.2.4,60.413323679206016,2025-05-15 13h07.32.407231 -0500,
38,0,38,space,7.633254900109023,None,5,2.3954208996146917,None,191.1447999002412,j,0.9553358000703156,None,None,192.12642550002784,192.12679970031604,193.12666410021484,193.12670180015266,194.12658170005307,194.12661200016737,195.62574810022488,,,,,,,2,0,2,0,38,0,38,0,880.5992680001073,,,,,,,,,,,,,,,,,,,,,,,,,,,,,,191.1447999002412,880.585715400055,880.5992680001073,880.5992680001073,880.5992680001073,880.5992680001073,881.5672474000603,j,0.9553358000703156,None,left,0,8,6,6,86,18,None,192.12642550002784,192.12679970031604,881.5677151000127,881.583468799945,881.583468799945,882.5838591000065,882.5838591000065,882.5675105000846,193.12666410021484,193.12670180015266,882.5761271999218,882.5838591000065,882.5838591000065,883.5830553998239,883.5830553998239,883.5674453997053,stimuli/box_empty_transparent.png,194.12658170005307,194.12661200016737,883.5675158998929,883.5830553998239,885.0833268999122,885.066612099763,195.62574810022488,,,,,,,,,,,,,,,,66666,right,no,None,2025-05-15_13h07.20.047,RL_out-of-scanner,2024.2.4,60.413323679206016,2025-05-15 13h07.32.407231 -0500,
39,0,39,space,7.633254900109023,None,5,2.3954208996146917,None,195.62732400000095,k,0.3013216000981629,None,None,195.9465128001757,195.94678290002048,196.9587169000879,196.9587635002099,197.95911730034277,197.95916640013456,198.95903100026771,,,,,,,2,0,2,0,39,0,39,0,885.0833268999122,,,,,,,,,,,,,,,,,,,,,,,,,,,,,,195.62732400000095,885.0682337000035,885.0833268999122,885.0833268999122,885.0833268999122,885.0833268999122,885.3873354000971,k,0.3013216000981629,None,left,0,8,6,6,86,18,None,195.9465128001757,195.94678290002048,885.3876895001158,885.4002709998749,885.4002709998749,886.4160894998349,886.4160894998349,886.3995523001067,196.9587169000879,196.9587635002099,886.4101879997179,886.4160894998349,886.4160894998349,,,887.3999731997028,stimuli/box_empty_transparent.png,197.95911730034277,197.95916640013456,887.4000947000459,887.4163481998257,888.4166510999203,888.399895099923,198.95903100026771,,,,,,,,,,,,,,,,66666,right,no,None,2025-05-15_13h07.20.047,RL_out-of-scanner,2024.2.4,60.413323679206016,2025-05-15 13h07.32.407231 -0500,
40,0,40,space,7.633254900109023,None,5,2.3954208996146917,None,198.96048700017855,j,0.29668379994109273,None,None,199.27681070007384,199.27718710014597,200.776100799907,200.77614250034094,201.77656720019877,201.77660980029032,202.77474060002714,,,,,,,2,0,2,0,40,0,40,0,888.4166510999203,,,,,,,,,,,,,,,,,,,,,,,,,,,,,,198.96048700017855,888.4013958000578,888.4166510999203,888.4166510999203,888.4166510999203,888.4166510999203,888.7176167001016,j,0.29668379994109273,None,left,1,8,7,6,87,19,None,199.27681070007384,199.27718710014597,888.718097299803,888.7332831998356,888.7332831998356,890.2329532001168,890.2329532001168,890.2169351000339,200.776100799907,200.77614250034094,890.2268178998493,890.2329532001168,890.2329532001168,891.2326158001088,891.2326158001088,891.2174267997034,stimuli/box_coin_transparent.png,201.77656720019877,201.77660980029032,891.2175362999551,891.2326158001088,892.2327823997475,892.2155985999852,202.77474060002714,,,,,,,,,,,,,,,,66666,right,no,None,2025-05-15_13h07.20.047,RL_out-of-scanner,2024.2.4,60.413323679206016,2025-05-15 13h07.32.407231 -0500,
41,0,41,space,7.633254900109023,None,5,2.3954208996146917,None,202.77693739999086,j,0.4064524001441896,None,None,203.20892170025036,203.2092885999009,204.20933860028163,204.2093767002225,205.20931120030582,205.20934260031208,208.20883719995618,,,,,,,2,0,2,0,41,0,41,0,892.2327823997475,,,,,,,,,,,,,,,,,,,,,,,,,,,,,,202.77693739999086,892.2178604998626,892.2327823997475,892.2327823997475,892.2327823997475,892.2327823997475,892.6497439998202,j,0.4064524001441896,None,left,1,8,8,6,88,20,None,203.20892170025036,203.2092885999009,892.6501989997923,892.6656368998811,892.6656368998811,893.6659546997398,893.6659546997398,893.650185499806,204.20933860028163,204.2093767002225,893.6601347997785,893.6659546997398,893.6659546997398,894.666020500008,894.666020500008,894.6501726997085,stimuli/box_coin_transparent.png,205.20931120030582,205.20934260031208,894.6502473000437,894.666020500008,897.6656677001156,897.6496970998123,208.20883719995618,,,,,,,,,,,,,,,,66666,right,no,None,2025-05-15_13h07.20.047,RL_out-of-scanner,2024.2.4,60.413323679206016,2025-05-15 13h07.32.407231 -0500,
42,0,42,space,7.633254900109023,None,5,2.3954208996146917,None,208.21041970001534,j,0.31172560015693307,None,None,208.54248590022326,208.5428289002739,210.54249270027503,210.54253010032699,211.54277900001034,211.5428104000166,215.04256850015372,,,,,,,2,0,2,0,42,0,42,0,897.6656677001156,,,,,,,,,,,,,,,,,,,,,,,,,,,,,,208.21041970001534,897.6513284998946,897.6656677001156,897.6656677001156,897.6656677001156,897.6656677001156,897.9832807998173,j,0.31172560015693307,None,right,1,15,0,7,88,20,None,208.54248590022326,208.5428289002739,897.9837425998412,897.9987964001484,897.9987964001484,899.9998886999674,899.9998886999674,899.9833372998983,210.54249270027503,210.54253010032699,899.9917804999277,899.9998886999674,899.9998886999674,900.998836599756,900.998836599756,900.9836408998817,stimuli/box_empty_transparent.png,211.54277900001034,211.5428104000166,900.9837164999917,900.998836599756,904.4992027999833,904.4834189997055,215.04256850015372,,,,,,,,,,,,,,,,66666,right,no,None,2025-05-15_13h07.20.047,RL_out-of-scanner,2024.2.4,60.413323679206016,2025-05-15 13h07.32.407231 -0500,
43,0,43,space,7.633254900109023,None,5,2.3954208996146917,None,215.04412360023707,k,0.7946927999146283,None,None,215.8601290001534,215.86039189994335,216.85910610016435,216.8591443002224,217.85912400018424,217.8591569000855,219.87420460022986,,,,,,,2,0,2,0,43,0,43,0,904.4992027999833,,,,,,,,,,,,,,,,,,,,,,,,,,,,,,215.04412360023707,904.4850327000022,904.4992027999833,904.4992027999833,904.4992027999833,904.4992027999833,905.3009506999515,k,0.7946927999146283,None,right,1,15,1,7,89,21,None,215.8601290001534,215.86039189994335,905.3012987999246,905.3162084999494,905.3162084999494,906.3156352001242,906.3156352001242,906.2999491998926,216.85910610016435,216.8591443002224,906.3099617999978,906.3156352001242,906.3156352001242,907.3159066997468,907.3159066997468,907.2999848998152,stimuli/box_coin_transparent.png,217.85912400018424,217.8591569000855,907.3000627998263,907.3159066997468,909.3317426997237,909.3150629997253,219.87420460022986,,,,,,,,,,,,,,,,66666,right,no,None,2025-05-15_13h07.20.047,RL_out-of-scanner,2024.2.4,60.413323679206016,2025-05-15 13h07.32.407231 -0500,
44,0,44,space,7.633254900109023,None,5,2.3954208996146917,None,219.87641149992123,k,0.4290962000377476,None,None,220.32537969993427,220.3256765003316,222.82576220016927,222.8258020002395,223.825554900337,223.8255870002322,225.82415300002322,,,,,,,2,0,2,0,44,0,44,0,909.3317426997237,,,,,,,,,,,,,,,,,,,,,,,,,,,,,,219.87641149992123,909.3173357001506,909.3317426997237,909.3317426997237,909.3317426997237,909.3317426997237,909.7661835998297,k,0.4290962000377476,None,right,1,15,2,7,90,22,None,220.32537969993427,220.3256765003316,909.7665903000161,909.7817561998963,909.7817561998963,912.2820512000471,912.2820512000471,912.2665991000831,222.82576220016927,222.8258020002395,912.2763646999374,912.2820512000471,912.2820512000471,913.2820272999816,913.2820272999816,913.2664155997336,stimuli/box_coin_transparent.png,223.825554900337,223.8255870002322,913.2664919998497,913.2820272999816,915.2815768998116,915.2650152998976,225.82415300002322,,,,,,,,,,,,,,,,66666,right,no,None,2025-05-15_13h07.20.047,RL_out-of-scanner,2024.2.4,60.413323679206016,2025-05-15 13h07.32.407231 -0500,
45,0,45,space,7.633254900109023,None,5,2.3954208996146917,None,225.82590260030702,k,0.6239879000931978,None,None,226.47534590028226,226.475585100241,227.47568739997223,227.4757455000654,228.4746420001611,228.47467319993302,229.47532030008733,,,,,,,2,0,2,0,45,0,45,0,915.2815768998116,,,,,,,,,,,,,,,,,,,,,,,,,,,,,,225.82590260030702,915.26681930013,915.2815768998116,915.2815768998116,915.2815768998116,915.2815768998116,915.9161702999845,k,0.6239879000931978,None,right,0,15,2,7,91,22,None,226.47534590028226,226.475585100241,915.9164913999848,915.9317223997787,915.9317223997787,916.9320864998735,916.9320864998735,916.9165130001493,227.47568739997223,227.4757455000654,916.925598999951,916.9320864998735,916.9320864998735,917.9324231999926,917.9324231999926,917.9155036997981,stimuli/box_empty_transparent.png,228.4746420001611,228.47467319993302,917.915579199791,917.9324231999926,918.9318518000655,918.9161748997867,229.47532030008733,,,,,,,,,,,,,,,,66666,right,no,None,2025-05-15_13h07.20.047,RL_out-of-scanner,2024.2.4,60.413323679206016,2025-05-15 13h07.32.407231 -0500,
46,0,46,space,7.633254900109023,None,5,2.3954208996146917,None,229.4771481999196,k,0.6983227003365755,None,None,230.19313130015507,230.1933863000013,232.19826090009883,232.19832270033658,233.19847750011832,233.1985104000196,234.19920670008287,,,,,,,2,0,2,0,46,0,46,0,918.9318518000655,,,,,,,,,,,,,,,,,,,,,,,,,,,,,,229.4771481999196,918.9180636997335,918.9318518000655,918.9318518000655,918.9318518000655,918.9318518000655,919.633952899836,k,0.6983227003365755,None,right,1,15,3,7,92,23,None,230.19313130015507,230.1933863000013,919.6342930998653,919.6489180997014,919.6489180997014,921.6555367000401,921.6555367000401,921.639100600034,232.19826090009883,232.19832270033658,921.6498723998666,921.6555367000401,921.6555367000401,922.655374799855,922.655374799855,922.6393383997492,stimuli/box_coin_transparent.png,233.19847750011832,233.1985104000196,922.6394156999886,922.655374799855,923.6553698997013,923.640066599939,234.19920670008287,,,,,,,,,,,,,,,,66666,right,no,None,2025-05-15_13h07.20.047,RL_out-of-scanner,2024.2.4,60.413323679206016,2025-05-15 13h07.32.407231 -0500,
47,0,47,space,7.633254900109023,None,5,2.3954208996146917,None,234.20097870007157,k,0.3614925998263061,None,None,234.58216860005632,234.58241150015965,237.581790599972,237.58184099989012,238.59847320010886,238.59850650001317,240.09857340017334,,,,,,,2,0,2,0,47,0,47,0,923.6553698997013,,,,,,,,,,,,,,,,,,,,,,,,,,,,,,234.20097870007157,923.6418943000026,923.6553698997013,923.6553698997013,923.6553698997013,923.6553698997013,924.0229905997403,k,0.3614925998263061,None,right,1,15,4,7,93,24,None,234.58216860005632,234.58241150015965,924.0233189999126,924.038565499708,924.038565499708,927.0408189999871,927.0408189999871,927.0226253997535,237.581790599972,237.58184099989012,927.0351418000646,927.0408189999871,927.0408189999871,,,928.0393322999589,stimuli/box_coin_transparent.png,238.59847320010886,238.59850650001317,928.0394151001237,928.0557709001005,929.555488999933,929.5394369000569,240.09857340017334,,,,,,,,,,,,,,,,66666,right,no,None,2025-05-15_13h07.20.047,RL_out-of-scanner,2024.2.4,60.413323679206016,2025-05-15 13h07.32.407231 -0500,
48,0,48,space,7.633254900109023,None,5,2.3954208996146917,None,240.10027729999274,k,0.40258480003103614,None,None,240.53275470016524,240.53305800026283,242.03245970001444,242.03249800018966,243.03169470001012,243.03173439996317,246.53169379988685,,,,,,,2,0,2,0,48,0,48,0,929.555488999933,,,,,,,,,,,,,,,,,,,,,,,,,,,,,,240.10027729999274,929.5411868998781,929.555488999933,929.555488999933,929.555488999933,929.555488999933,929.9735599998385,k,0.40258480003103614,None,right,0,15,4,7,94,24,None,240.53275470016524,240.53305800026283,929.9739699997008,929.9890235997736,929.9890235997736,931.4886123999022,931.4886123999022,931.473301500082,242.03245970001444,242.03249800018966,931.481404399965,931.4886123999022,931.4886123999022,932.4889152999967,932.4889152999967,932.4725504997186,stimuli/box_empty_transparent.png,243.03169470001012,243.03173439996317,932.4726471998729,932.4889152999967,935.9887962997891,935.9725593999028,246.53169379988685,,,,,,,,,,,,,,,,66666,right,no,None,2025-05-15_13h07.20.047,RL_out-of-scanner,2024.2.4,60.413323679206016,2025-05-15 13h07.32.407231 -0500,
49,0,49,space,7.633254900109023,None,5,2.3954208996146917,None,246.53322450025007,j,0.3517160997726023,None,None,246.9159576999955,246.91630190005526,248.41424520034343,248.41428910009563,249.41443079989403,249.41446690028533,249.41491230018437,,,,,,,2,0,2,0,49,0,49,0,935.9887962997891,,,,,,,,,,,,,,,,,,,,,,,,,,,,,,246.53322450025007,935.9741337001324,935.9887962997891,935.9887962997891,935.9887962997891,935.9887962997891,936.3567806999199,j,0.3517160997726023,None,right,0,15,4,7,94,24,None,246.9159576999955,246.91630190005526,936.3572090999223,936.372041199822,936.372041199822,937.8718191999942,937.8718191999942,937.855085299816,248.41424520034343,248.41428910009563,937.8637794000097,937.8718191999942,937.8718191999942,938.8746277000755,938.8746277000755,938.8552890000865,stimuli/box_empty_transparent.png,249.41443079989403,249.41446690028533,938.8553764000535,938.8746277000755,938.8746277000755,938.855779199861,249.41491230018437,,,,,,,,,,,,,,,,66666,right,no,None,2025-05-15_13h07.20.047,RL_out-of-scanner,2024.2.4,60.413323679206016,2025-05-15 13h07.32.407231 -0500,
2,0,2,space,7.633254900109023,None,5,2.3954208996146917,None,,,,,,,,,,,,,,,,,,,2,0,2,0,,,,,,,,,,,,,,,,,,,,,,,,,,,,,,,,,,,,,,,,,,,,,,,,,,,,,,,,,,,,,,,,,,,,,,,,,,,,,,,938.8703294000588,938.8746277000755,942.8716321997344,942.871704199817,942.8882021000609,992.9864356000908,992.9709398997948,,,,,,,66666,right,no,None,2025-05-15_13h07.20.047,RL_out-of-scanner,2024.2.4,60.413323679206016,2025-05-15 13h07.32.407231 -0500,
,,,,,,,,,,,,,,,,,,,,,,,,,,,,,,,,,,,,,,,,,,,,,,,,,,,,,,,,,,,,,,,,,,,,,,,,,,,,,,,,,,,,,,,,,,,,,,,,,,,,,,,,,,,,,,,,,,,,,,,,992.9710478000343,992.9713006000966,66666,right,no,None,2025-05-15_13h07.20.047,RL_out-of-scanner,2024.2.4,60.413323679206016,2025-05-15 13h07.32.407231 -0500,
