thisN,thisTrialN,thisRepN,advance_press.keys,advance_press.rt,advance_press.duration,trigger_value.keys,trigger_value.rt,trigger_value.duration,cueOnTime,cue_resp.keys,cue_resp.rt,cue_resp.duration,all_keys.keys,cueOffTime,cueRespOnTime,cueRespOffTime,outcomeOnTime,outcomeOffTime,fixOnTime,fixOffTime,all_keys.rt,all_keys.duration,practice_loop.thisRepN,practice_loop.thisTrialN,practice_loop.thisN,practice_loop.thisIndex,runs.thisRepN,runs.thisTrialN,runs.thisN,runs.thisIndex,trials.thisRepN,trials.thisTrialN,trials.thisN,trials.thisIndex,thisRow.t,notes,prac_dir.started,welcome_text.started,advance_press_pd.started,prac_dir.stopped,advance_press_pd.keys,advance_press_pd.rt,advance_press_pd.duration,summary_instructions.started,summary_text.started,advance_to_runs.started,summary_instructions.stopped,advance_to_runs.keys,advance_to_runs.rt,advance_to_runs.duration,get_ready.started,get_ready_text.started,advance_press.started,get_ready.stopped,runs.advance_press.keys,runs.advance_press.rt,runs.advance_press.duration,scanner_trigger.started,scanner_text.started,trigger_value.started,scanner_trigger.stopped,runs.trigger_value.keys,runs.trigger_value.rt,runs.trigger_value.duration,trials.cueOnTime,cue.started,left_box.started,right_box.started,cue_resp.started,all_keys.started,cue.stopped,trials.cue_resp.keys,trials.cue_resp.rt,trials.cue_resp.duration,good_side,probability_sequence_value,magic_number,num_rewarded,num_switch,total_correct,num_gold_coins,trials.all_keys.keys,trials.cueOffTime,trials.cueRespOnTime,cue_response.started,left_box_response.started,right_box_response.started,left_box_response.stopped,right_box_response.stopped,cue_response.stopped,trials.cueRespOffTime,trials.outcomeOnTime,outcome.started,outcome_left_box.started,outcome_right_box.started,outcome_left_box.stopped,outcome_right_box.stopped,outcome.stopped,outcome_image,trials.outcomeOffTime,trials.fixOnTime,fixation.started,fixation_cross.started,fixation_cross.stopped,fixation.stopped,trials.fixOffTime,left_box.stopped,right_box.stopped,cue_resp.stopped,all_keys.stopped,trials.all_keys.rt,trials.all_keys.duration,run_feedback.started,coins_won_text.started,run_feedback.stopped,leftover_time_break.started,fixation_end.started,fixation_end.stopped,leftover_time_break.stopped,end_exp.started,end_exp.stopped,participant,handedness,practice,restart_from_run,date,expName,psychopyVersion,frameRate,expStart,
,,,,,,,,,,,,,,,,,,,,,,,,,,,,,,,,,,,,,0.028557700105011463,0.03394039999693632,0.03394039999693632,1.6112867998890579,j,1.5637417999096215,None,,,,,,,,,,,,,,,,,,,,,,,,,,,,,,,,,,,,,,,,,,,,,,,,,,,,,,,,,,,,,,,,,,,,,,,,,,,,,,,666666,right,no,None,2025-05-15_13h24.35.722,RL_out-of-scanner,2024.2.4,59.30051485029988,2025-05-15 13h24.49.402690 -0500,
,,,,,,,,,,,,,,,,,,,,,,,,,,,,,,,,,,,,,,,,,,,,1.6116070002317429,1.6204253998585045,1.6204253998585045,2.555288600269705,j,0.9198059998452663,None,,,,,,,,,,,,,,,,,,,,,,,,,,,,,,,,,,,,,,,,,,,,,,,,,,,,,,,,,,,,,,,,,,,,,,,,666666,right,no,None,2025-05-15_13h24.35.722,RL_out-of-scanner,2024.2.4,59.30051485029988,2025-05-15 13h24.49.402690 -0500,
0,0,0,space,2.228210600093007,None,5,2.2503076000139117,None,0.0020384001545608044,j,0.4145896998234093,None,None,0.43368390016257763,0.4340078001841903,1.4328124998137355,1.4328537001274526,2.431985800154507,2.4320300999097526,4.435102200135589,,,,,,,0,0,0,0,0,0,0,0,7.086472699884325,,,,,,,,,,,,,,,,2.555684400256723,2.569476000033319,2.569476000033319,4.8040697001852095,space,2.228210600093007,None,4.804148899856955,4.819669300224632,4.819669300224632,7.071394300088286,5,2.2503076000139117,None,0.0020384001545608044,7.073503100313246,7.086472699884325,7.086472699884325,7.086472699884325,7.086472699884325,7.5050611002370715,j,0.4145896998234093,None,right,1,15,0,0,0,0,None,0.43368390016257763,0.4340078001841903,7.505470899865031,7.52008940000087,7.52008940000087,8.520174500066787,8.520174500066787,8.504203900229186,1.4328124998137355,1.4328537001274526,8.512476000003517,8.520174500066787,8.520174500066787,9.51895170006901,9.51895170006901,9.503396600019187,stimuli/box_empty_transparent.png,2.431985800154507,2.4320300999097526,9.503499700222164,9.51895170006901,11.520003400277346,11.506522400304675,4.435102200135589,,,,,,,,,,,,,,,,666666,right,no,None,2025-05-15_13h24.35.722,RL_out-of-scanner,2024.2.4,59.30051485029988,2025-05-15 13h24.49.402690 -0500,
1,0,1,space,2.228210600093007,None,5,2.2503076000139117,None,4.4366235001944005,j,0.5447907000780106,None,None,5.00006219977513,5.000442800112069,6.499169200193137,6.499208000022918,7.498605899978429,7.498637500219047,8.998977200128138,,,,,,,0,0,0,0,1,0,1,0,11.520003400277346,,,,,,,,,,,,,,,,,,,,,,,,,,,,,,4.4366235001944005,11.508091200143099,11.520003400277346,11.520003400277346,11.520003400277346,11.520003400277346,12.071439300198108,j,0.5447907000780106,None,right,1,15,0,0,0,0,None,5.00006219977513,5.000442800112069,12.071906500030309,12.085988500155509,12.085988500155509,13.586341199930757,13.586341199930757,13.570569000206888,6.499169200193137,6.499208000022918,13.579134600237012,13.586341199930757,13.586341199930757,14.585728500038385,14.585728500038385,14.57002460025251,stimuli/box_empty_transparent.png,7.498605899978429,7.498637500219047,14.570097499992698,14.585728500038385,16.08651200029999,16.07039160002023,8.998977200128138,,,,,,,,,,,,,,,,666666,right,no,None,2025-05-15_13h24.35.722,RL_out-of-scanner,2024.2.4,59.30051485029988,2025-05-15 13h24.49.402690 -0500,
2,0,2,space,2.228210600093007,None,5,2.2503076000139117,None,9.001026399899274,k,0.29989170003682375,None,None,9.317413200158626,9.31773279979825,10.315012999810278,10.315059599932283,11.31513290014118,11.31516239978373,14.3159676999785,,,,,,,0,0,0,0,2,0,2,0,16.08651200029999,,,,,,,,,,,,,,,,,,,,,,,,,,,,,,9.001026399899274,16.072505100164562,16.08651200029999,16.08651200029999,16.08651200029999,16.08651200029999,16.388765800278634,k,0.29989170003682375,None,right,1,15,1,0,1,1,None,9.317413200158626,9.31773279979825,16.389200900215656,16.40275050001219,16.40275050001219,17.406205399893224,17.406205399893224,17.386385300196707,10.315012999810278,10.315059599932283,17.39760150015354,17.406205399893224,17.406205399893224,,,18.386548600159585,stimuli/box_coin_transparent.png,11.31513290014118,11.31516239978373,18.38662389991805,18.403635300230235,21.403942300006747,21.387388300150633,14.3159676999785,,,,,,,,,,,,,,,,666666,right,no,None,2025-05-15_13h24.35.722,RL_out-of-scanner,2024.2.4,59.30051485029988,2025-05-15 13h24.49.402690 -0500,
3,0,3,space,2.228210600093007,None,5,2.2503076000139117,None,14.317466800101101,k,0.28646319964900613,None,None,14.632114899810404,14.63237199978903,16.648089999798685,16.64812850020826,17.64875470008701,17.648790900129825,18.64793850015849,,,,,,,0,0,0,0,3,0,3,0,21.403942300006747,,,,,,,,,,,,,,,,,,,,,,,,,,,,,,14.317466800101101,21.388931199908257,21.403942300006747,21.403942300006747,21.403942300006747,21.403942300006747,21.703492400236428,k,0.28646319964900613,None,right,1,15,2,0,2,2,None,14.632114899810404,14.63237199978903,21.70383460028097,21.720399199984968,21.720399199984968,23.736028800252825,23.736028800252825,23.719489899929613,16.648089999798685,16.64812850020826,23.729787500109524,23.736028800252825,23.736028800252825,,,24.720166200306267,stimuli/box_coin_transparent.png,17.64875470008701,17.648790900129825,24.720258300192654,24.735520199872553,25.736472900025547,25.719354799948633,18.64793850015849,,,,,,,,,,,,,,,,666666,right,no,None,2025-05-15_13h24.35.722,RL_out-of-scanner,2024.2.4,59.30051485029988,2025-05-15 13h24.49.402690 -0500,
4,0,4,space,2.228210600093007,None,5,2.2503076000139117,None,18.649481600150466,k,0.6385095003060997,None,None,19.315329699777067,19.315623399801552,20.316240299958736,20.316279800143093,21.31575459986925,21.31578810000792,23.81468529999256,,,,,,,0,0,0,0,4,0,4,0,25.736472900025547,,,,,,,,,,,,,,,,,,,,,,,,,,,,,,18.649481600150466,25.720956100150943,25.736472900025547,25.736472900025547,25.736472900025547,25.736472900025547,26.38669259985909,k,0.6385095003060997,None,right,1,15,3,0,3,3,None,19.315329699777067,19.315623399801552,26.387092399876565,26.402392300311476,26.402392300311476,27.402837600093335,27.402837600093335,27.38763920031488,20.316240299958736,20.316279800143093,27.39773239986971,27.402837600093335,27.402837600093335,28.402677100151777,28.402677100151777,28.38717250013724,stimuli/box_coin_transparent.png,21.31575459986925,21.31578810000792,28.38724819989875,28.402677100151777,30.903158800210804,30.88610460003838,23.81468529999256,,,,,,,,,,,,,,,,666666,right,no,None,2025-05-15_13h24.35.722,RL_out-of-scanner,2024.2.4,59.30051485029988,2025-05-15 13h24.49.402690 -0500,
5,0,5,space,2.228210600093007,None,5,2.2503076000139117,None,23.816226900089532,k,0.33604070032015443,None,None,24.18315939977765,24.18342040013522,27.698672799859196,27.698709699790925,28.698348300065845,28.6983827999793,30.713886300101876,,,,,,,0,0,0,0,5,0,5,0,30.903158800210804,,,,,,,,,,,,,,,,,,,,,,,,,,,,,,23.816226900089532,30.887702899985015,30.903158800210804,30.903158800210804,30.903158800210804,30.903158800210804,31.254538299981505,k,0.33604070032015443,None,right,0,15,3,0,4,3,None,24.18315939977765,24.18342040013522,31.2548830001615,31.27024370012805,31.27024370012805,34.78604710008949,34.78604710008949,34.77007059985772,27.698672799859196,27.698709699790925,34.77814309997484,34.78604710008949,34.78604710008949,35.786086400039494,35.786086400039494,35.769761600065976,stimuli/box_empty_transparent.png,28.698348300065845,28.6983827999793,35.76984680024907,35.786086400039494,37.80180429993197,37.78530490025878,30.713886300101876,,,,,,,,,,,,,,,,666666,right,no,None,2025-05-15_13h24.35.722,RL_out-of-scanner,2024.2.4,59.30051485029988,2025-05-15 13h24.49.402690 -0500,
6,0,6,space,2.228210600093007,None,5,2.2503076000139117,None,30.715596899855882,j,0.8494571996852756,None,None,31.581960699986666,31.582322500180453,32.58119609998539,32.58123270003125,33.58114610007033,33.58118399977684,34.581491199787706,,,,,,,0,0,0,0,6,0,6,0,37.80180429993197,,,,,,,,,,,,,,,,,,,,,,,,,,,,,,30.715596899855882,37.78706610016525,37.80180429993197,37.80180429993197,37.80180429993197,37.80180429993197,38.65332330018282,j,0.8494571996852756,None,right,0,15,3,0,4,3,None,31.581960699986666,31.582322500180453,38.65379220014438,38.66856179991737,38.66856179991737,39.668946700170636,39.668946700170636,39.65259870002046,32.58119609998539,32.58123270003125,39.66204580012709,39.668946700170636,39.668946700170636,40.66807000013068,40.66807000013068,40.65255969995633,stimuli/box_empty_transparent.png,33.58114610007033,33.58118399977684,40.65265090018511,40.66807000013068,41.66930369986221,41.65290730027482,34.581491199787706,,,,,,,,,,,,,,,,666666,right,no,None,2025-05-15_13h24.35.722,RL_out-of-scanner,2024.2.4,59.30051485029988,2025-05-15 13h24.49.402690 -0500,
7,0,7,space,2.228210600093007,None,5,2.2503076000139117,None,34.58324349997565,j,1.1260286001488566,None,None,35.734874200075865,35.735214999876916,37.731734400149435,37.73177930014208,38.73172579985112,38.731756899971515,40.73161649983376,,,,,,,0,0,0,0,7,0,7,0,41.66930369986221,,,,,,,,,,,,,,,,,,,,,,,,,,,,,,34.58324349997565,41.65471399994567,41.66930369986221,41.66930369986221,41.66930369986221,41.66930369986221,42.80624180007726,j,1.1260286001488566,None,right,0,15,3,0,4,3,None,35.734874200075865,35.735214999876916,42.806677400134504,42.81943170027807,42.81943170027807,44.81877520028502,44.81877520028502,44.803123800083995,37.731734400149435,37.73177930014208,44.811635500285774,44.81877520028502,44.81877520028502,45.81926729995757,45.81926729995757,45.80314340023324,stimuli/box_empty_transparent.png,38.73172579985112,38.731756899971515,45.803215799853206,45.81926729995757,47.81912630004808,47.8030325002037,40.73161649983376,,,,,,,,,,,,,,,,666666,right,no,None,2025-05-15_13h24.35.722,RL_out-of-scanner,2024.2.4,59.30051485029988,2025-05-15 13h24.49.402690 -0500,
8,0,8,space,2.228210600093007,None,5,2.2503076000139117,None,40.73315220000222,k,0.3197747003287077,None,None,41.08207760006189,41.08246889989823,44.08190449979156,44.08194380020723,45.08133500022814,45.08137060003355,46.58110710000619,,,,,,,0,0,0,0,8,0,8,0,47.81912630004808,,,,,,,,,,,,,,,,,,,,,,,,,,,,,,40.73315220000222,47.80461629992351,47.81912630004808,47.81912630004808,47.81912630004808,47.81912630004808,48.153439099900424,k,0.3197747003287077,None,right,1,15,4,0,5,4,None,41.08207760006189,41.08246889989823,48.15395259996876,48.16895420011133,48.16895420011133,51.168786299880594,51.168786299880594,51.153300900012255,44.08190449979156,44.08194380020723,51.16311510000378,51.168786299880594,51.168786299880594,52.16863870015368,52.16863870015368,52.15274759987369,stimuli/box_coin_transparent.png,45.08133500022814,45.08137060003355,52.15283549996093,52.16863870015368,53.66911400016397,53.652523400262,46.58110710000619,,,,,,,,,,,,,,,,666666,right,no,None,2025-05-15_13h24.35.722,RL_out-of-scanner,2024.2.4,59.30051485029988,2025-05-15 13h24.49.402690 -0500,
9,0,9,space,2.228210600093007,None,5,2.2503076000139117,None,46.58263179985806,k,0.3232751996256411,None,None,46.93254549987614,46.932807500008494,48.43217349983752,48.432215000037104,49.43129209987819,49.431325499899685,51.43117559980601,,,,,,,0,0,0,0,9,0,9,0,53.66911400016397,,,,,,,,,,,,,,,,,,,,,,,,,,,,,,46.58263179985806,53.654095999896526,53.66911400016397,53.66911400016397,53.66911400016397,53.66911400016397,54.00392109993845,k,0.3232751996256411,None,right,1,15,5,0,6,5,None,46.93254549987614,46.932807500008494,54.00426990026608,54.01927960012108,54.01927960012108,55.51919290004298,55.51919290004298,55.50357459997758,48.43217349983752,48.432215000037104,55.513961100019515,55.51919290004298,55.51919290004298,56.51893959986046,56.51893959986046,56.50270910002291,stimuli/box_coin_transparent.png,49.43129209987819,49.431325499899685,56.502785500139,56.51893959986046,58.51895230030641,58.50259470008314,51.43117559980601,,,,,,,,,,,,,,,,666666,right,no,None,2025-05-15_13h24.35.722,RL_out-of-scanner,2024.2.4,59.30051485029988,2025-05-15 13h24.49.402690 -0500,
10,0,10,space,2.228210600093007,None,5,2.2503076000139117,None,51.432672900147736,None,,,['k'],52.9312022998929,52.93127749999985,54.431285600177944,54.43132429989055,55.431023799814284,55.43105380004272,56.43093780009076,[0.41673280019313097],[0.16438509989529848],,,,,0,0,0,0,10,0,10,0,58.51895230030641,,,,,,,,,,,,,,,,,,,,,,,,,,,,,,51.432672900147736,58.50413800030947,58.51895230030641,58.51895230030641,58.51895230030641,58.51895230030641,60.002555300015956,None,,,right,1,15,5,0,6,5,['k'],52.9312022998929,52.93127749999985,60.002738300245255,60.019003100227565,60.019003100227565,61.518204799853265,61.518204799853265,61.50268210005015,54.431285600177944,54.43132429989055,61.51125650014728,61.518204799853265,61.518204799853265,62.5188213000074,62.5188213000074,62.50244150031358,no selection made,55.431023799814284,55.43105380004272,62.502510299906135,62.5188213000074,63.51876310026273,63.5023532002233,56.43093780009076,60.019003100227565,60.019003100227565,60.019003100227565,60.019003100227565,[0.41673280019313097],[0.16438509989529848],,,,,,,,,,666666,right,no,None,2025-05-15_13h24.35.722,RL_out-of-scanner,2024.2.4,59.30051485029988,2025-05-15 13h24.49.402690 -0500,
11,0,11,space,2.228210600093007,None,5,2.2503076000139117,None,56.43247210001573,k,0.8979184003546834,None,None,57.34863700019196,57.34890729980543,59.34688590001315,59.3469396000728,60.347183799836785,60.34721670020372,61.84737779991701,,,,,,,0,0,0,0,11,0,11,0,63.51876310026273,,,,,,,,,,,,,,,,,,,,,,,,,,,,,,56.43247210001573,63.503936800174415,63.51876310026273,63.51876310026273,63.51876310026273,63.51876310026273,64.41999260010198,k,0.8979184003546834,None,right,1,15,6,0,7,6,None,57.34863700019196,57.34890729980543,64.42036990029737,64.43489240016788,64.43489240016788,66.4367340002209,66.4367340002209,66.4182686000131,59.34688590001315,59.3469396000728,66.43108669994399,66.4367340002209,66.4367340002209,,,67.41859860019758,stimuli/box_coin_transparent.png,60.347183799836785,60.34721670020372,67.41867949999869,67.43487189989537,68.9355967999436,68.91879370016977,61.84737779991701,,,,,,,,,,,,,,,,666666,right,no,None,2025-05-15_13h24.35.722,RL_out-of-scanner,2024.2.4,59.30051485029988,2025-05-15 13h24.49.402690 -0500,
12,0,12,space,2.228210600093007,None,5,2.2503076000139117,None,61.84896090021357,k,0.3259216002188623,None,None,62.198314799927175,62.19857760006562,63.19794570002705,63.197986599989235,64.19844749988988,64.19847870012745,67.19737089984119,,,,,,,0,0,0,0,12,0,12,0,68.9355967999436,,,,,,,,,,,,,,,,,,,,,,,,,,,,,,61.84896090021357,68.92042500013486,68.9355967999436,68.9355967999436,68.9355967999436,68.9355967999436,69.26969229988754,k,0.3259216002188623,None,right,0,15,6,0,8,6,None,62.198314799927175,62.19857760006562,69.27003929996863,69.28495729994029,69.28495729994029,70.28578880010173,70.28578880010173,70.26934330025688,63.19794570002705,63.197986599989235,70.27745940024033,70.28578880010173,70.28578880010173,71.28469859994948,71.28469859994948,71.26986519992352,stimuli/box_empty_transparent.png,64.19844749988988,64.19847870012745,71.26993850013241,71.28469859994948,74.28500899998471,74.2687864000909,67.19737089984119,,,,,,,,,,,,,,,,666666,right,no,None,2025-05-15_13h24.35.722,RL_out-of-scanner,2024.2.4,59.30051485029988,2025-05-15 13h24.49.402690 -0500,
13,0,13,space,2.228210600093007,None,5,2.2503076000139117,None,67.19883630005643,k,0.35643209982663393,None,None,67.58241529995576,67.58271139999852,68.08131289994344,68.08135200012475,69.08119719987735,69.08122979989275,71.0803582998924,,,,,,,0,0,0,0,13,0,13,0,74.28500899998471,,,,,,,,,,,,,,,,,,,,,,,,,,,,,,67.19883630005643,74.27030050009489,74.28500899998471,74.28500899998471,74.28500899998471,74.28500899998471,74.65377780003473,k,0.35643209982663393,None,right,1,15,7,0,9,7,None,67.58241529995576,67.58271139999852,74.65417810017243,74.66844649985433,74.66844649985433,75.16778460005298,75.16778460005298,75.15271220030263,68.08131289994344,68.08135200012475,75.16264529991895,75.16778460005298,75.16778460005298,76.16783819999546,76.16783819999546,76.15261369990185,stimuli/box_coin_transparent.png,69.08119719987735,69.08122979989275,76.15268959989771,76.16783819999546,78.16877119988203,78.15177610004321,71.0803582998924,,,,,,,,,,,,,,,,666666,right,no,None,2025-05-15_13h24.35.722,RL_out-of-scanner,2024.2.4,59.30051485029988,2025-05-15 13h24.49.402690 -0500,
14,0,14,space,2.228210600093007,None,5,2.2503076000139117,None,71.08213440002874,k,0.37140929978340864,None,None,71.48079450009391,71.48107870016247,72.98100910009816,72.98104789992794,73.98061029985547,73.98064440023154,74.98004790022969,,,,,,,0,0,0,0,14,0,14,0,78.16877119988203,,,,,,,,,,,,,,,,,,,,,,,,,,,,,,71.08213440002874,78.15360660012811,78.16877119988203,78.16877119988203,78.16877119988203,78.16877119988203,78.55214089993387,k,0.37140929978340864,None,right,1,15,8,0,10,8,None,71.48079450009391,71.48107870016247,78.55254100030288,78.56772010028362,78.56772010028362,80.06781860021874,80.06781860021874,80.0524105001241,72.98100910009816,72.98104789992794,80.06235240027308,80.06781860021874,80.06781860021874,81.0683825998567,81.0683825998567,81.05202489998192,stimuli/box_coin_transparent.png,73.98061029985547,73.98064440023154,81.05210340023041,81.0683825998567,82.06806829990819,82.05146769993007,74.98004790022969,,,,,,,,,,,,,,,,666666,right,no,None,2025-05-15_13h24.35.722,RL_out-of-scanner,2024.2.4,59.30051485029988,2025-05-15 13h24.49.402690 -0500,
15,0,15,space,2.228210600093007,None,5,2.2503076000139117,None,74.98150540003553,j,0.5303354999050498,None,None,75.53150149993598,75.53187530022115,76.53011230006814,76.53015779983252,77.5298442998901,77.52988590020686,79.53023760020733,,,,,,,0,0,0,0,15,0,15,0,82.06806829990819,,,,,,,,,,,,,,,,,,,,,,,,,,,,,,74.98150540003553,82.052969600074,82.06806829990819,82.06806829990819,82.06806829990819,82.06806829990819,82.60287910001352,j,0.5303354999050498,None,right,1,15,8,0,10,8,None,75.53150149993598,75.53187530022115,82.60333999991417,82.6179081001319,82.6179081001319,83.61808170005679,83.61808170005679,83.60150439990684,76.53011230006814,76.53015779983252,83.6114012002945,83.61808170005679,83.61808170005679,84.61672809999436,84.61672809999436,84.60125350020826,stimuli/box_empty_transparent.png,77.5298442998901,77.52988590020686,84.6013600002043,84.61672809999436,86.61768520018086,86.6016492000781,79.53023760020733,,,,,,,,,,,,,,,,666666,right,no,None,2025-05-15_13h24.35.722,RL_out-of-scanner,2024.2.4,59.30051485029988,2025-05-15 13h24.49.402690 -0500,
16,0,16,space,2.228210600093007,None,5,2.2503076000139117,None,79.5319980001077,k,0.3046189001761377,None,None,79.86426419997588,79.86458630021662,81.87955620000139,81.87961030006409,82.88032629992813,82.88036399986595,83.88026539981365,,,,,,,0,0,0,0,16,0,16,0,86.61768520018086,,,,,,,,,,,,,,,,,,,,,,,,,,,,,,79.5319980001077,86.60346850007772,86.61768520018086,86.61768520018086,86.61768520018086,86.61768520018086,86.93562490027398,k,0.3046189001761377,None,right,0,15,8,0,11,8,None,79.86426419997588,79.86458630021662,86.93605459993705,86.95180999999866,86.95180999999866,88.96994680026546,88.96994680026546,88.95094010001048,81.87955620000139,81.87961030006409,88.9613466002047,88.96994680026546,88.96994680026546,,,89.95172980008647,stimuli/box_empty_transparent.png,82.88032629992813,82.88036399986595,89.95182760013267,89.96787719987333,90.96790739987046,90.95168300019577,83.88026539981365,,,,,,,,,,,,,,,,666666,right,no,None,2025-05-15_13h24.35.722,RL_out-of-scanner,2024.2.4,59.30051485029988,2025-05-15 13h24.49.402690 -0500,
17,0,17,space,2.228210600093007,None,5,2.2503076000139117,None,83.88184519996867,j,0.4350853003561497,None,None,84.34833819977939,84.34873719979078,85.34743880014867,85.34747749986127,86.34696630015969,86.34699840005487,87.34667220013216,,,,,,,0,0,0,0,17,0,17,0,90.96790739987046,,,,,,,,,,,,,,,,,,,,,,,,,,,,,,83.88184519996867,90.95330910012126,90.96790739987046,90.96790739987046,90.96790739987046,90.96790739987046,91.41971600009128,j,0.4350853003561497,None,right,0,15,8,0,11,8,None,84.34833819977939,84.34873719979078,91.42020120006055,91.43417640030384,91.43417640030384,92.43415230000392,92.43415230000392,92.41883479990065,85.34743880014867,85.34747749986127,92.42707840027288,92.43415230000392,92.43415230000392,93.43402530020103,93.43402530020103,93.41838499996811,stimuli/box_empty_transparent.png,86.34696630015969,86.34699840005487,93.41845809994265,93.43402530020103,94.43358540022746,94.41808510012925,87.34667220013216,,,,,,,,,,,,,,,,666666,right,no,None,2025-05-15_13h24.35.722,RL_out-of-scanner,2024.2.4,59.30051485029988,2025-05-15 13h24.49.402690 -0500,
18,0,18,space,2.228210600093007,None,5,2.2503076000139117,None,87.34884539991617,k,0.4142348999157548,None,None,87.78031110018492,87.7806227998808,91.2803381998092,91.28037879988551,92.28066430008039,92.28070029988885,94.28020060015842,,,,,,,0,0,0,0,18,0,18,0,94.43358540022746,,,,,,,,,,,,,,,,,,,,,,,,,,,,,,87.34884539991617,94.42032309994102,94.43358540022746,94.43358540022746,94.43358540022746,94.43358540022746,94.85167160024866,k,0.4142348999157548,None,right,1,15,9,0,12,9,None,87.78031110018492,87.7806227998808,94.85209200019017,94.8675907002762,94.8675907002762,98.36740279989317,98.36740279989317,98.35173390014097,91.2803381998092,91.28037879988551,98.36168280011043,98.36740279989317,98.36740279989317,99.36754600005224,99.36754600005224,99.3520769001916,stimuli/box_coin_transparent.png,92.28066430008039,92.28070029988885,99.35216560028493,99.36754600005224,101.36840979987755,101.35162030020729,94.28020060015842,,,,,,,,,,,,,,,,666666,right,no,None,2025-05-15_13h24.35.722,RL_out-of-scanner,2024.2.4,59.30051485029988,2025-05-15 13h24.49.402690 -0500,
19,0,19,space,2.228210600093007,None,5,2.2503076000139117,None,94.28170230006799,k,0.37034570006653666,None,None,94.68086179997772,94.68117910018191,95.6802161000669,95.68025369988754,96.68009820021689,96.68013590015471,98.17957139993086,,,,,,,0,0,0,0,19,0,19,0,101.36840979987755,,,,,,,,,,,,,,,,,,,,,,,,,,,,,,94.28170230006799,101.35316679999232,101.36840979987755,101.36840979987755,101.36840979987755,101.36840979987755,101.75222210027277,k,0.37034570006653666,None,right,1,15,10,0,13,10,None,94.68086179997772,94.68117910018191,101.7526469998993,101.76764289988205,101.76764289988205,102.76711439993232,102.76711439993232,102.75161800021306,95.6802161000669,95.68025369988754,102.76185350026935,102.76711439993232,102.76711439993232,103.76734280027449,103.76734280027449,103.75151079986244,stimuli/box_coin_transparent.png,96.68009820021689,96.68013590015471,103.75160090019926,103.76734280027449,105.268265100196,105.25099050020799,98.17957139993086,,,,,,,,,,,,,,,,666666,right,no,None,2025-05-15_13h24.35.722,RL_out-of-scanner,2024.2.4,59.30051485029988,2025-05-15 13h24.49.402690 -0500,
20,0,20,space,2.228210600093007,None,5,2.2503076000139117,None,98.18099799985066,k,0.6236164001747966,None,None,98.83006219984964,98.83037130022421,100.8298251000233,100.82986319996417,101.82950530014932,101.8295493000187,103.8297243998386,,,,,,,0,0,0,0,20,0,20,0,105.268265100196,,,,,,,,,,,,,,,,,,,,,,,,,,,,,,98.18099799985066,105.25246210023761,105.268265100196,105.268265100196,105.268265100196,105.268265100196,105.90142200002447,k,0.6236164001747966,None,right,0,15,10,0,14,10,None,98.83006219984964,98.83037130022421,105.90184090007097,105.91669900016859,105.91669900016859,107.91781709995121,107.91781709995121,107.90122420014814,100.8298251000233,100.82986319996417,107.90945809986442,107.91781709995121,107.91781709995121,108.91692150011659,108.91692150011659,108.90091369999573,stimuli/box_empty_transparent.png,101.82950530014932,101.8295493000187,108.90102270012721,108.91692150011659,110.9176688999869,110.9011444998905,103.8297243998386,,,,,,,,,,,,,,,,666666,right,no,None,2025-05-15_13h24.35.722,RL_out-of-scanner,2024.2.4,59.30051485029988,2025-05-15 13h24.49.402690 -0500,
21,0,21,space,2.228210600093007,None,5,2.2503076000139117,None,103.83130259998143,k,0.5177389001473784,None,None,104.37965379981324,104.38005340006202,107.3798616998829,107.37990889977664,108.38028529984877,108.38032410014421,109.87821129988879,,,,,,,0,0,0,0,21,0,21,0,110.9176688999869,,,,,,,,,,,,,,,,,,,,,,,,,,,,,,103.83130259998143,110.90276640001684,110.9176688999869,110.9176688999869,110.9176688999869,110.9176688999869,111.45100290002301,k,0.5177389001473784,None,right,1,15,11,0,15,11,None,104.37965379981324,104.38005340006202,111.45153240021318,111.46656699990854,111.46656699990854,114.46782599994913,114.46782599994913,114.45125479996204,107.3798616998829,107.37990889977664,114.46259699994698,114.46782599994913,114.46782599994913,115.4664427000098,115.4664427000098,115.45169949997216,stimuli/box_coin_transparent.png,108.38028529984877,108.38032410014421,115.45179129997268,115.4664427000098,116.96633560024202,116.9496253002435,109.87821129988879,,,,,,,,,,,,,,,,666666,right,no,None,2025-05-15_13h24.35.722,RL_out-of-scanner,2024.2.4,59.30051485029988,2025-05-15 13h24.49.402690 -0500,
22,0,22,space,2.228210600093007,None,5,2.2503076000139117,None,109.88036930002272,k,0.4326537000015378,None,None,110.32934030005708,110.32958609983325,111.82942959992215,111.82946880022064,112.83004479994997,112.83008209988475,114.8292074999772,,,,,,,0,0,0,0,22,0,22,0,116.96633560024202,,,,,,,,,,,,,,,,,,,,,,,,,,,,,,109.88036930002272,116.9518490000628,116.96633560024202,116.96633560024202,116.96633560024202,116.96633560024202,117.40071809990332,k,0.4326537000015378,None,right,1,15,12,0,16,12,None,110.32934030005708,110.32958609983325,117.40104820020497,117.41629650024697,117.41629650024697,118.91660230001435,118.91660230001435,118.90082640014589,111.82942959992215,111.82946880022064,118.91065090009943,118.91660230001435,118.91660230001435,119.9168056002818,119.9168056002818,119.90145820006728,stimuli/box_coin_transparent.png,112.83004479994997,112.83008209988475,119.90154780028388,119.9168056002818,121.91682020016015,121.90062740026042,114.8292074999772,,,,,,,,,,,,,,,,666666,right,no,None,2025-05-15_13h24.35.722,RL_out-of-scanner,2024.2.4,59.30051485029988,2025-05-15 13h24.49.402690 -0500,
23,0,23,space,2.228210600093007,None,5,2.2503076000139117,None,114.83077949983999,k,0.3306602002121508,None,None,115.17978039989248,115.18004429992288,116.67915110010654,116.67918960005045,117.67962680011988,117.67966380016878,119.1796845998615,,,,,,,0,0,0,0,23,0,23,0,121.91682020016015,,,,,,,,,,,,,,,,,,,,,,,,,,,,,,114.83077949983999,121.90224400022998,121.91682020016015,121.91682020016015,121.91682020016015,121.91682020016015,122.25115690007806,k,0.3306602002121508,None,right,1,15,13,0,17,13,None,115.17978039989248,115.18004429992288,122.25150620006025,122.26722249994054,122.26722249994054,123.766617000103,123.766617000103,123.75054669985548,116.67915110010654,116.67918960005045,123.76054510008544,123.766617000103,123.766617000103,124.76650789985433,124.76650789985433,124.75104000000283,stimuli/box_coin_transparent.png,117.67962680011988,117.67966380016878,124.75112960021943,124.76650789985433,126.26714080013335,126.25110149988905,119.1796845998615,,,,,,,,,,,,,,,,666666,right,no,None,2025-05-15_13h24.35.722,RL_out-of-scanner,2024.2.4,59.30051485029988,2025-05-15 13h24.49.402690 -0500,
24,0,24,space,2.228210600093007,None,5,2.2503076000139117,None,119.18148980010301,k,0.3338963999412954,None,None,119.54683989984915,119.5471025002189,121.54507680004463,121.54512789985165,122.54566810000688,122.54570379992947,124.04572850000113,,,,,,,0,0,0,0,24,0,24,0,126.26714080013335,,,,,,,,,,,,,,,,,,,,,,,,,,,,,,119.18148980010301,126.25296019995585,126.26714080013335,126.26714080013335,126.26714080013335,126.26714080013335,126.61821869993582,k,0.3338963999412954,None,right,1,15,14,0,18,14,None,119.54683989984915,119.5471025002189,126.61856479989365,126.63330990029499,126.63330990029499,128.6332032000646,128.6332032000646,128.6164601999335,121.54507680004463,121.54512789985165,128.6269485000521,128.6332032000646,128.6332032000646,,,129.61707019992173,stimuli/box_coin_transparent.png,122.54566810000688,122.54570379992947,129.61717420024797,129.63351880013943,131.13383280020207,131.11714620003477,124.04572850000113,,,,,,,,,,,,,,,,666666,right,no,None,2025-05-15_13h24.35.722,RL_out-of-scanner,2024.2.4,59.30051485029988,2025-05-15 13h24.49.402690 -0500,
25,0,25,space,2.228210600093007,None,5,2.2503076000139117,None,124.04724489990622,k,0.2805592999793589,None,None,124.34663920011371,124.34695230005309,125.34640969987959,125.3464502999559,126.34560360014439,126.3456354001537,129.84590579988435,,,,,,,0,0,0,0,25,0,25,0,131.13383280020207,,,,,,,,,,,,,,,,,,,,,,,,,,,,,,124.04724489990622,131.11870909994468,131.13383280020207,131.13383280020207,131.13383280020207,131.13383280020207,131.41799970017746,k,0.2805592999793589,None,right,1,15,15,0,19,15,None,124.34663920011371,124.34695230005309,131.4184206998907,131.43372069997713,131.43372069997713,132.43280320009217,132.43280320009217,132.41780820023268,125.34640969987959,125.3464502999559,132.42774130031466,132.43280320009217,132.43280320009217,133.4330624998547,133.4330624998547,133.4170206002891,stimuli/box_coin_transparent.png,126.34560360014439,126.3456354001537,133.41709510004148,133.4330624998547,136.93628869997337,136.91732520004734,129.84590579988435,,,,,,,,,,,,,,,,666666,right,no,None,2025-05-15_13h24.35.722,RL_out-of-scanner,2024.2.4,59.30051485029988,2025-05-15 13h24.49.402690 -0500,
26,0,26,space,2.228210600093007,None,5,2.2503076000139117,None,129.847377799917,k,0.3505201996304095,None,None,130.23039800021797,130.23070769989863,130.72899270011112,130.7290403000079,131.7290878999047,131.72912319982424,135.2292124000378,,,,,,,0,0,0,0,26,0,26,0,136.93628869997337,,,,,,,,,,,,,,,,,,,,,,,,,,,,,,129.847377799917,136.91884210007265,136.93628869997337,136.93628869997337,136.93628869997337,136.93628869997337,137.3017743001692,k,0.3505201996304095,None,left,1,8,0,1,19,15,None,130.23039800021797,130.23070769989863,137.30217069992796,137.3166453000158,137.3166453000158,137.81641159998253,137.81641159998253,137.80037569999695,130.72899270011112,130.7290403000079,137.81019080011174,137.81641159998253,137.81641159998253,138.81661910004914,138.81661910004914,138.80050159990788,stimuli/box_empty_transparent.png,131.7290878999047,131.72912319982424,138.80058869998902,138.81661910004914,142.31650320021436,142.3006295002997,135.2292124000378,,,,,,,,,,,,,,,,666666,right,no,None,2025-05-15_13h24.35.722,RL_out-of-scanner,2024.2.4,59.30051485029988,2025-05-15 13h24.49.402690 -0500,
27,0,27,space,2.228210600093007,None,5,2.2503076000139117,None,135.2307183998637,k,0.42818079981952906,None,None,135.68031839979813,135.68062300002202,137.1789370002225,137.17898220010102,138.17895470000803,138.17898850003257,139.17738060001284,,,,,,,0,0,0,0,27,0,27,0,142.31650320021436,,,,,,,,,,,,,,,,,,,,,,,,,,,,,,135.2307183998637,142.30218250025064,142.31650320021436,142.31650320021436,142.31650320021436,142.31650320021436,142.75167950009927,k,0.42818079981952906,None,left,1,8,0,1,19,15,None,135.68031839979813,135.68062300002202,142.752093099989,142.76555939996615,142.76555939996615,144.26581969996914,144.26581969996914,144.25032850028947,137.1789370002225,137.17898220010102,144.25878030015156,144.26581969996914,144.26581969996914,145.26572450017557,145.26572450017557,145.25036780023947,stimuli/box_empty_transparent.png,138.17895470000803,138.17898850003257,145.25045350007713,145.26572450017557,146.26535920007154,146.2487914999947,139.17738060001284,,,,,,,,,,,,,,,,666666,right,no,None,2025-05-15_13h24.35.722,RL_out-of-scanner,2024.2.4,59.30051485029988,2025-05-15 13h24.49.402690 -0500,
28,0,28,space,2.228210600093007,None,5,2.2503076000139117,None,139.17965169996023,k,0.7225962998345494,None,None,139.92931149993092,139.92957440018654,140.92895670002326,140.92899660021067,141.92894880007952,141.92897969996557,145.4281786000356,,,,,,,0,0,0,0,28,0,28,0,146.26535920007154,,,,,,,,,,,,,,,,,,,,,,,,,,,,,,139.17965169996023,146.25113529991359,146.26535920007154,146.26535920007154,146.26535920007154,146.26535920007154,147.0006887000054,k,0.7225962998345494,None,left,1,8,0,1,19,15,None,139.92931149993092,139.92957440018654,147.00103679997846,147.01668650005013,147.01668650005013,148.01580320019275,148.01580320019275,148.00035340012982,140.92895670002326,140.92899660021067,148.0087784002535,148.01580320019275,148.01580320019275,149.0153995999135,149.0153995999135,149.00036469986662,stimuli/box_empty_transparent.png,141.92894880007952,141.92897969996557,149.00044120009989,149.0153995999135,152.51631830027327,152.4995973003097,145.4281786000356,,,,,,,,,,,,,,,,666666,right,no,None,2025-05-15_13h24.35.722,RL_out-of-scanner,2024.2.4,59.30051485029988,2025-05-15 13h24.49.402690 -0500,
29,0,29,space,2.228210600093007,None,5,2.2503076000139117,None,145.4296897999011,j,0.37440470000728965,None,None,145.82948629977182,145.8298273999244,147.82944640005007,147.82948629977182,148.82850359985605,148.82853990001604,149.8273399998434,,,,,,,0,0,0,0,29,0,29,0,152.51631830027327,,,,,,,,,,,,,,,,,,,,,,,,,,,,,,145.4296897999011,152.50115420017391,152.51631830027327,152.51631830027327,152.51631830027327,152.51631830027327,152.90086300019175,j,0.37440470000728965,None,left,1,8,1,1,20,16,None,145.82948629977182,145.8298273999244,152.9012905000709,152.9163935999386,152.9163935999386,154.9164980002679,154.9164980002679,154.90084380004555,147.82944640005007,147.82948629977182,154.91123580001295,154.9164980002679,154.9164980002679,155.91544219991192,155.91544219991192,155.8999160998501,stimuli/box_coin_transparent.png,148.82850359985605,148.82853990001604,155.90000650007278,155.91544219991192,156.91508310008794,156.89875659998506,149.8273399998434,,,,,,,,,,,,,,,,666666,right,no,None,2025-05-15_13h24.35.722,RL_out-of-scanner,2024.2.4,59.30051485029988,2025-05-15 13h24.49.402690 -0500,
30,0,30,space,2.228210600093007,None,5,2.2503076000139117,None,149.82913140021265,j,0.7108661001548171,None,None,150.56146360002458,150.56183080002666,151.56171130016446,151.56175090000033,152.56212159991264,152.56215369980782,153.56149110011756,,,,,,,0,0,0,0,30,0,30,0,156.91508310008794,,,,,,,,,,,,,,,,,,,,,,,,,,,,,,149.82913140021265,156.90060209995136,156.91508310008794,156.91508310008794,156.91508310008794,156.91508310008794,157.63282620022073,j,0.7108661001548171,None,left,0,8,1,1,21,16,None,150.56146360002458,150.56183080002666,157.63330049999058,157.64843280008063,157.64843280008063,158.6488661998883,158.6488661998883,158.63310790015385,151.56171130016446,151.56175090000033,158.6414916999638,158.6488661998883,158.6488661998883,159.64909269986674,159.64909269986674,159.63353780005127,stimuli/box_empty_transparent.png,152.56212159991264,152.56215369980782,159.63361370004714,159.64909269986674,160.64881490031257,160.63290970027447,153.56149110011756,,,,,,,,,,,,,,,,666666,right,no,None,2025-05-15_13h24.35.722,RL_out-of-scanner,2024.2.4,59.30051485029988,2025-05-15 13h24.49.402690 -0500,
31,0,31,space,2.228210600093007,None,5,2.2503076000139117,None,153.56301630008966,k,0.6021288996562362,None,None,154.19510619994253,154.1953443000093,157.19504200015217,157.19508079998195,158.1950071998872,158.19504950009286,160.7101537999697,,,,,,,0,0,0,0,31,0,31,0,160.64881490031257,,,,,,,,,,,,,,,,,,,,,,,,,,,,,,153.56301630008966,160.63447989989072,160.64881490031257,160.64881490031257,160.64881490031257,160.64881490031257,161.26648449990898,k,0.6021288996562362,None,left,0,8,1,1,21,16,None,154.19510619994253,154.1953443000093,161.26680620014668,161.28246270027012,161.28246270027012,164.2817652001977,164.2817652001977,164.2664405000396,157.19504200015217,157.19508079998195,164.27477220026776,164.2817652001977,164.2817652001977,165.28208609996364,165.28208609996364,165.26640760013834,stimuli/box_empty_transparent.png,158.1950071998872,158.19504950009286,165.26651410013437,165.28208609996364,167.7983281998895,167.78156960010529,160.7101537999697,,,,,,,,,,,,,,,,666666,right,no,None,2025-05-15_13h24.35.722,RL_out-of-scanner,2024.2.4,59.30051485029988,2025-05-15 13h24.49.402690 -0500,
32,0,32,space,2.228210600093007,None,5,2.2503076000139117,None,160.71167470002547,j,0.4161652997136116,None,None,161.1448555001989,161.14519490022212,162.1438694000244,162.14390970021486,163.14438880002126,163.14442150015384,164.14447950012982,,,,,,,0,0,0,0,32,0,32,0,167.7983281998895,,,,,,,,,,,,,,,,,,,,,,,,,,,,,,160.71167470002547,167.78313990030438,167.7983281998895,167.7983281998895,167.7983281998895,167.7983281998895,168.21623079990968,j,0.4161652997136116,None,left,1,8,2,1,22,17,None,161.1448555001989,161.14519490022212,168.21665950026363,168.2317019002512,168.2317019002512,169.23190920008346,169.23190920008346,169.21526570012793,162.1438694000244,162.14390970021486,169.2250958001241,169.23190920008346,169.23190920008346,,,170.21580370003358,stimuli/box_coin_transparent.png,163.14438880002126,163.14442150015384,170.21588290017098,170.2317391000688,171.23231250001118,171.21589640015736,164.14447950012982,,,,,,,,,,,,,,,,666666,right,no,None,2025-05-15_13h24.35.722,RL_out-of-scanner,2024.2.4,59.30051485029988,2025-05-15 13h24.49.402690 -0500,
33,0,33,space,2.228210600093007,None,5,2.2503076000139117,None,164.14594299998134,j,1.2165426001884043,None,None,165.39422120014206,165.39454679982737,167.39361859997734,167.39366130018607,168.39495000010356,168.3949825000018,169.89501409977674,,,,,,,0,0,0,0,33,0,33,0,171.23231250001118,,,,,,,,,,,,,,,,,,,,,,,,,,,,,,164.14594299998134,171.2174065001309,171.23231250001118,171.23231250001118,171.23231250001118,171.23231250001118,172.46558179985732,j,1.2165426001884043,None,left,0,8,2,1,23,17,None,165.39422120014206,165.39454679982737,172.466009600088,172.4816375002265,172.4816375002265,174.48158479994163,174.48158479994163,174.46501410007477,167.39361859997734,167.39366130018607,174.47331020003185,174.48158479994163,174.48158479994163,,,175.4663656000048,stimuli/box_empty_transparent.png,168.39495000010356,168.3949825000018,175.46644530026242,175.4816242000088,176.981951800175,176.96643360005692,169.89501409977674,,,,,,,,,,,,,,,,666666,right,no,None,2025-05-15_13h24.35.722,RL_out-of-scanner,2024.2.4,59.30051485029988,2025-05-15 13h24.49.402690 -0500,
34,0,34,space,2.228210600093007,None,5,2.2503076000139117,None,169.89653379982337,k,0.5611959998495877,None,None,170.4787682001479,170.47911219997332,173.4939891998656,173.49403539998457,174.49413640005514,174.4941686000675,176.99392220005393,,,,,,,0,0,0,0,34,0,34,0,176.981951800175,,,,,,,,,,,,,,,,,,,,,,,,,,,,,,169.89653379982337,176.9679975998588,176.981951800175,176.981951800175,176.981951800175,176.981951800175,177.5501224002801,k,0.5611959998495877,None,left,0,8,2,1,23,17,None,170.4787682001479,170.47911219997332,177.5505821001716,177.565809099935,177.565809099935,180.58146490016952,180.58146490016952,180.5653789001517,173.4939891998656,173.49403539998457,180.57461840007454,180.58146490016952,180.58146490016952,,,181.5655515003018,stimuli/box_empty_transparent.png,174.49413640005514,174.4941686000675,181.56563050020486,181.58178659994155,184.0818334002979,184.06534070009366,176.99392220005393,,,,,,,,,,,,,,,,666666,right,no,None,2025-05-15_13h24.35.722,RL_out-of-scanner,2024.2.4,59.30051485029988,2025-05-15 13h24.49.402690 -0500,
35,0,35,space,2.228210600093007,None,5,2.2503076000139117,None,176.99571189982817,j,0.4187659998424351,None,None,177.44517510011792,177.44553960021585,178.94331250013784,178.94335399987176,179.94339209981263,179.94342279992998,180.94461960019544,,,,,,,0,0,0,0,35,0,35,0,184.0818334002979,,,,,,,,,,,,,,,,,,,,,,,,,,,,,,176.99571189982817,184.06718209991232,184.0818334002979,184.0818334002979,184.0818334002979,184.0818334002979,184.516548700165,j,0.4187659998424351,None,left,1,8,3,1,24,18,None,177.44517510011792,177.44553960021585,184.51700349990278,184.5314938002266,184.5314938002266,186.03156260028481,186.03156260028481,186.01470969989896,178.94331250013784,178.94335399987176,186.02615580009297,186.03156260028481,186.03156260028481,187.03072600020096,187.03072600020096,187.01480890018865,stimuli/box_coin_transparent.png,179.94339209981263,179.94342279992998,187.0148827000521,187.03072600020096,188.03155060019344,188.0160387000069,180.94461960019544,,,,,,,,,,,,,,,,666666,right,no,None,2025-05-15_13h24.35.722,RL_out-of-scanner,2024.2.4,59.30051485029988,2025-05-15 13h24.49.402690 -0500,
36,0,36,space,2.228210600093007,None,5,2.2503076000139117,None,180.94610630022362,None,,,None,182.44455089978874,182.44463239982724,183.94309759978205,183.94313829997554,184.94329949980602,184.94333379995078,188.44425910012797,,,,,,,0,0,0,0,36,0,36,0,188.03155060019344,,,,,,,,,,,,,,,,,,,,,,,,,,,,,,180.94610630022362,188.01756990002468,188.03155060019344,188.03155060019344,188.03155060019344,188.03155060019344,189.51594180008397,None,,,left,1,8,3,1,24,18,None,182.44455089978874,182.44463239982724,189.5160905001685,189.5314136003144,189.5314136003144,191.03131970018148,191.03131970018148,191.01449290011078,183.94309759978205,183.94313829997554,191.0240373001434,191.03131970018148,191.03131970018148,,,192.01471160026267,no selection made,184.94329949980602,184.94333379995078,192.01479270029813,192.03176090028137,195.53078450029716,195.51567250024527,188.44425910012797,189.5314136003144,189.5314136003144,189.5314136003144,189.5314136003144,,,,,,,,,,,,666666,right,no,None,2025-05-15_13h24.35.722,RL_out-of-scanner,2024.2.4,59.30051485029988,2025-05-15 13h24.49.402690 -0500,
37,0,37,space,2.228210600093007,None,5,2.2503076000139117,None,188.44636690011248,j,0.41841879999265075,None,None,188.89501670002937,188.89543480006978,190.89402989996597,190.89406700013205,191.89407580019906,191.89411369990557,192.89336510002613,,,,,,,0,0,0,0,37,0,37,0,195.53078450029716,,,,,,,,,,,,,,,,,,,,,,,,,,,,,,188.44636690011248,195.51784169999883,195.53078450029716,195.53078450029716,195.53078450029716,195.53078450029716,195.9663937999867,j,0.41841879999265075,None,left,1,8,4,1,25,19,None,188.89501670002937,188.89543480006978,195.96689870022237,195.9819571999833,195.9819571999833,197.98097450006753,197.98097450006753,197.965430600103,190.89402989996597,190.89406700013205,197.9752426999621,197.98097450006753,197.98097450006753,198.98175500007346,198.98175500007346,198.965486000292,stimuli/box_coin_transparent.png,191.89407580019906,191.89411369990557,198.96557349991053,198.98175500007346,199.98151999991387,199.96478570019826,192.89336510002613,,,,,,,,,,,,,,,,666666,right,no,None,2025-05-15_13h24.35.722,RL_out-of-scanner,2024.2.4,59.30051485029988,2025-05-15 13h24.49.402690 -0500,
38,0,38,space,2.228210600093007,None,5,2.2503076000139117,None,192.8948372998275,j,0.521138499956578,None,None,193.4444865002297,193.44488789979368,194.44294709991664,194.44298460008577,195.44267119979486,195.44270570017397,196.9433625000529,,,,,,,0,0,0,0,38,0,38,0,199.98151999991387,,,,,,,,,,,,,,,,,,,,,,,,,,,,,,192.8948372998275,199.96630060020834,199.98151999991387,199.98151999991387,199.98151999991387,199.98151999991387,200.5158504000865,j,0.521138499956578,None,left,1,8,5,1,26,20,None,193.4444865002297,193.44488789979368,200.51635630009696,200.53113040002063,200.53113040002063,201.53086719987914,201.53086719987914,201.51434680027887,194.44294709991664,194.44298460008577,201.52429040009156,201.53086719987914,201.53086719987914,202.5298998001963,202.5298998001963,202.51408539991826,stimuli/box_coin_transparent.png,195.44267119979486,195.44270570017397,202.51417159987614,202.5298998001963,204.0313277002424,204.0147780003026,196.9433625000529,,,,,,,,,,,,,,,,666666,right,no,None,2025-05-15_13h24.35.722,RL_out-of-scanner,2024.2.4,59.30051485029988,2025-05-15 13h24.49.402690 -0500,
39,0,39,space,2.228210600093007,None,5,2.2503076000139117,None,196.94514739979059,j,0.4771906998939812,None,None,197.44415119988844,197.4444955000654,198.44362229993567,198.44365889998153,199.44362130016088,199.44365340005606,200.44240650022402,,,,,,,0,0,0,0,39,0,39,0,204.0313277002424,,,,,,,,,,,,,,,,,,,,,,,,,,,,,,196.94514739979059,204.01663730014116,204.0313277002424,204.0313277002424,204.0313277002424,204.0313277002424,204.5155294998549,j,0.4771906998939812,None,left,1,8,6,1,27,21,None,197.44415119988844,197.4444955000654,204.5159579999745,204.53131180023775,204.53131180023775,205.5306470002979,205.5306470002979,205.51502209994942,198.44362229993567,198.44365889998153,205.5248143002391,205.5306470002979,205.5306470002979,206.5305678001605,206.5305678001605,206.51503890007734,stimuli/box_coin_transparent.png,199.44362130016088,199.44365340005606,206.51511309994385,206.5305678001605,207.5301926000975,207.51381860021502,200.44240650022402,,,,,,,,,,,,,,,,666666,right,no,None,2025-05-15_13h24.35.722,RL_out-of-scanner,2024.2.4,59.30051485029988,2025-05-15 13h24.49.402690 -0500,
40,0,40,space,2.228210600093007,None,5,2.2503076000139117,None,200.44483820023015,j,0.42487880028784275,None,None,200.89334490010515,200.8936879998073,202.39334149984643,202.3933787001297,203.39385689981282,203.39388789981604,204.39282790012658,,,,,,,0,0,0,0,40,0,40,0,207.5301926000975,,,,,,,,,,,,,,,,,,,,,,,,,,,,,,200.44483820023015,207.5163167002611,207.5301926000975,207.5301926000975,207.5301926000975,207.5301926000975,207.96469479985535,j,0.42487880028784275,None,left,1,8,7,1,28,22,None,200.89334490010515,200.8936879998073,207.96515659987926,207.9801472001709,207.9801472001709,209.48042220016941,209.48042220016941,209.46474190009758,202.39334149984643,202.3933787001297,209.47472420008853,209.48042220016941,209.48042220016941,210.48068720009178,210.48068720009178,210.46527450019494,stimuli/box_coin_transparent.png,203.39385689981282,203.39388789981604,210.46534710004926,210.48068720009178,211.4808131000027,211.4642487000674,204.39282790012658,,,,,,,,,,,,,,,,666666,right,no,None,2025-05-15_13h24.35.722,RL_out-of-scanner,2024.2.4,59.30051485029988,2025-05-15 13h24.49.402690 -0500,
41,0,41,space,2.228210600093007,None,5,2.2503076000139117,None,204.39432420022786,j,0.30118490010499954,None,None,204.72763250023127,204.7280319998972,205.72733320016414,205.727371300105,206.7258283002302,206.72586390003562,209.72637310018763,,,,,,,0,0,0,0,41,0,41,0,211.4808131000027,,,,,,,,,,,,,,,,,,,,,,,,,,,,,,204.39432420022786,211.4657872999087,211.4808131000027,211.4808131000027,211.4808131000027,211.4808131000027,211.79897930007428,j,0.30118490010499954,None,left,0,8,7,1,29,22,None,204.72763250023127,204.7280319998972,211.7995011000894,211.81366989994422,211.81366989994422,212.81382769998163,212.81382769998163,212.79873199993744,205.72733320016414,205.727371300105,212.8070984003134,212.81382769998163,212.81382769998163,213.81286930013448,213.81286930013448,213.79724260000512,stimuli/box_empty_transparent.png,206.7258283002302,206.72586390003562,213.79732970008627,213.81286930013448,216.81415890017524,216.79779300000519,209.72637310018763,,,,,,,,,,,,,,,,666666,right,no,None,2025-05-15_13h24.35.722,RL_out-of-scanner,2024.2.4,59.30051485029988,2025-05-15 13h24.49.402690 -0500,
42,0,42,space,2.228210600093007,None,5,2.2503076000139117,None,209.72779719997197,k,0.2863115998916328,None,None,210.04391349991783,210.04418009985238,212.04305859981105,212.04309649998322,213.059006200172,213.05904529988766,216.55933010019362,,,,,,,0,0,0,0,42,0,42,0,216.81415890017524,,,,,,,,,,,,,,,,,,,,,,,,,,,,,,209.72779719997197,216.7992608002387,216.81415890017524,216.81415890017524,216.81415890017524,216.81415890017524,217.11529400013387,k,0.2863115998916328,None,left,0,8,7,1,29,22,None,210.04391349991783,210.04418009985238,217.11564210010692,217.13101680018008,217.13101680018008,219.1312799998559,219.1312799998559,219.11445630015805,212.04305859981105,212.04309649998322,219.12265510018915,219.1312799998559,219.1312799998559,,,220.13041480025277,stimuli/box_empty_transparent.png,213.059006200172,213.05904529988766,220.13051669998094,220.1462546000257,223.64736940013245,223.63074930012226,216.55933010019362,,,,,,,,,,,,,,,,666666,right,no,None,2025-05-15_13h24.35.722,RL_out-of-scanner,2024.2.4,59.30051485029988,2025-05-15 13h24.49.402690 -0500,
43,0,43,space,2.228210600093007,None,5,2.2503076000139117,None,216.56083869980648,j,0.45009300019592047,None,None,217.04283659998327,217.04319929983467,218.04215849982575,218.04221249977127,219.05920250015333,219.05923519982025,221.0591992000118,,,,,,,0,0,0,0,43,0,43,0,223.64736940013245,,,,,,,,,,,,,,,,,,,,,,,,,,,,,,216.56083869980648,223.63230259995908,223.64736940013245,223.64736940013245,223.64736940013245,223.64736940013245,224.1142017999664,j,0.45009300019592047,None,left,1,8,8,1,30,23,None,217.04283659998327,217.04319929983467,224.114668100141,224.12987770000473,224.12987770000473,225.1317099998705,225.1317099998705,225.1135404999368,218.04215849982575,218.04221249977127,225.12631760025397,225.1317099998705,225.1317099998705,,,226.13061610003933,stimuli/box_coin_transparent.png,219.05920250015333,219.05923519982025,226.13069920009002,226.1473349998705,228.14803100004792,228.1306185000576,221.0591992000118,,,,,,,,,,,,,,,,666666,right,no,None,2025-05-15_13h24.35.722,RL_out-of-scanner,2024.2.4,59.30051485029988,2025-05-15 13h24.49.402690 -0500,
44,0,44,space,2.228210600093007,None,5,2.2503076000139117,None,221.06069280020893,j,0.43578309984877706,None,None,221.52729320013896,221.52765819989145,224.04191619995981,224.04195909993723,225.04258939996362,225.04262109985575,227.04263709997758,,,,,,,0,0,0,0,44,0,44,0,228.14803100004792,,,,,,,,,,,,,,,,,,,,,,,,,,,,,,221.06069280020893,228.13215650012717,228.14803100004792,228.14803100004792,228.14803100004792,228.14803100004792,228.59867179999128,j,0.43578309984877706,None,right,1,9,0,2,30,23,None,221.52729320013896,221.52765819989145,228.59912270028144,228.6140705998987,228.6140705998987,231.1301552001387,231.1301552001387,231.11331250006333,224.04191619995981,224.04195909993723,231.12239280017093,231.1301552001387,231.1301552001387,,,232.1140037998557,stimuli/box_empty_transparent.png,225.04258939996362,225.04262109985575,232.11408280022442,232.13002640008926,234.12998929992318,234.11405440000817,227.04263709997758,,,,,,,,,,,,,,,,666666,right,no,None,2025-05-15_13h24.35.722,RL_out-of-scanner,2024.2.4,59.30051485029988,2025-05-15 13h24.49.402690 -0500,
45,0,45,space,2.228210600093007,None,5,2.2503076000139117,None,227.044435699936,j,0.36213929997757077,None,None,227.42624159995466,227.4266408002004,228.42621849989519,228.4262612001039,229.42512110015377,229.42515680007637,230.42566129984334,,,,,,,0,0,0,0,45,0,45,0,234.12998929992318,,,,,,,,,,,,,,,,,,,,,,,,,,,,,,227.044435699936,234.1159055000171,234.12998929992318,234.12998929992318,234.12998929992318,234.12998929992318,234.4975998001173,j,0.36213929997757077,None,right,1,9,0,2,30,23,None,227.42624159995466,227.4266408002004,234.49810970015824,234.51369239995256,234.51369239995256,235.51300440030172,235.51300440030172,235.497607300058,228.42621849989519,228.4262612001039,235.50594739988446,235.51300440030172,235.51300440030172,236.51232209987938,236.51232209987938,236.49653570028022,stimuli/box_empty_transparent.png,229.42512110015377,229.42515680007637,236.49662310024723,236.51232209987938,237.5135141001083,237.49708219990134,230.42566129984334,,,,,,,,,,,,,,,,666666,right,no,None,2025-05-15_13h24.35.722,RL_out-of-scanner,2024.2.4,59.30051485029988,2025-05-15 13h24.49.402690 -0500,
46,0,46,space,2.228210600093007,None,5,2.2503076000139117,None,230.42720670020208,j,0.5759328003041446,None,None,231.02707239985466,231.02744439989328,233.02585869980976,233.02589569985867,234.02617720002308,234.02620870014653,235.02490429999307,,,,,,,0,0,0,0,46,0,46,0,237.5135141001083,,,,,,,,,,,,,,,,,,,,,,,,,,,,,,230.42720670020208,237.498670599889,237.5135141001083,237.5135141001083,237.5135141001083,237.5135141001083,238.09845250006765,j,0.5759328003041446,None,right,1,9,0,2,30,23,None,231.02707239985466,231.02744439989328,238.09890850028023,238.11368589987978,238.11368589987978,240.11287559987977,240.11287559987977,240.0972563000396,233.02585869980976,233.02589569985867,240.10551899997517,240.11287559987977,240.11287559987977,241.11332580028102,241.11332580028102,241.09759450005367,stimuli/box_empty_transparent.png,234.02617720002308,234.02620870014653,241.09766850015149,241.11332580028102,242.1132608000189,242.0963206999004,235.02490429999307,,,,,,,,,,,,,,,,666666,right,no,None,2025-05-15_13h24.35.722,RL_out-of-scanner,2024.2.4,59.30051485029988,2025-05-15 13h24.49.402690 -0500,
47,0,47,space,2.228210600093007,None,5,2.2503076000139117,None,235.02664580009878,k,0.34730490017682314,None,None,235.392473900225,235.39284469978884,238.39271679986268,238.39276009984314,239.39264289988205,239.3926735999994,240.90769169991836,,,,,,,0,0,0,0,47,0,47,0,242.1132608000189,,,,,,,,,,,,,,,,,,,,,,,,,,,,,,235.02664580009878,242.0981177003123,242.1132608000189,242.1132608000189,242.1132608000189,242.1132608000189,242.4638252002187,k,0.34730490017682314,None,right,1,9,1,2,31,24,None,235.392473900225,235.39284469978884,242.46432320028543,242.47909659985453,242.47909659985453,245.47977090021595,245.47977090021595,245.4641116000712,238.39271679986268,238.39276009984314,245.47454900015146,245.47977090021595,245.47977090021595,246.48047590022907,246.48047590022907,246.46406130027026,stimuli/box_coin_transparent.png,239.39264289988205,239.3926735999994,246.46413329988718,246.48047590022907,247.9956543999724,247.97910510003567,240.90769169991836,,,,,,,,,,,,,,,,666666,right,no,None,2025-05-15_13h24.35.722,RL_out-of-scanner,2024.2.4,59.30051485029988,2025-05-15 13h24.49.402690 -0500,
48,0,48,space,2.228210600093007,None,5,2.2503076000139117,None,240.90984850004315,k,0.42142360005527735,None,None,241.35896269977093,241.3593207001686,242.85889500007033,242.85893059987575,243.85915740020573,243.85919160023332,247.35788829997182,,,,,,,0,0,0,0,48,0,48,0,247.9956543999724,,,,,,,,,,,,,,,,,,,,,,,,,,,,,,240.90984850004315,247.9813270000741,247.9956543999724,247.9956543999724,247.9956543999724,247.9956543999724,248.43031640024856,k,0.42142360005527735,None,right,0,9,1,2,32,24,None,241.35896269977093,241.3593207001686,248.43079750007018,248.44570560008287,248.44570560008287,249.94599789986387,249.94599789986387,249.93029640009627,242.85889500007033,242.85893059987575,249.93880050024018,249.94599789986387,249.94599789986387,250.94557079998776,250.94557079998776,250.93057060008869,stimuli/box_empty_transparent.png,243.85915740020573,243.85919160023332,250.93065660027787,250.94557079998776,254.44584299996495,254.42930530011654,247.35788829997182,,,,,,,,,,,,,,,,666666,right,no,None,2025-05-15_13h24.35.722,RL_out-of-scanner,2024.2.4,59.30051485029988,2025-05-15 13h24.49.402690 -0500,
49,0,49,space,2.228210600093007,None,5,2.2503076000139117,None,247.35963460011408,k,0.41510129999369383,None,None,247.79318200005218,247.7934798002243,249.29223049990833,249.2922693998553,250.29220979986712,250.29223999986425,250.29262349987403,,,,,,,0,0,0,0,49,0,49,0,254.44584299996495,,,,,,,,,,,,,,,,,,,,,,,,,,,,,,247.35963460011408,254.43110520020127,254.44584299996495,254.44584299996495,254.44584299996495,254.44584299996495,254.8645494999364,k,0.41510129999369383,None,right,1,9,2,2,33,25,None,247.79318200005218,247.7934798002243,254.8649462000467,254.88008739985526,254.88008739985526,256.37929339986295,256.37929339986295,256.36362740024924,249.29223049990833,249.2922693998553,256.37341290013865,256.37929339986295,256.37929339986295,257.3844989002682,257.3844989002682,257.36362760001794,stimuli/box_coin_transparent.png,250.29220979986712,250.29223999986425,257.3636997002177,257.3844989002682,257.3844989002682,257.3640451002866,250.29262349987403,,,,,,,,,,,,,,,,666666,right,no,None,2025-05-15_13h24.35.722,RL_out-of-scanner,2024.2.4,59.30051485029988,2025-05-15 13h24.49.402690 -0500,
0,0,0,space,2.228210600093007,None,5,2.2503076000139117,None,,,,,,,,,,,,,,,,,,,0,0,0,0,,,,,,,,,,,,,,,,,,,,,,,,,,,,,,,,,,,,,,,,,,,,,,,,,,,,,,,,,,,,,,,,,,,,,,,,,,,,,,,,,,,257.3798823999241,257.3844989002682,261.37992270011455,261.3834151001647,261.3957201000303,310.4934188001789,310.4771131002344,,,666666,right,no,None,2025-05-15_13h24.35.722,RL_out-of-scanner,2024.2.4,59.30051485029988,2025-05-15 13h24.49.402690 -0500,
0,0,0,space,4.738483099732548,None,5,1.9088467000983655,None,0.0017741997726261616,j,0.4053743998520076,None,None,0.4347190000116825,0.43515049992129207,1.4339497000910342,1.4339875997975469,2.433822500053793,2.4338541999459267,4.433183599729091,,,,,,,1,0,1,0,0,0,0,0,317.19405910000205,,,,,,,,,,,,,,,,310.4773578001186,310.4934188001789,310.4934188001789,315.2458287999034,space,4.738483099732548,None,315.24590680003166,315.2608591001481,315.2608591001481,317.1780644999817,5,1.9088467000983655,None,0.0017741997726261616,317.1799282999709,317.19405910000205,317.19405910000205,317.19405910000205,317.19405910000205,317.6127849002369,j,0.4053743998520076,None,right,1,13,0,3,33,0,None,0.4347190000116825,0.43515049992129207,317.6133058001287,317.62772500002757,317.62772500002757,318.6272597000934,318.6272597000934,318.61203690012917,1.4339497000910342,1.4339875997975469,318.621207700111,318.6272597000934,318.6272597000934,319.6274227001704,319.6274227001704,319.6119287000038,stimuli/box_empty_transparent.png,2.433822500053793,2.4338541999459267,319.61200089985505,319.6274227001704,321.62767230020836,321.611292200163,4.433183599729091,,,,,,,,,,,,,,,,666666,right,no,None,2025-05-15_13h24.35.722,RL_out-of-scanner,2024.2.4,59.30051485029988,2025-05-15 13h24.49.402690 -0500,
1,0,1,space,4.738483099732548,None,5,1.9088467000983655,None,4.434747399762273,k,0.28969959961250424,None,None,4.750120799988508,4.750488999765366,6.250784600153565,6.250822300091386,7.250481199938804,7.250511500053108,8.749875799752772,,,,,,,1,0,1,0,1,0,1,0,321.62767230020836,,,,,,,,,,,,,,,,,,,,,,,,,,,,,,4.434747399762273,321.6129013001919,321.62767230020836,321.62767230020836,321.62767230020836,321.62767230020836,321.9281422998756,k,0.28969959961250424,None,right,1,13,1,3,34,1,None,4.750120799988508,4.750488999765366,321.928656199947,321.94342510029674,321.94342510029674,323.4442194001749,323.4442194001749,323.42887140018865,6.250784600153565,6.250822300091386,323.43887190008536,323.4442194001749,323.4442194001749,324.44423930021003,324.44423930021003,324.42858990002424,stimuli/box_coin_transparent.png,7.250481199938804,7.250511500053108,324.4286612002179,324.44423930021003,325.94633160019293,325.9279820001684,8.749875799752772,,,,,,,,,,,,,,,,666666,right,no,None,2025-05-15_13h24.35.722,RL_out-of-scanner,2024.2.4,59.30051485029988,2025-05-15 13h24.49.402690 -0500,
2,0,2,space,4.738483099732548,None,5,1.9088467000983655,None,8.751344599761069,k,0.330672699958086,None,None,9.101247100159526,9.101597900036722,10.10043720016256,10.10047599999234,11.099539499729872,11.099570400081575,14.09920179983601,,,,,,,1,0,1,0,2,0,2,0,325.94633160019293,,,,,,,,,,,,,,,,,,,,,,,,,,,,,,8.751344599761069,325.92949810018763,325.94633160019293,325.94633160019293,325.94633160019293,325.94633160019293,326.27929909992963,k,0.330672699958086,None,right,0,13,1,3,35,1,None,9.101247100159526,9.101597900036722,326.2797524998896,326.2943405001424,326.2943405001424,327.29384749988094,327.29384749988094,327.27852569986135,10.10043720016256,10.10047599999234,327.2868781001307,327.29384749988094,327.29384749988094,328.2935704002157,328.2935704002157,328.27764460025355,stimuli/box_empty_transparent.png,11.099539499729872,11.099570400081575,328.2777216001414,328.2935704002157,331.2936668000184,331.2773122000508,14.09920179983601,,,,,,,,,,,,,,,,666666,right,no,None,2025-05-15_13h24.35.722,RL_out-of-scanner,2024.2.4,59.30051485029988,2025-05-15 13h24.49.402690 -0500,
3,0,3,space,4.738483099732548,None,5,1.9088467000983655,None,14.100724900141358,k,0.3848178996704519,None,None,14.517375099938363,14.517674500122666,16.532343300059438,16.53238740004599,17.532889499794692,17.53292609984055,18.532628499902785,,,,,,,1,0,1,0,3,0,3,0,331.2936668000184,,,,,,,,,,,,,,,,,,,,,,,,,,,,,,14.100724900141358,331.27889270009473,331.2936668000184,331.2936668000184,331.2936668000184,331.2936668000184,331.6954443003051,k,0.3848178996704519,None,right,1,13,2,3,36,2,None,14.517375099938363,14.517674500122666,331.69583179987967,331.7111378000118,331.7111378000118,333.7274957001209,333.7274957001209,333.7104281000793,16.532343300059438,16.53238740004599,333.7219787999056,333.7274957001209,333.7274957001209,,,334.71098970016465,stimuli/box_coin_transparent.png,17.532889499794692,17.53292609984055,334.71108440030366,334.72681270027533,335.72709150006995,335.7107386002317,18.532628499902785,,,,,,,,,,,,,,,,666666,right,no,None,2025-05-15_13h24.35.722,RL_out-of-scanner,2024.2.4,59.30051485029988,2025-05-15 13h24.49.402690 -0500,
4,0,4,space,4.738483099732548,None,5,1.9088467000983655,None,18.534082400146872,j,0.5476261000148952,None,None,19.100343899801373,19.10075950017199,20.100412199739367,20.1004511998035,21.099504800047725,21.099535999819636,23.599270099774003,,,,,,,1,0,1,0,4,0,4,0,335.72709150006995,,,,,,,,,,,,,,,,,,,,,,,,,,,,,,18.534082400146872,335.7122363001108,335.72709150006995,335.72709150006995,335.72709150006995,335.72709150006995,336.2783985999413,j,0.5476261000148952,None,right,1,13,2,3,36,2,None,19.100343899801373,19.10075950017199,336.2789179002866,336.2942866999656,336.2942866999656,337.2934798998758,337.2934798998758,337.27849860023707,20.100412199739367,20.1004511998035,337.2867234000005,337.2934798998758,337.2934798998758,338.29347580019385,338.29347580019385,338.2776116002351,stimuli/box_empty_transparent.png,21.099504800047725,21.099535999819636,338.27768620010465,338.29347580019385,340.7943828999996,340.77737849997357,23.599270099774003,,,,,,,,,,,,,,,,666666,right,no,None,2025-05-15_13h24.35.722,RL_out-of-scanner,2024.2.4,59.30051485029988,2025-05-15 13h24.49.402690 -0500,
5,0,5,space,4.738483099732548,None,5,1.9088467000983655,None,23.600702200084925,k,0.25063670007511973,None,None,23.883742399979383,23.884044100064784,27.382235900033265,27.38228809973225,28.382572500035167,28.382603500038385,30.382541600149125,,,,,,,1,0,1,0,5,0,5,0,340.7943828999996,,,,,,,,,,,,,,,,,,,,,,,,,,,,,,23.600702200084925,340.77885610004887,340.7943828999996,340.7943828999996,340.7943828999996,340.7943828999996,341.06179889990017,k,0.25063670007511973,None,right,0,13,2,3,37,2,None,23.883742399979383,23.884044100064784,341.06220080005005,341.0773463998921,341.0773463998921,344.57660759985447,344.57660759985447,344.5602966998704,27.382235900033265,27.38228809973225,344.57081479998305,344.57660759985447,344.57660759985447,345.5770757002756,345.5770757002756,345.560678999871,stimuli/box_empty_transparent.png,28.382572500035167,28.382603500038385,345.5607532998547,345.5770757002756,347.57702419999987,347.5606476999819,30.382541600149125,,,,,,,,,,,,,,,,666666,right,no,None,2025-05-15_13h24.35.722,RL_out-of-scanner,2024.2.4,59.30051485029988,2025-05-15 13h24.49.402690 -0500,
6,0,6,space,4.738483099732548,None,5,1.9088467000983655,None,30.384060599841177,k,0.3673564996570349,None,None,30.78710009995848,30.787424399983138,31.782758600078523,31.782809699885547,32.782521499786526,32.78256529988721,33.781581999734044,,,,,,,1,0,1,0,6,0,6,0,347.57702419999987,,,,,,,,,,,,,,,,,,,,,,,,,,,,,,30.384060599841177,347.5622147000395,347.57702419999987,347.57702419999987,347.57702419999987,347.57702419999987,347.96514980029315,k,0.3673564996570349,None,right,1,13,3,3,38,3,None,30.78710009995848,30.787424399983138,347.96558290021494,347.97714499989524,347.97714499989524,348.9767509000376,348.9767509000376,348.96083929995075,31.782758600078523,31.782809699885547,348.9712856998667,348.9767509000376,348.9767509000376,349.97647539991885,349.97647539991885,349.96061909990385,stimuli/box_coin_transparent.png,32.782521499786526,32.78256529988721,349.9607245000079,349.97647539991885,350.9764844002202,350.9596859002486,33.781581999734044,,,,,,,,,,,,,,,,666666,right,no,None,2025-05-15_13h24.35.722,RL_out-of-scanner,2024.2.4,59.30051485029988,2025-05-15 13h24.49.402690 -0500,
7,0,7,space,4.738483099732548,None,5,1.9088467000983655,None,33.78352449974045,j,1.1654015998356044,None,None,34.966924199834466,34.96731470013037,36.96635239990428,36.966391699854285,37.96611069981009,37.96614070003852,39.96514069987461,,,,,,,1,0,1,0,7,0,7,0,350.9764844002202,,,,,,,,,,,,,,,,,,,,,,,,,,,,,,33.78352449974045,350.96168900001794,350.9764844002202,350.9764844002202,350.9764844002202,350.9764844002202,352.1449764999561,j,1.1654015998356044,None,right,1,13,3,3,38,3,None,34.966924199834466,34.96731470013037,352.14546919986606,352.1599749000743,352.1599749000743,354.15978490002453,354.15978490002453,354.14443990029395,36.96635239990428,36.966391699854285,354.1524932999164,354.15978490002453,354.15978490002453,355.1596576999873,355.1596576999873,355.1442179000005,stimuli/box_empty_transparent.png,37.96611069981009,37.96614070003852,355.1442897999659,355.1596576999873,357.1602138001472,357.1432505999692,39.96514069987461,,,,,,,,,,,,,,,,666666,right,no,None,2025-05-15_13h24.35.722,RL_out-of-scanner,2024.2.4,59.30051485029988,2025-05-15 13h24.49.402690 -0500,
8,0,8,space,4.738483099732548,None,5,1.9088467000983655,None,39.966612100135535,k,0.4624955002218485,None,None,40.450088900048286,40.450356000103056,43.449085500091314,43.44912240002304,44.44795970013365,44.44798889989033,45.94850570010021,,,,,,,1,0,1,0,8,0,8,0,357.1602138001472,,,,,,,,,,,,,,,,,,,,,,,,,,,,,,39.966612100135535,357.14476850023493,357.1602138001472,357.1602138001472,357.1602138001472,357.1602138001472,357.6281526000239,k,0.4624955002218485,None,right,1,13,4,3,39,4,None,40.450088900048286,40.450356000103056,357.6285076001659,357.6431346000172,357.6431346000172,360.6429976001382,360.6429976001382,360.6271724002436,43.449085500091314,43.44912240002304,360.6370663000271,360.6429976001382,360.6429976001382,361.6418254999444,361.6418254999444,361.6260685999878,stimuli/box_coin_transparent.png,44.44795970013365,44.44798889989033,361.6261386000551,361.6418254999444,363.1431347001344,363.1266171000898,45.94850570010021,,,,,,,,,,,,,,,,666666,right,no,None,2025-05-15_13h24.35.722,RL_out-of-scanner,2024.2.4,59.30051485029988,2025-05-15 13h24.49.402690 -0500,
9,0,9,space,4.738483099732548,None,5,1.9088467000983655,None,45.950219499878585,k,0.5176682001911104,None,None,46.4994202000089,46.49969339976087,47.99871189985424,47.99875049991533,48.99870530003682,48.99873619992286,50.997802400030196,,,,,,,1,0,1,0,9,0,9,0,363.1431347001344,,,,,,,,,,,,,,,,,,,,,,,,,,,,,,45.950219499878585,363.12837300030515,363.1431347001344,363.1431347001344,363.1431347001344,363.1431347001344,363.67748800013214,k,0.5176682001911104,None,right,1,13,5,3,40,5,None,46.4994202000089,46.49969339976087,363.6778450999409,363.69318850012496,363.69318850012496,365.1925440998748,365.1925440998748,365.1767997001298,47.99871189985424,47.99875049991533,365.1866524000652,365.1925440998748,365.1925440998748,366.1921339002438,366.1921339002438,366.17681269999593,stimuli/box_coin_transparent.png,48.99870530003682,48.99873619992286,366.17688609985635,366.1921339002438,368.1924919001758,368.175912800245,50.997802400030196,,,,,,,,,,,,,,,,666666,right,no,None,2025-05-15_13h24.35.722,RL_out-of-scanner,2024.2.4,59.30051485029988,2025-05-15 13h24.49.402690 -0500,
10,0,10,space,4.738483099732548,None,5,1.9088467000983655,None,50.999379499815404,k,0.37402570014819503,None,None,51.400041699875146,51.40034539997578,52.89836059976369,52.89840319985524,53.89847130002454,53.898507200181484,54.897561399731785,,,,,,,1,0,1,0,10,0,10,0,368.1924919001758,,,,,,,,,,,,,,,,,,,,,,,,,,,,,,50.999379499815404,368.17753450013697,368.1924919001758,368.1924919001758,368.1924919001758,368.1924919001758,368.5780930998735,k,0.37402570014819503,None,right,1,13,6,3,41,6,None,51.400041699875146,51.40034539997578,368.57850810000673,368.59323500003666,368.59323500003666,370.09267360018566,370.09267360018566,370.0764419999905,52.89836059976369,52.89840319985524,370.0864897002466,370.09267360018566,370.09267360018566,371.0922774001956,371.0922774001956,371.07657429995015,stimuli/box_coin_transparent.png,53.89847130002454,53.898507200181484,371.07666260004044,371.0922774001956,372.09226529998705,372.0756684001535,54.897561399731785,,,,,,,,,,,,,,,,666666,right,no,None,2025-05-15_13h24.35.722,RL_out-of-scanner,2024.2.4,59.30051485029988,2025-05-15 13h24.49.402690 -0500,
11,0,11,space,4.738483099732548,None,5,1.9088467000983655,None,54.89935899991542,k,0.5387488002888858,None,None,55.46545259980485,55.465712800156325,57.464515999890864,57.46456180000678,58.46462620003149,58.46466920012608,59.96425019996241,,,,,,,1,0,1,0,11,0,11,0,372.09226529998705,,,,,,,,,,,,,,,,,,,,,,,,,,,,,,54.89935899991542,372.077517000027,372.09226529998705,372.09226529998705,372.09226529998705,372.09226529998705,372.6435023001395,k,0.5387488002888858,None,right,1,13,7,3,42,7,None,55.46545259980485,55.465712800156325,372.64386609988287,372.65875050006434,372.65875050006434,374.6589838000946,374.6589838000946,374.64259820012376,57.464515999890864,57.46456180000678,374.65382650028914,374.6589838000946,374.6589838000946,375.658142299857,375.658142299857,375.64272570004687,stimuli/box_coin_transparent.png,58.46462620003149,58.46466920012608,375.6428388999775,375.658142299857,377.1591221000999,377.142360100057,59.96425019996241,,,,,,,,,,,,,,,,666666,right,no,None,2025-05-15_13h24.35.722,RL_out-of-scanner,2024.2.4,59.30051485029988,2025-05-15 13h24.49.402690 -0500,
12,0,12,space,4.738483099732548,None,5,1.9088467000983655,None,59.965723199769855,k,0.3049301002174616,None,None,60.298173299990594,60.298432199750096,61.29880450014025,61.298864900134504,62.29819669993594,62.29823570000008,65.29999870015308,,,,,,,1,0,1,0,12,0,12,0,377.1591221000999,,,,,,,,,,,,,,,,,,,,,,,,,,,,,,59.965723199769855,377.1438778000884,377.1591221000999,377.1591221000999,377.1591221000999,377.1591221000999,377.47624260000885,k,0.3049301002174616,None,right,0,13,7,3,43,7,None,60.298173299990594,60.298432199750096,377.47658420028165,377.4920946001075,377.4920946001075,378.4923890000209,378.4923890000209,378.47686839988455,61.29880450014025,61.298864900134504,378.4852150999941,378.4923890000209,378.4923890000209,379.49164809985086,379.49164809985086,379.47629880020395,stimuli/box_empty_transparent.png,62.29819669993594,62.29823570000008,379.47639450011775,379.49164809985086,382.4918184000999,382.47810580022633,65.29999870015308,,,,,,,,,,,,,,,,666666,right,no,None,2025-05-15_13h24.35.722,RL_out-of-scanner,2024.2.4,59.30051485029988,2025-05-15 13h24.49.402690 -0500,
13,0,13,space,4.738483099732548,None,5,1.9088467000983655,None,65.30178020009771,j,0.3609046000055969,None,None,65.68287400016561,65.68327460018918,66.18211509985849,66.18215999985114,67.18120069988072,67.18123740004376,69.18214350007474,,,,,,,1,0,1,0,13,0,13,0,382.4918184000999,,,,,,,,,,,,,,,,,,,,,,,,,,,,,,65.30178020009771,382.4799426998943,382.4918184000999,382.4918184000999,382.4918184000999,382.4918184000999,382.8609275002964,j,0.3609046000055969,None,right,0,13,7,3,43,7,None,65.68287400016561,65.68327460018918,382.8614338003099,382.8759423000738,382.8759423000738,383.3756026001647,383.3756026001647,383.3601957000792,66.18211509985849,66.18215999985114,383.36843710020185,383.3756026001647,383.3756026001647,384.3760764999315,384.3760764999315,384.35930490028113,stimuli/box_empty_transparent.png,67.18120069988072,67.18123740004376,384.35939300013706,384.3760764999315,386.3759793001227,386.3602545000613,69.18214350007474,,,,,,,,,,,,,,,,666666,right,no,None,2025-05-15_13h24.35.722,RL_out-of-scanner,2024.2.4,59.30051485029988,2025-05-15 13h24.49.402690 -0500,
14,0,14,space,4.738483099732548,None,5,1.9088467000983655,None,69.1836461997591,k,0.3250675001181662,None,None,69.53147970000282,69.53179530007765,71.0313360998407,71.03138320008293,72.03190119983628,72.0319373998791,73.04860639991239,,,,,,,1,0,1,0,14,0,14,0,386.3759793001227,,,,,,,,,,,,,,,,,,,,,,,,,,,,,,69.1836461997591,386.3618002003059,386.3759793001227,386.3759793001227,386.3759793001227,386.3759793001227,386.70950150024146,k,0.3250675001181662,None,right,0,13,7,3,44,7,None,69.53147970000282,69.53179530007765,386.70995549997315,386.72522670030594,386.72522670030594,388.2253096001223,388.2253096001223,388.2094155000523,71.0313360998407,71.03138320008293,388.21800970006734,388.2253096001223,388.2253096001223,389.22574590006843,389.22574590006843,389.2100046998821,stimuli/box_empty_transparent.png,72.03190119983628,72.0319373998791,389.2100936998613,389.22574590006843,390.2416135002859,390.2267093001865,73.04860639991239,,,,,,,,,,,,,,,,666666,right,no,None,2025-05-15_13h24.35.722,RL_out-of-scanner,2024.2.4,59.30051485029988,2025-05-15 13h24.49.402690 -0500,
15,0,15,space,4.738483099732548,None,5,1.9088467000983655,None,73.05032380018383,k,0.5232629999518394,None,None,73.59859010018408,73.59885750012472,74.5982623999007,74.59830219997093,75.59828880010173,75.59832479991019,77.59778989991173,,,,,,,1,0,1,0,15,0,15,0,390.2416135002859,,,,,,,,,,,,,,,,,,,,,,,,,,,,,,73.05032380018383,390.228479700163,390.2416135002859,390.2416135002859,390.2416135002859,390.2416135002859,390.776659599971,k,0.5232629999518394,None,right,1,13,8,3,45,8,None,73.59859010018408,73.59885750012472,390.77701009996235,390.7916798000224,390.7916798000224,391.791965899989,391.791965899989,391.7763506001793,74.5982623999007,74.59830219997093,391.78634840017185,391.791965899989,391.791965899989,392.79159429995343,392.79159429995343,392.7763927001506,stimuli/box_coin_transparent.png,75.59828880010173,75.59832479991019,392.7764804000035,392.79159429995343,394.79246650030836,394.7758976998739,77.59778989991173,,,,,,,,,,,,,,,,666666,right,no,None,2025-05-15_13h24.35.722,RL_out-of-scanner,2024.2.4,59.30051485029988,2025-05-15 13h24.49.402690 -0500,
16,0,16,space,4.738483099732548,None,5,1.9088467000983655,None,77.59953319979832,k,0.3911880003288388,None,None,78.01506459992379,78.01533129997551,80.01535720005631,80.01540260016918,81.0145891001448,81.01462179981172,82.01428620005026,,,,,,,1,0,1,0,16,0,16,0,394.79246650030836,,,,,,,,,,,,,,,,,,,,,,,,,,,,,,77.59953319979832,394.77769290003926,394.79246650030836,394.79246650030836,394.79246650030836,394.79246650030836,395.1931346002966,k,0.3911880003288388,None,right,1,13,9,3,46,9,None,78.01506459992379,78.01533129997551,395.1934831002727,395.20928290020674,395.20928290020674,397.20877130003646,397.20877130003646,397.19344050018117,80.01535720005631,80.01540260016918,397.2038213000633,397.20877130003646,397.20877130003646,398.2086300998926,398.2086300998926,398.1926958998665,stimuli/box_coin_transparent.png,81.0145891001448,81.01462179981172,398.19277170021087,398.2086300998926,399.20981170004234,399.192396200262,82.01428620005026,,,,,,,,,,,,,,,,666666,right,no,None,2025-05-15_13h24.35.722,RL_out-of-scanner,2024.2.4,59.30051485029988,2025-05-15 13h24.49.402690 -0500,
17,0,17,space,4.738483099732548,None,5,1.9088467000983655,None,82.01572370016947,k,0.396161699667573,None,None,82.43149839993566,82.43175810016692,83.43130740011111,83.43135639978573,84.44659329997376,84.44662800012156,85.4472884000279,,,,,,,1,0,1,0,17,0,17,0,399.20981170004234,,,,,,,,,,,,,,,,,,,,,,,,,,,,,,82.01572370016947,399.1938768001273,399.20981170004234,399.20981170004234,399.20981170004234,399.20981170004234,399.6095676999539,k,0.396161699667573,None,right,1,13,10,3,47,10,None,82.43149839993566,82.43175810016692,399.6099089998752,399.6251111999154,399.6251111999154,400.62760270014405,400.62760270014405,400.60939590027556,83.43130740011111,83.43135639978573,400.6191626000218,400.62760270014405,400.62760270014405,,,401.6246944000013,stimuli/box_coin_transparent.png,84.44659329997376,84.44662800012156,401.62479560030624,401.64064090000466,402.6421167999506,402.6253973999992,85.4472884000279,,,,,,,,,,,,,,,,666666,right,no,None,2025-05-15_13h24.35.722,RL_out-of-scanner,2024.2.4,59.30051485029988,2025-05-15 13h24.49.402690 -0500,
18,0,18,space,4.738483099732548,None,5,1.9088467000983655,None,85.4489366998896,k,0.446775000076741,None,None,85.91522119985893,85.91548560000956,89.41493589989841,89.41497319983318,90.41332820011303,90.41336480015889,92.4138779998757,,,,,,,1,0,1,0,18,0,18,0,402.6421167999506,,,,,,,,,,,,,,,,,,,,,,,,,,,,,,85.4489366998896,402.6270906999707,402.6421167999506,402.6421167999506,402.6421167999506,402.6421167999506,403.0932746999897,k,0.446775000076741,None,right,1,13,11,3,48,11,None,85.91522119985893,85.91548560000956,403.09363760007545,403.10882449988276,403.10882449988276,406.6079477001913,406.6079477001913,406.593024100177,89.41493589989841,89.41497319983318,406.6027577999048,406.6079477001913,406.6079477001913,407.60711990017444,407.60711990017444,407.5914313001558,stimuli/box_coin_transparent.png,90.41332820011303,90.41336480015889,407.59152070013806,407.60711990017444,409.60908390022814,409.5919845001772,92.4138779998757,,,,,,,,,,,,,,,,666666,right,no,None,2025-05-15_13h24.35.722,RL_out-of-scanner,2024.2.4,59.30051485029988,2025-05-15 13h24.49.402690 -0500,
19,0,19,space,4.738483099732548,None,5,1.9088467000983655,None,92.41549339983612,k,0.40495359990745783,None,None,92.84818540001288,92.8485034997575,93.84760059975088,93.84763830015436,94.84742709994316,94.84745839983225,96.34597560018301,,,,,,,1,0,1,0,19,0,19,0,409.60908390022814,,,,,,,,,,,,,,,,,,,,,,,,,,,,,,92.41549339983612,409.59364720014855,409.60908390022814,409.60908390022814,409.60908390022814,409.60908390022814,410.0262541999109,k,0.40495359990745783,None,right,1,13,12,3,49,12,None,92.84818540001288,92.8485034997575,410.02665639994666,410.0417442000471,410.0417442000471,411.04148819996044,411.04148819996044,411.0256890999153,93.84760059975088,93.84763830015436,411.03598969988525,411.04148819996044,411.04148819996044,412.0406416999176,412.0406416999176,412.02553360024467,stimuli/box_coin_transparent.png,94.84742709994316,94.84745839983225,412.02560870023444,412.0406416999176,413.5408943002112,413.5240787002258,96.34597560018301,,,,,,,,,,,,,,,,666666,right,no,None,2025-05-15_13h24.35.722,RL_out-of-scanner,2024.2.4,59.30051485029988,2025-05-15 13h24.49.402690 -0500,
20,0,20,space,4.738483099732548,None,5,1.9088467000983655,None,96.3481838000007,k,0.6036257999949157,None,None,96.9815969998017,96.98186279973015,98.98013379983604,98.98017589980736,99.97977809980512,99.97981989989057,101.97913079988211,,,,,,,1,0,1,0,20,0,20,0,413.5408943002112,,,,,,,,,,,,,,,,,,,,,,,,,,,,,,96.3481838000007,413.5263514001854,413.5408943002112,413.5408943002112,413.5408943002112,413.5408943002112,414.1596659999341,k,0.6036257999949157,None,right,1,13,13,3,50,13,None,96.9815969998017,96.98186279973015,414.1600148999132,414.1752539998852,414.1752539998852,416.17459420021623,416.17459420021623,416.1582201998681,98.98013379983604,98.98017589980736,416.1695364001207,416.17459420021623,416.17459420021623,417.17362570017576,417.17362570017576,417.1578780002892,stimuli/box_coin_transparent.png,99.97977809980512,99.97981989989057,417.15798550006,417.17362570017576,419.1739599001594,419.15723880007863,101.97913079988211,,,,,,,,,,,,,,,,666666,right,no,None,2025-05-15_13h24.35.722,RL_out-of-scanner,2024.2.4,59.30051485029988,2025-05-15 13h24.49.402690 -0500,
21,0,21,space,4.738483099732548,None,5,1.9088467000983655,None,101.98085370007902,k,0.3710131999105215,None,None,102.38052190002054,102.38075880007818,105.3809663997963,105.38100369973108,106.38070240011439,106.3807335998863,107.87934539979324,,,,,,,1,0,1,0,21,0,21,0,419.1739599001594,,,,,,,,,,,,,,,,,,,,,,,,,,,,,,101.98085370007902,419.1590145002119,419.1739599001594,419.1739599001594,419.1739599001594,419.1739599001594,419.5585910002701,k,0.3710131999105215,None,left,1,14,0,4,50,13,None,102.38052190002054,102.38075880007818,419.5589107000269,419.5740922000259,419.5740922000259,422.57459319988266,422.57459319988266,422.5590552003123,105.3809663997963,105.38100369973108,422.5672289999202,422.57459319988266,422.57459319988266,423.5744889001362,423.5744889001362,423.55880790017545,stimuli/box_empty_transparent.png,106.38070240011439,106.3807335998863,423.5588839002885,423.5744889001362,425.07416319986805,425.05745500000194,107.87934539979324,,,,,,,,,,,,,,,,666666,right,no,None,2025-05-15_13h24.35.722,RL_out-of-scanner,2024.2.4,59.30051485029988,2025-05-15 13h24.49.402690 -0500,
22,0,22,space,4.738483099732548,None,5,1.9088467000983655,None,107.88086330005899,j,0.416232000105083,None,None,108.31442009983584,108.3148281998001,109.8137078997679,109.81374590005726,110.82910319976509,110.82913379976526,112.82879599975422,,,,,,,1,0,1,0,22,0,22,0,425.07416319986805,,,,,,,,,,,,,,,,,,,,,,,,,,,,,,107.88086330005899,425.05902060028166,425.07416319986805,425.07416319986805,425.07416319986805,425.07416319986805,425.49247250007465,j,0.416232000105083,None,left,1,14,1,4,51,14,None,108.31442009983584,108.3148281998001,425.4929876001552,425.508091900032,425.508091900032,427.0084270001389,427.0084270001389,426.99179639993235,109.8137078997679,109.81374590005726,427.0028885998763,427.0084270001389,427.0084270001389,,,428.0072073000483,stimuli/box_coin_transparent.png,110.82910319976509,110.82913379976526,428.00728490017354,428.02341050002724,430.02369880024344,430.0069027999416,112.82879599975422,,,,,,,,,,,,,,,,666666,right,no,None,2025-05-15_13h24.35.722,RL_out-of-scanner,2024.2.4,59.30051485029988,2025-05-15 13h24.49.402690 -0500,
23,0,23,space,4.738483099732548,None,5,1.9088467000983655,None,112.83053210005164,j,0.4116130997426808,None,None,113.26315699983388,113.26348430011421,114.76392909977585,114.7639664998278,115.76386089995503,115.76389240007848,117.26370720006526,,,,,,,1,0,1,0,23,0,23,0,430.02369880024344,,,,,,,,,,,,,,,,,,,,,,,,,,,,,,112.83053210005164,430.00869360007346,430.02369880024344,430.02369880024344,430.02369880024344,430.02369880024344,430.4412189000286,j,0.4116130997426808,None,left,0,14,1,4,52,14,None,113.26315699983388,113.26348430011421,430.4416388999671,430.45688960002735,430.45688960002735,431.95725500024855,431.95725500024855,431.94201780017465,114.76392909977585,114.7639664998278,431.9503720998764,431.95725500024855,431.95725500024855,432.9570145001635,432.9570145001635,432.94196760002524,stimuli/box_empty_transparent.png,115.76386089995503,115.76389240007848,432.9420448001474,432.9570145001635,434.45778980012983,434.44181310012937,117.26370720006526,,,,,,,,,,,,,,,,666666,right,no,None,2025-05-15_13h24.35.722,RL_out-of-scanner,2024.2.4,59.30051485029988,2025-05-15 13h24.49.402690 -0500,
24,0,24,space,4.738483099732548,None,5,1.9088467000983655,None,117.2652646000497,k,0.5127197997644544,None,None,117.79832349997014,117.79860610002652,119.79687169985846,119.79690880002454,120.79753729980439,120.79757399996743,122.29614969994873,,,,,,,1,0,1,0,24,0,24,0,434.45778980012983,,,,,,,,,,,,,,,,,,,,,,,,,,,,,,117.2652646000497,434.44341780012473,434.45778980012983,434.45778980012983,434.45778980012983,434.45778980012983,434.9763926002197,k,0.5127197997644544,None,left,0,14,1,4,52,14,None,117.79832349997014,117.79860610002652,434.97675789985806,434.9905354999937,434.9905354999937,436.99126920010895,436.99126920010895,436.974962499924,119.79687169985846,119.79690880002454,436.9832836999558,436.99126920010895,436.99126920010895,,,437.97563680028543,stimuli/box_empty_transparent.png,120.79753729980439,120.79757399996743,437.9757453999482,437.9904296998866,439.49105270020664,439.4742590999231,122.29614969994873,,,,,,,,,,,,,,,,666666,right,no,None,2025-05-15_13h24.35.722,RL_out-of-scanner,2024.2.4,59.30051485029988,2025-05-15 13h24.49.402690 -0500,
25,0,25,space,4.738483099732548,None,5,1.9088467000983655,None,122.29764789994806,j,0.7124390001408756,None,None,123.03080549975857,123.03116780007258,124.04645199980587,124.04649009974673,125.04613649984822,125.04616770008579,128.54648170014843,,,,,,,1,0,1,0,25,0,25,0,439.49105270020664,,,,,,,,,,,,,,,,,,,,,,,,,,,,,,122.29764789994806,439.47580120014027,439.49105270020664,439.49105270020664,439.49105270020664,439.49105270020664,440.20887430012226,j,0.7124390001408756,None,left,1,14,2,4,53,15,None,123.03080549975857,123.03116780007258,440.20932070026174,440.22597170015797,440.22597170015797,441.24022650020197,441.24022650020197,441.2245398000814,124.04645199980587,124.04649009974673,441.23458469985053,441.24022650020197,441.24022650020197,442.2397925001569,442.2397925001569,442.2242446001619,stimuli/box_coin_transparent.png,125.04613649984822,125.04616770008579,442.2243176000193,442.2397925001569,445.7409218000248,445.72459360025823,128.54648170014843,,,,,,,,,,,,,,,,666666,right,no,None,2025-05-15_13h24.35.722,RL_out-of-scanner,2024.2.4,59.30051485029988,2025-05-15 13h24.49.402690 -0500,
26,0,26,space,4.738483099732548,None,5,1.9088467000983655,None,128.5480435998179,j,0.4628476002253592,None,None,129.0298917000182,129.03027370013297,129.53003560006618,129.53007290000096,130.52870560018346,130.5287350001745,134.02839350001886,,,,,,,1,0,1,0,26,0,26,0,445.7409218000248,,,,,,,,,,,,,,,,,,,,,,,,,,,,,,128.5480435998179,445.72619710024446,445.7409218000248,445.7409218000248,445.7409218000248,445.7409218000248,446.20794979995117,j,0.4628476002253592,None,left,1,14,3,4,54,16,None,129.0298917000182,129.03027370013297,446.208428400103,446.22427710006014,446.22427710006014,446.7235671002418,446.7235671002418,446.70812779990956,129.53003560006618,129.53007290000096,446.71820370014757,446.7235671002418,446.7235671002418,447.722645400092,447.722645400092,447.7068143999204,stimuli/box_coin_transparent.png,130.52870560018346,130.5287350001745,447.70688450010493,447.722645400092,451.22362839989364,451.20650390023366,134.02839350001886,,,,,,,,,,,,,,,,666666,right,no,None,2025-05-15_13h24.35.722,RL_out-of-scanner,2024.2.4,59.30051485029988,2025-05-15 13h24.49.402690 -0500,
27,0,27,space,4.738483099732548,None,5,1.9088467000983655,None,134.02986169978976,j,0.39758049976080656,None,None,134.44630259973928,134.4466137001291,135.9453059998341,135.9453577999957,136.94583630003035,136.94587189983577,137.94598380010575,,,,,,,1,0,1,0,27,0,27,0,451.22362839989364,,,,,,,,,,,,,,,,,,,,,,,,,,,,,,134.02986169978976,451.20801720023155,451.22362839989364,451.22362839989364,451.22362839989364,451.22362839989364,451.62436940008774,j,0.39758049976080656,None,left,0,14,3,4,55,16,None,134.44630259973928,134.4466137001291,451.6247717002407,451.63970820000395,451.63970820000395,453.14023629995063,453.14023629995063,453.1233792998828,135.9453059998341,135.9453577999957,453.1322022001259,453.14023629995063,453.14023629995063,,,454.12392899999395,stimuli/box_empty_transparent.png,136.94583630003035,136.94587189983577,454.1240249001421,454.140469300095,455.14023760007694,455.12409360008314,137.94598380010575,,,,,,,,,,,,,,,,666666,right,no,None,2025-05-15_13h24.35.722,RL_out-of-scanner,2024.2.4,59.30051485029988,2025-05-15 13h24.49.402690 -0500,
28,0,28,space,4.738483099732548,None,5,1.9088467000983655,None,137.94750479981303,k,0.5068813003599644,None,None,138.47989099984989,138.48013379983604,139.47985559981316,139.47989849979058,140.47934830002487,140.47938039992005,143.97873979993165,,,,,,,1,0,1,0,28,0,28,0,455.14023760007694,,,,,,,,,,,,,,,,,,,,,,,,,,,,,,137.94750479981303,455.1256585000083,455.14023760007694,455.14023760007694,455.14023760007694,455.14023760007694,455.6579420999624,k,0.5068813003599644,None,left,0,14,3,4,55,16,None,138.47989099984989,138.48013379983604,455.65828610025346,455.67364350007847,455.67364350007847,456.67312310030684,456.67312310030684,456.6579364002682,139.47985559981316,139.47989849979058,456.6664001001045,456.67312310030684,456.67312310030684,457.67327130027115,457.67327130027115,457.6574547998607,stimuli/box_empty_transparent.png,140.47934830002487,140.47938039992005,457.65753010008484,457.67327130027115,461.17351339990273,461.1568491002545,143.97873979993165,,,,,,,,,,,,,,,,666666,right,no,None,2025-05-15_13h24.35.722,RL_out-of-scanner,2024.2.4,59.30051485029988,2025-05-15 13h24.49.402690 -0500,
29,0,29,space,4.738483099732548,None,5,1.9088467000983655,None,143.98025530017912,k,0.3145988998003304,None,None,144.3136305999942,144.31389620015398,146.3128366000019,146.31287349993363,147.31168150017038,147.3117170999758,148.31284629972652,,,,,,,1,0,1,0,29,0,29,0,461.17351339990273,,,,,,,,,,,,,,,,,,,,,,,,,,,,,,143.98025530017912,461.15840870002285,461.17351339990273,461.17351339990273,461.17351339990273,461.17351339990273,461.49167839996517,k,0.3145988998003304,None,left,0,14,3,4,55,16,None,144.3136305999942,144.31389620015398,461.49204820021987,461.5068995002657,461.5068995002657,463.5063753002323,463.5063753002323,463.4909278000705,146.3128366000019,146.31287349993363,463.4992027999833,463.5063753002323,463.5063753002323,464.50546939997,464.50546939997,464.48978509986773,stimuli/box_empty_transparent.png,147.31168150017038,147.3117170999758,464.4898733003065,464.50546939997,465.50684290006757,465.49095389992,148.31284629972652,,,,,,,,,,,,,,,,666666,right,no,None,2025-05-15_13h24.35.722,RL_out-of-scanner,2024.2.4,59.30051485029988,2025-05-15 13h24.49.402690 -0500,
30,0,30,space,4.738483099732548,None,5,1.9088467000983655,None,148.31439269986004,j,0.9379040999338031,None,None,149.27988609997556,149.2802706998773,150.27926380001009,150.2793068997562,151.27990629989654,151.2799370000139,152.27868869993836,,,,,,,1,0,1,0,30,0,30,0,465.50684290006757,,,,,,,,,,,,,,,,,,,,,,,,,,,,,,148.31439269986004,465.49254650017247,465.50684290006757,465.50684290006757,465.50684290006757,465.50684290006757,466.45795499999076,j,0.9379040999338031,None,left,1,14,4,4,56,17,None,149.27988609997556,149.2802706998773,466.45842440007254,466.4735151003115,466.4735151003115,467.4729567002505,467.4729567002505,467.4573444002308,150.27926380001009,150.2793068997562,467.46745879994705,467.4729567002505,467.4729567002505,468.4728395999409,468.4728395999409,468.4580127000809,stimuli/box_coin_transparent.png,151.27990629989654,151.2799370000139,468.4580872002989,468.4728395999409,469.47350449999794,469.4567941999994,152.27868869993836,,,,,,,,,,,,,,,,666666,right,no,None,2025-05-15_13h24.35.722,RL_out-of-scanner,2024.2.4,59.30051485029988,2025-05-15 13h24.49.402690 -0500,
31,0,31,space,4.738483099732548,None,5,1.9088467000983655,None,152.28020949987695,None,,,['j'],153.7792503000237,153.77933479985222,156.7791991000995,156.7792369001545,157.7788796997629,157.77890959987417,160.27849949989468,[0.5823071002960205],[0.21259819995611906],,,,,1,0,1,0,31,0,31,0,469.47350449999794,,,,,,,,,,,,,,,,,,,,,,,,,,,,,,152.28020949987695,469.4583633001894,469.47350449999794,469.47350449999794,469.47350449999794,469.47350449999794,470.957261600066,None,,,left,1,14,4,4,56,17,['j'],153.7792503000237,153.77933479985222,470.9574907999486,470.9733432000503,470.9733432000503,473.97270200029016,473.97270200029016,473.9572866000235,156.7791991000995,156.7792369001545,473.9659843002446,473.97270200029016,473.97270200029016,474.97290070028976,474.97290070028976,474.9569864002988,no selection made,157.7788796997629,157.77890959987417,474.957059700042,474.97290070028976,477.4734884002246,477.4566088002175,160.27849949989468,,,,,[0.5823071002960205],[0.21259819995611906],,,,,,,,,,666666,right,no,None,2025-05-15_13h24.35.722,RL_out-of-scanner,2024.2.4,59.30051485029988,2025-05-15 13h24.49.402690 -0500,
32,0,32,space,4.738483099732548,None,5,1.9088467000983655,None,160.27993270009756,j,0.41229639993980527,None,None,160.71301589999348,160.71334700006992,161.71302289981395,161.71306059975177,162.7124002999626,162.7124367998913,163.71198240015656,,,,,,,1,0,1,0,32,0,32,0,477.4734884002246,,,,,,,,,,,,,,,,,,,,,,,,,,,,,,160.27993270009756,477.45808649994433,477.4734884002246,477.4734884002246,477.4734884002246,477.4734884002246,477.8910831999965,j,0.41229639993980527,None,left,0,14,4,4,57,17,None,160.71301589999348,160.71334700006992,477.89149959990755,477.90612190030515,477.90612190030515,478.9060698002577,478.9060698002577,478.8911100998521,161.71302289981395,161.71306059975177,478.89948610030115,478.9060698002577,478.9060698002577,479.9057849003002,479.9057849003002,479.8905048999004,stimuli/box_empty_transparent.png,162.7124002999626,162.7124367998913,479.8905929001048,479.9057849003002,480.9059659000486,480.89009220013395,163.71198240015656,,,,,,,,,,,,,,,,666666,right,no,None,2025-05-15_13h24.35.722,RL_out-of-scanner,2024.2.4,59.30051485029988,2025-05-15 13h24.49.402690 -0500,
33,0,33,space,4.738483099732548,None,5,1.9088467000983655,None,163.7134258998558,k,0.41385880019515753,None,None,164.14530400000513,164.14571319986135,166.14577700011432,166.14581539994106,167.1458372999914,167.1458685998805,168.6446591001004,,,,,,,1,0,1,0,33,0,33,0,480.9059659000486,,,,,,,,,,,,,,,,,,,,,,,,,,,,,,163.7134258998558,480.8915793001652,480.9059659000486,480.9059659000486,480.9059659000486,480.9059659000486,481.32334459992126,k,0.41385880019515753,None,left,0,14,4,4,57,17,None,164.14530400000513,164.14571319986135,481.3238814002834,481.33871950022876,481.33871950022876,483.33898000000045,483.33898000000045,483.32386420015246,166.14577700011432,166.14581539994106,483.3319024001248,483.33898000000045,483.33898000000045,484.33935260027647,484.33935260027647,484.32394440006465,stimuli/box_empty_transparent.png,167.1458372999914,167.1458685998805,484.3240181999281,484.33935260027647,485.8394288001582,485.82276980020106,168.6446591001004,,,,,,,,,,,,,,,,666666,right,no,None,2025-05-15_13h24.35.722,RL_out-of-scanner,2024.2.4,59.30051485029988,2025-05-15 13h24.49.402690 -0500,
34,0,34,space,4.738483099732548,None,5,1.9088467000983655,None,168.64616890018806,j,0.46954819979146123,None,None,169.1456713997759,169.14605889981613,172.14544680016115,172.14548469986767,173.14523420017213,173.145267999731,175.6602463000454,,,,,,,1,0,1,0,34,0,34,0,485.8394288001582,,,,,,,,,,,,,,,,,,,,,,,,,,,,,,168.64616890018806,485.82432250026613,485.8394288001582,485.8394288001582,485.8394288001582,485.8394288001582,486.3237401000224,j,0.46954819979146123,None,left,1,14,5,4,58,18,None,169.1456713997759,169.14605889981613,486.3242130000144,486.3400507001206,486.3400507001206,489.33916840003803,489.33916840003803,489.3235340998508,172.14544680016115,172.14548469986767,489.3331460999325,489.33916840003803,489.33916840003803,490.3389639002271,490.3389639002271,490.3233373002149,stimuli/box_coin_transparent.png,173.14523420017213,173.145267999731,490.32341800024733,490.3389639002271,492.8550100000575,492.8383531002328,175.6602463000454,,,,,,,,,,,,,,,,666666,right,no,None,2025-05-15_13h24.35.722,RL_out-of-scanner,2024.2.4,59.30051485029988,2025-05-15 13h24.49.402690 -0500,
35,0,35,space,4.738483099732548,None,5,1.9088467000983655,None,175.66191119980067,j,0.3976716003380716,None,None,176.07854899996892,176.0789612000808,177.57839619973674,177.578434899915,178.5783132999204,178.5783445998095,179.57807340007275,,,,,,,1,0,1,0,35,0,35,0,492.8550100000575,,,,,,,,,,,,,,,,,,,,,,,,,,,,,,175.66191119980067,492.84006590023637,492.8550100000575,492.8550100000575,492.8550100000575,492.8550100000575,493.25659230025485,j,0.3976716003380716,None,left,1,14,6,4,59,19,None,176.07854899996892,176.0789612000808,493.25712700001895,493.27181630022824,493.27181630022824,494.7720627002418,494.7720627002418,494.75648340024054,177.57839619973674,177.578434899915,494.76665950007737,494.7720627002418,494.7720627002418,495.77213140018284,495.77213140018284,495.7564206998795,stimuli/box_coin_transparent.png,178.5783132999204,178.5783445998095,495.7564949998632,495.77213140018284,496.77268960000947,496.7561829001643,179.57807340007275,,,,,,,,,,,,,,,,666666,right,no,None,2025-05-15_13h24.35.722,RL_out-of-scanner,2024.2.4,59.30051485029988,2025-05-15 13h24.49.402690 -0500,
36,0,36,space,4.738483099732548,None,5,1.9088467000983655,None,179.57950160000473,j,0.4978355001658201,None,None,180.0957994000055,180.09619690012187,181.61063789995387,181.61068159993738,182.61161889974028,182.61165060009807,186.12760590016842,,,,,,,1,0,1,0,36,0,36,0,496.77268960000947,,,,,,,,,,,,,,,,,,,,,,,,,,,,,,179.57950160000473,496.75765490019694,496.77268960000947,496.77268960000947,496.77268960000947,496.77268960000947,497.2738528000191,j,0.4978355001658201,None,left,1,14,7,4,60,20,None,180.0957994000055,180.09619690012187,497.27435579989105,497.2891247002408,497.2891247002408,498.8056704001501,498.8056704001501,498.7887244001031,181.61063789995387,181.61068159993738,498.80002500023693,498.8056704001501,498.8056704001501,,,499.78972369991243,stimuli/box_coin_transparent.png,182.61161889974028,182.61165060009807,499.78980359993875,499.80621509999037,503.3221972999163,503.30571540025994,186.12760590016842,,,,,,,,,,,,,,,,666666,right,no,None,2025-05-15_13h24.35.722,RL_out-of-scanner,2024.2.4,59.30051485029988,2025-05-15 13h24.49.402690 -0500,
37,0,37,space,4.738483099732548,None,5,1.9088467000983655,None,186.12910349993035,j,0.3044648999348283,None,None,186.46204499993473,186.4623603001237,188.46192400017753,188.4619622998871,189.46103930007666,189.46107129985467,190.46103890007362,,,,,,,1,0,1,0,37,0,37,0,503.3221972999163,,,,,,,,,,,,,,,,,,,,,,,,,,,,,,186.12910349993035,503.30725690023974,503.3221972999163,503.3221972999163,503.3221972999163,503.3221972999163,503.64010850014165,j,0.3044648999348283,None,left,1,14,8,4,61,21,None,186.46204499993473,186.4623603001237,503.6405131001957,503.65518929995596,503.65518929995596,505.6551052001305,505.6551052001305,505.6400124998763,188.46192400017753,188.4619622998871,505.6498580998741,505.6551052001305,505.6551052001305,506.654899999965,506.654899999965,506.63914699992165,stimuli/box_coin_transparent.png,189.46103930007666,189.46107129985467,506.63922080025077,506.654899999965,507.65558810019866,507.639148700051,190.46103890007362,,,,,,,,,,,,,,,,666666,right,no,None,2025-05-15_13h24.35.722,RL_out-of-scanner,2024.2.4,59.30051485029988,2025-05-15 13h24.49.402690 -0500,
38,0,38,space,4.738483099732548,None,5,1.9088467000983655,None,190.46246389998123,j,0.4569492000155151,None,None,190.94556490005925,190.94596619997174,191.94499099999666,191.94503699988127,192.943662900012,192.94369289977476,194.44448320008814,,,,,,,1,0,1,0,38,0,38,0,507.65558810019866,,,,,,,,,,,,,,,,,,,,,,,,,,,,,,190.46246389998123,507.64061739994213,507.65558810019866,507.65558810019866,507.65558810019866,507.65558810019866,508.1236113002524,j,0.4569492000155151,None,left,0,14,8,4,62,21,None,190.94556490005925,190.94596619997174,508.12412489997223,508.1388701000251,508.1388701000251,509.1386474003084,509.1386474003084,509.1230728002265,191.94499099999666,191.94503699988127,509.1315113999881,509.1386474003084,509.1386474003084,510.1374945002608,510.1374945002608,510.12177069997415,stimuli/box_empty_transparent.png,192.943662900012,192.94369289977476,510.12184240017086,510.1374945002608,511.63846560008824,511.6225890000351,194.44448320008814,,,,,,,,,,,,,,,,666666,right,no,None,2025-05-15_13h24.35.722,RL_out-of-scanner,2024.2.4,59.30051485029988,2025-05-15 13h24.49.402690 -0500,
39,0,39,space,4.738483099732548,None,5,1.9088467000983655,None,194.44624339975417,j,0.6756569002754986,None,None,195.14491660008207,195.145276799798,196.14522089995444,196.1452648001723,197.1445516999811,197.14458259986714,198.1450098999776,,,,,,,1,0,1,0,39,0,39,0,511.63846560008824,,,,,,,,,,,,,,,,,,,,,,,,,,,,,,194.44624339975417,511.624403399881,511.63846560008824,511.63846560008824,511.63846560008824,511.63846560008824,512.3229864998721,j,0.6756569002754986,None,left,1,14,9,4,63,22,None,195.14491660008207,195.145276799798,512.3234363002703,512.337903900072,512.337903900072,513.3387434002943,513.3387434002943,513.3233020999469,196.14522089995444,196.1452648001723,513.3334997999482,513.3387434002943,513.3387434002943,514.3386615999043,514.3386615999043,514.3226588000543,stimuli/box_coin_transparent.png,197.1445516999811,197.14458259986714,514.3227321999148,514.3386615999043,515.33963830024,515.3231208999641,198.1450098999776,,,,,,,,,,,,,,,,666666,right,no,None,2025-05-15_13h24.35.722,RL_out-of-scanner,2024.2.4,59.30051485029988,2025-05-15 13h24.49.402690 -0500,
40,0,40,space,4.738483099732548,None,5,1.9088467000983655,None,198.1465104999952,j,0.40738580003380775,None,None,198.5775846997276,198.57789589976892,200.07828560005873,200.07832949981093,201.07795900013298,201.07799449982122,202.07722370000556,,,,,,,1,0,1,0,40,0,40,0,515.33963830024,,,,,,,,,,,,,,,,,,,,,,,,,,,,,,198.1465104999952,515.324677400291,515.33963830024,515.33963830024,515.33963830024,515.33963830024,515.7556532998569,j,0.40738580003380775,None,left,0,14,9,4,64,22,None,198.5775846997276,198.57789589976892,515.7560534002259,515.7712910003029,515.7712910003029,517.271574600134,517.271574600134,517.2563677001745,200.07828560005873,200.07832949981093,517.2647462002933,517.271574600134,517.271574600134,518.2711767000146,518.2711767000146,518.2560614002869,stimuli/box_empty_transparent.png,201.07795900013298,201.07799449982122,518.2561498000287,518.2711767000146,519.2718299999833,519.2553305001929,202.07722370000556,,,,,,,,,,,,,,,,666666,right,no,None,2025-05-15_13h24.35.722,RL_out-of-scanner,2024.2.4,59.30051485029988,2025-05-15 13h24.49.402690 -0500,
41,0,41,space,4.738483099732548,None,5,1.9088467000983655,None,202.0790281998925,j,0.35963950026780367,None,None,202.46156839979813,202.46196779981256,203.46060780016705,203.46064630011097,204.46021240018308,204.46024159993976,207.46017509978265,,,,,,,1,0,1,0,41,0,41,0,519.2718299999833,,,,,,,,,,,,,,,,,,,,,,,,,,,,,,202.0790281998925,519.2571880002506,519.2718299999833,519.2718299999833,519.2718299999833,519.2718299999833,519.6396190002561,j,0.35963950026780367,None,left,1,14,10,4,65,23,None,202.46156839979813,202.46196779981256,519.6401260001585,519.6555122002028,519.6555122002028,520.655157700181,520.655157700181,520.6386965001002,203.46060780016705,203.46064630011097,520.6492046001367,520.655157700181,520.655157700181,521.6537878001109,521.6537878001109,521.6383201000281,stimuli/box_coin_transparent.png,204.46021240018308,204.46024159993976,521.6383910002187,521.6537878001109,524.6550028002821,524.6382850999944,207.46017509978265,,,,,,,,,,,,,,,,666666,right,no,None,2025-05-15_13h24.35.722,RL_out-of-scanner,2024.2.4,59.30051485029988,2025-05-15 13h24.49.402690 -0500,
42,0,42,space,4.738483099732548,None,5,1.9088467000983655,None,207.46180409984663,j,0.3418581001460552,None,None,207.8274822998792,207.8277831999585,209.82663200004026,209.82668339973316,210.82751729991287,210.82756219990551,214.32733679981902,,,,,,,1,0,1,0,42,0,42,0,524.6550028002821,,,,,,,,,,,,,,,,,,,,,,,,,,,,,,207.46180409984663,524.6399578000419,524.6550028002821,524.6550028002821,524.6550028002821,524.6550028002821,525.0055320998654,j,0.3418581001460552,None,left,1,14,11,4,66,24,None,207.8274822998792,207.8277831999585,525.0059350999072,525.0209308001213,525.0209308001213,527.0216044001281,527.0216044001281,527.0047066998668,209.82663200004026,209.82668339973316,527.0162442000583,527.0216044001281,527.0216044001281,,,528.0056123998947,stimuli/box_coin_transparent.png,210.82751729991287,210.82756219990551,528.0057302000932,528.0211221002974,531.5216228999197,531.5054438998923,214.32733679981902,,,,,,,,,,,,,,,,666666,right,no,None,2025-05-15_13h24.35.722,RL_out-of-scanner,2024.2.4,59.30051485029988,2025-05-15 13h24.49.402690 -0500,
43,0,43,space,4.738483099732548,None,5,1.9088467000983655,None,214.329188299831,j,0.3108140998519957,None,None,214.66151779983193,214.66183990007266,215.65968000004068,215.65972410002723,216.660362099763,216.6603997000493,218.6607037000358,,,,,,,1,0,1,0,43,0,43,0,531.5216228999197,,,,,,,,,,,,,,,,,,,,,,,,,,,,,,214.329188299831,531.507348800078,531.5216228999197,531.5216228999197,531.5216228999197,531.5216228999197,531.8395849000663,j,0.3108140998519957,None,left,1,14,12,4,67,25,None,214.66151779983193,214.66183990007266,531.8399923001416,531.8547533000819,531.8547533000819,532.8546351999976,532.8546351999976,532.8377648000605,215.65968000004068,215.65972410002723,532.8491203999147,532.8546351999976,532.8546351999976,,,533.8384636999108,stimuli/box_coin_transparent.png,216.660362099763,216.6603997000493,533.8385576000437,533.8544700001366,535.8549832999706,535.8388089998625,218.6607037000358,,,,,,,,,,,,,,,,666666,right,no,None,2025-05-15_13h24.35.722,RL_out-of-scanner,2024.2.4,59.30051485029988,2025-05-15 13h24.49.402690 -0500,
44,0,44,space,4.738483099732548,None,5,1.9088467000983655,None,218.6624765000306,j,0.3654258004389703,None,None,219.0444490998052,219.0447729001753,221.55933750001714,221.5593934999779,222.56004380015656,222.56008179998025,224.56100809993222,,,,,,,1,0,1,0,44,0,44,0,535.8549832999706,,,,,,,,,,,,,,,,,,,,,,,,,,,,,,218.6624765000306,535.8406368000433,535.8549832999706,535.8549832999706,535.8549832999706,535.8549832999706,536.2225060001947,j,0.3654258004389703,None,left,1,14,13,4,68,26,None,219.0444490998052,219.0447729001753,536.2229257998988,536.2381233000197,536.2381233000197,538.7542894002981,538.7542894002981,538.7374034002423,221.55933750001714,221.5593934999779,538.7480779001489,538.7542894002981,538.7542894002981,,,539.7381392000243,stimuli/box_coin_transparent.png,222.56004380015656,222.56008179998025,539.7382352999412,539.7545587001368,541.7545703002252,541.739117400255,224.56100809993222,,,,,,,,,,,,,,,,666666,right,no,None,2025-05-15_13h24.35.722,RL_out-of-scanner,2024.2.4,59.30051485029988,2025-05-15 13h24.49.402690 -0500,
45,0,45,space,4.738483099732548,None,5,1.9088467000983655,None,224.5624910001643,j,0.5473319999873638,None,None,225.1275113997981,225.12791199982166,226.1270278999582,226.12706610001624,227.14234190015122,227.14241220010445,228.14384849974886,,,,,,,1,0,1,0,45,0,45,0,541.7545703002252,,,,,,,,,,,,,,,,,,,,,,,,,,,,,,224.5624910001643,541.7406446002424,541.7545703002252,541.7545703002252,541.7545703002252,541.7545703002252,542.3055639001541,j,0.5473319999873638,None,left,1,14,14,4,69,27,None,225.1275113997981,225.12791199982166,542.3060710001737,542.3212255002,542.3212255002,543.3221805999056,543.3221805999056,543.3051160001196,226.1270278999582,226.12706610001624,543.3168890001252,543.3221805999056,543.3221805999056,,,544.3204382001422,stimuli/box_coin_transparent.png,227.14234190015122,227.14241220010445,544.3205782002769,544.3364010001533,545.3379502999596,545.3219574000686,228.14384849974886,,,,,,,,,,,,,,,,666666,right,no,None,2025-05-15_13h24.35.722,RL_out-of-scanner,2024.2.4,59.30051485029988,2025-05-15 13h24.49.402690 -0500,
46,0,46,space,4.738483099732548,None,5,1.9088467000983655,None,228.14535970008,j,0.36947100004181266,None,None,228.54472329979762,228.545049500186,230.54329219972715,230.54333740007132,231.5435629999265,231.54359589982778,232.5419652001001,,,,,,,1,0,1,0,46,0,46,0,545.3379502999596,,,,,,,,,,,,,,,,,,,,,,,,,,,,,,228.14535970008,545.323513600044,545.3379502999596,545.3379502999596,545.3379502999596,545.3379502999596,545.7227909001522,j,0.36947100004181266,None,right,1,12,0,5,69,27,None,228.54472329979762,228.545049500186,545.7232015999034,545.7382797002792,545.7382797002792,547.7374587999657,547.7374587999657,547.72137439996,230.54329219972715,230.54333740007132,547.7298030001111,547.7374587999657,547.7374587999657,,,548.7216670000926,stimuli/box_empty_transparent.png,231.5435629999265,231.54359589982778,548.7217486998998,548.7367708999664,549.7367847999558,549.720072099939,232.5419652001001,,,,,,,,,,,,,,,,666666,right,no,None,2025-05-15_13h24.35.722,RL_out-of-scanner,2024.2.4,59.30051485029988,2025-05-15 13h24.49.402690 -0500,
47,0,47,space,4.738483099732548,None,5,1.9088467000983655,None,232.54365140013397,j,0.7069922001101077,None,None,233.27684760000557,233.27720719994977,236.27688879985362,236.27692480012774,237.27682559983805,237.2768636001274,238.77506029978395,,,,,,,1,0,1,0,47,0,47,0,549.7367847999558,,,,,,,,,,,,,,,,,,,,,,,,,,,,,,232.54365140013397,549.7218120000325,549.7367847999558,549.7367847999558,549.7367847999558,549.7367847999558,550.4549058000557,j,0.7069922001101077,None,right,1,12,0,5,69,27,None,233.27684760000557,233.27720719994977,550.4553606999107,550.4703563000076,550.4703563000076,553.4712121998891,553.4712121998891,553.4549793000333,236.27688879985362,236.27692480012774,553.4631952000782,553.4712121998891,553.4712121998891,554.4702651002444,554.4702651002444,554.4549286002293,stimuli/box_empty_transparent.png,237.27682559983805,237.2768636001274,554.4550203001127,554.4702651002444,555.970120199956,555.953162800055,238.77506029978395,,,,,,,,,,,,,,,,666666,right,no,None,2025-05-15_13h24.35.722,RL_out-of-scanner,2024.2.4,59.30051485029988,2025-05-15 13h24.49.402690 -0500,
48,0,48,space,4.738483099732548,None,5,1.9088467000983655,None,238.77714890008792,k,0.681319700088352,None,None,239.47729780012742,239.47755840001628,240.97683889977634,240.97688189987093,241.97688530012965,241.97692300006747,245.47630959982052,,,,,,,1,0,1,0,48,0,48,0,555.970120199956,,,,,,,,,,,,,,,,,,,,,,,,,,,,,,238.77714890008792,555.9553145999089,555.970120199956,555.970120199956,555.970120199956,555.970120199956,556.6553608998656,k,0.681319700088352,None,right,1,12,1,5,70,28,None,239.47729780012742,239.47755840001628,556.655709899962,556.6707935002632,556.6707935002632,558.1702105998993,558.1702105998993,558.1549204001203,240.97683889977634,240.97688189987093,558.1647636000998,558.1702105998993,558.1702105998993,559.1702081002295,559.1702081002295,559.1549896001816,stimuli/box_coin_transparent.png,241.97688530012965,241.97692300006747,559.1550781000406,559.1702081002295,562.6708005000837,562.6544074001722,245.47630959982052,,,,,,,,,,,,,,,,666666,right,no,None,2025-05-15_13h24.35.722,RL_out-of-scanner,2024.2.4,59.30051485029988,2025-05-15 13h24.49.402690 -0500,
49,0,49,space,4.738483099732548,None,5,1.9088467000983655,None,245.4779014000669,k,0.4569627000018954,None,None,245.96049179974943,245.96075609978288,247.4608004000038,247.460838700179,248.45989790000021,248.459927899763,248.46030309982598,,,,,,,1,0,1,0,49,0,49,0,562.6708005000837,,,,,,,,,,,,,,,,,,,,,,,,,,,,,,245.4779014000669,562.6560551002622,562.6708005000837,562.6708005000837,562.6708005000837,562.6708005000837,563.1385535001755,k,0.4569627000018954,None,right,1,12,2,5,71,29,None,245.96049179974943,245.96075609978288,563.1389073999599,563.1541198999621,563.1541198999621,564.6543137999251,564.6543137999251,564.6388810002245,247.4608004000038,247.460838700179,564.6489082002081,564.6543137999251,564.6543137999251,565.657167499885,565.657167499885,565.6380067002028,stimuli/box_coin_transparent.png,248.45989790000021,248.459927899763,565.6380767999217,565.657167499885,565.657167499885,565.6384191000834,248.46030309982598,,,,,,,,,,,,,,,,666666,right,no,None,2025-05-15_13h24.35.722,RL_out-of-scanner,2024.2.4,59.30051485029988,2025-05-15 13h24.49.402690 -0500,
1,0,1,space,4.738483099732548,None,5,1.9088467000983655,None,,,,,,,,,,,,,,,,,,,1,0,1,0,,,,,,,,,,,,,,,,,,,,,,,,,,,,,,,,,,,,,,,,,,,,,,,,,,,,,,,,,,,,,,,,,,,,,,,,,,,,,,,,,,,565.6530546001159,565.657167499885,569.6530980002135,569.6531666000374,569.6699210000224,620.5684504001401,620.5525724999607,,,666666,right,no,None,2025-05-15_13h24.35.722,RL_out-of-scanner,2024.2.4,59.30051485029988,2025-05-15 13h24.49.402690 -0500,
0,0,0,space,3.9725135997869074,None,5,5.251451900228858,None,0.0020869001746177673,j,0.3959717000834644,None,None,0.41768720000982285,0.4180586002767086,1.4181911000050604,1.418227500282228,2.418238100130111,2.4182692002505064,4.432850300334394,,,,,,,2,0,2,0,0,0,0,0,629.8509510001168,,,,,,,,,,,,,,,,620.5527873001993,620.5684504001401,620.5684504001401,624.5516586001031,space,3.9725135997869074,None,624.5517758000642,624.5682696001604,624.5682696001604,629.8347308002412,5,5.251451900228858,None,0.0020869001746177673,629.8368954001926,629.8509510001168,629.8509510001168,629.8509510001168,629.8509510001168,630.2523838002235,j,0.3959717000834644,None,right,1,10,0,6,71,0,None,0.41768720000982285,0.4180586002767086,630.2528619999066,630.2678012000397,630.2678012000397,631.2681370000355,631.2681370000355,631.2529263002798,1.4181911000050604,1.418227500282228,631.2612689002417,631.2681370000355,631.2681370000355,632.2683303002268,632.2683303002268,632.252990399953,stimuli/box_empty_transparent.png,2.418238100130111,2.4182692002505064,632.2530596000142,632.2683303002268,634.2842979999259,634.2676003002562,4.432850300334394,,,,,,,,,,,,,,,,666666,right,no,None,2025-05-15_13h24.35.722,RL_out-of-scanner,2024.2.4,59.30051485029988,2025-05-15 13h24.49.402690 -0500,
1,0,1,space,3.9725135997869074,None,5,5.251451900228858,None,4.434347300324589,j,0.4286609999835491,None,None,4.8842818001285195,4.884640000294894,6.385310600046068,6.385359300300479,7.384269900154322,7.384301300160587,8.88397780014202,,,,,,,2,0,2,0,1,0,1,0,634.2842979999259,,,,,,,,,,,,,,,,,,,,,,,,,,,,,,4.434347300324589,634.2691623000428,634.2842979999259,634.2842979999259,634.2842979999259,634.2842979999259,634.7189722000621,j,0.4286609999835491,None,right,1,10,0,6,71,0,None,4.8842818001285195,4.884640000294894,634.7194473999552,634.7342403000221,634.7342403000221,636.2349024000578,636.2349024000578,636.2200286001898,6.385310600046068,6.385359300300479,636.2283528000116,636.2349024000578,636.2349024000578,637.2351295999251,637.2351295999251,637.2190208001994,stimuli/box_empty_transparent.png,7.384269900154322,7.384301300160587,637.219095800072,637.2351295999251,638.7349254000001,638.7187307002023,8.88397780014202,,,,,,,,,,,,,,,,666666,right,no,None,2025-05-15_13h24.35.722,RL_out-of-scanner,2024.2.4,59.30051485029988,2025-05-15 13h24.49.402690 -0500,
2,0,2,space,3.9725135997869074,None,5,5.251451900228858,None,8.885561300441623,k,0.3400139999575913,None,None,9.25158190028742,9.25184560008347,10.25128970015794,10.251332300249487,11.249789500143379,11.249826100189239,14.250093800015748,,,,,,,2,0,2,0,2,0,2,0,638.7349254000001,,,,,,,,,,,,,,,,,,,,,,,,,,,,,,8.885561300441623,638.7203595000319,638.7349254000001,638.7349254000001,638.7349254000001,638.7349254000001,639.0862953001633,k,0.3400139999575913,None,right,1,10,1,6,72,1,None,9.25158190028742,9.25184560008347,639.0866411998868,639.1017109998502,639.1017109998502,640.1012916001491,640.1012916001491,640.0860180002637,10.25128970015794,10.251332300249487,640.0961541999131,640.1012916001491,640.1012916001491,641.1002072999254,641.1002072999254,641.084537900053,stimuli/box_coin_transparent.png,11.249789500143379,11.249826100189239,641.0846267002635,641.1002072999254,644.1015566000715,644.0848479000852,14.250093800015748,,,,,,,,,,,,,,,,666666,right,no,None,2025-05-15_13h24.35.722,RL_out-of-scanner,2024.2.4,59.30051485029988,2025-05-15 13h24.49.402690 -0500,
3,0,3,space,3.9725135997869074,None,5,5.251451900228858,None,14.251590500120074,k,0.279377399943769,None,None,14.55181400012225,14.552076500374824,16.56634630030021,16.56638880027458,17.56691680010408,17.566948200110346,18.567524100188166,,,,,,,2,0,2,0,3,0,3,0,644.1015566000715,,,,,,,,,,,,,,,,,,,,,,,,,,,,,,14.251590500120074,644.0863884002902,644.1015566000715,644.1015566000715,644.1015566000715,644.1015566000715,644.3865248998627,k,0.279377399943769,None,right,0,10,1,6,73,1,None,14.55181400012225,14.552076500374824,644.3868726002984,644.4018423003145,644.4018423003145,646.4179143998772,646.4179143998772,646.4010755000636,16.56634630030021,16.56638880027458,646.4106276999228,646.4179143998772,646.4179143998772,647.4172104001045,647.4172104001045,647.4016673001461,stimuli/box_empty_transparent.png,17.56691680010408,17.566948200110346,647.4017425999045,647.4172104001045,648.4180288999341,648.4022752000019,18.567524100188166,,,,,,,,,,,,,,,,666666,right,no,None,2025-05-15_13h24.35.722,RL_out-of-scanner,2024.2.4,59.30051485029988,2025-05-15 13h24.49.402690 -0500,
4,0,4,space,3.9725135997869074,None,5,5.251451900228858,None,18.56931720022112,j,0.6892336998134851,None,None,19.284164000302553,19.28452800028026,20.28375990036875,20.283797200303525,21.284207300283015,21.284245900344104,23.782431800384074,,,,,,,2,0,2,0,4,0,4,0,648.4180288999341,,,,,,,,,,,,,,,,,,,,,,,,,,,,,,18.56931720022112,648.4041217002086,648.4180288999341,648.4180288999341,648.4180288999341,648.4180288999341,649.1188779002987,j,0.6892336998134851,None,right,0,10,1,6,73,1,None,19.284164000302553,19.28452800028026,649.1193261998706,649.1348660001531,649.1348660001531,650.1343890000135,650.1343890000135,650.1184796001762,20.28375990036875,20.283797200303525,650.1266772998497,650.1343890000135,650.1343890000135,,,651.1189464000054,stimuli/box_empty_transparent.png,21.284207300283015,21.284245900344104,651.1190444002859,651.1340657998808,653.6337522999384,653.6171833998524,23.782431800384074,,,,,,,,,,,,,,,,666666,right,no,None,2025-05-15_13h24.35.722,RL_out-of-scanner,2024.2.4,59.30051485029988,2025-05-15 13h24.49.402690 -0500,
5,0,5,space,3.9725135997869074,None,5,5.251451900228858,None,23.784129800274968,j,0.46685840003192425,None,None,24.26814300008118,24.26853960007429,27.76731780031696,27.767355000134557,28.766447900328785,28.766479399986565,30.76655110018328,,,,,,,2,0,2,0,5,0,5,0,653.6337522999384,,,,,,,,,,,,,,,,,,,,,,,,,,,,,,23.784129800274968,653.6189345000312,653.6337522999384,653.6337522999384,653.6337522999384,653.6337522999384,654.1028192001395,j,0.46685840003192425,None,right,0,10,1,6,73,1,None,24.26814300008118,24.26853960007429,654.1033417000435,654.1178414002061,654.1178414002061,657.6171249998733,657.6171249998733,657.6020521000028,27.76731780031696,27.767355000134557,657.6112950001843,657.6171249998733,657.6171249998733,658.6165535999462,658.6165535999462,658.6011997000314,stimuli/box_empty_transparent.png,28.766447900328785,28.766479399986565,658.601273200009,658.6165535999462,660.617503600195,660.6013036002405,30.76655110018328,,,,,,,,,,,,,,,,666666,right,no,None,2025-05-15_13h24.35.722,RL_out-of-scanner,2024.2.4,59.30051485029988,2025-05-15 13h24.49.402690 -0500,
6,0,6,space,3.9725135997869074,None,5,5.251451900228858,None,30.768057000357658,k,0.4107258003205061,None,None,31.200680000241846,31.200987100135535,32.20015040040016,32.20019510015845,33.199978900142014,33.200010700151324,34.215281600132585,,,,,,,2,0,2,0,6,0,6,0,660.617503600195,,,,,,,,,,,,,,,,,,,,,,,,,,,,,,30.768057000357658,660.6028543999419,660.617503600195,660.617503600195,660.617503600195,660.617503600195,661.0353916999884,k,0.4107258003205061,None,right,0,10,1,6,74,1,None,31.200680000241846,31.200987100135535,661.0357838002965,661.0512071000412,661.0512071000412,662.050512699876,662.050512699876,662.0348781002685,32.20015040040016,32.20019510015845,662.043681200128,662.050512699876,662.050512699876,663.0533308000304,663.0533308000304,663.0347295999527,stimuli/box_empty_transparent.png,33.199978900142014,33.200010700151324,663.0348056000657,663.0533308000304,664.0667615998536,664.050028800033,34.215281600132585,,,,,,,,,,,,,,,,666666,right,no,None,2025-05-15_13h24.35.722,RL_out-of-scanner,2024.2.4,59.30051485029988,2025-05-15 13h24.49.402690 -0500,
7,0,7,space,3.9725135997869074,None,5,5.251451900228858,None,34.21728770015761,None,,,['j'],35.71665280032903,35.716737600043416,37.71688050031662,37.71691910037771,38.717054600361735,38.717086400371045,40.7165618003346,[0.8179291002452374],[0.22652459982782602],,,,,2,0,2,0,7,0,7,0,664.0667615998536,,,,,,,,,,,,,,,,,,,,,,,,,,,,,,34.21728770015761,664.052097900305,664.0667615998536,664.0667615998536,664.0667615998536,664.0667615998536,665.5513343000785,None,,,right,0,10,1,6,74,1,['j'],35.71665280032903,35.716737600043416,665.5515347998589,665.5677137002349,665.5677137002349,667.5670823999681,667.5670823999681,667.5516118998639,37.71688050031662,37.71691910037771,667.560148099903,667.5670823999681,667.5670823999681,,,668.5518030002713,no selection made,38.717054600361735,38.717086400371045,668.5518833999522,668.5667257001624,670.5675919000059,670.5513164000586,40.7165618003346,,,,,[0.8179291002452374],[0.22652459982782602],,,,,,,,,,666666,right,no,None,2025-05-15_13h24.35.722,RL_out-of-scanner,2024.2.4,59.30051485029988,2025-05-15 13h24.49.402690 -0500,
8,0,8,space,3.9725135997869074,None,5,5.251451900228858,None,40.718097700271755,k,0.396352699957788,None,None,41.13367530005053,41.13394930027425,44.13315400015563,44.1331919003278,45.13272890029475,45.13276740023866,46.632373300381005,,,,,,,2,0,2,0,8,0,8,0,670.5675919000059,,,,,,,,,,,,,,,,,,,,,,,,,,,,,,40.718097700271755,670.5528950002044,670.5675919000059,670.5675919000059,670.5675919000059,670.5675919000059,670.9683387000114,k,0.396352699957788,None,right,1,10,2,6,75,2,None,41.13367530005053,41.13394930027425,670.9687449000776,670.9838652000763,670.9838652000763,673.9835832999088,673.9835832999088,673.9678851999342,44.13315400015563,44.1331919003278,673.9778053001501,673.9835832999088,673.9835832999088,674.9825762002729,674.9825762002729,674.9674754003063,stimuli/box_coin_transparent.png,45.13272890029475,45.13276740023866,674.9675671001896,674.9825762002729,676.483614299912,676.4671237003058,46.632373300381005,,,,,,,,,,,,,,,,666666,right,no,None,2025-05-15_13h24.35.722,RL_out-of-scanner,2024.2.4,59.30051485029988,2025-05-15 13h24.49.402690 -0500,
9,0,9,space,3.9725135997869074,None,5,5.251451900228858,None,46.63392030028626,k,0.7428998998366296,None,None,47.400382600259036,47.400648900307715,48.899564100429416,48.89960200013593,49.89951490005478,49.89954620040953,51.8993850001134,,,,,,,2,0,2,0,9,0,9,0,676.483614299912,,,,,,,,,,,,,,,,,,,,,,,,,,,,,,46.63392030028626,676.4687188002281,676.483614299912,676.483614299912,676.483614299912,676.483614299912,677.2350955000147,k,0.7428998998366296,None,right,0,10,2,6,76,2,None,47.400382600259036,47.400648900307715,677.2354568000883,677.2508987002075,677.2508987002075,678.7500459998846,678.7500459998846,678.7342956000939,48.899564100429416,48.89960200013593,678.7424897002056,678.7500459998846,678.7500459998846,679.7496736003086,679.7496736003086,679.73426630022,stimuli/box_empty_transparent.png,49.89951490005478,49.89954620040953,679.7343399003148,679.7496736003086,681.75066230027,681.734134499915,51.8993850001134,,,,,,,,,,,,,,,,666666,right,no,None,2025-05-15_13h24.35.722,RL_out-of-scanner,2024.2.4,59.30051485029988,2025-05-15 13h24.49.402690 -0500,
10,0,10,space,3.9725135997869074,None,5,5.251451900228858,None,51.900947800371796,k,0.6069081001915038,None,None,52.53395670000464,52.53423820016906,54.03282990027219,54.03286790009588,55.032625100109726,55.03266310039908,56.032206900417805,,,,,,,2,0,2,0,10,0,10,0,681.75066230027,,,,,,,,,,,,,,,,,,,,,,,,,,,,,,51.900947800371796,681.7357509001158,681.75066230027,681.75066230027,681.75066230027,681.75066230027,682.3686700998805,k,0.6069081001915038,None,right,1,10,3,6,77,3,None,52.53395670000464,52.53423820016906,682.3690348998643,682.3842386999168,682.3842386999168,683.8831545002759,683.8831545002759,683.8675617002882,54.03282990027219,54.03286790009588,683.8774826000445,683.8831545002759,683.8831545002759,684.8832650999539,684.8832650999539,684.8673715000041,stimuli/box_coin_transparent.png,55.032625100109726,55.03266310039908,684.8674639998935,684.8832650999539,685.8838070002384,685.8669591001235,56.032206900417805,,,,,,,,,,,,,,,,666666,right,no,None,2025-05-15_13h24.35.722,RL_out-of-scanner,2024.2.4,59.30051485029988,2025-05-15 13h24.49.402690 -0500,
11,0,11,space,3.9725135997869074,None,5,5.251451900228858,None,56.03369550034404,j,0.5903374999761581,None,None,56.64926060009748,56.649693600367755,58.64987100008875,58.64991280017421,59.64992680028081,59.649964900221676,61.148893900215626,,,,,,,2,0,2,0,11,0,11,0,685.8838070002384,,,,,,,,,,,,,,,,,,,,,,,,,,,,,,56.03369550034404,685.8684936002828,685.8838070002384,685.8838070002384,685.8838070002384,685.8838070002384,686.483929600101,j,0.5903374999761581,None,right,1,10,3,6,77,3,None,56.64926060009748,56.649693600367755,686.4845047001727,686.4995698002167,686.4995698002167,688.4998393002898,688.4998393002898,688.4845986003056,58.64987100008875,58.64991280017421,688.493246300146,688.4998393002898,688.4998393002898,689.4996616998687,689.4996616998687,689.4846724001691,stimuli/box_empty_transparent.png,59.64992680028081,59.649964900221676,689.4847663999535,689.4996616998687,691.00003630016,690.9836435001343,61.148893900215626,,,,,,,,,,,,,,,,666666,right,no,None,2025-05-15_13h24.35.722,RL_out-of-scanner,2024.2.4,59.30051485029988,2025-05-15 13h24.49.402690 -0500,
12,0,12,space,3.9725135997869074,None,5,5.251451900228858,None,61.15073750028387,k,0.42886829981580377,None,None,61.59984520031139,61.600174700375646,62.598143300041556,62.59819370042533,63.599363800138235,63.59939460037276,66.59899460012093,,,,,,,2,0,2,0,12,0,12,0,691.00003630016,,,,,,,,,,,,,,,,,,,,,,,,,,,,,,61.15073750028387,690.9855420999229,691.00003630016,691.00003630016,691.00003630016,691.00003630016,691.4345420999452,k,0.42886829981580377,None,right,1,10,4,6,78,4,None,61.59984520031139,61.600174700375646,691.4349763002247,691.4498181003146,691.4498181003146,692.4508704999462,692.4508704999462,692.4328633002006,62.598143300041556,62.59819370042533,692.4454700001515,692.4508704999462,692.4508704999462,,,693.434112700168,stimuli/box_coin_transparent.png,63.599363800138235,63.59939460037276,693.4341903999448,693.4499921002425,696.4505598000251,696.433748899959,66.59899460012093,,,,,,,,,,,,,,,,666666,right,no,None,2025-05-15_13h24.35.722,RL_out-of-scanner,2024.2.4,59.30051485029988,2025-05-15 13h24.49.402690 -0500,
13,0,13,space,3.9725135997869074,None,5,5.251451900228858,None,66.6005059001036,k,0.34282590029761195,None,None,66.96600030036643,66.96625840011984,67.46598550025374,67.46602300042287,68.46487720031291,68.46491940040141,70.46528220036998,,,,,,,2,0,2,0,13,0,13,0,696.4505598000251,,,,,,,,,,,,,,,,,,,,,,,,,,,,,,66.6005059001036,696.4353038002737,696.4505598000251,696.4505598000251,696.4505598000251,696.4505598000251,696.8007140001282,k,0.34282590029761195,None,right,1,10,5,6,79,5,None,66.96600030036643,66.96625840011984,696.8010541000403,696.8158724000677,696.8158724000677,697.3161002001725,697.3161002001725,697.3007189002819,67.46598550025374,67.46602300042287,697.3106215000153,697.3161002001725,697.3161002001725,698.3152120001614,698.3152120001614,698.2996196001768,stimuli/box_coin_transparent.png,68.46487720031291,68.46491940040141,698.2997280000709,698.3152120001614,700.3172801001929,700.3000352000818,70.46528220036998,,,,,,,,,,,,,,,,666666,right,no,None,2025-05-15_13h24.35.722,RL_out-of-scanner,2024.2.4,59.30051485029988,2025-05-15 13h24.49.402690 -0500,
14,0,14,space,3.9725135997869074,None,5,5.251451900228858,None,70.46680410020053,k,0.31657039979472756,None,None,70.81556730018929,70.81588490027934,72.31567210005596,72.31570970034227,73.31540240021423,73.3154351003468,74.31445850012824,,,,,,,2,0,2,0,14,0,14,0,700.3172801001929,,,,,,,,,,,,,,,,,,,,,,,,,,,,,,70.46680410020053,700.3016102002002,700.3172801001929,700.3172801001929,700.3172801001929,700.3172801001929,700.650266900193,k,0.31657039979472756,None,right,1,10,6,6,80,6,None,70.81556730018929,70.81588490027934,700.6506893001497,700.6661964002997,700.6661964002997,702.1661729998887,702.1661729998887,702.1504049003124,72.31567210005596,72.31570970034227,702.1600954001769,702.1661729998887,702.1661729998887,703.1658470998518,703.1658470998518,703.150152800139,stimuli/box_coin_transparent.png,73.31540240021423,73.3154351003468,703.1502296999097,703.1658470998518,704.1658234000206,704.1492078001611,74.31445850012824,,,,,,,,,,,,,,,,666666,right,no,None,2025-05-15_13h24.35.722,RL_out-of-scanner,2024.2.4,59.30051485029988,2025-05-15 13h24.49.402690 -0500,
15,0,15,space,3.9725135997869074,None,5,5.251451900228858,None,74.31632450036705,k,0.5028893002308905,None,None,74.84881700016558,74.84910270012915,75.84846070036292,75.84849730040878,76.84867150010541,76.84870880004019,78.84861410036683,,,,,,,2,0,2,0,15,0,15,0,704.1658234000206,,,,,,,,,,,,,,,,,,,,,,,,,,,,,,74.31632450036705,704.1511329999194,704.1658234000206,704.1658234000206,704.1658234000206,704.1658234000206,704.6835298999213,k,0.5028893002308905,None,right,1,10,7,6,81,7,None,74.84881700016558,74.84910270012915,704.6838992000557,704.6995931998827,704.6995931998827,705.7002107002772,705.7002107002772,705.6831899001263,75.84846070036292,75.84849730040878,705.6948584001511,705.7002107002772,705.7002107002772,,,706.6834166999906,stimuli/box_coin_transparent.png,76.84867150010541,76.84870880004019,706.6835119002499,706.6994926999323,708.6999015002511,708.6833673999645,78.84861410036683,,,,,,,,,,,,,,,,666666,right,no,None,2025-05-15_13h24.35.722,RL_out-of-scanner,2024.2.4,59.30051485029988,2025-05-15 13h24.49.402690 -0500,
16,0,16,space,3.9725135997869074,None,5,5.251451900228858,None,78.85011980030686,k,0.32111879996955395,None,None,79.1984931002371,79.19889370026067,81.19868330005556,81.19872179999948,82.19777840003371,82.19780990015715,83.19844950037077,,,,,,,2,0,2,0,16,0,16,0,708.6999015002511,,,,,,,,,,,,,,,,,,,,,,,,,,,,,,78.85011980030686,708.6849167002365,708.6999015002511,708.6999015002511,708.6999015002511,708.6999015002511,709.0331820999272,k,0.32111879996955395,None,right,1,10,8,6,82,8,None,79.1984931002371,79.19889370026067,709.0337058999576,709.0486818999052,709.0486818999052,711.0488388999365,711.0488388999365,711.0334152001888,81.19868330005556,81.19872179999948,711.0434793001041,711.0488388999365,711.0488388999365,712.0482121999376,712.0482121999376,712.0325286001898,stimuli/box_coin_transparent.png,82.19777840003371,82.19780990015715,712.0326044000685,712.0482121999376,713.0494103999808,713.0331998001784,83.19844950037077,,,,,,,,,,,,,,,,666666,right,no,None,2025-05-15_13h24.35.722,RL_out-of-scanner,2024.2.4,59.30051485029988,2025-05-15 13h24.49.402690 -0500,
17,0,17,space,3.9725135997869074,None,5,5.251451900228858,None,83.20003260020167,k,0.37430640030652285,None,None,83.59919500024989,83.59950210014358,84.59839400043711,84.59843230014667,85.59799480019137,85.59802490007132,86.59857260016724,,,,,,,2,0,2,0,17,0,17,0,713.0494103999808,,,,,,,,,,,,,,,,,,,,,,,,,,,,,,83.20003260020167,713.0348298000172,713.0494103999808,713.0494103999808,713.0494103999808,713.0494103999808,713.4339070999995,k,0.37430640030652285,None,right,1,10,9,6,83,9,None,83.59919500024989,83.59950210014358,713.4342991001904,713.4493060000241,713.4493060000241,714.4491794002242,714.4491794002242,714.4331252998672,84.59839400043711,84.59843230014667,714.4433003002778,714.4491794002242,714.4491794002242,715.4482796001248,715.4482796001248,715.4327461002395,stimuli/box_coin_transparent.png,85.59799480019137,85.59802490007132,715.4328189999796,715.4482796001248,716.4493333999999,716.4333239002153,86.59857260016724,,,,,,,,,,,,,,,,666666,right,no,None,2025-05-15_13h24.35.722,RL_out-of-scanner,2024.2.4,59.30051485029988,2025-05-15 13h24.49.402690 -0500,
18,0,18,space,3.9725135997869074,None,5,5.251451900228858,None,86.60031630005687,k,1.0047005000524223,None,None,87.63193100038916,87.632249600254,91.13082650024444,91.1308698002249,92.13116970006377,92.1312057999894,94.13113480014727,,,,,,,2,0,2,0,18,0,18,0,716.4493333999999,,,,,,,,,,,,,,,,,,,,,,,,,,,,,,86.60031630005687,716.4351194002666,716.4493333999999,716.4493333999999,716.4493333999999,716.4493333999999,717.46662750002,k,1.0047005000524223,None,right,1,10,10,6,84,10,None,87.63193100038916,87.632249600254,717.4670518999919,717.482156699989,717.482156699989,720.9827336003073,720.9827336003073,720.9655557000078,91.13082650024444,91.1308698002249,720.9771171002649,720.9827336003073,720.9827336003073,,,721.965906499885,stimuli/box_coin_transparent.png,92.13116970006377,92.1312057999894,721.9660038002767,721.982251400128,723.9827292002738,723.9658882999793,94.13113480014727,,,,,,,,,,,,,,,,666666,right,no,None,2025-05-15_13h24.35.722,RL_out-of-scanner,2024.2.4,59.30051485029988,2025-05-15 13h24.49.402690 -0500,
19,0,19,space,3.9725135997869074,None,5,5.251451900228858,None,94.13261560024694,k,0.36707179993391037,None,None,94.5321990000084,94.53251310018823,95.53193020028993,95.53196720033884,96.54691360006109,96.54694990022108,98.04764420026913,,,,,,,2,0,2,0,19,0,19,0,723.9827292002738,,,,,,,,,,,,,,,,,,,,,,,,,,,,,,94.13261560024694,723.9674130002968,723.9827292002738,723.9827292002738,723.9827292002738,723.9827292002738,724.3668953999877,k,0.36707179993391037,None,left,1,7,0,7,84,10,None,94.5321990000084,94.53251310018823,724.3673151000403,724.3824487999082,724.3824487999082,725.3827515998855,725.3827515998855,725.366665400099,95.53193020028993,95.53196720033884,725.3746839999221,725.3827515998855,725.3827515998855,,,726.3816561000422,stimuli/box_empty_transparent.png,96.54691360006109,96.54694990022108,726.3817513999529,726.3976767002605,727.899410400074,727.8823962998576,98.04764420026913,,,,,,,,,,,,,,,,666666,right,no,None,2025-05-15_13h24.35.722,RL_out-of-scanner,2024.2.4,59.30051485029988,2025-05-15 13h24.49.402690 -0500,
20,0,20,space,3.9725135997869074,None,5,5.251451900228858,None,98.04941220022738,k,0.3999323998577893,None,None,98.48218560032547,98.48242490040138,100.48155620042235,100.48159600002691,101.48055350035429,101.4805847001262,103.49778400035575,,,,,,,2,0,2,0,20,0,20,0,727.899410400074,,,,,,,,,,,,,,,,,,,,,,,,,,,,,,98.04941220022738,727.8842159998603,727.899410400074,727.899410400074,727.899410400074,727.899410400074,728.316898399964,k,0.3999323998577893,None,left,1,7,0,7,84,10,None,98.48218560032547,98.48242490040138,728.3172201002017,728.3328606998548,728.3328606998548,730.3319570999593,730.3319570999593,730.316289300099,100.48155620042235,100.48159600002691,730.3246949003078,730.3319570999593,730.3319570999593,731.3318870998919,731.3318870998919,731.3153053000569,stimuli/box_empty_transparent.png,101.48055350035429,101.4805847001262,731.3153777001426,731.3318870998919,733.3491386999376,733.3325394000858,103.49778400035575,,,,,,,,,,,,,,,,666666,right,no,None,2025-05-15_13h24.35.722,RL_out-of-scanner,2024.2.4,59.30051485029988,2025-05-15 13h24.49.402690 -0500,
21,0,21,space,3.9725135997869074,None,5,5.251451900228858,None,103.49922270001844,j,0.3245091000571847,None,None,103.84867840027437,103.8491052002646,106.84748390037566,106.84751970041543,107.84689330030233,107.84693170012906,109.34758569998667,,,,,,,2,0,2,0,21,0,21,0,733.3491386999376,,,,,,,,,,,,,,,,,,,,,,,,,,,,,,103.49922270001844,733.3340210001916,733.3491386999376,733.3491386999376,733.3491386999376,733.3491386999376,733.683389400132,j,0.3245091000571847,None,left,1,7,1,7,85,11,None,103.84867840027437,103.8491052002646,733.683910400141,733.6980090001598,733.6980090001598,736.6984207001515,736.6984207001515,736.6822208999656,106.84748390037566,106.84751970041543,736.6925977002829,736.6984207001515,736.6984207001515,737.6976104001515,737.6976104001515,737.6816412000917,stimuli/box_coin_transparent.png,107.84689330030233,107.84693170012906,737.6817320999689,737.6976104001515,739.1981399999931,739.1823392999358,109.34758569998667,,,,,,,,,,,,,,,,666666,right,no,None,2025-05-15_13h24.35.722,RL_out-of-scanner,2024.2.4,59.30051485029988,2025-05-15 13h24.49.402690 -0500,
22,0,22,space,3.9725135997869074,None,5,5.251451900228858,None,109.34901760006323,j,0.36803360003978014,None,None,109.74764980003238,109.74807200022042,111.24763450026512,111.24767070030794,112.24699700018391,112.2470423001796,114.24622000008821,,,,,,,2,0,2,0,22,0,22,0,739.1981399999931,,,,,,,,,,,,,,,,,,,,,,,,,,,,,,109.34901760006323,739.183815299999,739.1981399999931,739.1981399999931,739.1981399999931,739.1981399999931,739.5823623999022,j,0.36803360003978014,None,left,1,7,2,7,86,12,None,109.74764980003238,109.74807200022042,739.5828869999386,739.5978144002147,739.5978144002147,741.098724800162,741.098724800162,741.0823699999601,111.24763450026512,111.24767070030794,741.093025200069,741.098724800162,741.098724800162,742.0974077000283,742.0974077000283,742.081740600057,stimuli/box_coin_transparent.png,112.24699700018391,112.2470423001796,742.0818495000713,742.0974077000283,744.0977206998505,744.0809744000435,114.24622000008821,,,,,,,,,,,,,,,,666666,right,no,None,2025-05-15_13h24.35.722,RL_out-of-scanner,2024.2.4,59.30051485029988,2025-05-15 13h24.49.402690 -0500,
23,0,23,space,3.9725135997869074,None,5,5.251451900228858,None,114.24782550008968,j,0.38566859997808933,None,None,114.66535590030253,114.66571960039437,116.16420780029148,116.16425330005586,117.16418880037963,117.16422580042854,118.66357990028337,,,,,,,2,0,2,0,23,0,23,0,744.0977206998505,,,,,,,,,,,,,,,,,,,,,,,,,,,,,,114.24782550008968,744.0826238999143,744.0977206998505,744.0977206998505,744.0977206998505,744.0977206998505,744.5000681001693,j,0.38566859997808933,None,left,1,7,3,7,87,13,None,114.66535590030253,114.66571960039437,744.5005165999755,744.515191399958,744.515191399958,746.0147247998975,746.0147247998975,745.9989346000366,116.16420780029148,116.16425330005586,746.0092485998757,746.0147247998975,746.0147247998975,747.015130000189,747.015130000189,746.9989137002267,stimuli/box_coin_transparent.png,117.16418880037963,117.16422580042854,746.999026699923,747.015130000189,748.5150365000591,748.4983350001276,118.66357990028337,,,,,,,,,,,,,,,,666666,right,no,None,2025-05-15_13h24.35.722,RL_out-of-scanner,2024.2.4,59.30051485029988,2025-05-15 13h24.49.402690 -0500,
24,0,24,space,3.9725135997869074,None,5,5.251451900228858,None,118.6650336002931,j,0.5175978001207113,None,None,119.2146179000847,119.21498630009592,121.21528890030459,121.21535570034757,122.21413330035284,122.2141647003591,123.71425250032917,,,,,,,2,0,2,0,24,0,24,0,748.5150365000591,,,,,,,,,,,,,,,,,,,,,,,,,,,,,,118.6650336002931,748.4998308001086,748.5150365000591,748.5150365000591,748.5150365000591,748.5150365000591,749.0492286998779,j,0.5175978001207113,None,left,1,7,4,7,88,14,None,119.2146179000847,119.21498630009592,749.0497920000926,749.0642673000693,749.0642673000693,751.0652684001252,751.0652684001252,751.0500246002339,121.21528890030459,121.21535570034757,751.0599716999568,751.0652684001252,751.0652684001252,752.0643076999113,752.0643076999113,752.0488841002807,stimuli/box_coin_transparent.png,122.21413330035284,122.2141647003591,752.0489584999159,752.0643076999113,753.5648473002948,753.5490025002509,123.71425250032917,,,,,,,,,,,,,,,,666666,right,no,None,2025-05-15_13h24.35.722,RL_out-of-scanner,2024.2.4,59.30051485029988,2025-05-15 13h24.49.402690 -0500,
25,0,25,space,3.9725135997869074,None,5,5.251451900228858,None,123.71572370035574,j,0.5971212000586092,None,None,124.33141210023314,124.3317565000616,125.32971970038489,125.32975630043074,126.32981530018151,126.32985850004479,129.83044950012118,,,,,,,2,0,2,0,25,0,25,0,753.5648473002948,,,,,,,,,,,,,,,,,,,,,,,,,,,,,,123.71572370035574,753.550520400051,753.5648473002948,753.5648473002948,753.5648473002948,753.5648473002948,754.1661229999736,j,0.5971212000586092,None,left,0,7,4,7,89,14,None,124.33141210023314,124.3317565000616,754.1665520998649,754.1815348998643,754.1815348998643,755.181306200102,755.181306200102,755.1644498002715,125.32971970038489,125.32975630043074,755.1727483998984,755.181306200102,755.181306200102,756.180187500082,756.180187500082,756.1645575002767,stimuli/box_empty_transparent.png,126.32981530018151,126.32985850004479,756.164666400291,756.180187500082,759.6812617001124,759.6651993002743,129.83044950012118,,,,,,,,,,,,,,,,666666,right,no,None,2025-05-15_13h24.35.722,RL_out-of-scanner,2024.2.4,59.30051485029988,2025-05-15 13h24.49.402690 -0500,
26,0,26,space,3.9725135997869074,None,5,5.251451900228858,None,129.83221620041877,k,0.39451179979369044,None,None,130.24725170014426,130.24750850023702,130.76291580032557,130.762960200198,131.7630697004497,131.76310530025512,135.26306870020926,,,,,,,2,0,2,0,26,0,26,0,759.6812617001124,,,,,,,,,,,,,,,,,,,,,,,,,,,,,,129.83221620041877,759.6670212000608,759.6812617001124,759.6812617001124,759.6812617001124,759.6812617001124,760.0819653002545,k,0.39451179979369044,None,left,0,7,4,7,89,14,None,130.24725170014426,130.24750850023702,760.0823041000403,760.0987124000676,760.0987124000676,760.6141412002034,760.6141412002034,760.5976470001042,130.76291580032557,130.762960200198,760.607232300099,760.6141412002034,760.6141412002034,761.6142710000277,761.6142710000277,761.5978159001097,stimuli/box_empty_transparent.png,131.7630697004497,131.76310530025512,761.5979011999443,761.6142710000277,765.1151284999214,765.0978230000474,135.26306870020926,,,,,,,,,,,,,,,,666666,right,no,None,2025-05-15_13h24.35.722,RL_out-of-scanner,2024.2.4,59.30051485029988,2025-05-15 13h24.49.402690 -0500,
27,0,27,space,3.9725135997869074,None,5,5.251451900228858,None,135.26461310032755,j,0.46049199998378754,None,None,135.747226100415,135.74760930007324,137.26386210042983,137.2639002003707,138.2642546002753,138.26428630016744,139.26316670002416,,,,,,,2,0,2,0,27,0,27,0,765.1151284999214,,,,,,,,,,,,,,,,,,,,,,,,,,,,,,135.26461310032755,765.0994108002633,765.1151284999214,765.1151284999214,765.1151284999214,765.1151284999214,765.5819219001569,j,0.46049199998378754,None,left,0,7,4,7,90,14,None,135.747226100415,135.74760930007324,765.5824123001657,765.599036899861,765.599036899861,767.1142291999422,767.1142291999422,767.0985940000974,137.26386210042983,137.2639002003707,767.1076791002415,767.1142291999422,767.1142291999422,768.1139090000652,768.1139090000652,768.0990047003143,stimuli/box_empty_transparent.png,138.2642546002753,138.26428630016744,768.0990818999708,768.1139090000652,769.1142446999438,769.0979166999459,139.26316670002416,,,,,,,,,,,,,,,,666666,right,no,None,2025-05-15_13h24.35.722,RL_out-of-scanner,2024.2.4,59.30051485029988,2025-05-15 13h24.49.402690 -0500,
28,0,28,space,3.9725135997869074,None,5,5.251451900228858,None,139.26469630002975,k,0.4190086000598967,None,None,139.71428350033239,139.71461840020493,140.71380560006946,140.7138505000621,141.72892350004986,141.72896710038185,145.2301234002225,,,,,,,2,0,2,0,28,0,28,0,769.1142446999438,,,,,,,,,,,,,,,,,,,,,,,,,,,,,,139.26469630002975,769.0994938001968,769.1142446999438,769.1142446999438,769.1142446999438,769.1142446999438,769.5489810002036,k,0.4190086000598967,None,left,0,7,4,7,90,14,None,139.71428350033239,139.71461840020493,769.549420400057,769.5645499001257,769.5645499001257,770.5666105002165,770.5666105002165,770.5485352999531,140.71380560006946,140.7138505000621,770.5571996001527,770.5666105002165,770.5666105002165,,,771.5636625001207,stimuli/box_empty_transparent.png,141.72892350004986,141.72896710038185,771.5637767002918,771.579774199985,775.0811016000807,775.0648771999404,145.2301234002225,,,,,,,,,,,,,,,,666666,right,no,None,2025-05-15_13h24.35.722,RL_out-of-scanner,2024.2.4,59.30051485029988,2025-05-15 13h24.49.402690 -0500,
29,0,29,space,3.9725135997869074,None,5,5.251451900228858,None,145.23160520009696,k,0.3554287999868393,None,None,145.61418980034068,145.61445510014892,147.62907430017367,147.62911940040067,148.62962810043246,148.62966740038246,149.62935900036246,,,,,,,2,0,2,0,29,0,29,0,775.0811016000807,,,,,,,,,,,,,,,,,,,,,,,,,,,,,,145.23160520009696,775.0664027999155,775.0811016000807,775.0811016000807,775.0811016000807,775.0811016000807,775.448902499862,k,0.3554287999868393,None,left,0,7,4,7,90,14,None,145.61418980034068,145.61445510014892,775.4492509001866,775.4653504001908,775.4653504001908,777.4805378001183,777.4805378001183,777.4638008000329,147.62907430017367,147.62911940040067,777.4733056002297,777.4805378001183,777.4805378001183,,,778.4643713003024,stimuli/box_empty_transparent.png,148.62962810043246,148.62966740038246,778.4644742999226,778.4809162002057,779.480981499888,779.4641121001914,149.62935900036246,,,,,,,,,,,,,,,,666666,right,no,None,2025-05-15_13h24.35.722,RL_out-of-scanner,2024.2.4,59.30051485029988,2025-05-15 13h24.49.402690 -0500,
30,0,30,space,3.9725135997869074,None,5,5.251451900228858,None,149.6308052004315,k,0.6955997999757528,None,None,150.34735730011016,150.3476193002425,151.3466163002886,151.34665370034054,152.3466525003314,152.34668720001355,153.36164250038564,,,,,,,2,0,2,0,30,0,30,0,779.480981499888,,,,,,,,,,,,,,,,,,,,,,,,,,,,,,149.6308052004315,779.4656023001298,779.480981499888,779.480981499888,779.480981499888,779.480981499888,780.1820693002082,k,0.6955997999757528,None,left,0,7,4,7,90,14,None,150.34735730011016,150.3476193002425,780.1824151002802,780.1976308999583,780.1976308999583,781.1969171999954,781.1969171999954,781.1813485003076,151.3466163002886,151.34665370034054,781.1900702002458,781.1969171999954,781.1969171999954,782.1970492000692,782.1970492000692,782.1814005002379,stimuli/box_empty_transparent.png,152.3466525003314,152.34668720001355,782.1814850000665,782.1970492000692,783.2132815001532,783.19639489986,153.36164250038564,,,,,,,,,,,,,,,,666666,right,no,None,2025-05-15_13h24.35.722,RL_out-of-scanner,2024.2.4,59.30051485029988,2025-05-15 13h24.49.402690 -0500,
31,0,31,space,3.9725135997869074,None,5,5.251451900228858,None,153.36378920031711,j,0.43303530011326075,None,None,153.8135639000684,153.8139567002654,156.81354880006984,156.81359070027247,157.81295490032062,157.81298660021275,160.31260470021516,,,,,,,2,0,2,0,31,0,31,0,783.2132815001532,,,,,,,,,,,,,,,,,,,,,,,,,,,,,,153.36378920031711,783.1985951000825,783.2132815001532,783.2132815001532,783.2132815001532,783.2132815001532,783.6482772999443,j,0.43303530011326075,None,left,1,7,5,7,91,15,None,153.8135639000684,153.8139567002654,783.648756199982,783.6634168000892,783.6634168000892,786.6635071001947,786.6635071001947,786.6482779001817,156.81354880006984,156.81359070027247,786.658228599932,786.6635071001947,786.6635071001947,787.6639132001437,787.6639132001437,787.647706199903,stimuli/box_coin_transparent.png,157.81295490032062,157.81298660021275,787.6477795001119,787.6639132001437,790.1640981999226,790.1473576999269,160.31260470021516,,,,,,,,,,,,,,,,666666,right,no,None,2025-05-15_13h24.35.722,RL_out-of-scanner,2024.2.4,59.30051485029988,2025-05-15 13h24.49.402690 -0500,
32,0,32,space,3.9725135997869074,None,5,5.251451900228858,None,160.31403620028868,j,0.7357006999664009,None,None,161.08099770033732,161.0813471004367,162.080034899991,162.08007380040362,163.07930040033534,163.07933670002967,164.07960060006008,,,,,,,2,0,2,0,32,0,32,0,790.1640981999226,,,,,,,,,,,,,,,,,,,,,,,,,,,,,,160.31403620028868,790.148833299987,790.1640981999226,790.1640981999226,790.1640981999226,790.1640981999226,790.915700300131,j,0.7357006999664009,None,left,1,7,6,7,92,16,None,161.08099770033732,161.0813471004367,790.9161437000148,790.9304378000088,790.9304378000088,791.9298526998609,791.9298526998609,791.9147705999203,162.080034899991,162.08007380040362,791.924739100039,791.9298526998609,791.9298526998609,792.9299749000929,792.9299749000929,792.9140469999984,stimuli/box_coin_transparent.png,163.07930040033534,163.07933670002967,792.9141343003139,792.9299749000929,793.930416600313,793.9143519001082,164.07960060006008,,,,,,,,,,,,,,,,666666,right,no,None,2025-05-15_13h24.35.722,RL_out-of-scanner,2024.2.4,59.30051485029988,2025-05-15 13h24.49.402690 -0500,
33,0,33,space,3.9725135997869074,None,5,5.251451900228858,None,164.08123490028083,j,0.5431709997355938,None,None,164.64592620031908,164.6463628001511,166.64689030032605,166.6469367002137,167.66168200038373,167.66171900043264,169.16198050044477,,,,,,,2,0,2,0,33,0,33,0,793.930416600313,,,,,,,,,,,,,,,,,,,,,,,,,,,,,,164.08123490028083,793.9160323999822,793.930416600313,793.930416600313,793.930416600313,793.930416600313,794.4806122002192,j,0.5431709997355938,None,left,1,7,7,7,93,17,None,164.64592620031908,164.6463628001511,794.4811761998571,794.4961592000909,794.4961592000909,796.4975205999799,796.4975205999799,796.4816153002903,166.64689030032605,166.6469367002137,796.492329900153,796.4975205999799,796.4975205999799,,,797.4964259001426,stimuli/box_coin_transparent.png,167.66168200038373,167.66171900043264,797.4965265002102,797.51250169985,799.0128792999312,798.9967292998917,169.16198050044477,,,,,,,,,,,,,,,,666666,right,no,None,2025-05-15_13h24.35.722,RL_out-of-scanner,2024.2.4,59.30051485029988,2025-05-15 13h24.49.402690 -0500,
34,0,34,space,3.9725135997869074,None,5,5.251451900228858,None,169.16397940041497,j,0.3258833000436425,None,None,169.51331050042063,169.5136357001029,172.51269380003214,172.51273670000955,173.5125212999992,173.51255800016224,176.0276592001319,,,,,,,2,0,2,0,34,0,34,0,799.0128792999312,,,,,,,,,,,,,,,,,,,,,,,,,,,,,,169.16397940041497,798.9987846002914,799.0128792999312,799.0128792999312,799.0128792999312,799.0128792999312,799.348022500053,j,0.3258833000436425,None,right,1,11,0,8,93,17,None,169.51331050042063,169.5136357001029,799.3484316999093,799.3635916002095,799.3635916002095,802.3630277998745,802.3630277998745,802.3474217001349,172.51269380003214,172.51273670000955,802.3560239998624,802.3630277998745,802.3630277998745,803.3631783002056,803.3631783002056,803.3472676998936,stimuli/box_empty_transparent.png,173.5125212999992,173.51255800016224,803.3473559999838,803.3631783002056,805.8795190001838,805.8624137998559,176.0276592001319,,,,,,,,,,,,,,,,666666,right,no,None,2025-05-15_13h24.35.722,RL_out-of-scanner,2024.2.4,59.30051485029988,2025-05-15 13h24.49.402690 -0500,
35,0,35,space,3.9725135997869074,None,5,5.251451900228858,None,176.02926010033116,k,0.32681169966235757,None,None,176.37898490019143,176.37922990042716,177.87980350013822,177.87984260031953,178.87948390003294,178.87951480038464,179.87855900032446,,,,,,,2,0,2,0,35,0,35,0,805.8795190001838,,,,,,,,,,,,,,,,,,,,,,,,,,,,,,176.02926010033116,805.8640608000569,805.8795190001838,805.8795190001838,805.8795190001838,805.8795190001838,806.2136911000125,k,0.32681169966235757,None,right,1,11,1,8,94,18,None,176.37898490019143,176.37922990042716,806.214025599882,806.2291120002046,806.2291120002046,807.7294777999632,807.7294777999632,807.7145302998833,177.87980350013822,177.87984260031953,807.724416800309,807.7294777999632,807.7294777999632,808.7295739999972,808.7295739999972,808.7142357998528,stimuli/box_coin_transparent.png,178.87948390003294,178.87951480038464,808.7143081002869,808.7295739999972,809.7301624002866,809.713309600018,179.87855900032446,,,,,,,,,,,,,,,,666666,right,no,None,2025-05-15_13h24.35.722,RL_out-of-scanner,2024.2.4,59.30051485029988,2025-05-15 13h24.49.402690 -0500,
36,0,36,space,3.9725135997869074,None,5,5.251451900228858,None,179.88016150007024,k,0.4071332002058625,None,None,180.31332580000162,180.31362950010225,181.8115063002333,181.81154310004786,182.8127075000666,182.81274310033768,186.31192590016872,,,,,,,2,0,2,0,36,0,36,0,809.7301624002866,,,,,,,,,,,,,,,,,,,,,,,,,,,,,,179.88016150007024,809.7149594998918,809.7301624002866,809.7301624002866,809.7301624002866,809.7301624002866,810.1480256002396,k,0.4071332002058625,None,right,0,11,1,8,95,18,None,180.31332580000162,180.31362950010225,810.1484306999482,810.163080399856,810.163080399856,811.6629723003134,811.6629723003134,811.6462417999282,181.8115063002333,181.81154310004786,811.6552495001815,811.6629723003134,811.6629723003134,,,812.6474526003003,stimuli/box_empty_transparent.png,182.8127075000666,182.81274310033768,812.6475442000665,812.6633143001236,816.1635607001372,816.1466768002138,186.31192590016872,,,,,,,,,,,,,,,,666666,right,no,None,2025-05-15_13h24.35.722,RL_out-of-scanner,2024.2.4,59.30051485029988,2025-05-15 13h24.49.402690 -0500,
37,0,37,space,3.9725135997869074,None,5,5.251451900228858,None,186.31372730014846,k,0.6367862997576594,None,None,186.97987540019676,186.9801434003748,188.97876120032743,188.97880040016025,189.97830610023811,189.9783424003981,190.97831300040707,,,,,,,2,0,2,0,37,0,37,0,816.1635607001372,,,,,,,,,,,,,,,,,,,,,,,,,,,,,,186.31372730014846,816.1485317000188,816.1635607001372,816.1635607001372,816.1635607001372,816.1635607001372,816.8145878002979,k,0.6367862997576594,None,right,1,11,2,8,96,19,None,186.97987540019676,186.9801434003748,816.8149391999468,816.8296102001332,816.8296102001332,818.8290754002519,818.8290754002519,818.8134941002354,188.97876120032743,188.97880040016025,818.823313199915,818.8290754002519,818.8290754002519,819.8284105001949,819.8284105001949,819.8130537001416,stimuli/box_coin_transparent.png,189.97830610023811,189.9783424003981,819.8131424002349,819.8284105001949,820.8295150999911,820.8130685002543,190.97831300040707,,,,,,,,,,,,,,,,666666,right,no,None,2025-05-15_13h24.35.722,RL_out-of-scanner,2024.2.4,59.30051485029988,2025-05-15 13h24.49.402690 -0500,
38,0,38,space,3.9725135997869074,None,5,5.251451900228858,None,190.97982140025124,k,0.4630281999707222,None,None,191.46367740025744,191.4639403000474,192.461973100435,192.46201230026782,193.47745170025155,193.477495000232,194.97836690023541,,,,,,,2,0,2,0,38,0,38,0,820.8295150999911,,,,,,,,,,,,,,,,,,,,,,,,,,,,,,190.97982140025124,820.8146184002981,820.8295150999911,820.8295150999911,820.8295150999911,820.8295150999911,821.2983899000101,k,0.4630281999707222,None,right,0,11,2,8,97,19,None,191.46367740025744,191.4639403000474,821.2987358998507,821.312786300201,821.312786300201,822.3131987000816,822.3131987000816,822.2967063998803,192.461973100435,192.46201230026782,822.3048338000663,822.3131987000816,822.3131987000816,,,823.3121917000972,stimuli/box_empty_transparent.png,193.47745170025155,193.477495000232,823.3123023998924,823.328221200034,824.8292844002135,824.8131170999259,194.97836690023541,,,,,,,,,,,,,,,,666666,right,no,None,2025-05-15_13h24.35.722,RL_out-of-scanner,2024.2.4,59.30051485029988,2025-05-15 13h24.49.402690 -0500,
39,0,39,space,3.9725135997869074,None,5,5.251451900228858,None,194.9798959000036,k,0.46451810002326965,None,None,195.4628481999971,195.46314870007336,196.4775090003386,196.47755240043625,197.47767040040344,197.4777129003778,198.47831600019708,,,,,,,2,0,2,0,39,0,39,0,824.8292844002135,,,,,,,,,,,,,,,,,,,,,,,,,,,,,,194.9798959000036,824.8146935999393,824.8292844002135,824.8292844002135,824.8292844002135,824.8292844002135,825.2975504002534,k,0.46451810002326965,None,right,1,11,3,8,98,20,None,195.4628481999971,195.46314870007336,825.2979490999132,825.3128609000705,825.3128609000705,826.3291805000044,826.3291805000044,826.3122371998616,196.4775090003386,196.47755240043625,826.3237318000756,826.3291805000044,826.3291805000044,827.3281115000136,827.3281115000136,827.3124127001502,stimuli/box_coin_transparent.png,197.47767040040344,197.4777129003778,827.3125224001706,827.3281115000136,828.3298253002577,828.313069100026,198.47831600019708,,,,,,,,,,,,,,,,666666,right,no,None,2025-05-15_13h24.35.722,RL_out-of-scanner,2024.2.4,59.30051485029988,2025-05-15 13h24.49.402690 -0500,
40,0,40,space,3.9725135997869074,None,5,5.251451900228858,None,198.47975780023262,j,0.6039726999588311,None,None,199.1115634003654,199.11189540009946,200.61189820012078,200.61194130033255,201.61195520032197,201.61198630044237,202.61149570019916,,,,,,,2,0,2,0,40,0,40,0,828.3298253002577,,,,,,,,,,,,,,,,,,,,,,,,,,,,,,198.47975780023262,828.3145558000542,828.3298253002577,828.3298253002577,828.3298253002577,828.3298253002577,828.9462776002474,j,0.6039726999588311,None,right,1,11,3,8,98,20,None,199.1115634003654,199.11189540009946,828.9466945999302,828.9618599000387,828.9618599000387,830.4623743998818,830.4623743998818,830.4466240000911,200.61189820012078,200.61194130033255,830.4548072000034,830.4623743998818,830.4623743998818,831.4620316000655,831.4620316000655,831.4467056002468,stimuli/box_empty_transparent.png,201.61195520032197,201.61198630044237,831.446779999882,831.4620316000655,832.4627884002402,832.4462486002594,202.61149570019916,,,,,,,,,,,,,,,,666666,right,no,None,2025-05-15_13h24.35.722,RL_out-of-scanner,2024.2.4,59.30051485029988,2025-05-15 13h24.49.402690 -0500,
41,0,41,space,3.9725135997869074,None,5,5.251451900228858,None,202.61310700001195,k,0.47587470011785626,None,None,203.1128086000681,203.11313010007143,204.11183630023152,204.11187320016325,205.11071650031954,205.11075090011582,208.11140900012106,,,,,,,2,0,2,0,41,0,41,0,832.4627884002402,,,,,,,,,,,,,,,,,,,,,,,,,,,,,,202.61310700001195,832.447904500179,832.4627884002402,832.4627884002402,832.4627884002402,832.4627884002402,832.9474766002968,k,0.47587470011785626,None,right,1,11,4,8,99,21,None,203.1128086000681,203.11313010007143,832.9479327001609,832.9626476000994,832.9626476000994,833.9621506002732,833.9621506002732,833.9465709999204,204.11183630023152,204.11187320016325,833.9564495999366,833.9621506002732,833.9621506002732,834.9614504999481,834.9614504999481,834.9454633998685,stimuli/box_coin_transparent.png,205.11071650031954,205.11075090011582,834.9455498000607,834.9614504999481,837.9621085003018,837.9461626000702,208.11140900012106,,,,,,,,,,,,,,,,666666,right,no,None,2025-05-15_13h24.35.722,RL_out-of-scanner,2024.2.4,59.30051485029988,2025-05-15 13h24.49.402690 -0500,
42,0,42,space,3.9725135997869074,None,5,5.251451900228858,None,208.1128840004094,k,0.3193843001499772,None,None,208.46269620023668,208.46295890025795,210.46056480007246,210.46060860017315,211.46131420042366,211.46135370014235,214.9608100000769,,,,,,,2,0,2,0,42,0,42,0,837.9621085003018,,,,,,,,,,,,,,,,,,,,,,,,,,,,,,208.1128840004094,837.9476815001108,837.9621085003018,837.9621085003018,837.9621085003018,837.9621085003018,838.2974069002084,k,0.3193843001499772,None,right,0,11,4,8,100,21,None,208.46269620023668,208.46295890025795,838.2977546001785,838.3123321002349,838.3123321002349,840.3118270002306,840.3118270002306,840.2952944003046,210.46056480007246,210.46060860017315,840.3048808001913,840.3118270002306,840.3118270002306,,,841.2960570002906,stimuli/box_empty_transparent.png,211.46131420042366,211.46135370014235,841.2961654001847,841.3120190002955,844.812181300018,844.7955622002482,214.9608100000769,,,,,,,,,,,,,,,,666666,right,no,None,2025-05-15_13h24.35.722,RL_out-of-scanner,2024.2.4,59.30051485029988,2025-05-15 13h24.49.402690 -0500,
43,0,43,space,3.9725135997869074,None,5,5.251451900228858,None,214.96227180026472,j,0.42149149999022484,None,None,215.411707600113,215.41207420034334,216.4270516000688,216.42709490004927,217.42725579999387,217.42728920001537,219.42799660004675,,,,,,,2,0,2,0,43,0,43,0,844.812181300018,,,,,,,,,,,,,,,,,,,,,,,,,,,,,,214.96227180026472,844.797069599852,844.812181300018,844.812181300018,844.812181300018,844.812181300018,845.2464165999554,j,0.42149149999022484,None,right,0,11,4,8,100,21,None,215.411707600113,215.41207420034334,845.2468725000508,845.2626066002995,845.2626066002995,846.2783240000717,846.2783240000717,846.2617814000696,216.4270516000688,216.42709490004927,846.2710875999182,846.2783240000717,846.2783240000717,,,847.2620041999035,stimuli/box_empty_transparent.png,217.42725579999387,217.42728920001537,847.2621007999405,847.2783303000033,849.278864200227,849.2627472002059,219.42799660004675,,,,,,,,,,,,,,,,666666,right,no,None,2025-05-15_13h24.35.722,RL_out-of-scanner,2024.2.4,59.30051485029988,2025-05-15 13h24.49.402690 -0500,
44,0,44,space,3.9725135997869074,None,5,5.251451900228858,None,219.42950010020286,k,0.4159637000411749,None,None,219.86216150037944,219.86247590044513,222.36059990013018,222.36064250022173,223.36104930005968,223.36108510009944,225.36079370044172,,,,,,,2,0,2,0,44,0,44,0,849.278864200227,,,,,,,,,,,,,,,,,,,,,,,,,,,,,,219.42950010020286,849.2642979999073,849.278864200227,849.278864200227,849.278864200227,849.278864200227,849.696874700021,k,0.4159637000411749,None,right,1,11,5,8,101,22,None,219.86216150037944,219.86247590044513,849.6972725000232,849.7117816000246,849.7117816000246,852.2121353000402,852.2121353000402,852.1953358002938,222.36059990013018,222.36064250022173,852.2066033999436,852.2121353000402,852.2121353000402,,,853.1957852002233,stimuli/box_coin_transparent.png,223.36104930005968,223.36108510009944,853.195882299915,853.2122340998612,855.2117159999907,855.1955428998917,225.36079370044172,,,,,,,,,,,,,,,,666666,right,no,None,2025-05-15_13h24.35.722,RL_out-of-scanner,2024.2.4,59.30051485029988,2025-05-15 13h24.49.402690 -0500,
45,0,45,space,3.9725135997869074,None,5,5.251451900228858,None,225.36257930006832,k,0.4886631998233497,None,None,225.87865600036457,225.8789679002948,226.87766200024635,226.87770030042157,227.87665140023455,227.87669320032,228.87763390038162,,,,,,,2,0,2,0,45,0,45,0,855.2117159999907,,,,,,,,,,,,,,,,,,,,,,,,,,,,,,225.36257930006832,855.197382800281,855.2117159999907,855.2117159999907,855.2117159999907,855.2117159999907,855.7133531998843,k,0.4886631998233497,None,right,0,11,5,8,102,22,None,225.87865600036457,225.8789679002948,855.7137700999156,855.7283467003144,855.7283467003144,856.7284756000154,856.7284756000154,856.7123945001513,226.87766200024635,226.87770030042157,856.7205861001275,856.7284756000154,856.7284756000154,857.7272088001482,857.7272088001482,857.7113940999843,stimuli/box_empty_transparent.png,227.87665140023455,227.87669320032,857.7114997999743,857.7272088001482,858.7282636002637,858.7123870002106,228.87763390038162,,,,,,,,,,,,,,,,666666,right,no,None,2025-05-15_13h24.35.722,RL_out-of-scanner,2024.2.4,59.30051485029988,2025-05-15 13h24.49.402690 -0500,
46,0,46,space,3.9725135997869074,None,5,5.251451900228858,None,228.8791734003462,k,0.6076720003038645,None,None,229.51114320009947,229.51145610027015,231.5108797000721,231.51091800024733,232.5111049003899,232.51113550039008,233.5259420000948,,,,,,,2,0,2,0,46,0,46,0,858.7282636002637,,,,,,,,,,,,,,,,,,,,,,,,,,,,,,228.8791734003462,858.7139707999304,858.7282636002637,858.7282636002637,858.7282636002637,858.7282636002637,859.3458549003117,k,0.6076720003038645,None,right,0,11,5,8,103,22,None,229.51114320009947,229.51145610027015,859.3462538002059,859.3619539001957,859.3619539001957,861.361280800309,861.361280800309,861.3456124998629,231.5108797000721,231.51091800024733,861.3542049000971,861.361280800309,861.361280800309,862.3615033999085,862.3615033999085,862.3458549999632,stimuli/box_empty_transparent.png,232.5111049003899,232.51113550039008,862.3459296999499,862.3615033999085,863.3774609002285,863.3606885001063,233.5259420000948,,,,,,,,,,,,,,,,666666,right,no,None,2025-05-15_13h24.35.722,RL_out-of-scanner,2024.2.4,59.30051485029988,2025-05-15 13h24.49.402690 -0500,
47,0,47,space,3.9725135997869074,None,5,5.251451900228858,None,233.5281187002547,j,0.5302901999093592,None,None,234.07823260035366,234.07863990031183,237.07741650007665,237.0774539001286,238.07770770043135,238.07773810019717,239.59264020016417,,,,,,,2,0,2,0,47,0,47,0,863.3774609002285,,,,,,,,,,,,,,,,,,,,,,,,,,,,,,233.5281187002547,863.3629324999638,863.3774609002285,863.3774609002285,863.3774609002285,863.3774609002285,863.912930900231,j,0.5302901999093592,None,right,0,11,5,8,103,22,None,234.07823260035366,234.07863990031183,863.9134424999356,863.9281907998957,863.9281907998957,866.9288452998735,866.9288452998735,866.912149600219,237.07741650007665,237.0774539001286,866.9203285998665,866.9288452998735,866.9288452998735,867.9280087999068,867.9280087999068,867.9124604999088,stimuli/box_empty_transparent.png,238.07770770043135,238.07773810019717,867.9125312999822,867.9280087999068,869.5140237999149,869.4273963002488,239.59264020016417,,,,,,,,,,,,,,,,666666,right,no,None,2025-05-15_13h24.35.722,RL_out-of-scanner,2024.2.4,59.30051485029988,2025-05-15 13h24.49.402690 -0500,
48,0,48,space,3.9725135997869074,None,5,5.251451900228858,None,239.67389280023053,k,0.710757500026375,None,None,240.40032610017806,240.40058920020238,241.89960250025615,241.89964170008898,242.90014430042356,242.90017690043896,246.39977850019932,,,,,,,2,0,2,0,48,0,48,0,869.5140237999149,,,,,,,,,,,,,,,,,,,,,,,,,,,,,,239.67389280023053,869.5087137999944,869.5140237999149,869.5140237999149,869.5140237999149,869.5140237999149,870.2350379000418,k,0.710757500026375,None,right,1,11,6,8,104,23,None,240.40032610017806,240.40058920020238,870.2353853001259,870.2509658001363,870.2509658001363,871.7503495002165,871.7503495002165,871.734334600158,241.89960250025615,241.89964170008898,871.7444541002624,871.7503495002165,871.7503495002165,872.7500741998665,872.7500741998665,872.7348954998888,stimuli/box_coin_transparent.png,242.90014430042356,242.90017690043896,872.7349709002301,872.7500741998665,876.2502609998919,876.2345259999856,246.39977850019932,,,,,,,,,,,,,,,,666666,right,no,None,2025-05-15_13h24.35.722,RL_out-of-scanner,2024.2.4,59.30051485029988,2025-05-15 13h24.49.402690 -0500,
49,0,49,space,3.9725135997869074,None,5,5.251451900228858,None,246.40195900015533,k,0.34065609984099865,None,None,246.7667653001845,246.7671487000771,248.2653521001339,248.26539529999718,249.26616040011868,249.2661935002543,249.26686110021546,,,,,,,2,0,2,0,49,0,49,0,876.2502609998919,,,,,,,,,,,,,,,,,,,,,,,,,,,,,,246.40195900015533,876.2367702000774,876.2502609998919,876.2502609998919,876.2502609998919,876.2502609998919,876.6014519999735,k,0.34065609984099865,None,right,1,11,7,8,105,24,None,246.7667653001845,246.7671487000771,876.6019581998698,876.6165599999949,876.6165599999949,878.1168216001242,878.1168216001242,878.1000780998729,248.2653521001339,248.26539529999718,878.110434900038,878.1168216001242,878.1168216001242,,,879.1009090002626,stimuli/box_coin_transparent.png,249.26616040011868,249.2661935002543,879.1009936998598,879.1201165001839,879.1201165001839,879.1016155001707,249.26686110021546,,,,,,,,,,,,,,,,666666,right,no,None,2025-05-15_13h24.35.722,RL_out-of-scanner,2024.2.4,59.30051485029988,2025-05-15 13h24.49.402690 -0500,
2,0,2,space,3.9725135997869074,None,5,5.251451900228858,None,,,,,,,,,,,,,,,,,,,2,0,2,0,,,,,,,,,,,,,,,,,,,,,,,,,,,,,,,,,,,,,,,,,,,,,,,,,,,,,,,,,,,,,,,,,,,,,,,,,,,,,,,,,,,879.1161679001525,879.1201165001839,883.1172545002773,883.1173220002092,883.1330520003103,933.4649339001626,933.4490251000971,,,666666,right,no,None,2025-05-15_13h24.35.722,RL_out-of-scanner,2024.2.4,59.30051485029988,2025-05-15 13h24.49.402690 -0500,
,,,,,,,,,,,,,,,,,,,,,,,,,,,,,,,,,,,,,,,,,,,,,,,,,,,,,,,,,,,,,,,,,,,,,,,,,,,,,,,,,,,,,,,,,,,,,,,,,,,,,,,,,,,,,,,,,,,,,,,,933.4491455000825,933.4494544998743,666666,right,no,None,2025-05-15_13h24.35.722,RL_out-of-scanner,2024.2.4,59.30051485029988,2025-05-15 13h24.49.402690 -0500,
