thisN,thisTrialN,thisRepN,advance_press.keys,advance_press.rt,advance_press.duration,trigger_value.keys,trigger_value.rt,trigger_value.duration,cueOnTime,cue_resp.keys,cue_resp.rt,cue_resp.duration,all_keys.keys,cueOffTime,cueRespOnTime,cueRespOffTime,outcomeOnTime,outcomeOffTime,fixOnTime,fixOffTime,all_keys.rt,all_keys.duration,practice_loop.thisRepN,practice_loop.thisTrialN,practice_loop.thisN,practice_loop.thisIndex,runs.thisRepN,runs.thisTrialN,runs.thisN,runs.thisIndex,trials.thisRepN,trials.thisTrialN,trials.thisN,trials.thisIndex,thisRow.t,notes,prac_dir.started,welcome_text.started,advance_press_pd.started,prac_dir.stopped,advance_press_pd.keys,advance_press_pd.rt,advance_press_pd.duration,summary_instructions.started,summary_text.started,advance_to_runs.started,summary_instructions.stopped,advance_to_runs.keys,advance_to_runs.rt,advance_to_runs.duration,get_ready.started,get_ready_text.started,advance_press.started,get_ready.stopped,runs.advance_press.keys,runs.advance_press.rt,runs.advance_press.duration,scanner_trigger.started,scanner_text.started,trigger_value.started,scanner_trigger.stopped,runs.trigger_value.keys,runs.trigger_value.rt,runs.trigger_value.duration,trials.cueOnTime,cue.started,left_box.started,right_box.started,cue_resp.started,all_keys.started,cue.stopped,trials.cue_resp.keys,trials.cue_resp.rt,trials.cue_resp.duration,good_side,probability_sequence_value,magic_number,num_rewarded,num_switch,total_correct,num_gold_coins,trials.all_keys.keys,trials.cueOffTime,trials.cueRespOnTime,cue_response.started,left_box_response.started,right_box_response.started,left_box_response.stopped,right_box_response.stopped,cue_response.stopped,trials.cueRespOffTime,trials.outcomeOnTime,outcome.started,outcome_left_box.started,outcome_right_box.started,outcome.stopped,outcome_image,trials.outcomeOffTime,trials.fixOnTime,fixation.started,fixation_cross.started,fixation_cross.stopped,fixation.stopped,trials.fixOffTime,outcome_left_box.stopped,outcome_right_box.stopped,run_feedback.started,coins_won_text.started,run_feedback.stopped,leftover_time_break.started,fixation_end.started,fixation_end.stopped,leftover_time_break.stopped,trials.all_keys.rt,trials.all_keys.duration,left_box.stopped,right_box.stopped,cue_resp.stopped,all_keys.stopped,end_exp.started,end_exp.stopped,participant,handedness,practice,restart_from_run,date,expName,psychopyVersion,frameRate,expStart,
,,,,,,,,,,,,,,,,,,,,,,,,,,,,,,,,,,,,,0.03128969995304942,0.03691740008071065,0.03691740008071065,78.0144298998639,j,77.96613069996238,None,,,,,,,,,,,,,,,,,,,,,,,,,,,,,,,,,,,,,,,,,,,,,,,,,,,,,,,,,,,,,,,,,,,,,,,,,,,,,,,067073,right,no,None,2025-05-27_13h18.17.007,RL_out-of-scanner,2024.2.4,59.45299681431391,2025-05-27 13h18.25.779530 -0700,
,,,,,,,,,,,,,,,,,,,,,,,,,,,,,,,,,,,,,,,,,,,,78.01476120017469,78.02658810000867,78.02658810000867,84.372559200041,j,6.337486899923533,None,,,,,,,,,,,,,,,,,,,,,,,,,,,,,,,,,,,,,,,,,,,,,,,,,,,,,,,,,,,,,,,,,,,,,,,,067073,right,no,None,2025-05-27_13h18.17.007,RL_out-of-scanner,2024.2.4,59.45299681431391,2025-05-27 13h18.25.779530 -0700,
0,0,0,space,14.694444600027055,None,space,3.209216400049627,None,0.0021310998126864433,j,1.1257074996829033,None,None,1.1497912998311222,1.1500876997597516,2.1483159996569157,2.1483705998398364,3.163058599922806,3.163104099687189,5.178541099652648,,,,,,,0,0,0,0,0,0,0,0,102.3411987000145,,,,,,,,,,,,,,,,84.37289319979027,84.38793940003961,84.38793940003961,99.09487959975377,space,14.694444600027055,None,99.09501009993255,99.1097865998745,99.1097865998745,102.32548459991813,space,3.209216400049627,None,0.0021310998126864433,102.32770009990782,102.3411987000145,102.3411987000145,102.3411987000145,102.3411987000145,103.47525569982827,j,1.1257074996829033,None,right,0,14,0,0,0,0,None,1.1497912998311222,1.1500876997597516,103.47565300017595,103.4902723999694,103.4902723999694,104.49721289984882,104.49721289984882,104.47377509996295,2.1483159996569157,2.1483705998398364,104.48890649992973,104.49721289984882,104.49721289984882,105.48855380015448,stimuli/box_empty_transparent.png,3.163058599922806,3.163104099687189,105.48867269977927,105.50480279978365,107.5202878001146,107.50404059980065,5.178541099652648,,,,,,,,,,,,,,,,,,067073,right,no,None,2025-05-27_13h18.17.007,RL_out-of-scanner,2024.2.4,59.45299681431391,2025-05-27 13h18.25.779530 -0700,
1,0,1,space,14.694444600027055,None,space,3.209216400049627,None,5.181007699575275,k,0.3348253997974098,None,None,5.546009899582714,5.546409799717367,7.060645799618214,7.0606995997950435,8.076008999720216,8.076054899953306,9.591732599772513,,,,,,,0,0,0,0,1,0,1,0,107.5202878001146,,,,,,,,,,,,,,,,,,,,,,,,,,,,,,5.181007699575275,107.50659979972988,107.5202878001146,107.5202878001146,107.5202878001146,107.5202878001146,107.87142980005592,k,0.3348253997974098,None,right,1,14,1,0,1,1,None,5.546009899582714,5.546409799717367,107.87198669975623,107.8864611000754,107.8864611000754,109.41143140010536,109.41143140010536,109.38611999992281,7.060645799618214,7.0606995997950435,109.40359959984198,109.41143140010536,109.41143140010536,110.40150479972363,stimuli/box_coin_transparent.png,8.076008999720216,8.076054899953306,110.40162670006976,110.41787849972025,111.93385990010574,111.91722980001941,9.591732599772513,,,,,,,,,,,,,,,,,,067073,right,no,None,2025-05-27_13h18.17.007,RL_out-of-scanner,2024.2.4,59.45299681431391,2025-05-27 13h18.25.779530 -0700,
2,0,2,space,14.694444600027055,None,space,3.209216400049627,None,9.594326499849558,k,0.5152910999022424,None,None,10.126180099789053,10.1265778997913,11.124135799705982,11.124188899993896,12.139405999798328,12.139452199917287,15.153956199996173,,,,,,,0,0,0,0,2,0,2,0,111.93385990010574,,,,,,,,,,,,,,,,,,,,,,,,,,,,,,9.594326499849558,111.91992100002244,111.93385990010574,111.93385990010574,111.93385990010574,111.93385990010574,112.45160220004618,k,0.5152910999022424,None,right,1,14,2,0,2,2,None,10.126180099789053,10.1265778997913,112.45215639984235,112.46631720010191,112.46631720010191,113.47439299989492,113.47439299989492,113.44960509985685,11.124135799705982,11.124188899993896,113.46761350007728,113.47439299989492,113.47439299989492,114.46490029990673,stimuli/box_coin_transparent.png,12.139405999798328,12.139452199917287,114.46502360003069,114.48109839996323,117.49567470001057,117.47945549990982,15.153956199996173,,,,,,,,,,,,,,,,,,067073,right,no,None,2025-05-27_13h18.17.007,RL_out-of-scanner,2024.2.4,59.45299681431391,2025-05-27 13h18.25.779530 -0700,
3,0,3,space,14.694444600027055,None,space,3.209216400049627,None,15.156515599694103,k,0.4389050002209842,None,None,15.621753899846226,15.622009399812669,17.634946199599653,17.63498149998486,18.63493789965287,18.634982499759644,19.633843299932778,,,,,,,0,0,0,0,3,0,3,0,117.49567470001057,,,,,,,,,,,,,,,,,,,,,,,,,,,,,,15.156515599694103,117.48210710007697,117.49567470001057,117.49567470001057,117.49567470001057,117.49567470001057,117.94722119998187,k,0.4389050002209842,None,right,1,14,3,0,3,3,None,15.621753899846226,15.622009399812669,117.94756919983774,117.96198560018092,117.96198560018092,119.9769577998668,119.9769577998668,119.96042999997735,17.634946199599653,17.63498149998486,119.9714013999328,119.9769577998668,119.9769577998668,120.96043139975518,stimuli/box_coin_transparent.png,18.63493789965287,18.634982499759644,120.96055339975283,120.97574569983408,121.97527669975534,121.95934299984947,19.633843299932778,120.97574569983408,120.97574569983408,,,,,,,,,,,,,,,,067073,right,no,None,2025-05-27_13h18.17.007,RL_out-of-scanner,2024.2.4,59.45299681431391,2025-05-27 13h18.25.779530 -0700,
4,0,4,space,14.694444600027055,None,space,3.209216400049627,None,19.636334199924022,k,0.4843293996527791,None,None,20.151895399671048,20.152296299580485,21.166044699959457,21.166095899883658,22.181178199592978,22.18122429959476,24.696439699735492,,,,,,,0,0,0,0,4,0,4,0,121.97527669975534,,,,,,,,,,,,,,,,,,,,,,,,,,,,,,19.636334199924022,121.96192899998277,121.97527669975534,121.97527669975534,121.97527669975534,121.97527669975534,122.47732189996168,k,0.4843293996527791,None,right,1,14,4,0,4,4,None,20.151895399671048,20.152296299580485,122.47787489974871,122.49171359976754,122.49171359976754,123.51607749983668,123.51607749983668,123.49151600012556,21.166044699959457,21.166095899883658,123.50923749990761,123.51607749983668,123.51607749983668,124.50667339982465,stimuli/box_coin_transparent.png,22.181178199592978,22.18122429959476,124.50679610017687,124.52280300017446,127.03823600010946,127.02193869976327,24.696439699735492,,,,,,,,,,,,,,,,,,067073,right,no,None,2025-05-27_13h18.17.007,RL_out-of-scanner,2024.2.4,59.45299681431391,2025-05-27 13h18.25.779530 -0700,
5,0,5,space,14.694444600027055,None,space,3.209216400049627,None,24.69882689975202,k,0.604286799672991,None,None,25.330856499727815,25.331256999634206,28.84363059978932,28.84368379972875,29.85890579968691,29.858951599802822,31.87444159993902,,,,,,,0,0,0,0,5,0,5,0,127.03823600010946,,,,,,,,,,,,,,,,,,,,,,,,,,,,,,24.69882689975202,127.02441859990358,127.03823600010946,127.03823600010946,127.03823600010946,127.03823600010946,127.6562848999165,k,0.604286799672991,None,right,0,14,4,0,5,4,None,25.330856499727815,25.331256999634206,127.65683489991352,127.67110439995304,127.67110439995304,131.1902817999944,131.1902817999944,131.16909419978037,28.84363059978932,28.84368379972875,131.18341629998758,131.1902817999944,131.1902817999944,132.18440040014684,stimuli/box_empty_transparent.png,29.85890579968691,29.858951599802822,132.18452720018104,132.20021970011294,134.21571910008788,134.19993929984048,31.87444159993902,,,,,,,,,,,,,,,,,,067073,right,no,None,2025-05-27_13h18.17.007,RL_out-of-scanner,2024.2.4,59.45299681431391,2025-05-27 13h18.25.779530 -0700,
6,0,6,space,14.694444600027055,None,space,3.209216400049627,None,31.877075699623674,j,0.39664799999445677,None,None,32.29155509965494,32.29199709976092,33.29030229989439,33.29035829985514,34.305132299661636,34.305162999778986,35.30451859999448,,,,,,,0,0,0,0,6,0,6,0,134.21571910008788,,,,,,,,,,,,,,,,,,,,,,,,,,,,,,31.877075699623674,134.20267229992896,134.21571910008788,134.21571910008788,134.21571910008788,134.21571910008788,134.61698699975386,j,0.39664799999445677,None,right,0,14,4,0,5,4,None,32.29155509965494,32.29199709976092,134.61757689993829,134.6318434998393,134.6318434998393,135.63822280010208,135.63822280010208,135.61576119996607,33.29030229989439,33.29035829985514,135.6310418001376,135.63822280010208,135.63822280010208,136.63063109992072,stimuli/box_empty_transparent.png,34.305132299661636,34.305162999778986,136.6307180998847,136.64677699981257,137.64622979983687,137.6300173997879,35.30451859999448,,,,,,,,,,,,,,,,,,067073,right,no,None,2025-05-27_13h18.17.007,RL_out-of-scanner,2024.2.4,59.45299681431391,2025-05-27 13h18.25.779530 -0700,
7,0,7,space,14.694444600027055,None,space,3.209216400049627,None,35.30704539967701,j,1.0918699000030756,None,None,36.421653899829835,36.42215389991179,38.43582349969074,38.43587949965149,39.45090049970895,39.450947999954224,41.466301899868995,,,,,,,0,0,0,0,7,0,7,0,137.64622979983687,,,,,,,,,,,,,,,,,,,,,,,,,,,,,,35.30704539967701,137.63263559993356,137.64622979983687,137.64622979983687,137.64622979983687,137.64622979983687,138.74707699986175,j,1.0918699000030756,None,right,0,14,4,0,5,4,None,36.421653899829835,36.42215389991179,138.74773890012875,138.76190439984202,138.76190439984202,140.78250910015777,140.78250910015777,140.76128150010481,38.43582349969074,38.43587949965149,140.77561279991642,140.78250910015777,140.78250910015777,141.7763951998204,stimuli/box_empty_transparent.png,39.45090049970895,39.450947999954224,141.77651959983632,141.7924434999004,143.80796819971874,143.79180039977655,41.466301899868995,,,,,,,,,,,,,,,,,,067073,right,no,None,2025-05-27_13h18.17.007,RL_out-of-scanner,2024.2.4,59.45299681431391,2025-05-27 13h18.25.779530 -0700,
8,0,8,space,14.694444600027055,None,space,3.209216400049627,None,41.46914719976485,j,0.3206277000717819,None,None,41.81773479981348,41.818218200001866,44.830518999602646,44.83057220000774,45.84586119977757,45.84591129980981,47.36164499958977,,,,,,,0,0,0,0,8,0,8,0,143.80796819971874,,,,,,,,,,,,,,,,,,,,,,,,,,,,,,41.46914719976485,143.79474319983274,143.80796819971874,143.80796819971874,143.80796819971874,143.80796819971874,144.14311499986798,j,0.3206277000717819,None,right,0,14,4,0,5,4,None,41.81773479981348,41.818218200001866,144.14380249986425,144.15784370014444,144.15784370014444,147.1772364997305,147.1772364997305,147.15598569996655,44.830518999602646,44.83057220000774,147.17041900008917,147.1772364997305,147.1772364997305,148.17131569981575,stimuli/box_empty_transparent.png,45.84586119977757,45.84591129980981,148.17148530017585,148.18731479998678,149.70343919983134,149.68714369973168,47.36164499958977,,,,,,,,,,,,,,,,,,067073,right,no,None,2025-05-27_13h18.17.007,RL_out-of-scanner,2024.2.4,59.45299681431391,2025-05-27 13h18.25.779530 -0700,
9,0,9,space,14.694444600027055,None,space,3.209216400049627,None,47.36415719985962,j,1.0223450004123151,None,None,48.412742499727756,48.41323299985379,49.926927199587226,49.926984699908644,50.94194419961423,50.94199649989605,52.9574482999742,,,,,,,0,0,0,0,9,0,9,0,149.70343919983134,,,,,,,,,,,,,,,,,,,,,,,,,,,,,,47.36415719985962,149.68979070009664,149.70343919983134,149.70343919983134,149.70343919983134,149.70343919983134,150.73816809989512,j,1.0223450004123151,None,right,0,14,4,0,5,4,None,48.412742499727756,48.41323299985379,150.73881480004638,150.7525504999794,150.7525504999794,152.27427459973842,152.27427459973842,152.2523830998689,49.926927199587226,49.926984699908644,152.2674357998185,152.27427459973842,152.27427459973842,153.26743650017306,stimuli/box_empty_transparent.png,50.94194419961423,50.94199649989605,153.2675689999014,153.28322600014508,155.29905379982665,155.28294620011002,52.9574482999742,,,,,,,,,,,,,,,,,,067073,right,no,None,2025-05-27_13h18.17.007,RL_out-of-scanner,2024.2.4,59.45299681431391,2025-05-27 13h18.25.779530 -0700,
10,0,10,space,14.694444600027055,None,space,3.209216400049627,None,52.96000919956714,k,0.273507300298661,None,None,53.258002599701285,53.258402599953115,54.756341399624944,54.75639459956437,55.77113959984854,55.77118589961901,56.77082439977676,,,,,,,0,0,0,0,10,0,10,0,155.29905379982665,,,,,,,,,,,,,,,,,,,,,,,,,,,,,,52.96000919956714,155.2856008997187,155.29905379982665,155.29905379982665,155.29905379982665,155.29905379982665,155.58343230001628,k,0.273507300298661,None,right,1,14,5,0,6,5,None,53.258002599701285,53.258402599953115,155.58398120012134,155.59842819999903,155.59842819999903,157.10256450017914,157.10256450017914,157.08180780010298,54.756341399624944,54.75639459956437,157.09589530015364,157.10256450017914,157.10256450017914,158.09663320006803,stimuli/box_coin_transparent.png,55.77113959984854,55.77118589961901,158.0967580997385,158.11283979984,159.11241979990155,159.0963352001272,56.77082439977676,,,,,,,,,,,,,,,,,,067073,right,no,None,2025-05-27_13h18.17.007,RL_out-of-scanner,2024.2.4,59.45299681431391,2025-05-27 13h18.25.779530 -0700,
11,0,11,space,14.694444600027055,None,space,3.209216400049627,None,56.7722772997804,k,0.4964979002252221,None,None,57.28879679972306,57.289249499794096,59.3020331999287,59.3020674996078,60.317606299649924,60.31765270000324,61.83326239977032,,,,,,,0,0,0,0,11,0,11,0,159.11241979990155,,,,,,,,,,,,,,,,,,,,,,,,,,,,,,56.7722772997804,159.0978449000977,159.11241979990155,159.11241979990155,159.11241979990155,159.11241979990155,159.614217299968,k,0.4964979002252221,None,right,1,14,6,0,7,6,None,57.28879679972306,57.289249499794096,159.614832600113,159.6288851997815,159.6288851997815,161.64424049993977,161.64424049993977,161.62752259988338,59.3020331999287,59.3020674996078,161.63773550000042,161.64424049993977,161.64424049993977,162.6431006998755,stimuli/box_coin_transparent.png,60.317606299649924,60.31765270000324,162.64322410011664,162.65934649994597,164.1751032001339,164.1587724997662,61.83326239977032,,,,,,,,,,,,,,,,,,067073,right,no,None,2025-05-27_13h18.17.007,RL_out-of-scanner,2024.2.4,59.45299681431391,2025-05-27 13h18.25.779530 -0700,
12,0,12,space,14.694444600027055,None,space,3.209216400049627,None,61.83472739998251,k,0.44634229969233274,None,None,62.30049799988046,62.30076149990782,63.29996879957616,63.30002089962363,64.31456939969212,64.31461619958282,67.32920939987525,,,,,,,0,0,0,0,12,0,12,0,164.1751032001339,,,,,,,,,,,,,,,,,,,,,,,,,,,,,,61.83472739998251,164.16029480006546,164.1751032001339,164.1751032001339,164.1751032001339,164.1751032001339,164.62595869973302,k,0.44634229969233274,None,right,1,14,7,0,8,7,None,62.30049799988046,62.30076149990782,164.62632169993594,164.64110169978812,164.64110169978812,165.6501361997798,165.6501361997798,165.6254210001789,63.29996879957616,63.30002089962363,165.6430591000244,165.6501361997798,165.6501361997798,166.6400644001551,stimuli/box_coin_transparent.png,64.31456939969212,64.31461619958282,166.64018720015883,166.6561957001686,169.6709489999339,169.65470879990608,67.32920939987525,,,,,,,,,,,,,,,,,,067073,right,no,None,2025-05-27_13h18.17.007,RL_out-of-scanner,2024.2.4,59.45299681431391,2025-05-27 13h18.25.779530 -0700,
13,0,13,space,14.694444600027055,None,space,3.209216400049627,None,67.33171019982547,k,0.46463129995390773,None,None,67.8132333997637,67.8138137999922,68.31239779992029,68.31245309999213,69.32723379973322,69.32728690002114,71.34242789959535,,,,,,,0,0,0,0,13,0,13,0,169.6709489999339,,,,,,,,,,,,,,,,,,,,,,,,,,,,,,67.33171019982547,169.65730400010943,169.6709489999339,169.6709489999339,169.6709489999339,169.6709489999339,170.13866319973022,k,0.46463129995390773,None,right,1,14,8,0,9,8,None,67.8132333997637,67.8138137999922,170.1394046000205,170.15347420005128,170.15347420005128,170.66258430015296,170.66258430015296,170.63786059990525,68.31239779992029,68.31245309999213,170.6555316997692,170.66258430015296,170.66258430015296,171.6527281999588,stimuli/box_coin_transparent.png,69.32723379973322,69.32728690002114,171.65285750012845,171.6687068999745,173.68421059986576,173.66792650008574,71.34242789959535,,,,,,,,,,,,,,,,,,067073,right,no,None,2025-05-27_13h18.17.007,RL_out-of-scanner,2024.2.4,59.45299681431391,2025-05-27 13h18.25.779530 -0700,
14,0,14,space,14.694444600027055,None,space,3.209216400049627,None,71.34505369979888,k,0.5434053996577859,None,None,71.9103790000081,71.91081949975342,73.42495259968564,73.42500639986247,74.43984230002388,74.43988889968023,75.43932429980487,,,,,,,0,0,0,0,14,0,14,0,173.68421059986576,,,,,,,,,,,,,,,,,,,,,,,,,,,,,,71.34505369979888,173.67065500002354,173.68421059986576,173.68421059986576,173.68421059986576,173.68421059986576,174.23580530006438,k,0.5434053996577859,None,right,0,14,8,0,10,8,None,71.9103790000081,71.91081949975342,174.23639959981665,174.25039110006765,174.25039110006765,175.7717419997789,175.7717419997789,175.75041820015758,73.42495259968564,73.42500639986247,175.76477660005912,175.7717419997789,175.7717419997789,176.76533770002425,stimuli/box_empty_transparent.png,74.43984230002388,74.43988889968023,176.7654848000966,176.78129610000178,177.7810291000642,177.7648219000548,75.43932429980487,,,,,,,,,,,,,,,,,,067073,right,no,None,2025-05-27_13h18.17.007,RL_out-of-scanner,2024.2.4,59.45299681431391,2025-05-27 13h18.25.779530 -0700,
15,0,15,space,14.694444600027055,None,space,3.209216400049627,None,75.44191259983927,j,0.8775626998394728,None,None,76.34067059960216,76.34113049972802,77.33812469989061,77.33817929960787,78.35336449975148,78.35341009963304,80.36878369981423,,,,,,,0,0,0,0,15,0,15,0,177.7810291000642,,,,,,,,,,,,,,,,,,,,,,,,,,,,,,75.44191259983927,177.76750849978998,177.7810291000642,177.7810291000642,177.7810291000642,177.7810291000642,178.66605579992756,j,0.8775626998394728,None,right,0,14,8,0,10,8,None,76.34067059960216,76.34113049972802,178.6667109997943,178.68025359977037,178.68025359977037,179.68506600009277,179.68506600009277,179.66358140017837,77.33812469989061,77.33817929960787,179.67809800012037,179.68506600009277,179.68506600009277,180.6788602997549,stimuli/box_empty_transparent.png,78.35336449975148,78.35341009963304,180.67898180009797,180.69481980009004,182.71047799987718,182.6942833000794,80.36878369981423,,,,,,,,,,,,,,,,,,067073,right,no,None,2025-05-27_13h18.17.007,RL_out-of-scanner,2024.2.4,59.45299681431391,2025-05-27 13h18.25.779530 -0700,
16,0,16,space,14.694444600027055,None,space,3.209216400049627,None,80.37151499977335,k,0.3037956999614835,None,None,80.70299459993839,80.7034097998403,82.71725449990481,82.71731159975752,83.7323873997666,83.73243959993124,84.74828379973769,,,,,,,0,0,0,0,16,0,16,0,182.71047799987718,,,,,,,,,,,,,,,,,,,,,,,,,,,,,,80.37151499977335,182.69714799989015,182.71047799987718,182.71047799987718,182.71047799987718,182.71047799987718,183.02841420006007,k,0.3037956999614835,None,right,1,14,9,0,11,9,None,80.70299459993839,80.7034097998403,183.02899219980463,183.04352620011196,183.04352620011196,185.06829820014536,185.06829820014536,185.0426843999885,82.71725449990481,82.71731159975752,185.06146040000021,185.06829820014536,185.06829820014536,186.05788190010935,stimuli/box_coin_transparent.png,83.7323873997666,83.73243959993124,186.05801150016487,186.07404890004545,187.09015459986404,187.073783100117,84.74828379973769,,,,,,,,,,,,,,,,,,067073,right,no,None,2025-05-27_13h18.17.007,RL_out-of-scanner,2024.2.4,59.45299681431391,2025-05-27 13h18.25.779530 -0700,
17,0,17,space,14.694444600027055,None,space,3.209216400049627,None,84.75098709994927,k,1.2041349997743964,None,None,85.98279969999567,85.98320869961753,86.98022149968892,86.98027529986575,87.99563649995252,87.995684299618,88.99512989958748,,,,,,,0,0,0,0,17,0,17,0,187.09015459986404,,,,,,,,,,,,,,,,,,,,,,,,,,,,,,84.75098709994927,187.07659319974482,187.09015459986404,187.09015459986404,187.09015459986404,187.09015459986404,188.30822680005804,k,1.2041349997743964,None,right,1,14,10,0,12,10,None,85.98279969999567,85.98320869961753,188.308827099856,188.32241040002555,188.32241040002555,189.32992419973016,189.32992419973016,189.30569319985807,86.98022149968892,86.98027529986575,189.32350279996172,189.32992419973016,189.32992419973016,190.3211257001385,stimuli/box_coin_transparent.png,87.99563649995252,87.995684299618,190.32125779986382,190.33726330008358,191.33685459988192,191.32062949985266,88.99512989958748,,,,,,,,,,,,,,,,,,067073,right,no,None,2025-05-27_13h18.17.007,RL_out-of-scanner,2024.2.4,59.45299681431391,2025-05-27 13h18.25.779530 -0700,
18,0,18,space,14.694444600027055,None,space,3.209216400049627,None,88.99695389997214,k,0.29144510021433234,None,None,89.313138499856,89.31358139961958,92.8257420998998,92.82579759974033,93.84113229997456,93.8411779999733,95.8563412996009,,,,,,,0,0,0,0,18,0,18,0,191.33685459988192,,,,,,,,,,,,,,,,,,,,,,,,,,,,,,88.99695389997214,191.32252370007336,191.33685459988192,191.33685459988192,191.33685459988192,191.33685459988192,191.63856509979814,k,0.29144510021433234,None,right,0,14,10,0,13,10,None,89.313138499856,89.31358139961958,191.63916150014848,191.6532101999037,191.6532101999037,195.17219559988007,195.17219559988007,195.15119830006734,92.8257420998998,92.82579759974033,195.1651805001311,195.17219559988007,195.17219559988007,196.1666271998547,stimuli/box_empty_transparent.png,93.84113229997456,93.8411779999733,196.1667502000928,196.1828149999492,198.19784560007975,198.1818405999802,95.8563412996009,,,,,,,,,,,,,,,,,,067073,right,no,None,2025-05-27_13h18.17.007,RL_out-of-scanner,2024.2.4,59.45299681431391,2025-05-27 13h18.25.779530 -0700,
19,0,19,space,14.694444600027055,None,space,3.209216400049627,None,95.8588093998842,k,0.5279614999890327,None,None,96.4079331997782,96.40833839960396,97.40570529969409,97.40575929963961,98.42049389984459,98.42054149974138,99.93648339994252,,,,,,,0,0,0,0,19,0,19,0,198.19784560007975,,,,,,,,,,,,,,,,,,,,,,,,,,,,,,95.8588093998842,198.1844008998014,198.19784560007975,198.19784560007975,198.19784560007975,198.19784560007975,198.73335759993643,k,0.5279614999890327,None,right,1,14,11,0,14,11,None,96.4079331997782,96.40833839960396,198.7339169997722,198.74750339984894,198.74750339984894,199.75565430009738,199.75565430009738,199.73116709990427,97.40570529969409,97.40575929963961,199.74874790012836,199.75565430009738,199.75565430009738,200.74598839972168,stimuli/box_coin_transparent.png,98.42049389984459,98.42054149974138,200.74611299997196,200.76226239977404,202.2781834001653,202.26198189985007,99.93648339994252,,,,,,,,,,,,,,,,,,067073,right,no,None,2025-05-27_13h18.17.007,RL_out-of-scanner,2024.2.4,59.45299681431391,2025-05-27 13h18.25.779530 -0700,
20,0,20,space,14.694444600027055,None,space,3.209216400049627,None,99.93916339986026,k,0.9066377002745867,None,None,100.87089649960399,100.871299599763,102.8961584996432,102.89619269967079,103.89943929994479,103.89948789961636,105.91486059967428,,,,,,,0,0,0,0,20,0,20,0,202.2781834001653,,,,,,,,,,,,,,,,,,,,,,,,,,,,,,99.93916339986026,202.26476310007274,202.2781834001653,202.2781834001653,202.2781834001653,202.2781834001653,203.19630499975756,k,0.9066377002745867,None,right,1,14,12,0,15,12,None,100.87089649960399,100.871299599763,203.19687819993123,203.21061450010166,203.21061450010166,205.2375639998354,205.2375639998354,205.22165230009705,102.8961584996432,102.89619269967079,205.23209979990497,205.2375639998354,205.2375639998354,206.22493040002882,stimuli/box_coin_transparent.png,103.89943929994479,103.89948789961636,206.22505929972976,206.24104159977287,208.256967399735,208.24035960016772,105.91486059967428,,,,,,,,,,,,,,,,,,067073,right,no,None,2025-05-27_13h18.17.007,RL_out-of-scanner,2024.2.4,59.45299681431391,2025-05-27 13h18.25.779530 -0700,
21,0,21,space,14.694444600027055,None,space,3.209216400049627,None,105.91737499972805,k,0.38222779985517263,None,None,106.31655689980835,106.31695709982887,109.32957449974492,109.3296286999248,110.34449229994789,110.34454469988123,111.86020229989663,,,,,,,0,0,0,0,21,0,21,0,208.256967399735,,,,,,,,,,,,,,,,,,,,,,,,,,,,,,105.91737499972805,208.24296639999375,208.256967399735,208.256967399735,208.256967399735,208.256967399735,208.6419840999879,k,0.38222779985517263,None,right,1,14,13,0,16,13,None,106.31655689980835,106.31695709982887,208.64253559987992,208.65665249992162,208.65665249992162,211.6790426997468,211.6790426997468,211.65503450017422,109.32957449974492,109.3296286999248,211.6723064999096,211.6790426997468,211.6790426997468,212.66998700005934,stimuli/box_coin_transparent.png,110.34449229994789,110.34454469988123,212.67011669976637,212.68612449988723,214.20193690015003,214.18570140004158,111.86020229989663,,,,,,,,,,,,,,,,,,067073,right,no,None,2025-05-27_13h18.17.007,RL_out-of-scanner,2024.2.4,59.45299681431391,2025-05-27 13h18.25.779530 -0700,
22,0,22,space,14.694444600027055,None,space,3.209216400049627,None,111.86275939969346,k,0.33372890017926693,None,None,112.22871599998325,112.22913290001452,113.74261599965394,113.74267149996012,114.75751469982788,114.75754519971088,116.77302439976484,,,,,,,0,0,0,0,22,0,22,0,214.20193690015003,,,,,,,,,,,,,,,,,,,,,,,,,,,,,,111.86275939969346,214.18835159996524,214.20193690015003,214.20193690015003,214.20193690015003,214.20193690015003,214.5541121000424,k,0.33372890017926693,None,right,1,14,14,0,17,14,None,112.22871599998325,112.22913290001452,214.5547112999484,214.56828809995204,214.56828809995204,216.09219750016928,216.09219750016928,216.0680808001198,113.74261599965394,113.74267149996012,216.0854095001705,216.09219750016928,216.09219750016928,217.08302169991657,stimuli/box_coin_transparent.png,114.75751469982788,114.75754519971088,217.0831006001681,217.09916889993474,219.1144376997836,219.09852240001783,116.77302439976484,,,,,,,,,,,,,,,,,,067073,right,no,None,2025-05-27_13h18.17.007,RL_out-of-scanner,2024.2.4,59.45299681431391,2025-05-27 13h18.25.779530 -0700,
23,0,23,space,14.694444600027055,None,space,3.209216400049627,None,116.77543459972367,k,0.3013009000569582,None,None,117.10786319989711,117.10827409988269,118.62200779980049,118.62206309987232,119.63708749972284,119.63713729986921,121.15302369976416,,,,,,,0,0,0,0,23,0,23,0,219.1144376997836,,,,,,,,,,,,,,,,,,,,,,,,,,,,,,116.77543459972367,219.1010265997611,219.1144376997836,219.1144376997836,219.1144376997836,219.1144376997836,219.43328370014206,k,0.3013009000569582,None,left,1,8,0,1,17,14,None,117.10786319989711,117.10827409988269,219.43385249981657,219.44779059989378,219.44779059989378,220.96855690004304,220.96855690004304,220.94747059978545,118.62200779980049,118.62206309987232,220.96156059997156,220.96855690004304,220.96855690004304,221.9625828997232,stimuli/box_empty_transparent.png,119.63708749972284,119.63713729986921,221.96270960010588,221.97884200001135,223.49442469980568,223.47852399991825,121.15302369976416,,,,,,,,,,,,,,,,,,067073,right,no,None,2025-05-27_13h18.17.007,RL_out-of-scanner,2024.2.4,59.45299681431391,2025-05-27 13h18.25.779530 -0700,
24,0,24,space,14.694444600027055,None,space,3.209216400049627,None,121.15544090000913,k,0.35463100019842386,None,None,121.53760449960828,121.53804089967161,123.55069089960307,123.55072699999437,124.5663947998546,124.56644109962508,126.08219119999558,,,,,,,0,0,0,0,24,0,24,0,223.49442469980568,,,,,,,,,,,,,,,,,,,,,,,,,,,,,,121.15544090000913,223.48103290004656,223.49442469980568,223.49442469980568,223.49442469980568,223.49442469980568,223.86303230002522,k,0.35463100019842386,None,left,1,8,0,1,17,14,None,121.53760449960828,121.53804089967161,223.86362090008333,223.8772407998331,223.8772407998331,225.89272090001032,225.89272090001032,225.87617990002036,123.55069089960307,123.55072699999437,225.88489349978045,225.89272090001032,225.89272090001032,226.8918892997317,stimuli/box_empty_transparent.png,124.5663947998546,124.56644109962508,226.89201269997284,226.90789639996365,228.424116499722,228.40765989990905,126.08219119999558,,,,,,,,,,,,,,,,,,067073,right,no,None,2025-05-27_13h18.17.007,RL_out-of-scanner,2024.2.4,59.45299681431391,2025-05-27 13h18.25.779530 -0700,
25,0,25,space,14.694444600027055,None,space,3.209216400049627,None,126.08466889988631,j,0.5214615999720991,None,None,126.63361509982497,126.6340907998383,127.63154859980568,127.63161349995062,128.64653029991314,128.64659979986027,132.1606556000188,,,,,,,0,0,0,0,25,0,25,0,228.424116499722,,,,,,,,,,,,,,,,,,,,,,,,,,,,,,126.08466889988631,228.41026079980657,228.424116499722,228.424116499722,228.424116499722,228.424116499722,228.95904129976407,j,0.5214615999720991,None,left,1,8,1,1,18,15,None,126.63361509982497,126.6340907998383,228.9596711997874,228.9735841001384,228.9735841001384,229.9819029001519,229.9819029001519,229.957014599815,127.63154859980568,127.63161349995062,229.9745939001441,229.9819029001519,229.9819029001519,230.9720256999135,stimuli/box_coin_transparent.png,128.64653029991314,128.64659979986027,230.9721723999828,230.9882408999838,234.50241310009733,234.48615460004658,132.1606556000188,,,,,,,,,,,,,,,,,,067073,right,no,None,2025-05-27_13h18.17.007,RL_out-of-scanner,2024.2.4,59.45299681431391,2025-05-27 13h18.25.779530 -0700,
26,0,26,space,14.694444600027055,None,space,3.209216400049627,None,132.16334309987724,j,0.32822589995339513,None,None,132.5124464998953,132.51294279983267,133.01089629996568,133.0109502999112,134.025494299829,134.02554099960253,137.53982879966497,,,,,,,0,0,0,0,26,0,26,0,234.50241310009733,,,,,,,,,,,,,,,,,,,,,,,,,,,,,,132.16334309987724,234.4889401998371,234.50241310009733,234.50241310009733,234.50241310009733,234.50241310009733,234.83787389984354,j,0.32822589995339513,None,left,0,8,1,1,19,15,None,132.5124464998953,132.51294279983267,234.83853279985487,234.85205460013822,234.85205460013822,235.3577179000713,235.3577179000713,235.33635989995673,133.01089629996568,133.0109502999112,235.3506772997789,235.3577179000713,235.3577179000713,236.3509892001748,stimuli/box_empty_transparent.png,134.025494299829,134.02554099960253,236.3511131000705,236.36706920014694,239.8814750998281,239.86532810004428,137.53982879966497,,,,,,,,,,,,,,,,,,067073,right,no,None,2025-05-27_13h18.17.007,RL_out-of-scanner,2024.2.4,59.45299681431391,2025-05-27 13h18.25.779530 -0700,
27,0,27,space,14.694444600027055,None,space,3.209216400049627,None,137.54243349982426,j,0.3567185001447797,None,None,137.92442809976637,137.92488519987091,139.42244869982824,139.4225022997707,140.43710889993235,140.43716169986874,141.4367133998312,,,,,,,0,0,0,0,27,0,27,0,239.8814750998281,,,,,,,,,,,,,,,,,,,,,,,,,,,,,,137.54243349982426,239.86802840000018,239.8814750998281,239.8814750998281,239.8814750998281,239.8814750998281,240.24985439982265,j,0.3567185001447797,None,left,0,8,1,1,20,15,None,137.92442809976637,137.92488519987091,240.25046510016546,240.26458359975368,240.26458359975368,241.76977600017563,241.76977600017563,241.74791349982843,139.42244869982824,139.4225022997707,241.76240789983422,241.76977600017563,241.76977600017563,242.76260269992054,stimuli/box_empty_transparent.png,140.43710889993235,140.43716169986874,242.76273389998823,242.77872679987922,243.77844240004197,243.76221300009638,141.4367133998312,,,,,,,,,,,,,,,,,,067073,right,no,None,2025-05-27_13h18.17.007,RL_out-of-scanner,2024.2.4,59.45299681431391,2025-05-27 13h18.25.779530 -0700,
28,0,28,space,14.694444600027055,None,space,3.209216400049627,None,141.43966659996659,k,0.40862599993124604,None,None,141.87156109977514,141.87195950001478,142.86941519984975,142.8694703998044,143.88451439980417,143.88455979991704,147.39858059957623,,,,,,,0,0,0,0,28,0,28,0,243.77844240004197,,,,,,,,,,,,,,,,,,,,,,,,,,,,,,141.43966659996659,243.76526430016384,243.77844240004197,243.77844240004197,243.77844240004197,243.77844240004197,244.19698909996077,k,0.40862599993124604,None,left,0,8,1,1,20,15,None,141.87156109977514,141.87195950001478,244.1975374999456,244.21131299994886,244.21131299994886,245.21643909998238,245.21643909998238,245.19488129997626,142.86941519984975,142.8694703998044,245.2093643997796,245.21643909998238,245.21643909998238,246.21000970015302,stimuli/box_empty_transparent.png,143.88451439980417,143.88455979991704,246.21013560006395,246.22587059997022,249.740295200143,249.7240808000788,147.39858059957623,,,,,,,,,,,,,,,,,,067073,right,no,None,2025-05-27_13h18.17.007,RL_out-of-scanner,2024.2.4,59.45299681431391,2025-05-27 13h18.25.779530 -0700,
29,0,29,space,14.694444600027055,None,space,3.209216400049627,None,147.40103719988838,k,0.41384000005200505,None,None,147.83368899999186,147.83409829996526,149.8468515998684,149.84690379956737,150.86221199994907,150.8622614997439,151.86180569976568,,,,,,,0,0,0,0,29,0,29,0,249.740295200143,,,,,,,,,,,,,,,,,,,,,,,,,,,,,,147.40103719988838,249.72662799991667,249.740295200143,249.740295200143,249.740295200143,249.740295200143,250.15911519993097,k,0.41384000005200505,None,left,0,8,1,1,20,15,None,147.83368899999186,147.83409829996526,250.15967650013044,250.17334390012547,250.17334390012547,252.19310500007123,252.19310500007123,252.17232519993559,149.8468515998684,149.84690379956737,252.1867666998878,252.19310500007123,252.19310500007123,253.1877040998079,stimuli/box_empty_transparent.png,150.86221199994907,150.8622614997439,253.18783359974623,253.20358730014414,254.2032622997649,254.1873035999015,151.86180569976568,,,,,,,,,,,,,,,,,,067073,right,no,None,2025-05-27_13h18.17.007,RL_out-of-scanner,2024.2.4,59.45299681431391,2025-05-27 13h18.25.779530 -0700,
30,0,30,space,14.694444600027055,None,space,3.209216400049627,None,151.8643493996933,j,0.8427313999272883,None,None,152.7296001999639,152.73005939973518,153.72709969989955,153.72715409984812,154.74234119988978,154.74239559983835,155.741985199973,,,,,,,0,0,0,0,30,0,30,0,254.2032622997649,,,,,,,,,,,,,,,,,,,,,,,,,,,,,,151.8643493996933,254.18995299981907,254.2032622997649,254.2032622997649,254.2032622997649,254.2032622997649,255.05502629978582,j,0.8427313999272883,None,left,1,8,2,1,21,16,None,152.7296001999639,152.73005939973518,255.0556394001469,255.06938639981672,255.06938639981672,256.0773442001082,256.0773442001082,256.052566499915,153.72709969989955,153.72715409984812,256.0702895000577,256.0773442001082,256.0773442001082,257.0678367000073,stimuli/box_coin_transparent.png,154.74234119988978,154.74239559983835,257.06796859996393,257.08390250010416,258.0835603000596,258.06747999973595,155.741985199973,,,,,,,,,,,,,,,,,,067073,right,no,None,2025-05-27_13h18.17.007,RL_out-of-scanner,2024.2.4,59.45299681431391,2025-05-27 13h18.25.779530 -0700,
31,0,31,space,14.694444600027055,None,space,3.209216400049627,None,155.74488309957087,j,0.6592499995604157,None,None,156.42631939984858,156.42681049974635,159.4393619997427,159.43941799970344,160.45460939966142,160.45465679978952,162.96917599998415,,,,,,,0,0,0,0,31,0,31,0,258.0835603000596,,,,,,,,,,,,,,,,,,,,,,,,,,,,,,155.74488309957087,258.07047739997506,258.0835603000596,258.0835603000596,258.0835603000596,258.0835603000596,258.751745400019,j,0.6592499995604157,None,left,0,8,2,1,22,16,None,156.42631939984858,156.42681049974635,258.75239149993286,258.76635649986565,258.76635649986565,261.7856652997434,261.7856652997434,261.76482529984787,159.4393619997427,159.43941799970344,261.7789412997663,261.7856652997434,261.7856652997434,262.7801044001244,stimuli/box_empty_transparent.png,160.45460939966142,160.45465679978952,262.7802288001403,262.7960211997852,265.31105019990355,265.2946751001291,162.96917599998415,,,,,,,,,,,,,,,,,,067073,right,no,None,2025-05-27_13h18.17.007,RL_out-of-scanner,2024.2.4,59.45299681431391,2025-05-27 13h18.25.779530 -0700,
32,0,32,space,14.694444600027055,None,space,3.209216400049627,None,162.97178989974782,k,0.3241635002195835,None,None,163.32166359992698,163.32206449983642,164.31868129968643,164.31873659975827,165.3341047996655,165.33415019977838,166.33357669971883,,,,,,,0,0,0,0,32,0,32,0,265.31105019990355,,,,,,,,,,,,,,,,,,,,,,,,,,,,,,162.97178989974782,265.297388299834,265.31105019990355,265.31105019990355,265.31105019990355,265.31105019990355,265.647087499965,k,0.3241635002195835,None,left,0,8,2,1,22,16,None,163.32166359992698,163.32206449983642,265.64767789980397,265.66087999986485,265.66087999986485,266.66533590015024,266.66533590015024,266.64414589991793,164.31868129968643,164.31873659975827,266.6586468000896,266.66533590015024,266.66533590015024,267.6596013000235,stimuli/box_empty_transparent.png,165.3341047996655,165.33415019977838,267.65972180012614,267.67546910000965,268.67504289979115,268.65907509997487,166.33357669971883,,,,,,,,,,,,,,,,,,067073,right,no,None,2025-05-27_13h18.17.007,RL_out-of-scanner,2024.2.4,59.45299681431391,2025-05-27 13h18.25.779530 -0700,
33,0,33,space,14.694444600027055,None,space,3.209216400049627,None,166.33614579960704,j,0.431840100325644,None,None,166.78489599982277,166.7853933996521,168.7986975996755,168.79875339986756,169.81394679984078,169.81399189960212,171.32946219993755,,,,,,,0,0,0,0,33,0,33,0,268.67504289979115,,,,,,,,,,,,,,,,,,,,,,,,,,,,,,166.33614579960704,268.66174159990624,268.67504289979115,268.67504289979115,268.67504289979115,268.67504289979115,269.1103268000297,j,0.431840100325644,None,left,1,8,3,1,23,17,None,166.78489599982277,166.7853933996521,269.1109738997184,269.12520859995857,269.12520859995857,271.1483372999355,271.1483372999355,271.12411529989913,168.7986975996755,168.79875339986756,271.14178940001875,271.1483372999355,271.1483372999355,272.13943890016526,stimuli/box_coin_transparent.png,169.81394679984078,169.81399189960212,272.139563200064,272.1553470999934,273.67117530014366,273.6549621000886,171.32946219993755,,,,,,,,,,,,,,,,,,067073,right,no,None,2025-05-27_13h18.17.007,RL_out-of-scanner,2024.2.4,59.45299681431391,2025-05-27 13h18.25.779530 -0700,
34,0,34,space,14.694444600027055,None,space,3.209216400049627,None,171.3319731997326,j,0.2778221000917256,None,None,171.63045870000497,171.63088999968022,174.64412749977782,174.6441862997599,175.65884709963575,175.65888989996165,178.17415879992768,,,,,,,0,0,0,0,34,0,34,0,273.67117530014366,,,,,,,,,,,,,,,,,,,,,,,,,,,,,,171.3319731997326,273.6575703001581,273.67117530014366,273.67117530014366,273.67117530014366,273.67117530014366,273.9558934001252,j,0.2778221000917256,None,left,1,8,4,1,24,18,None,171.63045870000497,171.63088999968022,273.9564672000706,273.97095469990745,273.97095469990745,276.99428639980033,276.99428639980033,276.96955120004714,174.64412749977782,174.6441862997599,276.98730799974874,276.99428639980033,276.99428639980033,277.9843453001231,stimuli/box_coin_transparent.png,175.65884709963575,175.65888989996165,277.98445989983156,278.00065829977393,280.51602869993076,280.4996591997333,178.17415879992768,,,,,,,,,,,,,,,,,,067073,right,no,None,2025-05-27_13h18.17.007,RL_out-of-scanner,2024.2.4,59.45299681431391,2025-05-27 13h18.25.779530 -0700,
35,0,35,space,14.694444600027055,None,space,3.209216400049627,None,178.17669129977003,j,0.4982427000068128,None,None,178.69259769981727,178.6930541996844,180.20630609989166,180.2063586995937,181.22146799974144,181.22151459986344,182.2208757000044,,,,,,,0,0,0,0,35,0,35,0,280.51602869993076,,,,,,,,,,,,,,,,,,,,,,,,,,,,,,178.17669129977003,280.5022835000418,280.51602869993076,280.51602869993076,280.51602869993076,280.51602869993076,281.01802610000595,j,0.4982427000068128,None,left,1,8,5,1,25,19,None,178.69259769981727,178.6930541996844,281.01863329997286,281.03192290011793,281.03192290011793,282.55601650010794,282.55601650010794,282.531773599796,180.20630609989166,180.2063586995937,282.54900129977614,282.55601650010794,282.55601650010794,283.5469653001055,stimuli/box_coin_transparent.png,181.22146799974144,181.22151459986344,283.547087599989,283.5630207997747,284.56248180009425,284.5463715000078,182.2208757000044,,,,,,,,,,,,,,,,,,067073,right,no,None,2025-05-27_13h18.17.007,RL_out-of-scanner,2024.2.4,59.45299681431391,2025-05-27 13h18.25.779530 -0700,
36,0,36,space,14.694444600027055,None,space,3.209216400049627,None,182.2237546998076,j,0.5270242998376489,None,None,182.77208829997107,182.7725804997608,184.2863244996406,184.2863785997033,185.30158179998398,185.30162629997358,188.81532379984856,,,,,,,0,0,0,0,36,0,36,0,284.56248180009425,,,,,,,,,,,,,,,,,,,,,,,,,,,,,,182.2237546998076,284.5493609998375,284.56248180009425,284.56248180009425,284.56248180009425,284.56248180009425,285.09752069972456,j,0.5270242998376489,None,left,1,8,6,1,26,20,None,182.77208829997107,182.7725804997608,285.09816090017557,285.11220349976793,285.11220349976793,286.63609200017527,286.63609200017527,286.6117889001034,184.2863244996406,184.2863785997033,286.629324299749,286.63609200017527,286.63609200017527,287.62707939976826,stimuli/box_coin_transparent.png,185.30158179998398,185.30162629997358,287.62720160000026,287.6428124997765,291.15708599984646,291.1408253000118,188.81532379984856,,,,,,,,,,,,,,,,,,067073,right,no,None,2025-05-27_13h18.17.007,RL_out-of-scanner,2024.2.4,59.45299681431391,2025-05-27 13h18.25.779530 -0700,
37,0,37,space,14.694444600027055,None,space,3.209216400049627,None,188.8176821996458,j,0.5249620000831783,None,None,189.36719199968502,189.36765219969675,191.38068809965625,191.38077279971913,192.39575889986008,192.39580349996686,193.39494649972767,,,,,,,0,0,0,0,37,0,37,0,291.15708599984646,,,,,,,,,,,,,,,,,,,,,,,,,,,,,,188.8176821996458,291.1432714997791,291.15708599984646,291.15708599984646,291.15708599984646,291.15708599984646,291.6926238001324,j,0.5249620000831783,None,left,1,8,7,1,27,21,None,189.36719199968502,189.36765219969675,291.69322940008715,291.70686679985374,291.70686679985374,293.7307901000604,293.7307901000604,293.7061569998041,191.38068809965625,191.38077279971913,293.72389280004427,293.7307901000604,293.7307901000604,294.7212566998787,stimuli/box_coin_transparent.png,192.39575889986008,192.39580349996686,294.72137359995395,294.7371954000555,295.736904299818,295.72045050002635,193.39494649972767,,,,,,,,,,,,,,,,,,067073,right,no,None,2025-05-27_13h18.17.007,RL_out-of-scanner,2024.2.4,59.45299681431391,2025-05-27 13h18.25.779530 -0700,
38,0,38,space,14.694444600027055,None,space,3.209216400049627,None,193.39761819969863,j,0.53132010018453,None,None,193.946473099757,193.9469250999391,194.94461529981345,194.94467539992183,195.95973389968276,195.95978359971195,197.45904149999842,,,,,,,0,0,0,0,38,0,38,0,295.736904299818,,,,,,,,,,,,,,,,,,,,,,,,,,,,,,193.39761819969863,295.7232129997574,295.736904299818,295.736904299818,295.736904299818,295.736904299818,296.27190320007503,j,0.53132010018453,None,left,0,8,7,1,28,21,None,193.946473099757,193.9469250999391,296.2725033001043,296.2864335998893,296.2864335998893,297.29118959978223,297.29118959978223,297.27008120017126,194.94461529981345,194.94467539992183,297.28430730011314,297.29118959978223,297.29118959978223,298.28522899979725,stimuli/box_empty_transparent.png,195.95973389968276,195.95978359971195,298.2853552000597,298.30125490017235,299.8004791997373,299.7845398997888,197.45904149999842,,,,,,,,,,,,,,,,,,067073,right,no,None,2025-05-27_13h18.17.007,RL_out-of-scanner,2024.2.4,59.45299681431391,2025-05-27 13h18.25.779530 -0700,
39,0,39,space,14.694444600027055,None,space,3.209216400049627,None,197.46173029998317,k,0.6082100002095103,None,None,198.0932378997095,198.0936336996965,199.09161200001836,199.09166699973866,200.10628359997645,200.10632809996605,201.10560109978542,,,,,,,0,0,0,0,39,0,39,0,299.8004791997373,,,,,,,,,,,,,,,,,,,,,,,,,,,,,,197.46173029998317,299.78732400014997,299.8004791997373,299.8004791997373,299.8004791997373,299.8004791997373,300.41867160005495,k,0.6082100002095103,None,left,0,8,7,1,28,21,None,198.0932378997095,198.0936336996965,300.41920989984646,300.43318739999086,300.43318739999086,301.4380204998888,301.4380204998888,301.4170800000429,199.09161200001836,199.09166699973866,301.43106180010363,301.4380204998888,301.4380204998888,302.43178150011227,stimuli/box_empty_transparent.png,200.10628359997645,200.10632809996605,302.43189889984205,302.44770859973505,303.4476029998623,303.4310993999243,201.10560109978542,,,,,,,,,,,,,,,,,,067073,right,no,None,2025-05-27_13h18.17.007,RL_out-of-scanner,2024.2.4,59.45299681431391,2025-05-27 13h18.25.779530 -0700,
40,0,40,space,14.694444600027055,None,space,3.209216400049627,None,201.10793949989602,j,0.3204212998971343,None,None,201.45730449957773,201.45776159968227,202.9716291995719,202.97168519999832,203.98640399985015,203.98647909983993,204.9863101998344,,,,,,,0,0,0,0,40,0,40,0,303.4476029998623,,,,,,,,,,,,,,,,,,,,,,,,,,,,,,201.10793949989602,303.43352770013735,303.4476029998623,303.4476029998623,303.4476029998623,303.4476029998623,303.7827381999232,j,0.3204212998971343,None,left,1,8,8,1,29,22,None,201.45730449957773,201.45776159968227,303.78333880007267,303.7972182999365,303.7972182999365,305.32140569994226,305.32140569994226,305.29706909973174,202.9716291995719,202.97168519999832,305.31467489991337,305.32140569994226,305.32140569994226,306.31190280010924,stimuli/box_coin_transparent.png,203.98640399985015,203.98647909983993,306.312050299719,306.32789999991655,307.32780120009556,307.3118114997633,204.9863101998344,,,,,,,,,,,,,,,,,,067073,right,no,None,2025-05-27_13h18.17.007,RL_out-of-scanner,2024.2.4,59.45299681431391,2025-05-27 13h18.25.779530 -0700,
41,0,41,space,14.694444600027055,None,space,3.209216400049627,None,204.98880679998547,j,0.6988300997763872,None,None,205.70442719990388,205.70492529962212,206.70208860002458,206.7021412998438,207.71667879959568,207.7167235999368,210.7311475998722,,,,,,,0,0,0,0,41,0,41,0,307.32780120009556,,,,,,,,,,,,,,,,,,,,,,,,,,,,,,204.98880679998547,307.31439530011266,307.32780120009556,307.32780120009556,307.32780120009556,307.32780120009556,308.02985739987344,j,0.6988300997763872,None,right,1,13,0,2,29,22,None,205.70442719990388,205.70492529962212,308.0305123999715,308.0440147998743,308.0440147998743,309.0487375999801,309.0487375999801,309.02755649993196,206.70208860002458,206.7021412998438,309.04189539980143,309.0487375999801,309.0487375999801,310.04217689996585,stimuli/box_empty_transparent.png,207.71667879959568,207.7167235999368,310.0422951001674,310.0583398998715,313.0729284998961,313.0566487000324,210.7311475998722,,,,,,,,,,,,,,,,,,067073,right,no,None,2025-05-27_13h18.17.007,RL_out-of-scanner,2024.2.4,59.45299681431391,2025-05-27 13h18.25.779530 -0700,
42,0,42,space,14.694444600027055,None,space,3.209216400049627,None,210.73392469994724,k,0.2924795001745224,None,None,211.04960999963805,211.05000999988988,213.06345259957016,213.06350669963285,214.07859469996765,214.0786617998965,217.59282889962196,,,,,,,0,0,0,0,42,0,42,0,313.0729284998961,,,,,,,,,,,,,,,,,,,,,,,,,,,,,,210.73392469994724,313.05952209979296,313.0729284998961,313.0729284998961,313.0729284998961,313.0729284998961,313.3750428999774,k,0.2924795001745224,None,right,1,13,1,2,30,23,None,211.04960999963805,211.05000999988988,313.3755867998116,313.3896261998452,313.3896261998452,315.41344140004367,315.41344140004367,315.3889175998047,213.06345259957016,213.06350669963285,315.40660789981484,315.41344140004367,315.41344140004367,316.4040930001065,stimuli/box_coin_transparent.png,214.07859469996765,214.0786617998965,316.40423520002514,316.4200554001145,319.93438490014523,319.91832980001345,217.59282889962196,,,,,,,,,,,,,,,,,,067073,right,no,None,2025-05-27_13h18.17.007,RL_out-of-scanner,2024.2.4,59.45299681431391,2025-05-27 13h18.25.779530 -0700,
43,0,43,space,14.694444600027055,None,space,3.209216400049627,None,217.59538369998336,k,0.2865319000557065,None,None,217.91100219963118,217.9114096998237,218.90891239978373,218.90896649984643,219.92374489968643,219.92379459971562,221.9391446998343,,,,,,,0,0,0,0,43,0,43,0,319.93438490014523,,,,,,,,,,,,,,,,,,,,,,,,,,,,,,217.59538369998336,319.9209793000482,319.93438490014523,319.93438490014523,319.93438490014523,319.93438490014523,320.2364051998593,k,0.2865319000557065,None,right,1,13,2,2,31,24,None,217.91100219963118,217.9114096998237,320.23699120013043,320.25084570003673,320.25084570003673,321.2583924001083,321.2583924001083,321.2343796999194,218.90891239978373,218.90896649984643,321.25161459995434,321.2583924001083,321.2583924001083,322.2492431998253,stimuli/box_coin_transparent.png,219.92374489968643,219.92379459971562,322.2493691998534,322.26517229992896,324.2809868999757,324.2646449999884,221.9391446998343,,,,,,,,,,,,,,,,,,067073,right,no,None,2025-05-27_13h18.17.007,RL_out-of-scanner,2024.2.4,59.45299681431391,2025-05-27 13h18.25.779530 -0700,
44,0,44,space,14.694444600027055,None,space,3.209216400049627,None,221.94153779977933,k,0.3589963000267744,None,None,222.32410079985857,222.32450259989128,224.83745129965246,224.8375381999649,225.85241249995306,225.8524619997479,227.86730779986829,,,,,,,0,0,0,0,44,0,44,0,324.2809868999757,,,,,,,,,,,,,,,,,,,,,,,,,,,,,,221.94153779977933,324.26712699979544,324.2809868999757,324.2809868999757,324.2809868999757,324.2809868999757,324.6495173997246,k,0.3589963000267744,None,right,1,13,3,2,32,25,None,222.32410079985857,222.32450259989128,324.65007939981297,324.6637428998947,324.6637428998947,327.18733120011166,327.18733120011166,327.16291749989614,224.83745129965246,224.8375381999649,327.18059019977227,327.18733120011166,327.18733120011166,328.1779081998393,stimuli/box_coin_transparent.png,225.85241249995306,225.8524619997479,328.1780333998613,328.1940426998772,330.2091757999733,330.19281650008634,227.86730779986829,,,,,,,,,,,,,,,,,,067073,right,no,None,2025-05-27_13h18.17.007,RL_out-of-scanner,2024.2.4,59.45299681431391,2025-05-27 13h18.25.779530 -0700,
45,0,45,space,14.694444600027055,None,space,3.209216400049627,None,227.86884749960154,k,0.3525343998335302,None,None,228.25171779980883,228.25197470001876,229.24983459990472,229.2498681996949,230.26518809981644,230.2652165996842,231.26451569981873,,,,,,,0,0,0,0,45,0,45,0,330.2091757999733,,,,,,,,,,,,,,,,,,,,,,,,,,,,,,227.86884749960154,330.19442019984126,330.2091757999733,330.2091757999733,330.2091757999733,330.2091757999733,330.57718680007383,k,0.3525343998335302,None,right,0,13,3,2,33,25,None,228.25171779980883,228.25197470001876,330.5775318001397,330.592169099953,330.592169099953,331.5918550998904,331.5918550998904,331.5753311999142,229.24983459990472,229.2498681996949,331.58398339990526,331.5918550998904,331.5918550998904,332.5906974999234,stimuli/box_empty_transparent.png,230.26518809981644,230.2652165996842,332.5907715000212,332.6069192998111,333.6065166001208,333.5900300000794,231.26451569981873,,,,,,,,,,,,,,,,,,067073,right,no,None,2025-05-27_13h18.17.007,RL_out-of-scanner,2024.2.4,59.45299681431391,2025-05-27 13h18.25.779530 -0700,
46,0,46,space,14.694444600027055,None,space,3.209216400049627,None,231.26620409963652,k,0.6817605998367071,None,None,231.96485569979995,231.96511649992317,233.980036099907,233.98008989961818,234.99519569985569,234.99524119962007,235.9948025997728,,,,,,,0,0,0,0,46,0,46,0,333.6065166001208,,,,,,,,,,,,,,,,,,,,,,,,,,,,,,231.26620409963652,333.59177660010755,333.6065166001208,333.6065166001208,333.6065166001208,333.6065166001208,334.2903267000802,k,0.6817605998367071,None,right,1,13,4,2,34,26,None,231.96485569979995,231.96511649992317,334.29067469993606,334.3059010999277,334.3059010999277,336.3299912000075,336.3299912000075,336.30549969989806,233.980036099907,233.98008989961818,336.32297550002113,336.3299912000075,336.3299912000075,337.32069319998845,stimuli/box_coin_transparent.png,234.99519569985569,234.99524119962007,337.3208469999954,337.3366954000667,338.3363518998958,338.320301100146,235.9948025997728,,,,,,,,,,,,,,,,,,067073,right,no,None,2025-05-27_13h18.17.007,RL_out-of-scanner,2024.2.4,59.45299681431391,2025-05-27 13h18.25.779530 -0700,
47,0,47,space,14.694444600027055,None,space,3.209216400049627,None,235.99717299966142,k,0.3655124995857477,None,None,236.37974289990962,236.38014689972624,239.39232409978285,239.3923771996051,240.4076074999757,240.4076529997401,241.92333999974653,,,,,,,0,0,0,0,47,0,47,0,338.3363518998958,,,,,,,,,,,,,,,,,,,,,,,,,,,,,,235.99717299966142,338.3227613000199,338.3363518998958,338.3363518998958,338.3363518998958,338.3363518998958,338.7051729001105,k,0.3655124995857477,None,right,1,13,5,2,35,27,None,236.37974289990962,236.38014689972624,338.70572560001165,338.7194002000615,338.7194002000615,341.74213659996167,341.74213659996167,341.7177908997983,239.39232409978285,239.3923771996051,341.73555780015886,341.74213659996167,341.74213659996167,342.73310549976304,stimuli/box_coin_transparent.png,240.4076074999757,240.4076529997401,342.73322789976373,342.7491472000256,344.2649656999856,344.2488381997682,241.92333999974653,,,,,,,,,,,,,,,,,,067073,right,no,None,2025-05-27_13h18.17.007,RL_out-of-scanner,2024.2.4,59.45299681431391,2025-05-27 13h18.25.779530 -0700,
48,0,48,space,14.694444600027055,None,space,3.209216400049627,None,241.92625809973106,k,0.3689234000630677,None,None,242.32476709969342,242.32516619982198,243.83880359958857,243.83885779976845,244.8538306998089,244.85386029956862,248.3680913997814,,,,,,,0,0,0,0,48,0,48,0,344.2649656999856,,,,,,,,,,,,,,,,,,,,,,,,,,,,,,241.92625809973106,344.251852999907,344.2649656999856,344.2649656999856,344.2649656999856,344.2649656999856,344.6501955999993,k,0.3689234000630677,None,right,0,13,5,2,36,27,None,242.32476709969342,242.32516619982198,344.6507426998578,344.66477179992944,344.66477179992944,346.18563419999555,346.18563419999555,346.16427139984444,243.83880359958857,243.83885779976845,346.1785315000452,346.18563419999555,346.18563419999555,347.1793303997256,stimuli/box_empty_transparent.png,244.8538306998089,244.85386029956862,347.17941540014,347.19546840013936,350.70982850017026,350.69359110016376,248.3680913997814,,,,,,,,,,,,,,,,,,067073,right,no,None,2025-05-27_13h18.17.007,RL_out-of-scanner,2024.2.4,59.45299681431391,2025-05-27 13h18.25.779530 -0700,
49,0,49,space,14.694444600027055,None,space,3.209216400049627,None,248.3704899996519,k,0.3274303996004164,None,None,248.71937499986961,248.7197799999267,250.23366829985753,250.23372159991413,251.24869199981913,251.2487375997007,251.24951879959553,,,,,,,0,0,0,0,49,0,49,0,350.70982850017026,,,,,,,,,,,,,,,,,,,,,,,,,,,,,,248.3704899996519,350.6960797999054,350.70982850017026,350.70982850017026,350.70982850017026,350.70982850017026,351.0448058000766,k,0.3274303996004164,None,right,1,13,6,2,37,28,None,248.71937499986961,248.7197799999267,351.0453574000858,351.0595140000805,351.0595140000805,352.5834344998002,352.5834344998002,352.55913410009816,250.23366829985753,250.23372159991413,352.5766412001103,352.5834344998002,352.5834344998002,353.57418929971755,stimuli/box_coin_transparent.png,251.24869199981913,251.2487375997007,353.57430760003626,353.61420070007443,353.61420070007443,353.57502820016816,251.24951879959553,,,,,,,,,,,,,,,,,,067073,right,no,None,2025-05-27_13h18.17.007,RL_out-of-scanner,2024.2.4,59.45299681431391,2025-05-27 13h18.25.779530 -0700,
0,0,0,space,14.694444600027055,None,space,3.209216400049627,None,,,,,,,,,,,,,,,,,,,0,0,0,0,,,,,,,,,,,,,,,,,,,,,,,,,,,,,,,,,,,,,,,,,,,,,,,,,,,,,,,,,,,,,,,,,,,,,,,,,,,,,353.60780199989676,353.61420070007443,357.58731169998646,357.5924013997428,357.60368910012767,407.264410499949,407.2486348999664,,,,,,,,,067073,right,no,None,2025-05-27_13h18.17.007,RL_out-of-scanner,2024.2.4,59.45299681431391,2025-05-27 13h18.25.779530 -0700,
0,0,0,space,18.46848509972915,None,space,7.372537700459361,None,0.0018719998188316822,None,,,None,1.51484559988603,1.514960200060159,2.514999100007117,2.5151190999895334,3.5300473999232054,3.530098299961537,5.545400700066239,,,,,,,1,0,1,0,0,0,0,0,433.1441258001141,,,,,,,,,,,,,,,,407.2489714999683,407.264410499949,407.264410499949,425.7346700998023,space,18.46848509972915,None,425.7348326998763,425.7495721997693,425.7495721997693,433.12811389984563,space,7.372537700459361,None,0.0018719998188316822,433.13010679977015,433.1441258001141,433.1441258001141,433.1441258001141,433.1441258001141,434.64291739976034,None,,,right,1,12,0,3,37,0,None,1.51484559988603,1.514960200060159,434.6431606998667,434.6593197998591,434.6593197998591,435.6656848997809,435.6656848997809,435.6430828999728,2.514999100007117,2.5151190999895334,435.65928190015256,435.6656848997809,435.6656848997809,436.65816859994084,no selection made,3.5300473999232054,3.530098299961537,436.65829590009525,436.67403959995136,438.6898066001013,438.6735291001387,5.545400700066239,,,,,,,,,,,,,,,,,,067073,right,no,None,2025-05-27_13h18.17.007,RL_out-of-scanner,2024.2.4,59.45299681431391,2025-05-27 13h18.25.779530 -0700,
1,0,1,space,18.46848509972915,None,space,7.372537700459361,None,5.547968899831176,j,0.3512595999054611,None,None,5.930455400142819,5.930921100080013,7.443860900122672,7.443896300159395,8.443237099796534,8.443279400002211,9.942053699865937,,,,,,,1,0,1,0,1,0,1,0,438.6898066001013,,,,,,,,,,,,,,,,,,,,,,,,,,,,,,5.547968899831176,438.6761908000335,438.6898066001013,438.6898066001013,438.6898066001013,438.6898066001013,439.0584824997932,j,0.3512595999054611,None,right,1,12,0,3,37,0,None,5.930455400142819,5.930921100080013,439.0591286001727,439.0726799000986,439.0726799000986,440.58787730010226,440.58787730010226,440.57198109989986,7.443860900122672,7.443896300159395,440.5802365001291,440.58787730010226,440.58787730010226,441.5713617997244,stimuli/box_empty_transparent.png,8.443237099796534,8.443279400002211,441.5714758001268,441.5869037997909,443.0863565001637,443.07018100004643,9.942053699865937,441.5869037997909,441.5869037997909,,,,,,,,,,,,,,,,067073,right,no,None,2025-05-27_13h18.17.007,RL_out-of-scanner,2024.2.4,59.45299681431391,2025-05-27 13h18.25.779530 -0700,
2,0,2,space,18.46848509972915,None,space,7.372537700459361,None,9.944519999902695,j,0.3470457997173071,None,None,10.309980900026858,10.310434800107032,11.307883699890226,11.30791850015521,12.323113100137562,12.323157699778676,15.337723200209439,,,,,,,1,0,1,0,2,0,2,0,443.0863565001637,,,,,,,,,,,,,,,,,,,,,,,,,,,,,,9.944519999902695,443.0727377999574,443.0863565001637,443.0863565001637,443.0863565001637,443.0863565001637,443.4380370997824,j,0.3470457997173071,None,right,1,12,0,3,37,0,None,10.309980900026858,10.310434800107032,443.4386410000734,443.4526380999014,443.4526380999014,444.4522807998583,444.4522807998583,444.43600049987435,11.307883699890226,11.30791850015521,444.4442743998952,444.4522807998583,444.4522807998583,445.45123869972304,stimuli/box_empty_transparent.png,12.323113100137562,12.323157699778676,445.45135940006,445.46718889987096,448.4819474001415,448.46584990015253,15.337723200209439,,,,,,,,,,,,,,,,,,067073,right,no,None,2025-05-27_13h18.17.007,RL_out-of-scanner,2024.2.4,59.45299681431391,2025-05-27 13h18.25.779530 -0700,
3,0,3,space,18.46848509972915,None,space,7.372537700459361,None,15.340099100023508,j,0.2912250002846122,None,None,15.655823700129986,15.6562855001539,17.669724199920893,17.669776000082493,18.685073600150645,18.68511850014329,19.68416879978031,,,,,,,1,0,1,0,3,0,3,0,448.4819474001415,,,,,,,,,,,,,,,,,,,,,,,,,,,,,,15.340099100023508,448.4684528997168,448.4819474001415,448.4819474001415,448.4819474001415,448.4819474001415,448.78387359995395,j,0.2912250002846122,None,right,1,12,0,3,37,0,None,15.655823700129986,15.6562855001539,448.7844917997718,448.79825899982825,448.79825899982825,450.8189142998308,450.8189142998308,450.79781919997185,17.669724199920893,17.669776000082493,450.8119840999134,450.8189142998308,450.8189142998308,451.8131985999644,stimuli/box_empty_transparent.png,18.685073600150645,18.68511850014329,451.8133163000457,451.82882370008156,452.8285246999003,452.8122955998406,19.68416879978031,,,,,,,,,,,,,,,,,,067073,right,no,None,2025-05-27_13h18.17.007,RL_out-of-scanner,2024.2.4,59.45299681431391,2025-05-27 13h18.25.779530 -0700,
4,0,4,space,18.46848509972915,None,space,7.372537700459361,None,19.68664239998907,k,1.1746926000341773,None,['k'],20.884969899896532,20.885368200019002,21.899472000077367,21.899524599779397,22.914650300052017,22.914695600047708,25.42934889998287,[0.31632590014487505],[0.17932619992643595],,,,,1,0,1,0,4,0,4,0,452.8285246999003,,,,,,,,,,,,,,,,,,,,,,,,,,,,,,19.68664239998907,452.81486620008945,452.8285246999003,452.8285246999003,452.8285246999003,452.8285246999003,454.01297349995,k,1.1746926000341773,None,right,1,12,1,3,38,1,['k'],20.884969899896532,20.885368200019002,454.01357290009037,454.02788669988513,454.02788669988513,455.0520874001086,455.0520874001086,455.0275673000142,21.899472000077367,21.899524599779397,455.04517460009083,455.0520874001086,455.0520874001086,456.0427717999555,stimuli/box_coin_transparent.png,22.914650300052017,22.914695600047708,456.04288939991966,456.05902179982513,458.5738523998298,458.55747279990464,25.42934889998287,,,,,,,,,,[0.31632590014487505],[0.17932619992643595],,,,,,,067073,right,no,None,2025-05-27_13h18.17.007,RL_out-of-scanner,2024.2.4,59.45299681431391,2025-05-27 13h18.25.779530 -0700,
5,0,5,space,18.46848509972915,None,space,7.372537700459361,None,25.432321600150317,k,0.2618044000118971,None,None,25.714669699780643,25.715123100206256,29.226675999816507,29.22672939999029,30.24208529992029,30.242132499814034,32.25716309994459,,,,,,,1,0,1,0,5,0,5,0,458.5738523998298,,,,,,,,,,,,,,,,,,,,,,,,,,,,,,25.432321600150317,458.56055649975315,458.5738523998298,458.5738523998298,458.5738523998298,458.5738523998298,458.84272219985723,k,0.2618044000118971,None,right,0,12,1,3,39,1,None,25.714669699780643,25.715123100206256,458.8433332000859,458.8570053000003,458.8570053000003,462.3758013001643,462.3758013001643,462.3547736997716,29.226675999816507,29.22672939999029,462.36910909973085,462.3758013001643,462.3758013001643,463.37020110012963,stimuli/box_empty_transparent.png,30.24208529992029,30.242132499814034,463.3703319998458,463.38606410007924,465.4015700998716,465.3852955000475,32.25716309994459,,,,,,,,,,,,,,,,,,067073,right,no,None,2025-05-27_13h18.17.007,RL_out-of-scanner,2024.2.4,59.45299681431391,2025-05-27 13h18.25.779530 -0700,
6,0,6,space,18.46848509972915,None,space,7.372537700459361,None,32.259568199981004,k,0.346170200034976,None,None,32.62438859976828,32.6246560998261,33.62356219999492,33.62361990008503,34.638603100087494,34.63865099987015,35.63807999994606,,,,,,,1,0,1,0,6,0,6,0,465.4015700998716,,,,,,,,,,,,,,,,,,,,,,,,,,,,,,32.259568199981004,465.3877844000235,465.4015700998716,465.4015700998716,465.4015700998716,465.4015700998716,465.75247950013727,k,0.346170200034976,None,right,1,12,2,3,40,2,None,32.62438859976828,32.6246560998261,465.75284159975126,465.7680778000504,465.7680778000504,466.776156200096,466.776156200096,466.75162700004876,33.62356219999492,33.62361990008503,466.7692224001512,466.776156200096,466.776156200096,467.76671979995444,stimuli/box_coin_transparent.png,34.638603100087494,34.63865099987015,467.76685100002214,467.7828350998461,468.7823675000109,468.76620749989524,35.63807999994606,,,,,,,,,,,,,,,,,,067073,right,no,None,2025-05-27_13h18.17.007,RL_out-of-scanner,2024.2.4,59.45299681431391,2025-05-27 13h18.25.779530 -0700,
7,0,7,space,18.46848509972915,None,space,7.372537700459361,None,35.64056980004534,k,0.4354575998149812,None,None,36.105618599802256,36.10601759981364,38.11997330002487,38.12003100011498,39.13492640014738,39.13497440004721,41.15030930005014,,,,,,,1,0,1,0,7,0,7,0,468.7823675000109,,,,,,,,,,,,,,,,,,,,,,,,,,,,,,35.64056980004534,468.7687952998094,468.7823675000109,468.7823675000109,468.7823675000109,468.7823675000109,469.23367909993976,k,0.4354575998149812,None,right,0,12,2,3,41,2,None,36.105618599802256,36.10601759981364,469.2342225997709,469.24850780004635,469.24850780004635,471.2690861998126,471.2690861998126,471.24804010009393,38.11997330002487,38.12003100011498,471.2623537997715,471.2690861998126,471.2690861998126,472.2630397998728,stimuli/box_empty_transparent.png,39.13492640014738,39.13497440004721,472.2631755997427,472.27901519974694,474.2947255000472,474.27843739977106,41.15030930005014,,,,,,,,,,,,,,,,,,067073,right,no,None,2025-05-27_13h18.17.007,RL_out-of-scanner,2024.2.4,59.45299681431391,2025-05-27 13h18.25.779530 -0700,
8,0,8,space,18.46848509972915,None,space,7.372537700459361,None,41.152784899808466,k,0.2525096000172198,None,None,41.43504890007898,41.435463699977845,44.448387700133026,44.4484502999112,45.46336890012026,45.463420500047505,46.96274949982762,,,,,,,1,0,1,0,8,0,8,0,474.2947255000472,,,,,,,,,,,,,,,,,,,,,,,,,,,,,,41.152784899808466,474.28103750012815,474.2947255000472,474.2947255000472,474.2947255000472,474.2947255000472,474.5631071999669,k,0.2525096000172198,None,right,1,12,3,3,42,3,None,41.43504890007898,41.435463699977845,474.5636706999503,474.5777396000922,474.5777396000922,477.6012733997777,477.6012733997777,477.57648150017485,44.448387700133026,44.4484502999112,477.5944337998517,477.6012733997777,477.6012733997777,478.5914925998077,stimuli/box_coin_transparent.png,45.46336890012026,45.463420500047505,478.59161889972165,478.60748100001365,480.1066569001414,480.09087800001726,46.96274949982762,,,,,,,,,,,,,,,,,,067073,right,no,None,2025-05-27_13h18.17.007,RL_out-of-scanner,2024.2.4,59.45299681431391,2025-05-27 13h18.25.779530 -0700,
9,0,9,space,18.46848509972915,None,space,7.372537700459361,None,46.96516579994932,j,0.30892989970743656,None,None,47.297190399840474,47.29765050020069,48.79506410006434,48.79511770000681,49.80977289984003,49.809822500217706,51.82501140004024,,,,,,,1,0,1,0,9,0,9,0,480.1066569001414,,,,,,,,,,,,,,,,,,,,,,,,,,,,,,46.96516579994932,480.0933889998123,480.1066569001414,480.1066569001414,480.1066569001414,480.1066569001414,480.4252427997999,j,0.30892989970743656,None,right,1,12,3,3,42,3,None,47.297190399840474,47.29765050020069,480.42585689993575,480.43969719996676,480.43969719996676,481.9445990999229,481.9445990999229,481.9231600998901,48.79506410006434,48.79511770000681,481.93770499993116,481.9445990999229,481.9445990999229,482.93789769988507,stimuli/box_empty_transparent.png,49.80977289984003,49.809822500217706,482.93802039977163,482.95398169988766,484.9695255998522,484.95313940010965,51.82501140004024,,,,,,,,,,,,,,,,,,067073,right,no,None,2025-05-27_13h18.17.007,RL_out-of-scanner,2024.2.4,59.45299681431391,2025-05-27 13h18.25.779530 -0700,
10,0,10,space,18.46848509972915,None,space,7.372537700459361,None,51.82743870001286,k,0.652914899867028,None,None,52.50990639999509,52.51030390011147,54.007366800215095,54.00742070004344,55.02261730004102,55.02266879985109,56.02183909993619,,,,,,,1,0,1,0,10,0,10,0,484.9695255998522,,,,,,,,,,,,,,,,,,,,,,,,,,,,,,51.82743870001286,484.9556561000645,484.9695255998522,484.9695255998522,484.9695255998522,484.9695255998522,485.6379660000093,k,0.652914899867028,None,right,1,12,4,3,43,4,None,52.50990639999509,52.51030390011147,485.63854339998215,485.65219540009275,485.65219540009275,487.15955299977213,487.15955299977213,487.13546219980344,54.007366800215095,54.00742070004344,487.1526524000801,487.15955299977213,487.15955299977213,488.15073850005865,stimuli/box_coin_transparent.png,55.02261730004102,55.02266879985109,488.1508670998737,488.16665269993246,489.16611200012267,489.1499672997743,56.02183909993619,,,,,,,,,,,,,,,,,,067073,right,no,None,2025-05-27_13h18.17.007,RL_out-of-scanner,2024.2.4,59.45299681431391,2025-05-27 13h18.25.779530 -0700,
11,0,11,space,18.46848509972915,None,space,7.372537700459361,None,56.024334399960935,k,0.7947428999468684,None,None,56.84043860016391,56.84083979995921,58.85345599986613,58.85351049993187,59.8681855998002,59.86821549991146,61.38400339987129,,,,,,,1,0,1,0,11,0,11,0,489.16611200012267,,,,,,,,,,,,,,,,,,,,,,,,,,,,,,56.024334399960935,489.15255540004,489.16611200012267,489.16611200012267,489.16611200012267,489.16611200012267,489.96849759994075,k,0.7947428999468684,None,right,1,12,5,3,44,5,None,56.84043860016391,56.84083979995921,489.9690442997962,489.9821298001334,489.9821298001334,492.006133900024,492.006133900024,491.98155209980905,58.85345599986613,58.85351049993187,491.99907500017434,492.006133900024,492.006133900024,492.9963218998164,stimuli/box_coin_transparent.png,59.8681855998002,59.86821549991146,492.99639760004357,493.0123057998717,494.5285527999513,494.51213249983266,61.38400339987129,,,,,,,,,,,,,,,,,,067073,right,no,None,2025-05-27_13h18.17.007,RL_out-of-scanner,2024.2.4,59.45299681431391,2025-05-27 13h18.25.779530 -0700,
12,0,12,space,18.46848509972915,None,space,7.372537700459361,None,61.386376900132746,k,0.3671519001945853,None,None,61.78551319986582,61.78591529978439,62.783590300008655,62.78364379983395,63.79825330013409,63.79830039991066,66.81295560020953,,,,,,,1,0,1,0,12,0,12,0,494.5285527999513,,,,,,,,,,,,,,,,,,,,,,,,,,,,,,61.386376900132746,494.5145915001631,494.5285527999513,494.5285527999513,494.5285527999513,494.5285527999513,494.9135647001676,k,0.3671519001945853,None,right,0,12,5,3,45,5,None,61.78551319986582,61.78591529978439,494.9141195998527,494.92824359983206,494.92824359983206,495.9329144000076,495.9329144000076,495.91168519994244,62.783590300008655,62.78364379983395,495.92592209996656,495.9329144000076,495.9329144000076,496.92638840014115,stimuli/box_empty_transparent.png,63.79825330013409,63.79830039991066,496.9264839999378,496.94298119982705,499.9575089998543,499.9410846000537,66.81295560020953,,,,,,,,,,,,,,,,,,067073,right,no,None,2025-05-27_13h18.17.007,RL_out-of-scanner,2024.2.4,59.45299681431391,2025-05-27 13h18.25.779530 -0700,
13,0,13,space,18.46848509972915,None,space,7.372537700459361,None,66.8156674997881,j,0.47123199980705976,None,None,67.31468489998952,67.31514189997688,67.8132266998291,67.81328020012006,68.82799990009516,68.82804539985955,70.84307460021228,,,,,,,1,0,1,0,13,0,13,0,499.9575089998543,,,,,,,,,,,,,,,,,,,,,,,,,,,,,,66.8156674997881,499.9438911001198,499.9575089998543,499.9575089998543,499.9575089998543,499.9575089998543,500.44274109974504,j,0.47123199980705976,None,right,0,12,5,3,45,5,None,67.31468489998952,67.31514189997688,500.4433478000574,500.45727019989863,500.45727019989863,500.96254219999537,500.96254219999537,500.9413160998374,67.8132266998291,67.81328020012006,500.9555501998402,500.96254219999537,500.96254219999537,501.95612529991195,stimuli/box_empty_transparent.png,68.82799990009516,68.82804539985955,501.95624740002677,501.9721570997499,503.9876966997981,503.9712106999941,70.84307460021228,,,,,,,,,,,,,,,,,,067073,right,no,None,2025-05-27_13h18.17.007,RL_out-of-scanner,2024.2.4,59.45299681431391,2025-05-27 13h18.25.779530 -0700,
14,0,14,space,18.46848509972915,None,space,7.372537700459361,None,70.84451439976692,k,0.23351849988102913,None,None,71.11058689979836,71.11086180014536,72.62539790011942,72.62545419996604,73.64081020001322,73.64085480012,74.64041579980403,,,,,,,1,0,1,0,14,0,14,0,503.9876966997981,,,,,,,,,,,,,,,,,,,,,,,,,,,,,,70.84451439976692,503.97271119989455,503.9876966997981,503.9876966997981,503.9876966997981,503.9876966997981,504.2386805000715,k,0.23351849988102913,None,right,1,12,6,3,46,6,None,71.11058689979836,71.11086180014536,504.2390469000675,504.2538934997283,504.2538934997283,505.7778292000294,505.7778292000294,505.7534890999086,72.62539790011942,72.62545419996604,505.7719458998181,505.7778292000294,505.7778292000294,506.76893430016935,stimuli/box_coin_transparent.png,73.64081020001322,73.64085480012,506.76905319979414,506.7850226997398,507.7845465997234,507.7685438999906,74.64041579980403,,,,,,,,,,,,,,,,,,067073,right,no,None,2025-05-27_13h18.17.007,RL_out-of-scanner,2024.2.4,59.45299681431391,2025-05-27 13h18.25.779530 -0700,
15,0,15,space,18.46848509972915,None,space,7.372537700459361,None,74.64296850003302,k,1.449515700340271,None,['k'],76.12407589983195,76.1244736998342,77.1220216001384,77.12207210017368,78.13722389983013,78.13726860005409,80.15254169981927,[0.48319010017439723],[0.16653450019657612],,,,,1,0,1,0,15,0,15,0,507.7845465997234,,,,,,,,,,,,,,,,,,,,,,,,,,,,,,74.64296850003302,507.77118910010904,507.7845465997234,507.7845465997234,507.7845465997234,507.7845465997234,509.2520762998611,k,1.449515700340271,None,right,1,12,7,3,47,7,['k'],76.12407589983195,76.1244736998342,509.2526767998934,509.26670330017805,509.26670330017805,510.2755275997333,510.2755275997333,510.25011679995805,77.1220216001384,77.12207210017368,510.2686670999974,510.2755275997333,510.2755275997333,511.2653457997367,stimuli/box_coin_transparent.png,78.13722389983013,78.13726860005409,511.26546679995954,511.2812545001507,513.2968847998418,513.2806672998704,80.15254169981927,,,,,,,,,,[0.48319010017439723],[0.16653450019657612],,,,,,,067073,right,no,None,2025-05-27_13h18.17.007,RL_out-of-scanner,2024.2.4,59.45299681431391,2025-05-27 13h18.25.779530 -0700,
16,0,16,space,18.46848509972915,None,space,7.372537700459361,None,80.15492240013555,k,0.505600200034678,None,None,80.68722849991173,80.68762960005552,82.70064229983836,82.70069519989192,83.71622559987009,83.71627129986882,84.71557219978422,,,,,,,1,0,1,0,16,0,16,0,513.2968847998418,,,,,,,,,,,,,,,,,,,,,,,,,,,,,,80.15492240013555,513.283140799962,513.2968847998418,513.2968847998418,513.2968847998418,513.2968847998418,513.8152813999914,k,0.505600200034678,None,right,1,12,8,3,48,8,None,80.68722849991173,80.68762960005552,513.8158336998895,513.8297586999834,513.8297586999834,515.8532345001586,515.8532345001586,515.828743299935,82.70064229983836,82.70069519989192,515.8466149000451,515.8532345001586,515.8532345001586,516.8443503999151,stimuli/box_coin_transparent.png,83.71622559987009,83.71627129986882,516.8444722997956,516.860313499812,517.8598858001642,517.8437008997425,84.71557219978422,,,,,,,,,,,,,,,,,,067073,right,no,None,2025-05-27_13h18.17.007,RL_out-of-scanner,2024.2.4,59.45299681431391,2025-05-27 13h18.25.779530 -0700,
17,0,17,space,18.46848509972915,None,space,7.372537700459361,None,84.71807699976489,k,0.3678667997010052,None,None,85.1169043998234,85.11730339983478,86.11523029999807,86.11528440006077,87.1299283998087,87.1299743000418,88.14628890017048,,,,,,,1,0,1,0,17,0,17,0,517.8598858001642,,,,,,,,,,,,,,,,,,,,,,,,,,,,,,84.71807699976489,517.846296899952,517.8598858001642,517.8598858001642,517.8598858001642,517.8598858001642,518.2449615001678,k,0.3678667997010052,None,right,1,12,9,3,49,9,None,85.1169043998234,85.11730339983478,518.2455088999122,518.2596061001532,518.2596061001532,519.2680222997442,519.2680222997442,519.2433255999349,86.11523029999807,86.11528440006077,519.2607848001644,519.2680222997442,519.2680222997442,520.2580526997335,stimuli/box_coin_transparent.png,87.1299283998087,87.1299743000418,520.2582283001393,520.274318699725,521.2904924000613,521.2744124997407,88.14628890017048,,,,,,,,,,,,,,,,,,067073,right,no,None,2025-05-27_13h18.17.007,RL_out-of-scanner,2024.2.4,59.45299681431391,2025-05-27 13h18.25.779530 -0700,
18,0,18,space,18.46848509972915,None,space,7.372537700459361,None,88.14948920020834,k,0.33936020033434033,None,None,88.51471369992942,88.51511469995603,92.02709240000695,92.02715039998293,93.04194189980626,93.04198849992827,95.05754599999636,,,,,,,1,0,1,0,18,0,18,0,521.2904924000613,,,,,,,,,,,,,,,,,,,,,,,,,,,,,,88.14948920020834,521.2777140000835,521.2904924000613,521.2904924000613,521.2904924000613,521.2904924000613,521.6427711998112,k,0.33936020033434033,None,right,1,12,10,3,50,10,None,88.51471369992942,88.51511469995603,521.6433191001415,521.6569505999796,521.6569505999796,525.1763243000023,525.1763243000023,525.1551803001203,92.02709240000695,92.02715039998293,525.1705024000257,525.1763243000023,525.1763243000023,526.1700590997934,stimuli/box_coin_transparent.png,93.04194189980626,93.04198849992827,526.170189499855,526.1860873000696,528.2017132998444,528.1856744997203,95.05754599999636,,,,,,,,,,,,,,,,,,067073,right,no,None,2025-05-27_13h18.17.007,RL_out-of-scanner,2024.2.4,59.45299681431391,2025-05-27 13h18.25.779530 -0700,
19,0,19,space,18.46848509972915,None,space,7.372537700459361,None,95.06005810014904,k,0.271756200119853,None,None,95.35874579986557,95.35914249997586,96.35682650003582,96.3568799002096,97.37162629980594,97.3716723001562,98.88774259993806,,,,,,,1,0,1,0,19,0,19,0,528.2017132998444,,,,,,,,,,,,,,,,,,,,,,,,,,,,,,95.06005810014904,528.1882782997563,528.2017132998444,528.2017132998444,528.2017132998444,528.2017132998444,528.486804000102,k,0.271756200119853,None,right,0,12,10,3,51,10,None,95.35874579986557,95.35914249997586,528.487384499982,528.5014518001117,528.5014518001117,529.5060954997316,529.5060954997316,529.4849180001765,96.35682650003582,96.3568799002096,529.4992412999272,529.5060954997316,529.5060954997316,530.4997509000823,stimuli/box_empty_transparent.png,97.37162629980594,97.3716723001562,530.4998706998304,530.5160118001513,532.0319547997788,532.0158714000136,98.88774259993806,,,,,,,,,,,,,,,,,,067073,right,no,None,2025-05-27_13h18.17.007,RL_out-of-scanner,2024.2.4,59.45299681431391,2025-05-27 13h18.25.779530 -0700,
20,0,20,space,18.46848509972915,None,space,7.372537700459361,None,98.89029539981857,k,0.3171157999895513,None,None,99.23935250006616,99.23976230015978,101.25287419976667,101.2529294998385,102.26813649991527,102.26818419992924,104.283498799894,,,,,,,1,0,1,0,20,0,20,0,532.0319547997788,,,,,,,,,,,,,,,,,,,,,,,,,,,,,,98.89029539981857,532.0185213000514,532.0319547997788,532.0319547997788,532.0319547997788,532.0319547997788,532.3674086001702,k,0.3171157999895513,None,right,1,12,11,3,52,11,None,99.23935250006616,99.23976230015978,532.3679685997777,532.3817325001583,532.3817325001583,534.4051096998155,534.4051096998155,534.3809676999226,101.25287419976667,101.2529294998385,534.3985632997938,534.4051096998155,534.4051096998155,535.3962598997168,stimuli/box_coin_transparent.png,102.26813649991527,102.26818419992924,535.396384099964,535.4123148997314,537.4276393000036,537.4116277000867,104.283498799894,,,,,,,,,,,,,,,,,,067073,right,no,None,2025-05-27_13h18.17.007,RL_out-of-scanner,2024.2.4,59.45299681431391,2025-05-27 13h18.25.779530 -0700,
21,0,21,space,18.46848509972915,None,space,7.372537700459361,None,104.28637380013242,k,0.40757760033011436,None,None,104.7178906002082,104.71829099999741,107.73090049996972,107.73098010011017,108.74618439981714,108.74622979993,110.2620386001654,,,,,,,1,0,1,0,21,0,21,0,537.4276393000036,,,,,,,,,,,,,,,,,,,,,,,,,,,,,,104.28637380013242,537.414595299866,537.4276393000036,537.4276393000036,537.4276393000036,537.4276393000036,537.8459455999546,k,0.40757760033011436,None,right,1,12,12,3,53,12,None,104.7178906002082,104.71829099999741,537.8464953000657,537.8607067000121,537.8607067000121,540.8830057997257,540.8830057997257,540.859000899829,107.73090049996972,107.73098010011017,540.8766156998463,540.8830057997257,540.8830057997257,541.8743088999763,stimuli/box_coin_transparent.png,108.74618439981714,108.74622979993,541.8744302997366,541.8903092001565,543.4064067001455,543.3901662998833,110.2620386001654,,,,,,,,,,,,,,,,,,067073,right,no,None,2025-05-27_13h18.17.007,RL_out-of-scanner,2024.2.4,59.45299681431391,2025-05-27 13h18.25.779530 -0700,
22,0,22,space,18.46848509972915,None,space,7.372537700459361,None,110.26449159998447,k,0.32841260032728314,None,None,110.61368829989806,110.61408329987898,112.11130920005962,112.11136480001733,113.1265511000529,113.12659539980814,115.14105639979243,,,,,,,1,0,1,0,22,0,22,0,543.4064067001455,,,,,,,,,,,,,,,,,,,,,,,,,,,,,,110.26449159998447,543.3927115001716,543.4064067001455,543.4064067001455,543.4064067001455,543.4064067001455,543.7417461997829,k,0.32841260032728314,None,left,1,7,0,4,53,12,None,110.61368829989806,110.61408329987898,543.7423243001103,543.7559392000549,543.7559392000549,545.2604185999371,545.2604185999371,545.2393652000464,112.11130920005962,112.11136480001733,545.2536355000921,545.2604185999371,545.2604185999371,546.2546755000949,stimuli/box_empty_transparent.png,113.1265511000529,113.12659539980814,546.2547935000621,546.2703924998641,548.2856168998405,548.2691879998893,115.14105639979243,,,,,,,,,,,,,,,,,,067073,right,no,None,2025-05-27_13h18.17.007,RL_out-of-scanner,2024.2.4,59.45299681431391,2025-05-27 13h18.25.779530 -0700,
23,0,23,space,18.46848509972915,None,space,7.372537700459361,None,115.1441445001401,k,0.3187405001372099,None,None,115.49269910017028,115.49309770017862,116.99078249977902,116.9908357001841,118.0057386001572,118.00578369991854,119.52126129996032,,,,,,,1,0,1,0,23,0,23,0,548.2856168998405,,,,,,,,,,,,,,,,,,,,,,,,,,,,,,115.1441445001401,548.2723647998646,548.2856168998405,548.2856168998405,548.2856168998405,548.2856168998405,548.6207570000552,k,0.3187405001372099,None,left,1,7,0,4,53,12,None,115.49269910017028,115.49309770017862,548.6213026000187,548.6354676000774,548.6354676000774,550.1399362999946,550.1399362999946,550.1188777000643,116.99078249977902,116.9908357001841,550.1330754999071,550.1399362999946,550.1399362999946,551.1338638998568,stimuli/box_empty_transparent.png,118.0057386001572,118.00578369991854,551.1340030999854,551.1497420999222,552.6656025997363,552.6493894997984,119.52126129996032,,,,,,,,,,,,,,,,,,067073,right,no,None,2025-05-27_13h18.17.007,RL_out-of-scanner,2024.2.4,59.45299681431391,2025-05-27 13h18.25.779530 -0700,
24,0,24,space,18.46848509972915,None,space,7.372537700459361,None,119.52382119977847,k,0.29633500007912517,None,None,119.83933660015464,119.83973649982363,121.85289129987359,121.85294449981302,122.86848569987342,122.86853130022064,124.38397860014811,,,,,,,1,0,1,0,24,0,24,0,552.6656025997363,,,,,,,,,,,,,,,,,,,,,,,,,,,,,,119.52382119977847,552.652045799885,552.6656025997363,552.6656025997363,552.6656025997363,552.6656025997363,552.9673946001567,k,0.29633500007912517,None,left,1,7,0,4,53,12,None,119.83933660015464,119.83973649982363,552.9679409000091,552.9820018000901,552.9820018000901,555.0020097000524,555.0020097000524,554.9809912997298,121.85289129987359,121.85294449981302,554.9953679000027,555.0020097000524,555.0020097000524,555.9966103001498,stimuli/box_empty_transparent.png,122.86848569987342,122.86853130022064,555.9967324999161,556.0124109000899,557.5284329997376,557.5121053997427,124.38397860014811,,,,,,,,,,,,,,,,,,067073,right,no,None,2025-05-27_13h18.17.007,RL_out-of-scanner,2024.2.4,59.45299681431391,2025-05-27 13h18.25.779530 -0700,
25,0,25,space,18.46848509972915,None,space,7.372537700459361,None,124.38651139987633,k,0.2876515998505056,None,None,124.70212659984827,124.70253580017015,125.7002044999972,125.70025879982859,126.71531709982082,126.71536190016195,130.22947960020974,,,,,,,1,0,1,0,25,0,25,0,557.5284329997376,,,,,,,,,,,,,,,,,,,,,,,,,,,,,,124.38651139987633,557.5147326998413,557.5284329997376,557.5284329997376,557.5284329997376,557.5284329997376,557.8301801001653,k,0.2876515998505056,None,left,1,7,0,4,53,12,None,124.70212659984827,124.70253580017015,557.8307404997759,557.844762600027,557.844762600027,558.848966000136,558.848966000136,558.8283011000603,125.7002044999972,125.70025879982859,558.8425416997634,558.848966000136,558.848966000136,559.843441199977,stimuli/box_empty_transparent.png,126.71531709982082,126.71536190016195,559.8435595999472,559.8594971997663,563.3735760999843,563.3576070000418,130.22947960020974,,,,,,,,,,,,,,,,,,067073,right,no,None,2025-05-27_13h18.17.007,RL_out-of-scanner,2024.2.4,59.45299681431391,2025-05-27 13h18.25.779530 -0700,
26,0,26,space,18.46848509972915,None,space,7.372537700459361,None,130.23203499987721,j,0.31571950018405914,None,None,130.56436759978533,130.564872500021,131.0623709000647,131.06242690002546,132.07740180008113,132.07744729984552,135.59105319995433,,,,,,,1,0,1,0,26,0,26,0,563.3735760999843,,,,,,,,,,,,,,,,,,,,,,,,,,,,,,130.23203499987721,563.360289500095,563.3735760999843,563.3735760999843,563.3735760999843,563.3735760999843,563.6924165999517,j,0.31571950018405914,None,left,1,7,1,4,54,13,None,130.56436759978533,130.564872500021,563.6930802999996,563.706848999951,563.706848999951,564.2147611998953,564.2147611998953,564.190463299863,131.0623709000647,131.06242690002546,564.2080843998119,564.2147611998953,564.2147611998953,565.2055270997807,stimuli/box_coin_transparent.png,132.07740180008113,132.07744729984552,565.2056454000995,565.2216511000879,568.73572649993,568.7191928997636,135.59105319995433,,,,,,,,,,,,,,,,,,067073,right,no,None,2025-05-27_13h18.17.007,RL_out-of-scanner,2024.2.4,59.45299681431391,2025-05-27 13h18.25.779530 -0700,
27,0,27,space,18.46848509972915,None,space,7.372537700459361,None,135.59263319987804,j,0.31947079999372363,None,None,135.94305340014398,135.94352319976315,137.4568187999539,137.45687340013683,138.45668789977208,138.4567304002121,139.47138000000268,,,,,,,1,0,1,0,27,0,27,0,568.73572649993,,,,,,,,,,,,,,,,,,,,,,,,,,,,,,135.59263319987804,568.720833899919,568.73572649993,568.73572649993,568.73572649993,568.73572649993,569.0711081000045,j,0.31947079999372363,None,left,1,7,2,4,55,14,None,135.94305340014398,135.94352319976315,569.0717337001115,569.0856586997397,569.0856586997397,570.6012790999375,570.6012790999375,570.5849158000201,137.4568187999539,137.45687340013683,570.5955302999355,570.6012790999375,570.6012790999375,571.5848117000423,stimuli/box_coin_transparent.png,138.45668789977208,138.4567304002121,571.5849576001056,571.6000167001039,572.6159443999641,572.5995176997967,139.47138000000268,571.6000167001039,571.6000167001039,,,,,,,,,,,,,,,,067073,right,no,None,2025-05-27_13h18.17.007,RL_out-of-scanner,2024.2.4,59.45299681431391,2025-05-27 13h18.25.779530 -0700,
28,0,28,space,18.46848509972915,None,space,7.372537700459361,None,139.4730887999758,j,0.3886664998717606,None,None,139.88887620018795,139.88917940016836,140.8875071001239,140.88754349993542,141.90295339981094,141.9029832999222,145.41692540002987,,,,,,,1,0,1,0,28,0,28,0,572.6159443999641,,,,,,,,,,,,,,,,,,,,,,,,,,,,,,139.4730887999758,572.601292300038,572.6159443999641,572.6159443999641,572.6159443999641,572.6159443999641,573.0169704998843,j,0.3886664998717606,None,left,1,7,3,4,56,15,None,139.88887620018795,139.88917940016836,573.0173701001331,573.0322859999724,573.0322859999724,574.0324252997525,574.0324252997525,574.0156219000928,140.8875071001239,140.88754349993542,574.0268592000939,574.0324252997525,574.0324252997525,575.0310880001634,stimuli/box_coin_transparent.png,141.90295339981094,141.9029832999222,575.031165999826,575.0469752000645,578.561440099962,578.5450619999319,145.41692540002987,,,,,,,,,,,,,,,,,,067073,right,no,None,2025-05-27_13h18.17.007,RL_out-of-scanner,2024.2.4,59.45299681431391,2025-05-27 13h18.25.779530 -0700,
29,0,29,space,18.46848509972915,None,space,7.372537700459361,None,145.41844840021804,j,0.289400199893862,None,None,145.73463460011408,145.73492639977485,147.74879539990798,147.74883090006188,148.76409289985895,148.7641229000874,149.76363039994612,,,,,,,1,0,1,0,29,0,29,0,578.561440099962,,,,,,,,,,,,,,,,,,,,,,,,,,,,,,145.41844840021804,578.5466424999759,578.561440099962,578.561440099962,578.561440099962,578.561440099962,578.86273110006,j,0.289400199893862,None,left,1,7,4,4,57,16,None,145.73463460011408,145.73492639977485,578.8631132999435,578.8778413999826,578.8778413999826,580.8933544000611,580.8933544000611,580.8769144997932,147.74879539990798,147.74883090006188,580.8874957999215,580.8933544000611,580.8933544000611,581.8922290001065,stimuli/box_coin_transparent.png,148.76409289985895,148.7641229000874,581.8923074998893,581.9081958997995,582.9080528998747,582.8917713998817,149.76363039994612,,,,,,,,,,,,,,,,,,067073,right,no,None,2025-05-27_13h18.17.007,RL_out-of-scanner,2024.2.4,59.45299681431391,2025-05-27 13h18.25.779530 -0700,
30,0,30,space,18.46848509972915,None,space,7.372537700459361,None,149.7651252998039,j,0.9562793001532555,None,None,150.7466954998672,150.74698729999363,151.76202599983662,151.76206149999052,152.77768039982766,152.7777081998065,153.77688750019297,,,,,,,1,0,1,0,30,0,30,0,582.9080528998747,,,,,,,,,,,,,,,,,,,,,,,,,,,,,,149.7651252998039,582.8933240999468,582.9080528998747,582.9080528998747,582.9080528998747,582.9080528998747,583.8747934000567,j,0.9562793001532555,None,left,0,7,4,4,58,16,None,150.7466954998672,150.74698729999363,583.8751734001562,583.8914177999832,583.8914177999832,584.9325103997253,584.9325103997253,584.890140300151,151.76202599983662,151.76206149999052,584.9262024997734,584.9325103997253,584.9325103997253,585.9058173000813,stimuli/box_empty_transparent.png,152.77768039982766,152.7777081998065,585.9058897998184,585.9215828999877,586.9213805999607,586.905018299818,153.77688750019297,,,,,,,,,,,,,,,,,,067073,right,no,None,2025-05-27_13h18.17.007,RL_out-of-scanner,2024.2.4,59.45299681431391,2025-05-27 13h18.25.779530 -0700,
31,0,31,space,18.46848509972915,None,space,7.372537700459361,None,153.77801539981738,j,0.6409720000810921,None,None,154.44362650020048,154.44384359987453,157.45745049975812,157.4574779001996,158.47272220021114,158.4727448998019,160.9876699000597,,,,,,,1,0,1,0,31,0,31,0,586.9213805999607,,,,,,,,,,,,,,,,,,,,,,,,,,,,,,153.77801539981738,586.9061996997334,586.9213805999607,586.9213805999607,586.9213805999607,586.9213805999607,587.5717420000583,j,0.6409720000810921,None,left,0,7,4,4,59,16,None,154.44362650020048,154.44384359987453,587.5720223998651,587.5872240997851,587.5872240997851,590.6021142997779,590.6021142997779,590.5855743000284,157.45745049975812,157.4574779001996,590.591582799796,590.6021142997779,590.6021142997779,591.6008632001467,stimuli/box_empty_transparent.png,158.47272220021114,158.4727448998019,591.6009202999994,591.6168806999922,594.1321442001499,594.1158104999922,160.9876699000597,,,,,,,,,,,,,,,,,,067073,right,no,None,2025-05-27_13h18.17.007,RL_out-of-scanner,2024.2.4,59.45299681431391,2025-05-27 13h18.25.779530 -0700,
32,0,32,space,18.46848509972915,None,space,7.372537700459361,None,160.988770800177,k,0.3297140998765826,None,None,161.3378162998706,161.33802150003612,162.33682239986956,162.3368486999534,163.35233190003783,163.35235479986295,164.3515240000561,,,,,,,1,0,1,0,32,0,32,0,594.1321442001499,,,,,,,,,,,,,,,,,,,,,,,,,,,,,,160.988770800177,594.1169632999226,594.1321442001499,594.1321442001499,594.1321442001499,594.1321442001499,594.4659302001819,k,0.3297140998765826,None,left,0,7,4,4,59,16,None,161.3378162998706,161.33802150003612,594.4661992001347,594.4815870998427,594.4815870998427,595.4818358998746,595.4818358998746,595.464950799942,162.33682239986956,162.3368486999534,595.4708408997394,595.4818358998746,595.4818358998746,596.4804732999764,stimuli/box_empty_transparent.png,163.35233190003783,163.35235479986295,596.4805303001776,596.4966279999353,597.4960444997996,597.479666300118,164.3515240000561,,,,,,,,,,,,,,,,,,067073,right,no,None,2025-05-27_13h18.17.007,RL_out-of-scanner,2024.2.4,59.45299681431391,2025-05-27 13h18.25.779530 -0700,
33,0,33,space,18.46848509972915,None,space,7.372537700459361,None,164.35259519983083,j,0.6051380001008511,None,None,164.98522550007328,164.98548009991646,166.99962599994615,166.9996544001624,168.0152039998211,168.01522869989276,169.5147685999982,,,,,,,1,0,1,0,33,0,33,0,597.4960444997996,,,,,,,,,,,,,,,,,,,,,,,,,,,,,,164.35259519983083,597.4807885000482,597.4960444997996,597.4960444997996,597.4960444997996,597.4960444997996,598.1133360001259,j,0.6051380001008511,None,left,1,7,5,4,60,17,None,164.98522550007328,164.98548009991646,598.1136639001779,598.1289321999066,598.1289321999066,600.1485315999016,600.1485315999016,600.1277521001175,166.99962599994615,166.9996544001624,600.1428729998879,600.1485315999016,600.1485315999016,601.1433434998617,stimuli/box_coin_transparent.png,168.0152039998211,168.01522869989276,601.1434054998681,601.1594748999923,602.6590812001377,602.6428966997191,169.5147685999982,,,,,,,,,,,,,,,,,,067073,right,no,None,2025-05-27_13h18.17.007,RL_out-of-scanner,2024.2.4,59.45299681431391,2025-05-27 13h18.25.779530 -0700,
34,0,34,space,18.46848509972915,None,space,7.372537700459361,None,169.51730989990756,j,0.3122910000383854,None,None,169.8485070997849,169.84883019980043,172.86255639977753,172.86261110007763,173.8778352998197,173.8778804000467,176.3921715999022,,,,,,,1,0,1,0,34,0,34,0,602.6590812001377,,,,,,,,,,,,,,,,,,,,,,,,,,,,,,169.51730989990756,602.645533700008,602.6590812001377,602.6590812001377,602.6590812001377,602.6590812001377,602.9766033999622,j,0.3122910000383854,None,left,0,7,5,4,61,17,None,169.8485070997849,169.84883019980043,602.97701889975,602.9920036997646,602.9920036997646,606.0116051998921,606.0116051998921,605.9906526999548,172.86255639977753,172.86261110007763,606.0045817000791,606.0116051998921,606.0116051998921,607.0059601999819,stimuli/box_empty_transparent.png,173.8778352998197,173.8778804000467,607.0060785999522,607.021606199909,609.5366565999575,609.5203102999367,176.3921715999022,,,,,,,,,,,,,,,,,,067073,right,no,None,2025-05-27_13h18.17.007,RL_out-of-scanner,2024.2.4,59.45299681431391,2025-05-27 13h18.25.779530 -0700,
35,0,35,space,18.46848509972915,None,space,7.372537700459361,None,176.39363230019808,j,0.3565655001439154,None,None,176.7775020999834,176.77799399988726,178.2916804999113,178.29173430008814,179.3066664999351,179.30671120015904,180.30613090004772,,,,,,,1,0,1,0,35,0,35,0,609.5366565999575,,,,,,,,,,,,,,,,,,,,,,,,,,,,,,176.39363230019808,609.5218251999468,609.5366565999575,609.5366565999575,609.5366565999575,609.5366565999575,609.9055592999794,j,0.3565655001439154,None,left,1,7,6,4,62,18,None,176.7775020999834,176.77799399988726,609.9062020997517,609.9199644001201,609.9199644001201,611.4442211999558,611.4442211999558,611.4197772000916,178.2916804999113,178.29173430008814,611.4373139999807,611.4442211999558,611.4442211999558,612.4347914997488,stimuli/box_coin_transparent.png,179.3066664999351,179.30671120015904,612.4349126000889,612.4508941997774,613.4504174999893,613.4342547999695,180.30613090004772,,,,,,,,,,,,,,,,,,067073,right,no,None,2025-05-27_13h18.17.007,RL_out-of-scanner,2024.2.4,59.45299681431391,2025-05-27 13h18.25.779530 -0700,
36,0,36,space,18.46848509972915,None,space,7.372537700459361,None,180.30918919993564,j,0.47634009970352054,None,None,180.80747570004314,180.80793360015377,182.32161949994043,182.32167410012335,183.33641189988703,183.33644239977002,186.85089879995212,,,,,,,1,0,1,0,36,0,36,0,613.4504174999893,,,,,,,,,,,,,,,,,,,,,,,,,,,,,,180.30918919993564,613.437415999826,613.4504174999893,613.4504174999893,613.4504174999893,613.4504174999893,613.9355334001593,j,0.47634009970352054,None,left,0,7,6,4,63,18,None,180.80747570004314,180.80793360015377,613.9361402001232,613.9501120001078,613.9501120001078,615.4706641999073,615.4706641999073,615.4497138001025,182.32161949994043,182.32167410012335,615.4638120001182,615.4706641999073,615.4706641999073,616.4645472001284,stimuli/box_empty_transparent.png,183.33641189988703,183.33644239977002,616.4646244999021,616.4806313998997,619.9951949999668,619.9790260000154,186.85089879995212,,,,,,,,,,,,,,,,,,067073,right,no,None,2025-05-27_13h18.17.007,RL_out-of-scanner,2024.2.4,59.45299681431391,2025-05-27 13h18.25.779530 -0700,
37,0,37,space,18.46848509972915,None,space,7.372537700459361,None,186.85340290004387,j,0.49993279995396733,None,None,187.38476319983602,187.3851999999024,189.3994326000102,189.39949289988726,190.41467070020735,190.41475080000237,191.4301264998503,,,,,,,1,0,1,0,37,0,37,0,619.9951949999668,,,,,,,,,,,,,,,,,,,,,,,,,,,,,,186.85340290004387,619.981624700129,619.9951949999668,619.9951949999668,619.9951949999668,619.9951949999668,620.5128258997574,j,0.49993279995396733,None,left,1,7,7,4,64,19,None,187.38476319983602,187.3851999999024,620.513405200094,620.5279195001349,620.5279195001349,622.552760399878,622.552760399878,622.5275212000124,189.3994326000102,189.39949289988726,622.5460871001706,622.552760399878,622.552760399878,623.542794500012,stimuli/box_coin_transparent.png,190.41467070020735,190.41475080000237,623.5429508001544,623.5586886997335,624.5747321001254,624.5582670997828,191.4301264998503,,,,,,,,,,,,,,,,,,067073,right,no,None,2025-05-27_13h18.17.007,RL_out-of-scanner,2024.2.4,59.45299681431391,2025-05-27 13h18.25.779530 -0700,
38,0,38,space,18.46848509972915,None,space,7.372537700459361,None,191.4315967001021,j,0.9056584001518786,None,None,192.364090600051,192.36441250005737,193.3787887999788,193.3788235001266,194.378479400184,194.37852369993925,195.89338220003992,,,,,,,1,0,1,0,38,0,38,0,624.5747321001254,,,,,,,,,,,,,,,,,,,,,,,,,,,,,,191.4315967001021,624.5597957000136,624.5747321001254,624.5747321001254,624.5747321001254,624.5747321001254,625.4921872997656,j,0.9056584001518786,None,right,1,11,0,5,64,19,None,192.364090600051,192.36441250005737,625.4926001001149,625.5074244998395,625.5074244998395,626.5233177999035,626.5233177999035,626.5069094998762,193.3787887999788,193.3788235001266,626.515790599864,626.5233177999035,626.5233177999035,627.5066026998684,stimuli/box_empty_transparent.png,194.378479400184,194.37852369993925,627.5067205997184,627.5219517997466,629.0383279998787,629.0215142997913,195.89338220003992,627.5219517997466,627.5219517997466,,,,,,,,,,,,,,,,067073,right,no,None,2025-05-27_13h18.17.007,RL_out-of-scanner,2024.2.4,59.45299681431391,2025-05-27 13h18.25.779530 -0700,
39,0,39,space,18.46848509972915,None,space,7.372537700459361,None,195.895756599959,j,0.2850473001599312,None,None,196.2114511001855,196.21190749993548,197.21005900017917,197.21011340012774,198.2250366997905,198.2250832999125,199.22447929996997,,,,,,,1,0,1,0,39,0,39,0,629.0383279998787,,,,,,,,,,,,,,,,,,,,,,,,,,,,,,195.895756599959,629.0239705001004,629.0383279998787,629.0383279998787,629.0383279998787,629.0383279998787,629.3395036999136,j,0.2850473001599312,None,right,1,11,0,5,64,19,None,196.2114511001855,196.21190749993548,629.3401224999689,629.3544036997482,629.3544036997482,630.3596835997887,630.3596835997887,630.3381555001251,197.21005900017917,197.21011340012774,630.3524079998024,630.3596835997887,630.3596835997887,631.353162100073,stimuli/box_empty_transparent.png,198.2250366997905,198.2250832999125,631.3532859999686,631.3691882998683,632.368596599903,632.3526050997898,199.22447929996997,,,,,,,,,,,,,,,,,,067073,right,no,None,2025-05-27_13h18.17.007,RL_out-of-scanner,2024.2.4,59.45299681431391,2025-05-27 13h18.25.779530 -0700,
40,0,40,space,18.46848509972915,None,space,7.372537700459361,None,199.2271214001812,j,0.308950699865818,None,None,199.55927969980985,199.5597351999022,201.05709460005164,201.0571520999074,202.07187640015036,202.07192429993302,203.07146260002628,,,,,,,1,0,1,0,40,0,40,0,632.368596599903,,,,,,,,,,,,,,,,,,,,,,,,,,,,,,199.2271214001812,632.3553464999422,632.368596599903,632.368596599903,632.368596599903,632.368596599903,632.6873339000158,j,0.308950699865818,None,right,1,11,0,5,64,19,None,199.55927969980985,199.5597351999022,632.6879413998686,632.7017334997654,632.7017334997654,634.2067352999002,634.2067352999002,634.185173700098,201.05709460005164,201.0571520999074,634.1996542997658,634.2067352999002,634.2067352999002,635.1999992998317,stimuli/box_empty_transparent.png,202.07187640015036,202.07192429993302,635.2001243997365,635.21605299972,636.2156452001072,636.1995878997259,203.07146260002628,,,,,,,,,,,,,,,,,,067073,right,no,None,2025-05-27_13h18.17.007,RL_out-of-scanner,2024.2.4,59.45299681431391,2025-05-27 13h18.25.779530 -0700,
41,0,41,space,18.46848509972915,None,space,7.372537700459361,None,203.0739640998654,k,0.6620895001105964,None,['k'],203.75614539999515,203.75656419992447,204.7535063000396,204.7535566999577,205.7688390999101,205.76888869982213,208.78346509998664,[0.2503126999363303],[0.19053479982540011],,,,,1,0,1,0,41,0,41,0,636.2156452001072,,,,,,,,,,,,,,,,,,,,,,,,,,,,,,203.0739640998654,636.2021822999232,636.2156452001072,636.2156452001072,636.2156452001072,636.2156452001072,636.8841499001719,k,0.6620895001105964,None,right,1,11,1,5,65,20,['k'],203.75614539999515,203.75656419992447,636.8847697000019,636.8984588999301,636.8984588999301,637.9063554997556,637.9063554997556,637.8816104000434,204.7535063000396,204.7535566999577,637.8997082998976,637.9063554997556,637.9063554997556,638.8969594999216,stimuli/box_coin_transparent.png,205.7688390999101,205.76888869982213,638.8970833001658,638.9129805997945,641.9276573001407,641.9115904998034,208.78346509998664,,,,,,,,,,[0.2503126999363303],[0.19053479982540011],,,,,,,067073,right,no,None,2025-05-27_13h18.17.007,RL_out-of-scanner,2024.2.4,59.45299681431391,2025-05-27 13h18.25.779530 -0700,
42,0,42,space,18.46848509972915,None,space,7.372537700459361,None,208.786131599918,k,0.5539800999686122,None,None,209.3683307999745,209.36878430005163,211.38175729988143,211.38181120017543,212.39681209996343,212.39685870008543,215.91129550011829,,,,,,,1,0,1,0,42,0,42,0,641.9276573001407,,,,,,,,,,,,,,,,,,,,,,,,,,,,,,208.786131599918,641.9143563001417,641.9276573001407,641.9276573001407,641.9276573001407,641.9276573001407,642.4963826001622,k,0.5539800999686122,None,right,1,11,2,5,66,21,None,209.3683307999745,209.36878430005163,642.496993099805,642.5107400999404,642.5107400999404,644.5340423998423,644.5340423998423,644.5098564997315,211.38175729988143,211.38181120017543,644.5273568998091,644.5340423998423,644.5340423998423,645.5249350001104,stimuli/box_coin_transparent.png,212.39681209996343,212.39685870008543,645.525059199892,645.5409627999179,649.0555329001509,649.0394195998088,215.91129550011829,,,,,,,,,,,,,,,,,,067073,right,no,None,2025-05-27_13h18.17.007,RL_out-of-scanner,2024.2.4,59.45299681431391,2025-05-27 13h18.25.779530 -0700,
43,0,43,space,18.46848509972915,None,space,7.372537700459361,None,215.91395109985024,k,0.26055709971114993,None,None,216.19580890005454,216.1960686999373,217.19418089976534,217.1942365001887,218.20891600009054,218.20896260021254,220.22444520005956,,,,,,,1,0,1,0,43,0,43,0,649.0555329001509,,,,,,,,,,,,,,,,,,,,,,,,,,,,,,215.91395109985024,649.0421734000556,649.0555329001509,649.0555329001509,649.0555329001509,649.0555329001509,649.3239015997387,k,0.26055709971114993,None,right,1,11,3,5,67,22,None,216.19580890005454,216.1960686999373,649.3242542999797,649.3385195001028,649.3385195001028,650.346992299892,650.346992299892,650.3222731999122,217.19418089976534,217.1942365001887,650.3399996999651,650.346992299892,650.346992299892,651.3370407000184,stimuli/box_coin_transparent.png,218.20891600009054,218.20896260021254,651.3371632997878,651.3535029999912,653.3686784999445,653.3525737999007,220.22444520005956,,,,,,,,,,,,,,,,,,067073,right,no,None,2025-05-27_13h18.17.007,RL_out-of-scanner,2024.2.4,59.45299681431391,2025-05-27 13h18.25.779530 -0700,
44,0,44,space,18.46848509972915,None,space,7.372537700459361,None,220.22693780018017,k,0.36147360038012266,None,None,220.60920700011775,220.60962940007448,223.1224390999414,223.1224932000041,224.13774030003697,224.13778640003875,226.15303390007466,,,,,,,1,0,1,0,44,0,44,0,653.3686784999445,,,,,,,,,,,,,,,,,,,,,,,,,,,,,,220.22693780018017,653.3551552998833,653.3686784999445,653.3686784999445,653.3686784999445,653.3686784999445,653.7372153997421,k,0.36147360038012266,None,right,1,11,4,5,68,23,None,220.60920700011775,220.60962940007448,653.7378345001489,653.7517232997343,653.7517232997343,656.2749796998687,656.2749796998687,656.2505314000882,223.1224390999414,223.1224932000041,656.2681768997572,656.2749796998687,656.2749796998687,657.2658337997273,stimuli/box_coin_transparent.png,224.13774030003697,224.13778640003875,657.2659848998301,657.2818474001251,659.297079899814,659.2811627001502,226.15303390007466,,,,,,,,,,,,,,,,,,067073,right,no,None,2025-05-27_13h18.17.007,RL_out-of-scanner,2024.2.4,59.45299681431391,2025-05-27 13h18.25.779530 -0700,
45,0,45,space,18.46848509972915,None,space,7.372537700459361,None,226.15547369979322,k,0.3375488999299705,None,None,226.52097920002416,226.52137879980728,227.51895989989862,227.51901399996132,228.5340562001802,228.5341059002094,229.5337160001509,,,,,,,1,0,1,0,45,0,45,0,659.297079899814,,,,,,,,,,,,,,,,,,,,,,,,,,,,,,226.15547369979322,659.2836942998692,659.297079899814,659.297079899814,659.297079899814,659.297079899814,659.6490380000323,k,0.3375488999299705,None,right,1,11,5,5,69,24,None,226.52097920002416,226.52137879980728,659.6495833997615,659.6634496999905,659.6634496999905,660.6715953000821,660.6715953000821,660.6470556999557,227.51895989989862,227.51901399996132,660.6647986001335,660.6715953000821,660.6715953000821,661.6621821997687,stimuli/box_coin_transparent.png,228.5340562001802,228.5341059002094,661.6623041997664,661.678074600175,662.6780258999206,662.6618417999707,229.5337160001509,,,,,,,,,,,,,,,,,,067073,right,no,None,2025-05-27_13h18.17.007,RL_out-of-scanner,2024.2.4,59.45299681431391,2025-05-27 13h18.25.779530 -0700,
46,0,46,space,18.46848509972915,None,space,7.372537700459361,None,229.53625410003588,k,0.4275945001281798,None,None,229.98484189994633,229.98529399977997,231.9991910001263,231.99922640016302,233.01366190006956,233.0137061001733,234.01342380000278,,,,,,,1,0,1,0,46,0,46,0,662.6780258999206,,,,,,,,,,,,,,,,,,,,,,,,,,,,,,229.53625410003588,662.6644724998623,662.6780258999206,662.6780258999206,662.6780258999206,662.6780258999206,663.1128937997855,k,0.4275945001281798,None,right,1,11,6,5,70,25,None,229.98484189994633,229.98529399977997,663.1135053001344,663.1276850998402,663.1276850998402,665.1463395999745,665.1463395999745,665.1273082001135,231.9991910001263,231.99922640016302,665.1394604998641,665.1463395999745,665.1463395999745,666.1417868998833,stimuli/box_coin_transparent.png,233.01366190006956,233.0137061001733,666.1419037999585,666.1579391998239,667.1574952001683,667.1415522997268,234.01342380000278,,,,,,,,,,,,,,,,,,067073,right,no,None,2025-05-27_13h18.17.007,RL_out-of-scanner,2024.2.4,59.45299681431391,2025-05-27 13h18.25.779530 -0700,
47,0,47,space,18.46848509972915,None,space,7.372537700459361,None,234.01500870008022,k,0.36302739987149835,None,None,234.39783169981092,234.39825189998373,237.41104609984905,237.4111004001461,238.42629309976473,238.42634390015155,239.94210379989818,,,,,,,1,0,1,0,47,0,47,0,667.1574952001683,,,,,,,,,,,,,,,,,,,,,,,,,,,,,,234.01500870008022,667.143201999832,667.1574952001683,667.1574952001683,667.1574952001683,667.1574952001683,667.5258500999771,k,0.36302739987149835,None,right,1,11,7,5,71,26,None,234.39783169981092,234.39825189998373,667.5264595998451,667.5407366999425,667.5407366999425,670.5637961998582,670.5637961998582,670.5391386998817,237.41104609984905,237.4111004001461,670.5569083001465,670.5637961998582,670.5637961998582,671.5544177000411,stimuli/box_coin_transparent.png,238.42629309976473,238.42634390015155,671.5545422998257,671.5703370999545,673.0865846998058,673.0702273999341,239.94210379989818,,,,,,,,,,,,,,,,,,067073,right,no,None,2025-05-27_13h18.17.007,RL_out-of-scanner,2024.2.4,59.45299681431391,2025-05-27 13h18.25.779530 -0700,
48,0,48,space,18.46848509972915,None,space,7.372537700459361,None,239.94479739991948,k,0.5944356000982225,None,None,240.56024669995531,240.56068960018456,242.07408000016585,242.0741738001816,243.08891540020704,243.08894640021026,246.60309039987624,,,,,,,1,0,1,0,48,0,48,0,673.0865846998058,,,,,,,,,,,,,,,,,,,,,,,,,,,,,,239.94479739991948,673.073022000026,673.0865846998058,673.0865846998058,673.0865846998058,673.0865846998058,673.6883040000685,k,0.5944356000982225,None,right,1,11,8,5,72,27,None,240.56024669995531,240.56068960018456,673.6888950997964,673.7025961000472,673.7025961000472,675.2278859000653,675.2278859000653,675.2021761997603,242.07408000016585,242.0741738001816,675.2197632999159,675.2278859000653,675.2278859000653,676.2170513998717,stimuli/box_coin_transparent.png,243.08891540020704,243.08894640021026,676.2171292998828,676.2332016001455,679.7473792997189,679.731220500078,246.60309039987624,,,,,,,,,,,,,,,,,,067073,right,no,None,2025-05-27_13h18.17.007,RL_out-of-scanner,2024.2.4,59.45299681431391,2025-05-27 13h18.25.779530 -0700,
49,0,49,space,18.46848509972915,None,space,7.372537700459361,None,246.6056796000339,None,,,None,248.10265630017966,248.10276400018483,249.61800769995898,249.6180608998984,250.63330469978973,250.6333543001674,250.6341936001554,,,,,,,1,0,1,0,49,0,49,0,679.7473792997189,,,,,,,,,,,,,,,,,,,,,,,,,,,,,,246.6056796000339,679.733929600101,679.7473792997189,679.7473792997189,679.7473792997189,679.7473792997189,681.2307318998501,None,,,right,1,11,8,5,72,27,None,248.10265630017966,248.10276400018483,681.2309610000812,681.2465454000048,681.2465454000048,682.762500999961,682.762500999961,682.7460985998623,249.61800769995898,249.6180608998984,682.7548297001049,682.762500999961,682.762500999961,683.7614202001132,no selection made,250.63330469978973,250.6333543001674,683.7615515999496,683.7964785997756,683.7964785997756,683.7623228998855,250.6341936001554,,,,,,,,,,,,681.2465454000048,681.2465454000048,681.2465454000048,681.2465454000048,,,067073,right,no,None,2025-05-27_13h18.17.007,RL_out-of-scanner,2024.2.4,59.45299681431391,2025-05-27 13h18.25.779530 -0700,
1,0,1,space,18.46848509972915,None,space,7.372537700459361,None,,,,,,,,,,,,,,,,,,,1,0,1,0,,,,,,,,,,,,,,,,,,,,,,,,,,,,,,,,,,,,,,,,,,,,,,,,,,,,,,,,,,,,,,,,,,,,,,,,,,,,,683.7919503999874,683.7964785997756,687.7741566998884,687.7742363000289,687.7905982001685,738.0674712997861,738.0512926001102,,,,,,,,,067073,right,no,None,2025-05-27_13h18.17.007,RL_out-of-scanner,2024.2.4,59.45299681431391,2025-05-27 13h18.25.779530 -0700,
0,0,0,space,19.900584999937564,None,space,1.2240292001515627,None,0.0031115999445319176,j,0.5157516999170184,None,None,0.5339556997641921,0.5344253997318447,1.53219179995358,1.532246199902147,2.546914900187403,2.5469610998407006,4.562382000032812,,,,,,,2,0,2,0,0,0,0,0,759.2342574000359,,,,,,,,,,,,,,,,738.0516011998989,738.0674712997861,738.0674712997861,757.9696820997633,space,19.900584999937564,None,757.9698116998188,757.9850665000267,757.9850665000267,759.2187402998097,space,1.2240292001515627,None,0.0031115999445319176,759.2220394997858,759.2342574000359,759.2342574000359,759.2342574000359,759.2342574000359,759.7526556998491,j,0.5157516999170184,None,right,1,10,0,6,72,0,None,0.5339556997641921,0.5344253997318447,759.7532827998511,759.7671622000635,759.7671622000635,760.772474899888,760.772474899888,760.750936999917,1.53219179995358,1.532246199902147,760.7657106998377,760.772474899888,760.772474899888,761.7656915998086,stimuli/box_empty_transparent.png,2.546914900187403,2.5469610998407006,761.7658059997484,761.781850699801,763.7973519000225,763.7811595997773,4.562382000032812,,,,,,,,,,,,,,,,,,067073,right,no,None,2025-05-27_13h18.17.007,RL_out-of-scanner,2024.2.4,59.45299681431391,2025-05-27 13h18.25.779530 -0700,
1,0,1,space,19.900584999937564,None,space,1.2240292001515627,None,4.564883099868894,k,0.7539304997771978,None,['k'],5.346075600013137,5.34647380001843,6.860664300154895,6.860712599940598,7.876252099871635,7.876297200098634,9.391501000151038,[0.29971589986234903],[0.15022710012272],,,,,2,0,2,0,1,0,1,0,763.7973519000225,,,,,,,,,,,,,,,,,,,,,,,,,,,,,,4.564883099868894,763.7837843997404,763.7973519000225,763.7973519000225,763.7973519000225,763.7973519000225,764.5647382000461,k,0.7539304997771978,None,right,1,10,1,6,73,1,['k'],5.346075600013137,5.34647380001843,764.5653276001103,764.5800679000095,764.5800679000095,766.1036335998215,766.1036335998215,766.0794171998277,6.860664300154895,6.860712599940598,766.0970037998632,766.1036335998215,766.1036335998215,767.0950178997591,stimuli/box_coin_transparent.png,7.876252099871635,7.876297200098634,767.095141899772,767.110916600097,768.6266842000186,768.6102823000401,9.391501000151038,,,,,,,,,,[0.29971589986234903],[0.15022710012272],,,,,,,067073,right,no,None,2025-05-27_13h18.17.007,RL_out-of-scanner,2024.2.4,59.45299681431391,2025-05-27 13h18.25.779530 -0700,
2,0,2,space,19.900584999937564,None,space,1.2240292001515627,None,9.393894900102168,k,0.2704534996300936,None,None,9.693257099948823,9.69365999987349,10.707606500014663,10.70765919983387,11.723307800013572,11.723358000162989,14.737924600020051,,,,,,,2,0,2,0,2,0,2,0,768.6266842000186,,,,,,,,,,,,,,,,,,,,,,,,,,,,,,9.393894900102168,768.6127655999735,768.6266842000186,768.6266842000186,768.6266842000186,768.6266842000186,768.9119537998922,k,0.2704534996300936,None,right,1,10,2,6,74,2,None,9.693257099948823,9.69365999987349,768.9125147000886,768.9270303999074,768.9270303999074,769.9502916997299,769.9502916997299,769.9263579999097,10.707606500014663,10.70765919983387,769.9436492999084,769.9502916997299,769.9502916997299,770.9420825000852,stimuli/box_coin_transparent.png,11.723307800013572,11.723358000162989,770.942205700092,770.957995899953,773.9724801997654,773.9566975999624,14.737924600020051,,,,,,,,,,,,,,,,,,067073,right,no,None,2025-05-27_13h18.17.007,RL_out-of-scanner,2024.2.4,59.45299681431391,2025-05-27 13h18.25.779530 -0700,
3,0,3,space,19.900584999937564,None,space,1.2240292001515627,None,14.74063909985125,k,0.34267390007153153,None,None,15.105880099814385,15.106292999815196,17.119550299830735,17.11960479989648,18.134408299811184,18.13445380004123,19.134066599886864,,,,,,,2,0,2,0,3,0,3,0,773.9724801997654,,,,,,,,,,,,,,,,,,,,,,,,,,,,,,14.74063909985125,773.9595146998763,773.9724801997654,773.9724801997654,773.9724801997654,773.9724801997654,774.3245717999525,k,0.34267390007153153,None,right,1,10,3,6,75,3,None,15.105880099814385,15.106292999815196,774.3251493000425,774.3389226999134,774.3389226999134,776.3626934997737,776.3626934997737,776.3382979999296,17.119550299830735,17.11960479989648,776.3560130000114,776.3626934997737,776.3626934997737,777.3531837998889,stimuli/box_coin_transparent.png,18.134408299811184,18.13445380004123,777.3533026999794,777.3691830998287,778.3692871998064,778.3528447998688,19.134066599886864,,,,,,,,,,,,,,,,,,067073,right,no,None,2025-05-27_13h18.17.007,RL_out-of-scanner,2024.2.4,59.45299681431391,2025-05-27 13h18.25.779530 -0700,
4,0,4,space,19.900584999937564,None,space,1.2240292001515627,None,19.13642829982564,k,0.6322405999526381,None,None,19.78576669981703,19.786165500059724,20.78352800011635,20.783582199830562,21.7984023001045,21.798450000118464,24.313051899895072,,,,,,,2,0,2,0,4,0,4,0,778.3692871998064,,,,,,,,,,,,,,,,,,,,,,,,,,,,,,19.13642829982564,778.3552951999009,778.3692871998064,778.3692871998064,778.3692871998064,778.3692871998064,779.0044761998579,k,0.6322405999526381,None,right,1,10,4,6,76,4,None,19.78576669981703,19.786165500059724,779.0050209001638,779.0185362999327,779.0185362999327,780.027553900145,780.027553900145,780.0022708000615,20.78352800011635,20.783582199830562,780.0201069000177,780.027553900145,780.027553900145,781.0171774001792,stimuli/box_coin_transparent.png,21.7984023001045,21.798450000118464,781.0173257999122,781.0332085001282,783.5480162999593,783.5318296998739,24.313051899895072,,,,,,,,,,,,,,,,,,067073,right,no,None,2025-05-27_13h18.17.007,RL_out-of-scanner,2024.2.4,59.45299681431391,2025-05-27 13h18.25.779530 -0700,
5,0,5,space,19.900584999937564,None,space,1.2240292001515627,None,24.315559499897063,k,0.2696098000742495,None,None,24.614958200138062,24.615356899797916,28.127071700058877,28.127124399878085,29.142530700191855,29.142574899829924,31.157845799811184,,,,,,,2,0,2,0,5,0,5,0,783.5480162999593,,,,,,,,,,,,,,,,,,,,,,,,,,,,,,24.315559499897063,783.5344293997623,783.5480162999593,783.5480162999593,783.5480162999593,783.5480162999593,783.8336681998335,k,0.2696098000742495,None,right,0,10,4,6,77,4,None,24.614958200138062,24.615356899797916,783.8342117001303,783.8479043999687,783.8479043999687,787.3667159001343,787.3667159001343,787.3458189000376,28.127071700058877,28.127124399878085,787.3600034997799,787.3667159001343,787.3667159001343,788.361306599807,stimuli/box_empty_transparent.png,29.142530700191855,29.142574899829924,788.3614233001135,788.3773185000755,790.3927319999784,790.3766234000213,31.157845799811184,,,,,,,,,,,,,,,,,,067073,right,no,None,2025-05-27_13h18.17.007,RL_out-of-scanner,2024.2.4,59.45299681431391,2025-05-27 13h18.25.779530 -0700,
6,0,6,space,19.900584999937564,None,space,1.2240292001515627,None,31.16035779984668,j,0.3402456999756396,None,None,31.52621030015871,31.526701800059527,32.52387160016224,32.52392549999058,33.53886409988627,33.53890929976478,34.53848600015044,,,,,,,2,0,2,0,6,0,6,0,790.3927319999784,,,,,,,,,,,,,,,,,,,,,,,,,,,,,,31.16035779984668,790.3792322999798,790.3927319999784,790.3927319999784,790.3927319999784,790.3927319999784,790.7449197000824,j,0.3402456999756396,None,right,0,10,4,6,77,4,None,31.52621030015871,31.526701800059527,790.7455599000677,790.759180100169,790.759180100169,791.7633074000478,791.7633074000478,791.7426175000146,32.52387160016224,32.52392549999058,791.7566370000131,791.7633074000478,791.7633074000478,792.7576394998468,stimuli/box_empty_transparent.png,33.53886409988627,33.53890929976478,792.7577578998171,792.7739038998261,793.7734093000181,793.7572634001262,34.53848600015044,,,,,,,,,,,,,,,,,,067073,right,no,None,2025-05-27_13h18.17.007,RL_out-of-scanner,2024.2.4,59.45299681431391,2025-05-27 13h18.25.779530 -0700,
7,0,7,space,19.900584999937564,None,space,1.2240292001515627,None,34.54146600002423,k,0.44463849999010563,None,None,35.00666499976069,35.00710629997775,37.01959400018677,37.01962859975174,38.01926499977708,38.01930839987472,40.03400099975988,,,,,,,2,0,2,0,7,0,7,0,793.7734093000181,,,,,,,,,,,,,,,,,,,,,,,,,,,,,,34.54146600002423,793.7603368000127,793.7734093000181,793.7734093000181,793.7734093000181,793.7734093000181,794.2253748998046,k,0.44463849999010563,None,right,0,10,4,6,78,4,None,35.00666499976069,35.00710629997775,794.2259633997455,794.2399630998261,794.2399630998261,796.2548615997657,796.2548615997657,796.2383606997319,37.01959400018677,37.01962859975174,796.247201200109,796.2548615997657,796.2548615997657,797.2380400998518,stimuli/box_empty_transparent.png,38.01926499977708,38.01930839987472,797.2381544997916,797.2533883000724,799.2690217001364,799.2527799997479,40.03400099975988,797.2533883000724,797.2533883000724,,,,,,,,,,,,,,,,067073,right,no,None,2025-05-27_13h18.17.007,RL_out-of-scanner,2024.2.4,59.45299681431391,2025-05-27 13h18.25.779530 -0700,
8,0,8,space,19.900584999937564,None,space,1.2240292001515627,None,40.03663880005479,k,0.5155925001017749,None,None,40.56889809994027,40.56933879991993,43.582026899792254,43.58208379987627,44.5966757000424,44.596723900176585,46.11289530014619,,,,,,,2,0,2,0,8,0,8,0,799.2690217001364,,,,,,,,,,,,,,,,,,,,,,,,,,,,,,40.03663880005479,799.2555149998516,799.2690217001364,799.2690217001364,799.2690217001364,799.2690217001364,799.787606399972,k,0.5155925001017749,None,right,0,10,4,6,79,4,None,40.56889809994027,40.56933879991993,799.7881979001686,799.8019759999588,799.8019759999588,802.8216379000805,802.8216379000805,802.8007720997557,43.582026899792254,43.58208379987627,802.8147149998695,802.8216379000805,802.8216379000805,803.8154501998797,stimuli/box_empty_transparent.png,44.5966757000424,44.596723900176585,803.815575200133,803.8319276999682,805.3476780001074,805.3316731997766,46.11289530014619,,,,,,,,,,,,,,,,,,067073,right,no,None,2025-05-27_13h18.17.007,RL_out-of-scanner,2024.2.4,59.45299681431391,2025-05-27 13h18.25.779530 -0700,
9,0,9,space,19.900584999937564,None,space,1.2240292001515627,None,46.11527399998158,j,0.44268189975991845,None,None,46.581114099826664,46.58157730009407,48.0948155997321,48.09486929979175,49.10961249982938,49.10965680005029,51.12548210006207,,,,,,,2,0,2,0,9,0,9,0,805.3476780001074,,,,,,,,,,,,,,,,,,,,,,,,,,,,,,46.11527399998158,805.3341411999427,805.3476780001074,805.3476780001074,805.3476780001074,805.3476780001074,805.7998242001049,j,0.44268189975991845,None,right,0,10,4,6,79,4,None,46.581114099826664,46.58157730009407,805.800435999874,805.8138326997869,805.8138326997869,807.3345837998204,807.3345837998204,807.3135611000471,48.0948155997321,48.09486929979175,807.3275847998448,807.3345837998204,807.3345837998204,808.3283874997869,stimuli/box_empty_transparent.png,49.10961249982938,49.10965680005029,808.3285050000995,808.3445310001262,810.360555099789,810.3442604998127,51.12548210006207,,,,,,,,,,,,,,,,,,067073,right,no,None,2025-05-27_13h18.17.007,RL_out-of-scanner,2024.2.4,59.45299681431391,2025-05-27 13h18.25.779530 -0700,
10,0,10,space,19.900584999937564,None,space,1.2240292001515627,None,51.12800969975069,j,0.3837164998985827,None,None,51.54362630005926,51.54408589983359,53.05767360003665,53.05772850010544,54.07225299999118,54.072298000101,55.07161800004542,,,,,,,2,0,2,0,10,0,10,0,810.360555099789,,,,,,,,,,,,,,,,,,,,,,,,,,,,,,51.12800969975069,810.3468786999583,810.360555099789,810.360555099789,810.360555099789,810.360555099789,810.7623032000847,j,0.3837164998985827,None,right,0,10,4,6,79,4,None,51.54362630005926,51.54408589983359,810.7629447998479,810.776589400135,810.776589400135,812.297291399911,812.297291399911,812.2764201001264,53.05767360003665,53.05772850010544,812.290685299784,812.297291399911,812.297291399911,813.2910285000689,stimuli/box_empty_transparent.png,54.07225299999118,54.072298000101,813.29114570003,813.3072917000391,814.3068908997811,814.2904058997519,55.07161800004542,,,,,,,,,,,,,,,,,,067073,right,no,None,2025-05-27_13h18.17.007,RL_out-of-scanner,2024.2.4,59.45299681431391,2025-05-27 13h18.25.779530 -0700,
11,0,11,space,19.900584999937564,None,space,1.2240292001515627,None,55.07350519997999,k,0.32341689988970757,None,None,55.423612100072205,55.42415919993073,57.43746230006218,57.4375163000077,58.45234020007774,58.452394399791956,59.95159879978746,,,,,,,2,0,2,0,11,0,11,0,814.3068908997811,,,,,,,,,,,,,,,,,,,,,,,,,,,,,,55.07350519997999,814.2923563998193,814.3068908997811,814.3068908997811,814.3068908997811,814.3068908997811,814.64231499983,k,0.32341689988970757,None,right,1,10,5,6,80,5,None,55.423612100072205,55.42415919993073,814.6430216999725,814.6568371998146,814.6568371998146,816.6807936998084,816.6807936998084,816.6562071000226,57.43746230006218,57.4375163000077,816.6738299997523,816.6807936998084,816.6807936998084,817.6710720998235,stimuli/box_coin_transparent.png,58.45234020007774,58.452394399791956,817.6712460997514,817.6870495001785,819.1864954000339,819.1703751999885,59.95159879978746,,,,,,,,,,,,,,,,,,067073,right,no,None,2025-05-27_13h18.17.007,RL_out-of-scanner,2024.2.4,59.45299681431391,2025-05-27 13h18.25.779530 -0700,
12,0,12,space,19.900584999937564,None,space,1.2240292001515627,None,59.9541629999876,k,0.34411369962617755,None,None,60.31911619985476,60.3193797999993,61.317602899856865,61.31765659991652,62.33280859980732,62.332853000145406,65.34728009998798,,,,,,,2,0,2,0,12,0,12,0,819.1864954000339,,,,,,,,,,,,,,,,,,,,,,,,,,,,,,59.9541629999876,819.1730307997204,819.1864954000339,819.1864954000339,819.1864954000339,819.1864954000339,819.5378626999445,k,0.34411369962617755,None,right,0,10,5,6,81,5,None,60.31911619985476,60.3193797999993,819.5382165997289,819.5529076000676,819.5529076000676,820.5581216998398,820.5581216998398,820.5363471000455,61.317602899856865,61.31765659991652,820.5512255001813,820.5581216998398,820.5581216998398,821.5515839997679,stimuli/box_empty_transparent.png,62.33280859980732,62.332853000145406,821.5517008998431,821.5679672998376,824.5821273000911,824.5660709999502,65.34728009998798,,,,,,,,,,,,,,,,,,067073,right,no,None,2025-05-27_13h18.17.007,RL_out-of-scanner,2024.2.4,59.45299681431391,2025-05-27 13h18.25.779530 -0700,
13,0,13,space,19.900584999937564,None,space,1.2240292001515627,None,65.34870939981192,k,0.2864405997097492,None,None,65.66515569994226,65.66560979979113,66.16364789986983,66.16368380002677,67.17893770011142,67.17898239986971,69.1941566998139,,,,,,,2,0,2,0,13,0,13,0,824.5821273000911,,,,,,,,,,,,,,,,,,,,,,,,,,,,,,65.34870939981192,824.5675511001609,824.5821273000911,824.5821273000911,824.5821273000911,824.5821273000911,824.8838569000363,k,0.2864405997097492,None,right,1,10,6,6,82,6,None,65.66515569994226,65.66560979979113,824.8844695999287,824.898690099828,824.898690099828,825.3990611997433,825.3990611997433,825.3824192001484,66.16364789986983,66.16368380002677,825.3929516999051,825.3990611997433,825.3990611997433,826.3977143000811,stimuli/box_coin_transparent.png,67.17893770011142,67.17898239986971,826.3978300997987,826.4135774001479,828.4290891001001,828.4129348997958,69.1941566998139,,,,,,,,,,,,,,,,,,067073,right,no,None,2025-05-27_13h18.17.007,RL_out-of-scanner,2024.2.4,59.45299681431391,2025-05-27 13h18.25.779530 -0700,
14,0,14,space,19.900584999937564,None,space,1.2240292001515627,None,69.19670199975371,k,0.44176469976082444,None,None,69.66183699993417,69.66223629983142,71.17643440002576,71.17648810008541,72.19158169999719,72.19162649987265,73.19103879993781,,,,,,,2,0,2,0,14,0,14,0,828.4290891001001,,,,,,,,,,,,,,,,,,,,,,,,,,,,,,69.19670199975371,828.4155745999888,828.4290891001001,828.4290891001001,828.4290891001001,828.4290891001001,828.8805483998731,k,0.44176469976082444,None,right,1,10,7,6,83,7,None,69.66183699993417,69.66223629983142,828.8810916999355,828.8953574998304,828.8953574998304,830.4196025999263,830.4196025999263,830.395177999977,71.17643440002576,71.17648810008541,830.4127976000309,830.4196025999263,830.4196025999263,831.4103564000688,stimuli/box_coin_transparent.png,72.19158169999719,72.19162649987265,831.4104790999554,831.42621649988,832.4262522999197,832.4098120001145,73.19103879993781,,,,,,,,,,,,,,,,,,067073,right,no,None,2025-05-27_13h18.17.007,RL_out-of-scanner,2024.2.4,59.45299681431391,2025-05-27 13h18.25.779530 -0700,
15,0,15,space,19.900584999937564,None,space,1.2240292001515627,None,73.19256860017776,k,0.45225899992510676,None,None,73.67525199986994,73.67571019986644,74.67369550000876,74.67375240009278,75.6887241997756,75.68876940011978,77.70347160007805,,,,,,,2,0,2,0,15,0,15,0,832.4262522999197,,,,,,,,,,,,,,,,,,,,,,,,,,,,,,73.19256860017776,832.4114143000916,832.4262522999197,832.4262522999197,832.4262522999197,832.4262522999197,832.8939580000006,k,0.45225899992510676,None,right,1,10,8,6,84,8,None,73.67525199986994,73.67571019986644,832.8945701997727,832.9091587001458,832.9091587001458,833.917895599734,833.917895599734,833.8924361998215,74.67369550000876,74.67375240009278,833.9111615000293,833.917895599734,833.917895599734,834.9074969999492,stimuli/box_coin_transparent.png,75.6887241997756,75.68876940011978,834.9076204998419,834.9235828998499,836.938640799839,836.9222570997663,77.70347160007805,,,,,,,,,,,,,,,,,,067073,right,no,None,2025-05-27_13h18.17.007,RL_out-of-scanner,2024.2.4,59.45299681431391,2025-05-27 13h18.25.779530 -0700,
16,0,16,space,19.900584999937564,None,space,1.2240292001515627,None,77.70508119976148,k,0.27101709973067045,None,None,78.0047756000422,78.00506570003927,80.0189407998696,80.01897590002045,81.0342477997765,81.03427750011906,82.03396169980988,,,,,,,2,0,2,0,16,0,16,0,836.938640799839,,,,,,,,,,,,,,,,,,,,,,,,,,,,,,77.70508119976148,836.9239341998473,836.938640799839,836.938640799839,836.938640799839,836.938640799839,837.2235119999386,k,0.27101709973067045,None,right,1,10,9,6,85,9,None,78.0047756000422,78.00506570003927,837.2239107000642,837.2386241001077,837.2386241001077,839.2550733000971,839.2550733000971,839.2377108000219,80.0189407998696,80.01897590002045,839.2485318998806,839.2550733000971,839.2550733000971,840.2530347998254,stimuli/box_coin_transparent.png,81.0342477997765,81.03427750011906,840.2531098001637,840.2693062997423,841.2689407998696,841.2527338997461,82.03396169980988,,,,,,,,,,,,,,,,,,067073,right,no,None,2025-05-27_13h18.17.007,RL_out-of-scanner,2024.2.4,59.45299681431391,2025-05-27 13h18.25.779530 -0700,
17,0,17,space,19.900584999937564,None,space,1.2240292001515627,None,82.0363555001095,k,0.5598810003139079,None,None,82.6182248997502,82.61862740013748,83.61683569988236,83.61688950005919,84.63158529996872,84.63163270009682,85.63109020004049,,,,,,,2,0,2,0,17,0,17,0,841.2689407998696,,,,,,,,,,,,,,,,,,,,,,,,,,,,,,82.0363555001095,841.2552241999656,841.2689407998696,841.2689407998696,841.2689407998696,841.2689407998696,841.8369323001243,k,0.5598810003139079,None,right,1,10,10,6,86,10,None,82.6182248997502,82.61862740013748,841.8374916999601,841.8516321000643,841.8516321000643,842.860476499889,842.860476499889,842.8355788998306,83.61683569988236,83.61688950005919,842.8534173001535,842.860476499889,842.860476499889,843.8503585997969,stimuli/box_coin_transparent.png,84.63158529996872,84.63163270009682,843.8504818999209,843.8665944999084,844.8661515000276,844.8498682999052,85.63109020004049,,,,,,,,,,,,,,,,,,067073,right,no,None,2025-05-27_13h18.17.007,RL_out-of-scanner,2024.2.4,59.45299681431391,2025-05-27 13h18.25.779530 -0700,
18,0,18,space,19.900584999937564,None,space,1.2240292001515627,None,85.63361939974129,k,0.32550220005214214,None,None,85.98266910016537,85.98315929993987,89.49509650003165,89.49515049997717,90.51049009989947,90.51053440012038,92.52556930016726,,,,,,,2,0,2,0,18,0,18,0,844.8661515000276,,,,,,,,,,,,,,,,,,,,,,,,,,,,,,85.63361939974129,844.8524953001179,844.8661515000276,844.8661515000276,844.8661515000276,844.8661515000276,845.201371199917,k,0.32550220005214214,None,left,1,15,0,7,86,10,None,85.98266910016537,85.98315929993987,845.2020156998187,845.2158089000732,845.2158089000732,848.7350435000844,848.7350435000844,848.7138441000134,89.49509650003165,89.49515049997717,848.7282825000584,848.7350435000844,848.7350435000844,849.7292661000974,stimuli/box_empty_transparent.png,90.51049009989947,90.51053440012038,849.7293829000555,849.7450481997803,851.760900199879,851.7443189998157,92.52556930016726,,,,,,,,,,,,,,,,,,067073,right,no,None,2025-05-27_13h18.17.007,RL_out-of-scanner,2024.2.4,59.45299681431391,2025-05-27 13h18.25.779530 -0700,
19,0,19,space,19.900584999937564,None,space,1.2240292001515627,None,92.52804670017213,k,0.47613260010257363,None,None,93.02730919979513,93.02772409981117,94.02490769978613,94.02496160008013,95.03985269973055,95.0398965999484,96.55495769996196,,,,,,,2,0,2,0,19,0,19,0,851.760900199879,,,,,,,,,,,,,,,,,,,,,,,,,,,,,,92.52804670017213,851.7469159001485,851.760900199879,851.760900199879,851.760900199879,851.760900199879,852.2460123999044,k,0.47613260010257363,None,left,1,15,0,7,86,10,None,93.02730919979513,93.02772409981117,852.2465817998163,852.2602598001249,852.2602598001249,853.2655305000953,853.2655305000953,853.2436530999839,94.02490769978613,94.02496160008013,853.258499499876,853.2655305000953,853.2655305000953,854.2586273998022,stimuli/box_empty_transparent.png,95.03985269973055,95.0398965999484,854.2587446998805,854.2745972000994,855.7901018001139,855.7737491000444,96.55495769996196,,,,,,,,,,,,,,,,,,067073,right,no,None,2025-05-27_13h18.17.007,RL_out-of-scanner,2024.2.4,59.45299681431391,2025-05-27 13h18.25.779530 -0700,
20,0,20,space,19.900584999937564,None,space,1.2240292001515627,None,96.55644099973142,j,0.671614000108093,None,['j'],97.2561057000421,97.25639700004831,99.27094369987026,99.27099910005927,100.2858966998756,100.28594890004024,102.30106139974669,[0.23349709995090961],[0.14424199983477592],,,,,2,0,2,0,20,0,20,0,855.7901018001139,,,,,,,,,,,,,,,,,,,,,,,,,,,,,,96.55644099973142,855.7752882000059,855.7901018001139,855.7901018001139,855.7901018001139,855.7901018001139,856.4748219000176,j,0.671614000108093,None,left,1,15,1,7,87,11,['j'],97.2561057000421,97.25639700004831,856.4752338998951,856.4896394000389,856.4896394000389,858.5147421001457,858.5147421001457,858.489652399905,99.27094369987026,99.27099910005927,858.5077224997804,858.5147421001457,858.5147421001457,859.5046673999168,stimuli/box_coin_transparent.png,100.2858966998756,100.28594890004024,859.5047965999693,859.5209710998461,861.5361688998528,861.5198355000466,102.30106139974669,,,,,,,,,,[0.23349709995090961],[0.14424199983477592],,,,,,,067073,right,no,None,2025-05-27_13h18.17.007,RL_out-of-scanner,2024.2.4,59.45299681431391,2025-05-27 13h18.25.779530 -0700,
21,0,21,space,19.900584999937564,None,space,1.2240292001515627,None,102.30353710008785,j,0.3795057996176183,None,None,102.70203940011561,102.70280569978058,105.71555260010064,105.71560729993507,106.73079290008172,106.73083769995719,108.24656079988927,,,,,,,2,0,2,0,21,0,21,0,861.5361688998528,,,,,,,,,,,,,,,,,,,,,,,,,,,,,,102.30353710008785,861.5224028001539,861.5361688998528,861.5361688998528,861.5361688998528,861.5361688998528,861.9207524000667,j,0.3795057996176183,None,left,1,15,2,7,88,12,None,102.70203940011561,102.70280569978058,861.9217079998925,861.9356717001647,861.9356717001647,864.9584988001734,864.9584988001734,864.9342986997217,105.71555260010064,105.71560729993507,864.9519122000784,864.9584988001734,864.9584988001734,865.9495679000393,stimuli/box_coin_transparent.png,106.73079290008172,106.73083769995719,865.9496912001632,865.9655316998251,867.4812133000232,867.46533370018,108.24656079988927,,,,,,,,,,,,,,,,,,067073,right,no,None,2025-05-27_13h18.17.007,RL_out-of-scanner,2024.2.4,59.45299681431391,2025-05-27 13h18.25.779530 -0700,
22,0,22,space,19.900584999937564,None,space,1.2240292001515627,None,108.24901959998533,j,0.3207418997772038,None,None,108.59674210008234,108.59703580010682,110.09545380016789,110.0955109000206,111.11029209988192,111.11032159999013,113.12556360010058,,,,,,,2,0,2,0,22,0,22,0,867.4812133000232,,,,,,,,,,,,,,,,,,,,,,,,,,,,,,108.24901959998533,867.46789419977,867.4812133000232,867.4812133000232,867.4812133000232,867.4812133000232,867.8154894998297,j,0.3207418997772038,None,left,0,15,2,7,89,12,None,108.59674210008234,108.59703580010682,867.8158744997345,867.8310491000302,867.8310491000302,869.3370106001385,869.3370106001385,869.3141923998483,110.09545380016789,110.0955109000206,869.3299953998066,869.3370106001385,869.3370106001385,870.3290793001652,stimuli/box_empty_transparent.png,111.11029209988192,111.11032159999013,870.3291541999206,870.3451613001525,872.3605559999123,872.3443432999775,113.12556360010058,,,,,,,,,,,,,,,,,,067073,right,no,None,2025-05-27_13h18.17.007,RL_out-of-scanner,2024.2.4,59.45299681431391,2025-05-27 13h18.25.779530 -0700,
23,0,23,space,19.900584999937564,None,space,1.2240292001515627,None,113.12798730004579,k,0.47227289993315935,None,None,113.62713509984314,113.62753319973126,115.14138309983537,115.14143709978089,116.15660069976002,116.15664599975571,117.65603110007942,,,,,,,2,0,2,0,23,0,23,0,872.3605559999123,,,,,,,,,,,,,,,,,,,,,,,,,,,,,,113.12798730004579,872.3468541000038,872.3605559999123,872.3605559999123,872.3605559999123,872.3605559999123,872.8458438999951,k,0.47227289993315935,None,left,0,15,2,7,89,12,None,113.62713509984314,113.62753319973126,872.8463880000636,872.860416600015,872.860416600015,874.3811150998808,874.3811150998808,874.3601307999343,115.14138309983537,115.14143709978089,874.3744883001782,874.3811150998808,874.3811150998808,875.3753765998408,stimuli/box_empty_transparent.png,116.15660069976002,116.15664599975571,875.3754981998354,875.3911994998343,876.8904252001084,876.874809899833,117.65603110007942,,,,,,,,,,,,,,,,,,067073,right,no,None,2025-05-27_13h18.17.007,RL_out-of-scanner,2024.2.4,59.45299681431391,2025-05-27 13h18.25.779530 -0700,
24,0,24,space,19.900584999937564,None,space,1.2240292001515627,None,117.65854019997641,k,0.4264031001366675,None,None,118.10695639997721,118.10736270016059,120.12098110001534,120.12103689974174,121.1355269998312,121.13555630017072,122.65155269997194,,,,,,,2,0,2,0,24,0,24,0,876.8904252001084,,,,,,,,,,,,,,,,,,,,,,,,,,,,,,117.65854019997641,876.8774064001627,876.8904252001084,876.8904252001084,876.8904252001084,876.8904252001084,877.3256659000181,k,0.4264031001366675,None,left,0,15,2,7,89,12,None,118.10695639997721,118.10736270016059,877.326223900076,877.3402117998339,877.3402117998339,879.360859700013,879.360859700013,879.3397212000564,120.12098110001534,120.12103689974174,879.3540786998346,879.360859700013,879.360859700013,880.3543139998801,stimuli/box_empty_transparent.png,121.1355269998312,121.13555630017072,880.3543916000053,880.3706928999163,881.8864945997484,881.8703338000923,122.65155269997194,,,,,,,,,,,,,,,,,,067073,right,no,None,2025-05-27_13h18.17.007,RL_out-of-scanner,2024.2.4,59.45299681431391,2025-05-27 13h18.25.779530 -0700,
25,0,25,space,19.900584999937564,None,space,1.2240292001515627,None,122.65445239981636,j,0.2911352999508381,None,None,122.96978479996324,122.97024479974061,123.96766369976103,123.96771770017222,124.98288800008595,124.98293359996751,128.49696409981698,,,,,,,2,0,2,0,25,0,25,0,881.8864945997484,,,,,,,,,,,,,,,,,,,,,,,,,,,,,,122.65445239981636,881.8733604997396,881.8864945997484,881.8864945997484,881.8864945997484,881.8864945997484,882.1884924997576,j,0.2911352999508381,None,left,1,15,3,7,90,13,None,122.96978479996324,122.97024479974061,882.1891008997336,882.2031390997581,882.2031390997581,883.2110676998273,883.2110676998273,883.1864101998508,123.96766369976103,123.96771770017222,883.2040830999613,883.2110676998273,883.2110676998273,884.2016624999233,stimuli/box_coin_transparent.png,124.98288800008595,124.98293359996751,884.2017815997824,884.2176148998551,887.731848699972,887.7157418001443,128.49696409981698,,,,,,,,,,,,,,,,,,067073,right,no,None,2025-05-27_13h18.17.007,RL_out-of-scanner,2024.2.4,59.45299681431391,2025-05-27 13h18.25.779530 -0700,
26,0,26,space,19.900584999937564,None,space,1.2240292001515627,None,128.49949639989063,j,0.7345631998032331,None,['j'],129.2651343997568,129.26559629989788,129.76318929996341,129.76323870010674,130.77795389993116,130.77799970004708,134.29198710015044,[0.2837399998679757],[0.15581919997930527],,,,,2,0,2,0,26,0,26,0,887.731848699972,,,,,,,,,,,,,,,,,,,,,,,,,,,,,,128.49949639989063,887.7183651998639,887.731848699972,887.731848699972,887.731848699972,887.731848699972,888.4837619001046,j,0.7345631998032331,None,left,0,15,3,7,91,13,['j'],129.2651343997568,129.26559629989788,888.4844545000233,888.4979121000506,888.4979121000506,889.0023757000454,889.0023757000454,888.9819384999573,129.76318929996341,129.76323870010674,888.9960612999275,889.0023757000454,889.0023757000454,889.9967255000956,stimuli/box_empty_transparent.png,130.77795389993116,130.77799970004708,889.9968445999548,890.0128286997788,893.5270771998912,893.5107662999071,134.29198710015044,,,,,,,,,,[0.2837399998679757],[0.15581919997930527],,,,,,,067073,right,no,None,2025-05-27_13h18.17.007,RL_out-of-scanner,2024.2.4,59.45299681431391,2025-05-27 13h18.25.779530 -0700,
27,0,27,space,19.900584999937564,None,space,1.2240292001515627,None,134.29437079979107,j,0.4900874998420477,None,None,134.81010900018737,134.81056360015646,136.3242265000008,136.3242799998261,137.33940359996632,137.33944839984179,138.33925419999287,,,,,,,2,0,2,0,27,0,27,0,893.5270771998912,,,,,,,,,,,,,,,,,,,,,,,,,,,,,,134.29437079979107,893.513235299848,893.5270771998912,893.5270771998912,893.5270771998912,893.5270771998912,894.0288191,j,0.4900874998420477,None,left,1,15,4,7,92,14,None,134.81010900018737,134.81056360015646,894.0294205001555,894.0435441001318,894.0435441001318,895.5669011999853,895.5669011999853,895.5429754997604,136.3242265000008,136.3242799998261,895.5605569998734,895.5669011999853,895.5669011999853,896.5581788001582,stimuli/box_coin_transparent.png,137.33940359996632,137.33944839984179,896.5582968997769,896.5742242000997,897.5742247998714,897.5580331999809,138.33925419999287,,,,,,,,,,,,,,,,,,067073,right,no,None,2025-05-27_13h18.17.007,RL_out-of-scanner,2024.2.4,59.45299681431391,2025-05-27 13h18.25.779530 -0700,
28,0,28,space,19.900584999937564,None,space,1.2240292001515627,None,138.34171549975872,j,0.45908330008387566,None,None,138.82407630002126,138.82453959994018,139.82183500006795,139.82188940001652,140.8366514998488,140.83669649995863,144.35087639978155,,,,,,,2,0,2,0,28,0,28,0,897.5742247998714,,,,,,,,,,,,,,,,,,,,,,,,,,,,,,138.34171549975872,897.5605826000683,897.5742247998714,897.5742247998714,897.5742247998714,897.5742247998714,898.0427541998215,j,0.45908330008387566,None,left,0,15,4,7,93,14,None,138.82407630002126,138.82453959994018,898.0433976999484,898.056945099961,898.056945099961,899.0608470998704,899.0608470998704,899.0405772998929,139.82183500006795,139.82188940001652,899.0547087001614,899.0608470998704,899.0608470998704,900.0554283000529,stimuli/box_empty_transparent.png,140.8366514998488,140.83669649995863,900.0555493999273,900.0715227997862,903.585892799776,903.5696533997543,144.35087639978155,,,,,,,,,,,,,,,,,,067073,right,no,None,2025-05-27_13h18.17.007,RL_out-of-scanner,2024.2.4,59.45299681431391,2025-05-27 13h18.25.779530 -0700,
29,0,29,space,19.900584999937564,None,space,1.2240292001515627,None,144.35346629982814,k,1.2235352997668087,None,None,145.60189809976146,145.6022986001335,147.61554270004854,147.61559689976275,148.63057869998738,148.6306281001307,149.63008349994197,,,,,,,2,0,2,0,29,0,29,0,903.585892799776,,,,,,,,,,,,,,,,,,,,,,,,,,,,,,144.35346629982814,903.5723433000967,903.585892799776,903.585892799776,903.585892799776,903.585892799776,904.8206083998084,k,1.2235352997668087,None,left,0,15,4,7,93,14,None,145.60189809976146,145.6022986001335,904.8211535001174,904.834916099906,904.834916099906,906.8551618000492,906.8551618000492,906.8342877998948,147.61554270004854,147.61559689976275,906.8485301998444,906.8551618000492,906.8551618000492,907.8493539998308,stimuli/box_empty_transparent.png,148.63057869998738,148.6306281001307,907.8494759001769,907.865392900072,908.8652502000332,908.8488552998751,149.63008349994197,,,,,,,,,,,,,,,,,,067073,right,no,None,2025-05-27_13h18.17.007,RL_out-of-scanner,2024.2.4,59.45299681431391,2025-05-27 13h18.25.779530 -0700,
30,0,30,space,19.900584999937564,None,space,1.2240292001515627,None,149.63261249987409,j,0.4316417002119124,None,None,150.08158090012148,150.08204839983955,151.0794692998752,151.0795248001814,152.0944921998307,152.0945373000577,153.0940740997903,,,,,,,2,0,2,0,30,0,30,0,908.8652502000332,,,,,,,,,,,,,,,,,,,,,,,,,,,,,,149.63261249987409,908.8514839997515,908.8652502000332,908.8652502000332,908.8652502000332,908.8652502000332,909.3002909999341,j,0.4316417002119124,None,left,1,15,5,7,94,15,None,150.08158090012148,150.08204839983955,909.3009047997184,909.3147104997188,909.3147104997188,910.3230230999179,910.3230230999179,910.2982139000669,151.0794692998752,151.0795248001814,910.3160317000002,910.3230230999179,910.3230230999179,911.3132675001398,stimuli/box_coin_transparent.png,152.0944921998307,152.0945373000577,911.313386300113,911.3292868998833,912.3289568000473,912.3128527998924,153.0940740997903,,,,,,,,,,,,,,,,,,067073,right,no,None,2025-05-27_13h18.17.007,RL_out-of-scanner,2024.2.4,59.45299681431391,2025-05-27 13h18.25.779530 -0700,
31,0,31,space,19.900584999937564,None,space,1.2240292001515627,None,153.09654439985752,j,0.6038855998776853,None,None,153.72746679978445,153.72776499995962,156.74153199978173,156.74158790009096,157.75668430002406,157.7567292000167,160.27161910012364,,,,,,,2,0,2,0,31,0,31,0,912.3289568000473,,,,,,,,,,,,,,,,,,,,,,,,,,,,,,153.09654439985752,912.3154114000499,912.3289568000473,912.3289568000473,912.3289568000473,912.3289568000473,912.9462146000005,j,0.6038855998776853,None,left,0,15,5,7,95,15,None,153.72746679978445,153.72776499995962,912.9466061000712,912.9615400000475,912.9615400000475,915.9811411998235,915.9811411998235,915.9602719000541,156.74153199978173,156.74158790009096,915.9748513000086,915.9811411998235,915.9811411998235,916.9754598997533,stimuli/box_empty_transparent.png,157.75668430002406,157.7567292000167,916.975577400066,916.9915889999829,919.5066101001576,919.4903985001147,160.27161910012364,,,,,,,,,,,,,,,,,,067073,right,no,None,2025-05-27_13h18.17.007,RL_out-of-scanner,2024.2.4,59.45299681431391,2025-05-27 13h18.25.779530 -0700,
32,0,32,space,19.900584999937564,None,space,1.2240292001515627,None,160.27410059981048,j,0.38889279961586,None,None,160.69005089998245,160.69050480006263,161.70435639983043,161.7044120999053,162.71934119984508,162.71939199976623,163.7190486001782,,,,,,,2,0,2,0,32,0,32,0,919.5066101001576,,,,,,,,,,,,,,,,,,,,,,,,,,,,,,160.27410059981048,919.4929677997716,919.5066101001576,919.5066101001576,919.5066101001576,919.5066101001576,919.9087605001405,j,0.38889279961586,None,left,1,15,6,7,96,16,None,160.69005089998245,160.69050480006263,919.9093622001819,919.9233026998118,919.9233026998118,920.94750140002,920.94750140002,920.9231031001545,161.70435639983043,161.7044120999053,920.9407170000486,920.94750140002,920.94750140002,921.9381169998087,stimuli/box_coin_transparent.png,162.71934119984508,162.71939199976623,921.9382401998155,921.9540586997755,922.9538141000085,922.9378273999318,163.7190486001782,,,,,,,,,,,,,,,,,,067073,right,no,None,2025-05-27_13h18.17.007,RL_out-of-scanner,2024.2.4,59.45299681431391,2025-05-27 13h18.25.779530 -0700,
33,0,33,space,19.900584999937564,None,space,1.2240292001515627,None,163.72159230010584,j,0.34946029959246516,None,None,164.08747400017455,164.08796129981056,166.10076679987833,166.10082169994712,167.11582960002124,167.1158751999028,168.6317292000167,,,,,,,2,0,2,0,33,0,33,0,922.9538141000085,,,,,,,,,,,,,,,,,,,,,,,,,,,,,,163.72159230010584,922.9404603997245,922.9538141000085,922.9538141000085,922.9538141000085,922.9538141000085,923.3061819998547,j,0.34946029959246516,None,left,1,15,7,7,97,17,None,164.08747400017455,164.08796129981056,923.3068196000531,923.3202793998644,923.3202793998644,925.3440331001766,925.3440331001766,925.31951439986,166.10076679987833,166.10082169994712,925.3372013997287,925.3440331001766,925.3440331001766,926.3346044998616,stimuli/box_coin_transparent.png,167.11582960002124,167.1158751999028,926.334723399952,926.3505071997643,927.8668172000907,927.8505084998906,168.6317292000167,,,,,,,,,,,,,,,,,,067073,right,no,None,2025-05-27_13h18.17.007,RL_out-of-scanner,2024.2.4,59.45299681431391,2025-05-27 13h18.25.779530 -0700,
34,0,34,space,19.900584999937564,None,space,1.2240292001515627,None,168.63419009977952,j,0.619937099982053,None,None,169.2824786999263,169.2829293999821,172.2958979997784,172.29595120018348,173.31092539988458,173.31097090011463,175.8258770001121,,,,,,,2,0,2,0,34,0,34,0,927.8668172000907,,,,,,,,,,,,,,,,,,,,,,,,,,,,,,168.63419009977952,927.8530557998456,927.8668172000907,927.8668172000907,927.8668172000907,927.8668172000907,928.5011883997358,j,0.619937099982053,None,left,1,15,8,7,98,18,None,169.2824786999263,169.2829293999821,928.501784699969,928.5158832999878,928.5158832999878,931.5390739999712,931.5390739999712,931.5146448998712,172.2958979997784,172.29595120018348,931.5324284997769,931.5390739999712,931.5390739999712,932.5297004999593,stimuli/box_coin_transparent.png,173.31092539988458,173.31097090011463,932.5298195001669,932.5457152999006,935.0611048000865,935.0446506999433,175.8258770001121,,,,,,,,,,,,,,,,,,067073,right,no,None,2025-05-27_13h18.17.007,RL_out-of-scanner,2024.2.4,59.45299681431391,2025-05-27 13h18.25.779530 -0700,
35,0,35,space,19.900584999937564,None,space,1.2240292001515627,None,175.82852579979226,j,0.3169567999430001,None,None,176.17758079990745,176.1780607998371,177.6755014997907,177.6755563998595,178.68998959986493,178.69004030013457,179.68951779976487,,,,,,,2,0,2,0,35,0,35,0,935.0611048000865,,,,,,,,,,,,,,,,,,,,,,,,,,,,,,175.82852579979226,935.0474020000547,935.0611048000865,935.0611048000865,935.0611048000865,935.0611048000865,935.39628789993,j,0.3169567999430001,None,left,1,15,9,7,99,19,None,176.17758079990745,176.1780607998371,935.3969192998484,935.410699499771,935.410699499771,936.9184678997844,936.9184678997844,936.894242499955,177.6755014997907,177.6755563998595,936.9117284999229,936.9184678997844,936.9184678997844,937.9087646999396,stimuli/box_coin_transparent.png,178.68998959986493,178.69004030013457,937.9088881001808,937.9247014001012,938.9244220000692,938.9082971997559,179.68951779976487,,,,,,,,,,,,,,,,,,067073,right,no,None,2025-05-27_13h18.17.007,RL_out-of-scanner,2024.2.4,59.45299681431391,2025-05-27 13h18.25.779530 -0700,
36,0,36,space,19.900584999937564,None,space,1.2240292001515627,None,179.6919062999077,j,0.36201799986884,None,None,180.0744793000631,180.07493369979784,181.58822129992768,181.58827659999952,182.60343670006841,182.60348600009456,186.11782359983772,,,,,,,2,0,2,0,36,0,36,0,938.9244220000692,,,,,,,,,,,,,,,,,,,,,,,,,,,,,,179.6919062999077,938.910773599986,938.9244220000692,938.9244220000692,938.9244220000692,938.9244220000692,939.2931876000948,j,0.36201799986884,None,left,1,15,10,7,100,20,None,180.0744793000631,180.07493369979784,939.2937901001424,939.307428299915,939.307428299915,940.8317490001209,940.8317490001209,940.8069635997526,181.58822129992768,181.58827659999952,940.8247493999079,940.8317490001209,940.8317490001209,941.8222103998996,stimuli/box_coin_transparent.png,182.60343670006841,182.60348600009456,941.8223342001438,941.8383145998232,945.3525386997499,945.3366030999459,186.11782359983772,,,,,,,,,,,,,,,,,,067073,right,no,None,2025-05-27_13h18.17.007,RL_out-of-scanner,2024.2.4,59.45299681431391,2025-05-27 13h18.25.779530 -0700,
37,0,37,space,19.900584999937564,None,space,1.2240292001515627,None,186.12035960005596,j,0.30751310009509325,None,None,186.4526474000886,186.45313209993765,188.46588419983163,188.4659186997451,189.48102700011805,189.48106139991432,190.48022180004045,,,,,,,2,0,2,0,37,0,37,0,945.3525386997499,,,,,,,,,,,,,,,,,,,,,,,,,,,,,,186.12035960005596,945.3392297998071,945.3525386997499,945.3525386997499,945.3525386997499,945.3525386997499,945.6713537997566,j,0.30751310009509325,None,left,1,15,11,7,101,21,None,186.4526474000886,186.45313209993765,945.6719896998256,945.6858557998203,945.6858557998203,947.7010260000825,947.7010260000825,947.6846487000585,188.46588419983163,188.4659186997451,947.6954198000021,947.7010260000825,947.7010260000825,948.6998018999584,stimuli/box_coin_transparent.png,189.48102700011805,189.48106139991432,948.6998946000822,948.715990500059,949.7157169999555,949.6990088997409,190.48022180004045,,,,,,,,,,,,,,,,,,067073,right,no,None,2025-05-27_13h18.17.007,RL_out-of-scanner,2024.2.4,59.45299681431391,2025-05-27 13h18.25.779530 -0700,
38,0,38,space,19.900584999937564,None,space,1.2240292001515627,None,190.48179870005697,j,0.3965378999710083,None,None,190.89855440007523,190.8990314998664,191.89643580000848,191.89647290017456,192.8962642000988,192.89629360008985,194.4109315997921,,,,,,,2,0,2,0,38,0,38,0,949.7157169999555,,,,,,,,,,,,,,,,,,,,,,,,,,,,,,190.48179870005697,949.7006505001336,949.7157169999555,949.7157169999555,949.7157169999555,949.7157169999555,950.117256199941,j,0.3965378999710083,None,left,0,15,11,7,102,21,None,190.89855440007523,190.8990314998664,950.1178958001547,950.1320560998283,950.1320560998283,951.1315454998985,951.1315454998985,951.1151990997605,191.89643580000848,191.89647290017456,951.1244417000562,951.1315454998985,951.1315454998985,952.1150464997627,stimuli/box_empty_transparent.png,192.8962642000988,192.89629360008985,952.1151270000264,952.1301945000887,953.646056199912,953.6297002001666,194.4109315997921,952.1301945000887,952.1301945000887,,,,,,,,,,,,,,,,067073,right,no,None,2025-05-27_13h18.17.007,RL_out-of-scanner,2024.2.4,59.45299681431391,2025-05-27 13h18.25.779530 -0700,
39,0,39,space,19.900584999937564,None,space,1.2240292001515627,None,194.413502600044,j,0.45278289960697293,None,None,194.8951098001562,194.8954087998718,195.89378379983827,195.89384109992534,196.908837699797,196.90888389991596,197.90767169976607,,,,,,,2,0,2,0,39,0,39,0,953.646056199912,,,,,,,,,,,,,,,,,,,,,,,,,,,,,,194.413502600044,953.6323770000599,953.646056199912,953.646056199912,953.646056199912,953.646056199912,954.1138558997773,j,0.45278289960697293,None,left,1,15,12,7,103,22,None,194.8951098001562,194.8954087998718,954.1142482999712,954.1288463999517,954.1288463999517,955.1383567997254,955.1383567997254,955.1125166998245,195.89378379983827,195.89384109992534,955.1316253999248,955.1383567997254,955.1383567997254,956.1276118000969,stimuli/box_coin_transparent.png,196.908837699797,196.90888389991596,956.1277358997613,956.1434885999188,957.142933299765,957.1264610001817,197.90767169976607,,,,,,,,,,,,,,,,,,067073,right,no,None,2025-05-27_13h18.17.007,RL_out-of-scanner,2024.2.4,59.45299681431391,2025-05-27 13h18.25.779530 -0700,
40,0,40,space,19.900584999937564,None,space,1.2240292001515627,None,197.90905660018325,j,0.579764399677515,None,None,198.50830629980192,198.50855869986117,200.02274109981954,200.02276750002056,201.03829010017216,201.03831319976598,202.03852039994672,,,,,,,2,0,2,0,40,0,40,0,957.142933299765,,,,,,,,,,,,,,,,,,,,,,,,,,,,,,197.90905660018325,957.1279054000042,957.142933299765,957.142933299765,957.142933299765,957.142933299765,957.727063300088,j,0.579764399677515,None,left,0,15,12,7,104,22,None,198.50830629980192,198.50855869986117,957.7273920997977,957.7424176000059,957.7424176000059,959.258342300076,959.258342300076,959.2415224001743,200.02274109981954,200.02276750002056,959.2475848998874,959.258342300076,959.258342300076,960.2570810997859,stimuli/box_empty_transparent.png,201.03829010017216,201.03831319976598,960.257139199879,960.2733308998868,961.2733383998275,961.2572987000458,202.03852039994672,,,,,,,,,,,,,,,,,,067073,right,no,None,2025-05-27_13h18.17.007,RL_out-of-scanner,2024.2.4,59.45299681431391,2025-05-27 13h18.25.779530 -0700,
41,0,41,space,19.900584999937564,None,space,1.2240292001515627,None,202.04102039989084,j,0.45677780034020543,None,None,202.52286170003936,202.52338179992512,203.52087320014834,203.52092680009082,204.53617489989847,204.53622099990025,207.55072870012373,,,,,,,2,0,2,0,41,0,41,0,961.2733383998275,,,,,,,,,,,,,,,,,,,,,,,,,,,,,,202.04102039989084,961.2598933000118,961.2733383998275,961.2733383998275,961.2733383998275,961.2733383998275,961.7415276998654,j,0.45677780034020543,None,left,1,15,13,7,105,23,None,202.52286170003936,202.52338179992512,961.7422418999486,961.7562593999319,961.7562593999319,962.7650319999084,962.7650319999084,962.7396252998151,203.52087320014834,203.52092680009082,962.7576603000052,962.7650319999084,962.7650319999084,963.7549505997449,stimuli/box_coin_transparent.png,204.53617489989847,204.53622099990025,963.7550727999769,963.7709253998473,966.7853930001147,966.7695073001087,207.55072870012373,,,,,,,,,,,,,,,,,,067073,right,no,None,2025-05-27_13h18.17.007,RL_out-of-scanner,2024.2.4,59.45299681431391,2025-05-27 13h18.25.779530 -0700,
42,0,42,space,19.900584999937564,None,space,1.2240292001515627,None,207.55319730006158,j,0.33012239960953593,None,None,207.90218049986288,207.90265369974077,209.9156128000468,209.91566439997405,210.9311251998879,210.93117129988968,214.44520880002528,,,,,,,2,0,2,0,42,0,42,0,966.7853930001147,,,,,,,,,,,,,,,,,,,,,,,,,,,,,,207.55319730006158,966.7720649000257,966.7853930001147,966.7853930001147,966.7853930001147,966.7853930001147,967.1208804999478,j,0.33012239960953593,None,left,1,15,14,7,106,24,None,207.90218049986288,207.90265369974077,967.1215105000883,967.135389499832,967.135389499832,969.1591818998568,969.1591818998568,969.1343652000651,209.9156128000468,209.91566439997405,969.1523055997677,969.1591818998568,969.1591818998568,970.1498981998302,stimuli/box_coin_transparent.png,210.9311251998879,210.93117129988968,970.1500204000622,970.1656224001199,973.6801708000712,973.6639871001244,214.44520880002528,,,,,,,,,,,,,,,,,,067073,right,no,None,2025-05-27_13h18.17.007,RL_out-of-scanner,2024.2.4,59.45299681431391,2025-05-27 13h18.25.779530 -0700,
43,0,43,space,19.900584999937564,None,space,1.2240292001515627,None,214.44794509978965,j,0.28068630024790764,None,None,214.74643589975312,214.74697750015184,215.7611742001027,215.7612298000604,216.77633319981396,216.7763816001825,218.7909384998493,,,,,,,2,0,2,0,43,0,43,0,973.6801708000712,,,,,,,,,,,,,,,,,,,,,,,,,,,,,,214.44794509978965,973.6668211999349,973.6801708000712,973.6801708000712,973.6801708000712,973.6801708000712,973.9651445001364,j,0.28068630024790764,None,left,1,15,15,7,107,25,None,214.74643589975312,214.74697750015184,973.9658375000581,973.9799905000255,973.9799905000255,975.0044172001071,975.0044172001071,974.9799206997268,215.7611742001027,215.7612298000604,974.9973927000538,975.0044172001071,975.0044172001071,975.9951053997502,stimuli/box_coin_transparent.png,216.77633319981396,216.7763816001825,975.9952317001298,976.0111720999703,978.0265649999492,978.0097290999256,218.7909384998493,,,,,,,,,,,,,,,,,,067073,right,no,None,2025-05-27_13h18.17.007,RL_out-of-scanner,2024.2.4,59.45299681431391,2025-05-27 13h18.25.779530 -0700,
44,0,44,space,19.900584999937564,None,space,1.2240292001515627,None,218.7923619998619,j,0.3269761996343732,None,None,219.14179079979658,219.14210070017725,221.65655880002305,221.65661469986662,222.67161529976875,222.67165989987552,224.68711340008304,,,,,,,2,0,2,0,44,0,44,0,978.0265649999492,,,,,,,,,,,,,,,,,,,,,,,,,,,,,,218.7923619998619,978.0112064997666,978.0265649999492,978.0265649999492,978.0265649999492,978.0265649999492,978.3605375997722,j,0.3269761996343732,None,right,1,9,0,8,107,25,None,219.14179079979658,219.14210070017725,978.3609369997866,978.3762722997926,978.3762722997926,980.8969908999279,980.8969908999279,980.8753041001037,221.65655880002305,221.65661469986662,980.8901575999334,980.8969908999279,980.8969908999279,981.8903902997263,stimuli/box_empty_transparent.png,222.67161529976875,222.67165989987552,981.8905084999278,981.9063413999975,983.9218854997307,983.9058909998275,224.68711340008304,,,,,,,,,,,,,,,,,,067073,right,no,None,2025-05-27_13h18.17.007,RL_out-of-scanner,2024.2.4,59.45299681431391,2025-05-27 13h18.25.779530 -0700,
45,0,45,space,19.900584999937564,None,space,1.2240292001515627,None,224.68983689974993,j,0.27376759983599186,None,None,224.98880250006914,224.98929800000042,225.98646129993722,225.98651670012623,227.0011913999915,227.001237699762,228.00097539974377,,,,,,,2,0,2,0,45,0,45,0,983.9218854997307,,,,,,,,,,,,,,,,,,,,,,,,,,,,,,224.68983689974993,983.9087133998983,983.9218854997307,983.9218854997307,983.9218854997307,983.9218854997307,984.2075125998817,j,0.27376759983599186,None,right,1,9,0,8,107,25,None,224.98880250006914,224.98929800000042,984.2081550001167,984.2217239998281,984.2217239998281,985.226215899922,985.226215899922,985.2052083997987,225.98646129993722,225.98651670012623,985.219512199983,985.226215899922,985.226215899922,986.2199646998197,stimuli/box_empty_transparent.png,227.0011913999915,227.001237699762,986.2200886998326,986.2360375998542,987.2358758999035,987.2197539000772,228.00097539974377,,,,,,,,,,,,,,,,,,067073,right,no,None,2025-05-27_13h18.17.007,RL_out-of-scanner,2024.2.4,59.45299681431391,2025-05-27 13h18.25.779530 -0700,
46,0,46,space,19.900584999937564,None,space,1.2240292001515627,None,228.00365530001,j,0.3434581998735666,None,None,228.36915430007502,228.36961389984936,230.38302050018683,230.38307610014454,231.39808110008016,231.3981284997426,232.39753459999338,,,,,,,2,0,2,0,46,0,46,0,987.2358758999035,,,,,,,,,,,,,,,,,,,,,,,,,,,,,,228.00365530001,987.222531999927,987.2358758999035,987.2358758999035,987.2358758999035,987.2358758999035,987.5878642997704,j,0.3434581998735666,None,right,1,9,0,8,107,25,None,228.36915430007502,228.36961389984936,987.5885037998669,987.6023602997884,987.6023602997884,989.6227565999143,989.6227565999143,989.6017585000955,230.38302050018683,230.38307610014454,989.6158460997976,989.6227565999143,989.6227565999143,990.6168530001305,stimuli/box_empty_transparent.png,231.39808110008016,231.3981284997426,990.6169773000292,990.6329302997328,991.6323267999105,991.6163126998581,232.39753459999338,,,,,,,,,,,,,,,,,,067073,right,no,None,2025-05-27_13h18.17.007,RL_out-of-scanner,2024.2.4,59.45299681431391,2025-05-27 13h18.25.779530 -0700,
47,0,47,space,19.900584999937564,None,space,1.2240292001515627,None,232.4000471998006,j,0.3293554000556469,None,None,232.74792290013283,232.74822840001434,235.76231799973175,235.76237409980968,236.77730529988185,236.77735059987754,238.29293440002948,,,,,,,2,0,2,0,47,0,47,0,991.6323267999105,,,,,,,,,,,,,,,,,,,,,,,,,,,,,,232.4000471998006,991.6189158000052,991.6323267999105,991.6323267999105,991.6323267999105,991.6323267999105,991.9666657997295,j,0.3293554000556469,None,right,1,9,0,8,107,25,None,232.74792290013283,232.74822840001434,991.9670970998704,991.9818555000238,991.9818555000238,995.0024147001095,995.0024147001095,994.9810639000498,235.76231799973175,235.76237409980968,994.995648200158,995.0024147001095,995.0024147001095,995.9960588999093,stimuli/box_empty_transparent.png,236.77730529988185,236.77735059987754,995.9961990998127,996.0118956998922,997.5277837999165,997.5117128998972,238.29293440002948,,,,,,,,,,,,,,,,,,067073,right,no,None,2025-05-27_13h18.17.007,RL_out-of-scanner,2024.2.4,59.45299681431391,2025-05-27 13h18.25.779530 -0700,
48,0,48,space,19.900584999937564,None,space,1.2240292001515627,None,238.29537519998848,k,0.2482469999231398,None,None,238.5607027001679,238.56114799994975,240.07535929977894,240.07541619986296,241.0899752001278,241.0900229997933,244.60376730002463,,,,,,,2,0,2,0,48,0,48,0,997.5277837999165,,,,,,,,,,,,,,,,,,,,,,,,,,,,,,238.29537519998848,997.5142477997579,997.5277837999165,997.5277837999165,997.5277837999165,997.5277837999165,997.779408399947,k,0.2482469999231398,None,right,1,9,1,8,108,26,None,238.5607027001679,238.56114799994975,997.7800047001801,997.7946194000542,997.7946194000542,999.3189886999317,999.3189886999317,999.294099799823,240.07535929977894,240.07541619986296,999.3119267001748,999.3189886999317,999.3189886999317,1000.3087498997338,stimuli/box_coin_transparent.png,241.0899752001278,241.0900229997933,1000.3088754001074,1000.3246937999502,1003.8389853001572,1003.8225575997494,244.60376730002463,,,,,,,,,,,,,,,,,,067073,right,no,None,2025-05-27_13h18.17.007,RL_out-of-scanner,2024.2.4,59.45299681431391,2025-05-27 13h18.25.779530 -0700,
49,0,49,space,19.900584999937564,None,space,1.2240292001515627,None,244.6053452999331,k,0.32198769971728325,None,None,244.9546731999144,244.95492949988693,246.46925960015506,246.46929500019178,247.48480980005115,247.4848392000422,247.48534299992025,,,,,,,2,0,2,0,49,0,49,0,1003.8389853001572,,,,,,,,,,,,,,,,,,,,,,,,,,,,,,244.6053452999331,1003.8241983000189,1003.8389853001572,1003.8389853001572,1003.8389853001572,1003.8389853001572,1004.1734202001244,k,0.32198769971728325,None,right,1,9,2,8,109,27,None,244.9546731999144,244.95492949988693,1004.1737647997215,1004.1887940997258,1004.1887940997258,1005.7044893000275,1005.7044893000275,1005.6880314997397,246.46925960015506,246.46929500019178,1005.6983201997355,1005.7044893000275,1005.7044893000275,1006.7035960997455,stimuli/box_coin_transparent.png,247.48480980005115,247.4848392000422,1006.7036715000868,1006.7201547999866,1006.7201547999866,1006.7041404000483,247.48534299992025,,,,,,,,,,,,,,,,,,067073,right,no,None,2025-05-27_13h18.17.007,RL_out-of-scanner,2024.2.4,59.45299681431391,2025-05-27 13h18.25.779530 -0700,
2,0,2,space,19.900584999937564,None,space,1.2240292001515627,None,,,,,,,,,,,,,,,,,,,2,0,2,0,,,,,,,,,,,,,,,,,,,,,,,,,,,,,,,,,,,,,,,,,,,,,,,,,,,,,,,,,,,,,,,,,,,,,,,,,,,,,1006.7157736998051,1006.7201547999866,1010.7166685000993,1010.7167206001468,1010.7330649998039,1064.1573538999073,1064.14174669981,,,,,,,,,067073,right,no,None,2025-05-27_13h18.17.007,RL_out-of-scanner,2024.2.4,59.45299681431391,2025-05-27 13h18.25.779530 -0700,
,,,,,,,,,,,,,,,,,,,,,,,,,,,,,,,,,,,,,,,,,,,,,,,,,,,,,,,,,,,,,,,,,,,,,,,,,,,,,,,,,,,,,,,,,,,,,,,,,,,,,,,,,,,,,,,,,,,,,,,,1064.1419222000986,1064.1424794001505,067073,right,no,None,2025-05-27_13h18.17.007,RL_out-of-scanner,2024.2.4,59.45299681431391,2025-05-27 13h18.25.779530 -0700,
