thisN,thisTrialN,thisRepN,advance_press.keys,advance_press.rt,advance_press.duration,trigger_value.keys,trigger_value.rt,trigger_value.duration,cueOnTime,cue_resp.keys,all_keys.keys,cueOffTime,cueRespOnTime,cueRespOffTime,outcomeOnTime,outcomeOffTime,fixOnTime,fixOffTime,cue_resp.rt,cue_resp.duration,all_keys.rt,all_keys.duration,practice_loop.thisRepN,practice_loop.thisTrialN,practice_loop.thisN,practice_loop.thisIndex,runs.thisRepN,runs.thisTrialN,runs.thisN,runs.thisIndex,trials.thisRepN,trials.thisTrialN,trials.thisN,trials.thisIndex,thisRow.t,notes,prac_dir.started,welcome_text.started,advance_press_pd.started,prac_dir.stopped,advance_press_pd.keys,advance_press_pd.rt,advance_press_pd.duration,summary_instructions.started,summary_text.started,advance_to_runs.started,summary_instructions.stopped,advance_to_runs.keys,advance_to_runs.rt,advance_to_runs.duration,get_ready.started,get_ready_text.started,advance_press.started,get_ready.stopped,runs.advance_press.keys,runs.advance_press.rt,runs.advance_press.duration,scanner_trigger.started,scanner_text.started,trigger_value.started,scanner_trigger.stopped,runs.trigger_value.keys,runs.trigger_value.rt,runs.trigger_value.duration,trials.cueOnTime,cue.started,left_box.started,right_box.started,cue_resp.started,all_keys.started,cue.stopped,trials.cue_resp.keys,good_side,probability_sequence_value,magic_number,num_rewarded,num_switch,total_correct,num_gold_coins,trials.all_keys.keys,trials.cueOffTime,trials.cueRespOnTime,cue_response.started,left_box_response.started,right_box_response.started,left_box_response.stopped,right_box_response.stopped,cue_response.stopped,trials.cueRespOffTime,trials.outcomeOnTime,outcome.started,outcome_left_box.started,outcome_right_box.started,outcome_left_box.stopped,outcome_right_box.stopped,outcome.stopped,outcome_image,trials.outcomeOffTime,trials.fixOnTime,fixation.started,fixation_cross.started,fixation_cross.stopped,fixation.stopped,trials.fixOffTime,trials.cue_resp.rt,trials.cue_resp.duration,trials.all_keys.rt,trials.all_keys.duration,left_box.stopped,right_box.stopped,cue_resp.stopped,all_keys.stopped,run_feedback.started,coins_won_text.started,run_feedback.stopped,leftover_time_break.started,fixation_end.started,fixation_end.stopped,leftover_time_break.stopped,end_exp.started,end_exp.stopped,participant,handedness,practice,restart_from_run,date,expName,psychopyVersion,frameRate,expStart,
,,,,,,,,,,,,,,,,,,,,,,,,,,,,,,,,,,,,,0.03268089983612299,0.03841999964788556,0.03841999964788556,54.85647939983755,j,54.80775939999148,None,,,,,,,,,,,,,,,,,,,,,,,,,,,,,,,,,,,,,,,,,,,,,,,,,,,,,,,,,,,,,,,,,,,,,,,,,,,,,,,55555,right,no,None,2025-05-15_11h34.03.973,RL_out-of-scanner,2024.2.4,59.42572172362194,2025-05-15 11h34.18.394943 -0500,
,,,,,,,,,,,,,,,,,,,,,,,,,,,,,,,,,,,,,,,,,,,,54.856770099606365,54.862714199814945,54.862714199814945,70.53084399970248,j,15.651155000086874,None,,,,,,,,,,,,,,,,,,,,,,,,,,,,,,,,,,,,,,,,,,,,,,,,,,,,,,,,,,,,,,,,,,,,,,,,55555,right,no,None,2025-05-15_11h34.03.973,RL_out-of-scanner,2024.2.4,59.42572172362194,2025-05-15 11h34.18.394943 -0500,
0,0,0,space,4.392554400023073,None,5,2.8438530997373164,None,0.0023890999145805836,None,None,1.5011728997342288,1.501259199809283,2.5011803000234067,2.501215999945998,3.5008504996076226,3.500897299963981,5.516129599884152,,,,,,,,,0,0,0,0,0,0,0,0,77.82889249967411,,,,,,,,,,,,,,,,70.53120159963146,70.54600129975006,70.54600129975006,74.94745819969103,space,4.392554400023073,None,74.94753919960931,74.96269949991256,74.96269949991256,77.81240689987317,5,2.8438530997373164,None,0.0023890999145805836,77.81487189978361,77.82889249967411,77.82889249967411,77.82889249967411,77.82889249967411,79.31355229998007,None,right,0,10,0,0,0,0,None,1.5011728997342288,1.501259199809283,79.31374389957637,79.3294232999906,79.3294232999906,80.32923849998042,80.32923849998042,80.31359139969572,2.5011803000234067,2.501215999945998,80.32269409997389,80.32923849998042,80.32923849998042,81.3298904998228,81.3298904998228,81.31327369995415,no selection made,3.5008504996076226,3.500897299963981,81.31338479975238,81.3298904998228,83.34527209959924,83.32855969993398,5.516129599884152,,,,,,,,,,,,,,,,,,55555,right,no,None,2025-05-15_11h34.03.973,RL_out-of-scanner,2024.2.4,59.42572172362194,2025-05-15 11h34.18.394943 -0500,
1,0,1,space,4.392554400023073,None,5,2.8438530997373164,None,5.518301399890333,j,None,5.8843517997302115,5.884789999574423,7.384552099741995,7.384591699577868,8.384067699778825,8.384100999683142,9.883817999623716,0.34776900010183454,None,,,,,,,0,0,0,0,1,0,1,0,83.34527209959924,,,,,,,,,,,,,,,,,,,,,,,,,,,,,,5.518301399890333,83.33079819986597,83.34527209959924,83.34527209959924,83.34527209959924,83.34527209959924,83.69670729991049,j,right,0,10,0,0,0,0,None,5.8843517997302115,5.884789999574423,83.69728579977527,83.71197399962693,83.71197399962693,85.2122982996516,85.2122982996516,85.19696490000933,7.384552099741995,7.384591699577868,85.20524599961936,85.2122982996516,85.2122982996516,86.21218619961292,86.21218619961292,86.19650089973584,stimuli/box_empty_transparent.png,8.384067699778825,8.384100999683142,86.19657859997824,86.21218619961292,87.71304409997538,87.69625159958377,9.883817999623716,0.34776900010183454,None,,,,,,,,,,,,,,,,55555,right,no,None,2025-05-15_11h34.03.973,RL_out-of-scanner,2024.2.4,59.42572172362194,2025-05-15 11h34.18.394943 -0500,
2,0,2,space,4.392554400023073,None,5,2.8438530997373164,None,9.885601499583572,j,None,10.218128599692136,10.218554500024766,11.233187699690461,11.233235499821603,12.234064999967813,12.234104599803686,15.233929799869657,0.3015399002470076,None,,,,,,,0,0,0,0,2,0,2,0,87.71304409997538,,,,,,,,,,,,,,,,,,,,,,,,,,,,,,9.885601499583572,87.69808839960024,87.71304409997538,87.71304409997538,87.71304409997538,87.71304409997538,88.03051760001108,j,right,0,10,0,0,0,0,None,10.218128599692136,10.218554500024766,88.03103639977053,88.04618129972368,88.04618129972368,89.06236019963399,89.06236019963399,89.04559819959104,11.233187699690461,11.233235499821603,89.05506539996713,89.06236019963399,89.06236019963399,,,90.04649310000241,stimuli/box_empty_transparent.png,12.234064999967813,12.234104599803686,90.04658589977771,90.06219840003178,93.06224779970944,93.04636759962887,15.233929799869657,0.3015399002470076,None,,,,,,,,,,,,,,,,55555,right,no,None,2025-05-15_11h34.03.973,RL_out-of-scanner,2024.2.4,59.42572172362194,2025-05-15 11h34.18.394943 -0500,
3,0,3,space,4.392554400023073,None,5,2.8438530997373164,None,15.235455899965018,k,None,15.585257099941373,15.585561399813741,17.59984069969505,17.5998876998201,18.60036259982735,18.60040729958564,19.60006059985608,0.3298037997446954,None,,,,,,,0,0,0,0,3,0,3,0,93.06224779970944,,,,,,,,,,,,,,,,,,,,,,,,,,,,,,15.235455899965018,93.04793699970469,93.06224779970944,93.06224779970944,93.06224779970944,93.06224779970944,93.39764449978247,k,right,1,10,1,0,1,1,None,15.585257099941373,15.585561399813741,93.39804189978167,93.4133656998165,93.4133656998165,95.42970789968967,95.42970789968967,95.4122512997128,17.59984069969505,17.5998876998201,95.42312139971182,95.42970789968967,95.42970789968967,96.42909529991448,96.42909529991448,96.4127896996215,stimuli/box_coin_transparent.png,18.60036259982735,18.60040729958564,96.41289109969512,96.42909529991448,97.429156600032,97.41249629994854,19.60006059985608,0.3298037997446954,None,,,,,,,,,,,,,,,,55555,right,no,None,2025-05-15_11h34.03.973,RL_out-of-scanner,2024.2.4,59.42572172362194,2025-05-15 11h34.18.394943 -0500,
4,0,4,space,4.392554400023073,None,5,2.8438530997373164,None,19.601675799582154,k,None,20.06776859983802,20.068031099624932,21.06712679984048,21.067170899827033,22.06732949987054,22.067363999783993,24.56679469998926,0.4483357002027333,None,,,,,,,0,0,0,0,4,0,4,0,97.429156600032,,,,,,,,,,,,,,,,,,,,,,,,,,,,,,19.601675799582154,97.4141722000204,97.429156600032,97.429156600032,97.429156600032,97.429156600032,97.88015710003674,k,right,0,10,1,0,2,1,None,20.06776859983802,20.068031099624932,97.88051009969786,97.89548409963027,97.89548409963027,98.89543389994651,98.89543389994651,98.87953229993582,21.06712679984048,21.067170899827033,98.88860039971769,98.89543389994651,98.89543389994651,99.89555499982089,99.89555499982089,99.87976259971038,stimuli/box_empty_transparent.png,22.06732949987054,22.067363999783993,99.87984239961952,99.89555499982089,102.3962369998917,102.37922669993713,24.56679469998926,0.4483357002027333,None,,,,,,,,,,,,,,,,55555,right,no,None,2025-05-15_11h34.03.973,RL_out-of-scanner,2024.2.4,59.42572172362194,2025-05-15 11h34.18.394943 -0500,
5,0,5,space,4.392554400023073,None,5,2.8438530997373164,None,24.568335199728608,j,None,25.367420099675655,25.367787399794906,28.866023999638855,28.86606209957972,29.86942179966718,29.869468399789184,31.86540269991383,0.770178799983114,None,,,,,,,0,0,0,0,5,0,5,0,102.3962369998917,,,,,,,,,,,,,,,,,,,,,,,,,,,,,,24.568335199728608,102.38081699982285,102.3962369998917,102.3962369998917,102.3962369998917,102.3962369998917,103.1798069998622,j,right,0,10,1,0,2,1,None,25.367420099675655,25.367787399794906,103.18026979966089,103.1950947996229,103.1950947996229,106.69500409998,106.69500409998,106.67844179971144,28.866023999638855,28.86606209957972,106.6869475999847,106.69500409998,106.69500409998,,,107.68184279976413,stimuli/box_empty_transparent.png,29.86942179966718,29.869468399789184,107.68196259997785,107.69432589970529,109.69446889963001,109.67783809965476,31.86540269991383,0.770178799983114,None,,,,,,,,,,,,,,,,55555,right,no,None,2025-05-15_11h34.03.973,RL_out-of-scanner,2024.2.4,59.42572172362194,2025-05-15 11h34.18.394943 -0500,
6,0,6,space,4.392554400023073,None,5,2.8438530997373164,None,31.866933699697256,k,None,32.13343419972807,32.13385139964521,33.13399829994887,33.13403709977865,34.133250899612904,34.1332953996025,35.13316789967939,0.23658009991049767,None,,,,,,,0,0,0,0,6,0,6,0,109.69446889963001,,,,,,,,,,,,,,,,,,,,,,,,,,,,,,31.866933699697256,109.67941699968651,109.69446889963001,109.69446889963001,109.69446889963001,109.69446889963001,109.94579100003466,k,right,1,10,2,0,3,2,None,32.13343419972807,32.13385139964521,109.94634629972279,109.96126559982076,109.96126559982076,110.96186209982261,110.96186209982261,110.94640889996663,33.13399829994887,33.13403709977865,110.95636209985241,110.96186209982261,110.96186209982261,111.96103069977835,111.96103069977835,111.94567629974335,stimuli/box_coin_transparent.png,34.133250899612904,34.1332953996025,111.94578569987789,111.96103069977835,112.96192249981686,112.94560259999707,35.13316789967939,0.23658009991049767,None,,,,,,,,,,,,,,,,55555,right,no,None,2025-05-15_11h34.03.973,RL_out-of-scanner,2024.2.4,59.42572172362194,2025-05-15 11h34.18.394943 -0500,
7,0,7,space,4.392554400023073,None,5,2.8438530997373164,None,35.13472769968212,j,None,35.517544199712574,35.517947799991816,37.5169055997394,37.51694539980963,38.516994799952954,38.517029099632055,40.51563059957698,0.35363070014864206,None,,,,,,,0,0,0,0,7,0,7,0,112.96192249981686,,,,,,,,,,,,,,,,,,,,,,,,,,,,,,35.13472769968212,112.94720909977332,112.96192249981686,112.96192249981686,112.96192249981686,112.96192249981686,113.32991249999031,j,right,1,10,2,0,3,2,None,35.517544199712574,35.517947799991816,113.33043419988826,113.3455407996662,113.3455407996662,115.34541339986026,115.34541339986026,115.32932000001892,37.5169055997394,37.51694539980963,115.33745849970728,115.34541339986026,115.34541339986026,116.3448562999256,116.3448562999256,116.32942749978974,stimuli/box_empty_transparent.png,38.516994799952954,38.517029099632055,116.3295085998252,116.3448562999256,118.34450969984755,118.32806229963899,40.51563059957698,0.35363070014864206,None,,,,,,,,,,,,,,,,55555,right,no,None,2025-05-15_11h34.03.973,RL_out-of-scanner,2024.2.4,59.42572172362194,2025-05-15 11h34.18.394943 -0500,
8,0,8,space,4.392554400023073,None,5,2.8438530997373164,None,40.517565899994224,k,None,40.81717359973118,40.817439899779856,43.81669579958543,43.81673550000414,44.81689799996093,44.81693429965526,46.31605529971421,0.27726729959249496,None,,,,,,,0,0,0,0,8,0,8,0,118.34450969984755,,,,,,,,,,,,,,,,,,,,,,,,,,,,,,40.517565899994224,118.33005949994549,118.34450969984755,118.34450969984755,118.34450969984755,118.34450969984755,118.62956069968641,k,right,1,10,3,0,4,3,None,40.81717359973118,40.817439899779856,118.62991949962452,118.64527749968693,118.64527749968693,121.64467879990116,121.64467879990116,121.62910989997908,43.81669579958543,43.81673550000414,121.63893999997526,121.64467879990116,121.64467879990116,,,122.62932829977944,stimuli/box_coin_transparent.png,44.81689799996093,44.81693429965526,122.629417499993,122.64439709996805,124.14515149965882,124.12849109992385,46.31605529971421,0.27726729959249496,None,,,,,,,,,,,,,,,,55555,right,no,None,2025-05-15_11h34.03.973,RL_out-of-scanner,2024.2.4,59.42572172362194,2025-05-15 11h34.18.394943 -0500,
9,0,9,space,4.392554400023073,None,5,2.8438530997373164,None,46.31753849983215,j,None,46.68387429974973,46.68420040002093,48.182090799789876,48.18212959961966,49.18256439967081,49.18261109990999,51.18152799969539,0.3378348001278937,None,,,,,,,0,0,0,0,9,0,9,0,124.14515149965882,,,,,,,,,,,,,,,,,,,,,,,,,,,,,,46.31753849983215,124.13002049969509,124.14515149965882,124.14515149965882,124.14515149965882,124.14515149965882,124.49625989980996,j,right,1,10,3,0,4,3,None,46.68387429974973,46.68420040002093,124.49668019963428,124.51147119980305,124.51147119980305,126.01128309965134,126.01128309965134,125.99450859986246,48.182090799789876,48.18212959961966,126.00418679974973,126.01128309965134,126.01128309965134,,,126.99498009961098,stimuli/box_empty_transparent.png,49.18256439967081,49.18261109990999,126.99510789988562,127.01083199959248,129.01109159970656,128.9939565998502,51.18152799969539,0.3378348001278937,None,,,,,,,,,,,,,,,,55555,right,no,None,2025-05-15_11h34.03.973,RL_out-of-scanner,2024.2.4,59.42572172362194,2025-05-15 11h34.18.394943 -0500,
10,0,10,space,4.392554400023073,None,5,2.8438530997373164,None,51.18371589994058,k,None,51.582702699583024,51.5830844999291,53.0824292995967,53.08246799977496,54.0824112999253,54.08244439959526,55.08353369962424,0.3756723999977112,None,,,,,,,0,0,0,0,10,0,10,0,129.01109159970656,,,,,,,,,,,,,,,,,,,,,,,,,,,,,,51.18371589994058,128.99621179979295,129.01109159970656,129.01109159970656,129.01109159970656,129.01109159970656,129.39506399957463,k,right,1,10,4,0,5,4,None,51.582702699583024,51.5830844999291,129.39556809980422,129.41061039967462,129.41061039967462,130.9110679998994,130.9110679998994,130.89484189962968,53.0824292995967,53.08246799977496,130.9052395997569,130.9110679998994,130.9110679998994,131.9107446996495,131.9107446996495,131.8948444998823,stimuli/box_coin_transparent.png,54.0824112999253,54.08244439959526,131.894921799656,131.9107446996495,132.911323599983,132.89596210001037,55.08353369962424,0.3756723999977112,None,,,,,,,,,,,,,,,,55555,right,no,None,2025-05-15_11h34.03.973,RL_out-of-scanner,2024.2.4,59.42572172362194,2025-05-15 11h34.18.394943 -0500,
11,0,11,space,4.392554400023073,None,5,2.8438530997373164,None,55.08596149971709,k,None,55.40033199964091,55.40061179967597,57.41503429971635,57.415071999654174,58.4162934999913,58.41632859967649,59.91576039977372,0.29330149991437793,None,,,,,,,0,0,0,0,11,0,11,0,132.911323599983,,,,,,,,,,,,,,,,,,,,,,,,,,,,,,55.08596149971709,132.89846179960296,132.911323599983,132.911323599983,132.911323599983,132.911323599983,133.2127132997848,k,right,1,10,5,0,6,5,None,55.40033199964091,55.40061179967597,133.21309169987217,133.2281039999798,133.2281039999798,135.24528729962185,135.24528729962185,135.22744950000197,57.41503429971635,57.415071999654174,135.23877259995788,135.24528729962185,135.24528729962185,,,136.22871459973976,stimuli/box_coin_transparent.png,58.4162934999913,58.41632859967649,136.2288089999929,136.24461309984326,137.74454349977896,137.72819589963183,59.91576039977372,0.29330149991437793,None,,,,,,,,,,,,,,,,55555,right,no,None,2025-05-15_11h34.03.973,RL_out-of-scanner,2024.2.4,59.42572172362194,2025-05-15 11h34.18.394943 -0500,
12,0,12,space,4.392554400023073,None,5,2.8438530997373164,None,59.91734219994396,k,None,60.31659229984507,60.31689209956676,61.31631019990891,61.31635729968548,62.31554099963978,62.315581899601966,65.31532809976488,0.38081760006025434,None,,,,,,,0,0,0,0,12,0,12,0,137.74454349977896,,,,,,,,,,,,,,,,,,,,,,,,,,,,,,59.91734219994396,137.72982389992103,137.74454349977896,137.74454349977896,137.74454349977896,137.74454349977896,138.1289801998064,k,right,0,10,5,0,7,5,None,60.31659229984507,60.31689209956676,138.1293731997721,138.14449919993058,138.14449919993058,139.14404559973627,139.14404559973627,139.12871879991144,61.31631019990891,61.31635729968548,139.1371811996214,139.14404559973627,139.14404559973627,140.1442023999989,140.1442023999989,140.127970200032,stimuli/box_empty_transparent.png,62.31554099963978,62.315581899601966,140.12806699983776,140.1442023999989,143.1441453997977,143.12776239961386,65.31532809976488,0.38081760006025434,None,,,,,,,,,,,,,,,,55555,right,no,None,2025-05-15_11h34.03.973,RL_out-of-scanner,2024.2.4,59.42572172362194,2025-05-15 11h34.18.394943 -0500,
13,0,13,space,4.392554400023073,None,5,2.8438530997373164,None,65.31712939962745,k,None,65.716872099787,65.71718469960615,66.21589439967647,66.215933999978,67.21628219960257,67.21631699986756,69.21542259957641,0.37086680019274354,None,,,,,,,0,0,0,0,13,0,13,0,143.1441453997977,,,,,,,,,,,,,,,,,,,,,,,,,,,,,,65.31712939962745,143.12961799977347,143.1441453997977,143.1441453997977,143.1441453997977,143.1441453997977,143.52923229988664,k,right,1,10,6,0,8,6,None,65.716872099787,65.71718469960615,143.52967049973086,143.54484339989722,143.54484339989722,144.04419379960746,144.04419379960746,144.0283073997125,66.21589439967647,66.215933999978,144.0379847995937,144.04419379960746,144.04419379960746,145.04392529977486,145.04392529977486,145.02871409989893,stimuli/box_coin_transparent.png,67.21628219960257,67.21631699986756,145.02879539970309,145.04392529977486,147.04362959973514,147.027854999993,69.21542259957641,0.37086680019274354,None,,,,,,,,,,,,,,,,55555,right,no,None,2025-05-15_11h34.03.973,RL_out-of-scanner,2024.2.4,59.42572172362194,2025-05-15 11h34.18.394943 -0500,
14,0,14,space,4.392554400023073,None,5,2.8438530997373164,None,69.2169351996854,k,None,69.56662269961089,69.56690549990162,71.06623069988564,71.06627749977633,72.06562599958852,72.06566409999505,73.06531549990177,0.32620619982481003,None,,,,,,,0,0,0,0,14,0,14,0,147.04362959973514,,,,,,,,,,,,,,,,,,,,,,,,,,,,,,69.2169351996854,147.02941689966246,147.04362959973514,147.04362959973514,147.04362959973514,147.04362959973514,147.37899119965732,k,right,1,10,7,0,9,7,None,69.56662269961089,69.56690549990162,147.3793855998665,147.39525599963963,147.39525599963963,148.89387929998338,148.89387929998338,148.878639199771,71.06623069988564,71.06627749977633,148.88884599972516,148.89387929998338,148.89387929998338,149.89396709995344,149.89396709995344,149.87805669987574,stimuli/box_coin_transparent.png,72.06562599958852,72.06566409999505,149.8781465999782,149.89396709995344,150.89410059992224,150.87775119999424,73.06531549990177,0.32620619982481003,None,,,,,,,,,,,,,,,,55555,right,no,None,2025-05-15_11h34.03.973,RL_out-of-scanner,2024.2.4,59.42572172362194,2025-05-15 11h34.18.394943 -0500,
15,0,15,space,4.392554400023073,None,5,2.8438530997373164,None,73.0668420996517,k,None,73.60018319962546,73.60046049999073,74.61537469970062,74.61541349999607,75.61567289987579,75.6157076000236,77.61598889995366,0.5154206999577582,None,,,,,,,0,0,0,0,15,0,15,0,150.89410059992224,,,,,,,,,,,,,,,,,,,,,,,,,,,,,,73.0668420996517,150.87932369997725,150.89410059992224,150.89410059992224,150.89410059992224,150.89410059992224,151.41256870003417,k,right,1,10,8,0,10,8,None,73.60018319962546,73.60046049999073,151.41294049983844,151.42911659972742,151.42911659972742,152.44443719973788,152.44443719973788,152.4277903996408,74.61537469970062,74.61541349999607,152.43850149959326,152.44443719973788,152.44443719973788,,,153.42810409981757,stimuli/box_coin_transparent.png,75.61567289987579,75.6157076000236,153.42818949976936,153.44380209967494,155.44477259973064,155.42842609994113,77.61598889995366,0.5154206999577582,None,,,,,,,,,,,,,,,,55555,right,no,None,2025-05-15_11h34.03.973,RL_out-of-scanner,2024.2.4,59.42572172362194,2025-05-15 11h34.18.394943 -0500,
16,0,16,space,4.392554400023073,None,5,2.8438530997373164,None,77.61753739975393,j,None,78.08329869993031,78.08369529992342,80.09787719976157,80.09792279964313,81.09825489996001,81.0982949999161,82.0988843999803,0.4483940997160971,None,,,,,,,0,0,0,0,16,0,16,0,155.44477259973064,,,,,,,,,,,,,,,,,,,,,,,,,,,,,,77.61753739975393,155.430019099731,155.44477259973064,155.44477259973064,155.44477259973064,155.44477259973064,155.89566859975457,j,right,1,10,8,0,10,8,None,78.08329869993031,78.08369529992342,155.8961814995855,155.91101409960538,155.91101409960538,157.9276806996204,157.9276806996204,157.910286499653,80.09787719976157,80.09792279964313,157.9199532996863,157.9276806996204,157.9276806996204,,,158.91068019997329,stimuli/box_empty_transparent.png,81.09825489996001,81.0982949999161,158.91078319959342,158.92676989967003,159.92740559997037,159.91132099973038,82.0988843999803,0.4483940997160971,None,,,,,,,,,,,,,,,,55555,right,no,None,2025-05-15_11h34.03.973,RL_out-of-scanner,2024.2.4,59.42572172362194,2025-05-15 11h34.18.394943 -0500,
17,0,17,space,4.392554400023073,None,5,2.8438530997373164,None,82.10040409956127,k,None,82.61646339995787,82.61672970000654,83.61557719996199,83.61562439985573,84.61537519982085,84.61540779983625,85.61449419986457,0.48948119999840856,None,,,,,,,0,0,0,0,17,0,17,0,159.92740559997037,,,,,,,,,,,,,,,,,,,,,,,,,,,,,,82.10040409956127,159.91288569988683,159.92740559997037,159.92740559997037,159.92740559997037,159.92740559997037,160.42885329993442,k,right,0,10,8,0,11,8,None,82.61646339995787,82.61672970000654,160.42920939996839,160.44429419981316,160.44429419981316,161.44320089975372,161.44320089975372,161.42798629961908,83.61557719996199,83.61562439985573,161.43645519996062,161.44320089975372,161.44320089975372,162.44303829967976,162.44303829967976,162.42780849989504,stimuli/box_empty_transparent.png,84.61537519982085,84.61540779983625,162.4278857000172,162.44303829967976,163.44305839994922,163.42692569969222,85.61449419986457,0.48948119999840856,None,,,,,,,,,,,,,,,,55555,right,no,None,2025-05-15_11h34.03.973,RL_out-of-scanner,2024.2.4,59.42572172362194,2025-05-15 11h34.18.394943 -0500,
18,0,18,space,4.392554400023073,None,5,2.8438530997373164,None,85.61623739963397,j,None,86.0656837997958,86.06610849965364,89.56549639999866,89.56553569994867,90.56450049998239,90.56453269999474,92.56361039960757,0.42605700017884374,None,,,,,,,0,0,0,0,18,0,18,0,163.44305839994922,,,,,,,,,,,,,,,,,,,,,,,,,,,,,,85.61623739963397,163.42872689990327,163.44305839994922,163.44305839994922,163.44305839994922,163.44305839994922,163.87803759984672,j,right,0,10,8,0,11,8,None,86.0656837997958,86.06610849965364,163.8786011999473,163.89330579992384,163.89330579992384,167.3934579999186,167.3934579999186,167.3779071997851,89.56549639999866,89.56553569994867,167.3865731996484,167.3934579999186,167.3934579999186,168.3925810996443,168.3925810996443,168.37693419959396,stimuli/box_empty_transparent.png,90.56450049998239,90.56453269999474,168.37700959993526,168.3925810996443,170.39290099963546,170.37604479957372,92.56361039960757,0.42605700017884374,None,,,,,,,,,,,,,,,,55555,right,no,None,2025-05-15_11h34.03.973,RL_out-of-scanner,2024.2.4,59.42572172362194,2025-05-15 11h34.18.394943 -0500,
19,0,19,space,4.392554400023073,None,5,2.8438530997373164,None,92.56516959983855,k,None,92.93185169994831,92.9323077998124,93.93383109988645,93.93386959983036,94.93071249965578,94.93075049994513,96.43027219967917,0.34912850009277463,None,,,,,,,0,0,0,0,19,0,19,0,170.39290099963546,,,,,,,,,,,,,,,,,,,,,,,,,,,,,,92.56516959983855,170.37765329983085,170.39290099963546,170.39290099963546,170.39290099963546,170.39290099963546,170.74420379986987,k,right,0,10,8,0,12,8,None,92.93185169994831,92.9323077998124,170.7448040000163,170.7594883996062,170.7594883996062,171.76032330002636,171.76032330002636,171.7462403997779,93.93383109988645,93.93386959983036,171.7544310996309,171.76032330002636,171.76032330002636,172.7589469999075,172.7589469999075,172.74314329959452,stimuli/box_empty_transparent.png,94.93071249965578,94.93075049994513,172.74323169980198,172.7589469999075,174.2604260998778,174.24270119983703,96.43027219967917,0.34912850009277463,None,,,,,,,,,,,,,,,,55555,right,no,None,2025-05-15_11h34.03.973,RL_out-of-scanner,2024.2.4,59.42572172362194,2025-05-15 11h34.18.394943 -0500,
20,0,20,space,4.392554400023073,None,5,2.8438530997373164,None,96.43213899992406,k,['k'],97.8488423996605,97.84910679981112,99.84831869974732,99.84835569979623,100.84857379971072,100.84861369989812,102.86331669986248,1.3909577000886202,None,[0.3323591002263129],[0.10550399962812662],,,,,0,0,0,0,20,0,20,0,174.2604260998778,,,,,,,,,,,,,,,,,,,,,,,,,,,,,,96.43213899992406,174.24463109998032,174.2604260998778,174.2604260998778,174.2604260998778,174.2604260998778,175.6611992996186,k,right,1,10,9,0,13,9,['k'],97.8488423996605,97.84910679981112,175.6615861998871,175.6760998996906,175.6760998996906,177.67640340002254,177.67640340002254,177.66073039965704,99.84831869974732,99.84835569979623,177.67095389962196,177.67640340002254,177.67640340002254,178.67657779995352,178.67657779995352,178.66100049996749,stimuli/box_coin_transparent.png,100.84857379971072,100.84861369989812,178.66109349997714,178.67657779995352,180.69248549966142,180.67574669979513,102.86331669986248,1.3909577000886202,None,[0.3323591002263129],[0.10550399962812662],,,,,,,,,,,,,,55555,right,no,None,2025-05-15_11h34.03.973,RL_out-of-scanner,2024.2.4,59.42572172362194,2025-05-15 11h34.18.394943 -0500,
21,0,21,space,4.392554400023073,None,5,2.8438530997373164,None,102.8655711999163,k,None,103.21514280000702,103.21551219979301,106.21496019978076,106.21499959984794,107.21461469959468,107.2146477997303,108.71309509966522,0.32100340025499463,None,,,,,,,0,0,0,0,21,0,21,0,180.69248549966142,,,,,,,,,,,,,,,,,,,,,,,,,,,,,,102.8655711999163,180.67806739965454,180.69248549966142,180.69248549966142,180.69248549966142,180.69248549966142,181.0274985996075,k,right,0,10,9,0,14,9,None,103.21514280000702,103.21551219979301,181.02800149982795,181.0427067996934,181.0427067996934,184.04353839997202,184.04353839997202,184.02737309969962,106.21496019978076,106.21499959984794,184.0353933996521,184.04353839997202,184.04353839997202,185.0423872997053,185.0423872997053,185.027047699783,stimuli/box_empty_transparent.png,107.21461469959468,107.2146477997303,185.0271254000254,185.0423872997053,186.54229749972,186.5255312998779,108.71309509966522,0.32100340025499463,None,,,,,,,,,,,,,,,,55555,right,no,None,2025-05-15_11h34.03.973,RL_out-of-scanner,2024.2.4,59.42572172362194,2025-05-15 11h34.18.394943 -0500,
22,0,22,space,4.392554400023073,None,5,2.8438530997373164,None,108.71459469990805,k,None,109.01480240002275,109.01511149993166,110.51505159959197,110.51509189978242,111.51486909994856,111.51490859966725,113.51415629964322,0.2806474999524653,None,,,,,,,0,0,0,0,22,0,22,0,186.54229749972,,,,,,,,,,,,,,,,,,,,,,,,,,,,,,108.71459469990805,186.52707789978012,186.54229749972,186.54229749972,186.54229749972,186.54229749972,186.82715229969472,k,right,1,10,10,0,15,10,None,109.01480240002275,109.01511149993166,186.82759739970788,186.8424798999913,186.8424798999913,188.34266649978235,188.34266649978235,188.3274659998715,110.51505159959197,110.51509189978242,188.33722169976681,188.34266649978235,188.34266649978235,189.34262140002102,189.34262140002102,189.32729789987206,stimuli/box_coin_transparent.png,111.51486909994856,111.51490859966725,189.32739239977673,189.34262140002102,191.34279419993982,191.32658879971132,113.51415629964322,0.2806474999524653,None,,,,,,,,,,,,,,,,55555,right,no,None,2025-05-15_11h34.03.973,RL_out-of-scanner,2024.2.4,59.42572172362194,2025-05-15 11h34.18.394943 -0500,
23,0,23,space,4.392554400023073,None,5,2.8438530997373164,None,113.51566769974306,k,None,113.9141523996368,113.91444629989564,115.41458409978077,115.41462369961664,116.41488269995898,116.41492249956354,117.9138142997399,0.3666134001687169,None,,,,,,,0,0,0,0,23,0,23,0,191.34279419993982,,,,,,,,,,,,,,,,,,,,,,,,,,,,,,113.51566769974306,191.32814929960296,191.34279419993982,191.34279419993982,191.34279419993982,191.34279419993982,191.72653979994357,k,left,1,7,0,1,15,10,None,113.9141523996368,113.91444629989564,191.72692779963836,191.7422024998814,191.7422024998814,193.2433515000157,193.2433515000157,193.22699799994007,115.41458409978077,115.41462369961664,193.23516779998317,193.2433515000157,193.2433515000157,194.24235559999943,194.24235559999943,194.22731329966336,stimuli/box_empty_transparent.png,116.41488269995898,116.41492249956354,194.22740569990128,194.24235559999943,195.74252419965342,195.726249799598,117.9138142997399,0.3666134001687169,None,,,,,,,,,,,,,,,,55555,right,no,None,2025-05-15_11h34.03.973,RL_out-of-scanner,2024.2.4,59.42572172362194,2025-05-15 11h34.18.394943 -0500,
24,0,24,space,4.392554400023073,None,5,2.8438530997373164,None,117.91532509960234,k,None,118.26414179988205,118.26438609976321,120.26380749978125,120.26385809993371,121.26426249975339,121.26429619966075,122.76367499958724,0.321809200104326,None,,,,,,,0,0,0,0,24,0,24,0,195.74252419965342,,,,,,,,,,,,,,,,,,,,,,,,,,,,,,117.91532509960234,195.727807499934,195.74252419965342,195.74252419965342,195.74252419965342,195.74252419965342,196.07652779994532,k,left,1,7,0,1,15,10,None,118.26414179988205,118.26438609976321,196.07686569960788,196.09291030000895,196.09291030000895,198.09243279974908,198.09243279974908,198.07621389999986,120.26380749978125,120.26385809993371,198.08594929985702,198.09243279974908,198.09243279974908,199.0920609999448,199.0920609999448,199.0766954999417,stimuli/box_empty_transparent.png,121.26426249975339,121.26429619966075,199.07677389960736,199.0920609999448,200.59247969975695,200.57611189968884,122.76367499958724,0.321809200104326,None,,,,,,,,,,,,,,,,55555,right,no,None,2025-05-15_11h34.03.973,RL_out-of-scanner,2024.2.4,59.42572172362194,2025-05-15 11h34.18.394943 -0500,
25,0,25,space,4.392554400023073,None,5,2.8438530997373164,None,122.76519949967042,j,None,123.13164949975908,123.13201299961656,124.13140639988706,124.1314462996088,125.13163740001619,125.13167079957202,128.63022269960493,0.33808450028300285,None,,,,,,,0,0,0,0,25,0,25,0,200.59247969975695,,,,,,,,,,,,,,,,,,,,,,,,,,,,,,122.76519949967042,200.57768079964444,200.59247969975695,200.59247969975695,200.59247969975695,200.59247969975695,200.94403749983758,j,left,1,7,1,1,16,11,None,123.13164949975908,123.13201299961656,200.94449549959973,200.95968549977988,200.95968549977988,201.9593863999471,201.9593863999471,201.943820099812,124.13140639988706,124.1314462996088,201.9535908997059,201.9593863999471,201.9593863999471,202.95796509971842,202.95796509971842,202.9440720998682,stimuli/box_coin_transparent.png,125.13163740001619,125.13167079957202,202.94414679985493,202.95796509971842,206.45927469991148,206.44265859993175,128.63022269960493,0.33808450028300285,None,,,,,,,,,,,,,,,,55555,right,no,None,2025-05-15_11h34.03.973,RL_out-of-scanner,2024.2.4,59.42572172362194,2025-05-15 11h34.18.394943 -0500,
26,0,26,space,4.392554400023073,None,5,2.8438530997373164,None,128.63166720001027,j,None,129.04771329974756,129.04805829981342,129.54727949993685,129.54731729999185,130.54774379963055,130.54777649976313,134.0465711997822,0.39511430030688643,None,,,,,,,0,0,0,0,26,0,26,0,206.45927469991148,,,,,,,,,,,,,,,,,,,,,,,,,,,,,,128.63166720001027,206.44414889998734,206.45927469991148,206.45927469991148,206.45927469991148,206.45927469991148,206.86010129982606,j,left,1,7,2,1,17,12,None,129.04771329974756,129.04805829981342,206.8605406000279,206.87572699971497,206.87572699971497,207.37532609980553,207.37532609980553,207.35969589976594,129.54727949993685,129.54731729999185,207.36946940002963,207.37532609980553,207.37532609980553,208.3755605998449,208.3755605998449,208.360177999828,stimuli/box_coin_transparent.png,130.54774379963055,130.54777649976313,208.36025339970365,208.3755605998449,211.87554109981284,211.8590064998716,134.0465711997822,0.39511430030688643,None,,,,,,,,,,,,,,,,55555,right,no,None,2025-05-15_11h34.03.973,RL_out-of-scanner,2024.2.4,59.42572172362194,2025-05-15 11h34.18.394943 -0500,
27,0,27,space,4.392554400023073,None,5,2.8438530997373164,None,134.0480318996124,k,None,134.64830809971318,134.64858769997954,136.14708869997412,136.147129799705,137.1461702999659,137.14621599996462,138.14666059985757,0.5704157999716699,None,,,,,,,0,0,0,0,27,0,27,0,211.87554109981284,,,,,,,,,,,,,,,,,,,,,,,,,,,,,,134.0480318996124,211.8605132997036,211.87554109981284,211.87554109981284,211.87554109981284,211.87554109981284,212.46066959993914,k,left,1,7,2,1,17,12,None,134.64830809971318,134.64858769997954,212.46106709958985,212.4757315996103,212.4757315996103,213.97527559986338,213.97527559986338,213.9595013000071,136.14708869997412,136.147129799705,213.96765000000596,213.97527559986338,213.97527559986338,214.9742716997862,214.9742716997862,214.95859629986808,stimuli/box_empty_transparent.png,137.1461702999659,137.14621599996462,214.95870709978044,214.9742716997862,215.975902099628,215.95909669995308,138.14666059985757,0.5704157999716699,None,,,,,,,,,,,,,,,,55555,right,no,None,2025-05-15_11h34.03.973,RL_out-of-scanner,2024.2.4,59.42572172362194,2025-05-15 11h34.18.394943 -0500,
28,0,28,space,4.392554400023073,None,5,2.8438530997373164,None,138.1481203995645,j,None,139.564372099936,139.56472969986498,140.56421929970384,140.5642721997574,141.56404369976372,141.5640763998963,145.0637864996679,1.384188299998641,None,,,,,,,0,0,0,0,28,0,28,0,215.975902099628,,,,,,,,,,,,,,,,,,,,,,,,,,,,,,138.1481203995645,215.9606017000042,215.975902099628,215.975902099628,215.975902099628,215.975902099628,217.37675919989124,j,left,1,7,3,1,18,13,None,139.564372099936,139.56472969986498,217.37721229996532,217.39184449985623,217.39184449985623,218.39278909983113,218.39278909983113,218.37663289997727,140.56421929970384,140.5642721997574,218.38754409970716,218.39278909983113,218.39278909983113,219.39132799999788,219.39132799999788,219.37647689972073,stimuli/box_coin_transparent.png,141.56404369976372,141.5640763998963,219.376553399954,219.39132799999788,222.89257409982383,222.8762182998471,145.0637864996679,1.384188299998641,None,,,,,,,,,,,,,,,,55555,right,no,None,2025-05-15_11h34.03.973,RL_out-of-scanner,2024.2.4,59.42572172362194,2025-05-15 11h34.18.394943 -0500,
29,0,29,space,4.392554400023073,None,5,2.8438530997373164,None,145.06533449981362,k,None,145.89737849961966,145.89767709979787,147.89705649996176,147.89710129983723,148.89675559988245,148.8967915996909,149.89625199977309,0.8077985001727939,None,,,,,,,0,0,0,0,29,0,29,0,222.89257409982383,,,,,,,,,,,,,,,,,,,,,,,,,,,,,,145.06533449981362,222.87781579978764,222.89257409982383,222.89257409982383,222.89257409982383,222.89257409982383,223.70976729970425,k,left,1,7,3,1,18,13,None,145.89737849961966,145.89767709979787,223.71016549970955,223.72553739976138,223.72553739976138,225.7249795999378,225.7249795999378,225.70946589997038,147.89705649996176,147.89710129983723,225.71885209996253,225.7249795999378,225.7249795999378,226.7244769996032,226.7244769996032,226.7091876999475,stimuli/box_empty_transparent.png,148.89675559988245,148.8967915996909,226.70927219977602,226.7244769996032,227.7251561000012,227.70868569985032,149.89625199977309,0.8077985001727939,None,,,,,,,,,,,,,,,,55555,right,no,None,2025-05-15_11h34.03.973,RL_out-of-scanner,2024.2.4,59.42572172362194,2025-05-15 11h34.18.394943 -0500,
30,0,30,space,4.392554400023073,None,5,2.8438530997373164,None,149.8978052996099,k,None,150.61433429969475,150.61465199990198,151.61370489979163,151.6137486998923,152.61309389956295,152.61313249962404,153.6128154997714,0.6997662000358105,None,,,,,,,0,0,0,0,30,0,30,0,227.7251561000012,,,,,,,,,,,,,,,,,,,,,,,,,,,,,,149.8978052996099,227.71028639981523,227.7251561000012,227.7251561000012,227.7251561000012,227.7251561000012,228.42669979995117,k,left,1,7,3,1,18,13,None,150.61433429969475,150.61465199990198,228.42713759979233,228.44180549960583,228.44180549960583,229.4412984997034,229.4412984997034,229.42611379968002,151.61370489979163,151.6137486998923,229.43448559986427,229.4412984997034,229.4412984997034,230.44159309985116,230.44159309985116,230.42552169971168,stimuli/box_empty_transparent.png,152.61309389956295,152.61313249962404,230.42561609996483,230.44159309985116,231.44097849959508,231.4252440999262,153.6128154997714,0.6997662000358105,None,,,,,,,,,,,,,,,,55555,right,no,None,2025-05-15_11h34.03.973,RL_out-of-scanner,2024.2.4,59.42572172362194,2025-05-15 11h34.18.394943 -0500,
31,0,31,space,4.392554400023073,None,5,2.8438530997373164,None,153.61486489977688,k,None,153.99674009997398,153.9969950998202,156.99626199994236,156.9963091998361,157.9960208996199,157.9960533999838,160.49593669967726,0.3604427999816835,None,,,,,,,0,0,0,0,31,0,31,0,231.44097849959508,,,,,,,,,,,,,,,,,,,,,,,,,,,,,,153.61486489977688,231.42735160002485,231.44097849959508,231.44097849959508,231.44097849959508,231.44097849959508,231.80912959994748,k,left,1,7,3,1,18,13,None,153.99674009997398,153.9969950998202,231.80947479978204,231.82449549995363,231.82449549995363,234.8246610998176,234.8246610998176,234.8086691997014,156.99626199994236,156.9963091998361,234.81732879998162,234.8246610998176,234.8246610998176,235.82462059985846,235.82462059985846,235.80845449957997,stimuli/box_empty_transparent.png,157.9960208996199,157.9960533999838,235.80852989992127,235.82462059985846,238.32503009960055,238.30837389966473,160.49593669967726,0.3604427999816835,None,,,,,,,,,,,,,,,,55555,right,no,None,2025-05-15_11h34.03.973,RL_out-of-scanner,2024.2.4,59.42572172362194,2025-05-15 11h34.18.394943 -0500,
32,0,32,space,4.392554400023073,None,5,2.8438530997373164,None,160.49748289957643,None,None,161.99634219985455,161.99641639972106,162.99638689961284,162.9964226000011,163.99672629963607,163.99676419980824,164.99599399976432,,,,,,,,,0,0,0,0,32,0,32,0,238.32503009960055,,,,,,,,,,,,,,,,,,,,,,,,,,,,,,160.49748289957643,238.30996469967067,238.32503009960055,238.32503009960055,238.32503009960055,238.32503009960055,239.80873900000006,None,left,1,7,3,1,18,13,None,161.99634219985455,161.99641639972106,239.80889309989288,239.8248745999299,239.8248745999299,240.82493159966543,240.82493159966543,240.80879979999736,162.99638689961284,162.9964226000011,240.81705860001966,240.82493159966543,240.82493159966543,241.82441619969904,241.82441619969904,241.80915359966457,no selection made,163.99672629963607,163.99676419980824,241.809243099764,241.82441619969904,242.824937899597,242.80842529982328,164.99599399976432,,,,,239.8248745999299,239.8248745999299,239.8248745999299,239.8248745999299,,,,,,,,,,55555,right,no,None,2025-05-15_11h34.03.973,RL_out-of-scanner,2024.2.4,59.42572172362194,2025-05-15 11h34.18.394943 -0500,
33,0,33,space,4.392554400023073,None,5,2.8438530997373164,None,164.99752569990233,k,None,165.41309759998694,165.4134153998457,167.41271399986,167.41275319969282,168.41292279958725,168.41295879986137,169.91335219983011,0.39682280039414763,None,,,,,,,0,0,0,0,33,0,33,0,242.824937899597,,,,,,,,,,,,,,,,,,,,,,,,,,,,,,164.99752569990233,242.81000669999048,242.824937899597,242.824937899597,242.824937899597,242.824937899597,243.2254645996727,k,left,1,7,3,1,18,13,None,165.41309759998694,165.4134153998457,243.22590159997344,243.24061629967764,243.24061629967764,245.24212889978662,245.24212889978662,245.22512919967994,167.41271399986,167.41275319969282,245.23354229982942,245.24212889978662,245.24212889978662,246.2410657997243,246.2410657997243,246.2253518998623,stimuli/box_empty_transparent.png,168.41292279958725,168.41295879986137,246.2254408998415,246.2410657997243,247.74123149970546,247.72578509990126,169.91335219983011,0.39682280039414763,None,,,,,,,,,,,,,,,,55555,right,no,None,2025-05-15_11h34.03.973,RL_out-of-scanner,2024.2.4,59.42572172362194,2025-05-15 11h34.18.394943 -0500,
34,0,34,space,4.392554400023073,None,5,2.8438530997373164,None,169.91491499962285,j,None,170.27909359987825,170.27942729974166,173.27948919963092,173.27953519998118,174.2784378998913,174.27848189976066,176.79446499980986,0.3400050001218915,None,,,,,,,0,0,0,0,34,0,34,0,247.74123149970546,,,,,,,,,,,,,,,,,,,,,,,,,,,,,,169.91491499962285,247.72739619994536,247.74123149970546,247.74123149970546,247.74123149970546,247.74123149970546,248.09148149983957,j,left,1,7,4,1,19,14,None,170.27909359987825,170.27942729974166,248.09190789982677,248.10704549960792,248.10704549960792,251.1073427000083,251.1073427000083,251.09189539961517,173.27948919963092,173.27953519998118,251.10228729993105,251.1073427000083,251.1073427000083,252.10757819982246,252.10757819982246,252.09086649958044,stimuli/box_coin_transparent.png,174.2784378998913,174.27848189976066,252.0909690996632,252.10757819982246,254.62350749969482,254.60690339980647,176.79446499980986,0.3400050001218915,None,,,,,,,,,,,,,,,,55555,right,no,None,2025-05-15_11h34.03.973,RL_out-of-scanner,2024.2.4,59.42572172362194,2025-05-15 11h34.18.394943 -0500,
35,0,35,space,4.392554400023073,None,5,2.8438530997373164,None,176.79640469979495,j,None,177.32890409976244,177.32926149992272,178.83008209988475,178.83011919958517,179.82940069958568,179.82943219970912,180.82874999986961,0.5144472001120448,None,,,,,,,0,0,0,0,35,0,35,0,254.62350749969482,,,,,,,,,,,,,,,,,,,,,,,,,,,,,,176.79640469979495,254.60888789966702,254.62350749969482,254.62350749969482,254.62350749969482,254.62350749969482,255.14129179995507,j,left,1,7,5,1,20,15,None,177.32890409976244,177.32926149992272,255.1417483999394,255.15694319969043,255.15694319969043,256.6575179998763,256.6575179998763,256.64249909995124,178.83008209988475,178.83011919958517,256.65225399984047,256.6575179998763,256.6575179998763,257.65759389987215,257.65759389987215,257.64183479966596,stimuli/box_coin_transparent.png,179.82940069958568,179.82943219970912,257.64190759975463,257.65759389987215,258.6574855996296,258.64118539961055,180.82874999986961,0.5144472001120448,None,,,,,,,,,,,,,,,,55555,right,no,None,2025-05-15_11h34.03.973,RL_out-of-scanner,2024.2.4,59.42572172362194,2025-05-15 11h34.18.394943 -0500,
36,0,36,space,4.392554400023073,None,5,2.8438530997373164,None,180.83030089968815,j,None,181.4632677999325,181.46365689998493,182.9614460999146,182.9614996998571,183.96199989970773,183.96203329972923,187.46191989956424,0.6094233999028802,None,,,,,,,0,0,0,0,36,0,36,0,258.6574855996296,,,,,,,,,,,,,,,,,,,,,,,,,,,,,,180.83030089968815,258.6427818997763,258.6574855996296,258.6574855996296,258.6574855996296,258.6574855996296,259.2756608999334,j,left,1,7,6,1,21,16,None,181.4632677999325,181.46365689998493,259.2761371997185,259.2906879996881,259.2906879996881,260.7906734999269,260.7906734999269,260.7738416995853,182.9614460999146,182.9614996998571,260.78481689980254,260.7906734999269,260.7906734999269,,,261.7744311997667,stimuli/box_coin_transparent.png,183.96199989970773,183.96203329972923,261.7745149997063,261.7897135997191,265.2905676998198,265.2743556997739,187.46191989956424,0.6094233999028802,None,,,,,,,,,,,,,,,,55555,right,no,None,2025-05-15_11h34.03.973,RL_out-of-scanner,2024.2.4,59.42572172362194,2025-05-15 11h34.18.394943 -0500,
37,0,37,space,4.392554400023073,None,5,2.8438530997373164,None,187.46337429992855,j,None,187.92931239958853,187.92963579995558,189.94545089965686,189.9454942997545,190.94556629983708,190.94559839973226,191.94593649962917,0.4452727003954351,None,,,,,,,0,0,0,0,37,0,37,0,265.2905676998198,,,,,,,,,,,,,,,,,,,,,,,,,,,,,,187.46337429992855,265.2758551998995,265.2905676998198,265.2905676998198,265.2905676998198,265.2905676998198,265.7417053999379,j,left,1,7,7,1,22,17,None,187.92931239958853,187.92963579995558,265.7421150999144,265.7602224997245,265.7602224997245,267.7735044998117,267.7735044998117,267.7578564998694,189.94545089965686,189.9454942997545,267.7677988996729,267.7735044998117,267.7735044998117,268.7733700997196,268.7733700997196,268.7580002998002,stimuli/box_coin_transparent.png,190.94556629983708,190.94559839973226,268.7580749997869,268.7733700997196,269.77399619994685,269.75837209960446,191.94593649962917,0.4452727003954351,None,,,,,,,,,,,,,,,,55555,right,no,None,2025-05-15_11h34.03.973,RL_out-of-scanner,2024.2.4,59.42572172362194,2025-05-15 11h34.18.394943 -0500,
38,0,38,space,4.392554400023073,None,5,2.8438530997373164,None,191.9474918995984,j,None,193.37874529976398,193.37905430002138,194.3777123996988,194.37775559956208,195.37842520000413,195.37845719978213,196.87825049972162,1.4068293999880552,None,,,,,,,0,0,0,0,38,0,38,0,269.77399619994685,,,,,,,,,,,,,,,,,,,,,,,,,,,,,,191.9474918995984,269.7599725998007,269.77399619994685,269.77399619994685,269.77399619994685,269.77399619994685,271.1911360998638,j,right,1,11,0,2,22,17,None,193.37874529976398,193.37905430002138,271.19153439998627,271.207286299672,271.207286299672,272.20697229960933,272.20697229960933,272.1901238998398,194.3777123996988,194.37775559956208,272.1988588999957,272.20697229960933,272.20697229960933,,,273.19085709983483,stimuli/box_empty_transparent.png,195.37842520000413,195.37845719978213,273.1909366999753,273.2064668997191,274.7069333996624,274.6906832996756,196.87825049972162,1.4068293999880552,None,,,,,,,,,,,,,,,,55555,right,no,None,2025-05-15_11h34.03.973,RL_out-of-scanner,2024.2.4,59.42572172362194,2025-05-15 11h34.18.394943 -0500,
39,0,39,space,4.392554400023073,None,5,2.8438530997373164,None,196.88003759970888,j,None,198.19605789985508,198.1963822999969,199.19523199973628,199.1952711995691,200.19477159995586,200.19480349961668,201.19477629987523,1.2991050998680294,None,,,,,,,0,0,0,0,39,0,39,0,274.7069333996624,,,,,,,,,,,,,,,,,,,,,,,,,,,,,,196.88003759970888,274.6925248997286,274.7069333996624,274.7069333996624,274.7069333996624,274.7069333996624,276.00844909995794,j,right,1,11,0,2,22,17,None,198.19605789985508,198.1963822999969,276.0088618998416,276.02346919989213,276.02346919989213,277.0233012996614,277.0233012996614,277.00764669990167,199.19523199973628,199.1952711995691,277.0159762999974,277.0233012996614,277.0233012996614,278.02262329962105,278.02262329962105,278.0072060995735,stimuli/box_empty_transparent.png,200.19477159995586,200.19480349961668,278.0072796996683,278.02262329962105,279.0239832997322,279.0072114998475,201.19477629987523,1.2991050998680294,None,,,,,,,,,,,,,,,,55555,right,no,None,2025-05-15_11h34.03.973,RL_out-of-scanner,2024.2.4,59.42572172362194,2025-05-15 11h34.18.394943 -0500,
40,0,40,space,4.392554400023073,None,5,2.8438530997373164,None,201.19631799962372,j,None,201.89622059976682,201.89662219956517,203.39495199965313,203.394997399766,204.39561529969797,204.39565530000255,205.39372639963403,0.6770637999288738,None,,,,,,,0,0,0,0,40,0,40,0,279.0239832997322,,,,,,,,,,,,,,,,,,,,,,,,,,,,,,201.19631799962372,279.008798699826,279.0239832997322,279.0239832997322,279.0239832997322,279.0239832997322,279.7085937997326,j,right,1,11,0,2,22,17,None,201.89622059976682,201.89662219956517,279.70910829957575,279.7236969997175,279.7236969997175,281.223912499845,281.223912499845,281.2073543998413,203.39495199965313,203.394997399766,281.215964499861,281.223912499845,281.223912499845,,,282.20804119994864,stimuli/box_empty_transparent.png,204.39561529969797,204.39565530000255,282.2081558997743,282.2231280999258,283.2230917997658,283.2061625998467,205.39372639963403,0.6770637999288738,None,,,,,,,,,,,,,,,,55555,right,no,None,2025-05-15_11h34.03.973,RL_out-of-scanner,2024.2.4,59.42572172362194,2025-05-15 11h34.18.394943 -0500,
41,0,41,space,4.392554400023073,None,5,2.8438530997373164,None,205.39517239993438,k,None,206.145119599998,206.14537569973618,207.1448231996037,207.1448692996055,208.14521719980985,208.14524909993634,211.16014819964767,0.7307140999473631,None,,,,,,,0,0,0,0,41,0,41,0,283.2230917997658,,,,,,,,,,,,,,,,,,,,,,,,,,,,,,205.39517239993438,283.20765540003777,283.2230917997658,283.2230917997658,283.2230917997658,283.2230917997658,283.9575118999928,k,right,1,11,1,2,23,18,None,206.145119599998,206.14537569973618,283.9578541996889,283.97354689985514,283.97354689985514,284.9729724000208,284.9729724000208,284.95722859958187,207.1448231996037,207.1448692996055,284.9674776997417,284.9729724000208,284.9729724000208,285.97328789997846,285.97328789997846,285.9576510996558,stimuli/box_coin_transparent.png,208.14521719980985,208.14524909993634,285.95772609999403,285.97328789997846,288.989228699822,288.97258309973404,211.16014819964767,0.7307140999473631,None,,,,,,,,,,,,,,,,55555,right,no,None,2025-05-15_11h34.03.973,RL_out-of-scanner,2024.2.4,59.42572172362194,2025-05-15 11h34.18.394943 -0500,
42,0,42,space,4.392554400023073,None,5,2.8438530997373164,None,211.1618707999587,k,None,211.77857999969274,211.77889249986038,213.7781664999202,213.77820459986106,214.77769599994645,214.7777379998006,218.2778556998819,0.596864199731499,None,,,,,,,0,0,0,0,42,0,42,0,288.989228699822,,,,,,,,,,,,,,,,,,,,,,,,,,,,,,211.1618707999587,288.97435869975016,288.989228699822,288.989228699822,288.989228699822,288.989228699822,289.59095369977877,k,right,0,11,1,2,24,18,None,211.77857999969274,211.77889249986038,289.5913780997507,289.6061311997473,289.6061311997473,291.60642750002444,291.60642750002444,291.5905811996199,213.7781664999202,213.77820459986106,291.5990737997927,291.60642750002444,291.60642750002444,292.60551329981536,292.60551329981536,292.59012189973146,stimuli/box_empty_transparent.png,214.77769599994645,214.7777379998006,292.59022869961336,292.60551329981536,296.10686869965866,296.0902883997187,218.2778556998819,0.596864199731499,None,,,,,,,,,,,,,,,,55555,right,no,None,2025-05-15_11h34.03.973,RL_out-of-scanner,2024.2.4,59.42572172362194,2025-05-15 11h34.18.394943 -0500,
43,0,43,space,4.392554400023073,None,5,2.8438530997373164,None,218.2794217998162,j,None,218.67901529977098,218.67934179957956,219.6784434998408,219.67848079977557,220.6782455998473,220.67827749997377,222.69303129985929,0.38225310016423464,None,,,,,,,0,0,0,0,43,0,43,0,296.10686869965866,,,,,,,,,,,,,,,,,,,,,,,,,,,,,,218.2794217998162,296.09190259967,296.10686869965866,296.10686869965866,296.10686869965866,296.10686869965866,296.49140699999407,j,right,0,11,1,2,24,18,None,218.67901529977098,218.67934179957956,296.49182070000097,296.50687209982425,296.50687209982425,297.50619519967586,297.50619519967586,297.49086009990424,219.6784434998408,219.67848079977557,297.4990800996311,297.50619519967586,297.50619519967586,298.5065772999078,298.5065772999078,298.4906772999093,stimuli/box_empty_transparent.png,220.6782455998473,220.67827749997377,298.49075250001624,298.5065772999078,300.5223149997182,300.5054652998224,222.69303129985929,0.38225310016423464,None,,,,,,,,,,,,,,,,55555,right,no,None,2025-05-15_11h34.03.973,RL_out-of-scanner,2024.2.4,59.42572172362194,2025-05-15 11h34.18.394943 -0500,
44,0,44,space,4.392554400023073,None,5,2.8438530997373164,None,222.694763999898,k,None,223.16135749965906,223.16166289988905,225.66118419962004,225.6612199000083,226.66094079986215,226.6609723996371,228.6594836995937,0.44806399988010526,None,,,,,,,0,0,0,0,44,0,44,0,300.5223149997182,,,,,,,,,,,,,,,,,,,,,,,,,,,,,,222.694763999898,300.5072520999238,300.5223149997182,300.5223149997182,300.5223149997182,300.5223149997182,300.97370749991387,k,right,0,11,1,2,25,18,None,223.16135749965906,223.16166289988905,300.97414219984785,300.98917399998754,300.98917399998754,303.490193199832,303.490193199832,303.473602199927,225.66118419962004,225.6612199000083,303.4820002997294,303.490193199832,303.490193199832,304.4891609000042,304.4891609000042,304.47337429970503,stimuli/box_empty_transparent.png,226.66094079986215,226.6609723996371,304.47344879992306,304.4891609000042,306.4886567997746,306.471918199677,228.6594836995937,0.44806399988010526,None,,,,,,,,,,,,,,,,55555,right,no,None,2025-05-15_11h34.03.973,RL_out-of-scanner,2024.2.4,59.42572172362194,2025-05-15 11h34.18.394943 -0500,
45,0,45,space,4.392554400023073,None,5,2.8438530997373164,None,228.66121449973434,j,None,229.27843019971624,229.278851499781,230.2773382999003,230.2773744999431,231.277619399596,231.27765759965405,232.27707579964772,0.599891799967736,None,,,,,,,0,0,0,0,45,0,45,0,306.4886567997746,,,,,,,,,,,,,,,,,,,,,,,,,,,,,,228.66121449973434,306.4737026998773,306.4886567997746,306.4886567997746,306.4886567997746,306.4886567997746,307.09079219959676,j,right,0,11,1,2,25,18,None,229.27843019971624,229.278851499781,307.0913366996683,307.10584389977157,307.10584389977157,308.10579269984737,308.10579269984737,308.08975629974157,230.2773382999003,230.2773744999431,308.09814649960026,308.10579269984737,308.10579269984737,309.1056137997657,309.1056137997657,309.0900496998802,stimuli/box_empty_transparent.png,231.277619399596,231.27765759965405,309.09015159960836,309.1056137997657,310.10531089967117,310.0895111998543,232.27707579964772,0.599891799967736,None,,,,,,,,,,,,,,,,55555,right,no,None,2025-05-15_11h34.03.973,RL_out-of-scanner,2024.2.4,59.42572172362194,2025-05-15 11h34.18.394943 -0500,
46,0,46,space,4.392554400023073,None,5,2.8438530997373164,None,232.2785594998859,j,None,233.22823200002313,233.2286282000132,235.22759649995714,235.2276355996728,236.22732739988714,236.22737689968199,237.2268857997842,0.9224181999452412,None,,,,,,,0,0,0,0,46,0,46,0,310.10531089967117,,,,,,,,,,,,,,,,,,,,,,,,,,,,,,232.2785594998859,310.09104049997404,310.10531089967117,310.10531089967117,310.10531089967117,310.10531089967117,311.0405912999995,j,right,0,11,1,2,25,18,None,233.22823200002313,233.2286282000132,311.04111379990354,311.0554402996786,311.0554402996786,313.0559687996283,313.0559687996283,313.0400123000145,235.22759649995714,235.2276355996728,313.04820099985227,313.0559687996283,313.0559687996283,314.0558488997631,314.0558488997631,314.0397520000115,stimuli/box_empty_transparent.png,236.22732739988714,236.22737689968199,314.0398686998524,314.0558488997631,315.0556493997574,315.03932169964537,237.2268857997842,0.9224181999452412,None,,,,,,,,,,,,,,,,55555,right,no,None,2025-05-15_11h34.03.973,RL_out-of-scanner,2024.2.4,59.42572172362194,2025-05-15 11h34.18.394943 -0500,
47,0,47,space,4.392554400023073,None,5,2.8438530997373164,None,237.22833569999784,k,None,237.66147989965975,237.6618101997301,240.66088769957423,240.6609263997525,241.6608001999557,241.6608321997337,243.16029499983415,0.40636450005695224,None,,,,,,,0,0,0,0,47,0,47,0,315.0556493997574,,,,,,,,,,,,,,,,,,,,,,,,,,,,,,237.22833569999784,315.0408160998486,315.0556493997574,315.0556493997574,315.0556493997574,315.0556493997574,315.4738535997458,k,right,1,11,2,2,26,19,None,237.66147989965975,237.6618101997301,315.47429409995675,315.4890031996183,315.4890031996183,318.48950479971245,318.48950479971245,318.47329619992524,240.66088769957423,240.6609263997525,318.4840331999585,318.48950479971245,318.48950479971245,319.4885287997313,319.4885287997313,319.4732333999127,stimuli/box_coin_transparent.png,241.6608001999557,241.6608321997337,319.4733096999116,319.4885287997313,320.9901625998318,320.9727308996953,243.16029499983415,0.40636450005695224,None,,,,,,,,,,,,,,,,55555,right,no,None,2025-05-15_11h34.03.973,RL_out-of-scanner,2024.2.4,59.42572172362194,2025-05-15 11h34.18.394943 -0500,
48,0,48,space,4.392554400023073,None,5,2.8438530997373164,None,243.16174589982256,k,None,244.16123569989577,244.16157899983227,245.65963749960065,245.65969270002097,246.6598542998545,246.65989149967209,250.1599610997364,0.9666154002770782,None,,,,,,,0,0,0,0,48,0,48,0,320.9901625998318,,,,,,,,,,,,,,,,,,,,,,,,,,,,,,243.16174589982256,320.97422660002485,320.9901625998318,320.9901625998318,320.9901625998318,320.9901625998318,321.97360619995743,k,right,1,11,3,2,27,20,None,244.16123569989577,244.16157899983227,321.97406439995393,321.9886013995856,321.9886013995856,323.4911948000081,323.4911948000081,323.47200589999557,245.65963749960065,245.65969270002097,323.48539649974555,323.4911948000081,323.4911948000081,,,324.4722822997719,stimuli/box_coin_transparent.png,246.6598542998545,246.65989149967209,324.47237679967657,324.48913479968905,327.9889112999663,327.97239679982886,250.1599610997364,0.9666154002770782,None,,,,,,,,,,,,,,,,55555,right,no,None,2025-05-15_11h34.03.973,RL_out-of-scanner,2024.2.4,59.42572172362194,2025-05-15 11h34.18.394943 -0500,
49,0,49,space,4.392554400023073,None,5,2.8438530997373164,None,250.16141969989985,k,None,250.79355259984732,250.79389989981428,252.29335289960727,252.2933918000199,253.2936201998964,253.2936580996029,253.29424129985273,0.6050342000089586,None,,,,,,,0,0,0,0,49,0,49,0,327.9889112999663,,,,,,,,,,,,,,,,,,,,,,,,,,,,,,250.16141969989985,327.9739003996365,327.9889112999663,327.9889112999663,327.9889112999663,327.9889112999663,328.60591019969434,k,right,1,11,4,2,28,21,None,250.79355259984732,250.79389989981428,328.60639329999685,328.6212885999121,328.6212885999121,330.12158000003546,330.12158000003546,330.1057674996555,252.29335289960727,252.2933918000199,330.11547009972855,330.12158000003546,330.12158000003546,,,331.1060401997529,stimuli/box_coin_transparent.png,253.2936201998964,253.2936580996029,331.10613909969106,331.12583179958165,331.12583179958165,331.1066820998676,253.29424129985273,0.6050342000089586,None,,,,,,,,,,,,,,,,55555,right,no,None,2025-05-15_11h34.03.973,RL_out-of-scanner,2024.2.4,59.42572172362194,2025-05-15 11h34.18.394943 -0500,
0,0,0,space,4.392554400023073,None,5,2.8438530997373164,None,,,,,,,,,,,,,,,,,,,0,0,0,0,,,,,,,,,,,,,,,,,,,,,,,,,,,,,,,,,,,,,,,,,,,,,,,,,,,,,,,,,,,,,,,,,,,,,,,,,,,,,,,,,,,331.1214116998017,331.12583179958165,335.1211587996222,335.12400499964133,335.1373822996393,381.1870209998451,381.17088729981333,,,55555,right,no,None,2025-05-15_11h34.03.973,RL_out-of-scanner,2024.2.4,59.42572172362194,2025-05-15 11h34.18.394943 -0500,
0,0,0,space,17.463269299827516,None,5,4.836113899946213,None,0.001941199880093336,None,None,1.500347999855876,1.500436699949205,2.5011287997476757,2.501163899898529,3.5014114999212325,3.5014436999335885,5.5001249997876585,,,,,,,,,1,0,1,0,0,0,0,0,403.5361013999209,,,,,,,,,,,,,,,,381.1711001000367,381.1870209998451,381.1870209998451,398.65413909964263,space,17.463269299827516,None,398.6542185000144,398.6700171995908,398.6700171995908,403.5193544998765,5,4.836113899946213,None,0.001941199880093336,403.52136669959873,403.5361013999209,403.5361013999209,403.5361013999209,403.5361013999209,405.01967749977484,None,right,1,13,0,3,28,0,None,1.500347999855876,1.500436699949205,405.019872199744,405.0358262998052,405.0358262998052,406.036076199729,406.036076199729,406.02048479998484,2.5011287997476757,2.501163899898529,406.0289686997421,406.036076199729,406.036076199729,407.03623420000076,407.03623420000076,407.0207883999683,no selection made,3.5014114999212325,3.5014436999335885,407.0208597998135,407.03623420000076,409.03613069979474,409.0195003999397,5.5001249997876585,,,,,405.0358262998052,405.0358262998052,405.0358262998052,405.0358262998052,,,,,,,,,,55555,right,no,None,2025-05-15_11h34.03.973,RL_out-of-scanner,2024.2.4,59.42572172362194,2025-05-15 11h34.18.394943 -0500,
1,0,1,space,17.463269299827516,None,5,4.836113899946213,None,5.501921099610627,j,None,6.018441999796778,6.0188289997167885,7.517511999700218,7.517558000050485,8.517567799892277,8.517599799670279,10.017307399772108,0.4847980998456478,None,,,,,,,1,0,1,0,1,0,1,0,409.03613069979474,,,,,,,,,,,,,,,,,,,,,,,,,,,,,,5.501921099610627,409.02135679963976,409.03613069979474,409.03613069979474,409.03613069979474,409.03613069979474,409.53775289980695,j,right,1,13,0,3,28,0,None,6.018441999796778,6.0188289997167885,409.53826890001073,409.5530229997821,409.5530229997821,411.05268549965695,411.05268549965695,411.0368619998917,7.517511999700218,7.517558000050485,411.045847799629,411.05268549965695,411.05268549965695,412.05273939995095,412.05273939995095,412.03694479959086,stimuli/box_empty_transparent.png,8.517567799892277,8.517599799670279,412.03702109958977,412.05273939995095,413.55306999990717,413.5366838998161,10.017307399772108,0.4847980998456478,None,,,,,,,,,,,,,,,,55555,right,no,None,2025-05-15_11h34.03.973,RL_out-of-scanner,2024.2.4,59.42572172362194,2025-05-15 11h34.18.394943 -0500,
2,0,2,space,17.463269299827516,None,5,4.836113899946213,None,10.01890469994396,k,None,10.700596199836582,10.700934699736536,11.69992209970951,11.699957699980587,12.700303500052541,12.700340899638832,15.700907799880952,0.6623207996599376,None,,,,,,,1,0,1,0,2,0,2,0,413.55306999990717,,,,,,,,,,,,,,,,,,,,,,,,,,,,,,10.01890469994396,413.5383286997676,413.55306999990717,413.55306999990717,413.55306999990717,413.55306999990717,414.219909499865,k,right,1,13,1,3,29,1,None,10.700596199836582,10.700934699736536,414.22036989964545,414.23546999972314,414.23546999972314,415.23593159997836,415.23593159997836,415.21928209997714,11.69992209970951,11.699957699980587,415.22961609996855,415.23593159997836,415.23593159997836,,,416.21966259973124,stimuli/box_coin_transparent.png,12.700303500052541,12.700340899638832,416.2197682997212,416.23590749967843,419.23632999975234,419.22028689971194,15.700907799880952,0.6623207996599376,None,,,,,,,,,,,,,,,,55555,right,no,None,2025-05-15_11h34.03.973,RL_out-of-scanner,2024.2.4,59.42572172362194,2025-05-15 11h34.18.394943 -0500,
3,0,3,space,17.463269299827516,None,5,4.836113899946213,None,15.702452699653804,j,None,16.13371909968555,16.134145400021225,18.134175499901175,18.13421359984204,19.134262799751014,19.134298299904913,20.133742599748075,0.4041997999884188,None,,,,,,,1,0,1,0,3,0,3,0,419.23632999975234,,,,,,,,,,,,,,,,,,,,,,,,,,,,,,15.702452699653804,419.2218765998259,419.23632999975234,419.23632999975234,419.23632999975234,419.23632999975234,419.6530227996409,j,right,1,13,1,3,29,1,None,16.13371909968555,16.134145400021225,419.65358229959384,419.66874139988795,419.66874139988795,421.67006999999285,421.67006999999285,421.6535324999131,18.134175499901175,18.13421359984204,421.6616686997004,421.67006999999285,421.67006999999285,422.66880759969354,422.66880759969354,422.6536354999989,stimuli/box_empty_transparent.png,19.134262799751014,19.134298299904913,422.65372279984877,422.66880759969354,423.6693396996707,423.6531213996932,20.133742599748075,0.4041997999884188,None,,,,,,,,,,,,,,,,55555,right,no,None,2025-05-15_11h34.03.973,RL_out-of-scanner,2024.2.4,59.42572172362194,2025-05-15 11h34.18.394943 -0500,
4,0,4,space,17.463269299827516,None,5,4.836113899946213,None,20.13531559985131,j,None,20.81807479960844,20.818490599747747,21.816365099977702,21.816402199678123,22.81679950002581,22.816846899688244,25.316897599957883,0.6655124998651445,None,,,,,,,1,0,1,0,4,0,4,0,423.6693396996707,,,,,,,,,,,,,,,,,,,,,,,,,,,,,,20.13531559985131,423.6547396997921,423.6693396996707,423.6693396996707,423.6693396996707,423.6693396996707,424.33736969996244,j,right,1,13,1,3,29,1,None,20.81807479960844,20.818490599747747,424.33792059961706,424.35243760002777,424.35243760002777,425.3523473995738,425.3523473995738,425.3357247998938,21.816365099977702,21.816402199678123,425.34429329959676,425.3523473995738,425.3523473995738,,,426.3361613997258,stimuli/box_empty_transparent.png,22.81679950002581,22.816846899688244,426.3362718997523,426.3525197999552,428.8529860000126,428.8362770997919,25.316897599957883,0.6655124998651445,None,,,,,,,,,,,,,,,,55555,right,no,None,2025-05-15_11h34.03.973,RL_out-of-scanner,2024.2.4,59.42572172362194,2025-05-15 11h34.18.394943 -0500,
5,0,5,space,17.463269299827516,None,5,4.836113899946213,None,25.31848259968683,j,None,25.867731199599802,25.868155299685895,29.38315359968692,29.38319389987737,30.383532699663192,30.383564499672502,32.38322929991409,0.5228777998127043,None,,,,,,,1,0,1,0,5,0,5,0,428.8529860000126,,,,,,,,,,,,,,,,,,,,,,,,,,,,,,25.31848259968683,428.8379065999761,428.8529860000126,428.8529860000126,428.8529860000126,428.8529860000126,429.3870625998825,j,right,1,13,1,3,29,1,None,25.867731199599802,25.868155299685895,429.38758559990674,429.4027343997732,429.4027343997732,432.9196723997593,432.9196723997593,432.902507300023,29.38315359968692,29.38319389987737,432.9110138998367,432.9196723997593,432.9196723997593,433.9190100999549,433.9190100999549,433.902908699587,stimuli/box_empty_transparent.png,30.383532699663192,30.383564499672502,433.90298379957676,433.9190100999549,435.91896769963205,435.9026074996218,32.38322929991409,0.5228777998127043,None,,,,,,,,,,,,,,,,55555,right,no,None,2025-05-15_11h34.03.973,RL_out-of-scanner,2024.2.4,59.42572172362194,2025-05-15 11h34.18.394943 -0500,
6,0,6,space,17.463269299827516,None,5,4.836113899946213,None,32.38485699985176,k,None,32.68425259971991,32.68451899988577,33.682959399651736,33.68299559969455,34.68335199961439,34.68338289996609,35.683015199843794,0.2795521002262831,None,,,,,,,1,0,1,0,6,0,6,0,435.91896769963205,,,,,,,,,,,,,,,,,,,,,,,,,,,,,,32.38485699985176,435.9042814997956,435.91896769963205,435.91896769963205,435.91896769963205,435.91896769963205,436.2035856000148,k,right,1,13,2,3,30,2,None,32.68425259971991,32.68451899988577,436.2039407999255,436.21877429960296,436.21877429960296,437.2190673998557,437.2190673998557,437.2023175000213,33.682959399651736,33.68299559969455,437.2134940000251,437.2190673998557,437.2190673998557,438.2186619997956,438.2186619997956,438.20272889966145,stimuli/box_coin_transparent.png,34.68335199961439,34.68338289996609,438.2028018999845,438.2186619997956,439.21884699957445,439.2023932999,35.683015199843794,0.2795521002262831,None,,,,,,,,,,,,,,,,55555,right,no,None,2025-05-15_11h34.03.973,RL_out-of-scanner,2024.2.4,59.42572172362194,2025-05-15 11h34.18.394943 -0500,
7,0,7,space,17.463269299827516,None,5,4.836113899946213,None,35.68446799973026,j,None,36.334769199602306,36.335096299648285,38.33390109986067,38.333938899915665,39.34871339984238,39.3487562998198,41.34996849996969,0.6260603000409901,None,,,,,,,1,0,1,0,7,0,7,0,439.21884699957445,,,,,,,,,,,,,,,,,,,,,,,,,,,,,,35.68446799973026,439.20389200001955,439.21884699957445,439.21884699957445,439.21884699957445,439.21884699957445,439.8541041999124,j,right,1,13,2,3,30,2,None,36.334769199602306,36.335096299648285,439.8545186999254,439.8689508996904,439.8689508996904,441.86909329984337,441.86909329984337,441.85325509961694,38.33390109986067,38.333938899915665,441.86130489967763,441.86909329984337,441.86909329984337,,,442.86807919992134,stimuli/box_empty_transparent.png,39.34871339984238,39.3487562998198,442.86819129996,442.88421930000186,444.8857828998007,444.86934780003503,41.34996849996969,0.6260603000409901,None,,,,,,,,,,,,,,,,55555,right,no,None,2025-05-15_11h34.03.973,RL_out-of-scanner,2024.2.4,59.42572172362194,2025-05-15 11h34.18.394943 -0500,
8,0,8,space,17.463269299827516,None,5,4.836113899946213,None,41.35140969976783,k,None,42.13475879980251,42.135026699863374,45.13229029998183,45.132327399682254,46.13289979984984,46.13293629977852,47.63273469964042,0.7627432998269796,None,,,,,,,1,0,1,0,8,0,8,0,444.8857828998007,,,,,,,,,,,,,,,,,,,,,,,,,,,,,,41.35140969976783,444.87083349982277,444.8857828998007,444.8857828998007,444.8857828998007,444.8857828998007,445.65409439988434,k,right,1,13,3,3,31,3,None,42.13475879980251,42.135026699863374,445.65444799978286,445.66853849962354,445.66853849962354,448.668348999694,448.668348999694,448.65164989978075,45.13229029998183,45.132327399682254,448.6627757996321,448.668348999694,448.668348999694,449.66834419965744,449.66834419965744,449.65227319998667,stimuli/box_coin_transparent.png,46.13289979984984,46.13293629977852,449.6523612998426,449.66834419965744,451.1687375996262,451.1521136998199,47.63273469964042,0.7627432998269796,None,,,,,,,,,,,,,,,,55555,right,no,None,2025-05-15_11h34.03.973,RL_out-of-scanner,2024.2.4,59.42572172362194,2025-05-15 11h34.18.394943 -0500,
9,0,9,space,17.463269299827516,None,5,4.836113899946213,None,47.63417760003358,k,None,47.9508332000114,47.9510979000479,49.450660599861294,49.45070029981434,50.44864639965817,50.44868419971317,52.44939940003678,0.298204000107944,None,,,,,,,1,0,1,0,9,0,9,0,451.1687375996262,,,,,,,,,,,,,,,,,,,,,,,,,,,,,,47.63417760003358,451.15360149974003,451.1687375996262,451.1687375996262,451.1687375996262,451.1687375996262,451.4701669998467,k,right,1,13,4,3,32,4,None,47.9508332000114,47.9510979000479,451.47052699979395,451.4853790998459,451.4853790998459,452.9850727999583,452.9850727999583,452.9700114997104,49.450660599861294,49.45070029981434,452.97993139969185,452.9850727999583,452.9850727999583,453.98379569966346,453.98379569966346,453.9680184000172,stimuli/box_coin_transparent.png,50.44864639965817,50.44868419971317,453.9681102996692,453.98379569966346,455.98483379976824,455.96877869963646,52.44939940003678,0.298204000107944,None,,,,,,,,,,,,,,,,55555,right,no,None,2025-05-15_11h34.03.973,RL_out-of-scanner,2024.2.4,59.42572172362194,2025-05-15 11h34.18.394943 -0500,
10,0,10,space,17.463269299827516,None,5,4.836113899946213,None,52.450853399932384,k,None,52.83384499978274,52.83411009982228,54.33342529973015,54.33346439991146,55.33329049963504,55.33332380000502,56.34804149996489,0.36441149981692433,None,,,,,,,1,0,1,0,10,0,10,0,455.98483379976824,,,,,,,,,,,,,,,,,,,,,,,,,,,,,,52.450853399932384,455.97027759999037,455.98483379976824,455.98483379976824,455.98483379976824,455.98483379976824,456.35317799961194,k,right,1,13,5,3,33,5,None,52.83384499978274,52.83411009982228,456.3535311999731,456.3686206997372,456.3686206997372,457.86809189990163,457.86809189990163,457.8527820999734,54.33342529973015,54.33346439991146,457.8625505999662,457.86809189990163,457.86809189990163,458.8683344000019,458.8683344000019,458.8526663999073,stimuli/box_coin_transparent.png,55.33329049963504,55.33332380000502,458.8527445998043,458.8683344000019,459.8839944996871,459.867418800015,56.34804149996489,0.36441149981692433,None,,,,,,,,,,,,,,,,55555,right,no,None,2025-05-15_11h34.03.973,RL_out-of-scanner,2024.2.4,59.42572172362194,2025-05-15 11h34.18.394943 -0500,
11,0,11,space,17.463269299827516,None,5,4.836113899946213,None,56.34975659986958,k,None,57.00016459962353,57.00043289968744,58.999394999817014,58.99943399988115,59.999257599934936,59.99928929982707,61.51453689998016,0.6300850999541581,None,,,,,,,1,0,1,0,11,0,11,0,459.8839944996871,,,,,,,,,,,,,,,,,,,,,,,,,,,,,,56.34975659986958,459.8691881997511,459.8839944996871,459.8839944996871,459.8839944996871,459.8839944996871,460.5194967999123,k,right,1,13,6,3,34,6,None,57.00016459962353,57.00043289968744,460.51985469972715,460.534995699767,460.534995699767,462.5344283999875,462.5344283999875,462.5187516999431,58.999394999817014,58.99943399988115,462.5284555000253,462.5344283999875,462.5344283999875,463.53507329989225,463.53507329989225,463.5186336999759,stimuli/box_coin_transparent.png,59.999257599934936,59.99928929982707,463.5187099999748,463.53507329989225,465.0507226996124,465.0339090996422,61.51453689998016,0.6300850999541581,None,,,,,,,,,,,,,,,,55555,right,no,None,2025-05-15_11h34.03.973,RL_out-of-scanner,2024.2.4,59.42572172362194,2025-05-15 11h34.18.394943 -0500,
12,0,12,space,17.463269299827516,None,5,4.836113899946213,None,61.51673599984497,k,None,61.86559739988297,61.865882999729365,62.86569119989872,62.865729599725455,63.866155799943954,63.86619279999286,66.8654593997635,0.3208260000683367,None,,,,,,,1,0,1,0,12,0,12,0,465.0507226996124,,,,,,,,,,,,,,,,,,,,,,,,,,,,,,61.51673599984497,465.03617309965193,465.0507226996124,465.0507226996124,465.0507226996124,465.0507226996124,465.38493419997394,k,right,0,13,6,3,35,6,None,61.86559739988297,61.865882999729365,465.3853066000156,465.40072759985924,465.40072759985924,466.40184489963576,466.40184489963576,466.3850510995835,62.86569119989872,62.865729599725455,466.3932586996816,466.40184489963576,466.40184489963576,467.4008945999667,467.4008945999667,467.3855262999423,stimuli/box_empty_transparent.png,63.866155799943954,63.86619279999286,467.38561999984086,467.4008945999667,470.40145399980247,470.3848390998319,66.8654593997635,0.3208260000683367,None,,,,,,,,,,,,,,,,55555,right,no,None,2025-05-15_11h34.03.973,RL_out-of-scanner,2024.2.4,59.42572172362194,2025-05-15 11h34.18.394943 -0500,
13,0,13,space,17.463269299827516,None,5,4.836113899946213,None,66.86701449984685,k,None,67.4490212998353,67.449338699691,67.9483347996138,67.94837909983471,68.94911339972168,68.94914589961991,70.94875629991293,0.559260199777782,None,,,,,,,1,0,1,0,13,0,13,0,470.40145399980247,,,,,,,,,,,,,,,,,,,,,,,,,,,,,,66.86701449984685,470.386438800022,470.40145399980247,470.40145399980247,470.40145399980247,470.40145399980247,470.968338099774,k,right,0,13,6,3,36,6,None,67.4490212998353,67.449338699691,470.9687672997825,470.9838993996382,470.9838993996382,471.4845924996771,471.4845924996771,471.46768929995596,67.9483347996138,67.94837909983471,471.47682779980823,471.4845924996771,471.4845924996771,,,472.4684870997444,stimuli/box_empty_transparent.png,68.94911339972168,68.94914589961991,472.468568299897,472.4850229998119,474.4846242996864,474.46813579974696,70.94875629991293,0.559260199777782,None,,,,,,,,,,,,,,,,55555,right,no,None,2025-05-15_11h34.03.973,RL_out-of-scanner,2024.2.4,59.42572172362194,2025-05-15 11h34.18.394943 -0500,
14,0,14,space,17.463269299827516,None,5,4.836113899946213,None,70.95025220001116,j,None,71.84971479978412,71.85010819975287,73.36477969959378,73.36481729988009,74.36514139967039,74.36518079973757,75.36509720003232,0.877959799952805,None,,,,,,,1,0,1,0,14,0,14,0,474.4846242996864,,,,,,,,,,,,,,,,,,,,,,,,,,,,,,70.95025220001116,474.4696763996035,474.4846242996864,474.4846242996864,474.4846242996864,474.4846242996864,475.36901709996164,j,right,0,13,6,3,36,6,None,71.84971479978412,71.85010819975287,475.3695381996222,475.38482179958373,475.38482179958373,476.90096460003406,476.90096460003406,476.88413869962096,73.36477969959378,73.36481729988009,476.892405399587,476.90096460003406,476.90096460003406,,,477.88450419995934,stimuli/box_empty_transparent.png,74.36514139967039,74.36518079973757,477.8846045997925,477.90065629966557,478.9016019999981,478.8844765997492,75.36509720003232,0.877959799952805,None,,,,,,,,,,,,,,,,55555,right,no,None,2025-05-15_11h34.03.973,RL_out-of-scanner,2024.2.4,59.42572172362194,2025-05-15 11h34.18.394943 -0500,
15,0,15,space,17.463269299827516,None,5,4.836113899946213,None,75.36654579965398,k,None,75.7335818996653,75.73387419991195,76.7320121997036,76.73205709969625,77.73248489992693,77.73251619981602,79.73238259973004,0.3479941003024578,None,,,,,,,1,0,1,0,15,0,15,0,478.9016019999981,,,,,,,,,,,,,,,,,,,,,,,,,,,,,,75.36654579965398,478.88596979994327,478.9016019999981,478.9016019999981,478.9016019999981,478.9016019999981,479.25289129978046,k,right,1,13,7,3,37,7,None,75.7335818996653,75.73387419991195,479.25329629983753,479.2678558998741,479.2678558998741,480.2675456996076,480.2675456996076,480.25136409979314,76.7320121997036,76.73205709969625,480.26151939993724,480.2675456996076,480.2675456996076,481.267392499838,481.267392499838,481.25185979995877,stimuli/box_coin_transparent.png,77.73248489992693,77.73251619981602,481.25193559983745,481.267392499838,483.26747749978676,483.25176119990647,79.73238259973004,0.3479941003024578,None,,,,,,,,,,,,,,,,55555,right,no,None,2025-05-15_11h34.03.973,RL_out-of-scanner,2024.2.4,59.42572172362194,2025-05-15 11h34.18.394943 -0500,
16,0,16,space,17.463269299827516,None,5,4.836113899946213,None,79.73381510004401,k,None,80.1832552999258,80.18357229977846,82.18235530005768,82.18239369988441,83.18287289980799,83.18290419969708,84.18177799973637,0.41900220001116395,None,,,,,,,1,0,1,0,16,0,16,0,483.26747749978676,,,,,,,,,,,,,,,,,,,,,,,,,,,,,,79.73381510004401,483.2532385997474,483.26747749978676,483.26747749978676,483.26747749978676,483.26747749978676,483.7025725999847,k,right,1,13,8,3,38,8,None,80.1832552999258,80.18357229977846,483.7030003997497,483.71798549965024,483.71798549965024,485.71723579987884,485.71723579987884,485.70170929981396,82.18235530005768,82.18239369988441,485.7115002996288,485.71723579987884,485.71723579987884,486.7176489997655,486.7176489997655,486.702249399852,stimuli/box_coin_transparent.png,83.18287289980799,83.18290419969708,486.7023242996074,486.7176489997655,487.7172852996737,487.7011543000117,84.18177799973637,0.41900220001116395,None,,,,,,,,,,,,,,,,55555,right,no,None,2025-05-15_11h34.03.973,RL_out-of-scanner,2024.2.4,59.42572172362194,2025-05-15 11h34.18.394943 -0500,
17,0,17,space,17.463269299827516,None,5,4.836113899946213,None,84.18324549961835,k,None,84.53162729972973,84.53187019983307,85.53199309995398,85.53202979965135,86.53222989989445,86.53228489961475,87.53159889997914,0.3171354001387954,None,,,,,,,1,0,1,0,17,0,17,0,487.7172852996737,,,,,,,,,,,,,,,,,,,,,,,,,,,,,,84.18324549961835,487.7026690999046,487.7172852996737,487.7172852996737,487.7172852996737,487.7172852996737,488.0509539996274,k,right,1,13,9,3,39,9,None,84.53162729972973,84.53187019983307,488.05129149975255,488.06667199963704,488.06667199963704,489.06695219967514,489.06695219967514,489.0513495998457,85.53199309995398,85.53202979965135,489.06157799996436,489.06695219967514,489.06695219967514,,,490.0515974997543,stimuli/box_coin_transparent.png,86.53222989989445,86.53228489961475,490.05171559983864,490.06720699975267,491.0675048995763,491.0509774996899,87.53159889997914,0.3171354001387954,None,,,,,,,,,,,,,,,,55555,right,no,None,2025-05-15_11h34.03.973,RL_out-of-scanner,2024.2.4,59.42572172362194,2025-05-15 11h34.18.394943 -0500,
18,0,18,space,17.463269299827516,None,5,4.836113899946213,None,87.5330725996755,k,None,87.91603459976614,87.91629769979045,91.43143659969792,91.43147439975291,92.43174789985642,92.4317797999829,94.43168529961258,0.3636136995628476,None,,,,,,,1,0,1,0,18,0,18,0,491.0675048995763,,,,,,,,,,,,,,,,,,,,,,,,,,,,,,87.5330725996755,491.0524960998446,491.0675048995763,491.0675048995763,491.0675048995763,491.0675048995763,491.4353697998449,k,right,0,13,9,3,40,9,None,87.91603459976614,87.91629769979045,491.435719399713,491.4532286999747,491.4532286999747,494.9677357999608,494.9677357999608,494.9507903996855,91.43143659969792,91.43147439975291,494.95892509957775,494.9677357999608,494.9677357999608,495.96624649968,495.96624649968,495.9511247999035,stimuli/box_empty_transparent.png,92.43174789985642,92.4317797999829,495.9512004000135,495.96624649968,497.96688580000773,497.95106039987877,94.43168529961258,0.3636136995628476,None,,,,,,,,,,,,,,,,55555,right,no,None,2025-05-15_11h34.03.973,RL_out-of-scanner,2024.2.4,59.42572172362194,2025-05-15 11h34.18.394943 -0500,
19,0,19,space,17.463269299827516,None,5,4.836113899946213,None,94.43321920000017,k,None,95.0992656997405,95.09952689986676,96.1140839997679,96.11412709997967,97.11510990001261,97.11516099981964,98.61420689988881,0.6492308997549117,None,,,,,,,1,0,1,0,19,0,19,0,497.96688580000773,,,,,,,,,,,,,,,,,,,,,,,,,,,,,,94.43321920000017,497.9526433995925,497.96688580000773,497.96688580000773,497.96688580000773,497.96688580000773,498.61859989957884,k,right,1,13,10,3,41,10,None,95.0992656997405,95.09952689986676,498.6189484000206,498.6341989999637,498.6341989999637,499.65036659967154,499.65036659967154,499.6334375999868,96.1140839997679,96.11412709997967,499.6446297997609,499.65036659967154,499.65036659967154,,,500.634464699775,stimuli/box_coin_transparent.png,97.11510990001261,97.11516099981964,500.634607499931,500.6498521999456,502.1509376997128,502.13358559971675,98.61420689988881,0.6492308997549117,None,,,,,,,,,,,,,,,,55555,right,no,None,2025-05-15_11h34.03.973,RL_out-of-scanner,2024.2.4,59.42572172362194,2025-05-15 11h34.18.394943 -0500,
20,0,20,space,17.463269299827516,None,5,4.836113899946213,None,98.61572169978172,k,None,98.99904999975115,98.99932559998706,100.99876490002498,100.9988027997315,101.9972002999857,101.99723029974848,103.99767589988187,0.3624660996720195,None,,,,,,,1,0,1,0,20,0,20,0,502.1509376997128,,,,,,,,,,,,,,,,,,,,,,,,,,,,,,98.61572169978172,502.13514569960535,502.1509376997128,502.1509376997128,502.1509376997128,502.1509376997128,502.5183823998086,k,right,0,13,10,3,42,10,None,98.99904999975115,98.99932559998706,502.5187482996844,502.53404409997165,502.53404409997165,504.5331466998905,504.5331466998905,504.51812269957736,100.99876490002498,100.9988027997315,504.5263031995855,504.5331466998905,504.5331466998905,505.5322322999127,505.5322322999127,505.51657829992473,stimuli/box_empty_transparent.png,101.9972002999857,101.99723029974848,505.5166491996497,505.5322322999127,507.5335152996704,507.5170548995957,103.99767589988187,0.3624660996720195,None,,,,,,,,,,,,,,,,55555,right,no,None,2025-05-15_11h34.03.973,RL_out-of-scanner,2024.2.4,59.42572172362194,2025-05-15 11h34.18.394943 -0500,
21,0,21,space,17.463269299827516,None,5,4.836113899946213,None,103.99913669982925,k,None,104.53234189981595,104.53260649973527,107.5305450996384,107.53058909997344,108.5310780997388,108.53111049998552,110.03118239995092,0.5088102999143302,None,,,,,,,1,0,1,0,21,0,21,0,507.5335152996704,,,,,,,,,,,,,,,,,,,,,,,,,,,,,,103.99913669982925,507.51856029964983,507.5335152996704,507.5335152996704,507.5335152996704,507.5335152996704,508.0516758998856,k,right,1,13,11,3,43,11,None,104.53234189981595,104.53260649973527,508.0520274997689,508.0662948000245,508.0662948000245,511.0664963996969,511.0664963996969,511.0498978998512,107.5305450996384,107.53058909997344,511.0610882998444,511.0664963996969,511.0664963996969,,,512.0504517997615,stimuli/box_coin_transparent.png,108.5310780997388,108.53111049998552,512.0505339000374,512.0661973999813,513.5668450999074,513.5505606997758,110.03118239995092,0.5088102999143302,None,,,,,,,,,,,,,,,,55555,right,no,None,2025-05-15_11h34.03.973,RL_out-of-scanner,2024.2.4,59.42572172362194,2025-05-15 11h34.18.394943 -0500,
22,0,22,space,17.463269299827516,None,5,4.836113899946213,None,110.03267879970372,k,None,110.51582469977438,110.51614099973813,112.01441469974816,112.01445230003446,113.01355469971895,113.01359569979832,115.01429879991338,0.46239929972216487,None,,,,,,,1,0,1,0,22,0,22,0,513.5668450999074,,,,,,,,,,,,,,,,,,,,,,,,,,,,,,110.03267879970372,513.55210239999,513.5668450999074,513.5668450999074,513.5668450999074,513.5668450999074,514.0351416999474,k,right,1,13,12,3,44,12,None,110.51582469977438,110.51614099973813,514.0355685995892,514.0504740998149,514.0504740998149,515.5495131998323,515.5495131998323,515.5337739000097,112.01441469974816,112.01445230003446,515.5435445997864,515.5495131998323,515.5495131998323,516.5486504998989,516.5486504998989,516.5329236998223,stimuli/box_coin_transparent.png,113.01355469971895,113.01359569979832,516.5330285998061,516.5486504998989,518.5497662997805,518.5336780999787,115.01429879991338,0.46239929972216487,None,,,,,,,,,,,,,,,,55555,right,no,None,2025-05-15_11h34.03.973,RL_out-of-scanner,2024.2.4,59.42572172362194,2025-05-15 11h34.18.394943 -0500,
23,0,23,space,17.463269299827516,None,5,4.836113899946213,None,115.01580279972404,k,None,115.33169370004907,115.3319589998573,116.8316062996164,116.83165069995448,117.83082060003653,117.83085179980844,119.33087249984965,0.2988076996989548,None,,,,,,,1,0,1,0,23,0,23,0,518.5497662997805,,,,,,,,,,,,,,,,,,,,,,,,,,,,,,115.01580279972404,518.5352272996679,518.5497662997805,518.5497662997805,518.5497662997805,518.5497662997805,518.8510285997763,k,right,1,13,13,3,45,13,None,115.33169370004907,115.3319589998573,518.851380799897,518.8671718998812,518.8671718998812,520.3666894999333,520.3666894999333,520.3509594998322,116.8316062996164,116.83165069995448,520.3615969996899,520.3666894999333,520.3666894999333,521.3658810998313,521.3658810998313,521.3501959997229,stimuli/box_coin_transparent.png,117.83082060003653,117.83085179980844,521.3502721996047,521.3658810998313,522.8659214000218,522.8502467996441,119.33087249984965,0.2988076996989548,None,,,,,,,,,,,,,,,,55555,right,no,None,2025-05-15_11h34.03.973,RL_out-of-scanner,2024.2.4,59.42572172362194,2025-05-15 11h34.18.394943 -0500,
24,0,24,space,17.463269299827516,None,5,4.836113899946213,None,119.33292849967256,k,None,119.66475909994915,119.66506919963285,121.66335069993511,121.66338689997792,122.66465439973399,122.66468749986961,124.16295599984005,0.3099560998380184,None,,,,,,,1,0,1,0,24,0,24,0,522.8659214000218,,,,,,,,,,,,,,,,,,,,,,,,,,,,,,119.33292849967256,522.8523631999269,522.8659214000218,522.8659214000218,522.8659214000218,522.8659214000218,523.1840745997615,k,left,1,15,0,4,45,13,None,119.66475909994915,119.66506919963285,523.1844978998415,523.1992028998211,523.1992028998211,525.199248299934,525.199248299934,525.1827082997188,121.66335069993511,121.66338689997792,525.1913251997903,525.199248299934,525.199248299934,,,526.184029399883,stimuli/box_empty_transparent.png,122.66465439973399,122.66468749986961,526.1841086000204,526.1989833000116,527.6990604000166,527.6823358996771,124.16295599984005,0.3099560998380184,None,,,,,,,,,,,,,,,,55555,right,no,None,2025-05-15_11h34.03.973,RL_out-of-scanner,2024.2.4,59.42572172362194,2025-05-15 11h34.18.394943 -0500,
25,0,25,space,17.463269299827516,None,5,4.836113899946213,None,124.16451200004667,k,None,124.64743469981477,124.64782779989764,125.64743949985132,125.64748679986224,126.64717389969155,126.64721470000222,130.14598000003025,0.45461879996582866,None,,,,,,,1,0,1,0,25,0,25,0,527.6990604000166,,,,,,,,,,,,,,,,,,,,,,,,,,,,,,124.16451200004667,527.6839372999966,527.6990604000166,527.6990604000166,527.6990604000166,527.6990604000166,528.1667063999921,k,left,1,15,0,4,45,13,None,124.64743469981477,124.64782779989764,528.1672647995874,528.1827585999854,528.1827585999854,529.1827290998772,529.1827290998772,529.1667595999315,125.64743949985132,125.64748679986224,529.1757323998027,529.1827290998772,529.1827290998772,530.181803399697,530.181803399697,530.1665450995788,stimuli/box_empty_transparent.png,126.64717389969155,126.64721470000222,530.1666523995809,530.181803399697,533.6823703995906,533.6653514998034,130.14598000003025,0.45461879996582866,None,,,,,,,,,,,,,,,,55555,right,no,None,2025-05-15_11h34.03.973,RL_out-of-scanner,2024.2.4,59.42572172362194,2025-05-15 11h34.18.394943 -0500,
26,0,26,space,17.463269299827516,None,5,4.836113899946213,None,130.14819169975817,k,None,131.31445159995928,131.3147577997297,131.8144405996427,131.8144788998179,132.81433229986578,132.81436299998313,136.32916189962998,1.1463369000703096,None,,,,,,,1,0,1,0,26,0,26,0,533.6823703995906,,,,,,,,,,,,,,,,,,,,,,,,,,,,,,130.14819169975817,533.6676292000338,533.6823703995906,533.6823703995906,533.6823703995906,533.6823703995906,534.8337753997184,k,left,1,15,0,4,45,13,None,131.31445159995928,131.3147577997297,534.8341848999262,534.8494658996351,534.8494658996351,535.3489581998438,535.3489581998438,535.3337954999879,131.8144405996427,131.8144788998179,535.342226000037,535.3489581998438,535.3489581998438,536.3490628995933,536.3490628995933,536.3337095999159,stimuli/box_empty_transparent.png,132.81433229986578,132.81436299998313,536.3337828996591,536.3490628995933,539.8651513997465,539.848537999671,136.32916189962998,1.1463369000703096,None,,,,,,,,,,,,,,,,55555,right,no,None,2025-05-15_11h34.03.973,RL_out-of-scanner,2024.2.4,59.42572172362194,2025-05-15 11h34.18.394943 -0500,
27,0,27,space,17.463269299827516,None,5,4.836113899946213,None,136.3309129998088,k,None,136.74793630000204,136.74820199981332,138.24768369970843,138.24772589979693,139.2466139998287,139.24664479959756,140.26230919966474,0.3859067000448704,None,,,,,,,1,0,1,0,27,0,27,0,539.8651513997465,,,,,,,,,,,,,,,,,,,,,,,,,,,,,,136.3309129998088,539.8503446998075,539.8651513997465,539.8651513997465,539.8651513997465,539.8651513997465,540.2672701999545,k,left,1,15,0,4,45,13,None,136.74793630000204,136.74820199981332,540.2676297998987,540.2827194998972,540.2827194998972,541.7823166996241,541.7823166996241,541.7670338000171,138.24768369970843,138.24772589979693,541.7752234996296,541.7823166996241,541.7823166996241,542.7826890996657,542.7826890996657,542.7659912998788,stimuli/box_empty_transparent.png,139.2466139998287,139.24664479959756,542.7660629996099,542.7826890996657,543.7984817996621,543.7816873998381,140.26230919966474,0.3859067000448704,None,,,,,,,,,,,,,,,,55555,right,no,None,2025-05-15_11h34.03.973,RL_out-of-scanner,2024.2.4,59.42572172362194,2025-05-15 11h34.18.394943 -0500,
28,0,28,space,17.463269299827516,None,5,4.836113899946213,None,140.26409669965506,None,None,141.76278560003266,141.76287019997835,142.76417319988832,142.76420879969373,143.76389599964023,143.76393059967086,147.26205629995093,,,,,,,,,1,0,1,0,28,0,28,0,543.7984817996621,,,,,,,,,,,,,,,,,,,,,,,,,,,,,,140.26409669965506,543.7835284997709,543.7984817996621,543.7984817996621,543.7984817996621,543.7984817996621,545.2821121998131,None,left,1,15,0,4,45,13,None,141.76278560003266,141.76287019997835,545.282302599866,545.2983244997449,545.2983244997449,546.2986973999068,546.2986973999068,546.2835284997709,142.76417319988832,142.76420879969373,546.2920664995909,546.2986973999068,546.2986973999068,547.2986285998486,547.2986285998486,547.2832684996538,no selection made,143.76389599964023,143.76393059967086,547.2833485999145,547.2986285998486,550.7988922996446,550.7814285997301,147.26205629995093,,,,,545.2983244997449,545.2983244997449,545.2983244997449,545.2983244997449,,,,,,,,,,55555,right,no,None,2025-05-15_11h34.03.973,RL_out-of-scanner,2024.2.4,59.42572172362194,2025-05-15 11h34.18.394943 -0500,
29,0,29,space,17.463269299827516,None,5,4.836113899946213,None,147.26462289970368,k,None,147.57988259987906,147.58025459991768,149.58091829996556,149.58095539966598,150.58050169982016,150.5805331999436,151.57952619995922,0.2892024000175297,None,,,,,,,1,0,1,0,29,0,29,0,550.7988922996446,,,,,,,,,,,,,,,,,,,,,,,,,,,,,,147.26462289970368,550.7840591999702,550.7988922996446,550.7988922996446,550.7988922996446,550.7988922996446,551.0991870998405,k,left,1,15,0,4,45,13,None,147.57988259987906,147.58025459991768,551.0996975000016,551.1147932996973,551.1147932996973,553.1152144996449,553.1152144996449,553.1002747998573,149.58091829996556,149.58095539966598,553.1094366996549,553.1152144996449,553.1152144996449,554.1148985000327,554.1148985000327,554.0998793998733,stimuli/box_empty_transparent.png,150.58050169982016,150.5805331999436,554.0999514996074,554.1148985000327,555.1159753999673,555.0989044997841,151.57952619995922,0.2892024000175297,None,,,,,,,,,,,,,,,,55555,right,no,None,2025-05-15_11h34.03.973,RL_out-of-scanner,2024.2.4,59.42572172362194,2025-05-15 11h34.18.394943 -0500,
30,0,30,space,17.463269299827516,None,5,4.836113899946213,None,151.5810611997731,j,None,152.04718859959394,152.04756490001455,153.04572249995545,153.04577109962702,154.0470197997056,154.04705629963428,155.0464391000569,0.438593199942261,None,,,,,,,1,0,1,0,30,0,30,0,555.1159753999673,,,,,,,,,,,,,,,,,,,,,,,,,,,,,,151.5810611997731,555.1004852997139,555.1159753999673,555.1159753999673,555.1159753999673,555.1159753999673,555.5665090996772,j,left,1,15,1,4,46,14,None,152.04718859959394,152.04756490001455,555.566988799721,555.5822407999076,555.5822407999076,556.5831875996664,556.5831875996664,556.5650653997436,153.04572249995545,153.04577109962702,556.5778223997913,556.5831875996664,556.5831875996664,,,557.5663922997192,stimuli/box_coin_transparent.png,154.0470197997056,154.04705629963428,557.5664831995964,557.5815088995732,558.5817827000283,558.5658185998909,155.0464391000569,0.438593199942261,None,,,,,,,,,,,,,,,,55555,right,no,None,2025-05-15_11h34.03.973,RL_out-of-scanner,2024.2.4,59.42572172362194,2025-05-15 11h34.18.394943 -0500,
31,0,31,space,17.463269299827516,None,5,4.836113899946213,None,155.04792479984462,k,None,155.49742179969326,155.49773840000853,158.51229320000857,158.5123441000469,159.51297639962286,159.51300839986652,162.01315819984302,0.4271271997131407,None,,,,,,,1,0,1,0,31,0,31,0,558.5817827000283,,,,,,,,,,,,,,,,,,,,,,,,,,,,,,155.04792479984462,558.5673488997854,558.5817827000283,558.5817827000283,558.5817827000283,558.5817827000283,559.0167362997308,k,left,1,15,1,4,46,14,None,155.49742179969326,155.49773840000853,559.0171663998626,559.0322015997954,559.0322015997954,562.0484407995827,562.0484407995827,562.031635100022,158.51229320000857,158.5123441000469,562.0421369997784,562.0484407995827,562.0484407995827,,,563.0323504996486,stimuli/box_empty_transparent.png,159.51297639962286,159.51300839986652,563.0324303000234,563.0480433995835,565.548604699783,565.5325392000377,162.01315819984302,0.4271271997131407,None,,,,,,,,,,,,,,,,55555,right,no,None,2025-05-15_11h34.03.973,RL_out-of-scanner,2024.2.4,59.42572172362194,2025-05-15 11h34.18.394943 -0500,
32,0,32,space,17.463269299827516,None,5,4.836113899946213,None,162.0146820996888,k,None,162.29688719986007,162.2972078998573,163.2964405999519,163.29647949989885,164.3118455996737,164.3118875999935,165.3125860998407,0.26199600007385015,None,,,,,,,1,0,1,0,32,0,32,0,565.548604699783,,,,,,,,,,,,,,,,,,,,,,,,,,,,,,162.0146820996888,565.5341059998609,565.548604699783,565.548604699783,565.548604699783,565.548604699783,565.8162201996893,k,left,1,15,1,4,46,14,None,162.29688719986007,162.2972078998573,565.8166312999092,565.8322157999501,565.8322157999501,566.8323438996449,566.8323438996449,566.8157968996093,163.2964405999519,163.29647949989885,566.8242220999673,566.8323438996449,566.8323438996449,,,567.8312120996416,stimuli/box_empty_transparent.png,164.3118455996737,164.3118875999935,567.8313201996498,567.8470566999167,568.8491970999166,568.8319651000202,165.3125860998407,0.26199600007385015,None,,,,,,,,,,,,,,,,55555,right,no,None,2025-05-15_11h34.03.973,RL_out-of-scanner,2024.2.4,59.42572172362194,2025-05-15 11h34.18.394943 -0500,
33,0,33,space,17.463269299827516,None,5,4.836113899946213,None,165.31413999991491,k,None,165.81353679997846,165.81381069961935,167.8134608999826,167.81350529985502,168.81281499983743,168.81284829974174,170.32799939997494,0.47988370014354587,None,,,,,,,1,0,1,0,33,0,33,0,568.8491970999166,,,,,,,,,,,,,,,,,,,,,,,,,,,,,,165.31413999991491,568.8335637999699,568.8491970999166,568.8491970999166,568.8491970999166,568.8491970999166,569.3328430997208,k,left,1,15,1,4,46,14,None,165.81353679997846,165.81381069961935,569.3332320000045,569.3490609996952,569.3490609996952,571.3476883997209,571.3476883997209,571.3328125998378,167.8134608999826,167.81350529985502,571.3423053999431,571.3476883997209,571.3476883997209,572.3503444995731,572.3503444995731,572.3321909997612,stimuli/box_empty_transparent.png,168.81281499983743,168.81284829974174,572.3322680997662,572.3503444995731,573.8641066998243,573.8473787996918,170.32799939997494,0.47988370014354587,None,,,,,,,,,,,,,,,,55555,right,no,None,2025-05-15_11h34.03.973,RL_out-of-scanner,2024.2.4,59.42572172362194,2025-05-15 11h34.18.394943 -0500,
34,0,34,space,17.463269299827516,None,5,4.836113899946213,None,170.32950179977342,k,None,170.81379059981555,170.81405299995095,173.81259289989248,173.81263479962945,174.81305459979922,174.8130864999257,177.3135625999421,0.45145799964666367,None,,,,,,,1,0,1,0,34,0,34,0,573.8641066998243,,,,,,,,,,,,,,,,,,,,,,,,,,,,,,170.32950179977342,573.8489265996031,573.8641066998243,573.8641066998243,573.8641066998243,573.8641066998243,574.3331268997863,k,left,1,15,1,4,46,14,None,170.81379059981555,170.81405299995095,574.3334745997563,574.3487418997101,574.3487418997101,577.3489450998604,577.3489450998604,577.3319422998466,173.81259289989248,173.81263479962945,577.340117499698,577.3489450998604,577.3489450998604,578.3478604997508,578.3478604997508,578.3324291999452,stimuli/box_empty_transparent.png,174.81305459979922,174.8130864999257,578.3325071996078,578.3478604997508,580.8477973998524,580.8329379996285,177.3135625999421,0.45145799964666367,None,,,,,,,,,,,,,,,,55555,right,no,None,2025-05-15_11h34.03.973,RL_out-of-scanner,2024.2.4,59.42572172362194,2025-05-15 11h34.18.394943 -0500,
35,0,35,space,17.463269299827516,None,5,4.836113899946213,None,177.31512329960242,k,None,178.06388659961522,178.06415720004588,179.56264939997345,179.562706399709,180.56259479979053,180.56263009971008,181.57770079979673,0.7182733002118766,None,,,,,,,1,0,1,0,35,0,35,0,580.8477973998524,,,,,,,,,,,,,,,,,,,,,,,,,,,,,,177.31512329960242,580.8345467997715,580.8477973998524,580.8477973998524,580.8477973998524,580.8477973998524,581.5832216995768,k,left,1,15,1,4,46,14,None,178.06388659961522,178.06415720004588,581.5835788999684,581.5984562998638,581.5984562998638,583.0974909998477,583.0974909998477,583.0819790996611,179.56264939997345,179.562706399709,583.0903374999762,583.0974909998477,583.0974909998477,584.097694600001,584.097694600001,584.0819549998268,stimuli/box_empty_transparent.png,180.56259479979053,180.56263009971008,584.0820555998944,584.097694600001,585.1138283996843,585.0970720998012,181.57770079979673,0.7182733002118766,None,,,,,,,,,,,,,,,,55555,right,no,None,2025-05-15_11h34.03.973,RL_out-of-scanner,2024.2.4,59.42572172362194,2025-05-15 11h34.18.394943 -0500,
36,0,36,space,17.463269299827516,None,5,4.836113899946213,None,181.57989909965545,j,None,182.26264359988272,182.26298059988767,183.76260099979118,183.76264419965446,184.76228549983352,184.76231789961457,188.26226089987904,0.6531411996111274,None,,,,,,,1,0,1,0,36,0,36,0,585.1138283996843,,,,,,,,,,,,,,,,,,,,,,,,,,,,,,181.57989909965545,585.099336499814,585.1138283996843,585.1138283996843,585.1138283996843,585.1138283996843,585.7819767999463,j,left,1,15,2,4,47,15,None,182.26264359988272,182.26298059988767,585.7824039999396,585.7974553997628,585.7974553997628,587.297588699963,587.297588699963,587.28194839973,183.76260099979118,183.76264419965446,587.2918666996993,587.297588699963,587.297588699963,588.2970202998258,588.2970202998258,588.2816613996401,stimuli/box_coin_transparent.png,184.76228549983352,184.76231789961457,588.281737699639,588.2970202998258,591.7977248998359,591.781639599707,188.26226089987904,0.6531411996111274,None,,,,,,,,,,,,,,,,55555,right,no,None,2025-05-15_11h34.03.973,RL_out-of-scanner,2024.2.4,59.42572172362194,2025-05-15 11h34.18.394943 -0500,
37,0,37,space,17.463269299827516,None,5,4.836113899946213,None,188.26377710001543,j,None,188.58015399985015,188.58054699981585,190.5788175999187,190.57885639974847,191.579217299819,191.5792549997568,192.59395839972422,0.2914542998187244,None,,,,,,,1,0,1,0,37,0,37,0,591.7977248998359,,,,,,,,,,,,,,,,,,,,,,,,,,,,,,188.26377710001543,591.7832012996078,591.7977248998359,591.7977248998359,591.7977248998359,591.7977248998359,592.0994724999182,j,left,1,15,3,4,48,16,None,188.58015399985015,188.58054699981585,592.0999754997902,592.1141478000209,592.1141478000209,594.113937499933,594.113937499933,594.0981746995822,190.5788175999187,190.57885639974847,594.1079348996282,594.113937499933,594.113937499933,595.1140354997478,595.1140354997478,595.0985753997229,stimuli/box_coin_transparent.png,191.579217299819,191.5792549997568,595.098682299722,595.1140354997478,596.1301576998085,596.1133356997743,192.59395839972422,0.2914542998187244,None,,,,,,,,,,,,,,,,55555,right,no,None,2025-05-15_11h34.03.973,RL_out-of-scanner,2024.2.4,59.42572172362194,2025-05-15 11h34.18.394943 -0500,
38,0,38,space,17.463269299827516,None,5,4.836113899946213,None,192.59571949997917,j,None,193.2618296998553,193.2621683999896,194.26493559964,194.2650037999265,195.27818709984422,195.27822019997984,196.7784993997775,0.6467073000967503,None,,,,,,,1,0,1,0,38,0,38,0,596.1301576998085,,,,,,,,,,,,,,,,,,,,,,,,,,,,,,192.59571949997917,596.1151508996263,596.1301576998085,596.1301576998085,596.1301576998085,596.1301576998085,596.7811463996768,j,left,0,15,3,4,49,16,None,193.2618296998553,193.2621683999896,596.7815974997357,596.7966984999366,596.7966984999366,597.7992284996435,597.7992284996435,597.7842743997462,194.26493559964,194.2650037999265,597.7937292000279,597.7992284996435,597.7992284996435,,,598.7975614997558,stimuli/box_empty_transparent.png,195.27818709984422,195.27822019997984,598.7976433997974,598.8132489998825,600.3140308000147,600.297878399957,196.7784993997775,0.6467073000967503,None,,,,,,,,,,,,,,,,55555,right,no,None,2025-05-15_11h34.03.973,RL_out-of-scanner,2024.2.4,59.42572172362194,2025-05-15 11h34.18.394943 -0500,
39,0,39,space,17.463269299827516,None,5,4.836113899946213,None,196.78000419959426,j,None,197.24634399963543,197.2467644000426,198.24441089993343,198.24445439968258,199.24507199972868,199.24510549986735,200.2451326996088,0.4437396000139415,None,,,,,,,1,0,1,0,39,0,39,0,600.3140308000147,,,,,,,,,,,,,,,,,,,,,,,,,,,,,,196.78000419959426,600.2994283000007,600.3140308000147,600.3140308000147,600.3140308000147,600.3140308000147,600.7656759996898,j,left,1,15,4,4,50,17,None,197.24634399963543,197.2467644000426,600.76619330002,600.7804928999394,600.7804928999394,601.7820709999651,601.7820709999651,601.7637592996471,198.24441089993343,198.24445439968258,601.7767661996186,601.7820709999651,601.7820709999651,,,602.7644469998777,stimuli/box_coin_transparent.png,199.24507199972868,199.24510549986735,602.764528399799,602.7802248997614,603.7811749000102,603.7645099996589,200.2451326996088,0.4437396000139415,None,,,,,,,,,,,,,,,,55555,right,no,None,2025-05-15_11h34.03.973,RL_out-of-scanner,2024.2.4,59.42572172362194,2025-05-15 11h34.18.394943 -0500,
40,0,40,space,17.463269299827516,None,5,4.836113899946213,None,200.2469417997636,j,['k'],201.1297222999856,201.13005119981244,202.62946960004047,202.62950519984588,203.62897069985047,203.6290075997822,204.62692089984193,0.8544075000099838,None,[0.3994521996937692],[0.09525170037522912],,,,,1,0,1,0,40,0,40,0,603.7811749000102,,,,,,,,,,,,,,,,,,,,,,,,,,,,,,200.2469417997636,603.7663717996329,603.7811749000102,603.7811749000102,603.7811749000102,603.7811749000102,604.6490239999257,j,left,1,15,5,4,51,18,['k'],201.1297222999856,201.13005119981244,604.6494738999754,604.6641023997217,604.6641023997217,606.1641338998452,606.1641338998452,606.1488261995837,202.62946960004047,202.62950519984588,606.1588631998748,606.1641338998452,606.1641338998452,607.1635507997125,607.1635507997125,607.1483405996114,stimuli/box_coin_transparent.png,203.62897069985047,203.6290075997822,607.1484292997047,607.1635507997125,608.1633780999109,608.146297399886,204.62692089984193,0.8544075000099838,None,[0.3994521996937692],[0.09525170037522912],,,,,,,,,,,,,,55555,right,no,None,2025-05-15_11h34.03.973,RL_out-of-scanner,2024.2.4,59.42572172362194,2025-05-15 11h34.18.394943 -0500,
41,0,41,space,17.463269299827516,None,5,4.836113899946213,None,204.62866010004655,j,None,205.79709259979427,205.79743909975514,206.79600550001487,206.79604819975793,207.79517669975758,207.79521219991148,210.7944793999195,1.149286599829793,None,,,,,,,1,0,1,0,41,0,41,0,608.1633780999109,,,,,,,,,,,,,,,,,,,,,,,,,,,,,,204.62866010004655,608.1480915998109,608.1633780999109,608.1633780999109,608.1633780999109,608.1633780999109,609.316428499762,j,left,1,15,6,4,52,19,None,205.79709259979427,205.79743909975514,609.316863599699,609.3306724997237,609.3306724997237,610.331022599712,610.331022599712,610.3153565996327,206.79600550001487,206.79604819975793,610.325481900014,610.331022599712,610.331022599712,611.3307763999328,611.3307763999328,611.3145496998914,stimuli/box_coin_transparent.png,207.79517669975758,207.79521219991148,611.3146395999938,611.3307763999328,614.3303185999393,614.3138527995907,210.7944793999195,1.149286599829793,None,,,,,,,,,,,,,,,,55555,right,no,None,2025-05-15_11h34.03.973,RL_out-of-scanner,2024.2.4,59.42572172362194,2025-05-15 11h34.18.394943 -0500,
42,0,42,space,17.463269299827516,None,5,4.836113899946213,None,210.79660329967737,k,None,211.0792254996486,211.07953900005668,213.0783223998733,213.07836019992828,214.07843620004132,214.07847409974784,217.5776891000569,0.25477479957044125,None,,,,,,,1,0,1,0,42,0,42,0,614.3303185999393,,,,,,,,,,,,,,,,,,,,,,,,,,,,,,210.79660329967737,614.3160401997156,614.3303185999393,614.3303185999393,614.3303185999393,614.3303185999393,614.5985421999358,k,left,1,15,6,4,52,19,None,211.0792254996486,211.07953900005668,614.5989664997905,614.6138324998319,614.6138324998319,616.6133237998001,616.6133237998001,616.5976772997528,213.0783223998733,213.07836019992828,616.6066022999585,616.6133237998001,616.6133237998001,617.6132996999659,617.6132996999659,617.5978092998266,stimuli/box_empty_transparent.png,214.07843620004132,214.07847409974784,617.5979014998302,617.6132996999659,621.1136990999803,621.0970653998666,217.5776891000569,0.25477479957044125,None,,,,,,,,,,,,,,,,55555,right,no,None,2025-05-15_11h34.03.973,RL_out-of-scanner,2024.2.4,59.42572172362194,2025-05-15 11h34.18.394943 -0500,
43,0,43,space,17.463269299827516,None,5,4.836113899946213,None,217.57954089995474,j,None,217.9954951996915,217.99581009987742,218.994890099857,218.99492629989982,219.99539459962398,219.99542529974133,221.99431059975177,0.3884414997883141,None,,,,,,,1,0,1,0,43,0,43,0,621.1136990999803,,,,,,,,,,,,,,,,,,,,,,,,,,,,,,217.57954089995474,621.0989713999443,621.1136990999803,621.1136990999803,621.1136990999803,621.1136990999803,621.5148295997642,j,left,0,15,6,4,53,19,None,217.9954951996915,217.99581009987742,621.515232199803,621.5303443996236,621.5303443996236,622.5306362998672,622.5306362998672,622.514247499872,218.994890099857,218.99492629989982,622.5225815996528,622.5306362998672,622.5306362998672,623.529923599679,623.529923599679,623.5147726996802,stimuli/box_empty_transparent.png,219.99539459962398,219.99542529974133,623.5148551999591,623.529923599679,625.5302226999775,625.5136853000149,221.99431059975177,0.3884414997883141,None,,,,,,,,,,,,,,,,55555,right,no,None,2025-05-15_11h34.03.973,RL_out-of-scanner,2024.2.4,59.42572172362194,2025-05-15 11h34.18.394943 -0500,
44,0,44,space,17.463269299827516,None,5,4.836113899946213,None,221.99605709966272,j,None,222.2954736999236,222.2958735995926,224.794348299969,224.79438410000876,225.79446719959378,225.79449869971722,227.79466169979423,0.2821047999896109,None,,,,,,,1,0,1,0,44,0,44,0,625.5302226999775,,,,,,,,,,,,,,,,,,,,,,,,,,,,,,221.99605709966272,625.5154877998866,625.5302226999775,625.5302226999775,625.5302226999775,625.5302226999775,625.8147883997299,j,left,1,15,7,4,54,20,None,222.2954736999236,222.2958735995926,625.8153025996871,625.8307571997866,625.8307571997866,628.3297806996852,628.3297806996852,628.3137076999992,224.794348299969,224.79438410000876,628.3235329999588,628.3297806996852,628.3297806996852,629.3305127997883,629.3305127997883,629.3138424996287,stimuli/box_coin_transparent.png,225.79446719959378,225.79449869971722,629.3139180997387,629.3305127997883,631.3301605000161,631.3140366999432,227.79466169979423,0.2821047999896109,None,,,,,,,,,,,,,,,,55555,right,no,None,2025-05-15_11h34.03.973,RL_out-of-scanner,2024.2.4,59.42572172362194,2025-05-15 11h34.18.394943 -0500,
45,0,45,space,17.463269299827516,None,5,4.836113899946213,None,227.79650699999183,j,None,228.3788080997765,228.3792016999796,229.377741899807,229.37778159976006,230.3767838999629,230.37681979965419,231.3770701000467,0.5516979000531137,None,,,,,,,1,0,1,0,45,0,45,0,631.3301605000161,,,,,,,,,,,,,,,,,,,,,,,,,,,,,,227.79650699999183,631.315936899744,631.3301605000161,631.3301605000161,631.3301605000161,631.3301605000161,631.8981347996742,j,left,1,15,8,4,55,21,None,228.3788080997765,228.3792016999796,631.8986295997165,631.9134080996737,631.9134080996737,632.9128845999949,632.9128845999949,632.8970848997124,229.377741899807,229.37778159976006,632.907157599926,632.9128845999949,632.9128845999949,633.9130941997282,633.9130941997282,633.896156499628,stimuli/box_coin_transparent.png,230.3767838999629,230.37681979965419,633.8962454996072,633.9130941997282,634.9135382999666,634.8964494997635,231.3770701000467,0.5516979000531137,None,,,,,,,,,,,,,,,,55555,right,no,None,2025-05-15_11h34.03.973,RL_out-of-scanner,2024.2.4,59.42572172362194,2025-05-15 11h34.18.394943 -0500,
46,0,46,space,17.463269299827516,None,5,4.836113899946213,None,231.37859109975398,j,None,231.9620749996975,231.96241209981963,233.9604992000386,233.96053599985316,234.9611198999919,234.9611549996771,235.9607751998119,0.5622227001003921,None,,,,,,,1,0,1,0,46,0,46,0,634.9135382999666,,,,,,,,,,,,,,,,,,,,,,,,,,,,,,231.37859109975398,634.8980150995776,634.9135382999666,634.9135382999666,634.9135382999666,634.9135382999666,635.4814100000076,j,left,0,15,8,4,56,21,None,231.9620749996975,231.96241209981963,635.4818344996311,635.4962772997096,635.4962772997096,637.496059099678,637.496059099678,637.4798538996838,233.9604992000386,233.96053599985316,637.4883770998567,637.496059099678,637.496059099678,638.4957261998206,638.4957261998206,638.4804918998852,stimuli/box_empty_transparent.png,234.9611198999919,234.9611549996771,638.480578399729,638.4957261998206,639.4964880999178,639.4801552998833,235.9607751998119,0.5622227001003921,None,,,,,,,,,,,,,,,,55555,right,no,None,2025-05-15_11h34.03.973,RL_out-of-scanner,2024.2.4,59.42572172362194,2025-05-15 11h34.18.394943 -0500,
47,0,47,space,17.463269299827516,None,5,4.836113899946213,None,235.96231989981607,j,None,236.49464699998498,236.4949709000066,239.4942383999005,239.49427649984136,240.494706899859,240.49474080000073,242.0106032998301,0.4998798999004066,None,,,,,,,1,0,1,0,47,0,47,0,639.4964880999178,,,,,,,,,,,,,,,,,,,,,,,,,,,,,,235.96231989981607,639.481743699871,639.4964880999178,639.4964880999178,639.4964880999178,639.4964880999178,640.0139804999344,j,left,0,15,8,4,57,21,None,236.49464699998498,236.4949709000066,640.0143936998211,640.0298484996893,640.0298484996893,643.0294018997811,643.0294018997811,643.0135955000296,239.4942383999005,239.49427649984136,643.0219022999518,643.0294018997811,643.0294018997811,,,644.0140702999197,stimuli/box_empty_transparent.png,240.494706899859,240.49474080000073,644.0141633995809,644.0320774996653,645.5461475998163,645.5299798999913,242.0106032998301,0.4998798999004066,None,,,,,,,,,,,,,,,,55555,right,no,None,2025-05-15_11h34.03.973,RL_out-of-scanner,2024.2.4,59.42572172362194,2025-05-15 11h34.18.394943 -0500,
48,0,48,space,17.463269299827516,None,5,4.836113899946213,None,242.01237949961796,j,None,242.36097579961643,242.36136789992452,243.86000570002943,243.86005009990185,244.87710719974712,244.87713879998773,248.37656029965729,0.32768600014969707,None,,,,,,,1,0,1,0,48,0,48,0,645.5461475998163,,,,,,,,,,,,,,,,,,,,,,,,,,,,,,242.01237949961796,645.5318092997186,645.5461475998163,645.5461475998163,645.5461475998163,645.5461475998163,645.8802919997834,j,left,1,15,9,4,58,22,None,242.36097579961643,242.36136789992452,645.8807969996706,645.8955051996745,645.8955051996745,647.3973122998141,647.3973122998141,647.3793558999896,243.86000570002943,243.86005009990185,647.3913149996661,647.3973122998141,647.3973122998141,,,648.3964815000072,stimuli/box_coin_transparent.png,244.87710719974712,244.87713879998773,648.396560699679,648.4128570999019,651.9129606997594,651.8959390996024,248.37656029965729,0.32768600014969707,None,,,,,,,,,,,,,,,,55555,right,no,None,2025-05-15_11h34.03.973,RL_out-of-scanner,2024.2.4,59.42572172362194,2025-05-15 11h34.18.394943 -0500,
49,0,49,space,17.463269299827516,None,5,4.836113899946213,None,248.37804399989545,j,None,248.79478659993038,248.79512349981815,250.2928876997903,250.2929246998392,251.2931411997415,251.29317259974778,251.293772299774,0.3866820000112057,None,,,,,,,1,0,1,0,49,0,49,0,651.9129606997594,,,,,,,,,,,,,,,,,,,,,,,,,,,,,,248.37804399989545,651.8974683997221,651.9129606997594,651.9129606997594,651.9129606997594,651.9129606997594,652.3141210000031,j,left,1,15,10,4,59,23,None,248.79478659993038,248.79512349981815,652.3145461999811,652.3290599999018,652.3290599999018,653.8287429995835,653.8287429995835,653.8122366997413,250.2928876997903,250.2929246998392,653.8234828999266,653.8287429995835,653.8287429995835,,,654.8125155996531,stimuli/box_coin_transparent.png,251.2931411997415,251.29317259974778,654.8125955997966,654.8302813000046,654.8302813000046,654.8131563998759,251.293772299774,0.3866820000112057,None,,,,,,,,,,,,,,,,55555,right,no,None,2025-05-15_11h34.03.973,RL_out-of-scanner,2024.2.4,59.42572172362194,2025-05-15 11h34.18.394943 -0500,
1,0,1,space,17.463269299827516,None,5,4.836113899946213,None,,,,,,,,,,,,,,,,,,,1,0,1,0,,,,,,,,,,,,,,,,,,,,,,,,,,,,,,,,,,,,,,,,,,,,,,,,,,,,,,,,,,,,,,,,,,,,,,,,,,,,,,,,,,,654.8264701999724,654.8302813000046,658.8280738997273,658.828174599912,658.8444884000346,707.0116158998571,706.994859199971,,,55555,right,no,None,2025-05-15_11h34.03.973,RL_out-of-scanner,2024.2.4,59.42572172362194,2025-05-15 11h34.18.394943 -0500,
0,0,0,space,4.9157845000736415,None,5,2.147760699968785,None,0.0017071003094315529,j,None,1.2670106003060937,1.2674242001958191,2.2824830999597907,2.282527200412005,3.2830893001519144,3.283132500015199,5.282777400221676,1.2338744001463056,None,,,,,,,2,0,2,0,0,0,0,0,714.1273324997164,,,,,,,,,,,,,,,,706.9950319998898,707.0116158998571,707.0116158998571,711.9442087998614,space,4.9157845000736415,None,711.9443263998255,711.9597539999522,711.9597539999522,714.1112044998445,5,2.147760699968785,None,0.0017071003094315529,714.1129834996536,714.1273324997164,714.1273324997164,714.1273324997164,714.1273324997164,715.3781968997791,j,right,1,12,0,5,59,0,None,1.2670106003060937,1.2674242001958191,715.3787018000148,715.3944715997204,715.3944715997204,716.4103603996336,716.4103603996336,716.3936912999488,2.2824830999597907,2.282527200412005,716.4031362999231,716.4103603996336,716.4103603996336,,,717.3943080999888,stimuli/box_empty_transparent.png,3.2830893001519144,3.283132500015199,717.394415799994,717.4105587997474,719.4105428997427,719.3940093996935,5.282777400221676,1.2338744001463056,None,,,,,,,,,,,,,,,,55555,right,no,None,2025-05-15_11h34.03.973,RL_out-of-scanner,2024.2.4,59.42572172362194,2025-05-15 11h34.18.394943 -0500,
1,0,1,space,4.9157845000736415,None,5,2.147760699968785,None,5.284240500070155,k,None,5.916691100224853,5.91713900025934,7.416315800044686,7.416353899985552,8.416131400037557,8.416171499993652,9.915882000233978,0.6035956996493042,None,,,,,,,2,0,2,0,1,0,1,0,719.4105428997427,,,,,,,,,,,,,,,,,,,,,,,,,,,,,,5.284240500070155,719.3955174996518,719.4105428997427,719.4105428997427,719.4105428997427,719.4105428997427,720.027840399649,k,right,1,12,1,5,60,1,None,5.916691100224853,5.91713900025934,720.0284337997437,720.0431201998144,720.0431201998144,721.5437374999747,721.5437374999747,721.5275250999257,7.416315800044686,7.416353899985552,721.5372559996322,721.5437374999747,721.5437374999747,722.5428786999546,722.5428786999546,722.5273557999171,stimuli/box_coin_transparent.png,8.416131400037557,8.416171499993652,722.5274526998401,722.5428786999546,724.0435710996389,724.0271145999432,9.915882000233978,0.6035956996493042,None,,,,,,,,,,,,,,,,55555,right,no,None,2025-05-15_11h34.03.973,RL_out-of-scanner,2024.2.4,59.42572172362194,2025-05-15 11h34.18.394943 -0500,
2,0,2,space,4.9157845000736415,None,5,2.147760699968785,None,9.917362700216472,None,None,11.416394200176,11.416478000115603,12.416407100390643,12.416450000368059,13.415863300208002,13.415905100293458,16.416622000280768,,,,,,,,,2,0,2,0,2,0,2,0,724.0435710996389,,,,,,,,,,,,,,,,,,,,,,,,,,,,,,9.917362700216472,724.0286396997981,724.0435710996389,724.0435710996389,724.0435710996389,724.0435710996389,725.5275791999884,None,right,1,12,1,5,60,1,None,11.416394200176,11.416478000115603,725.5277563999407,725.5434876997024,725.5434876997024,726.5435654995963,726.5435654995963,726.5276077999733,12.416407100390643,12.416450000368059,726.536500999704,726.5435654995963,726.5435654995963,727.5424564997666,727.5424564997666,727.5270871999674,no selection made,13.415863300208002,13.415905100293458,727.5271851997823,727.5424564997666,730.5433378997259,730.5278492998332,16.416622000280768,,,,,,,,,,,,,,,,,,55555,right,no,None,2025-05-15_11h34.03.973,RL_out-of-scanner,2024.2.4,59.42572172362194,2025-05-15 11h34.18.394943 -0500,
3,0,3,space,4.9157845000736415,None,5,2.147760699968785,None,16.41818780032918,j,None,16.817020300310105,16.81735230004415,18.816912699956447,18.816949100233614,19.81514389999211,19.815180300269276,20.816140600014478,0.3758962000720203,None,,,,,,,2,0,2,0,3,0,3,0,730.5433378997259,,,,,,,,,,,,,,,,,,,,,,,,,,,,,,16.41818780032918,730.5294647999108,730.5433378997259,730.5433378997259,730.5433378997259,730.5433378997259,730.9282065997832,j,right,1,12,1,5,60,1,None,16.817020300310105,16.81735230004415,730.9286272996105,730.9437932996079,730.9437932996079,732.9431583997793,732.9431583997793,732.9281215998344,18.816912699956447,18.816949100233614,732.9362851995975,732.9431583997793,732.9431583997793,733.9421669999138,733.9421669999138,733.9263717997819,stimuli/box_empty_transparent.png,19.81514389999211,19.815180300269276,733.926458099857,733.9421669999138,734.9436230999418,734.9273723997176,20.816140600014478,0.3758962000720203,None,,,,,,,,,,,,,,,,55555,right,no,None,2025-05-15_11h34.03.973,RL_out-of-scanner,2024.2.4,59.42572172362194,2025-05-15 11h34.18.394943 -0500,
4,0,4,space,4.9157845000736415,None,5,2.147760699968785,None,20.817605700343847,j,None,21.63379430025816,21.63412330020219,22.632848700042814,22.632891400251538,23.632870899979025,23.632909700274467,26.13251670030877,0.7881348002701998,None,,,,,,,2,0,2,0,4,0,4,0,734.9436230999418,,,,,,,,,,,,,,,,,,,,,,,,,,,,,,20.817605700343847,734.928882799577,734.9436230999418,734.9436230999418,734.9436230999418,734.9436230999418,735.7449832996354,j,right,1,12,1,5,60,1,None,21.63379430025816,21.63412330020219,735.7453982997686,735.7604683996178,735.7604683996178,736.7605330999941,736.7605330999941,736.7440506997518,22.632848700042814,22.632891400251538,736.7523743999191,736.7605330999941,736.7605330999941,737.7602622997947,737.7602622997947,737.7440960998647,stimuli/box_empty_transparent.png,23.632870899979025,23.632909700274467,737.744189299643,737.7602622997947,740.2605469999835,740.2437483998947,26.13251670030877,0.7881348002701998,None,,,,,,,,,,,,,,,,55555,right,no,None,2025-05-15_11h34.03.973,RL_out-of-scanner,2024.2.4,59.42572172362194,2025-05-15 11h34.18.394943 -0500,
5,0,5,space,4.9157845000736415,None,5,2.147760699968785,None,26.13403860013932,k,None,26.56669960031286,26.567021700087935,30.066498400177807,30.06653519999236,31.064876600168645,31.06491250032559,33.06595480022952,0.400069999974221,None,,,,,,,2,0,2,0,5,0,5,0,740.2605469999835,,,,,,,,,,,,,,,,,,,,,,,,,,,,,,26.13403860013932,740.2453157999553,740.2605469999835,740.2605469999835,740.2605469999835,740.2605469999835,740.6778874997981,k,right,1,12,2,5,61,2,None,26.56669960031286,26.567021700087935,740.678298200015,740.6934732999653,740.6934732999653,744.1929252999835,744.1929252999835,744.1777053996921,30.066498400177807,30.06653519999236,744.1874336996116,744.1929252999835,744.1929252999835,745.1918132998981,745.1918132998981,745.1761029995978,stimuli/box_coin_transparent.png,31.064876600168645,31.06491250032559,745.17619239958,745.1918132998981,747.1934747998603,747.1771847996861,33.06595480022952,0.400069999974221,None,,,,,,,,,,,,,,,,55555,right,no,None,2025-05-15_11h34.03.973,RL_out-of-scanner,2024.2.4,59.42572172362194,2025-05-15 11h34.18.394943 -0500,
6,0,6,space,4.9157845000736415,None,5,2.147760699968785,None,33.067829200066626,j,None,33.66628960007802,33.66661179997027,34.666808400303125,34.66684680012986,35.66577960038558,35.66581010026857,36.68087000027299,0.5801088996231556,None,,,,,,,2,0,2,0,6,0,6,0,747.1934747998603,,,,,,,,,,,,,,,,,,,,,,,,,,,,,,33.067829200066626,747.179112599697,747.1934747998603,747.1934747998603,747.1934747998603,747.1934747998603,747.7774769999087,j,right,1,12,2,5,61,2,None,33.66628960007802,33.66661179997027,747.7778874998912,747.792837199755,747.792837199755,748.792729199864,748.792729199864,748.7780174999498,34.666808400303125,34.66684680012986,748.7868352998048,748.792729199864,748.792729199864,749.7928808997385,749.7928808997385,749.7770086997189,stimuli/box_empty_transparent.png,35.66577960038558,35.66581010026857,749.7770829997025,749.7928808997385,750.8089505997486,750.7920996998437,36.68087000027299,0.5801088996231556,None,,,,,,,,,,,,,,,,55555,right,no,None,2025-05-15_11h34.03.973,RL_out-of-scanner,2024.2.4,59.42572172362194,2025-05-15 11h34.18.394943 -0500,
7,0,7,space,4.9157845000736415,None,5,2.147760699968785,None,36.68258800031617,j,None,37.2334141000174,37.23374110041186,39.23145300010219,39.23148970026523,40.24774510040879,40.24778060009703,42.247675199992955,0.5192675003781915,None,,,,,,,2,0,2,0,7,0,7,0,750.8089505997486,,,,,,,,,,,,,,,,,,,,,,,,,,,,,,36.68258800031617,750.7938726996072,750.8089505997486,750.8089505997486,750.8089505997486,750.8089505997486,751.3446018998511,j,right,1,12,2,5,61,2,None,37.2334141000174,37.23374110041186,751.3450162997469,751.3593106996268,751.3593106996268,753.3599917995743,753.3599917995743,753.3426629998721,39.23145300010219,39.23148970026523,753.3509474997409,753.3599917995743,753.3599917995743,,,754.3589662997983,stimuli/box_empty_transparent.png,40.24774510040879,40.24778060009703,754.3590585999191,754.3748896997422,756.3753247000277,756.3589041000232,42.247675199992955,0.5192675003781915,None,,,,,,,,,,,,,,,,55555,right,no,None,2025-05-15_11h34.03.973,RL_out-of-scanner,2024.2.4,59.42572172362194,2025-05-15 11h34.18.394943 -0500,
8,0,8,space,4.9157845000736415,None,5,2.147760699968785,None,42.249416700098664,k,None,42.882154300343245,42.882393800187856,45.88123450009152,45.88127540005371,46.881170000415295,46.88120510010049,48.38097080029547,0.6082295002415776,None,,,,,,,2,0,2,0,8,0,8,0,756.3753247000277,,,,,,,,,,,,,,,,,,,,,,,,,,,,,,42.249416700098664,756.3606951995753,756.3753247000277,756.3753247000277,756.3753247000277,756.3753247000277,756.9933422999457,k,right,0,12,2,5,62,2,None,42.882154300343245,42.882393800187856,756.993668299634,757.0088774999604,757.0088774999604,760.0089523997158,760.0089523997158,759.9924384998158,45.88123450009152,45.88127540005371,760.0006715999916,760.0089523997158,760.0089523997158,761.008324699942,761.008324699942,760.992395399604,stimuli/box_empty_transparent.png,46.881170000415295,46.88120510010049,760.9924824996851,761.008324699942,762.5087538999505,762.4921997999772,48.38097080029547,0.6082295002415776,None,,,,,,,,,,,,,,,,55555,right,no,None,2025-05-15_11h34.03.973,RL_out-of-scanner,2024.2.4,59.42572172362194,2025-05-15 11h34.18.394943 -0500,
9,0,9,space,4.9157845000736415,None,5,2.147760699968785,None,48.38271850021556,j,None,48.86608360009268,48.866491000168025,50.36561910016462,50.36566420039162,51.364284000359476,51.36431850027293,53.36371930036694,0.4631064999848604,None,,,,,,,2,0,2,0,9,0,9,0,762.5087538999505,,,,,,,,,,,,,,,,,,,,,,,,,,,,,,48.38271850021556,762.494005699642,762.5087538999505,762.5087538999505,762.5087538999505,762.5087538999505,762.9772483999841,j,right,0,12,2,5,62,2,None,48.86608360009268,48.866491000168025,762.9777727997862,762.992014599964,762.992014599964,764.4923323998228,764.4923323998228,764.4768244000152,50.36561910016462,50.36566420039162,764.4853921998292,764.4923323998228,764.4923323998228,765.4912565997802,765.4912565997802,765.4755110996775,stimuli/box_empty_transparent.png,51.364284000359476,51.36431850027293,765.4755937997252,765.4912565997802,767.4917805995792,767.4749436997809,53.36371930036694,0.4631064999848604,None,,,,,,,,,,,,,,,,55555,right,no,None,2025-05-15_11h34.03.973,RL_out-of-scanner,2024.2.4,59.42572172362194,2025-05-15 11h34.18.394943 -0500,
10,0,10,space,4.9157845000736415,None,5,2.147760699968785,None,53.365841899998486,j,None,53.86488640028983,53.86534040002152,55.36406400008127,55.36410700017586,56.38070290023461,56.380733400117606,57.3971792999655,0.4686318002641201,None,,,,,,,2,0,2,0,10,0,10,0,767.4917805995792,,,,,,,,,,,,,,,,,,,,,,,,,,,,,,53.365841899998486,767.4771308996715,767.4917805995792,767.4917805995792,767.4917805995792,767.4917805995792,767.9760445998982,j,right,0,12,2,5,62,2,None,53.86488640028983,53.86534040002152,767.976630399935,767.9917012997903,767.9917012997903,769.4929448999465,769.4929448999465,769.4752694997005,55.36406400008127,55.36410700017586,769.4863632000051,769.4929448999465,769.4929448999465,,,770.4919305997901,stimuli/box_empty_transparent.png,56.38070290023461,56.380733400117606,770.4920061999001,770.5088773998432,771.5248517999426,771.5084111997858,57.3971792999655,0.4686318002641201,None,,,,,,,,,,,,,,,,55555,right,no,None,2025-05-15_11h34.03.973,RL_out-of-scanner,2024.2.4,59.42572172362194,2025-05-15 11h34.18.394943 -0500,
11,0,11,space,4.9157845000736415,None,5,2.147760699968785,None,57.39896500017494,j,None,57.8648896003142,57.86526470026001,59.865455500315875,59.86549340002239,60.86413520015776,60.86416600039229,62.36437400011346,0.43251620000228286,None,,,,,,,2,0,2,0,11,0,11,0,771.5248517999426,,,,,,,,,,,,,,,,,,,,,,,,,,,,,,57.39896500017494,771.5102506997064,771.5248517999426,771.5248517999426,771.5248517999426,771.5248517999426,771.9760331995785,j,right,0,12,2,5,62,2,None,57.8648896003142,57.86526470026001,771.9765470996499,771.9926656996831,771.9926656996831,773.9925533998758,773.9925533998758,773.9766677999869,59.865455500315875,59.86549340002239,773.9869502997026,773.9925533998758,773.9925533998758,774.9910420998931,774.9910420998931,774.9753636997193,stimuli/box_empty_transparent.png,60.86413520015776,60.86416600039229,774.975438399706,774.9910420998931,776.4917231998406,776.4756064997055,62.36437400011346,0.43251620000228286,None,,,,,,,,,,,,,,,,55555,right,no,None,2025-05-15_11h34.03.973,RL_out-of-scanner,2024.2.4,59.42572172362194,2025-05-15 11h34.18.394943 -0500,
12,0,12,space,4.9157845000736415,None,5,2.147760699968785,None,62.365909000393,j,None,62.76544440025464,62.76580290030688,63.780761000234634,63.780798100400716,64.78043980011716,64.78047090023756,67.78099220013246,0.368646000046283,None,,,,,,,2,0,2,0,12,0,12,0,776.4917231998406,,,,,,,,,,,,,,,,,,,,,,,,,,,,,,62.365909000393,776.4771860996261,776.4917231998406,776.4917231998406,776.4917231998406,776.4917231998406,776.8766312999651,j,right,0,12,2,5,62,2,None,62.76544440025464,62.76580290030688,776.8771131997928,776.8929526000284,776.8929526000284,777.9085965999402,777.9085965999402,777.8919715997763,63.780761000234634,63.780798100400716,777.9007140998729,777.9085965999402,777.9085965999402,778.9075247999281,778.9075247999281,778.8916702996939,stimuli/box_empty_transparent.png,64.78043980011716,64.78047090023756,778.8917437996715,778.9075247999281,781.908306399826,781.8922235998325,67.78099220013246,0.368646000046283,None,,,,,,,,,,,,,,,,55555,right,no,None,2025-05-15_11h34.03.973,RL_out-of-scanner,2024.2.4,59.42572172362194,2025-05-15 11h34.18.394943 -0500,
13,0,13,space,4.9157845000736415,None,5,2.147760699968785,None,67.78255440015346,j,None,68.26459689997137,68.26492490014061,68.76409330032766,68.76414120011032,69.76406990038231,69.76410320028663,71.76334060030058,0.4582887999713421,None,,,,,,,2,0,2,0,13,0,13,0,781.908306399826,,,,,,,,,,,,,,,,,,,,,,,,,,,,,,67.78255440015346,781.8938312996179,781.908306399826,781.908306399826,781.908306399826,781.908306399826,782.3757841000333,j,right,0,12,2,5,62,2,None,68.26459689997137,68.26492490014061,782.3762018997222,782.3916235999204,782.3916235999204,782.8917770995758,782.8917770995758,782.8752871998586,68.76409330032766,68.76414120011032,782.8852319000289,782.8917770995758,782.8917770995758,783.890914699994,783.890914699994,783.8752935999073,stimuli/box_empty_transparent.png,69.76406990038231,69.76410320028663,783.8753814999945,783.890914699994,785.8914135997184,785.8745718998834,71.76334060030058,0.4582887999713421,None,,,,,,,,,,,,,,,,55555,right,no,None,2025-05-15_11h34.03.973,RL_out-of-scanner,2024.2.4,59.42572172362194,2025-05-15 11h34.18.394943 -0500,
14,0,14,space,4.9157845000736415,None,5,2.147760699968785,None,71.76485790032893,j,None,72.73109220014885,72.73138510016724,74.23053420009091,74.23057910008356,75.2304756003432,75.23051530029625,76.22974000032991,0.9445731001906097,None,,,,,,,2,0,2,0,14,0,14,0,785.8914135997184,,,,,,,,,,,,,,,,,,,,,,,,,,,,,,71.76485790032893,785.8761352999136,785.8914135997184,785.8914135997184,785.8914135997184,785.8914135997184,786.8422789997421,j,right,0,12,2,5,62,2,None,72.73109220014885,72.73138510016724,786.8426604997367,786.8576906998642,786.8576906998642,788.3583816997707,788.3583816997707,788.3417352000251,74.23053420009091,74.23057910008356,788.3500618999824,788.3583816997707,788.3583816997707,789.3574681999162,789.3574681999162,789.3416958996095,stimuli/box_empty_transparent.png,75.2304756003432,75.23051530029625,789.3417929997668,789.3574681999162,790.3577792998403,790.3409679997712,76.22974000032991,0.9445731001906097,None,,,,,,,,,,,,,,,,55555,right,no,None,2025-05-15_11h34.03.973,RL_out-of-scanner,2024.2.4,59.42572172362194,2025-05-15 11h34.18.394943 -0500,
15,0,15,space,4.9157845000736415,None,5,2.147760699968785,None,76.23163560032845,j,['j'],77.56431920034811,77.56465069996193,78.56365470029414,78.5636974000372,79.56352500012144,79.56356070004404,81.5635031000711,1.315275500062853,None,[0.46694929990917444],[0.12252820003777742],,,,,2,0,2,0,15,0,15,0,790.3577792998403,,,,,,,,,,,,,,,,,,,,,,,,,,,,,,76.23163560032845,790.3429211997427,790.3577792998403,790.3577792998403,790.3577792998403,790.3577792998403,791.6754747997038,j,right,0,12,2,5,62,2,['j'],77.56431920034811,77.56465069996193,791.6759273996577,791.6914965999313,791.6914965999313,792.6914718998596,792.6914718998596,792.6748585999012,78.56365470029414,78.5636974000372,792.6848658998497,792.6914718998596,792.6914718998596,793.6905308999121,793.6905308999121,793.6747478996404,stimuli/box_empty_transparent.png,79.56352500012144,79.56356070004404,793.6748359999619,793.6905308999121,795.6908319997601,795.6747345998883,81.5635031000711,1.315275500062853,None,[0.46694929990917444],[0.12252820003777742],,,,,,,,,,,,,,55555,right,no,None,2025-05-15_11h34.03.973,RL_out-of-scanner,2024.2.4,59.42572172362194,2025-05-15 11h34.18.394943 -0500,
16,0,16,space,4.9157845000736415,None,5,2.147760699968785,None,81.56510690040886,j,None,82.21425660001114,82.21458639996126,84.21418520016596,84.21422580024227,85.2148032002151,85.21483500022441,86.21361450012773,0.6215534000657499,None,,,,,,,2,0,2,0,16,0,16,0,795.6908319997601,,,,,,,,,,,,,,,,,,,,,,,,,,,,,,81.56510690040886,795.6763915996999,795.6908319997601,795.6908319997601,795.6908319997601,795.6908319997601,796.3254475998692,j,right,0,12,2,5,62,2,None,82.21425660001114,82.21458639996126,796.32586349966,796.3408989999443,796.3408989999443,798.3412058996037,798.3412058996037,798.3253782996908,84.21418520016596,84.21422580024227,798.3337667998858,798.3412058996037,798.3412058996037,,,799.3260307000019,stimuli/box_empty_transparent.png,85.2148032002151,85.21483500022441,799.3261098996736,799.3406252996065,800.3417231999338,800.3248425996862,86.21361450012773,0.6215534000657499,None,,,,,,,,,,,,,,,,55555,right,no,None,2025-05-15_11h34.03.973,RL_out-of-scanner,2024.2.4,59.42572172362194,2025-05-15 11h34.18.394943 -0500,
17,0,17,space,4.9157845000736415,None,5,2.147760699968785,None,86.21515930024907,j,None,86.81604079995304,86.81645449995995,87.81335430033505,87.81340660015121,88.81333910021931,88.81336949998513,89.81392980040982,0.5818187999539077,None,,,,,,,2,0,2,0,17,0,17,0,800.3417231999338,,,,,,,,,,,,,,,,,,,,,,,,,,,,,,86.21515930024907,800.3264359999448,800.3417231999338,800.3417231999338,800.3417231999338,800.3417231999338,800.9272111998871,j,right,0,12,2,5,62,2,None,86.81604079995304,86.81645449995995,800.9277366995811,800.9412317997776,800.9412317997776,801.9411855000071,801.9411855000071,801.924548199866,87.81335430033505,87.81340660015121,801.9341333997436,801.9411855000071,801.9411855000071,802.9400855000131,802.9400855000131,802.9245688999072,stimuli/box_empty_transparent.png,88.81333910021931,88.81336949998513,802.9246416999958,802.9400855000131,803.9408831000328,803.9251623000018,89.81392980040982,0.5818187999539077,None,,,,,,,,,,,,,,,,55555,right,no,None,2025-05-15_11h34.03.973,RL_out-of-scanner,2024.2.4,59.42572172362194,2025-05-15 11h34.18.394943 -0500,
18,0,18,space,4.9157845000736415,None,5,2.147760699968785,None,89.81552730035037,k,None,90.14747120020911,90.14776220032945,93.646383699961,93.64641970023513,94.64651980018243,94.64655900001526,96.64600830012932,0.30288869980722666,None,,,,,,,2,0,2,0,18,0,18,0,803.9408831000328,,,,,,,,,,,,,,,,,,,,,,,,,,,,,,89.81552730035037,803.9268038999289,803.9408831000328,803.9408831000328,803.9408831000328,803.9408831000328,804.2586594996974,k,right,1,12,3,5,63,3,None,90.14747120020911,90.14776220032945,804.2590379999019,804.2745334999636,804.2745334999636,807.7744278996252,807.7744278996252,807.7575967996381,93.646383699961,93.64641970023513,807.7682396997698,807.7744278996252,807.7744278996252,808.7734568999149,808.7734568999149,808.7577382996678,stimuli/box_coin_transparent.png,94.64651980018243,94.64655900001526,808.7578389998525,808.7734568999149,810.773959599901,810.7572399997152,96.64600830012932,0.30288869980722666,None,,,,,,,,,,,,,,,,55555,right,no,None,2025-05-15_11h34.03.973,RL_out-of-scanner,2024.2.4,59.42572172362194,2025-05-15 11h34.18.394943 -0500,
19,0,19,space,4.9157845000736415,None,5,2.147760699968785,None,96.64743570005521,k,None,96.93097770027816,96.93124870024621,97.93052700022236,97.93056490039453,98.92951490031555,98.92954980023205,100.43036520015448,0.25586119992658496,None,,,,,,,2,0,2,0,19,0,19,0,810.773959599901,,,,,,,,,,,,,,,,,,,,,,,,,,,,,,96.64743570005521,810.7587128998712,810.773959599901,810.773959599901,810.773959599901,810.773959599901,811.0421644998714,k,right,1,12,4,5,64,4,None,96.93097770027816,96.93124870024621,811.0425410997123,811.0574880996719,811.0574880996719,812.0575975999236,812.0575975999236,812.041737199761,97.93052700022236,97.93056490039453,812.0515139997005,812.0575975999236,812.0575975999236,813.0566369998269,813.0566369998269,813.0407412997447,stimuli/box_coin_transparent.png,98.92951490031555,98.92954980023205,813.0408279998228,813.0566369998269,814.5581652997062,814.5415948997252,100.43036520015448,0.25586119992658496,None,,,,,,,,,,,,,,,,55555,right,no,None,2025-05-15_11h34.03.973,RL_out-of-scanner,2024.2.4,59.42572172362194,2025-05-15 11h34.18.394943 -0500,
20,0,20,space,4.9157845000736415,None,5,2.147760699968785,None,100.43212360003963,k,None,100.86357860034332,100.86384040024132,102.86411420023069,102.86416030023247,103.86388680012897,103.8639176003635,105.86351860035211,0.40895429998636246,None,,,,,,,2,0,2,0,20,0,20,0,814.5581652997062,,,,,,,,,,,,,,,,,,,,,,,,,,,,,,100.43212360003963,814.54340699967,814.5581652997062,814.5581652997062,814.5581652997062,814.5581652997062,814.9747657999396,k,right,1,12,5,5,65,5,None,100.86357860034332,100.86384040024132,814.9751157998107,814.9911005999893,814.9911005999893,816.9910283000208,816.9910283000208,816.975313199684,102.86411420023069,102.86416030023247,816.9858166999184,816.9910283000208,816.9910283000208,817.9905902999453,817.9905902999453,817.9751168997027,stimuli/box_coin_transparent.png,103.86388680012897,103.8639176003635,817.9751891000196,817.9905902999453,819.9908215999603,819.9747469997965,105.86351860035211,0.40895429998636246,None,,,,,,,,,,,,,,,,55555,right,no,None,2025-05-15_11h34.03.973,RL_out-of-scanner,2024.2.4,59.42572172362194,2025-05-15 11h34.18.394943 -0500,
21,0,21,space,4.9157845000736415,None,5,2.147760699968785,None,105.86511500040069,k,None,106.41457880008966,106.4148483001627,109.41401660023257,109.4140541004017,110.41487850015983,110.41490910016,111.91296440036967,0.5285995998419821,None,,,,,,,2,0,2,0,21,0,21,0,819.9908215999603,,,,,,,,,,,,,,,,,,,,,,,,,,,,,,105.86511500040069,819.9763915999793,819.9908215999603,819.9908215999603,819.9908215999603,819.9908215999603,820.5257506999187,k,right,0,12,5,5,66,5,None,106.41457880008966,106.4148483001627,820.5261226999573,820.5410996000282,820.5410996000282,823.5406853999011,823.5406853999011,823.5252258996479,109.41401660023257,109.4140541004017,823.5334528996609,823.5406853999011,823.5406853999011,,,824.5260977996513,stimuli/box_empty_transparent.png,110.41487850015983,110.41490910016,824.5261818999425,824.5396759998985,826.0403134999797,826.0241965996101,111.91296440036967,0.5285995998419821,None,,,,,,,,,,,,,,,,55555,right,no,None,2025-05-15_11h34.03.973,RL_out-of-scanner,2024.2.4,59.42572172362194,2025-05-15 11h34.18.394943 -0500,
22,0,22,space,4.9157845000736415,None,5,2.147760699968785,None,111.91440760018304,None,['k'],113.41372610023245,113.41382060013711,114.91313350014389,114.91317109996453,115.91287650028244,115.91290680039674,117.91256750002503,,,[1.0844391998834908],[0.14676359994336963],,,,,2,0,2,0,22,0,22,0,826.0403134999797,,,,,,,,,,,,,,,,,,,,,,,,,,,,,,111.91440760018304,826.0256840996444,826.0403134999797,826.0403134999797,826.0403134999797,826.0403134999797,827.5248829997145,None,right,0,12,5,5,66,5,['k'],113.41372610023245,113.41382060013711,827.5250952998176,827.5410301997326,827.5410301997326,829.0405321000144,829.0405321000144,829.024344699923,114.91313350014389,114.91317109996453,829.0328659997322,829.0405321000144,829.0405321000144,830.0398326995783,830.0398326995783,830.0241054999642,no selection made,115.91287650028244,115.91290680039674,830.0241793999448,830.0398326995783,832.0410026996396,832.0237983996049,117.91256750002503,,,[1.0844391998834908],[0.14676359994336963],,,,,,,,,,,,,,55555,right,no,None,2025-05-15_11h34.03.973,RL_out-of-scanner,2024.2.4,59.42572172362194,2025-05-15 11h34.18.394943 -0500,
23,0,23,space,4.9157845000736415,None,5,2.147760699968785,None,117.91408040001988,k,None,118.3638443001546,118.36415880033746,119.86351660033688,119.86356070032343,120.86352800019085,120.86356410011649,122.36215250007808,0.42630899976938963,None,,,,,,,2,0,2,0,23,0,23,0,832.0410026996396,,,,,,,,,,,,,,,,,,,,,,,,,,,,,,117.91408040001988,832.0253571998328,832.0410026996396,832.0410026996396,832.0410026996396,832.0410026996396,832.4750160998665,k,right,1,12,6,5,67,6,None,118.3638443001546,118.36415880033746,832.4754395997152,832.4908355996013,832.4908355996013,833.9903393997811,833.9903393997811,833.9747200999409,119.86351660033688,119.86356070032343,833.9850789997727,833.9903393997811,833.9903393997811,834.9898694995791,834.9898694995791,834.974752899725,stimuli/box_coin_transparent.png,120.86352800019085,120.86356410011649,834.9748414997011,834.9898694995791,836.4899684996344,836.4733792999759,122.36215250007808,0.42630899976938963,None,,,,,,,,,,,,,,,,55555,right,no,None,2025-05-15_11h34.03.973,RL_out-of-scanner,2024.2.4,59.42572172362194,2025-05-15 11h34.18.394943 -0500,
24,0,24,space,4.9157845000736415,None,5,2.147760699968785,None,122.3639444001019,k,None,122.88024950027466,122.88051800010726,124.88087770016864,124.88091390021145,125.87989530013874,125.87993100006133,127.39478900004178,0.49090160010382533,None,,,,,,,2,0,2,0,24,0,24,0,836.4899684996344,,,,,,,,,,,,,,,,,,,,,,,,,,,,,,122.3639444001019,836.4752290998586,836.4899684996344,836.4899684996344,836.4899684996344,836.4899684996344,836.9914365997538,k,right,1,12,7,5,68,7,None,122.88024950027466,122.88051800010726,836.9918016996235,837.0074657998048,837.0074657998048,839.0079460996203,839.0079460996203,838.992086599581,124.88087770016864,124.88091390021145,839.0022125998512,839.0079460996203,839.0079460996203,840.0076201995835,840.0076201995835,839.9911221996881,stimuli/box_coin_transparent.png,125.87989530013874,125.87993100006133,839.9912089998834,840.0076201995835,841.522670599632,841.5060228998773,127.39478900004178,0.49090160010382533,None,,,,,,,,,,,,,,,,55555,right,no,None,2025-05-15_11h34.03.973,RL_out-of-scanner,2024.2.4,59.42572172362194,2025-05-15 11h34.18.394943 -0500,
25,0,25,space,4.9157845000736415,None,5,2.147760699968785,None,127.39663890004158,k,None,128.83047020016238,128.83075660001487,129.8297152002342,129.8297524000518,130.8298161001876,130.82984820008278,134.32914820034057,1.4114981000311673,None,,,,,,,2,0,2,0,25,0,25,0,841.522670599632,,,,,,,,,,,,,,,,,,,,,,,,,,,,,,127.39663890004158,841.5079178996384,841.522670599632,841.522670599632,841.522670599632,841.522670599632,842.94164799992,k,right,1,12,8,5,69,8,None,128.83047020016238,128.83075660001487,842.9420313998125,842.9572926997207,842.9572926997207,843.9565991996787,843.9565991996787,843.9409252996556,129.8297152002342,129.8297524000518,843.9510572999716,843.9565991996787,843.9565991996787,844.9567824997939,844.9567824997939,844.9410451999865,stimuli/box_coin_transparent.png,130.8298161001876,130.82984820008278,844.9411212997511,844.9567824997939,848.4571157000028,848.4403765997849,134.32914820034057,1.4114981000311673,None,,,,,,,,,,,,,,,,55555,right,no,None,2025-05-15_11h34.03.973,RL_out-of-scanner,2024.2.4,59.42572172362194,2025-05-15 11h34.18.394943 -0500,
26,0,26,space,4.9157845000736415,None,5,2.147760699968785,None,134.33069520024583,j,None,134.79716229997575,134.79752770019695,135.2961891000159,135.29622759995982,136.2955447002314,136.29558140039444,139.79581960011274,0.44098460022360086,None,,,,,,,2,0,2,0,26,0,26,0,848.4571157000028,,,,,,,,,,,,,,,,,,,,,,,,,,,,,,134.33069520024583,848.4419720997103,848.4571157000028,848.4571157000028,848.4571157000028,848.4571157000028,848.9083483000286,j,right,1,12,8,5,69,8,None,134.79716229997575,134.79752770019695,848.9088050997816,848.923190899659,848.923190899659,849.4231388997287,849.4231388997287,849.4073975998908,135.2961891000159,135.29622759995982,849.4158183997497,849.4231388997287,849.4231388997287,850.4220716999844,850.4220716999844,850.4067702000029,stimuli/box_empty_transparent.png,136.2955447002314,136.29558140039444,850.4068601997569,850.4220716999844,853.9229958998039,853.9070476996712,139.79581960011274,0.44098460022360086,None,,,,,,,,,,,,,,,,55555,right,no,None,2025-05-15_11h34.03.973,RL_out-of-scanner,2024.2.4,59.42572172362194,2025-05-15 11h34.18.394943 -0500,
27,0,27,space,4.9157845000736415,None,5,2.147760699968785,None,139.79763710033149,j,None,140.1639503003098,140.16427900036797,141.66264500003308,141.66268260031939,142.66260110028088,142.66263180039823,143.66250200010836,0.33592360001057386,None,,,,,,,2,0,2,0,27,0,27,0,853.9229958998039,,,,,,,,,,,,,,,,,,,,,,,,,,,,,,139.79763710033149,853.9089201996103,853.9229958998039,853.9229958998039,853.9229958998039,853.9229958998039,854.275137399789,j,right,1,12,8,5,69,8,None,140.1639503003098,140.16427900036797,854.2755537997,854.2895917999558,854.2895917999558,855.7904030997306,855.7904030997306,855.7738528996706,141.66264500003308,141.66268260031939,855.7819579998031,855.7904030997306,855.7904030997306,856.7898951997049,856.7898951997049,856.7738293996081,stimuli/box_empty_transparent.png,142.66260110028088,142.66263180039823,856.773904599715,856.7898951997049,857.7897037998773,857.7737335995771,143.66250200010836,0.33592360001057386,None,,,,,,,,,,,,,,,,55555,right,no,None,2025-05-15_11h34.03.973,RL_out-of-scanner,2024.2.4,59.42572172362194,2025-05-15 11h34.18.394943 -0500,
28,0,28,space,4.9157845000736415,None,5,2.147760699968785,None,143.66396920010448,j,None,144.12995330011472,144.13028290029615,145.12907080026343,145.12910780031234,146.12950660008937,146.1295405002311,149.62843620032072,0.44732949975878,None,,,,,,,2,0,2,0,28,0,28,0,857.7897037998773,,,,,,,,,,,,,,,,,,,,,,,,,,,,,,143.66396920010448,857.7752454997972,857.7897037998773,857.7897037998773,857.7897037998773,857.7897037998773,858.2411399995908,j,right,1,12,8,5,69,8,None,144.12995330011472,144.13028290029615,858.2415582998656,858.2565159997903,858.2565159997903,859.256196799688,859.256196799688,859.2402764996514,145.12907080026343,145.12910780031234,859.248623599764,859.256196799688,859.256196799688,860.255714699626,860.255714699626,860.2407355997711,stimuli/box_empty_transparent.png,146.12950660008937,146.1295405002311,860.2408149996772,860.255714699626,863.7561041000299,863.7396677997895,149.62843620032072,0.44732949975878,None,,,,,,,,,,,,,,,,55555,right,no,None,2025-05-15_11h34.03.973,RL_out-of-scanner,2024.2.4,59.42572172362194,2025-05-15 11h34.18.394943 -0500,
29,0,29,space,4.9157845000736415,None,5,2.147760699968785,None,149.62990620033816,k,None,150.29542590025812,150.29571650037542,152.29565760027617,152.29570150002837,153.2959599001333,153.29599730018526,154.29503870010376,0.6330506997182965,None,,,,,,,2,0,2,0,29,0,29,0,863.7561041000299,,,,,,,,,,,,,,,,,,,,,,,,,,,,,,149.62990620033816,863.7411833000369,863.7561041000299,863.7561041000299,863.7561041000299,863.7561041000299,864.4065973996185,k,right,1,12,9,5,70,9,None,150.29542590025812,150.29571650037542,864.4069974999875,864.4221252999268,864.4221252999268,866.4224197999574,866.4224197999574,866.4068632996641,152.29565760027617,152.29570150002837,866.4172475999221,866.4224197999574,866.4224197999574,867.4225769997574,867.4225769997574,867.4071844997816,stimuli/box_coin_transparent.png,153.2959599001333,153.29599730018526,867.4072789000347,867.4225769997574,868.4229862997308,868.4062675996684,154.29503870010376,0.6330506997182965,None,,,,,,,,,,,,,,,,55555,right,no,None,2025-05-15_11h34.03.973,RL_out-of-scanner,2024.2.4,59.42572172362194,2025-05-15 11h34.18.394943 -0500,
30,0,30,space,4.9157845000736415,None,5,2.147760699968785,None,154.29685940034688,None,['k'],155.79474560031667,155.7948329001665,156.79607030004263,156.79611380025744,157.79507180023938,157.7951038000174,158.79487280035391,,,[1.2171564996242523],[0.1336642000824213],,,,,2,0,2,0,30,0,30,0,868.4229862997308,,,,,,,,,,,,,,,,,,,,,,,,,,,,,,154.29685940034688,868.4081419999711,868.4229862997308,868.4229862997308,868.4229862997308,868.4229862997308,869.9058766998351,None,right,1,12,9,5,70,9,['k'],155.79474560031667,155.7948329001665,869.9061187999323,869.9218868999742,869.9218868999742,870.922666599974,870.922666599974,870.9072721996345,156.79607030004263,156.79611380025744,870.9155931998976,870.922666599974,870.922666599974,871.9223074996844,871.9223074996844,871.9063014998101,no selection made,157.79507180023938,157.7951038000174,871.9063737997785,871.9223074996844,872.9225246999413,872.9061050997116,158.79487280035391,,,[1.2171564996242523],[0.1336642000824213],869.9218868999742,869.9218868999742,869.9218868999742,869.9218868999742,,,,,,,,,,55555,right,no,None,2025-05-15_11h34.03.973,RL_out-of-scanner,2024.2.4,59.42572172362194,2025-05-15 11h34.18.394943 -0500,
31,0,31,space,4.9157845000736415,None,5,2.147760699968785,None,158.7963232002221,k,None,159.24638120038435,159.2466462003067,162.24489630013704,162.24494220037013,163.24530680011958,163.24534959997982,165.74504660023376,0.4247794998809695,None,,,,,,,2,0,2,0,31,0,31,0,872.9225246999413,,,,,,,,,,,,,,,,,,,,,,,,,,,,,,158.7963232002221,872.907600000035,872.9225246999413,872.9225246999413,872.9225246999413,872.9225246999413,873.3575691999868,k,right,1,12,10,5,71,10,None,159.24638120038435,159.2466462003067,873.3579208999872,873.3725774995983,873.3725774995983,876.3735946998931,876.3735946998931,876.3560998998582,162.24489630013704,162.24494220037013,876.3679364998825,876.3735946998931,876.3735946998931,,,877.3565277997404,stimuli/box_coin_transparent.png,163.24530680011958,163.24534959997982,877.3566335998476,877.371884000022,879.8731060000136,879.8562797997147,165.74504660023376,0.4247794998809695,None,,,,,,,,,,,,,,,,55555,right,no,None,2025-05-15_11h34.03.973,RL_out-of-scanner,2024.2.4,59.42572172362194,2025-05-15 11h34.18.394943 -0500,
32,0,32,space,4.9157845000736415,None,5,2.147760699968785,None,165.74665400013328,k,None,166.0289772003889,166.02924410020933,167.02860930003226,167.02864710008726,168.0283101000823,168.0283516002819,169.0277607003227,0.2529271999374032,None,,,,,,,2,0,2,0,32,0,32,0,879.8731060000136,,,,,,,,,,,,,,,,,,,,,,,,,,,,,,165.74665400013328,879.857930299826,879.8731060000136,879.8731060000136,879.8731060000136,879.8731060000136,880.140161999967,k,right,1,12,11,5,72,11,None,166.0289772003889,166.02924410020933,880.1405186997727,880.1553306998685,880.1553306998685,881.1558889998123,881.1558889998123,881.1398187000304,167.02860930003226,167.02864710008726,881.1508367997594,881.1558889998123,881.1558889998123,882.1547250999138,882.1547250999138,882.1395304999314,stimuli/box_coin_transparent.png,168.0283101000823,168.0283516002819,882.1396399997175,882.1547250999138,883.1550066997297,883.1389793995768,169.0277607003227,0.2529271999374032,None,,,,,,,,,,,,,,,,55555,right,no,None,2025-05-15_11h34.03.973,RL_out-of-scanner,2024.2.4,59.42572172362194,2025-05-15 11h34.18.394943 -0500,
33,0,33,space,4.9157845000736415,None,5,2.147760699968785,None,169.0292170001194,k,None,169.86221100017428,169.8624756000936,171.86088110040873,171.86091800034046,172.87857810035348,172.87862050021067,174.37793170008808,0.8027598997578025,None,,,,,,,2,0,2,0,33,0,33,0,883.1550066997297,,,,,,,,,,,,,,,,,,,,,,,,,,,,,,169.0292170001194,883.1404932998121,883.1550066997297,883.1550066997297,883.1550066997297,883.1550066997297,883.9733634996228,k,right,0,12,11,5,73,11,None,169.86221100017428,169.8624756000936,883.9737511998974,883.9887192999013,883.9887192999013,885.9895573998801,885.9895573998801,885.9720922997221,171.86088110040873,171.86091800034046,885.9810785995796,885.9895573998801,885.9895573998801,,,886.9897952997126,stimuli/box_empty_transparent.png,172.87857810035348,172.87862050021067,886.9899090998806,887.0043338998221,888.5055031999946,888.4891602997668,174.37793170008808,0.8027598997578025,None,,,,,,,,,,,,,,,,55555,right,no,None,2025-05-15_11h34.03.973,RL_out-of-scanner,2024.2.4,59.42572172362194,2025-05-15 11h34.18.394943 -0500,
34,0,34,space,4.9157845000736415,None,5,2.147760699968785,None,174.37981140008196,k,None,174.7456765002571,174.74594600033015,177.7440809002146,177.7441159002483,178.74459380004555,178.74462500028312,181.24492440000176,0.33950209990143776,None,,,,,,,2,0,2,0,34,0,34,0,888.5055031999946,,,,,,,,,,,,,,,,,,,,,,,,,,,,,,174.37981140008196,888.4910891000181,888.5055031999946,888.5055031999946,888.5055031999946,888.5055031999946,888.8568580998108,k,right,1,12,12,5,74,12,None,174.7456765002571,174.74594600033015,888.8572207996622,888.8721110997722,888.8721110997722,891.8724324996583,891.8724324996583,891.8552920999937,177.7440809002146,177.7441159002483,891.8654487999156,891.8724324996583,891.8724324996583,892.8713952996768,892.8713952996768,892.8558118999936,stimuli/box_coin_transparent.png,178.74459380004555,178.74462500028312,892.8558979998343,892.8713952996768,895.3722248999402,895.3561570998281,181.24492440000176,0.33950209990143776,None,,,,,,,,,,,,,,,,55555,right,no,None,2025-05-15_11h34.03.973,RL_out-of-scanner,2024.2.4,59.42572172362194,2025-05-15 11h34.18.394943 -0500,
35,0,35,space,4.9157845000736415,None,5,2.147760699968785,None,181.24645590037107,k,None,181.61260420037434,181.61287470022216,183.1118557001464,183.11189240030944,184.1117126001045,184.1117437002249,185.11038960004225,0.34916980005800724,None,,,,,,,2,0,2,0,35,0,35,0,895.3722248999402,,,,,,,,,,,,,,,,,,,,,,,,,,,,,,181.24645590037107,895.3577320999466,895.3722248999402,895.3722248999402,895.3722248999402,895.3722248999402,895.7237752997316,k,left,1,9,0,6,74,12,None,181.61260420037434,181.61287470022216,895.7241488997824,895.7386646997184,895.7386646997184,897.2384059997275,897.2384059997275,897.2230655997992,183.1118557001464,183.11189240030944,897.2314853998832,897.2384059997275,897.2384059997275,898.2385956998914,898.2385956998914,898.2229431997985,stimuli/box_empty_transparent.png,184.1117126001045,184.1117437002249,898.2230157996528,898.2385956998914,899.2379704997875,899.2216177997179,185.11038960004225,0.34916980005800724,None,,,,,,,,,,,,,,,,55555,right,no,None,2025-05-15_11h34.03.973,RL_out-of-scanner,2024.2.4,59.42572172362194,2025-05-15 11h34.18.394943 -0500,
36,0,36,space,4.9157845000736415,None,5,2.147760699968785,None,185.11229700036347,j,None,185.66219950001687,185.66258380003273,187.16160240024328,187.16163890017197,188.16067370027304,188.16071159997955,191.66047620028257,0.5217877002432942,None,,,,,,,2,0,2,0,36,0,36,0,899.2379704997875,,,,,,,,,,,,,,,,,,,,,,,,,,,,,,185.11229700036347,899.2235832000151,899.2379704997875,899.2379704997875,899.2379704997875,899.2379704997875,899.7733874996193,j,left,1,9,1,6,75,13,None,185.66219950001687,185.66258380003273,899.7738613998517,899.7885383996181,899.7885383996181,901.288074599579,901.288074599579,901.272815299686,187.16160240024328,187.16163890017197,901.2827933998778,901.288074599579,901.288074599579,902.287341799587,902.287341799587,902.2718977998011,stimuli/box_coin_transparent.png,188.16067370027304,188.16071159997955,902.2719837999903,902.287341799587,905.7883124998771,905.7717086998746,191.66047620028257,0.5217877002432942,None,,,,,,,,,,,,,,,,55555,right,no,None,2025-05-15_11h34.03.973,RL_out-of-scanner,2024.2.4,59.42572172362194,2025-05-15 11h34.18.394943 -0500,
37,0,37,space,4.9157845000736415,None,5,2.147760699968785,None,191.66204470023513,k,None,192.0279965000227,192.02826469996944,194.02725880034268,194.0272965002805,195.02693440020084,195.0269733001478,196.0429765000008,0.340296299662441,None,,,,,,,2,0,2,0,37,0,37,0,905.7883124998771,,,,,,,,,,,,,,,,,,,,,,,,,,,,,,191.66204470023513,905.7733220998198,905.7883124998771,905.7883124998771,905.7883124998771,905.7883124998771,906.1391782998107,k,left,1,9,1,6,75,13,None,192.0279965000227,192.02826469996944,906.1395387998782,906.1552734998986,906.1552734998986,908.1544949999079,908.1544949999079,908.1384703000076,194.02725880034268,194.0272965002805,908.146895899903,908.1544949999079,908.1544949999079,909.1546589997597,909.1546589997597,909.1381549998187,stimuli/box_empty_transparent.png,195.02693440020084,195.0269733001478,909.138247799594,909.1546589997597,910.1709181996994,910.1542030000128,196.0429765000008,0.340296299662441,None,,,,,,,,,,,,,,,,55555,right,no,None,2025-05-15_11h34.03.973,RL_out-of-scanner,2024.2.4,59.42572172362194,2025-05-15 11h34.18.394943 -0500,
38,0,38,space,4.9157845000736415,None,5,2.147760699968785,None,196.04525010008365,j,None,196.5447196001187,196.54520490020514,197.5443623000756,197.54440340027213,198.54476650012657,198.54479770036414,200.04442850034684,0.4785199002362788,None,,,,,,,2,0,2,0,38,0,38,0,910.1709181996994,,,,,,,,,,,,,,,,,,,,,,,,,,,,,,196.04525010008365,910.1565409996547,910.1709181996994,910.1709181996994,910.1709181996994,910.1709181996994,910.6558815999888,j,left,1,9,2,6,76,14,None,196.5447196001187,196.54520490020514,910.6564914998598,910.6711412998848,910.6711412998848,911.6711053997278,911.6711053997278,911.6555662997998,197.5443623000756,197.54440340027213,911.6654083998874,911.6711053997278,911.6711053997278,912.6717798998579,912.6717798998579,912.655995699577,stimuli/box_coin_transparent.png,198.54476650012657,198.54479770036414,912.6560717998073,912.6717798998579,914.1716116997413,914.1556607997045,200.04442850034684,0.4785199002362788,None,,,,,,,,,,,,,,,,55555,right,no,None,2025-05-15_11h34.03.973,RL_out-of-scanner,2024.2.4,59.42572172362194,2025-05-15 11h34.18.394943 -0500,
39,0,39,space,4.9157845000736415,None,5,2.147760699968785,None,200.04587580030784,j,None,200.47839540010318,200.47875889996067,201.49330980004743,201.49335870007053,202.49348070006818,202.49351650010794,203.49377460032701,0.40303289983421564,None,,,,,,,2,0,2,0,39,0,39,0,914.1716116997413,,,,,,,,,,,,,,,,,,,,,,,,,,,,,,200.04587580030784,914.157152199652,914.1716116997413,914.1716116997413,914.1716116997413,914.1716116997413,914.5895823999308,j,left,1,9,3,6,77,15,None,200.47839540010318,200.47875889996067,914.590036700014,914.6051090997644,914.6051090997644,915.6228817999363,915.6228817999363,915.6045071999542,201.49330980004743,201.49335870007053,915.6173097998835,915.6228817999363,915.6228817999363,,,916.6046957997605,stimuli/box_coin_transparent.png,202.49348070006818,202.49351650010794,916.6048021996394,916.6216578995809,917.6212628996,917.6050050999038,203.49377460032701,0.40303289983421564,None,,,,,,,,,,,,,,,,55555,right,no,None,2025-05-15_11h34.03.973,RL_out-of-scanner,2024.2.4,59.42572172362194,2025-05-15 11h34.18.394943 -0500,
40,0,40,space,4.9157845000736415,None,5,2.147760699968785,None,203.49534770008177,j,None,203.8448318000883,203.84524110006168,205.34436470037326,205.34440150018781,206.34433240024373,206.34436430037022,207.34245630027726,0.3220323999412358,None,,,,,,,2,0,2,0,40,0,40,0,917.6212628996,,,,,,,,,,,,,,,,,,,,,,,,,,,,,,203.49534770008177,917.6066242000088,917.6212628996,917.6212628996,917.6212628996,917.6212628996,917.9559998996556,j,left,1,9,4,6,78,16,None,203.8448318000883,203.84524110006168,917.9565228000283,917.9707802999765,917.9707802999765,919.4720316999592,919.4720316999592,919.4555762996897,205.34436470037326,205.34440150018781,919.4665902997367,919.4720316999592,919.4720316999592,920.4708178997971,920.4708178997971,920.4555608998053,stimuli/box_coin_transparent.png,206.34433240024373,206.34436430037022,920.4556377995759,920.4708178997971,921.4705129996873,921.4536851998419,207.34245630027726,0.3220323999412358,None,,,,,,,,,,,,,,,,55555,right,no,None,2025-05-15_11h34.03.973,RL_out-of-scanner,2024.2.4,59.42572172362194,2025-05-15 11h34.18.394943 -0500,
41,0,41,space,4.9157845000736415,None,5,2.147760699968785,None,207.34419520013034,j,None,207.71045939996839,207.71090089995414,208.71080720005557,208.71085919998586,209.7105495003052,209.7105792001821,212.710189900361,0.34788829972967505,None,,,,,,,2,0,2,0,41,0,41,0,921.4705129996873,,,,,,,,,,,,,,,,,,,,,,,,,,,,,,207.34419520013034,921.4554793997668,921.4705129996873,921.4705129996873,921.4705129996873,921.4705129996873,921.8216226999648,j,left,0,9,4,6,79,16,None,207.71045939996839,207.71090089995414,921.8221970000304,921.837135899812,921.837135899812,922.8376499000005,922.8376499000005,922.8220057999715,208.71080720005557,208.71085919998586,922.8303226996213,922.8376499000005,922.8376499000005,923.8373364997096,923.8373364997096,923.8217795998789,stimuli/box_empty_transparent.png,209.7105495003052,209.7105792001821,923.8218503999524,923.8373364997096,926.8383137998171,926.8214224996045,212.710189900361,0.34788829972967505,None,,,,,,,,,,,,,,,,55555,right,no,None,2025-05-15_11h34.03.973,RL_out-of-scanner,2024.2.4,59.42572172362194,2025-05-15 11h34.18.394943 -0500,
42,0,42,space,4.9157845000736415,None,5,2.147760699968785,None,212.71169190015644,k,None,213.1935476004146,213.19379130005836,215.19360410002992,215.19364090031013,216.193862200249,216.19389880029485,219.69294070033357,0.4496842999942601,None,,,,,,,2,0,2,0,42,0,42,0,926.8383137998171,,,,,,,,,,,,,,,,,,,,,,,,,,,,,,212.71169190015644,926.8229689998552,926.8383137998171,926.8383137998171,926.8383137998171,926.8383137998171,927.3047322998755,k,left,0,9,4,6,79,16,None,213.1935476004146,213.19379130005836,927.30506529985,927.3202718999237,927.3202718999237,929.3209643997252,929.3209643997252,929.304814199917,215.19360410002992,215.19364090031013,929.313209799584,929.3209643997252,929.3209643997252,930.3209313997068,930.3209313997068,930.3050881000236,stimuli/box_empty_transparent.png,216.193862200249,216.19389880029485,930.3051762999967,930.3209313997068,933.8212420996279,933.804172899574,219.69294070033357,0.4496842999942601,None,,,,,,,,,,,,,,,,55555,right,no,None,2025-05-15_11h34.03.973,RL_out-of-scanner,2024.2.4,59.42572172362194,2025-05-15 11h34.18.394943 -0500,
43,0,43,space,4.9157845000736415,None,5,2.147760699968785,None,219.6944420002401,j,None,220.16090050013736,220.16127720009536,221.16060760011896,221.1606437000446,222.16060540033504,222.16063590021804,224.16075870022178,0.441340200137347,None,,,,,,,2,0,2,0,43,0,43,0,933.8212420996279,,,,,,,,,,,,,,,,,,,,,,,,,,,,,,219.6944420002401,933.8057184997015,933.8212420996279,933.8212420996279,933.8212420996279,933.8212420996279,934.2720758998767,j,left,0,9,4,6,80,16,None,220.16090050013736,220.16127720009536,934.2725579999387,934.2872699997388,934.2872699997388,935.2870924999006,935.2870924999006,935.2718189996667,221.16060760011896,221.1606437000446,935.2801556997001,935.2870924999006,935.2870924999006,936.2868835995905,936.2868835995905,936.2718356996775,stimuli/box_empty_transparent.png,222.16060540033504,222.16063590021804,936.2719074999914,936.2868835995905,938.286536199972,938.2719874000177,224.16075870022178,0.441340200137347,None,,,,,,,,,,,,,,,,55555,right,no,None,2025-05-15_11h34.03.973,RL_out-of-scanner,2024.2.4,59.42572172362194,2025-05-15 11h34.18.394943 -0500,
44,0,44,space,4.9157845000736415,None,5,2.147760699968785,None,224.1629747003317,k,None,224.52677550027147,224.52710920013487,227.026701700408,227.02673949999735,228.0267888000235,228.02682520030066,230.0256461002864,0.3373889997601509,None,,,,,,,2,0,2,0,44,0,44,0,938.286536199972,,,,,,,,,,,,,,,,,,,,,,,,,,,,,,224.1629747003317,938.274251899682,938.286536199972,938.286536199972,938.286536199972,938.286536199972,938.6379339997657,k,left,0,9,4,6,80,16,None,224.52677550027147,224.52710920013487,938.6383915999904,938.6534190997481,938.6534190997481,941.1535355998203,941.1535355998203,941.1379133998416,227.026701700408,227.02673949999735,941.1466216999106,941.1535355998203,941.1535355998203,942.1535773999058,942.1535773999058,942.1380145996809,stimuli/box_empty_transparent.png,228.0267888000235,228.02682520030066,942.1381039996631,942.1535773999058,944.1532154995948,944.1368756997399,230.0256461002864,0.3373889997601509,None,,,,,,,,,,,,,,,,55555,right,no,None,2025-05-15_11h34.03.973,RL_out-of-scanner,2024.2.4,59.42572172362194,2025-05-15 11h34.18.394943 -0500,
45,0,45,space,4.9157845000736415,None,5,2.147760699968785,None,230.02729760017246,j,None,230.52669690037146,230.52702470030636,231.52652720035985,231.52656350005418,232.5269584003836,232.5269889002666,233.52530100010335,0.48314479971304536,None,,,,,,,2,0,2,0,45,0,45,0,944.1532154995948,,,,,,,,,,,,,,,,,,,,,,,,,,,,,,230.02729760017246,944.138575699646,944.1532154995948,944.1532154995948,944.1532154995948,944.1532154995948,944.6378844999708,j,left,1,9,5,6,81,17,None,230.52669690037146,230.52702470030636,944.6383026996627,944.6533162998967,944.6533162998967,945.6537184999324,945.6537184999324,945.6377388997935,231.52652720035985,231.52656350005418,945.647484399844,945.6537184999324,945.6537184999324,946.6531860996038,946.6531860996038,946.6381881996058,stimuli/box_coin_transparent.png,232.5269584003836,232.5269889002666,946.6382620995864,946.6531860996038,947.6532803997397,947.6365320999175,233.52530100010335,0.48314479971304536,None,,,,,,,,,,,,,,,,55555,right,no,None,2025-05-15_11h34.03.973,RL_out-of-scanner,2024.2.4,59.42572172362194,2025-05-15 11h34.18.394943 -0500,
46,0,46,space,4.9157845000736415,None,5,2.147760699968785,None,233.52672950038686,k,None,234.04374430002645,234.04400360025465,236.04235240025446,236.0424025002867,237.05123200034723,237.05127050029114,238.050651000347,0.49224810022860765,None,,,,,,,2,0,2,0,46,0,46,0,947.6532803997397,,,,,,,,,,,,,,,,,,,,,,,,,,,,,,233.52672950038686,947.6380083998665,947.6532803997397,947.6532803997397,947.6532803997397,947.6532803997397,948.1549333999865,k,left,1,9,5,6,81,17,None,234.04374430002645,234.04400360025465,948.1552776996978,948.1705620000139,948.1705620000139,950.2539782999083,950.2539782999083,950.1535458997823,236.04235240025446,236.0424025002867,950.2477908995934,950.2539782999083,950.2539782999083,,,951.1624535997398,stimuli/box_empty_transparent.png,237.05123200034723,237.05127050029114,951.1625534999184,951.1776923998259,952.1788910999894,952.1618822999299,238.050651000347,0.49224810022860765,None,,,,,,,,,,,,,,,,55555,right,no,None,2025-05-15_11h34.03.973,RL_out-of-scanner,2024.2.4,59.42572172362194,2025-05-15 11h34.18.394943 -0500,
47,0,47,space,4.9157845000736415,None,5,2.147760699968785,None,238.052110100165,k,None,238.40193900000304,238.40220500016585,241.41706250002608,241.41710510011762,242.41791380010545,242.41795360017568,243.91769909998402,0.325280100107193,None,,,,,,,2,0,2,0,47,0,47,0,952.1788910999894,,,,,,,,,,,,,,,,,,,,,,,,,,,,,,238.052110100165,952.1633868999779,952.1788910999894,952.1788910999894,952.1788910999894,952.1788910999894,952.5131273996085,k,left,1,9,5,6,81,17,None,238.40193900000304,238.40220500016585,952.513479099609,952.5292071998119,952.5292071998119,955.545056599658,955.545056599658,955.528270599898,241.41706250002608,241.41710510011762,955.5377622996457,955.545056599658,955.545056599658,,,956.5291354996152,stimuli/box_empty_transparent.png,242.41791380010545,242.41795360017568,956.5292362999171,956.5453479997814,958.0449644997716,958.0289288996719,243.91769909998402,0.325280100107193,None,,,,,,,,,,,,,,,,55555,right,no,None,2025-05-15_11h34.03.973,RL_out-of-scanner,2024.2.4,59.42572172362194,2025-05-15 11h34.18.394943 -0500,
48,0,48,space,4.9157845000736415,None,5,2.147760699968785,None,243.91947229998186,k,None,244.33525650016963,244.33557230001315,245.8350031999871,245.8350410000421,246.8348807003349,246.83491190010682,250.34963140031323,0.3868640996515751,None,,,,,,,2,0,2,0,48,0,48,0,958.0449644997716,,,,,,,,,,,,,,,,,,,,,,,,,,,,,,243.91947229998186,958.0307548996061,958.0449644997716,958.0449644997716,958.0449644997716,958.0449644997716,958.4464216995984,k,left,1,9,5,6,81,17,None,244.33525650016963,244.33557230001315,958.4468532996252,958.4616709998809,958.4616709998809,959.9624142996036,959.9624142996036,959.946212799754,245.8350031999871,245.8350410000421,959.954235999845,959.9624142996036,959.9624142996036,960.9617804000154,960.9617804000154,960.9461097996682,stimuli/box_empty_transparent.png,246.8348807003349,246.83491190010682,960.9461834998801,960.9617804000154,964.4776647998951,964.460856499616,250.34963140031323,0.3868640996515751,None,,,,,,,,,,,,,,,,55555,right,no,None,2025-05-15_11h34.03.973,RL_out-of-scanner,2024.2.4,59.42572172362194,2025-05-15 11h34.18.394943 -0500,
49,0,49,space,4.9157845000736415,None,5,2.147760699968785,None,250.351885500364,k,None,250.65087340027094,250.6511415001005,252.1512125004083,252.15124989999458,253.150391000323,253.15043080039322,253.15093880007043,0.2714045997709036,None,,,,,,,2,0,2,0,49,0,49,0,964.4776647998951,,,,,,,,,,,,,,,,,,,,,,,,,,,,,,250.351885500364,964.4631754998118,964.4776647998951,964.4776647998951,964.4776647998951,964.4776647998951,964.7620608997531,k,left,1,9,5,6,81,17,None,250.65087340027094,250.6511415001005,964.7624177997932,964.7775669996627,964.7775669996627,966.2779909996316,966.2779909996316,966.2624248997308,252.1512125004083,252.15124989999458,966.2708846000023,966.2779909996316,966.2779909996316,967.2832100996748,967.2832100996748,967.261588299647,stimuli/box_empty_transparent.png,253.150391000323,253.15043080039322,967.2617126996629,967.2832100996748,967.2832100996748,967.2621742999181,253.15093880007043,0.2714045997709036,None,,,,,,,,,,,,,,,,55555,right,no,None,2025-05-15_11h34.03.973,RL_out-of-scanner,2024.2.4,59.42572172362194,2025-05-15 11h34.18.394943 -0500,
2,0,2,space,4.9157845000736415,None,5,2.147760699968785,None,,,,,,,,,,,,,,,,,,,2,0,2,0,,,,,,,,,,,,,,,,,,,,,,,,,,,,,,,,,,,,,,,,,,,,,,,,,,,,,,,,,,,,,,,,,,,,,,,,,,,,,,,,,,,967.2775453999639,967.2832100996748,971.2781819999218,971.2782513997518,971.2945633996278,1017.5942377997562,1017.5771747999825,,,55555,right,no,None,2025-05-15_11h34.03.973,RL_out-of-scanner,2024.2.4,59.42572172362194,2025-05-15 11h34.18.394943 -0500,
,,,,,,,,,,,,,,,,,,,,,,,,,,,,,,,,,,,,,,,,,,,,,,,,,,,,,,,,,,,,,,,,,,,,,,,,,,,,,,,,,,,,,,,,,,,,,,,,,,,,,,,,,,,,,,,,,,,,,,,,1017.5773024000227,1017.5776701997966,55555,right,no,None,2025-05-15_11h34.03.973,RL_out-of-scanner,2024.2.4,59.42572172362194,2025-05-15 11h34.18.394943 -0500,
