thisN,thisTrialN,thisRepN,advance_press.keys,advance_press.rt,advance_press.duration,trigger_value.keys,trigger_value.rt,trigger_value.duration,cueOnTime,cue_resp.keys,cue_resp.rt,cue_resp.duration,all_keys.keys,cueOffTime,cueRespOnTime,cueRespOffTime,outcomeOnTime,outcomeOffTime,fixOnTime,fixOffTime,all_keys.rt,all_keys.duration,practice_loop.thisRepN,practice_loop.thisTrialN,practice_loop.thisN,practice_loop.thisIndex,runs.thisRepN,runs.thisTrialN,runs.thisN,runs.thisIndex,trials.thisRepN,trials.thisTrialN,trials.thisN,trials.thisIndex,thisRow.t,notes,prac_dir.started,welcome_text.started,advance_press_pd.started,prac_dir.stopped,advance_press_pd.keys,advance_press_pd.rt,advance_press_pd.duration,summary_instructions.started,summary_text.started,advance_to_runs.started,summary_instructions.stopped,advance_to_runs.keys,advance_to_runs.rt,advance_to_runs.duration,get_ready.started,get_ready_text.started,advance_press.started,get_ready.stopped,runs.advance_press.keys,runs.advance_press.rt,runs.advance_press.duration,scanner_trigger.started,scanner_text.started,trigger_value.started,scanner_trigger.stopped,runs.trigger_value.keys,runs.trigger_value.rt,runs.trigger_value.duration,trials.cueOnTime,cue.started,left_box.started,right_box.started,cue_resp.started,all_keys.started,cue.stopped,trials.cue_resp.keys,trials.cue_resp.rt,trials.cue_resp.duration,good_side,probability_sequence_value,magic_number,num_rewarded,num_switch,total_correct,num_gold_coins,trials.all_keys.keys,trials.cueOffTime,trials.cueRespOnTime,cue_response.started,left_box_response.started,right_box_response.started,left_box_response.stopped,right_box_response.stopped,cue_response.stopped,trials.cueRespOffTime,trials.outcomeOnTime,outcome.started,outcome_left_box.started,outcome_right_box.started,outcome_left_box.stopped,outcome_right_box.stopped,outcome.stopped,outcome_image,trials.outcomeOffTime,trials.fixOnTime,fixation.started,fixation_cross.started,fixation_cross.stopped,fixation.stopped,trials.fixOffTime,run_feedback.started,coins_won_text.started,run_feedback.stopped,leftover_time_break.started,fixation_end.started,fixation_end.stopped,leftover_time_break.stopped,left_box.stopped,right_box.stopped,cue_resp.stopped,all_keys.stopped,trials.all_keys.rt,trials.all_keys.duration,end_exp.started,end_exp.stopped,participant,handedness,practice,restart_from_run,date,expName,psychopyVersion,frameRate,expStart,
,,,,,,,,,,,,,,,,,,,,,,,,,,,,,,,,,,,,,0.0332701001316309,0.03909550001844764,0.03909550001844764,1.8499587001278996,j,1.7932611000724137,None,,,,,,,,,,,,,,,,,,,,,,,,,,,,,,,,,,,,,,,,,,,,,,,,,,,,,,,,,,,,,,,,,,,,,,,,,,,,,,,555555,right,no,None,2025-05-15_11h51.28.385,RL_out-of-scanner,2024.2.4,59.83996389656814,2025-05-15 11h51.44.491690 -0500,
,,,,,,,,,,,,,,,,,,,,,,,,,,,,,,,,,,,,,,,,,,,,1.8503000000491738,1.857946699950844,1.857946699950844,2.7929544001817703,j,0.9279637997969985,None,,,,,,,,,,,,,,,,,,,,,,,,,,,,,,,,,,,,,,,,,,,,,,,,,,,,,,,,,,,,,,,,,,,,,,,,555555,right,no,None,2025-05-15_11h51.28.385,RL_out-of-scanner,2024.2.4,59.83996389656814,2025-05-15 11h51.44.491690 -0500,
0,0,0,space,2.467731500044465,None,5,2.641512700356543,None,0.0021927999332547188,j,0.2416400001384318,None,None,0.26786890020594,0.26824710005894303,1.267176500055939,1.2672143001109362,2.267013799864799,2.2670491002500057,4.28257599985227,,,,,,,0,0,0,0,0,0,0,0,7.975262100342661,,,,,,,,,,,,,,,,2.793345400132239,2.8084885999560356,2.8084885999560356,5.292724700178951,space,2.467731500044465,None,5.292821600101888,5.308660800103098,5.308660800103098,7.95889150025323,5,2.641512700356543,None,0.0021927999332547188,7.961158800404519,7.975262100342661,7.975262100342661,7.975262100342661,7.975262100342661,8.226717700250447,j,0.2416400001384318,None,right,1,13,0,0,0,0,None,0.26786890020594,0.26824710005894303,8.2272127000615,8.242504400201142,8.242504400201142,9.242687799967825,9.242687799967825,9.226073700003326,1.267176500055939,1.2672143001109362,9.235446900129318,9.242687799967825,9.242687799967825,10.241951200179756,10.241951200179756,10.225930700078607,stimuli/box_empty_transparent.png,2.267013799864799,2.2670491002500057,10.226006800308824,10.241951200179756,12.26146120019257,12.241495800204575,4.28257599985227,,,,,,,,,,,,,,,,555555,right,no,None,2025-05-15_11h51.28.385,RL_out-of-scanner,2024.2.4,59.83996389656814,2025-05-15 11h51.44.491690 -0500,
1,0,1,space,2.467731500044465,None,5,2.641512700356543,None,4.28408750006929,j,0.682784500066191,None,None,5.00082329986617,5.001253500115126,6.500732500106096,6.500772499945015,7.50034169992432,7.500374400056899,8.999903699848801,,,,,,,0,0,0,0,1,0,1,0,12.26146120019257,,,,,,,,,,,,,,,,,,,,,,,,,,,,,,4.28408750006929,12.243054000195116,12.26146120019257,12.26146120019257,12.26146120019257,12.26146120019257,12.959680800326169,j,0.682784500066191,None,right,1,13,0,0,0,0,None,5.00082329986617,5.001253500115126,12.960224600043148,12.974968700204045,12.974968700204045,14.474884300027043,14.474884300027043,14.459630800411105,6.500732500106096,6.500772499945015,14.46803310001269,14.474884300027043,14.474884300027043,15.47532600024715,15.47532600024715,15.459259000141174,stimuli/box_empty_transparent.png,7.50034169992432,7.500374400056899,15.459334100130945,15.47532600024715,16.97523730015382,16.958818800281733,8.999903699848801,,,,,,,,,,,,,,,,555555,right,no,None,2025-05-15_11h51.28.385,RL_out-of-scanner,2024.2.4,59.83996389656814,2025-05-15 11h51.44.491690 -0500,
2,0,2,space,2.467731500044465,None,5,2.641512700356543,None,9.001662299968302,k,0.2523635998368263,None,None,9.28430479997769,9.284625200089067,10.2993542002514,10.29940229980275,11.29990669991821,11.299950300250202,14.300127100199461,,,,,,,0,0,0,0,2,0,2,0,16.97523730015382,,,,,,,,,,,,,,,,,,,,,,,,,,,,,,9.001662299968302,16.960632900241762,16.97523730015382,16.97523730015382,16.97523730015382,16.97523730015382,17.243164299987257,k,0.2523635998368263,None,right,1,13,1,0,1,1,None,9.28430479997769,9.284625200089067,17.24359430000186,17.25887250015512,17.25887250015512,18.2761429999955,18.2761429999955,18.25824680039659,10.2993542002514,10.29940229980275,18.269342500250787,18.2761429999955,18.2761429999955,,,19.258816600311548,stimuli/box_coin_transparent.png,11.29990669991821,11.299950300250202,19.258925300091505,19.27483560005203,22.274908400140703,22.259047500323504,14.300127100199461,,,,,,,,,,,,,,,,555555,right,no,None,2025-05-15_11h51.28.385,RL_out-of-scanner,2024.2.4,59.83996389656814,2025-05-15 11h51.44.491690 -0500,
3,0,3,space,2.467731500044465,None,5,2.641512700356543,None,14.301656300202012,j,0.2834136998280883,None,None,14.601336299907416,14.601686700247228,16.599998500198126,16.60003799991682,17.600174800027162,17.600207599811256,18.59979180013761,,,,,,,0,0,0,0,3,0,3,0,22.274908400140703,,,,,,,,,,,,,,,,,,,,,,,,,,,,,,14.301656300202012,22.26062020007521,22.274908400140703,22.274908400140703,22.274908400140703,22.274908400140703,22.560211200267076,j,0.2834136998280883,None,right,1,13,1,0,1,1,None,14.601336299907416,14.601686700247228,22.560652600135654,22.575256700161844,22.575256700161844,24.575810400303453,24.575810400303453,24.558897600043565,16.599998500198126,16.60003799991682,24.56706660008058,24.575810400303453,24.575810400303453,25.574767700396478,25.574767700396478,25.55909250024706,stimuli/box_empty_transparent.png,17.600174800027162,17.600207599811256,25.559168100357056,25.574767700396478,26.574824100360274,26.558707900345325,18.59979180013761,,,,,,,,,,,,,,,,555555,right,no,None,2025-05-15_11h51.28.385,RL_out-of-scanner,2024.2.4,59.83996389656814,2025-05-15 11h51.44.491690 -0500,
4,0,4,space,2.467731500044465,None,5,2.641512700356543,None,18.601405600085855,k,0.26615120004862547,None,None,18.88397159986198,18.8842694000341,19.883501099888235,19.883540300186723,20.883809799794108,20.883845699951053,23.382763599976897,,,,,,,0,0,0,0,4,0,4,0,26.574824100360274,,,,,,,,,,,,,,,,,,,,,,,,,,,,,,18.601405600085855,26.560370000079274,26.574824100360274,26.574824100360274,26.574824100360274,26.574824100360274,26.842841300182045,k,0.26615120004862547,None,right,1,13,2,0,2,2,None,18.88397159986198,18.8842694000341,26.843233600258827,26.858563600108027,26.858563600108027,27.858196600340307,27.858196600340307,27.84240180021152,19.883501099888235,19.883540300186723,27.852358900010586,27.858196600340307,27.858196600340307,28.857487800065428,28.857487800065428,28.842724500223994,stimuli/box_coin_transparent.png,20.883809799794108,20.883845699951053,28.842808000277728,28.857487800065428,31.357315000146627,31.341681400313973,23.382763599976897,,,,,,,,,,,,,,,,555555,right,no,None,2025-05-15_11h51.28.385,RL_out-of-scanner,2024.2.4,59.83996389656814,2025-05-15 11h51.44.491690 -0500,
5,0,5,space,2.467731500044465,None,5,2.641512700356543,None,23.38446980016306,k,0.3688266999088228,None,None,23.784112100023776,23.78443509992212,27.283682399895042,27.28372980002314,28.28332189982757,28.28336190013215,30.283003100194037,,,,,,,0,0,0,0,5,0,5,0,31.357315000146627,,,,,,,,,,,,,,,,,,,,,,,,,,,,,,23.38446980016306,31.343440600205213,31.357315000146627,31.357315000146627,31.357315000146627,31.357315000146627,31.742969800252467,k,0.3688266999088228,None,right,1,13,3,0,3,3,None,23.784112100023776,23.78443509992212,31.743404200300574,31.758352800272405,31.758352800272405,35.258375000208616,35.258375000208616,35.24257730040699,27.283682399895042,27.28372980002314,35.25260950019583,35.258375000208616,35.258375000208616,36.2576403003186,36.2576403003186,36.242236600257456,stimuli/box_coin_transparent.png,28.28332189982757,28.28336190013215,36.24232760025188,36.2576403003186,38.25791920023039,38.241922200191766,30.283003100194037,,,,,,,,,,,,,,,,555555,right,no,None,2025-05-15_11h51.28.385,RL_out-of-scanner,2024.2.4,59.83996389656814,2025-05-15 11h51.44.491690 -0500,
6,0,6,space,2.467731500044465,None,5,2.641512700356543,None,30.28444579988718,k,0.3665767000056803,None,None,30.667882699985057,30.668183899950236,31.666429200209677,31.66647749999538,32.66536109987646,32.66541039990261,33.66513750003651,,,,,,,0,0,0,0,6,0,6,0,38.25791920023039,,,,,,,,,,,,,,,,,,,,,,,,,,,,,,30.28444579988718,38.243410900235176,38.25791920023039,38.25791920023039,38.25791920023039,38.25791920023039,38.62675350019708,k,0.3665767000056803,None,right,0,13,3,0,4,3,None,30.667882699985057,30.668183899950236,38.62715140031651,38.64148200023919,38.64148200023919,39.64085760014132,39.64085760014132,39.62531210016459,31.666429200209677,31.66647749999538,39.63404700020328,39.64085760014132,39.64085760014132,40.640237300191075,40.640237300191075,40.624270600266755,stimuli/box_empty_transparent.png,32.66536109987646,32.66541039990261,40.624388800002635,40.640237300191075,41.64055830007419,41.62405430013314,33.66513750003651,,,,,,,,,,,,,,,,555555,right,no,None,2025-05-15_11h51.28.385,RL_out-of-scanner,2024.2.4,59.83996389656814,2025-05-15 11h51.44.491690 -0500,
7,0,7,space,2.467731500044465,None,5,2.641512700356543,None,33.66692710015923,j,0.24972790013998747,None,None,33.93369940016419,33.93411390017718,35.93308119988069,35.93312089983374,36.93318059993908,36.93321439996362,38.947911499999464,,,,,,,0,0,0,0,7,0,7,0,41.64055830007419,,,,,,,,,,,,,,,,,,,,,,,,,,,,,,33.66692710015923,41.62590150022879,41.64055830007419,41.64055830007419,41.64055830007419,41.64055830007419,41.89255710039288,j,0.24972790013998747,None,right,0,13,3,0,4,3,None,33.93369940016419,33.93411390017718,41.89308360032737,41.9073042999953,41.9073042999953,43.90718600014225,43.90718600014225,43.891982700210065,35.93308119988069,35.93312089983374,43.90051250020042,43.90718600014225,43.90718600014225,44.907525800168514,44.907525800168514,44.89209700003266,stimuli/box_empty_transparent.png,36.93318059993908,36.93321439996362,44.89217570004985,44.907525800168514,46.923541700001806,46.906828599981964,38.947911499999464,,,,,,,,,,,,,,,,555555,right,no,None,2025-05-15_11h51.28.385,RL_out-of-scanner,2024.2.4,59.83996389656814,2025-05-15 11h51.44.491690 -0500,
8,0,8,space,2.467731500044465,None,5,2.641512700356543,None,38.94963030004874,k,0.2620546002872288,None,None,39.23277659993619,39.23309580003843,42.23287399997935,42.23291510017589,43.23257659981027,43.232610600069165,44.730980299878865,,,,,,,0,0,0,0,8,0,8,0,46.923541700001806,,,,,,,,,,,,,,,,,,,,,,,,,,,,,,38.94963030004874,46.9086032002233,46.923541700001806,46.923541700001806,46.923541700001806,46.923541700001806,47.191636400297284,k,0.2620546002872288,None,right,1,13,4,0,5,4,None,39.23277659993619,39.23309580003843,47.19206569995731,47.207115600351244,47.207115600351244,50.20728290034458,50.20728290034458,50.19177280040458,42.23287399997935,42.23291510017589,50.20190940005705,50.20728290034458,50.20728290034458,51.206975399982184,51.206975399982184,51.19149230001494,stimuli/box_coin_transparent.png,43.23257659981027,43.232610600069165,51.19157240027562,51.206975399982184,52.70669780019671,52.68989720009267,44.730980299878865,,,,,,,,,,,,,,,,555555,right,no,None,2025-05-15_11h51.28.385,RL_out-of-scanner,2024.2.4,59.83996389656814,2025-05-15 11h51.44.491690 -0500,
9,0,9,space,2.467731500044465,None,5,2.641512700356543,None,44.733022700063884,k,0.4229017999023199,None,None,45.184061999898404,45.18438420025632,46.68267579982057,46.68271510023624,47.682157000061125,47.682190199848264,49.68186639994383,,,,,,,0,0,0,0,9,0,9,0,52.70669780019671,,,,,,,,,,,,,,,,,,,,,,,,,,,,,,44.733022700063884,52.69199700001627,52.70669780019671,52.70669780019671,52.70669780019671,52.70669780019671,53.1429314003326,k,0.4229017999023199,None,right,1,13,5,0,6,5,None,45.184061999898404,45.18438420025632,53.14335300028324,53.15765260020271,53.15765260020271,54.65764790028334,54.65764790028334,54.641578500159085,46.68267579982057,46.68271510023624,54.65230179997161,54.65764790028334,54.65764790028334,55.656736799981445,55.656736799981445,55.64107360038906,stimuli/box_coin_transparent.png,47.682157000061125,47.682190199848264,55.641150400042534,55.656736799981445,57.65847030002624,57.64078480005264,49.68186639994383,,,,,,,,,,,,,,,,555555,right,no,None,2025-05-15_11h51.28.385,RL_out-of-scanner,2024.2.4,59.83996389656814,2025-05-15 11h51.44.491690 -0500,
10,0,10,space,2.467731500044465,None,5,2.641512700356543,None,49.68330489983782,k,0.5276647000573575,None,None,50.23205489991233,50.23234170023352,51.73213189980015,51.73217689990997,52.732117500156164,52.73215170018375,53.748735500033945,,,,,,,0,0,0,0,10,0,10,0,57.65847030002624,,,,,,,,,,,,,,,,,,,,,,,,,,,,,,49.68330489983782,57.64226990006864,57.65847030002624,57.65847030002624,57.65847030002624,57.65847030002624,58.19091110024601,k,0.5276647000573575,None,right,1,13,6,0,7,6,None,50.23205489991233,50.23234170023352,58.191325900144875,58.20645880000666,58.20645880000666,59.70673420000821,59.70673420000821,59.69102380005643,51.73213189980015,51.73217689990997,59.70086880028248,59.70673420000821,59.70673420000821,60.70718780020252,60.70718780020252,60.69103420013562,stimuli/box_coin_transparent.png,52.732117500156164,52.73215170018375,60.6911129001528,60.70718780020252,61.7242151000537,61.70765370037407,53.748735500033945,,,,,,,,,,,,,,,,555555,right,no,None,2025-05-15_11h51.28.385,RL_out-of-scanner,2024.2.4,59.83996389656814,2025-05-15 11h51.44.491690 -0500,
11,0,11,space,2.467731500044465,None,5,2.641512700356543,None,53.750171000137925,j,0.45547489961609244,None,None,54.232763399835676,54.23313040006906,56.23173179989681,56.23177119996399,57.232074399944395,57.23211310012266,58.73204689985141,,,,,,,0,0,0,0,11,0,11,0,61.7242151000537,,,,,,,,,,,,,,,,,,,,,,,,,,,,,,53.750171000137925,61.70913580013439,61.7242151000537,61.7242151000537,61.7242151000537,61.7242151000537,62.191628200002015,j,0.45547489961609244,None,right,1,13,6,0,7,6,None,54.232763399835676,54.23313040006906,62.19209850020707,62.20728540001437,62.20728540001437,64.20689989998937,64.20689989998937,64.19063250022009,56.23173179989681,56.23177119996399,64.19947610003874,64.20689989998937,64.20689989998937,65.20686070015654,65.20686070015654,65.19098700024188,stimuli/box_empty_transparent.png,57.232074399944395,57.23211310012266,65.19107860000804,65.20686070015654,66.70706519996747,66.6909631001763,58.73204689985141,,,,,,,,,,,,,,,,555555,right,no,None,2025-05-15_11h51.28.385,RL_out-of-scanner,2024.2.4,59.83996389656814,2025-05-15 11h51.44.491690 -0500,
12,0,12,space,2.467731500044465,None,5,2.641512700356543,None,58.73414329998195,j,0.2602705997414887,None,None,59.01604259992018,59.01648599980399,60.015215599909425,60.01526390016079,61.01538209989667,61.01542480010539,64.0144869000651,,,,,,,0,0,0,0,12,0,12,0,66.70706519996747,,,,,,,,,,,,,,,,,,,,,,,,,,,,,,58.73414329998195,66.69310809997842,66.70706519996747,66.70706519996747,66.70706519996747,66.70706519996747,66.97490620007738,j,0.2602705997414887,None,right,1,13,6,0,7,6,None,59.01604259992018,59.01648599980399,66.97545689996332,66.99041830003262,66.99041830003262,67.98979350039735,67.98979350039735,67.97410969994962,60.015215599909425,60.01526390016079,67.98256270028651,67.98979350039735,67.98979350039735,,,68.97429090039805,stimuli/box_empty_transparent.png,61.01538209989667,61.01542480010539,68.9744086000137,68.99002740019932,71.99022389994934,71.97340690018609,64.0144869000651,,,,,,,,,,,,,,,,555555,right,no,None,2025-05-15_11h51.28.385,RL_out-of-scanner,2024.2.4,59.83996389656814,2025-05-15 11h51.44.491690 -0500,
13,0,13,space,2.467731500044465,None,5,2.641512700356543,None,64.01618719985709,k,0.45524320006370544,None,None,64.49932749988511,64.49960710015148,65.01497610006481,65.01501440024003,66.01504490012303,66.01508190017194,68.01378520019352,,,,,,,0,0,0,0,13,0,13,0,71.99022389994934,,,,,,,,,,,,,,,,,,,,,,,,,,,,,,64.01618719985709,71.97515190020204,71.99022389994934,71.99022389994934,71.99022389994934,71.99022389994934,72.45820050034672,k,0.45524320006370544,None,right,1,13,7,0,8,7,None,64.49932749988511,64.49960710015148,72.45856930036098,72.4750410001725,72.4750410001725,72.99048379994929,72.99048379994929,72.97386580007151,65.01497610006481,65.01501440024003,72.98501540021971,72.99048379994929,72.99048379994929,73.98980390001088,73.98980390001088,73.9739570999518,stimuli/box_coin_transparent.png,66.01504490012303,66.01508190017194,73.97404660005122,73.98980390001088,75.98940910026431,75.9727026000619,68.01378520019352,,,,,,,,,,,,,,,,555555,right,no,None,2025-05-15_11h51.28.385,RL_out-of-scanner,2024.2.4,59.83996389656814,2025-05-15 11h51.44.491690 -0500,
14,0,14,space,2.467731500044465,None,5,2.641512700356543,None,68.01549539994448,k,0.22729049995541573,None,None,68.26478660013527,68.26507080020383,69.76501070009544,69.76505130017176,70.76507609989494,70.76510860025883,71.7812900999561,,,,,,,0,0,0,0,14,0,14,0,75.98940910026431,,,,,,,,,,,,,,,,,,,,,,,,,,,,,,68.01549539994448,75.97446099994704,75.98940910026431,75.98940910026431,75.98940910026431,75.98940910026431,76.22363220015541,k,0.22729049995541573,None,right,0,13,7,0,9,7,None,68.26478660013527,68.26507080020383,76.2240393999964,76.23920630011708,76.23920630011708,77.74038129998371,77.74038129998371,77.72391270007938,69.76501070009544,69.76505130017176,77.73232760000974,77.74038129998371,77.74038129998371,78.73998340032995,78.73998340032995,78.72399300010875,stimuli/box_empty_transparent.png,70.76507609989494,70.76510860025883,78.72406900022179,78.73998340032995,79.75648600002751,79.7402099003084,71.7812900999561,,,,,,,,,,,,,,,,555555,right,no,None,2025-05-15_11h51.28.385,RL_out-of-scanner,2024.2.4,59.83996389656814,2025-05-15 11h51.44.491690 -0500,
15,0,15,space,2.467731500044465,None,5,2.641512700356543,None,71.78279979992658,j,0.3758899001404643,None,None,72.182327600196,72.18269390007481,73.18058279994875,73.1806298000738,74.1811199998483,74.18116600019857,76.18083330010995,,,,,,,0,0,0,0,15,0,15,0,79.75648600002751,,,,,,,,,,,,,,,,,,,,,,,,,,,,,,71.78279979992658,79.7417654003948,79.75648600002751,79.75648600002751,79.75648600002751,79.75648600002751,80.14120159996673,j,0.3758899001404643,None,right,0,13,7,0,9,7,None,72.182327600196,72.18269390007481,80.14165890030563,80.15671250037849,80.15671250037849,81.15624900022522,81.15624900022522,81.1394794001244,73.18058279994875,73.1806298000738,81.14934350037947,81.15624900022522,81.15624900022522,,,82.14002010039985,stimuli/box_empty_transparent.png,74.1811199998483,74.18116600019857,82.14013650035486,82.15655710035935,84.15628240024671,84.13975470000878,76.18083330010995,,,,,,,,,,,,,,,,555555,right,no,None,2025-05-15_11h51.28.385,RL_out-of-scanner,2024.2.4,59.83996389656814,2025-05-15 11h51.44.491690 -0500,
16,0,16,space,2.467731500044465,None,5,2.641512700356543,None,76.18245449988171,k,0.26394749991595745,None,None,76.4650694001466,76.46548670018092,78.48066970007494,78.48072879994288,79.48123090015724,79.4812742001377,80.48060210002586,,,,,,,0,0,0,0,16,0,16,0,84.15628240024671,,,,,,,,,,,,,,,,,,,,,,,,,,,,,,76.18245449988171,84.14142590016127,84.15628240024671,84.15628240024671,84.15628240024671,84.15628240024671,84.42391570005566,k,0.26394749991595745,None,right,1,13,8,0,10,8,None,76.4650694001466,76.46548670018092,84.42446350026876,84.44083320023492,84.44083320023492,86.45775800012052,86.45775800012052,86.43955080024898,78.48066970007494,78.48072879994288,86.45263230009004,86.45775800012052,86.45775800012052,,,87.440140100196,stimuli/box_coin_transparent.png,79.48123090015724,79.4812742001377,87.44025560002774,87.45609110035002,88.45680489996448,88.43952240003273,80.48060210002586,,,,,,,,,,,,,,,,555555,right,no,None,2025-05-15_11h51.28.385,RL_out-of-scanner,2024.2.4,59.83996389656814,2025-05-15 11h51.44.491690 -0500,
17,0,17,space,2.467731500044465,None,5,2.641512700356543,None,80.4821254000999,k,0.41568000009283423,None,None,80.91578519996256,80.91607209993526,81.93068000022322,81.93072530021891,82.9312171000056,82.93126149987802,83.92982990015298,,,,,,,0,0,0,0,17,0,17,0,88.45680489996448,,,,,,,,,,,,,,,,,,,,,,,,,,,,,,80.4821254000999,88.44109089998528,88.45680489996448,88.45680489996448,88.45680489996448,88.45680489996448,88.87462030025199,k,0.41568000009283423,None,right,0,13,8,0,11,8,None,80.91578519996256,80.91607209993526,88.87503560027108,88.8910594000481,88.8910594000481,89.90616280026734,89.90616280026734,89.88957680016756,81.93068000022322,81.93072530021891,89.89840430021286,89.90616280026734,89.90616280026734,,,90.8901162003167,stimuli/box_empty_transparent.png,82.9312171000056,82.93126149987802,90.8902349001728,90.90568310022354,91.90548000019044,91.88874670024961,83.92982990015298,,,,,,,,,,,,,,,,555555,right,no,None,2025-05-15_11h51.28.385,RL_out-of-scanner,2024.2.4,59.83996389656814,2025-05-15 11h51.44.491690 -0500,
18,0,18,space,2.467731500044465,None,5,2.641512700356543,None,83.93153600022197,k,0.23472370021045208,None,None,84.19816680019721,84.19854080025107,87.69804760022089,87.6980928000994,88.69785510003567,88.69788810005412,90.6975790001452,,,,,,,0,0,0,0,18,0,18,0,91.90548000019044,,,,,,,,,,,,,,,,,,,,,,,,,,,,,,83.93153600022197,91.89050880027935,91.90548000019044,91.90548000019044,91.90548000019044,91.90548000019044,92.15701339999214,k,0.23472370021045208,None,right,1,13,9,0,12,9,None,84.19816680019721,84.19854080025107,92.15751710021868,92.1723871002905,92.1723871002905,95.67244650004432,95.67244650004432,95.65693789999932,87.69804760022089,87.6980928000994,95.66688700020313,95.67244650004432,95.67244650004432,96.67201820015907,96.67201820015907,96.65677310014144,stimuli/box_coin_transparent.png,88.69785510003567,88.69788810005412,96.6568469000049,96.67201820015907,98.67298330040649,98.65649880003184,90.6975790001452,,,,,,,,,,,,,,,,555555,right,no,None,2025-05-15_11h51.28.385,RL_out-of-scanner,2024.2.4,59.83996389656814,2025-05-15 11h51.44.491690 -0500,
19,0,19,space,2.467731500044465,None,5,2.641512700356543,None,90.69901120010763,k,0.47135249990969896,None,None,91.19847209984437,91.19878710014746,92.19810339994729,92.19814340025187,93.19691530009732,93.19694790011272,94.69720340007916,,,,,,,0,0,0,0,19,0,19,0,98.67298330040649,,,,,,,,,,,,,,,,,,,,,,,,,,,,,,90.69901120010763,98.6579760001041,98.67298330040649,98.67298330040649,98.67298330040649,98.67298330040649,99.15732889994979,k,0.47135249990969896,None,right,1,13,10,0,13,10,None,91.19847209984437,91.19878710014746,99.15775670018047,99.1730553000234,99.1730553000234,100.17232120037079,100.17232120037079,100.15700210025534,92.19810339994729,92.19814340025187,100.16684680012986,100.17232120037079,100.17232120037079,101.17135760001838,101.17135760001838,101.1558318999596,stimuli/box_coin_transparent.png,93.19691530009732,93.19694790011272,101.1559088001959,101.17135760001838,102.67340700002387,102.65612270031124,94.69720340007916,,,,,,,,,,,,,,,,555555,right,no,None,2025-05-15_11h51.28.385,RL_out-of-scanner,2024.2.4,59.83996389656814,2025-05-15 11h51.44.491690 -0500,
20,0,20,space,2.467731500044465,None,5,2.641512700356543,None,94.69872929994017,k,0.9507924998179078,None,None,95.68078090017661,95.6811629999429,97.68124910024926,97.68129600025713,98.68001329991966,98.68005450023338,100.68037350010127,,,,,,,0,0,0,0,20,0,20,0,102.67340700002387,,,,,,,,,,,,,,,,,,,,,,,,,,,,,,94.69872929994017,102.65769450040534,102.67340700002387,102.67340700002387,102.67340700002387,102.67340700002387,103.63962600007653,k,0.9507924998179078,None,right,1,13,11,0,14,11,None,95.68078090017661,95.6811629999429,103.6401444002986,103.65518760029227,103.65518760029227,105.65571180032566,105.65571180032566,105.64014710020274,97.68124910024926,97.68129600025713,105.6499980003573,105.65571180032566,105.65571180032566,106.65454060025513,106.65454060025513,106.6389240003191,stimuli/box_coin_transparent.png,98.68001329991966,98.68005450023338,106.63902720017359,106.65454060025513,108.65559540037066,108.63928640028462,100.68037350010127,,,,,,,,,,,,,,,,555555,right,no,None,2025-05-15_11h51.28.385,RL_out-of-scanner,2024.2.4,59.83996389656814,2025-05-15 11h51.44.491690 -0500,
21,0,21,space,2.467731500044465,None,5,2.641512700356543,None,100.6819295999594,k,0.29316520038992167,None,None,100.99726899992675,100.99756379984319,103.99743189988658,103.99747220007703,104.99698159983382,104.99702059989795,106.49712039995939,,,,,,,0,0,0,0,21,0,21,0,108.65559540037066,,,,,,,,,,,,,,,,,,,,,,,,,,,,,,100.6819295999594,108.64089530007914,108.65559540037066,108.65559540037066,108.65559540037066,108.65559540037066,108.9561278000474,k,0.29316520038992167,None,right,1,13,12,0,15,12,None,100.99726899992675,100.99756379984319,108.95653360011056,108.97172449994832,108.97172449994832,111.97206269996241,111.97206269996241,111.95633020019159,103.99743189988658,103.99747220007703,111.9661504002288,111.97206269996241,111.97206269996241,112.97111769998446,112.97111769998446,112.95589520037174,stimuli/box_coin_transparent.png,104.99698159983382,104.99702059989795,112.95598620036617,112.97111769998446,114.47207040013745,114.45604040008038,106.49712039995939,,,,,,,,,,,,,,,,555555,right,no,None,2025-05-15_11h51.28.385,RL_out-of-scanner,2024.2.4,59.83996389656814,2025-05-15 11h51.44.491690 -0500,
22,0,22,space,2.467731500044465,None,5,2.641512700356543,None,106.49857970001176,k,0.3679577000439167,None,None,106.89717460004613,106.89745970023796,108.39675610000268,108.39679649984464,109.39933930011466,109.39937489992008,111.39659229991958,,,,,,,0,0,0,0,22,0,22,0,114.47207040013745,,,,,,,,,,,,,,,,,,,,,,,,,,,,,,106.49857970001176,114.45754490001127,114.47207040013745,114.47207040013745,114.47207040013745,114.47207040013745,114.85603030025959,k,0.3679577000439167,None,right,1,13,13,0,16,13,None,106.89717460004613,106.89745970023796,114.8564284001477,114.87150630028918,114.87150630028918,116.37176320003346,116.37176320003346,116.3556544999592,108.39675610000268,108.39679649984464,116.36543190013617,116.37176320003346,116.37176320003346,,,117.35825450019911,stimuli/box_coin_transparent.png,109.39933930011466,109.39937489992008,117.35834020003676,117.37183200009167,119.37181550031528,119.35551170026883,111.39659229991958,,,,,,,,,,,,,,,,555555,right,no,None,2025-05-15_11h51.28.385,RL_out-of-scanner,2024.2.4,59.83996389656814,2025-05-15 11h51.44.491690 -0500,
23,0,23,space,2.467731500044465,None,5,2.641512700356543,None,111.39814179996029,k,0.3392690001055598,None,None,111.7650147001259,111.76534799998626,113.26388989994302,113.26392919989303,114.2641496998258,114.2641829000786,115.76353219989687,,,,,,,0,0,0,0,23,0,23,0,119.37181550031528,,,,,,,,,,,,,,,,,,,,,,,,,,,,,,111.39814179996029,119.35710770031437,119.37181550031528,119.37181550031528,119.37181550031528,119.37181550031528,119.72386780008674,k,0.3392690001055598,None,left,1,12,0,1,16,13,None,111.7650147001259,111.76534799998626,119.72431730013341,119.73868119996041,119.73868119996041,121.23954100022092,121.23954100022092,121.22278970014304,113.26388989994302,113.26392919989303,121.23101010033861,121.23954100022092,121.23954100022092,122.23846899997443,122.23846899997443,122.22306610038504,stimuli/box_empty_transparent.png,114.2641496998258,114.2641829000786,122.22314400039613,122.23846899997443,123.73874210007489,123.72244920022786,115.76353219989687,,,,,,,,,,,,,,,,555555,right,no,None,2025-05-15_11h51.28.385,RL_out-of-scanner,2024.2.4,59.83996389656814,2025-05-15 11h51.44.491690 -0500,
24,0,24,space,2.467731500044465,None,5,2.641512700356543,None,115.76527909981087,k,0.32598969992250204,None,None,116.11399739980698,116.11431219987571,118.11273400019854,118.11278349999338,119.11326989997178,119.11331119993702,120.61291350005195,,,,,,,0,0,0,0,24,0,24,0,123.73874210007489,,,,,,,,,,,,,,,,,,,,,,,,,,,,,,115.76527909981087,123.72425020020455,123.73874210007489,123.73874210007489,123.73874210007489,123.73874210007489,124.07285260036588,k,0.32598969992250204,None,left,1,12,0,1,16,13,None,116.11399739980698,116.11431219987571,124.07328160014004,124.08846920030192,124.08846920030192,126.08834900008515,126.08834900008515,126.07162760011852,118.11273400019854,118.11278349999338,126.08084519999102,126.08834900008515,126.08834900008515,127.08729680022225,127.08729680022225,127.07218800019473,stimuli/box_empty_transparent.png,119.11326989997178,119.11331119993702,127.0722861001268,127.08729680022225,128.58901640027761,128.57183200027794,120.61291350005195,,,,,,,,,,,,,,,,555555,right,no,None,2025-05-15_11h51.28.385,RL_out-of-scanner,2024.2.4,59.83996389656814,2025-05-15 11h51.44.491690 -0500,
25,0,25,space,2.467731500044465,None,5,2.641512700356543,None,120.61438649985939,j,0.3697621999308467,None,None,121.01437170011923,121.01478260010481,122.01377469999716,122.01381460018456,123.01428359979764,123.01431739982218,126.51296450011432,,,,,,,0,0,0,0,25,0,25,0,128.58901640027761,,,,,,,,,,,,,,,,,,,,,,,,,,,,,,120.61438649985939,128.57335170032457,128.58901640027761,128.58901640027761,128.58901640027761,128.58901640027761,128.9732362003997,j,0.3697621999308467,None,left,1,12,1,1,17,14,None,121.01437170011923,121.01478260010481,128.97375340014696,128.98856159998104,128.98856159998104,129.98812820017338,129.98812820017338,129.97267349995673,122.01377469999716,122.01381460018456,129.98273809999228,129.98812820017338,129.98812820017338,130.98830550024286,130.98830550024286,130.97319440031424,stimuli/box_coin_transparent.png,123.01428359979764,123.01431739982218,130.9732786002569,130.98830550024286,134.48851170018315,134.4718662002124,126.51296450011432,,,,,,,,,,,,,,,,555555,right,no,None,2025-05-15_11h51.28.385,RL_out-of-scanner,2024.2.4,59.83996389656814,2025-05-15 11h51.44.491690 -0500,
26,0,26,space,2.467731500044465,None,5,2.641512700356543,None,126.51444509997964,k,0.02768369996920228,None,None,126.56428499985486,126.56454870011657,127.06386200012639,127.06390159996226,128.06338539998978,128.06341909989715,131.56271089985967,,,,,,,0,0,0,0,26,0,26,0,134.48851170018315,,,,,,,,,,,,,,,,,,,,,,,,,,,,,,126.51444509997964,134.47341010021046,134.48851170018315,134.48851170018315,134.48851170018315,134.48851170018315,134.52316030021757,k,0.02768369996920228,None,left,1,12,1,1,17,14,None,126.56428499985486,126.56454870011657,134.52351130032912,134.53846150031313,134.53846150031313,135.03806240018457,135.03806240018457,135.02276189997792,127.06386200012639,127.06390159996226,135.03093660017475,135.03806240018457,135.03806240018457,136.03765420010313,136.03765420010313,136.0223008999601,stimuli/box_empty_transparent.png,128.06338539998978,128.06341909989715,136.02237980021164,136.03765420010313,139.53854420036077,139.5216298000887,131.56271089985967,,,,,,,,,,,,,,,,555555,right,no,None,2025-05-15_11h51.28.385,RL_out-of-scanner,2024.2.4,59.83996389656814,2025-05-15 11h51.44.491690 -0500,
27,0,27,space,2.467731500044465,None,5,2.641512700356543,None,131.56421760004014,j,0.6354061001911759,None,None,132.23120700009167,132.23159920005128,133.7302688001655,133.73031450016424,134.72952950000763,134.72956269979477,135.72836130019277,,,,,,,0,0,0,0,27,0,27,0,139.53854420036077,,,,,,,,,,,,,,,,,,,,,,,,,,,,,,131.56421760004014,139.52318290015683,139.53854420036077,139.53854420036077,139.53854420036077,139.53854420036077,140.190064500086,j,0.6354061001911759,None,left,1,12,2,1,18,15,None,132.23120700009167,132.23159920005128,140.19056850019842,140.20503680035472,140.20503680035472,141.7046565003693,141.7046565003693,141.68915900029242,133.7302688001655,133.73031450016424,141.69915240025148,141.7046565003693,141.7046565003693,142.70436530001462,142.70436530001462,142.68844570033252,stimuli/box_coin_transparent.png,134.72952950000763,134.72956269979477,142.68852350022644,142.70436530001462,143.70406690007076,143.68725900026038,135.72836130019277,,,,,,,,,,,,,,,,555555,right,no,None,2025-05-15_11h51.28.385,RL_out-of-scanner,2024.2.4,59.83996389656814,2025-05-15 11h51.44.491690 -0500,
28,0,28,space,2.467731500044465,None,5,2.641512700356543,None,135.73008210025728,k,0.9627535999752581,None,None,136.71420620009303,136.71446839999408,137.713030599989,137.71307240007445,138.71302430005744,138.71305820019916,142.212547800038,,,,,,,0,0,0,0,28,0,28,0,143.70406690007076,,,,,,,,,,,,,,,,,,,,,,,,,,,,,,135.73008210025728,143.68905510008335,143.70406690007076,143.70406690007076,143.70406690007076,143.70406690007076,144.6730812001042,k,0.9627535999752581,None,left,1,12,2,1,18,15,None,136.71420620009303,136.71446839999408,144.67343079997227,144.68853839999065,144.68853839999065,145.68855680013075,145.68855680013075,145.6719150999561,137.713030599989,137.71307240007445,145.68018990010023,145.68855680013075,145.68855680013075,146.68788750004023,146.68788750004023,146.67194090038538,stimuli/box_empty_transparent.png,138.71302430005744,138.71305820019916,146.6720194001682,146.68788750004023,150.18780840002,150.1714650001377,142.212547800038,,,,,,,,,,,,,,,,555555,right,no,None,2025-05-15_11h51.28.385,RL_out-of-scanner,2024.2.4,59.83996389656814,2025-05-15 11h51.44.491690 -0500,
29,0,29,space,2.467731500044465,None,5,2.641512700356543,None,142.2143176002428,j,0.3387140999548137,None,None,142.58042419981211,142.5808230000548,144.5799296000041,144.57997790025547,145.57977499999106,145.5798117998056,146.57812689989805,,,,,,,0,0,0,0,29,0,29,0,150.18780840002,,,,,,,,,,,,,,,,,,,,,,,,,,,,,,142.2143176002428,150.1732895001769,150.18780840002,150.18780840002,150.18780840002,150.18780840002,150.53928090026602,j,0.3387140999548137,None,left,0,12,2,1,19,15,None,142.58042419981211,142.5808230000548,150.53979280032218,150.55486860033125,150.55486860033125,152.55395630002022,152.55395630002022,152.53882340015844,144.5799296000041,144.57997790025547,152.54847849998623,152.55395630002022,152.55395630002022,153.55419120006263,153.55419120006263,153.53868990018964,stimuli/box_empty_transparent.png,145.57977499999106,145.5798117998056,153.53877550037578,153.55419120006263,154.55361200030893,154.53704780014232,146.57812689989805,,,,,,,,,,,,,,,,555555,right,no,None,2025-05-15_11h51.28.385,RL_out-of-scanner,2024.2.4,59.83996389656814,2025-05-15 11h51.44.491690 -0500,
30,0,30,space,2.467731500044465,None,5,2.641512700356543,None,146.57979589980096,k,0.6346118999645114,None,None,147.24618220003322,147.2465027999133,148.24703750014305,148.24708139989525,149.2463135998696,149.24634600011632,150.2461704001762,,,,,,,0,0,0,0,30,0,30,0,154.55361200030893,,,,,,,,,,,,,,,,,,,,,,,,,,,,,,146.57979589980096,154.53876970009878,154.55361200030893,154.55361200030893,154.55361200030893,154.55361200030893,155.2050562002696,k,0.6346118999645114,None,left,0,12,2,1,19,15,None,147.24618220003322,147.2465027999133,155.20546820014715,155.22058220021427,155.22058220021427,156.22080530039966,156.22080530039966,156.2059304001741,148.24703750014305,148.24708139989525,156.21453860029578,156.22080530039966,156.22080530039966,157.22056620009243,157.22056620009243,157.20522959996015,stimuli/box_empty_transparent.png,149.2463135998696,149.24634600011632,157.2053056000732,157.22056620009243,158.2213502000086,158.20508930040523,150.2461704001762,,,,,,,,,,,,,,,,555555,right,no,None,2025-05-15_11h51.28.385,RL_out-of-scanner,2024.2.4,59.83996389656814,2025-05-15 11h51.44.491690 -0500,
31,0,31,space,2.467731500044465,None,5,2.641512700356543,None,150.24765660008416,j,0.5479468000121415,None,None,150.813222900033,150.8135816999711,153.81289000017568,153.81292759999633,154.81179240019992,154.81183440005407,157.3121707001701,,,,,,,0,0,0,0,31,0,31,0,158.2213502000086,,,,,,,,,,,,,,,,,,,,,,,,,,,,,,150.24765660008416,158.2066222000867,158.2213502000086,158.2213502000086,158.2213502000086,158.2213502000086,158.77210110006854,j,0.5479468000121415,None,left,0,12,2,1,20,15,None,150.813222900033,150.8135816999711,158.7725470000878,158.78804840007797,158.78804840007797,161.78697160026059,161.78697160026059,161.77178870001808,153.81289000017568,153.81292759999633,161.78012940008193,161.78697160026059,161.78697160026059,162.78635570034385,162.78635570034385,162.770702900365,stimuli/box_empty_transparent.png,154.81179240019992,154.81183440005407,162.77082270011306,162.78635570034385,165.28744900040329,165.27108650002629,157.3121707001701,,,,,,,,,,,,,,,,555555,right,no,None,2025-05-15_11h51.28.385,RL_out-of-scanner,2024.2.4,59.83996389656814,2025-05-15 11h51.44.491690 -0500,
32,0,32,space,2.467731500044465,None,5,2.641512700356543,None,157.31373890023679,k,1.2704511997289956,None,None,158.61278149997815,158.61304129986092,159.61268049990758,159.61271640006453,160.61272739991546,160.61276370007545,161.61196460016072,,,,,,,0,0,0,0,32,0,32,0,165.28744900040329,,,,,,,,,,,,,,,,,,,,,,,,,,,,,,157.31373890023679,165.27270440012217,165.28744900040329,165.28744900040329,165.28744900040329,165.28744900040329,166.57165609998628,k,1.2704511997289956,None,left,0,12,2,1,20,15,None,158.61278149997815,158.61304129986092,166.57200419995934,166.5869122003205,166.5869122003205,167.58699560025707,167.58699560025707,167.57158220000565,159.61268049990758,159.61271640006453,167.57967570004985,167.58699560025707,167.58699560025707,168.58739370014518,168.58739370014518,168.57163979997858,stimuli/box_empty_transparent.png,160.61272739991546,160.61276370007545,168.57173170009628,168.58739370014518,169.58764730021358,169.57088110037148,161.61196460016072,,,,,,,,,,,,,,,,555555,right,no,None,2025-05-15_11h51.28.385,RL_out-of-scanner,2024.2.4,59.83996389656814,2025-05-15 11h51.44.491690 -0500,
33,0,33,space,2.467731500044465,None,5,2.641512700356543,None,161.61351680010557,k,0.535727399867028,None,None,162.18002209998667,162.18028490012512,164.17804110003635,164.178084500134,165.1784744001925,165.17850709985942,166.67817169986665,,,,,,,0,0,0,0,33,0,33,0,169.58764730021358,,,,,,,,,,,,,,,,,,,,,,,,,,,,,,161.61351680010557,169.57248090021312,169.58764730021358,169.58764730021358,169.58764730021358,169.58764730021358,170.13889950001612,k,0.535727399867028,None,left,0,12,2,1,20,15,None,162.18002209998667,162.18028490012512,170.13924690010026,170.15395490033552,170.15395490033552,172.15373280039057,172.15373280039057,172.13693900033832,164.17804110003635,164.178084500134,172.14578599995002,172.15373280039057,172.15373280039057,,,173.13739020004869,stimuli/box_empty_transparent.png,165.1784744001925,165.17850709985942,173.13747020019218,173.15340880025178,174.6536905001849,174.63708800030872,166.67817169986665,,,,,,,,,,,,,,,,555555,right,no,None,2025-05-15_11h51.28.385,RL_out-of-scanner,2024.2.4,59.83996389656814,2025-05-15 11h51.44.491690 -0500,
34,0,34,space,2.467731500044465,None,5,2.641512700356543,None,166.67968480009586,j,0.3487931997515261,None,None,167.04683959996328,167.04730670014396,170.04505670024082,170.04510019998997,171.04556829994544,171.04559980006889,173.54516940005124,,,,,,,0,0,0,0,34,0,34,0,174.6536905001849,,,,,,,,,,,,,,,,,,,,,,,,,,,,,,166.67968480009586,174.63864949997514,174.6536905001849,174.6536905001849,174.6536905001849,174.6536905001849,175.0057186000049,j,0.3487931997515261,None,left,0,12,2,1,21,15,None,167.04683959996328,167.04730670014396,175.0062726000324,175.02086709998548,175.02086709998548,178.02027320023626,178.02027320023626,178.0039510000497,170.04505670024082,170.04510019998997,178.01298500038683,178.02027320023626,178.02027320023626,179.0199013003148,179.0199013003148,179.00448420038447,stimuli/box_empty_transparent.png,171.04556829994544,171.04559980006889,179.0045596002601,179.0199013003148,181.52007770026103,181.5040851002559,173.54516940005124,,,,,,,,,,,,,,,,555555,right,no,None,2025-05-15_11h51.28.385,RL_out-of-scanner,2024.2.4,59.83996389656814,2025-05-15 11h51.44.491690 -0500,
35,0,35,space,2.467731500044465,None,5,2.641512700356543,None,173.54661510000005,k,0.517875200137496,None,None,174.0963249001652,174.0966260000132,175.59426659997553,175.59431520011276,176.59483140008524,176.59487270005047,177.59508110024035,,,,,,,0,0,0,0,35,0,35,0,181.52007770026103,,,,,,,,,,,,,,,,,,,,,,,,,,,,,,173.54661510000005,181.50557940034196,181.52007770026103,181.52007770026103,181.52007770026103,181.52007770026103,182.05519250035286,k,0.517875200137496,None,left,0,12,2,1,21,15,None,174.0963249001652,174.0966260000132,182.05560020031407,182.07030210038647,182.07030210038647,183.57001410005614,183.57001410005614,183.55315460031852,175.59426659997553,175.59431520011276,183.563493499998,183.57001410005614,183.57001410005614,,,184.55374320037663,stimuli/box_empty_transparent.png,176.59483140008524,176.59487270005047,184.5538361002691,184.56961819995195,185.56999540003017,185.55399730009958,177.59508110024035,,,,,,,,,,,,,,,,555555,right,no,None,2025-05-15_11h51.28.385,RL_out-of-scanner,2024.2.4,59.83996389656814,2025-05-15 11h51.44.491690 -0500,
36,0,36,space,2.467731500044465,None,5,2.641512700356543,None,177.59684879984707,k,0.6443879003636539,None,None,178.26251860009506,178.26278659980744,179.76230539986864,179.76234170002863,180.76094170007855,180.76098390016705,184.26112490007654,,,,,,,0,0,0,0,36,0,36,0,185.56999540003017,,,,,,,,,,,,,,,,,,,,,,,,,,,,,,177.59684879984707,185.55581980012357,185.56999540003017,185.56999540003017,185.56999540003017,185.56999540003017,186.22138310037553,k,0.6443879003636539,None,left,0,12,2,1,21,15,None,178.26251860009506,178.26278659980744,186.22174950037152,186.23766250023618,186.23766250023618,187.73630750039592,187.73630750039592,187.72120220027864,179.76230539986864,179.76234170002863,187.7294169999659,187.73630750039592,187.73630750039592,188.73540880018845,188.73540880018845,188.71985080000013,stimuli/box_empty_transparent.png,180.76094170007855,180.76098390016705,188.71995660010725,188.73540880018845,192.23688740003854,192.22003810014576,184.26112490007654,,,,,,,,,,,,,,,,555555,right,no,None,2025-05-15_11h51.28.385,RL_out-of-scanner,2024.2.4,59.83996389656814,2025-05-15 11h51.44.491690 -0500,
37,0,37,space,2.467731500044465,None,5,2.641512700356543,None,184.26268270006403,k,0.40825309976935387,None,None,184.69586669979617,184.69619930023327,186.69506670022383,186.69510990008712,187.6952235000208,187.6952547999099,188.69446759996936,,,,,,,0,0,0,0,37,0,37,0,192.23688740003854,,,,,,,,,,,,,,,,,,,,,,,,,,,,,,184.26268270006403,192.22164740040898,192.23688740003854,192.23688740003854,192.23688740003854,192.23688740003854,192.65473160007969,k,0.40825309976935387,None,left,0,12,2,1,21,15,None,184.69586669979617,184.69619930023327,192.65516780037433,192.67021570028737,192.67021570028737,194.66957930009812,194.66957930009812,194.65396020002663,186.69506670022383,186.69510990008712,194.66241610003635,194.66957930009812,194.66957930009812,,,195.65413960022852,stimuli/box_empty_transparent.png,187.6952235000208,187.6952547999099,195.6542176003568,195.6694371001795,196.6692182002589,196.65338330017403,188.69446759996936,,,,,,,,,,,,,,,,555555,right,no,None,2025-05-15_11h51.28.385,RL_out-of-scanner,2024.2.4,59.83996389656814,2025-05-15 11h51.44.491690 -0500,
38,0,38,space,2.467731500044465,None,5,2.641512700356543,None,188.6963193998672,k,0.39413970010355115,None,None,189.11141860019416,189.11171639990062,190.12729440024123,190.1273384001106,191.1275802999735,191.12761100009084,192.62664460018277,,,,,,,0,0,0,0,38,0,38,0,196.6692182002589,,,,,,,,,,,,,,,,,,,,,,,,,,,,,,188.6963193998672,196.65528580034152,196.6692182002589,196.6692182002589,196.6692182002589,196.6692182002589,197.07028250023723,k,0.39413970010355115,None,left,0,12,2,1,21,15,None,189.11141860019416,189.11171639990062,197.0706844003871,197.0868508000858,197.0868508000858,198.10320060001686,198.10320060001686,198.08618790004402,190.12729440024123,190.1273384001106,198.0951609001495,198.10320060001686,198.10320060001686,,,199.0864926003851,stimuli/box_empty_transparent.png,191.1275802999735,191.12761100009084,199.0865720002912,199.10264590010047,200.60233320016414,200.58555840002373,192.62664460018277,,,,,,,,,,,,,,,,555555,right,no,None,2025-05-15_11h51.28.385,RL_out-of-scanner,2024.2.4,59.83996389656814,2025-05-15 11h51.44.491690 -0500,
39,0,39,space,2.467731500044465,None,5,2.641512700356543,None,192.62880160007626,j,0.23087080009281635,None,None,192.87796070007607,192.87840070016682,193.87883180007339,193.87887750007212,194.87796780001372,194.87801019987091,195.8933179001324,,,,,,,0,0,0,0,39,0,39,0,200.60233320016414,,,,,,,,,,,,,,,,,,,,,,,,,,,,,,192.62880160007626,200.5877790004015,200.60233320016414,200.60233320016414,200.60233320016414,200.60233320016414,200.83679280010983,j,0.23087080009281635,None,left,0,12,2,1,22,15,None,192.87796070007607,192.87840070016682,200.83737700013444,200.85246280021966,200.85246280021966,201.8525841999799,201.8525841999799,201.837722199969,193.87883180007339,193.87887750007212,201.84613399999216,201.8525841999799,201.8525841999799,202.8529882002622,202.8529882002622,202.8368775001727,stimuli/box_empty_transparent.png,194.87796780001372,194.87801019987091,202.8369762999937,202.8529882002622,203.86917020007968,203.85223289998248,195.8933179001324,,,,,,,,,,,,,,,,555555,right,no,None,2025-05-15_11h51.28.385,RL_out-of-scanner,2024.2.4,59.83996389656814,2025-05-15 11h51.44.491690 -0500,
40,0,40,space,2.467731500044465,None,5,2.641512700356543,None,195.8948518000543,k,0.336147699970752,None,None,196.26143199997023,196.2616954999976,197.7623419999145,197.76239300007,198.7767456001602,198.7767769000493,199.77719670021906,,,,,,,0,0,0,0,40,0,40,0,203.86917020007968,,,,,,,,,,,,,,,,,,,,,,,,,,,,,,195.8948518000543,203.85381830018014,203.86917020007968,203.86917020007968,203.86917020007968,203.86917020007968,204.2203136002645,k,0.336147699970752,None,left,0,12,2,1,22,15,None,196.26143199997023,196.2616954999976,204.22065770020708,204.23570370022207,204.23570370022207,205.73923639999703,205.73923639999703,205.7212279001251,197.7623419999145,197.76239300007,205.7322447001934,205.73923639999703,205.73923639999703,,,206.7356620002538,stimuli/box_empty_transparent.png,198.7767456001602,198.7767769000493,206.73573740012944,206.7526802001521,207.75235890038311,207.73610810004175,199.77719670021906,,,,,,,,,,,,,,,,555555,right,no,None,2025-05-15_11h51.28.385,RL_out-of-scanner,2024.2.4,59.83996389656814,2025-05-15 11h51.44.491690 -0500,
41,0,41,space,2.467731500044465,None,5,2.641512700356543,None,199.77942560007796,j,0.41867770021781325,None,None,200.22844310011715,200.2287926999852,201.22762629995123,201.227670900058,202.22771340003237,202.22774389991537,205.2271304000169,,,,,,,0,0,0,0,41,0,41,0,207.75235890038311,,,,,,,,,,,,,,,,,,,,,,,,,,,,,,199.77942560007796,207.7384022003971,207.75235890038311,207.75235890038311,207.75235890038311,207.75235890038311,208.18730290001258,j,0.41867770021781325,None,left,1,12,3,1,23,16,None,200.22844310011715,200.2287926999852,208.1877586003393,208.20210530003533,208.20210530003533,209.20254039997235,209.20254039997235,209.1865205001086,201.22762629995123,201.227670900058,209.1969695002772,209.20254039997235,209.20254039997235,210.20215320028365,210.20215320028365,210.18663280038163,stimuli/box_coin_transparent.png,202.22771340003237,202.22774389991537,210.18670319998637,210.20215320028365,213.20238610031083,213.1860510003753,205.2271304000169,,,,,,,,,,,,,,,,555555,right,no,None,2025-05-15_11h51.28.385,RL_out-of-scanner,2024.2.4,59.83996389656814,2025-05-15 11h51.44.491690 -0500,
42,0,42,space,2.467731500044465,None,5,2.641512700356543,None,205.22861849982291,k,0.6463581002317369,None,None,205.89521849993616,205.89548140019178,207.89441990014166,207.89446299988776,208.89471790008247,208.8947518998757,212.39369519986212,,,,,,,0,0,0,0,42,0,42,0,213.20238610031083,,,,,,,,,,,,,,,,,,,,,,,,,,,,,,205.22861849982291,213.18758300039917,213.20238610031083,213.20238610031083,213.20238610031083,213.20238610031083,213.8540982999839,k,0.6463581002317369,None,left,1,12,3,1,23,16,None,205.89521849993616,205.89548140019178,213.85444390028715,213.86926360009238,213.86926360009238,215.86888390034437,215.86888390034437,215.85331010026857,207.89441990014166,207.89446299988776,215.86163680022582,215.86888390034437,215.86888390034437,216.8691345001571,216.8691345001571,216.85363380005583,stimuli/box_empty_transparent.png,208.89471790008247,208.8947518998757,216.85371570009738,216.8691345001571,220.36910130036995,220.35261030029505,212.39369519986212,,,,,,,,,,,,,,,,555555,right,no,None,2025-05-15_11h51.28.385,RL_out-of-scanner,2024.2.4,59.83996389656814,2025-05-15 11h51.44.491690 -0500,
43,0,43,space,2.467731500044465,None,5,2.641512700356543,None,212.3955207001418,j,0.35296889999881387,None,None,212.77826979989186,212.77867020014673,213.7774900002405,213.77752690017223,214.77737879985943,214.77740960009396,216.77721079997718,,,,,,,0,0,0,0,43,0,43,0,220.36910130036995,,,,,,,,,,,,,,,,,,,,,,,,,,,,,,212.3955207001418,220.35449140006676,220.36910130036995,220.36910130036995,220.36910130036995,220.36910130036995,220.73713180003688,j,0.35296889999881387,None,left,1,12,4,1,24,17,None,212.77826979989186,212.77867020014673,220.73764030029997,220.75251860031858,220.75251860031858,221.75212060008198,221.75212060008198,221.7363841002807,213.7774900002405,213.77752690017223,221.74651830038056,221.75212060008198,221.75212060008198,222.7521079001017,222.7521079001017,222.73629630031064,stimuli/box_coin_transparent.png,214.77737879985943,214.77740960009396,222.7363699004054,222.7521079001017,224.75244670035318,224.7361300000921,216.77721079997718,,,,,,,,,,,,,,,,555555,right,no,None,2025-05-15_11h51.28.385,RL_out-of-scanner,2024.2.4,59.83996389656814,2025-05-15 11h51.44.491690 -0500,
44,0,44,space,2.467731500044465,None,5,2.641512700356543,None,216.77871329989284,j,0.8735992000438273,None,None,217.6785099999979,217.67888339981437,220.1942886998877,220.19433420011774,221.19294540025294,221.19298670021817,223.19371950021014,,,,,,,0,0,0,0,44,0,44,0,224.75244670035318,,,,,,,,,,,,,,,,,,,,,,,,,,,,,,216.77871329989284,224.73767770035192,224.75244670035318,224.75244670035318,224.75244670035318,224.75244670035318,225.63736509997398,j,0.8735992000438273,None,left,1,12,5,1,25,18,None,217.6785099999979,217.67888339981437,225.63784810015932,225.6542845000513,225.6542845000513,228.1686154003255,228.1686154003255,228.15317860012874,220.1942886998877,220.19433420011774,228.16362170036882,228.1686154003255,228.1686154003255,229.1676079002209,229.1676079002209,229.15185640007257,stimuli/box_coin_transparent.png,221.19294540025294,221.19298670021817,229.15196030028164,229.1676079002209,231.168778100051,231.1526383999735,223.19371950021014,,,,,,,,,,,,,,,,555555,right,no,None,2025-05-15_11h51.28.385,RL_out-of-scanner,2024.2.4,59.83996389656814,2025-05-15 11h51.44.491690 -0500,
45,0,45,space,2.467731500044465,None,5,2.641512700356543,None,223.1952398000285,j,0.6185755003243685,None,None,223.84485810017213,223.84521820023656,224.84398850006983,224.84402529988438,225.84407729981467,225.84410949982703,226.8422226998955,,,,,,,0,0,0,0,45,0,45,0,231.168778100051,,,,,,,,,,,,,,,,,,,,,,,,,,,,,,223.1952398000285,231.15420390013605,231.168778100051,231.168778100051,231.168778100051,231.168778100051,231.80373210040852,j,0.6185755003243685,None,left,1,12,6,1,26,19,None,223.84485810017213,223.84521820023656,231.80418130010366,231.81958839995787,231.81958839995787,232.81852830015123,232.81852830015123,232.80288770003244,224.84398850006983,224.84402529988438,232.81285490002483,232.81852830015123,232.81852830015123,233.8183047999628,233.8183047999628,233.8029962000437,stimuli/box_coin_transparent.png,225.84407729981467,225.84410949982703,233.80307080037892,233.8183047999628,234.81790310004726,234.80113920010626,226.8422226998955,,,,,,,,,,,,,,,,555555,right,no,None,2025-05-15_11h51.28.385,RL_out-of-scanner,2024.2.4,59.83996389656814,2025-05-15 11h51.44.491690 -0500,
46,0,46,space,2.467731500044465,None,5,2.641512700356543,None,226.8439019001089,j,0.39054759964346886,None,None,227.26086100004613,227.2612386001274,229.26030750013888,229.2603444000706,230.26061550015584,230.2606521998532,231.27716579986736,,,,,,,0,0,0,0,46,0,46,0,234.81790310004726,,,,,,,,,,,,,,,,,,,,,,,,,,,,,,226.8439019001089,234.80287320027128,234.81790310004726,234.81790310004726,234.81790310004726,234.81790310004726,235.2197227999568,j,0.39054759964346886,None,left,1,12,7,1,27,20,None,227.26086100004613,227.2612386001274,235.22020410001278,235.23481480032206,235.23481480032206,237.23497800016776,237.23497800016776,237.2192057003267,229.26030750013888,229.2603444000706,237.22910960018635,237.23497800016776,237.23497800016776,,,238.21952170040458,stimuli/box_coin_transparent.png,230.26061550015584,230.2606521998532,238.21961570018902,238.23562930012122,239.25230840034783,239.2360847000964,231.27716579986736,,,,,,,,,,,,,,,,555555,right,no,None,2025-05-15_11h51.28.385,RL_out-of-scanner,2024.2.4,59.83996389656814,2025-05-15 11h51.44.491690 -0500,
47,0,47,space,2.467731500044465,None,5,2.641512700356543,None,231.278627499938,j,0.4480755003169179,None,None,231.7447322998196,231.74505629995838,234.74401339981705,234.7440499002114,235.7438000999391,235.74383179983124,237.24365200009197,,,,,,,0,0,0,0,47,0,47,0,239.25230840034783,,,,,,,,,,,,,,,,,,,,,,,,,,,,,,231.278627499938,239.23759220028296,239.25230840034783,239.25230840034783,239.25230840034783,239.25230840034783,239.70361210033298,j,0.4480755003169179,None,left,1,12,8,1,28,21,None,231.7447322998196,231.74505629995838,239.70401870040223,239.71852590003982,239.71852590003982,242.71806820016354,242.71806820016354,242.70291510038078,234.74401339981705,234.7440499002114,242.71278920024633,242.71806820016354,242.71806820016354,243.71807880001143,243.71807880001143,243.70271720038727,stimuli/box_coin_transparent.png,235.7438000999391,235.74383179983124,243.70279290014878,243.71807880001143,245.2184458002448,245.2025696001947,237.24365200009197,,,,,,,,,,,,,,,,555555,right,no,None,2025-05-15_11h51.28.385,RL_out-of-scanner,2024.2.4,59.83996389656814,2025-05-15 11h51.44.491690 -0500,
48,0,48,space,2.467731500044465,None,5,2.641512700356543,None,237.2451666998677,j,0.5035854000598192,None,None,237.7775472002104,237.77790109999478,239.277083999943,239.27712580002844,240.27695959992707,240.2769949999638,243.79181009996682,,,,,,,0,0,0,0,48,0,48,0,245.2184458002448,,,,,,,,,,,,,,,,,,,,,,,,,,,,,,237.2451666998677,245.20413170009851,245.2184458002448,245.2184458002448,245.2184458002448,245.2184458002448,245.7364161000587,j,0.5035854000598192,None,left,1,12,9,1,29,22,None,237.7775472002104,237.77790109999478,245.7368860002607,245.7516652001068,245.7516652001068,247.25164759997278,247.25164759997278,247.23597900010645,239.277083999943,239.27712580002844,247.24645740026608,247.25164759997278,247.25164759997278,248.25155499996617,248.25155499996617,248.23587319999933,stimuli/box_coin_transparent.png,240.27695959992707,240.2769949999638,248.2359609999694,248.25155499996617,251.7674630000256,251.75072970008478,243.79181009996682,,,,,,,,,,,,,,,,555555,right,no,None,2025-05-15_11h51.28.385,RL_out-of-scanner,2024.2.4,59.83996389656814,2025-05-15 11h51.44.491690 -0500,
49,0,49,space,2.467731500044465,None,5,2.641512700356543,None,243.7933235000819,j,0.5720783001743257,None,None,244.39340660022572,244.39378810022026,245.89335370017216,245.89339740015566,246.8934646998532,246.89349550008774,246.8939088000916,,,,,,,0,0,0,0,49,0,49,0,251.7674630000256,,,,,,,,,,,,,,,,,,,,,,,,,,,,,,243.7933235000819,251.75228970032185,251.7674630000256,251.7674630000256,251.7674630000256,251.7674630000256,252.35227070003748,j,0.5720783001743257,None,left,1,12,10,1,30,23,None,244.39340660022572,244.39378810022026,252.35275800013915,252.3676499002613,252.3676499002613,253.86766650015488,253.86766650015488,253.8522453000769,245.89335370017216,245.89339740015566,253.86220150021836,253.86766650015488,253.86766650015488,254.87317500030622,254.87317500030622,254.8523818999529,stimuli/box_coin_transparent.png,246.8934646998532,246.89349550008774,254.85245610028505,254.87317500030622,254.87317500030622,254.8528301003389,246.8939088000916,,,,,,,,,,,,,,,,555555,right,no,None,2025-05-15_11h51.28.385,RL_out-of-scanner,2024.2.4,59.83996389656814,2025-05-15 11h51.44.491690 -0500,
0,0,0,space,2.467731500044465,None,5,2.641512700356543,None,,,,,,,,,,,,,,,,,,,0,0,0,0,,,,,,,,,,,,,,,,,,,,,,,,,,,,,,,,,,,,,,,,,,,,,,,,,,,,,,,,,,,,,,,,,,,,,,,,,,,,,254.86862300010398,254.87317500030622,258.86786710005254,258.8706150003709,258.8847030000761,311.49965550005436,311.4834191002883,,,,,,,,,555555,right,no,None,2025-05-15_11h51.28.385,RL_out-of-scanner,2024.2.4,59.83996389656814,2025-05-15 11h51.44.491690 -0500,
0,0,0,space,8.577396600041538,None,5,1.9895828003063798,None,0.0017059999518096447,None,,,['j'],1.500604699831456,1.5006812997162342,2.5008640997111797,2.500901599880308,3.499018100090325,3.4990623998455703,5.499433199875057,[1.0838953000493348],[0.09238630020990968],,,,,1,0,1,0,0,0,0,0,322.1159532000311,,,,,,,,,,,,,,,,311.4836371000856,311.49965550005436,311.49965550005436,320.0825571999885,space,8.577396600041538,None,320.0826891004108,320.09822789998725,320.09822789998725,322.1002196003683,5,1.9895828003063798,None,0.0017059999518096447,322.10199560038745,322.1159532000311,322.1159532000311,322.1159532000311,322.1159532000311,323.60078340023756,None,,,right,1,10,0,2,30,0,['j'],1.500604699831456,1.5006812997162342,323.60096510034055,323.6165777002461,323.6165777002461,324.61623050039634,324.61623050039634,324.6010857000947,2.5008640997111797,2.500901599880308,324.6096343002282,324.61623050039634,324.61623050039634,325.61493090027943,325.61493090027943,325.5992505000904,no selection made,3.499018100090325,3.4990623998455703,325.59935780009255,325.61493090027943,327.61564830038697,327.59967740019783,5.499433199875057,,,,,,,,323.6165777002461,323.6165777002461,323.6165777002461,323.6165777002461,[1.0838953000493348],[0.09238630020990968],,,555555,right,no,None,2025-05-15_11h51.28.385,RL_out-of-scanner,2024.2.4,59.83996389656814,2025-05-15 11h51.44.491690 -0500,
1,0,1,space,8.577396600041538,None,5,1.9895828003063798,None,5.500878899823874,j,0.26653339993208647,None,None,5.7841710997745395,5.784575399942696,7.283548499923199,7.283591900020838,8.283227200154215,8.283258399926126,9.781868000049144,,,,,,,1,0,1,0,1,0,1,0,327.61564830038697,,,,,,,,,,,,,,,,,,,,,,,,,,,,,,5.500878899823874,327.60116820037365,327.61564830038697,327.61564830038697,327.61564830038697,327.61564830038697,327.88435410009697,j,0.26653339993208647,None,right,1,10,0,2,30,0,None,5.7841710997745395,5.784575399942696,327.8848697002977,327.89949570037425,327.89949570037425,329.398878400214,329.398878400214,329.3837659000419,7.283548499923199,7.283591900020838,329.3921856000088,329.398878400214,329.398878400214,330.39866250008345,330.39866250008345,330.3834677999839,stimuli/box_empty_transparent.png,8.283227200154215,8.283258399926126,330.3835444999859,330.39866250008345,331.89868320012465,331.88210980035365,9.781868000049144,,,,,,,,,,,,,,,,555555,right,no,None,2025-05-15_11h51.28.385,RL_out-of-scanner,2024.2.4,59.83996389656814,2025-05-15 11h51.44.491690 -0500,
2,0,2,space,8.577396600041538,None,5,1.9895828003063798,None,9.783786399755627,k,1.2353759002871811,None,None,11.05027490016073,11.050536000169814,12.049552499782294,12.049589799717069,13.049222399946302,13.049253299832344,16.048958799801767,,,,,,,1,0,1,0,2,0,2,0,331.89868320012465,,,,,,,,,,,,,,,,,,,,,,,,,,,,,,9.783786399755627,331.88408720027655,331.89868320012465,331.89868320012465,331.89868320012465,331.89868320012465,333.15047380002216,k,1.2353759002871811,None,right,1,10,1,2,31,1,None,11.05027490016073,11.050536000169814,333.1508233002387,333.1655246000737,333.1655246000737,334.1653905999847,334.1653905999847,334.1497766999528,12.049552499782294,12.049589799717069,334.1595625001937,334.1653905999847,334.1653905999847,335.16565230023116,335.16565230023116,335.14946390036494,stimuli/box_coin_transparent.png,13.049222399946302,13.049253299832344,335.14953860035166,335.16565230023116,338.16575010027736,338.14920280035585,16.048958799801767,,,,,,,,,,,,,,,,555555,right,no,None,2025-05-15_11h51.28.385,RL_out-of-scanner,2024.2.4,59.83996389656814,2025-05-15 11h51.44.491690 -0500,
3,0,3,space,8.577396600041538,None,5,1.9895828003063798,None,16.050399099942297,k,0.4199839001521468,None,None,16.499978499952704,16.500270599965006,18.499100199900568,18.499139199964702,19.499846099875867,19.499882800038904,20.514848799910396,,,,,,,1,0,1,0,3,0,3,0,338.16575010027736,,,,,,,,,,,,,,,,,,,,,,,,,,,,,,16.050399099942297,338.1506890002638,338.16575010027736,338.16575010027736,338.16575010027736,338.16575010027736,338.6001784000546,k,0.4199839001521468,None,right,0,10,1,2,32,1,None,16.499978499952704,16.500270599965006,338.6005590003915,338.616287200246,338.616287200246,340.61619780026376,340.61619780026376,340.59932340029627,18.499100199900568,18.499139199964702,340.60755280032754,340.61619780026376,340.61619780026376,341.6187557000667,341.6187557000667,341.60008410038427,stimuli/box_empty_transparent.png,19.499846099875867,19.499882800038904,341.6001727003604,341.6187557000667,342.6316289999522,342.6150927999988,20.514848799910396,,,,,,,,,,,,,,,,555555,right,no,None,2025-05-15_11h51.28.385,RL_out-of-scanner,2024.2.4,59.83996389656814,2025-05-15 11h51.44.491690 -0500,
4,0,4,space,8.577396600041538,None,5,1.9895828003063798,None,20.51630390016362,j,0.47885920014232397,None,None,21.01561040012166,21.01596499979496,22.015896399971098,22.015941800083965,23.016365400049835,23.016423900146037,25.515378300100565,,,,,,,1,0,1,0,4,0,4,0,342.6316289999522,,,,,,,,,,,,,,,,,,,,,,,,,,,,,,20.51630390016362,342.61659550014883,342.6316289999522,342.6316289999522,342.6316289999522,342.6316289999522,343.11581150023267,j,0.47885920014232397,None,right,0,10,1,2,32,1,None,21.01561040012166,21.01596499979496,343.1162606002763,343.13141439994797,343.13141439994797,344.13185130013153,344.13185130013153,344.11611710023135,22.015896399971098,22.015941800083965,344.1259854002856,344.13185130013153,344.13185130013153,,,345.11658590007573,stimuli/box_empty_transparent.png,23.016365400049835,23.016423900146037,345.1167323002592,345.1315518999472,347.6323667000979,347.61562480032444,25.515378300100565,,,,,,,,,,,,,,,,555555,right,no,None,2025-05-15_11h51.28.385,RL_out-of-scanner,2024.2.4,59.83996389656814,2025-05-15 11h51.44.491690 -0500,
5,0,5,space,8.577396600041538,None,5,1.9895828003063798,None,25.51690739998594,j,0.3271554997190833,None,None,25.86664929986,25.86701609985903,29.36579169984907,29.365829600021243,30.365699799731374,30.36573279974982,32.3641587998718,,,,,,,1,0,1,0,5,0,5,0,347.6323667000979,,,,,,,,,,,,,,,,,,,,,,,,,,,,,,25.51690739998594,347.61719730030745,347.6323667000979,347.6323667000979,347.6323667000979,347.6323667000979,347.9668427002616,j,0.3271554997190833,None,right,0,10,1,2,32,1,None,25.86664929986,25.86701609985903,347.96730619994923,347.98154210019857,347.98154210019857,351.482537700329,351.482537700329,351.4660170003772,29.36579169984907,29.365829600021243,351.4743497003801,351.482537700329,351.482537700329,352.4813091000542,352.4813091000542,352.4659411003813,stimuli/box_empty_transparent.png,30.365699799731374,30.36573279974982,352.4660190003924,352.4813091000542,354.4811397003941,354.46439640037715,32.3641587998718,,,,,,,,,,,,,,,,555555,right,no,None,2025-05-15_11h51.28.385,RL_out-of-scanner,2024.2.4,59.83996389656814,2025-05-15 11h51.44.491690 -0500,
6,0,6,space,8.577396600041538,None,5,1.9895828003063798,None,32.36632090015337,k,0.484215599950403,None,None,32.88202050002292,32.88238580012694,33.882606899831444,33.88264370011166,34.8826390998438,34.88267740001902,35.88200470013544,,,,,,,1,0,1,0,6,0,6,0,354.4811397003941,,,,,,,,,,,,,,,,,,,,,,,,,,,,,,32.36632090015337,354.4666250003502,354.4811397003941,354.4811397003941,354.4811397003941,354.4811397003941,354.98219310026616,k,0.484215599950403,None,right,1,10,2,2,33,2,None,32.88202050002292,32.88238580012694,354.9826879003085,354.9978689001873,354.9978689001873,355.9983014999889,355.9983014999889,355.98283230001107,33.882606899831444,33.88264370011166,355.99288470018655,355.9983014999889,355.9983014999889,356.9982374999672,356.9982374999672,356.982877000235,stimuli/box_coin_transparent.png,34.8826390998438,34.88267740001902,356.9829691001214,356.9982374999672,358.0014973003417,357.9822492999956,35.88200470013544,,,,,,,,,,,,,,,,555555,right,no,None,2025-05-15_11h51.28.385,RL_out-of-scanner,2024.2.4,59.83996389656814,2025-05-15 11h51.44.491690 -0500,
7,0,7,space,8.577396600041538,None,5,1.9895828003063798,None,35.88343039993197,j,0.6230644001625478,None,None,36.53280969988555,36.53321469994262,38.53143549989909,38.53147439984605,39.5318557000719,39.53189620003104,41.53225819999352,,,,,,,1,0,1,0,7,0,7,0,358.0014973003417,,,,,,,,,,,,,,,,,,,,,,,,,,,,,,35.88343039993197,357.98371960036457,358.0014973003417,358.0014973003417,358.0014973003417,358.0014973003417,358.63299369998276,j,0.6230644001625478,None,right,1,10,2,2,33,2,None,36.53280969988555,36.53321469994262,358.63350870041177,358.64853340014815,358.64853340014815,360.64784530038014,360.64784530038014,360.6316595999524,38.53143549989909,38.53147439984605,360.64018540037796,360.64784530038014,360.64784530038014,,,361.63209130009636,stimuli/box_empty_transparent.png,39.5318557000719,39.53189620003104,361.6321939001791,361.64822370000184,363.64820510009304,363.63250409998,41.53225819999352,,,,,,,,,,,,,,,,555555,right,no,None,2025-05-15_11h51.28.385,RL_out-of-scanner,2024.2.4,59.83996389656814,2025-05-15 11h51.44.491690 -0500,
8,0,8,space,8.577396600041538,None,5,1.9895828003063798,None,41.53374220011756,j,0.699412299785763,None,None,42.249880800023675,42.250298500061035,45.24790749978274,45.24795449990779,46.248368700034916,46.2484074998647,47.74768539983779,,,,,,,1,0,1,0,8,0,8,0,363.64820510009304,,,,,,,,,,,,,,,,,,,,,,,,,,,,,,41.53374220011756,363.6340312999673,363.64820510009304,363.64820510009304,363.64820510009304,363.64820510009304,364.3500666003674,j,0.699412299785763,None,right,1,10,2,2,33,2,None,42.249880800023675,42.250298500061035,364.3505925000645,364.3647015001625,364.3647015001625,367.3645147001371,367.3645147001371,367.3481246000156,45.24790749978274,45.24795449990779,367.35708930017427,367.3645147001371,367.3645147001371,,,368.34860340040177,stimuli/box_empty_transparent.png,46.248368700034916,46.2484074998647,368.3487027999945,368.3640594002791,369.86444960022345,369.84792750002816,47.74768539983779,,,,,,,,,,,,,,,,555555,right,no,None,2025-05-15_11h51.28.385,RL_out-of-scanner,2024.2.4,59.83996389656814,2025-05-15 11h51.44.491690 -0500,
9,0,9,space,8.577396600041538,None,5,1.9895828003063798,None,47.749482799787074,j,0.36218190006911755,None,None,48.13300050003454,48.13338549993932,49.6308336998336,49.63087739981711,50.631088899914175,50.63112309994176,52.631011200137436,,,,,,,1,0,1,0,9,0,9,0,369.86444960022345,,,,,,,,,,,,,,,,,,,,,,,,,,,,,,47.749482799787074,369.8497787001543,369.86444960022345,369.86444960022345,369.86444960022345,369.86444960022345,370.2332027000375,j,0.36218190006911755,None,right,1,10,2,2,33,2,None,48.13300050003454,48.13338549993932,370.2336757001467,370.24785220017657,370.24785220017657,371.7476101000793,371.7476101000793,371.7310542999767,49.6308336998336,49.63087739981711,371.73954079998657,371.7476101000793,371.7476101000793,,,372.73131750011817,stimuli/box_empty_transparent.png,50.631088899914175,50.63112309994176,372.73141150036827,372.747569500003,374.74802729999647,374.73125490034,52.631011200137436,,,,,,,,,,,,,,,,555555,right,no,None,2025-05-15_11h51.28.385,RL_out-of-scanner,2024.2.4,59.83996389656814,2025-05-15 11h51.44.491690 -0500,
10,0,10,space,8.577396600041538,None,5,1.9895828003063798,None,52.63245919998735,j,0.41194199956953526,None,None,53.06572420010343,53.06609810004011,54.56468559987843,54.56473030010238,55.56447049975395,55.564505899790674,56.56445770012215,,,,,,,1,0,1,0,10,0,10,0,374.74802729999647,,,,,,,,,,,,,,,,,,,,,,,,,,,,,,52.63245919998735,374.73274879995733,374.74802729999647,374.74802729999647,374.74802729999647,374.74802729999647,375.16590250004083,j,0.41194199956953526,None,right,1,10,2,2,33,2,None,53.06572420010343,53.06609810004011,375.1663877000101,375.18113439995795,375.18113439995795,376.6808842001483,376.6808842001483,376.66490430012345,54.56468559987843,54.56473030010238,376.673694900237,376.6808842001483,376.6808842001483,377.68000210030004,377.68000210030004,377.6647111000493,stimuli/box_empty_transparent.png,55.56447049975395,55.564505899790674,377.6647948003374,377.68000210030004,378.6814260999672,378.6646986999549,56.56445770012215,,,,,,,,,,,,,,,,555555,right,no,None,2025-05-15_11h51.28.385,RL_out-of-scanner,2024.2.4,59.83996389656814,2025-05-15 11h51.44.491690 -0500,
11,0,11,space,8.577396600041538,None,5,1.9895828003063798,None,56.56599809974432,j,0.8441629000008106,None,None,57.435942499898374,57.43632679991424,59.43168039992452,59.43171739997342,60.43048830004409,60.43052519997582,61.93064279993996,,,,,,,1,0,1,0,11,0,11,0,378.6814260999672,,,,,,,,,,,,,,,,,,,,,,,,,,,,,,56.56599809974432,378.66628780029714,378.6814260999672,378.6814260999672,378.6814260999672,378.6814260999672,379.53612800035626,j,0.8441629000008106,None,right,1,10,2,2,33,2,None,57.435942499898374,57.43632679991424,379.53662110026926,379.54783629998565,379.54783629998565,381.54729710007086,381.54729710007086,381.53190649999306,59.43168039992452,59.43171739997342,381.5409981003031,381.54729710007086,381.54729710007086,382.5465028001927,382.5465028001927,382.53072730032727,stimuli/box_empty_transparent.png,60.43048830004409,60.43052519997582,382.5308162001893,382.5465028001927,384.0485515999608,384.03088380023837,61.93064279993996,,,,,,,,,,,,,,,,555555,right,no,None,2025-05-15_11h51.28.385,RL_out-of-scanner,2024.2.4,59.83996389656814,2025-05-15 11h51.44.491690 -0500,
12,0,12,space,8.577396600041538,None,5,1.9895828003063798,None,61.9323863000609,None,,,None,63.43148609995842,63.43156239995733,64.43124229973182,64.4312764997594,65.43108729971573,65.43112559989095,68.43048480013385,,,,,,,1,0,1,0,12,0,12,0,384.0485515999608,,,,,,,,,,,,,,,,,,,,,,,,,,,,,,61.9323863000609,384.03268270008266,384.0485515999608,384.0485515999608,384.0485515999608,384.0485515999608,385.5316943000071,None,,,right,1,10,2,2,33,2,None,63.43148609995842,63.43156239995733,385.5318485000171,385.5476622004062,385.5476622004062,386.5471855001524,386.5471855001524,386.5314677003771,64.43124229973182,64.4312764997594,386.54094600025564,386.5471855001524,386.5471855001524,387.54706809995696,387.54706809995696,387.53132560011,no selection made,65.43108729971573,65.43112559989095,387.53141260007396,387.54706809995696,390.5467382003553,390.53072750009596,68.43048480013385,,,,,,,,,,,,,,,,555555,right,no,None,2025-05-15_11h51.28.385,RL_out-of-scanner,2024.2.4,59.83996389656814,2025-05-15 11h51.44.491690 -0500,
13,0,13,space,8.577396600041538,None,5,1.9895828003063798,None,68.43230730015785,j,0.5552368001081049,None,None,69.01500200014561,69.01534140016884,69.51592249982059,69.51597240008414,70.51434559980407,70.51439219992608,72.51337060006335,,,,,,,1,0,1,0,13,0,13,0,390.5467382003553,,,,,,,,,,,,,,,,,,,,,,,,,,,,,,68.43230730015785,390.532600000035,390.5467382003553,390.5467382003553,390.5467382003553,390.5467382003553,391.115181799978,j,0.5552368001081049,None,right,1,10,2,2,33,2,None,69.01500200014561,69.01534140016884,391.11562990024686,391.1311014001258,391.1311014001258,391.63134780013934,391.63134780013934,391.61613910039887,69.51592249982059,69.51597240008414,391.6252976004034,391.63134780013934,391.63134780013934,392.630169400014,392.630169400014,392.6145791001618,stimuli/box_empty_transparent.png,70.51434559980407,70.51439219992608,392.6146858003922,392.630169400014,394.6301078000106,394.6136107002385,72.51337060006335,,,,,,,,,,,,,,,,555555,right,no,None,2025-05-15_11h51.28.385,RL_out-of-scanner,2024.2.4,59.83996389656814,2025-05-15 11h51.44.491690 -0500,
14,0,14,space,8.577396600041538,None,5,1.9895828003063798,None,72.51516419975087,j,0.37962580006569624,None,None,72.91443850006908,72.91476009972394,74.41430289996788,74.41435809992254,75.41443100012839,75.41446230001748,76.41387389972806,,,,,,,1,0,1,0,14,0,14,0,394.6301078000106,,,,,,,,,,,,,,,,,,,,,,,,,,,,,,72.51516419975087,394.6154583003372,394.6301078000106,394.6301078000106,394.6301078000106,394.6301078000106,395.0146397999488,j,0.37962580006569624,None,right,1,10,2,2,33,2,None,72.91443850006908,72.91476009972394,395.0150497001596,395.03003360005096,395.03003360005096,396.5311507000588,396.5311507000588,396.5145162004046,74.41430289996788,74.41435809992254,396.5239230003208,396.5311507000588,396.5311507000588,397.5296136001125,397.5296136001125,397.5146721000783,stimuli/box_empty_transparent.png,75.41443100012839,75.41446230001748,397.51474890019745,397.5296136001125,398.53189760027453,398.5141189000569,76.41387389972806,,,,,,,,,,,,,,,,555555,right,no,None,2025-05-15_11h51.28.385,RL_out-of-scanner,2024.2.4,59.83996389656814,2025-05-15 11h51.44.491690 -0500,
15,0,15,space,8.577396600041538,None,5,1.9895828003063798,None,76.41545089986175,k,1.1070281998254359,None,None,77.54772729985416,77.5480345999822,78.54702139971778,78.54706430016086,79.54667280009016,79.54670319985598,81.54869560012594,,,,,,,1,0,1,0,15,0,15,0,398.53189760027453,,,,,,,,,,,,,,,,,,,,,,,,,,,,,,76.41545089986175,398.5157420001924,398.53189760027453,398.53189760027453,398.53189760027453,398.53189760027453,399.64791089994833,k,1.1070281998254359,None,right,1,10,3,2,34,3,None,77.54772729985416,77.5480345999822,399.6483289003372,399.66323389997706,399.66323389997706,400.66367430007085,400.66367430007085,400.64723969995975,78.54702139971778,78.54706430016086,400.6573503999971,400.66367430007085,400.66367430007085,401.66296999994665,401.66296999994665,401.64691430004314,stimuli/box_coin_transparent.png,79.54667280009016,79.54670319985598,401.6469885003753,401.66296999994665,403.66485310019925,403.648934900295,81.54869560012594,,,,,,,,,,,,,,,,555555,right,no,None,2025-05-15_11h51.28.385,RL_out-of-scanner,2024.2.4,59.83996389656814,2025-05-15 11h51.44.491690 -0500,
16,0,16,space,8.577396600041538,None,5,1.9895828003063798,None,81.55036780005321,j,1.4520419999025762,None,None,83.03118370007724,83.0315681998618,85.04684459976852,85.04688190016896,86.04710990004241,86.04714759998024,87.04725260008126,,,,,,,1,0,1,0,16,0,16,0,403.66485310019925,,,,,,,,,,,,,,,,,,,,,,,,,,,,,,81.55036780005321,403.6506574000232,403.66485310019925,403.66485310019925,403.66485310019925,403.66485310019925,405.1313547003083,j,1.4520419999025762,None,right,1,10,3,2,34,3,None,83.03118370007724,83.0315681998618,405.1318581001833,405.1474556000903,405.1474556000903,407.16339260013774,407.16339260013774,407.14706670027226,85.04684459976852,85.04688190016896,407.15670960024,407.16339260013774,407.16339260013774,408.16326940013096,408.16326940013096,408.1473475000821,stimuli/box_empty_transparent.png,86.04710990004241,86.04714759998024,408.1474387999624,408.16326940013096,409.163886600174,409.1474943002686,87.04725260008126,,,,,,,,,,,,,,,,555555,right,no,None,2025-05-15_11h51.28.385,RL_out-of-scanner,2024.2.4,59.83996389656814,2025-05-15 11h51.44.491690 -0500,
17,0,17,space,8.577396600041538,None,5,1.9895828003063798,None,87.04900160012767,None,,,None,88.54673089971766,88.54680099990219,89.5462789000012,89.54631939996034,90.54672869993374,90.54678570013493,91.54665450006723,,,,,,,1,0,1,0,17,0,17,0,409.163886600174,,,,,,,,,,,,,,,,,,,,,,,,,,,,,,87.04900160012767,409.1492968001403,409.163886600174,409.163886600174,409.163886600174,409.163886600174,410.64693340007216,None,,,right,1,10,3,2,34,3,None,88.54673089971766,88.54680099990219,410.6470888000913,410.66274229995906,410.66274229995906,411.6633499003947,411.6633499003947,411.64649800024927,89.5462789000012,89.54631939996034,411.65546730021015,411.6633499003947,411.6633499003947,412.66311730025336,412.66311730025336,412.64696070039645,no selection made,90.54672869993374,90.54678570013493,412.64707500021905,412.66311730025336,413.66336640017107,413.6468968000263,91.54665450006723,,,,,,,,410.66274229995906,410.66274229995906,410.66274229995906,410.66274229995906,,,,,555555,right,no,None,2025-05-15_11h51.28.385,RL_out-of-scanner,2024.2.4,59.83996389656814,2025-05-15 11h51.44.491690 -0500,
18,0,18,space,8.577396600041538,None,5,1.9895828003063798,None,91.548437200021,j,0.944276100024581,None,None,92.51398180006072,92.51442959997803,96.01386359985918,96.01390150003135,97.01351139973849,97.01354289986193,99.01307180011645,,,,,,,1,0,1,0,18,0,18,0,413.66336640017107,,,,,,,,,,,,,,,,,,,,,,,,,,,,,,91.548437200021,413.6487325001508,413.66336640017107,413.66336640017107,413.66336640017107,413.66336640017107,414.6141528002918,j,0.944276100024581,None,right,1,10,3,2,34,3,None,92.51398180006072,92.51442959997803,414.61473220027983,414.629407200031,414.629407200031,418.1293735001236,418.1293735001236,418.114088000264,96.01386359985918,96.01390150003135,418.1223450000398,418.1293735001236,418.1293735001236,419.1296504000202,419.1296504000202,419.11375280003995,stimuli/box_empty_transparent.png,97.01351139973849,97.01354289986193,419.1138285002671,419.1296504000202,421.1303300000727,421.11331510031596,99.01307180011645,,,,,,,,,,,,,,,,555555,right,no,None,2025-05-15_11h51.28.385,RL_out-of-scanner,2024.2.4,59.83996389656814,2025-05-15 11h51.44.491690 -0500,
19,0,19,space,8.577396600041538,None,5,1.9895828003063798,None,99.0149162998423,j,0.2649865997955203,None,None,99.29760849988088,99.29793069977313,100.31259909970686,100.31264160014689,101.31313070002943,101.31316779972985,102.81328699970618,,,,,,,1,0,1,0,19,0,19,0,421.1303300000727,,,,,,,,,,,,,,,,,,,,,,,,,,,,,,99.0149162998423,421.11520590027794,421.1303300000727,421.1303300000727,421.1303300000727,421.1303300000727,421.3978122002445,j,0.2649865997955203,None,right,1,10,3,2,34,3,None,99.29760849988088,99.29793069977313,421.39821849996224,421.4137638001703,421.4137638001703,422.42952400026843,422.42952400026843,422.41281360015273,100.31259909970686,100.31264160014689,422.4223866001703,422.42952400026843,422.42952400026843,,,423.4133689003065,stimuli/box_empty_transparent.png,101.31313070002943,101.31316779972985,423.4134597000666,423.430097500328,424.9294235003181,424.91353200003505,102.81328699970618,,,,,,,,,,,,,,,,555555,right,no,None,2025-05-15_11h51.28.385,RL_out-of-scanner,2024.2.4,59.83996389656814,2025-05-15 11h51.44.491690 -0500,
20,0,20,space,8.577396600041538,None,5,1.9895828003063798,None,102.81477099983022,j,0.31518279993906617,None,None,103.14792090002447,103.14828289998695,105.14700570004061,105.14704239973798,106.14593640016392,106.1459730998613,108.14657220011577,,,,,,,1,0,1,0,20,0,20,0,424.9294235003181,,,,,,,,,,,,,,,,,,,,,,,,,,,,,,102.81477099983022,424.9150605001487,424.9294235003181,424.9294235003181,424.9294235003181,424.9294235003181,425.24811349995434,j,0.31518279993906617,None,right,1,10,3,2,34,3,None,103.14792090002447,103.14828289998695,425.24857249995694,425.26318670017645,425.26318670017645,427.26277090003714,427.26277090003714,427.2472308999859,105.14700570004061,105.14704239973798,427.255936300382,427.26277090003714,427.26277090003714,428.2616787003353,428.2616787003353,428.2461749999784,stimuli/box_empty_transparent.png,106.14593640016392,106.1459730998613,428.2462643003091,428.2616787003353,430.2629208001308,430.24681710032746,108.14657220011577,,,,,,,,,,,,,,,,555555,right,no,None,2025-05-15_11h51.28.385,RL_out-of-scanner,2024.2.4,59.83996389656814,2025-05-15 11h51.44.491690 -0500,
21,0,21,space,8.577396600041538,None,5,1.9895828003063798,None,108.14808339998126,k,0.1953694000840187,None,None,108.36407179990783,108.36437189998105,111.36414159974083,111.36418589996174,112.37866989988834,112.37870119977742,113.87977459980175,,,,,,,1,0,1,0,21,0,21,0,430.2629208001308,,,,,,,,,,,,,,,,,,,,,,,,,,,,,,108.14808339998126,430.24837280018255,430.2629208001308,430.2629208001308,430.2629208001308,430.2629208001308,430.4642628002912,k,0.1953694000840187,None,right,1,10,4,2,35,4,None,108.36407179990783,108.36437189998105,430.4646638003178,430.4795012003742,430.4795012003742,433.4799240999855,433.4799240999855,433.46434590034187,111.36414159974083,111.36418589996174,433.4747741003521,433.4799240999855,433.4799240999855,,,434.47890210011974,stimuli/box_coin_transparent.png,112.37866989988834,112.37870119977742,434.4789881003089,434.4951373003423,435.9959524003789,435.98001850023866,113.87977459980175,,,,,,,,,,,,,,,,555555,right,no,None,2025-05-15_11h51.28.385,RL_out-of-scanner,2024.2.4,59.83996389656814,2025-05-15 11h51.44.491690 -0500,
22,0,22,space,8.577396600041538,None,5,1.9895828003063798,None,113.881327399984,k,0.7396899000741541,None,None,114.6479815999046,114.64824800007045,116.14637239975855,116.14641090016812,117.14647979987785,117.14651269977912,119.1463518999517,,,,,,,1,0,1,0,22,0,22,0,435.9959524003789,,,,,,,,,,,,,,,,,,,,,,,,,,,,,,113.881327399984,435.98161690030247,435.9959524003789,435.9959524003789,435.9959524003789,435.9959524003789,436.7481836001389,k,0.7396899000741541,None,right,0,10,4,2,36,4,None,114.6479815999046,114.64824800007045,436.74853500025347,436.76297680009156,436.76297680009156,438.26239930000156,438.26239930000156,438.2465968001634,116.14637239975855,116.14641090016812,438.25514050014317,438.26239930000156,438.26239930000156,439.2627371000126,439.2627371000126,439.2467210004106,stimuli/box_empty_transparent.png,117.14647979987785,117.14651269977912,439.2467976002954,439.2627371000126,441.2628383003175,441.24659620039165,119.1463518999517,,,,,,,,,,,,,,,,555555,right,no,None,2025-05-15_11h51.28.385,RL_out-of-scanner,2024.2.4,59.83996389656814,2025-05-15 11h51.44.491690 -0500,
23,0,23,space,8.577396600041538,None,5,1.9895828003063798,None,119.14778399979696,j,0.6779267000965774,None,None,119.84690449992195,119.84730240004137,121.34688040008768,121.34692010004073,122.34720980003476,122.34724080003798,123.8617349001579,,,,,,,1,0,1,0,23,0,23,0,441.2628383003175,,,,,,,,,,,,,,,,,,,,,,,,,,,,,,119.14778399979696,441.24807320022956,441.2628383003175,441.2628383003175,441.2628383003175,441.2628383003175,441.9470902001485,j,0.6779267000965774,None,right,0,10,4,2,36,4,None,119.84690449992195,119.84730240004137,441.94759710039943,441.96295029995963,441.96295029995963,443.46220860024914,443.46220860024914,443.447103000246,121.34688040008768,121.34692010004073,443.45529030030593,443.46220860024914,443.46220860024914,444.4624609001912,444.4624609001912,444.4474520999938,stimuli/box_empty_transparent.png,122.34720980003476,122.34724080003798,444.44752580020577,444.4624609001912,445.9787653000094,445.9619732000865,123.8617349001579,,,,,,,,,,,,,,,,555555,right,no,None,2025-05-15_11h51.28.385,RL_out-of-scanner,2024.2.4,59.83996389656814,2025-05-15 11h51.44.491690 -0500,
24,0,24,space,8.577396600041538,None,5,1.9895828003063798,None,123.86368479998782,j,0.4993818998336792,None,None,124.38293479988351,124.3833225001581,126.37986580003053,126.37990419985726,127.37984619988129,127.37987759988755,128.87796950014308,,,,,,,1,0,1,0,24,0,24,0,445.9787653000094,,,,,,,,,,,,,,,,,,,,,,,,,,,,,,123.86368479998782,445.9639859003946,445.9787653000094,445.9787653000094,445.9787653000094,445.9787653000094,446.4831099002622,j,0.4993818998336792,None,right,0,10,4,2,36,4,None,124.38293479988351,124.3833225001581,446.48361670039594,446.49601510027424,446.49601510027424,448.4953096001409,448.4953096001409,448.4800901999697,126.37986580003053,126.37990419985726,448.489388700109,448.4953096001409,448.4953096001409,449.4948113001883,449.4948113001883,449.480088500306,stimuli/box_empty_transparent.png,127.37984619988129,127.37987759988755,449.4801622000523,449.4948113001883,450.9948315001093,450.978207600303,128.87796950014308,,,,,,,,,,,,,,,,555555,right,no,None,2025-05-15_11h51.28.385,RL_out-of-scanner,2024.2.4,59.83996389656814,2025-05-15 11h51.44.491690 -0500,
25,0,25,space,8.577396600041538,None,5,1.9895828003063798,None,128.87976399995387,k,0.3284482997842133,None,None,129.22907859971747,129.22936249990016,130.22946990001947,130.22950789984316,131.22949449997395,131.22952560009435,134.7444305997342,,,,,,,1,0,1,0,25,0,25,0,450.9948315001093,,,,,,,,,,,,,,,,,,,,,,,,,,,,,,128.87976399995387,450.9800536003895,450.9948315001093,450.9948315001093,450.9948315001093,450.9948315001093,451.32926030037925,k,0.3284482997842133,None,right,0,10,4,2,37,4,None,129.22907859971747,129.22936249990016,451.3296551001258,451.3449058001861,451.3449058001861,452.3462685002014,452.3462685002014,452.3296938999556,130.22946990001947,130.22950789984316,452.33784550009295,452.3462685002014,452.3462685002014,453.34599460009485,453.34599460009485,453.32973650004715,stimuli/box_empty_transparent.png,131.22949449997395,131.22952560009435,453.3298115003854,453.34599460009485,456.86122060008347,456.84466790035367,134.7444305997342,,,,,,,,,,,,,,,,555555,right,no,None,2025-05-15_11h51.28.385,RL_out-of-scanner,2024.2.4,59.83996389656814,2025-05-15 11h51.44.491690 -0500,
26,0,26,space,8.577396600041538,None,5,1.9895828003063798,None,134.74658309994265,k,0.3250581002794206,None,None,135.095774800051,135.0960225998424,135.59594829985872,135.59598510013893,136.59863180015236,136.5986648001708,140.0958096999675,,,,,,,1,0,1,0,26,0,26,0,456.86122060008347,,,,,,,,,,,,,,,,,,,,,,,,,,,,,,134.74658309994265,456.84688650025055,456.86122060008347,456.86122060008347,456.86122060008347,456.86122060008347,457.19596890034154,k,0.3250581002794206,None,right,1,10,5,2,38,5,None,135.095774800051,135.0960225998424,457.19630980025977,457.2113904999569,457.2113904999569,457.7118910001591,457.7118910001591,457.69617450004444,135.59594829985872,135.59598510013893,457.70602270029485,457.7118910001591,457.7118910001591,,,458.69887170009315,stimuli/box_coin_transparent.png,136.59863180015236,136.5986648001708,458.69895270001143,458.71286180010065,462.211381000001,462.1960544004105,140.0958096999675,,,,,,,,,,,,,,,,555555,right,no,None,2025-05-15_11h51.28.385,RL_out-of-scanner,2024.2.4,59.83996389656814,2025-05-15 11h51.44.491690 -0500,
27,0,27,space,8.577396600041538,None,5,1.9895828003063798,None,140.09757799981162,j,0.4996080002747476,None,None,140.61280590016395,140.6130979997106,142.1122785997577,142.11231590015814,143.11277649970725,143.1128136999905,144.1125181997195,,,,,,,1,0,1,0,27,0,27,0,462.211381000001,,,,,,,,,,,,,,,,,,,,,,,,,,,,,,140.09757799981162,462.19786780001596,462.211381000001,462.211381000001,462.211381000001,462.211381000001,462.71301029995084,j,0.4996080002747476,None,right,1,10,5,2,38,5,None,140.61280590016395,140.6130979997106,462.71338660037145,462.72812870005146,462.72812870005146,464.2286406001076,464.2286406001076,464.212505500298,142.1122785997577,142.11231590015814,464.220982900355,464.2286406001076,464.2286406001076,,,465.2130148001015,stimuli/box_empty_transparent.png,143.11277649970725,143.1128136999905,465.2131239003502,465.22812120011076,466.22834280040115,466.2127599003725,144.1125181997195,,,,,,,,,,,,,,,,555555,right,no,None,2025-05-15_11h51.28.385,RL_out-of-scanner,2024.2.4,59.83996389656814,2025-05-15 11h51.44.491690 -0500,
28,0,28,space,8.577396600041538,None,5,1.9895828003063798,None,144.11417730012909,k,0.9754976001568139,None,None,145.11262820009142,145.11302040005103,146.1118307998404,146.11186809977517,147.11228659981862,147.11231879983097,150.6120915999636,,,,,,,1,0,1,0,28,0,28,0,466.22834280040115,,,,,,,,,,,,,,,,,,,,,,,,,,,,,,144.11417730012909,466.2144679003395,466.22834280040115,466.22834280040115,466.22834280040115,466.22834280040115,467.212796300184,k,0.9754976001568139,None,right,1,10,6,2,39,6,None,145.11262820009142,145.11302040005103,467.21332229999825,467.2280385000631,467.2280385000631,468.22845569998026,468.22845569998026,468.2120545003563,146.1118307998404,146.11186809977517,468.222633600235,468.22845569998026,468.22845569998026,469.22880260040984,469.22880260040984,469.2125277002342,stimuli/box_coin_transparent.png,147.11228659981862,147.11231879983097,469.21260450035334,469.22880260040984,472.7285540001467,472.7123358002864,150.6120915999636,,,,,,,,,,,,,,,,555555,right,no,None,2025-05-15_11h51.28.385,RL_out-of-scanner,2024.2.4,59.83996389656814,2025-05-15 11h51.44.491690 -0500,
29,0,29,space,8.577396600041538,None,5,1.9895828003063798,None,150.61351769976318,k,0.47930390015244484,None,None,151.11329140001908,151.11360249994323,153.1119276001118,153.11196500016376,154.11212369985878,154.11215949989855,155.1117734001018,,,,,,,1,0,1,0,29,0,29,0,472.7285540001467,,,,,,,,,,,,,,,,,,,,,,,,,,,,,,150.61351769976318,472.7138076000847,472.7285540001467,472.7285540001467,472.7285540001467,472.7285540001467,473.21347550023347,k,0.47930390015244484,None,right,1,10,7,2,40,7,None,151.11329140001908,151.11360249994323,473.2138958000578,473.2283381000161,473.2283381000161,475.2279072999954,475.2279072999954,475.21215290017426,153.1119276001118,153.11196500016376,475.22198210004717,475.2279072999954,475.2279072999954,476.2278628000058,476.2278628000058,476.21236130036414,stimuli/box_coin_transparent.png,154.11212369985878,154.11215949989855,476.21244940022007,476.2278628000058,477.227839700412,477.2120190002024,155.1117734001018,,,,,,,,,,,,,,,,555555,right,no,None,2025-05-15_11h51.28.385,RL_out-of-scanner,2024.2.4,59.83996389656814,2025-05-15 11h51.44.491690 -0500,
30,0,30,space,8.577396600041538,None,5,1.9895828003063798,None,155.1132696000859,k,0.5327325002290308,None,None,155.66392119973898,155.66423100000247,156.6619945000857,156.6620331001468,157.66087190015242,157.66091310000047,158.6617152998224,,,,,,,1,0,1,0,30,0,30,0,477.227839700412,,,,,,,,,,,,,,,,,,,,,,,,,,,,,,155.1132696000859,477.21355940029025,477.227839700412,477.227839700412,477.227839700412,477.227839700412,477.7641072003171,k,0.5327325002290308,None,right,1,10,8,2,41,8,None,155.66392119973898,155.66423100000247,477.7645240002312,477.7786867003888,477.7786867003888,478.77802440011874,478.77802440011874,478.7622164003551,156.6619945000857,156.6620331001468,478.7726724999957,478.77802440011874,478.77802440011874,479.7770334002562,479.7770334002562,479.76110550016165,stimuli/box_coin_transparent.png,157.66087190015242,157.66091310000047,479.76121160015464,479.7770334002562,480.7782070999965,480.76195980003104,158.6617152998224,,,,,,,,,,,,,,,,555555,right,no,None,2025-05-15_11h51.28.385,RL_out-of-scanner,2024.2.4,59.83996389656814,2025-05-15 11h51.44.491690 -0500,
31,0,31,space,8.577396600041538,None,5,1.9895828003063798,None,158.66320469975471,k,0.5500325998291373,None,None,159.22973190015182,159.2299922001548,162.22852020012215,162.22855839971453,163.2274448000826,163.2274810001254,165.72763129975647,,,,,,,1,0,1,0,31,0,31,0,480.7782070999965,,,,,,,,,,,,,,,,,,,,,,,,,,,,,,158.66320469975471,480.7634948003106,480.7782070999965,480.7782070999965,480.7782070999965,480.7782070999965,481.3299324000254,k,0.5500325998291373,None,right,1,10,9,2,42,9,None,159.22973190015182,159.2299922001548,481.3302796999924,481.3447425002232,481.3447425002232,484.3446031003259,484.3446031003259,484.32874290039763,162.22852020012215,162.22855839971453,484.33932010037825,484.3446031003259,484.3446031003259,485.3434542999603,485.3434542999603,485.3276823000051,stimuli/box_coin_transparent.png,163.2274448000826,163.2274810001254,485.32777150021866,485.3434542999603,487.8448471999727,487.82787339994684,165.72763129975647,,,,,,,,,,,,,,,,555555,right,no,None,2025-05-15_11h51.28.385,RL_out-of-scanner,2024.2.4,59.83996389656814,2025-05-15 11h51.44.491690 -0500,
32,0,32,space,8.577396600041538,None,5,1.9895828003063798,None,165.7297877999954,k,0.27362520014867187,None,None,166.02881600009277,166.0290776998736,167.02832259982824,167.0283607998863,168.02830540016294,168.02833579992875,169.0433517000638,,,,,,,1,0,1,0,32,0,32,0,487.8448471999727,,,,,,,,,,,,,,,,,,,,,,,,,,,,,,165.7297877999954,487.8300839001313,487.8448471999727,487.8448471999727,487.8448471999727,487.8448471999727,488.12900419998914,k,0.27362520014867187,None,right,1,10,10,2,43,10,None,166.02881600009277,166.0290776998736,488.1293641002849,488.14424580009654,488.14424580009654,489.1440962003544,489.1440962003544,489.128546200227,167.02832259982824,167.0283607998863,489.1385630001314,489.1440962003544,489.1440962003544,490.1446659001522,490.1446659001522,490.12854660023004,stimuli/box_coin_transparent.png,168.02830540016294,168.02833579992875,490.128621800337,490.1446659001522,491.1604078002274,491.14359310036525,169.0433517000638,,,,,,,,,,,,,,,,555555,right,no,None,2025-05-15_11h51.28.385,RL_out-of-scanner,2024.2.4,59.83996389656814,2025-05-15 11h51.44.491690 -0500,
33,0,33,space,8.577396600041538,None,5,1.9895828003063798,None,169.04512839997187,k,0.9076807000674307,None,None,169.9796825000085,169.97999499971047,171.9783352999948,171.97838039975613,172.97848169971257,172.97851420007646,174.49357789987698,,,,,,,1,0,1,0,33,0,33,0,491.1604078002274,,,,,,,,,,,,,,,,,,,,,,,,,,,,,,169.04512839997187,491.1454281001352,491.1604078002274,491.1604078002274,491.1604078002274,491.1604078002274,492.0798681001179,k,0.9076807000674307,None,left,1,11,0,3,43,10,None,169.9796825000085,169.97999499971047,492.08028870029375,492.0945712001994,492.0945712001994,494.09408080019057,494.09408080019057,494.07855030009523,171.9783352999948,171.97838039975613,494.0871266000904,494.09408080019057,494.09408080019057,495.0945864999667,495.0945864999667,495.07872280012816,stimuli/box_empty_transparent.png,172.97848169971257,172.97851420007646,495.07880020001903,495.0945864999667,496.6101852003485,496.59381540026516,174.49357789987698,,,,,,,,,,,,,,,,555555,right,no,None,2025-05-15_11h51.28.385,RL_out-of-scanner,2024.2.4,59.83996389656814,2025-05-15 11h51.44.491690 -0500,
34,0,34,space,8.577396600041538,None,5,1.9895828003063798,None,174.49578899983317,j,0.6561336000449955,None,None,175.17852830002084,175.17885669972748,178.17863370012492,178.17867669975385,179.17791939992458,179.1779518001713,181.67757340008393,,,,,,,1,0,1,0,34,0,34,0,496.6101852003485,,,,,,,,,,,,,,,,,,,,,,,,,,,,,,174.49578899983317,496.59609250025824,496.6101852003485,496.6101852003485,496.6101852003485,496.6101852003485,497.2787268003449,j,0.6561336000449955,None,left,1,11,1,3,44,11,None,175.17852830002084,175.17885669972748,497.2791461003944,497.2940183002502,497.2940183002502,500.2947983001359,500.2947983001359,500.27885310025886,178.17863370012492,178.17867669975385,500.28960760030895,500.2947983001359,500.2947983001359,501.29402519995347,501.29402519995347,501.27816019998863,stimuli/box_coin_transparent.png,179.17791939992458,179.1779518001713,501.27823760034516,501.29402519995347,503.79418890038505,503.7777964002453,181.67757340008393,,,,,,,,,,,,,,,,555555,right,no,None,2025-05-15_11h51.28.385,RL_out-of-scanner,2024.2.4,59.83996389656814,2025-05-15 11h51.44.491690 -0500,
35,0,35,space,8.577396600041538,None,5,1.9895828003063798,None,181.6793383997865,k,0.3339408999308944,None,None,182.04538520006463,182.04566909978166,183.54498630017042,183.54502320010215,184.5446528000757,184.54468599986285,185.54454959975556,,,,,,,1,0,1,0,35,0,35,0,503.79418890038505,,,,,,,,,,,,,,,,,,,,,,,,,,,,,,181.6793383997865,503.77963400026783,503.79418890038505,503.79418890038505,503.79418890038505,503.79418890038505,504.1455875001848,k,0.3339408999308944,None,left,1,11,1,3,44,11,None,182.04538520006463,182.04566909978166,504.14595689997077,504.16128740040585,504.16128740040585,505.66058310028166,505.66058310028166,505.64521090034395,183.54498630017042,183.54502320010215,505.65328750014305,505.66058310028166,505.66058310028166,506.6594943003729,506.6594943003729,506.64488640008494,stimuli/box_empty_transparent.png,184.5446528000757,184.54468599986285,506.6449722000398,506.6594943003729,507.66042840015143,507.6447940003127,185.54454959975556,,,,,,,,,,,,,,,,555555,right,no,None,2025-05-15_11h51.28.385,RL_out-of-scanner,2024.2.4,59.83996389656814,2025-05-15 11h51.44.491690 -0500,
36,0,36,space,8.577396600041538,None,5,1.9895828003063798,None,185.5460505997762,j,0.2510306998156011,None,None,185.82723039994016,185.8275696998462,187.32764869974926,187.32768659992144,188.32766439998522,188.32769609987736,191.82624409999698,,,,,,,1,0,1,0,36,0,36,0,507.66042840015143,,,,,,,,,,,,,,,,,,,,,,,,,,,,,,185.5460505997762,507.64633959997445,507.66042840015143,507.66042840015143,507.66042840015143,507.66042840015143,507.9274326004088,j,0.2510306998156011,None,left,0,11,1,3,45,11,None,185.82723039994016,185.8275696998462,507.9278598004021,507.94324860023335,507.94324860023335,509.4435262000188,509.4435262000188,509.42787220003083,187.32764869974926,187.32768659992144,509.4361677002162,509.4435262000188,509.4435262000188,510.44310180004686,510.44310180004686,510.4279052000493,stimuli/box_empty_transparent.png,188.32766439998522,188.32769609987736,510.42798100039363,510.44310180004686,513.9431005003862,513.9264877000824,191.82624409999698,,,,,,,,,,,,,,,,555555,right,no,None,2025-05-15_11h51.28.385,RL_out-of-scanner,2024.2.4,59.83996389656814,2025-05-15 11h51.44.491690 -0500,
37,0,37,space,8.577396600041538,None,5,1.9895828003063798,None,191.82767130015418,k,0.4171549999155104,None,None,192.27766809985042,192.27796360012144,194.27767329989,194.27771069994196,195.2773025999777,195.2773381001316,196.27692560013384,,,,,,,1,0,1,0,37,0,37,0,513.9431005003862,,,,,,,,,,,,,,,,,,,,,,,,,,,,,,191.82767130015418,513.9279617001303,513.9431005003862,513.9431005003862,513.9431005003862,513.9431005003862,514.3778713000938,k,0.4171549999155104,None,left,0,11,1,3,45,11,None,192.27766809985042,192.27796360012144,514.3782533002086,514.3931331001222,514.3931331001222,516.3931245002896,516.3931245002896,516.3778954003938,194.27767329989,194.27771069994196,516.3860770002939,516.3931245002896,516.3931245002896,517.3932674000971,517.3932674000971,517.3775402000174,stimuli/box_empty_transparent.png,195.2773025999777,195.2773381001316,517.3776281001046,517.3932674000971,518.393466300331,518.3771693999879,196.27692560013384,,,,,,,,,,,,,,,,555555,right,no,None,2025-05-15_11h51.28.385,RL_out-of-scanner,2024.2.4,59.83996389656814,2025-05-15 11h51.44.491690 -0500,
38,0,38,space,8.577396600041538,None,5,1.9895828003063798,None,196.2783924001269,j,0.4461750998161733,None,None,196.7448144000955,196.74520639982074,197.74298369977623,197.74302739975974,198.74386149970815,198.74389819987118,200.2435857001692,,,,,,,1,0,1,0,38,0,38,0,518.393466300331,,,,,,,,,,,,,,,,,,,,,,,,,,,,,,196.2783924001269,518.378681700211,518.393466300331,518.393466300331,518.393466300331,518.393466300331,518.8450005999766,j,0.4461750998161733,None,left,1,11,2,3,46,12,None,196.7448144000955,196.74520639982074,518.8455007001758,518.8602657001466,518.8602657001466,519.8598650000058,519.8598650000058,519.8432018002495,197.74298369977623,197.74302739975974,519.8535963003524,519.8598650000058,519.8598650000058,,,520.8440988003276,stimuli/box_coin_transparent.png,198.74386149970815,198.74389819987118,520.8441904000938,520.8600023002364,522.3608411001042,522.3438298003748,200.2435857001692,,,,,,,,,,,,,,,,555555,right,no,None,2025-05-15_11h51.28.385,RL_out-of-scanner,2024.2.4,59.83996389656814,2025-05-15 11h51.44.491690 -0500,
39,0,39,space,8.577396600041538,None,5,1.9895828003063798,None,200.24507299996912,j,0.9588096998631954,None,None,201.22810069983825,201.22851060004905,202.2434204998426,202.24345730012283,203.24291440006346,203.24295610003173,204.24327119998634,,,,,,,1,0,1,0,39,0,39,0,522.3608411001042,,,,,,,,,,,,,,,,,,,,,,,,,,,,,,200.24507299996912,522.3453630004078,522.3608411001042,522.3608411001042,522.3608411001042,522.3608411001042,523.3282851004042,j,0.9588096998631954,None,left,1,11,3,3,47,13,None,201.22810069983825,201.22851060004905,523.3288054000586,523.3436249000952,523.3436249000952,524.3595777000301,524.3595777000301,524.3436453002505,202.2434204998426,202.24345730012283,524.3533165003173,524.3595777000301,524.3595777000301,525.3588199000806,525.3588199000806,525.3431478999555,stimuli/box_coin_transparent.png,203.24291440006346,203.24295610003173,525.3432545000687,525.3588199000806,526.3603889001533,526.3435150999576,204.24327119998634,,,,,,,,,,,,,,,,555555,right,no,None,2025-05-15_11h51.28.385,RL_out-of-scanner,2024.2.4,59.83996389656814,2025-05-15 11h51.44.491690 -0500,
40,0,40,space,8.577396600041538,None,5,1.9895828003063798,None,204.24474219977856,k,0.31682350020855665,None,None,204.5949161001481,204.59530009981245,206.09505619993433,206.09509970014915,207.09292729990557,207.0929677998647,208.09351649973541,,,,,,,1,0,1,0,40,0,40,0,526.3603889001533,,,,,,,,,,,,,,,,,,,,,,,,,,,,,,204.24474219977856,526.3450323999859,526.3603889001533,526.3603889001533,526.3603889001533,526.3603889001533,526.695100300014,k,0.31682350020855665,None,left,1,11,3,3,47,13,None,204.5949161001481,204.59530009981245,526.6955952001736,526.7103569000028,526.7103569000028,528.2097507002763,528.2097507002763,528.1952725001611,206.09505619993433,206.09509970014915,528.2038315003738,528.2097507002763,528.2097507002763,529.2090255003422,529.2090255003422,529.1931636002846,stimuli/box_empty_transparent.png,207.09292729990557,207.0929677998647,529.193264900241,529.2090255003422,530.2097311001271,530.1937584001571,208.09351649973541,,,,,,,,,,,,,,,,555555,right,no,None,2025-05-15_11h51.28.385,RL_out-of-scanner,2024.2.4,59.83996389656814,2025-05-15 11h51.44.491690 -0500,
41,0,41,space,8.577396600041538,None,5,1.9895828003063798,None,208.0952677000314,j,0.8829486998729408,None,None,209.0100575000979,209.0104128997773,210.01042139995843,210.0104609997943,211.00999339995906,211.01002479996532,214.01006700005382,,,,,,,1,0,1,0,41,0,41,0,530.2097311001271,,,,,,,,,,,,,,,,,,,,,,,,,,,,,,208.0952677000314,530.1955635002814,530.2097311001271,530.2097311001271,530.2097311001271,530.2097311001271,531.1102431002073,j,0.8829486998729408,None,left,1,11,4,3,48,14,None,209.0100575000979,209.0104128997773,531.1107079000212,531.1258182004094,531.1258182004094,532.1263051000424,532.1263051000424,532.1106459000148,210.01042139995843,210.0104609997943,532.120466500055,532.1263051000424,532.1263051000424,533.1259955000132,533.1259955000132,533.1102362000383,stimuli/box_coin_transparent.png,211.00999339995906,211.01002479996532,533.110308600124,533.1259955000132,536.1263362001628,536.1103112003766,214.01006700005382,,,,,,,,,,,,,,,,555555,right,no,None,2025-05-15_11h51.28.385,RL_out-of-scanner,2024.2.4,59.83996389656814,2025-05-15 11h51.44.491690 -0500,
42,0,42,space,8.577396600041538,None,5,1.9895828003063798,None,214.0115219997242,j,0.2707798001356423,None,None,214.30982389999554,214.31015989976004,216.31023690011352,216.3102756999433,217.30988299986348,217.3099147998728,220.8088950999081,,,,,,,1,0,1,0,42,0,42,0,536.1263362001628,,,,,,,,,,,,,,,,,,,,,,,,,,,,,,214.0115219997242,536.1118121002801,536.1263362001628,536.1263362001628,536.1263362001628,536.1263362001628,536.4100105003454,j,0.2707798001356423,None,left,1,11,5,3,49,15,None,214.30982389999554,214.31015989976004,536.4104544003494,536.4256120002829,536.4256120002829,538.4258738001809,538.4258738001809,538.410461500287,216.31023690011352,216.3102756999433,538.4201784003526,538.4258738001809,538.4258738001809,539.4258759999648,539.4258759999648,539.4101246003993,stimuli/box_coin_transparent.png,217.30988299986348,217.3099147998728,539.4102021004073,539.4258759999648,542.9257551003247,542.9091370003298,220.8088950999081,,,,,,,,,,,,,,,,555555,right,no,None,2025-05-15_11h51.28.385,RL_out-of-scanner,2024.2.4,59.83996389656814,2025-05-15 11h51.44.491690 -0500,
43,0,43,space,8.577396600041538,None,5,1.9895828003063798,None,220.8106435998343,j,0.24428220000118017,None,None,221.0775414998643,221.0779448999092,222.07709919987246,222.0771360998042,223.0774658001028,223.07750209979713,225.0750289997086,,,,,,,1,0,1,0,43,0,43,0,542.9257551003247,,,,,,,,,,,,,,,,,,,,,,,,,,,,,,220.8106435998343,542.9109444003552,542.9257551003247,542.9257551003247,542.9257551003247,542.9257551003247,543.177719600033,j,0.24428220000118017,None,left,0,11,5,3,50,15,None,221.0775414998643,221.0779448999092,543.1782410000451,543.1928941002116,543.1928941002116,544.1934240004048,544.1934240004048,544.1773228002712,222.07709919987246,222.0771360998042,544.1857083002105,544.1934240004048,544.1934240004048,,,545.1776956003159,stimuli/box_empty_transparent.png,223.0774658001028,223.07750209979713,545.177793700248,545.1924314000644,547.192607300356,547.175266600214,225.0750289997086,,,,,,,,,,,,,,,,555555,right,no,None,2025-05-15_11h51.28.385,RL_out-of-scanner,2024.2.4,59.83996389656814,2025-05-15 11h51.44.491690 -0500,
44,0,44,space,8.577396600041538,None,5,1.9895828003063798,None,225.07720059994608,j,0.4541128999553621,None,None,225.56067040003836,225.56103440001607,228.06032679975033,228.0603645001538,229.05973269976676,229.0597663000226,231.05928049981594,,,,,,,1,0,1,0,44,0,44,0,547.192607300356,,,,,,,,,,,,,,,,,,,,,,,,,,,,,,225.07720059994608,547.1775005003437,547.192607300356,547.192607300356,547.192607300356,547.192607300356,547.6608560001478,j,0.4541128999553621,None,left,1,11,6,3,51,16,None,225.56067040003836,225.56103440001607,547.6613338002935,547.6755558000877,547.6755558000877,550.1757462001406,550.1757462001406,550.1605497002602,228.06032679975033,228.0603645001538,550.170548000373,550.1757462001406,550.1757462001406,551.1751982001588,551.1751982001588,551.1599751003087,stimuli/box_coin_transparent.png,229.05973269976676,229.0597663000226,551.1600522999652,551.1751982001588,553.1759623000398,553.1595229003578,231.05928049981594,,,,,,,,,,,,,,,,555555,right,no,None,2025-05-15_11h51.28.385,RL_out-of-scanner,2024.2.4,59.83996389656814,2025-05-15 11h51.44.491690 -0500,
45,0,45,space,8.577396600041538,None,5,1.9895828003063798,None,231.06103459978476,j,0.31851140037178993,None,None,231.4095545001328,231.41000110004097,232.40991159994155,232.40994870010763,233.40994459996,233.4099765000865,234.41067929985002,,,,,,,1,0,1,0,45,0,45,0,553.1759623000398,,,,,,,,,,,,,,,,,,,,,,,,,,,,,,231.06103459978476,553.1613300000317,553.1759623000398,553.1759623000398,553.1759623000398,553.1759623000398,553.5097238002345,j,0.31851140037178993,None,left,1,11,7,3,52,17,None,231.4095545001328,231.41000110004097,553.5103036002256,553.5252619003877,553.5252619003877,554.5256680999883,554.5256680999883,554.510135000106,232.40991159994155,232.40994870010763,554.5202192002907,554.5256680999883,554.5256680999883,555.5248235999607,555.5248235999607,555.5101864002645,stimuli/box_coin_transparent.png,233.40994459996,233.4099765000865,555.5102633000351,555.5248235999607,556.5261031002738,556.5109244002961,234.41067929985002,,,,,,,,,,,,,,,,555555,right,no,None,2025-05-15_11h51.28.385,RL_out-of-scanner,2024.2.4,59.83996389656814,2025-05-15 11h51.44.491690 -0500,
46,0,46,space,8.577396600041538,None,5,1.9895828003063798,None,234.41218410013244,j,0.4394725998863578,None,None,234.8760891999118,234.8764806999825,236.87635480007157,236.87639850005507,237.87566450005397,237.87569529982284,238.8749986998737,,,,,,,1,0,1,0,46,0,46,0,556.5261031002738,,,,,,,,,,,,,,,,,,,,,,,,,,,,,,234.41218410013244,556.5124739003368,556.5261031002738,556.5261031002738,556.5261031002738,556.5261031002738,556.976244200021,j,0.4394725998863578,None,left,1,11,8,3,53,18,None,234.8760891999118,234.8764806999825,556.9767722999677,556.9915905003436,556.9915905003436,558.9929279000498,558.9929279000498,558.9765735999681,236.87635480007157,236.87639850005507,558.9871118003502,558.9929279000498,558.9929279000498,559.991482200101,559.991482200101,559.9759070002474,stimuli/box_coin_transparent.png,237.87566450005397,237.87569529982284,559.9759802999906,559.991482200101,560.9927267003804,560.9752381001599,238.8749986998737,,,,,,,,,,,,,,,,555555,right,no,None,2025-05-15_11h51.28.385,RL_out-of-scanner,2024.2.4,59.83996389656814,2025-05-15 11h51.44.491690 -0500,
47,0,47,space,8.577396600041538,None,5,1.9895828003063798,None,238.88024519989267,j,0.4177182000130415,None,None,239.3262990997173,239.3266348997131,242.3263062997721,242.32634459994733,243.3254447998479,243.32547689974308,244.82595259975642,,,,,,,1,0,1,0,47,0,47,0,560.9927267003804,,,,,,,,,,,,,,,,,,,,,,,,,,,,,,238.88024519989267,560.9805395002477,560.9927267003804,560.9927267003804,560.9927267003804,560.9927267003804,561.4265022003092,j,0.4177182000130415,None,left,1,11,9,3,54,19,None,239.3262990997173,239.3266348997131,561.4269234002568,561.4420621003956,561.4420621003956,564.4421694003977,564.4421694003977,564.4265288002789,242.3263062997721,242.32634459994733,564.4367460003123,564.4421694003977,564.4421694003977,565.4410922001116,565.4410922001116,565.4256862001494,stimuli/box_coin_transparent.png,243.3254447998479,243.32547689974308,565.4257759000175,565.4410922001116,566.9425028003752,566.9261973001994,244.82595259975642,,,,,,,,,,,,,,,,555555,right,no,None,2025-05-15_11h51.28.385,RL_out-of-scanner,2024.2.4,59.83996389656814,2025-05-15 11h51.44.491690 -0500,
48,0,48,space,8.577396600041538,None,5,1.9895828003063798,None,244.82741079991683,j,0.6694398997351527,None,None,245.52655870001763,245.52689509978518,247.02608710015193,247.0261296001263,248.02592770010233,248.02596559980884,251.52547380002216,,,,,,,1,0,1,0,48,0,48,0,566.9425028003752,,,,,,,,,,,,,,,,,,,,,,,,,,,,,,244.82741079991683,566.927700100001,566.9425028003752,566.9425028003752,566.9425028003752,566.9425028003752,567.6267589000054,j,0.6694398997351527,None,left,1,11,10,3,55,20,None,245.52655870001763,245.52689509978518,567.6271826000884,567.6424334002659,567.6424334002659,569.1415345002897,569.1415345002897,569.1263108002022,247.02608710015193,247.0261296001263,569.1366614000872,569.1415345002897,569.1415345002897,570.1416963003576,570.1416963003576,570.1261635003611,stimuli/box_coin_transparent.png,248.02592770010233,248.02596559980884,570.126258100383,570.1416963003576,573.6420281003229,573.6257184999995,251.52547380002216,,,,,,,,,,,,,,,,555555,right,no,None,2025-05-15_11h51.28.385,RL_out-of-scanner,2024.2.4,59.83996389656814,2025-05-15 11h51.44.491690 -0500,
49,0,49,space,8.577396600041538,None,5,1.9895828003063798,None,251.52696429984644,None,,,['j'],253.02606520010158,253.0261423997581,254.5247697001323,254.52481999993324,255.52557389996946,255.52560589974746,255.526254999917,[0.333385800011456],[0.12238069996237755],,,,,1,0,1,0,49,0,49,0,573.6420281003229,,,,,,,,,,,,,,,,,,,,,,,,,,,,,,251.52696429984644,573.6272537000477,573.6420281003229,573.6420281003229,573.6420281003229,573.6420281003229,575.1262361002155,None,,,left,1,11,10,3,55,20,['j'],253.02606520010158,253.0261423997581,575.1264259000309,575.1419093003497,575.1419093003497,576.6417886000127,576.6417886000127,576.6249774000607,254.5247697001323,254.52481999993324,576.6338492999785,576.6417886000127,576.6417886000127,,,577.6258144001476,no selection made,255.52557389996946,255.52560589974746,577.6258900002576,577.6451123002917,577.6451123002917,577.6265035001561,255.526254999917,,,,,,,,575.1419093003497,575.1419093003497,575.1419093003497,575.1419093003497,[0.333385800011456],[0.12238069996237755],,,555555,right,no,None,2025-05-15_11h51.28.385,RL_out-of-scanner,2024.2.4,59.83996389656814,2025-05-15 11h51.44.491690 -0500,
1,0,1,space,8.577396600041538,None,5,1.9895828003063798,None,,,,,,,,,,,,,,,,,,,1,0,1,0,,,,,,,,,,,,,,,,,,,,,,,,,,,,,,,,,,,,,,,,,,,,,,,,,,,,,,,,,,,,,,,,,,,,,,,,,,,,,577.6413255999796,577.6451123002917,581.6416620002128,581.641718600411,581.658126400318,625.4399494002573,625.4239749000408,,,,,,,,,555555,right,no,None,2025-05-15_11h51.28.385,RL_out-of-scanner,2024.2.4,59.83996389656814,2025-05-15 11h51.44.491690 -0500,
0,0,0,space,23.511701200157404,None,5,2.8643253999762237,None,0.0017987997271120548,j,0.9644625997170806,None,None,0.9829305997118354,0.9833429995924234,1.9825909999199212,1.9826265997253358,2.981854199897498,2.981884999666363,4.980762999970466,,,,,,,2,0,2,0,0,0,0,0,651.8560411003418,,,,,,,,,,,,,,,,625.4241945999674,625.4399494002573,625.4399494002573,648.956950600259,space,23.511701200157404,None,648.9570294003934,648.9721554000862,648.9721554000862,651.8413224001415,5,2.8643253999762237,None,0.0017987997271120548,651.8431979999878,651.8560411003418,651.8560411003418,651.8560411003418,651.8560411003418,652.8242188002914,j,0.9644625997170806,None,right,1,8,0,4,55,0,None,0.9829305997118354,0.9833429995924234,652.8247391004115,652.839832500089,652.839832500089,653.8393794000149,653.8393794000149,653.8239211002365,1.9825909999199212,1.9826265997253358,653.8323817001656,653.8393794000149,653.8393794000149,654.8386491001584,654.8386491001584,654.8231999999844,stimuli/box_empty_transparent.png,2.981854199897498,2.981884999666363,654.8232682002708,654.8386491001584,656.8388134003617,656.8221007999964,4.980762999970466,,,,,,,,,,,,,,,,555555,right,no,None,2025-05-15_11h51.28.385,RL_out-of-scanner,2024.2.4,59.83996389656814,2025-05-15 11h51.44.491690 -0500,
1,0,1,space,23.511701200157404,None,5,2.8643253999762237,None,4.982992599718273,k,0.9465124001726508,None,None,5.948717599734664,5.9490106999874115,7.448973899707198,7.449010199867189,8.449156499933451,8.449189599603415,9.948349499609321,,,,,,,2,0,2,0,1,0,1,0,656.8388134003617,,,,,,,,,,,,,,,,,,,,,,,,,,,,,,4.982992599718273,656.8243974000216,656.8388134003617,656.8388134003617,656.8388134003617,656.8388134003617,657.7900195000693,k,0.9465124001726508,None,right,1,8,1,4,56,1,None,5.948717599734664,5.9490106999874115,657.7904020999558,657.8055798001587,657.8055798001587,659.3064712001942,659.3064712001942,659.2903007003479,7.448973899707198,7.449010199867189,659.3014278002083,659.3064712001942,659.3064712001942,660.3057458000258,660.3057458000258,660.2904956000857,stimuli/box_coin_transparent.png,8.449156499933451,8.449189599603415,660.290575100109,660.3057458000258,661.8064045002684,661.7896913001314,9.948349499609321,,,,,,,,,,,,,,,,555555,right,no,None,2025-05-15_11h51.28.385,RL_out-of-scanner,2024.2.4,59.83996389656814,2025-05-15 11h51.44.491690 -0500,
2,0,2,space,23.511701200157404,None,5,2.8643253999762237,None,9.949850999750197,k,0.4639423000626266,None,None,10.431906099896878,10.432165999896824,11.432091400027275,11.432134399656206,12.432031899690628,12.432064799591899,15.431422399822623,,,,,,,2,0,2,0,2,0,2,0,661.8064045002684,,,,,,,,,,,,,,,,,,,,,,,,,,,,,,9.949850999750197,661.7912427000701,661.8064045002684,661.8064045002684,661.8064045002684,661.8064045002684,662.2732126000337,k,0.4639423000626266,None,right,0,8,1,4,57,1,None,10.431906099896878,10.432165999896824,662.2735557002015,662.2887031002901,662.2887031002901,663.289858400356,663.289858400356,663.2734113000333,11.432091400027275,11.432134399656206,663.2816754002124,663.289858400356,663.289858400356,664.2889804001898,664.2889804001898,664.2733742003329,stimuli/box_empty_transparent.png,12.432031899690628,12.432064799591899,664.2734523001127,664.2889804001898,667.289722900372,667.2727655000053,15.431422399822623,,,,,,,,,,,,,,,,555555,right,no,None,2025-05-15_11h51.28.385,RL_out-of-scanner,2024.2.4,59.83996389656814,2025-05-15 11h51.44.491690 -0500,
3,0,3,space,23.511701200157404,None,5,2.8643253999762237,None,15.432894099969417,j,0.5777564002200961,None,None,16.031436000019312,16.031771199777722,18.03218619991094,18.032225099857897,19.03171809995547,19.03175159962848,20.030394199769944,,,,,,,2,0,2,0,3,0,3,0,667.289722900372,,,,,,,,,,,,,,,,,,,,,,,,,,,,,,15.432894099969417,667.274286000058,667.289722900372,667.289722900372,667.289722900372,667.289722900372,667.872742400039,j,0.5777564002200961,None,right,0,8,1,4,57,1,None,16.031436000019312,16.031771199777722,667.8731638002209,667.8885880000889,667.8885880000889,669.8888264000416,669.8888264000416,669.8735107001849,18.03218619991094,18.032225099857897,669.881971300114,669.8888264000416,669.8888264000416,670.8888954999857,670.8888954999857,670.8730601002462,stimuli/box_empty_transparent.png,19.03171809995547,19.03175159962848,670.8731407001615,670.8888954999857,671.8886184999719,671.8717376003042,20.030394199769944,,,,,,,,,,,,,,,,555555,right,no,None,2025-05-15_11h51.28.385,RL_out-of-scanner,2024.2.4,59.83996389656814,2025-05-15 11h51.44.491690 -0500,
4,0,4,space,23.511701200157404,None,5,2.8643253999762237,None,20.03212059987709,j,0.7802677000872791,None,None,20.83225329965353,20.832680399995297,21.8474349998869,21.847477299626917,22.847711199894547,22.84775389963761,25.347875999752432,,,,,,,2,0,2,0,4,0,4,0,671.8886184999719,,,,,,,,,,,,,,,,,,,,,,,,,,,,,,20.03212059987709,671.8735190001316,671.8886184999719,671.8886184999719,671.8886184999719,671.8886184999719,672.6735442001373,j,0.7802677000872791,None,right,0,8,1,4,57,1,None,20.83225329965353,20.832680399995297,672.67407310009,672.6892407000996,672.6892407000996,673.7054163999856,673.7054163999856,673.6887555001304,21.8474349998869,21.847477299626917,673.6973014003597,673.7054163999856,673.7054163999856,,,674.6890527000651,stimuli/box_empty_transparent.png,22.847711199894547,22.84775389963761,674.6891447003,674.7052140999585,677.2057917001657,677.189221800305,25.347875999752432,,,,,,,,,,,,,,,,555555,right,no,None,2025-05-15_11h51.28.385,RL_out-of-scanner,2024.2.4,59.83996389656814,2025-05-15 11h51.44.491690 -0500,
5,0,5,space,23.511701200157404,None,5,2.8643253999762237,None,25.34941009990871,j,1.1765529997646809,None,None,26.549455599859357,26.54981889994815,30.048079899977893,30.048117300029844,31.04820489976555,31.048237700015306,33.0634771999903,,,,,,,2,0,2,0,5,0,5,0,677.2057917001657,,,,,,,,,,,,,,,,,,,,,,,,,,,,,,25.34941009990871,677.1908018002287,677.2057917001657,677.2057917001657,677.2057917001657,677.2057917001657,678.3907471001148,j,1.1765529997646809,None,right,0,8,1,4,57,1,None,26.549455599859357,26.54981889994815,678.3912101001479,678.4054855001159,678.4054855001159,681.9060263000429,681.9060263000429,681.8893999001011,30.048079899977893,30.048117300029844,681.8978336001746,681.9060263000429,681.9060263000429,682.9052950004116,682.9052950004116,682.8895477000624,stimuli/box_empty_transparent.png,31.04820489976555,31.048237700015306,682.8896257001907,682.9052950004116,684.9248864003457,684.904820300173,33.0634771999903,,,,,,,,,,,,,,,,555555,right,no,None,2025-05-15_11h51.28.385,RL_out-of-scanner,2024.2.4,59.83996389656814,2025-05-15 11h51.44.491690 -0500,
6,0,6,space,23.511701200157404,None,5,2.8643253999762237,None,33.0651885997504,j,0.4477642998099327,None,None,33.547810699790716,33.548188799992204,34.55059299990535,34.55063009960577,35.56447849981487,35.564510699827224,36.564445099793375,,,,,,,2,0,2,0,6,0,6,0,684.9248864003457,,,,,,,,,,,,,,,,,,,,,,,,,,,,,,33.0651885997504,684.9065877003595,684.9248864003457,684.9248864003457,684.9248864003457,684.9248864003457,685.3890996002592,j,0.4477642998099327,None,right,0,8,1,4,57,1,None,33.547810699790716,33.548188799992204,685.3895852002315,685.4047047002241,685.4047047002241,686.4066006001085,686.4066006001085,686.3919164002873,34.55059299990535,34.55063009960577,686.4011658001691,686.4066006001085,686.4066006001085,,,687.4058203999884,stimuli/box_empty_transparent.png,35.56447849981487,35.564510699827224,687.4058996001258,687.4210512000136,688.4222190002911,688.4057911001146,36.564445099793375,,,,,,,,,,,,,,,,555555,right,no,None,2025-05-15_11h51.28.385,RL_out-of-scanner,2024.2.4,59.83996389656814,2025-05-15 11h51.44.491690 -0500,
7,0,7,space,23.511701200157404,None,5,2.8643253999762237,None,36.56620620004833,j,0.7513334997929633,None,None,37.34881650004536,37.349249199964106,39.34727869974449,39.34732379997149,40.34740099962801,40.347452899906784,42.3463339000009,,,,,,,2,0,2,0,7,0,7,0,688.4222190002911,,,,,,,,,,,,,,,,,,,,,,,,,,,,,,36.56620620004833,688.4076045001857,688.4222190002911,688.4222190002911,688.4222190002911,688.4222190002911,689.1900991001166,j,0.7513334997929633,None,right,0,8,1,4,57,1,None,37.34881650004536,37.349249199964106,689.1906473003328,689.2049929001369,689.2049929001369,691.205088400282,691.205088400282,691.188598500099,39.34727869974449,39.34732379997149,691.1987759000622,691.205088400282,691.205088400282,,,692.1887433002703,stimuli/box_empty_transparent.png,40.34740099962801,40.347452899906784,692.1888445001096,692.2048405003734,694.2042954000644,694.1876798002049,42.3463339000009,,,,,,,,,,,,,,,,555555,right,no,None,2025-05-15_11h51.28.385,RL_out-of-scanner,2024.2.4,59.83996389656814,2025-05-15 11h51.44.491690 -0500,
8,0,8,space,23.511701200157404,None,5,2.8643253999762237,None,42.34776100004092,k,0.5024081999436021,None,None,42.881327299866825,42.881635499652475,45.8809968996793,45.88103389972821,46.880112799815834,46.88014169968665,48.37956029968336,,,,,,,2,0,2,0,8,0,8,0,694.2042954000644,,,,,,,,,,,,,,,,,,,,,,,,,,,,,,42.34776100004092,694.1891530002467,694.2042954000644,694.2042954000644,694.2042954000644,694.2042954000644,694.7226337003522,k,0.5024081999436021,None,right,0,8,1,4,58,1,None,42.881327299866825,42.881635499652475,694.7230251999572,694.7387446002103,694.7387446002103,697.7381245000288,697.7381245000288,697.7223217003047,45.8809968996793,45.88103389972821,697.730688800104,697.7381245000288,697.7381245000288,698.7370351999998,698.7370351999998,698.7214575000107,stimuli/box_empty_transparent.png,46.880112799815834,46.88014169968665,698.7215281003155,698.7370351999998,700.2375640999526,700.2209045002237,48.37956029968336,,,,,,,,,,,,,,,,555555,right,no,None,2025-05-15_11h51.28.385,RL_out-of-scanner,2024.2.4,59.83996389656814,2025-05-15 11h51.44.491690 -0500,
9,0,9,space,23.511701200157404,None,5,2.8643253999762237,None,48.38128999993205,k,1.1458654999732971,None,None,49.54765779990703,49.54801179980859,51.046964899636805,51.047007099725306,52.04662499995902,52.046654199715704,54.046045299619436,,,,,,,2,0,2,0,9,0,9,0,700.2375640999526,,,,,,,,,,,,,,,,,,,,,,,,,,,,,,48.38128999993205,700.2226819000207,700.2375640999526,700.2375640999526,700.2375640999526,700.2375640999526,701.3889374001883,k,1.1458654999732971,None,right,1,8,2,4,59,2,None,49.54765779990703,49.54801179980859,701.3894127001986,701.4042420000769,701.4042420000769,702.9048216999508,702.9048216999508,702.8882838003337,51.046964899636805,51.047007099725306,702.8981358003803,702.9048216999508,702.9048216999508,703.9035187000409,703.9035187000409,703.887969400268,stimuli/box_coin_transparent.png,52.04662499995902,52.046654199715704,703.888040699996,703.9035187000409,705.9040630003437,705.8873805999756,54.046045299619436,,,,,,,,,,,,,,,,555555,right,no,None,2025-05-15_11h51.28.385,RL_out-of-scanner,2024.2.4,59.83996389656814,2025-05-15 11h51.44.491690 -0500,
10,0,10,space,23.511701200157404,None,5,2.8643253999762237,None,54.04760940000415,k,0.3759071999229491,None,None,54.44752789987251,54.44784469995648,55.94633089983836,55.94638129975647,56.9467050996609,56.94673499977216,57.94864870002493,,,,,,,2,0,2,0,10,0,10,0,705.9040630003437,,,,,,,,,,,,,,,,,,,,,,,,,,,,,,54.04760940000415,705.889002200216,705.9040630003437,705.9040630003437,705.9040630003437,705.9040630003437,706.2888327003457,k,0.3759071999229491,None,right,0,8,2,4,60,2,None,54.44752789987251,54.44784469995648,706.2892416999675,706.3041219003499,706.3041219003499,707.8044488001615,707.8044488001615,707.7876410000026,55.94633089983836,55.94638129975647,707.7983142002486,707.8044488001615,707.8044488001615,708.8036546004005,708.8036546004005,708.7880490003154,stimuli/box_empty_transparent.png,56.9467050996609,56.94673499977216,708.7881228001788,708.8036546004005,709.8054062002338,709.7899901000783,57.94864870002493,,,,,,,,,,,,,,,,555555,right,no,None,2025-05-15_11h51.28.385,RL_out-of-scanner,2024.2.4,59.83996389656814,2025-05-15 11h51.44.491690 -0500,
11,0,11,space,23.511701200157404,None,5,2.8643253999762237,None,57.950325899757445,k,0.27605060022324324,None,None,58.247975499834865,58.248336900025606,60.24636089988053,60.24640950001776,61.24699439993128,61.24702659994364,62.745747699867934,,,,,,,2,0,2,0,11,0,11,0,709.8054062002338,,,,,,,,,,,,,,,,,,,,,,,,,,,,,,57.950325899757445,709.7917174999602,709.8054062002338,709.8054062002338,709.8054062002338,709.8054062002338,710.0892399000004,k,0.27605060022324324,None,right,1,8,3,4,61,3,None,58.247975499834865,58.248336900025606,710.089732200373,710.1047318000346,710.1047318000346,712.1055847001262,712.1055847001262,712.0876731001772,60.24636089988053,60.24640950001776,712.0998395001516,712.1055847001262,712.1055847001262,,,713.0883365003392,stimuli/box_coin_transparent.png,61.24699439993128,61.24702659994364,713.0884148003533,713.103949600365,714.604122100398,714.5870937001891,62.745747699867934,,,,,,,,,,,,,,,,555555,right,no,None,2025-05-15_11h51.28.385,RL_out-of-scanner,2024.2.4,59.83996389656814,2025-05-15 11h51.44.491690 -0500,
12,0,12,space,23.511701200157404,None,5,2.8643253999762237,None,62.74734929995611,k,0.25703819980844855,None,None,63.03098209993914,63.031278599984944,64.03041310003027,64.03046309994534,65.0309031996876,65.03095159959048,68.04588039964437,,,,,,,2,0,2,0,12,0,12,0,714.604122100398,,,,,,,,,,,,,,,,,,,,,,,,,,,,,,62.74734929995611,714.5887414002791,714.604122100398,714.604122100398,714.604122100398,714.604122100398,714.8722777003422,k,0.25703819980844855,None,right,1,8,4,4,62,4,None,63.03098209993914,63.031278599984944,714.8726672003977,714.8879374000244,714.8879374000244,715.8891870002262,715.8891870002262,715.8717307001352,64.03041310003027,64.03046309994534,715.8832670999691,715.8891870002262,715.8891870002262,,,716.8722331002355,stimuli/box_coin_transparent.png,65.0309031996876,65.03095159959048,716.8723492999561,716.8877090001479,719.9038005000912,719.8872205000371,68.04588039964437,,,,,,,,,,,,,,,,555555,right,no,None,2025-05-15_11h51.28.385,RL_out-of-scanner,2024.2.4,59.83996389656814,2025-05-15 11h51.44.491690 -0500,
13,0,13,space,23.511701200157404,None,5,2.8643253999762237,None,68.04780019959435,k,0.23028789972886443,None,None,68.29676819965243,68.29707169998437,68.79712759982795,68.79716539988294,69.79730329988524,69.7973398999311,71.79707199987024,,,,,,,2,0,2,0,13,0,13,0,719.9038005000912,,,,,,,,,,,,,,,,,,,,,,,,,,,,,,68.04780019959435,719.8892036001198,719.9038005000912,719.9038005000912,719.9038005000912,719.9038005000912,720.13804610027,k,0.23028789972886443,None,right,0,8,4,4,63,4,None,68.29676819965243,68.29707169998437,720.1384666999802,720.1535481000319,720.1535481000319,720.6548697999679,720.6548697999679,720.6384515999816,68.79712759982795,68.79716539988294,720.6467363000847,720.6548697999679,720.6548697999679,,,721.6386419003829,stimuli/box_empty_transparent.png,69.79730329988524,69.7973398999311,721.638734200038,721.6539376000874,723.6545753004029,723.6384177999571,71.79707199987024,,,,,,,,,,,,,,,,555555,right,no,None,2025-05-15_11h51.28.385,RL_out-of-scanner,2024.2.4,59.83996389656814,2025-05-15 11h51.44.491690 -0500,
14,0,14,space,23.511701200157404,None,5,2.8643253999762237,None,71.7984994999133,k,0.27257200004532933,None,None,72.09766499977559,72.09792670002207,73.59593519987538,73.59597859997302,74.5962775000371,74.59631219971925,75.59652110002935,,,,,,,2,0,2,0,14,0,14,0,723.6545753004029,,,,,,,,,,,,,,,,,,,,,,,,,,,,,,71.7984994999133,723.6398908002302,723.6545753004029,723.6545753004029,723.6545753004029,723.6545753004029,723.9389689001255,k,0.27257200004532933,None,right,0,8,4,4,64,4,None,72.09766499977559,72.09792670002207,723.9393156999722,723.9544464000501,723.9544464000501,725.4537835000083,725.4537835000083,725.4372576000169,73.59593519987538,73.59597859997302,725.4463602001779,725.4537835000083,725.4537835000083,,,726.4376101000234,stimuli/box_empty_transparent.png,74.5962775000371,74.59631219971925,726.4377044001594,726.4539920999669,727.4539645002224,727.4378667003475,75.59652110002935,,,,,,,,,,,,,,,,555555,right,no,None,2025-05-15_11h51.28.385,RL_out-of-scanner,2024.2.4,59.83996389656814,2025-05-15 11h51.44.491690 -0500,
15,0,15,space,23.511701200157404,None,5,2.8643253999762237,None,75.59794140001759,k,0.4983493001200259,None,None,76.11429889965802,76.11459010001272,77.1142960996367,77.11433439981192,78.12991609983146,78.12995249964297,80.13014249969274,,,,,,,2,0,2,0,15,0,15,0,727.4539645002224,,,,,,,,,,,,,,,,,,,,,,,,,,,,,,75.59794140001759,727.439332799986,727.4539645002224,727.4539645002224,727.4539645002224,727.4539645002224,727.955571600236,k,0.4983493001200259,None,right,1,8,5,4,65,5,None,76.11429889965802,76.11459010001272,727.9559801002033,727.9704838003963,727.9704838003963,728.9725512000732,728.9725512000732,728.9556219000369,77.1142960996367,77.11433439981192,728.9654632001184,728.9725512000732,728.9725512000732,,,729.971246200148,stimuli/box_coin_transparent.png,78.12991609983146,78.12995249964297,729.971343100071,729.9867162001319,731.9874667003751,731.9714886001311,80.13014249969274,,,,,,,,,,,,,,,,555555,right,no,None,2025-05-15_11h51.28.385,RL_out-of-scanner,2024.2.4,59.83996389656814,2025-05-15 11h51.44.491690 -0500,
16,0,16,space,23.511701200157404,None,5,2.8643253999762237,None,80.13162430003285,j,0.5596642000600696,None,None,80.71412249980494,80.71451239986345,82.71330599999055,82.71334899961948,83.71285340003669,83.71289049973711,84.71185059985146,,,,,,,2,0,2,0,16,0,16,0,731.9874667003751,,,,,,,,,,,,,,,,,,,,,,,,,,,,,,80.13162430003285,731.9730163002387,731.9874667003751,731.9874667003751,731.9874667003751,731.9874667003751,732.5554266003892,j,0.5596642000600696,None,right,1,8,5,4,65,5,None,80.71412249980494,80.71451239986345,732.5559028000571,732.5702955001034,732.5702955001034,734.5703588002361,734.5703588002361,734.5546281002462,82.71330599999055,82.71334899961948,734.5630052001216,734.5703588002361,734.5703588002361,735.5700459000655,735.5700459000655,735.5541920000687,stimuli/box_empty_transparent.png,83.71285340003669,83.71289049973711,735.5542870000936,735.5700459000655,736.5697864000686,736.5531979999505,84.71185059985146,,,,,,,,,,,,,,,,555555,right,no,None,2025-05-15_11h51.28.385,RL_out-of-scanner,2024.2.4,59.83996389656814,2025-05-15 11h51.44.491690 -0500,
17,0,17,space,23.511701200157404,None,5,2.8643253999762237,None,84.71340909972787,j,0.2965513002127409,None,None,85.02978929970413,85.03015440003946,86.02976419962943,86.02980169979855,87.03015169966966,87.03018329991028,88.02951220003888,,,,,,,2,0,2,0,17,0,17,0,736.5697864000686,,,,,,,,,,,,,,,,,,,,,,,,,,,,,,84.71340909972787,736.5548012000509,736.5697864000686,736.5697864000686,736.5697864000686,736.5697864000686,736.87107880041,j,0.2965513002127409,None,right,1,8,5,4,65,5,None,85.02978929970413,85.03015440003946,736.8715542000718,736.8866387000307,736.8866387000307,737.8869130001403,737.8869130001403,737.8710894002579,86.02976419962943,86.02980169979855,737.8792073000222,737.8869130001403,737.8869130001403,738.8871395001188,738.8871395001188,738.871494800318,stimuli/box_empty_transparent.png,87.03015169966966,87.03018329991028,738.8715699003078,738.8871395001188,739.8868038002402,739.870857000351,88.02951220003888,,,,,,,,,,,,,,,,555555,right,no,None,2025-05-15_11h51.28.385,RL_out-of-scanner,2024.2.4,59.83996389656814,2025-05-15 11h51.44.491690 -0500,
18,0,18,space,23.511701200157404,None,5,2.8643253999762237,None,88.03133270004764,j,1.4314382001757622,None,['j'],89.48041139962152,89.48080409970134,92.97941479971632,92.97945609968156,93.9793793996796,93.97941070003435,95.9946550000459,[0.31658679991960526],[0.118694799952209],,,,,2,0,2,0,18,0,18,0,739.8868038002402,,,,,,,,,,,,,,,,,,,,,,,,,,,,,,88.03133270004764,739.8727241000161,739.8868038002402,739.8868038002402,739.8868038002402,739.8868038002402,741.3216445003636,j,1.4314382001757622,None,right,1,8,5,4,65,5,['j'],89.48041139962152,89.48080409970134,741.322200300172,741.3370803003199,741.3370803003199,744.8364284001291,744.8364284001291,744.8207344003022,92.97941479971632,92.97945609968156,744.8293624999933,744.8364284001291,744.8364284001291,745.8367234002799,745.8367234002799,745.8207199000753,stimuli/box_empty_transparent.png,93.9793793996796,93.97941070003435,745.8207941004075,745.8367234002799,747.8527113003656,747.8359934999608,95.9946550000459,,,,,,,,,,,,[0.31658679991960526],[0.118694799952209],,,555555,right,no,None,2025-05-15_11h51.28.385,RL_out-of-scanner,2024.2.4,59.83996389656814,2025-05-15 11h51.44.491690 -0500,
19,0,19,space,23.511701200157404,None,5,2.8643253999762237,None,95.99686379963532,j,0.49991359980776906,None,None,96.51393699971959,96.51429029973224,97.51327529968694,97.51331879990175,98.51281409990042,98.51285129971802,100.01228959998116,,,,,,,2,0,2,0,19,0,19,0,747.8527113003656,,,,,,,,,,,,,,,,,,,,,,,,,,,,,,95.99686379963532,747.8382697999477,747.8527113003656,747.8527113003656,747.8527113003656,747.8527113003656,748.3552425000817,j,0.49991359980776906,None,right,1,8,5,4,65,5,None,96.51393699971959,96.51429029973224,748.3556817001663,748.3708480000496,748.3708480000496,749.3698380002752,749.3698380002752,749.3545948001556,97.51327529968694,97.51331879990175,749.3630126002245,749.3698380002752,749.3698380002752,750.3695857999846,750.3695857999846,750.3541542002931,stimuli/box_empty_transparent.png,98.51281409990042,98.51285129971802,750.3542433003895,750.3695857999846,751.8706152001396,751.8536340002902,100.01228959998116,,,,,,,,,,,,,,,,555555,right,no,None,2025-05-15_11h51.28.385,RL_out-of-scanner,2024.2.4,59.83996389656814,2025-05-15 11h51.44.491690 -0500,
20,0,20,space,23.511701200157404,None,5,2.8643253999762237,None,100.0139658995904,k,0.3032402000389993,None,None,100.34693959960714,100.3472569999285,102.3460714998655,102.34610879980028,103.34595689969137,103.34599499963224,105.34574849996716,,,,,,,2,0,2,0,20,0,20,0,751.8706152001396,,,,,,,,,,,,,,,,,,,,,,,,,,,,,,100.0139658995904,751.8553590001538,751.8706152001396,751.8706152001396,751.8706152001396,751.8706152001396,752.1882436000742,k,0.3032402000389993,None,right,1,8,6,4,66,6,None,100.34693959960714,100.3472569999285,752.1886471002363,752.2031664000824,752.2031664000824,754.2032016003504,754.2032016003504,754.1873942003585,102.3460714998655,102.34610879980028,754.1973609002307,754.2032016003504,754.2032016003504,755.2028993000276,755.2028993000276,755.1872954000719,stimuli/box_coin_transparent.png,103.34595689969137,103.34599499963224,755.1873890999705,755.2028993000276,757.2030710000545,757.187094300054,105.34574849996716,,,,,,,,,,,,,,,,555555,right,no,None,2025-05-15_11h51.28.385,RL_out-of-scanner,2024.2.4,59.83996389656814,2025-05-15 11h51.44.491690 -0500,
21,0,21,space,23.511701200157404,None,5,2.8643253999762237,None,105.34718359960243,k,0.3278602999635041,None,None,105.69548729993403,105.69572689989582,108.69605749985203,108.69609519978985,109.69552099984139,109.69555899966508,111.19566079974174,,,,,,,2,0,2,0,21,0,21,0,757.2030710000545,,,,,,,,,,,,,,,,,,,,,,,,,,,,,,105.34718359960243,757.1885761003941,757.2030710000545,757.2030710000545,757.2030710000545,757.2030710000545,757.5367805003189,k,0.3278602999635041,None,right,1,8,7,4,67,7,None,105.69548729993403,105.69572689989582,757.5371155999601,757.5533886002377,757.5533886002377,760.5528093003668,760.5528093003668,760.5373837002553,108.69605749985203,108.69609519978985,760.5474100001156,760.5528093003668,760.5528093003668,761.5526386001147,761.5526386001147,761.5368619002402,stimuli/box_coin_transparent.png,109.69552099984139,109.69555899966508,761.5369510003366,761.5526386001147,763.0539870001376,763.0370033001527,111.19566079974174,,,,,,,,,,,,,,,,555555,right,no,None,2025-05-15_11h51.28.385,RL_out-of-scanner,2024.2.4,59.83996389656814,2025-05-15 11h51.44.491690 -0500,
22,0,22,space,23.511701200157404,None,5,2.8643253999762237,None,111.19722219975665,k,0.4906783001497388,None,None,111.7132953000255,111.7136059999466,113.2280172999017,113.22806029999629,114.228494099807,114.22853469988331,116.22837749961764,,,,,,,2,0,2,0,22,0,22,0,763.0539870001376,,,,,,,,,,,,,,,,,,,,,,,,,,,,,,111.19722219975665,763.0386137999594,763.0539870001376,763.0539870001376,763.0539870001376,763.0539870001376,763.5545831001364,k,0.4906783001497388,None,right,1,8,8,4,68,8,None,111.7132953000255,111.7136059999466,763.5550015000626,763.5702507002279,763.5702507002279,765.0882338001393,765.0882338001393,765.0693422001787,113.2280172999017,113.22806029999629,765.0817978000268,765.0882338001393,765.0882338001393,,,766.0698312004097,stimuli/box_coin_transparent.png,114.228494099807,114.22853469988331,766.0699241999537,766.086127600167,768.086770800408,768.0697223003954,116.22837749961764,,,,,,,,,,,,,,,,555555,right,no,None,2025-05-15_11h51.28.385,RL_out-of-scanner,2024.2.4,59.83996389656814,2025-05-15 11h51.44.491690 -0500,
23,0,23,space,23.511701200157404,None,5,2.8643253999762237,None,116.22989529976621,k,0.44539540028199553,None,None,116.69660979975015,116.69694199971855,118.19593549985439,118.19597369991243,119.19479270000011,119.19482419965789,120.69423649972305,,,,,,,2,0,2,0,23,0,23,0,768.086770800408,,,,,,,,,,,,,,,,,,,,,,,,,,,,,,116.22989529976621,768.0712872003205,768.086770800408,768.086770800408,768.086770800408,768.086770800408,768.5379000999965,k,0.44539540028199553,None,left,1,14,0,5,68,8,None,116.69660979975015,116.69694199971855,768.538338500075,768.5536039001308,768.5536039001308,770.0526018999517,770.0526018999517,770.0372621002607,118.19593549985439,118.19597369991243,770.0455839000642,770.0526018999517,770.0526018999517,771.051684200298,771.051684200298,771.0361383999698,stimuli/box_empty_transparent.png,119.19479270000011,119.19482419965789,771.0362099003978,771.051684200298,772.5518770003691,772.5355807002634,120.69423649972305,,,,,,,,,,,,,,,,555555,right,no,None,2025-05-15_11h51.28.385,RL_out-of-scanner,2024.2.4,59.83996389656814,2025-05-15 11h51.44.491690 -0500,
24,0,24,space,23.511701200157404,None,5,2.8643253999762237,None,120.69588979985565,k,0.5715361000038683,None,None,121.29545779991895,121.29582390002906,123.29523309972137,123.29527030000463,124.29445969965309,124.294496699702,125.79475039988756,,,,,,,2,0,2,0,24,0,24,0,772.5518770003691,,,,,,,,,,,,,,,,,,,,,,,,,,,,,,120.69588979985565,772.5372850000858,772.5518770003691,772.5518770003691,772.5518770003691,772.5518770003691,773.1367313000374,k,0.5715361000038683,None,left,1,14,0,5,68,8,None,121.29545779991895,121.29582390002906,773.137230399996,773.1520120999776,773.1520120999776,775.1522319000214,775.1522319000214,775.136559900362,123.29523309972137,123.29527030000463,775.1450327001512,775.1522319000214,775.1522319000214,776.151327600237,776.151327600237,776.1357983001508,stimuli/box_empty_transparent.png,124.29445969965309,124.294496699702,776.1358907003887,776.151327600237,777.6524754003622,777.6360963000916,125.79475039988756,,,,,,,,,,,,,,,,555555,right,no,None,2025-05-15_11h51.28.385,RL_out-of-scanner,2024.2.4,59.83996389656814,2025-05-15 11h51.44.491690 -0500,
25,0,25,space,23.511701200157404,None,5,2.8643253999762237,None,125.79621629975736,k,0.581298700068146,None,None,126.39621119992808,126.39647779986262,127.39516379963607,127.39520099991933,128.39546839985996,128.3955014999956,131.89476209972054,,,,,,,2,0,2,0,25,0,25,0,777.6524754003622,,,,,,,,,,,,,,,,,,,,,,,,,,,,,,125.79621629975736,777.6376106003299,777.6524754003622,777.6524754003622,777.6524754003622,777.6524754003622,778.2375153000467,k,0.581298700068146,None,left,1,14,0,5,68,8,None,126.39621119992808,126.39647779986262,778.2378669003956,778.2525178003125,778.2525178003125,779.252361100167,779.252361100167,779.2364898002706,127.39516379963607,127.39520099991933,779.2446030001156,779.252361100167,779.252361100167,,,780.2368103000335,stimuli/box_empty_transparent.png,128.39546839985996,128.3955014999956,780.236891000066,780.2524757999927,783.7528083999641,783.7361073000357,131.89476209972054,,,,,,,,,,,,,,,,555555,right,no,None,2025-05-15_11h51.28.385,RL_out-of-scanner,2024.2.4,59.83996389656814,2025-05-15 11h51.44.491690 -0500,
26,0,26,space,23.511701200157404,None,5,2.8643253999762237,None,131.8964105998166,k,0.32521399995312095,None,None,132.24638139968738,132.24665489979088,132.745230499655,132.7452690997161,133.74495099997148,133.74498649965972,137.2447231998667,,,,,,,2,0,2,0,26,0,26,0,783.7528083999641,,,,,,,,,,,,,,,,,,,,,,,,,,,,,,131.8964105998166,783.7378027001396,783.7528083999641,783.7528083999641,783.7528083999641,783.7528083999641,784.0876691001467,k,0.32521399995312095,None,left,1,14,0,5,68,8,None,132.24638139968738,132.24665489979088,784.0880444999784,784.1028888002038,784.1028888002038,784.6022344003431,784.6022344003431,784.5865570004098,132.745230499655,132.7452690997161,784.5950600001961,784.6022344003431,784.6022344003431,785.6020146002993,785.6020146002993,785.5862902002409,stimuli/box_empty_transparent.png,133.74495099997148,133.74498649965972,785.5863777003251,785.6020146002993,789.1021063001826,789.0860649002716,137.2447231998667,,,,,,,,,,,,,,,,555555,right,no,None,2025-05-15_11h51.28.385,RL_out-of-scanner,2024.2.4,59.83996389656814,2025-05-15 11h51.44.491690 -0500,
27,0,27,space,23.511701200157404,None,5,2.8643253999762237,None,137.24626079993322,k,0.29702499974519014,None,None,137.56210249988362,137.56236410001293,139.06160919973627,139.06164809968323,140.06195769971237,140.0619981996715,141.0601719999686,,,,,,,2,0,2,0,27,0,27,0,789.1021063001826,,,,,,,,,,,,,,,,,,,,,,,,,,,,,,137.24626079993322,789.0876526003703,789.1021063001826,789.1021063001826,789.1021063001826,789.1021063001826,789.4034080002457,k,0.29702499974519014,None,left,1,14,0,5,68,8,None,137.56210249988362,137.56236410001293,789.4037525001913,789.4192298003472,789.4192298003472,790.9186916002072,790.9186916002072,790.9029358001426,139.06160919973627,139.06164809968323,790.9111621002667,790.9186916002072,790.9186916002072,791.9183453000151,791.9183453000151,791.9032976003364,stimuli/box_empty_transparent.png,140.06195769971237,140.0619981996715,791.9034008001909,791.9183453000151,792.9183879001066,792.9015162000433,141.0601719999686,,,,,,,,,,,,,,,,555555,right,no,None,2025-05-15_11h51.28.385,RL_out-of-scanner,2024.2.4,59.83996389656814,2025-05-15 11h51.44.491690 -0500,
28,0,28,space,23.511701200157404,None,5,2.8643253999762237,None,141.06191119970754,j,0.3892799001187086,None,None,141.47792989993468,141.4782634000294,142.4781501996331,142.47819860000163,143.4781930996105,143.4782233997248,146.97645479999483,,,,,,,2,0,2,0,28,0,28,0,792.9183879001066,,,,,,,,,,,,,,,,,,,,,,,,,,,,,,141.06191119970754,792.9033302003518,792.9183879001066,792.9183879001066,792.9183879001066,792.9183879001066,793.3192170001566,j,0.3892799001187086,None,left,1,14,1,5,69,9,None,141.47792989993468,141.4782634000294,793.3196563003585,793.3347779000178,793.3347779000178,794.3355740001425,794.3355740001425,794.3194699003361,142.4781501996331,142.47819860000163,794.3301911000162,794.3355740001425,794.3355740001425,795.3349821004085,795.3349821004085,795.3195379003882,stimuli/box_coin_transparent.png,143.4781930996105,143.4782233997248,795.3196090999991,795.3349821004085,798.8345714001916,798.8177936002612,146.97645479999483,,,,,,,,,,,,,,,,555555,right,no,None,2025-05-15_11h51.28.385,RL_out-of-scanner,2024.2.4,59.83996389656814,2025-05-15 11h51.44.491690 -0500,
29,0,29,space,23.511701200157404,None,5,2.8643253999762237,None,146.97855859994888,j,0.4771194001659751,None,None,147.478280399926,147.4786741998978,149.47812979994342,149.47816739976406,150.47794829960912,150.47798440000042,151.4774598996155,,,,,,,2,0,2,0,29,0,29,0,798.8345714001916,,,,,,,,,,,,,,,,,,,,,,,,,,,,,,146.97855859994888,798.8199632000178,798.8345714001916,798.8345714001916,798.8345714001916,798.8345714001916,799.3195671001449,j,0.4771194001659751,None,left,1,14,2,5,70,10,None,147.478280399926,147.4786741998978,799.3200726001523,799.334789399989,799.334789399989,801.334902100265,801.334902100265,801.3194562001154,149.47812979994342,149.47816739976406,801.3292702999897,801.334902100265,801.334902100265,802.3350017000921,802.3350017000921,802.3192700003274,stimuli/box_coin_transparent.png,150.47794829960912,150.47798440000042,802.3193779001012,802.3350017000921,803.335743600037,803.3188034002669,151.4774598996155,,,,,,,,,,,,,,,,555555,right,no,None,2025-05-15_11h51.28.385,RL_out-of-scanner,2024.2.4,59.83996389656814,2025-05-15 11h51.44.491690 -0500,
30,0,30,space,23.511701200157404,None,5,2.8643253999762237,None,151.47926579974592,j,0.4651910001412034,None,None,151.96227899985388,151.96260219998658,152.97671599965543,152.97676749993116,153.9766523996368,153.97669639997184,154.97740740003064,,,,,,,2,0,2,0,30,0,30,0,803.335743600037,,,,,,,,,,,,,,,,,,,,,,,,,,,,,,151.47926579974592,803.320657600183,803.335743600037,803.335743600037,803.335743600037,803.335743600037,803.8035806003027,j,0.4651910001412034,None,left,0,14,2,5,71,10,None,151.96227899985388,151.96260219998658,803.8039912004024,803.819005000405,803.819005000405,804.8348942999728,804.8348942999728,804.8180261002854,152.97671599965543,152.97676749993116,804.8271950003691,804.8348942999728,804.8348942999728,805.8338475003839,805.8338475003839,805.8179875002243,stimuli/box_empty_transparent.png,153.9766523996368,153.97669639997184,805.8180982000194,805.8338475003839,806.8350440002978,806.8187536001205,154.97740740003064,,,,,,,,,,,,,,,,555555,right,no,None,2025-05-15_11h51.28.385,RL_out-of-scanner,2024.2.4,59.83996389656814,2025-05-15 11h51.44.491690 -0500,
31,0,31,space,23.511701200157404,None,5,2.8643253999762237,None,154.97890539979562,j,0.9540745001286268,None,None,155.9616413996555,155.96196339977905,158.96108549972996,158.96113149961457,159.9619799000211,159.96201759995893,162.4610385997221,,,,,,,2,0,2,0,31,0,31,0,806.8350440002978,,,,,,,,,,,,,,,,,,,,,,,,,,,,,,154.97890539979562,806.8203058000654,806.8350440002978,806.8350440002978,806.8350440002978,806.8350440002978,807.80294600036,j,0.9540745001286268,None,left,1,14,3,5,72,11,None,155.9616413996555,155.96196339977905,807.8033523000777,807.8184335003607,807.8184335003607,810.818079800345,810.818079800345,810.8024066002108,158.96108549972996,158.96113149961457,810.8127850000747,810.818079800345,810.818079800345,,,811.8033186001703,stimuli/box_coin_transparent.png,159.9619799000211,159.96201759995893,811.8034119000658,811.8180228001438,814.3184397001751,814.3023871001787,162.4610385997221,,,,,,,,,,,,,,,,555555,right,no,None,2025-05-15_11h51.28.385,RL_out-of-scanner,2024.2.4,59.83996389656814,2025-05-15 11h51.44.491690 -0500,
32,0,32,space,23.511701200157404,None,5,2.8643253999762237,None,162.46255299961194,j,0.3509312001988292,None,None,162.84533349983394,162.84573749965057,163.85970099968836,163.8597442000173,164.8605086999014,164.86055079987273,165.86061669979244,,,,,,,2,0,2,0,32,0,32,0,814.3184397001751,,,,,,,,,,,,,,,,,,,,,,,,,,,,,,162.46255299961194,814.3039449001662,814.3184397001751,814.3184397001751,814.3184397001751,814.3184397001751,814.686612999998,j,0.3509312001988292,None,left,1,14,4,5,73,12,None,162.84533349983394,162.84573749965057,814.6871338002384,814.7019195002504,814.7019195002504,815.7178396000527,815.7178396000527,815.7010236000642,163.85970099968836,163.8597442000173,815.7115675001405,815.7178396000527,815.7178396000527,,,816.7018516999669,stimuli/box_coin_transparent.png,164.8605086999014,164.86055079987273,816.7019416000694,816.7176732001826,817.7186290002428,817.7019649003632,165.86061669979244,,,,,,,,,,,,,,,,555555,right,no,None,2025-05-15_11h51.28.385,RL_out-of-scanner,2024.2.4,59.83996389656814,2025-05-15 11h51.44.491690 -0500,
33,0,33,space,23.511701200157404,None,5,2.8643253999762237,None,165.8620762997307,j,0.6932191997766495,None,None,166.577723399736,166.57810189994052,168.57761949999258,168.5776624996215,169.57638139976189,169.5764242997393,171.07709709974006,,,,,,,2,0,2,0,33,0,33,0,817.7186290002428,,,,,,,,,,,,,,,,,,,,,,,,,,,,,,165.8620762997307,817.7034678002819,817.7186290002428,817.7186290002428,817.7186290002428,817.7186290002428,818.4190150001086,j,0.6932191997766495,None,left,0,14,4,5,74,12,None,166.577723399736,166.57810189994052,818.4194937003776,818.4348190003075,818.4348190003075,820.4341989001259,820.4341989001259,820.4189388002269,168.57761949999258,168.5776624996215,820.42745930003,820.4341989001259,820.4341989001259,821.4333661003038,821.4333661003038,821.4177175001241,stimuli/box_empty_transparent.png,169.57638139976189,169.5764242997393,821.4178248001263,821.4333661003038,822.9345619003288,822.9184431000613,171.07709709974006,,,,,,,,,,,,,,,,555555,right,no,None,2025-05-15_11h51.28.385,RL_out-of-scanner,2024.2.4,59.83996389656814,2025-05-15 11h51.44.491690 -0500,
34,0,34,space,23.511701200157404,None,5,2.8643253999762237,None,171.0785848996602,j,0.8976664999499917,None,None,171.99440379999578,171.99480699980631,174.99373039975762,174.99376880005002,175.9935526996851,175.9935904997401,178.49324889993295,,,,,,,2,0,2,0,34,0,34,0,822.9345619003288,,,,,,,,,,,,,,,,,,,,,,,,,,,,,,171.0785848996602,822.9199763000943,822.9345619003288,822.9345619003288,822.9345619003288,822.9345619003288,823.8356924001127,j,0.8976664999499917,None,left,1,14,5,5,75,13,None,171.99440379999578,171.99480699980631,823.8362037003972,823.8513482003473,823.8513482003473,826.8506582002155,826.8506582002155,826.8350570001639,174.99373039975762,174.99376880005002,826.8450820003636,826.8506582002155,826.8506582002155,827.8501846999861,827.8501846999861,827.8348940000869,stimuli/box_coin_transparent.png,175.9935526996851,175.9935904997401,827.8349838000722,827.8501846999861,830.351252200082,830.3345949002542,178.49324889993295,,,,,,,,,,,,,,,,555555,right,no,None,2025-05-15_11h51.28.385,RL_out-of-scanner,2024.2.4,59.83996389656814,2025-05-15 11h51.44.491690 -0500,
35,0,35,space,23.511701200157404,None,5,2.8643253999762237,None,178.49469029996544,j,0.3944387002848089,None,None,178.91176999965683,178.9121289998293,180.41026149969548,180.41029879963025,181.40930639998987,181.4093432999216,182.4088286999613,,,,,,,2,0,2,0,35,0,35,0,830.351252200082,,,,,,,,,,,,,,,,,,,,,,,,,,,,,,178.49469029996544,830.3360825004056,830.351252200082,830.351252200082,830.351252200082,830.351252200082,830.7530762003735,j,0.3944387002848089,None,left,1,14,6,5,76,14,None,178.91176999965683,178.9121289998293,830.7535209003836,830.7677028002217,830.7677028002217,832.2671734001487,832.2671734001487,832.2515881001018,180.41026149969548,180.41029879963025,832.2616505003534,832.2671734001487,832.2671734001487,833.2663005003706,833.2663005003706,833.2506465003826,stimuli/box_coin_transparent.png,181.40930639998987,181.4093432999216,833.2507372000255,833.2663005003706,834.2667749002576,834.2501721000299,182.4088286999613,,,,,,,,,,,,,,,,555555,right,no,None,2025-05-15_11h51.28.385,RL_out-of-scanner,2024.2.4,59.83996389656814,2025-05-15 11h51.44.491690 -0500,
36,0,36,space,23.511701200157404,None,5,2.8643253999762237,None,182.41065569967031,j,0.5489336000755429,None,None,182.97851699963212,182.97885999968275,184.4769496000372,184.47699359990656,185.47747869975865,185.47751139989123,188.97651689965278,,,,,,,2,0,2,0,36,0,36,0,834.2667749002576,,,,,,,,,,,,,,,,,,,,,,,,,,,,,,182.41065569967031,834.2520550000481,834.2667749002576,834.2667749002576,834.2667749002576,834.2667749002576,834.819820899982,j,0.5489336000755429,None,left,1,14,7,5,77,15,None,182.97851699963212,182.97885999968275,834.8202498001046,834.8345339000225,834.8345339000225,836.3338328003883,836.3338328003883,836.3182713002898,184.4769496000372,184.47699359990656,836.328496100381,836.3338328003883,836.3338328003883,837.3335041999817,837.3335041999817,837.3188217002898,stimuli/box_coin_transparent.png,185.47747869975865,185.47751139989123,837.3188984002918,837.3335041999817,840.8342875000089,840.8178627002053,188.97651689965278,,,,,,,,,,,,,,,,555555,right,no,None,2025-05-15_11h51.28.385,RL_out-of-scanner,2024.2.4,59.83996389656814,2025-05-15 11h51.44.491690 -0500,
37,0,37,space,23.511701200157404,None,5,2.8643253999762237,None,188.97803679993376,j,0.3370211999863386,None,None,189.34395270003006,189.34436129964888,191.34386919997633,191.34390809992328,192.34258139971644,192.3426185999997,193.34306499967352,,,,,,,2,0,2,0,37,0,37,0,840.8342875000089,,,,,,,,,,,,,,,,,,,,,,,,,,,,,,188.97803679993376,840.8194283000194,840.8342875000089,840.8342875000089,840.8342875000089,840.8342875000089,841.1852416000329,j,0.3370211999863386,None,left,1,14,8,5,78,16,None,189.34395270003006,189.34436129964888,841.1857573003508,841.2010449003428,841.2010449003428,843.2003248003311,843.2003248003311,843.185194700025,191.34386919997633,191.34390809992328,843.1951701999642,843.2003248003311,843.2003248003311,844.1994195003062,844.1994195003062,844.1839205003344,stimuli/box_coin_transparent.png,192.34258139971644,192.3426185999997,844.1840141001157,844.1994195003062,845.2008639001288,845.1844065999612,193.34306499967352,,,,,,,,,,,,,,,,555555,right,no,None,2025-05-15_11h51.28.385,RL_out-of-scanner,2024.2.4,59.83996389656814,2025-05-15 11h51.44.491690 -0500,
38,0,38,space,23.511701200157404,None,5,2.8643253999762237,None,193.34463149961084,j,0.4891655002720654,None,None,193.86133580002934,193.86169659998268,194.860998199787,194.861035999842,195.86002109991387,195.86005549971014,197.35838129976764,,,,,,,2,0,2,0,38,0,38,0,845.2008639001288,,,,,,,,,,,,,,,,,,,,,,,,,,,,,,193.34463149961084,845.1860230001621,845.2008639001288,845.2008639001288,845.2008639001288,845.2008639001288,845.7026402000338,j,0.4891655002720654,None,left,0,14,8,5,79,16,None,193.86133580002934,193.86169659998268,845.703087599948,845.7173638003878,845.7173638003878,846.7169233001769,846.7169233001769,846.702324599959,194.860998199787,194.861035999842,846.7106544002891,846.7169233001769,846.7169233001769,847.7163979001343,847.7163979001343,847.7013624999672,stimuli/box_empty_transparent.png,195.86002109991387,195.86005549971014,847.7014466002584,847.7163979001343,849.2166134002618,849.1997122000903,197.35838129976764,,,,,,,,,,,,,,,,555555,right,no,None,2025-05-15_11h51.28.385,RL_out-of-scanner,2024.2.4,59.83996389656814,2025-05-15 11h51.44.491690 -0500,
39,0,39,space,23.511701200157404,None,5,2.8643253999762237,None,197.36016519973055,k,0.3154474999755621,None,None,197.69298949977383,197.6932275998406,198.69272389961407,198.6927678999491,199.69309759978205,199.69312969967723,200.69284609984607,,,,,,,2,0,2,0,39,0,39,0,849.2166134002618,,,,,,,,,,,,,,,,,,,,,,,,,,,,,,197.36016519973055,849.201563199982,849.2166134002618,849.2166134002618,849.2166134002618,849.2166134002618,849.53429470025,k,0.3154474999755621,None,left,0,14,8,5,79,16,None,197.69298949977383,197.6932275998406,849.5346162002534,849.5501002003439,849.5501002003439,850.5508374003693,850.5508374003693,850.5340442000888,198.69272389961407,198.6927678999491,850.5434053000063,850.5508374003693,850.5508374003693,851.5500516002066,851.5500516002066,851.5344402999617,stimuli/box_empty_transparent.png,199.69309759978205,199.69312969967723,851.5345179000869,851.5500516002066,852.5501733999699,852.5341926002875,200.69284609984607,,,,,,,,,,,,,,,,555555,right,no,None,2025-05-15_11h51.28.385,RL_out-of-scanner,2024.2.4,59.83996389656814,2025-05-15 11h51.44.491690 -0500,
40,0,40,space,23.511701200157404,None,5,2.8643253999762237,None,200.69457589974627,j,0.8389205997809768,None,None,201.56057689990848,201.56096579972655,203.05971669964492,203.05975429993123,204.05864859977737,204.05868619959801,205.06065269978717,,,,,,,2,0,2,0,40,0,40,0,852.5501733999699,,,,,,,,,,,,,,,,,,,,,,,,,,,,,,200.69457589974627,852.5359673001803,852.5501733999699,852.5501733999699,852.5501733999699,852.5501733999699,853.4018661002629,j,0.8389205997809768,None,left,1,14,9,5,80,17,None,201.56057689990848,201.56096579972655,853.4023616001941,853.4168553999625,853.4168553999625,854.9167443001643,854.9167443001643,854.9010423002765,203.05971669964492,203.05975429993123,854.9108027000912,854.9167443001643,854.9167443001643,855.9157338002697,855.9157338002697,855.8999877003953,stimuli/box_coin_transparent.png,204.05864859977737,204.05868619959801,855.9000801001675,855.9157338002697,856.917101399973,856.9019980002195,205.06065269978717,,,,,,,,,,,,,,,,555555,right,no,None,2025-05-15_11h51.28.385,RL_out-of-scanner,2024.2.4,59.83996389656814,2025-05-15 11h51.44.491690 -0500,
41,0,41,space,23.511701200157404,None,5,2.8643253999762237,None,205.0620915000327,j,0.36767939990386367,None,None,205.44553909962997,205.445950999856,206.44267109967768,206.44270949997008,207.4426136999391,207.44264639960602,210.44314009975642,,,,,,,2,0,2,0,41,0,41,0,856.917101399973,,,,,,,,,,,,,,,,,,,,,,,,,,,,,,205.0620915000327,856.9034829000011,856.917101399973,856.917101399973,856.917101399973,856.917101399973,857.2868459001184,j,0.36767939990386367,None,left,1,14,10,5,81,18,None,205.44553909962997,205.445950999856,857.2873430000618,857.3001692001708,857.3001692001708,858.2996526001953,858.2996526001953,858.283996200189,206.44267109967768,206.44270949997008,858.2937643001787,858.2996526001953,858.2996526001953,859.2997680003755,859.2997680003755,859.2839563000016,stimuli/box_coin_transparent.png,207.4426136999391,207.44264639960602,859.284034000244,859.2997680003755,862.2999734999612,862.2844859003089,210.44314009975642,,,,,,,,,,,,,,,,555555,right,no,None,2025-05-15_11h51.28.385,RL_out-of-scanner,2024.2.4,59.83996389656814,2025-05-15 11h51.44.491690 -0500,
42,0,42,space,23.511701200157404,None,5,2.8643253999762237,None,210.44474669964984,j,0.3554930998943746,None,None,210.82667389977723,210.82700069993734,212.82596579985693,212.82600610004738,213.82589199999347,213.82592380000278,217.32554099988192,,,,,,,2,0,2,0,42,0,42,0,862.2999734999612,,,,,,,,,,,,,,,,,,,,,,,,,,,,,,210.44474669964984,862.2861390002072,862.2999734999612,862.2999734999612,862.2999734999612,862.2999734999612,862.6679752999917,j,0.3554930998943746,None,left,1,14,11,5,82,19,None,210.82667389977723,210.82700069993734,862.668390000239,862.6830600001849,862.6830600001849,864.6834667003714,864.6834667003714,864.6672884002328,212.82596579985693,212.82600610004738,864.6770818000659,864.6834667003714,864.6834667003714,865.6837319000624,865.6837319000624,865.6672358000651,stimuli/box_coin_transparent.png,213.82589199999347,213.82592380000278,865.6673103002831,865.6837319000624,869.183380200062,869.1668878002092,217.32554099988192,,,,,,,,,,,,,,,,555555,right,no,None,2025-05-15_11h51.28.385,RL_out-of-scanner,2024.2.4,59.83996389656814,2025-05-15 11h51.44.491690 -0500,
43,0,43,space,23.511701200157404,None,5,2.8643253999762237,None,217.32719699991867,j,0.5851436001248658,None,None,217.94350079959258,217.94385969964787,218.94264739984646,218.94268359988928,219.94285959983245,219.94289129972458,221.94232589984313,,,,,,,2,0,2,0,43,0,43,0,869.183380200062,,,,,,,,,,,,,,,,,,,,,,,,,,,,,,217.32719699991867,869.1685957000591,869.183380200062,869.183380200062,869.183380200062,869.183380200062,869.7848078003153,j,0.5851436001248658,None,left,0,14,11,5,83,19,None,217.94350079959258,217.94385969964787,869.785251500085,869.8002305002883,869.8002305002883,870.799701699987,870.799701699987,870.78397410037,218.94264739984646,218.94268359988928,870.7923972001299,870.799701699987,870.799701699987,871.7993086003698,871.7993086003698,871.7842032001354,stimuli/box_empty_transparent.png,219.94285959983245,219.94289129972458,871.7842793003656,871.7993086003698,873.7999728000723,873.7836718000472,221.94232589984313,,,,,,,,,,,,,,,,555555,right,no,None,2025-05-15_11h51.28.385,RL_out-of-scanner,2024.2.4,59.83996389656814,2025-05-15 11h51.44.491690 -0500,
44,0,44,space,23.511701200157404,None,5,2.8643253999762237,None,221.9437630996108,k,0.35066029988229275,None,None,222.3261958998628,222.3265072996728,224.82631359994411,224.82636439986527,225.82542609982193,225.82545809959993,227.82479929970577,,,,,,,2,0,2,0,44,0,44,0,873.7999728000723,,,,,,,,,,,,,,,,,,,,,,,,,,,,,,221.9437630996108,873.7851546001621,873.7999728000723,873.7999728000723,873.7999728000723,873.7999728000723,874.1674582003616,k,0.35066029988229275,None,left,0,14,11,5,83,19,None,222.3261958998628,222.3265072996728,874.1679016002454,874.1831384999678,874.1831384999678,876.6827529002912,876.6827529002912,876.667640300002,224.82631359994411,224.82636439986527,876.6760077001527,876.6827529002912,876.6827529002912,877.6825407003053,877.6825407003053,877.6667688000016,stimuli/box_empty_transparent.png,225.82542609982193,225.82545809959993,877.666846100241,877.6825407003053,879.682861499954,879.6661469000392,227.82479929970577,,,,,,,,,,,,,,,,555555,right,no,None,2025-05-15_11h51.28.385,RL_out-of-scanner,2024.2.4,59.83996389656814,2025-05-15 11h51.44.491690 -0500,
45,0,45,space,23.511701200157404,None,5,2.8643253999762237,None,227.8262529997155,k,0.6207711002789438,None,None,228.47625949978828,228.47658869996667,229.48120079981163,229.48124590003863,230.48058860003948,230.48062519961968,231.48078829981387,,,,,,,2,0,2,0,45,0,45,0,879.682861499954,,,,,,,,,,,,,,,,,,,,,,,,,,,,,,227.8262529997155,879.6676444001496,879.682861499954,879.682861499954,879.682861499954,879.682861499954,880.3175282003358,k,0.6207711002789438,None,left,0,14,11,5,83,19,None,228.47625949978828,228.47658869996667,880.3179835001938,880.3332732999697,880.3332732999697,881.3376140999608,881.3376140999608,881.3225220004097,229.48120079981163,229.48124590003863,881.3310553003103,881.3376140999608,881.3376140999608,882.3378027002327,882.3378027002327,882.3219278999604,stimuli/box_empty_transparent.png,230.48058860003948,230.48062519961968,882.322017100174,882.3378027002327,883.3385596000589,883.3221322000027,231.48078829981387,,,,,,,,,,,,,,,,555555,right,no,None,2025-05-15_11h51.28.385,RL_out-of-scanner,2024.2.4,59.83996389656814,2025-05-15 11h51.44.491690 -0500,
46,0,46,space,23.511701200157404,None,5,2.8643253999762237,None,231.48220199998468,k,0.365323499776423,None,None,231.86485329968855,231.86516539985314,233.86354439985007,233.86358159966767,234.8638088000007,234.86384569993243,235.86474119964987,,,,,,,2,0,2,0,46,0,46,0,883.3385596000589,,,,,,,,,,,,,,,,,,,,,,,,,,,,,,231.48220199998468,883.3235933999531,883.3385596000589,883.3385596000589,883.3385596000589,883.3385596000589,883.7061416003853,k,0.365323499776423,None,left,0,14,11,5,83,19,None,231.86485329968855,231.86516539985314,883.7065608003177,883.7213467000984,883.7213467000984,885.7207806999795,885.7207806999795,885.7048723003827,233.86354439985007,233.86358159966767,885.7138732001185,885.7207806999795,885.7207806999795,,,886.7051478000358,stimuli/box_empty_transparent.png,234.8638088000007,234.86384569993243,886.7052390002646,886.7213766002096,887.7217195001431,887.7060851999559,235.86474119964987,,,,,,,,,,,,,,,,555555,right,no,None,2025-05-15_11h51.28.385,RL_out-of-scanner,2024.2.4,59.83996389656814,2025-05-15 11h51.44.491690 -0500,
47,0,47,space,23.511701200157404,None,5,2.8643253999762237,None,235.86628329986706,k,0.9778640000149608,None,None,236.8648639000021,236.86513069970533,239.86444219993427,239.86448039999232,240.86362669989467,240.86365639977157,242.363214999903,,,,,,,2,0,2,0,47,0,47,0,887.7217195001431,,,,,,,,,,,,,,,,,,,,,,,,,,,,,,235.86628329986706,887.7076751003042,887.7217195001431,887.7217195001431,887.7217195001431,887.7217195001431,888.7061672001146,k,0.9778640000149608,None,left,0,14,11,5,83,19,None,236.8648639000021,236.86513069970533,888.7065190002322,888.7214347003028,888.7214347003028,891.7206501001492,891.7206501001492,891.7057706001215,239.86444219993427,239.86448039999232,891.7140171001665,891.7206501001492,891.7206501001492,892.7209184002131,892.7209184002131,892.7049714000896,stimuli/box_empty_transparent.png,240.86362669989467,240.86365639977157,892.7050428004004,892.7209184002131,894.2212541000918,894.2045614002272,242.363214999903,,,,,,,,,,,,,,,,555555,right,no,None,2025-05-15_11h51.28.385,RL_out-of-scanner,2024.2.4,59.83996389656814,2025-05-15 11h51.44.491690 -0500,
48,0,48,space,23.511701200157404,None,5,2.8643253999762237,None,242.36471530003473,j,0.7275767000392079,None,None,243.11352099990472,243.11396340001374,244.61439020000398,244.6144270999357,245.61361610004678,245.61364699993283,249.1133595998399,,,,,,,2,0,2,0,48,0,48,0,894.2212541000918,,,,,,,,,,,,,,,,,,,,,,,,,,,,,,242.36471530003473,894.2061067000031,894.2212541000918,894.2212541000918,894.2212541000918,894.2212541000918,894.9547912003472,j,0.7275767000392079,None,left,1,14,12,5,84,20,None,243.11352099990472,243.11396340001374,894.9553696000949,894.9699670001864,894.9699670001864,896.4716704003513,896.4716704003513,896.4557178001851,244.61439020000398,244.6144270999357,896.4656398999505,896.4716704003513,896.4716704003513,897.470879800152,897.470879800152,897.4549607001245,stimuli/box_coin_transparent.png,245.61361610004678,245.61364699993283,897.4550342001021,897.470879800152,900.9711051001213,900.9547068001702,249.1133595998399,,,,,,,,,,,,,,,,555555,right,no,None,2025-05-15_11h51.28.385,RL_out-of-scanner,2024.2.4,59.83996389656814,2025-05-15 11h51.44.491690 -0500,
49,0,49,space,23.511701200157404,None,5,2.8643253999762237,None,249.1148839998059,j,0.39024769980460405,None,None,249.52941779978573,249.52979089971632,251.03007279988378,251.03011829964817,252.04609919991344,252.0461372998543,252.0467719999142,,,,,,,2,0,2,0,49,0,49,0,900.9711051001213,,,,,,,,,,,,,,,,,,,,,,,,,,,,,,249.1148839998059,900.9562751003541,900.9711051001213,900.9711051001213,900.9711051001213,900.9711051001213,901.3706931001507,j,0.39024769980460405,None,left,1,14,13,5,85,21,None,249.52941779978573,249.52979089971632,901.371189000085,901.3865225999616,901.3865225999616,902.8911876003258,902.8911876003258,902.8713915003464,251.03007279988378,251.03011829964817,902.8824625001289,902.8911876003258,902.8911876003258,,,903.8874254003167,stimuli/box_coin_transparent.png,252.04609919991344,252.0461372998543,903.8875327999704,903.9061400000937,903.9061400000937,903.8881225003861,252.0467719999142,,,,,,,,,,,,,,,,555555,right,no,None,2025-05-15_11h51.28.385,RL_out-of-scanner,2024.2.4,59.83996389656814,2025-05-15 11h51.44.491690 -0500,
2,0,2,space,23.511701200157404,None,5,2.8643253999762237,None,,,,,,,,,,,,,,,,,,,2,0,2,0,,,,,,,,,,,,,,,,,,,,,,,,,,,,,,,,,,,,,,,,,,,,,,,,,,,,,,,,,,,,,,,,,,,,,,,,,,,,,903.9016420003027,903.9061400000937,907.903905000072,907.9039607001469,907.9203457003459,955.2361693000421,955.2195915002376,,,,,,,,,555555,right,no,None,2025-05-15_11h51.28.385,RL_out-of-scanner,2024.2.4,59.83996389656814,2025-05-15 11h51.44.491690 -0500,
,,,,,,,,,,,,,,,,,,,,,,,,,,,,,,,,,,,,,,,,,,,,,,,,,,,,,,,,,,,,,,,,,,,,,,,,,,,,,,,,,,,,,,,,,,,,,,,,,,,,,,,,,,,,,,,,,,,,,,,,955.2197120999917,955.2199874999933,555555,right,no,None,2025-05-15_11h51.28.385,RL_out-of-scanner,2024.2.4,59.83996389656814,2025-05-15 11h51.44.491690 -0500,
