thisN,thisTrialN,thisRepN,advance_press.keys,advance_press.rt,advance_press.duration,trigger_value.keys,trigger_value.rt,trigger_value.duration,cueOnTime,cue_resp.keys,cue_resp.rt,cue_resp.duration,all_keys.keys,cueOffTime,cueRespOnTime,cueRespOffTime,outcomeOnTime,outcomeOffTime,fixOnTime,fixOffTime,all_keys.rt,all_keys.duration,practice_loop.thisRepN,practice_loop.thisTrialN,practice_loop.thisN,practice_loop.thisIndex,runs.thisRepN,runs.thisTrialN,runs.thisN,runs.thisIndex,trials.thisRepN,trials.thisTrialN,trials.thisN,trials.thisIndex,thisRow.t,notes,prac_dir.started,welcome_text.started,advance_press_pd.started,prac_dir.stopped,advance_press_pd.keys,advance_press_pd.rt,advance_press_pd.duration,summary_instructions.started,summary_text.started,advance_to_runs.started,summary_instructions.stopped,advance_to_runs.keys,advance_to_runs.rt,advance_to_runs.duration,get_ready.started,get_ready_text.started,advance_press.started,get_ready.stopped,runs.advance_press.keys,runs.advance_press.rt,runs.advance_press.duration,scanner_trigger.started,scanner_text.started,trigger_value.started,scanner_trigger.stopped,runs.trigger_value.keys,runs.trigger_value.rt,runs.trigger_value.duration,trials.cueOnTime,cue.started,left_box.started,right_box.started,cue_resp.started,all_keys.started,cue.stopped,trials.cue_resp.keys,trials.cue_resp.rt,trials.cue_resp.duration,good_side,probability_sequence_value,magic_number,num_rewarded,num_switch,total_correct,num_gold_coins,trials.all_keys.keys,trials.cueOffTime,trials.cueRespOnTime,cue_response.started,left_box_response.started,right_box_response.started,left_box_response.stopped,right_box_response.stopped,cue_response.stopped,trials.cueRespOffTime,trials.outcomeOnTime,outcome.started,outcome_left_box.started,outcome_right_box.started,outcome.stopped,outcome_image,trials.outcomeOffTime,trials.fixOnTime,fixation.started,fixation_cross.started,fixation_cross.stopped,fixation.stopped,trials.fixOffTime,outcome_left_box.stopped,outcome_right_box.stopped,left_box.stopped,right_box.stopped,cue_resp.stopped,all_keys.stopped,trials.all_keys.rt,trials.all_keys.duration,run_feedback.started,coins_won_text.started,run_feedback.stopped,leftover_time_break.started,fixation_end.started,fixation_end.stopped,leftover_time_break.stopped,end_exp.started,end_exp.stopped,participant,handedness,practice,restart_from_run,date,expName,psychopyVersion,frameRate,expStart,
,,,,,,,,,,,,,,,,,,,,,,,,,,,,,,,,,,,,,0.038467299193143845,0.0442714998498559,0.0442714998498559,2.138891899958253,j,2.0810321997851133,None,,,,,,,,,,,,,,,,,,,,,,,,,,,,,,,,,,,,,,,,,,,,,,,,,,,,,,,,,,,,,,,,,,,,,,,,,,,,,,,999999,right,no,None,2025-05-21_17h47.03.030,RL_out-of-scanner,2024.2.4,59.38750116072683,2025-05-21 17h47.19.278398 -0500,
,,,,,,,,,,,,,,,,,,,,,,,,,,,,,,,,,,,,,,,,,,,,2.1392000997439027,2.1482233991846442,2.1482233991846442,2.8662932999432087,j,0.7047183997929096,None,,,,,,,,,,,,,,,,,,,,,,,,,,,,,,,,,,,,,,,,,,,,,,,,,,,,,,,,,,,,,,,,,,,,,,,,999999,right,no,None,2025-05-21_17h47.03.030,RL_out-of-scanner,2024.2.4,59.38750116072683,2025-05-21 17h47.19.278398 -0500,
0,0,0,space,1.6921098995953798,None,5,1.6312656998634338,None,0.0022144997492432594,k,1.1366726998239756,None,None,1.168326299637556,1.168617400340736,2.1671476997435093,2.1671890998259187,3.183299300260842,3.1833298997953534,5.198779799975455,,,,,,,0,0,0,0,0,0,0,0,6.248381000012159,,,,,,,,,,,,,,,,2.8666423996910453,2.8813746999949217,2.8813746999949217,4.582835999317467,space,1.6921098995953798,None,4.582912299782038,4.598505599424243,4.598505599424243,6.23201849963516,5,1.6312656998634338,None,0.0022144997492432594,6.234311199747026,6.248381000012159,6.248381000012159,6.248381000012159,6.248381000012159,7.4003058997914195,k,1.1366726998239756,None,right,1,11,1,0,1,1,None,1.168326299637556,1.168617400340736,7.400713199749589,7.415176499634981,7.415176499634981,8.416595799848437,8.416595799848437,8.39916819985956,2.1671476997435093,2.1671890998259187,8.410144499503076,8.416595799848437,8.416595799848437,9.415345299988985,stimuli/box_coin_transparent.png,3.183299300260842,3.1833298997953534,9.41542199999094,9.431925099343061,11.447460199706256,11.430824799463153,5.198779799975455,,,,,,,,,,,,,,,,,,999999,right,no,None,2025-05-21_17h47.03.030,RL_out-of-scanner,2024.2.4,59.38750116072683,2025-05-21 17h47.19.278398 -0500,
1,0,1,space,1.6921098995953798,None,5,1.6312656998634338,None,5.200923399999738,k,0.32949729915708303,None,None,5.549912000074983,5.5501570999622345,7.050294400192797,7.050333600491285,8.050316500477493,8.050346800126135,9.550407599657774,,,,,,,0,0,0,0,1,0,1,0,11.447460199706256,,,,,,,,,,,,,,,,,,,,,,,,,,,,,,5.200923399999738,11.433032499626279,11.447460199706256,11.447460199706256,11.447460199706256,11.447460199706256,11.781921699643135,k,0.32949729915708303,None,right,1,11,2,0,2,2,None,5.549912000074983,5.5501570999622345,11.782250999473035,11.797582799568772,11.797582799568772,13.298068299889565,13.298068299889565,13.282323399558663,7.050294400192797,7.050333600491285,13.29263289924711,13.298068299889565,13.298068299889565,14.282366199418902,stimuli/box_coin_transparent.png,8.050316500477493,8.050346800126135,14.2824371997267,14.296920999884605,15.79800090007484,15.782456399872899,9.550407599657774,14.296920999884605,14.296920999884605,,,,,,,,,,,,,,,,999999,right,no,None,2025-05-21_17h47.03.030,RL_out-of-scanner,2024.2.4,59.38750116072683,2025-05-21 17h47.19.278398 -0500,
2,0,2,space,1.6921098995953798,None,5,1.6312656998634338,None,9.551942800171673,k,0.29697970021516085,None,None,9.866483899764717,9.866774000227451,10.8657136997208,10.865758100524545,11.865939100272954,11.865977199748158,14.865035300143063,,,,,,,0,0,0,0,2,0,2,0,15.79800090007484,,,,,,,,,,,,,,,,,,,,,,,,,,,,,,9.551942800171673,15.784038299694657,15.79800090007484,15.79800090007484,15.79800090007484,15.79800090007484,16.098489499650896,k,0.29697970021516085,None,right,1,11,3,0,3,3,None,9.866483899764717,9.866774000227451,16.09886909928173,16.11415629927069,16.11415629927069,17.114772799424827,17.114772799424827,17.09774039965123,10.8657136997208,10.865758100524545,17.109464299865067,17.114772799424827,17.114772799424827,18.097978299483657,stimuli/box_coin_transparent.png,11.865939100272954,11.865977199748158,18.098088500089943,18.1141892997548,21.113856899552047,21.097087999805808,14.865035300143063,,,,,,,,,,,,,,,,,,999999,right,no,None,2025-05-21_17h47.03.030,RL_out-of-scanner,2024.2.4,59.38750116072683,2025-05-21 17h47.19.278398 -0500,
3,0,3,space,1.6921098995953798,None,5,1.6312656998634338,None,14.866556400433183,k,0.30352899990975857,None,None,15.203220100142062,15.203488600440323,17.19912299979478,17.199166299775243,18.199543099850416,18.19958180002868,19.198345500044525,,,,,,,0,0,0,0,3,0,3,0,21.113856899552047,,,,,,,,,,,,,,,,,,,,,,,,,,,,,,14.866556400433183,21.098681499250233,21.113856899552047,21.113856899552047,21.113856899552047,21.113856899552047,21.435217199847102,k,0.30352899990975857,None,right,1,11,4,0,4,4,None,15.203220100142062,15.203488600440323,21.435583599843085,21.447928799316287,21.447928799316287,23.447770100086927,23.447770100086927,23.431145899929106,17.19912299979478,17.199166299775243,23.441451899707317,23.447770100086927,23.447770100086927,24.431582299992442,stimuli/box_coin_transparent.png,18.199543099850416,18.19958180002868,24.431693099439144,24.447478899732232,25.447300799190998,25.43038980010897,19.198345500044525,,,,,,,,,,,,,,,,,,999999,right,no,None,2025-05-21_17h47.03.030,RL_out-of-scanner,2024.2.4,59.38750116072683,2025-05-21 17h47.19.278398 -0500,
4,0,4,space,1.6921098995953798,None,5,1.6312656998634338,None,19.200278899632394,k,0.48282349947839975,None,None,19.701573200523853,19.701884199865162,20.69987860042602,20.69991729967296,21.699837599880993,21.699873600155115,24.199120299890637,,,,,,,0,0,0,0,4,0,4,0,25.447300799190998,,,,,,,,,,,,,,,,,,,,,,,,,,,,,,19.200278899632394,25.43239039927721,25.447300799190998,25.447300799190998,25.447300799190998,25.447300799190998,25.93356340005994,k,0.48282349947839975,None,right,1,11,5,0,5,5,None,19.701573200523853,19.701884199865162,25.933984299190342,25.947581599466503,25.947581599466503,26.947656099684536,26.947656099684536,26.931907199323177,20.69987860042602,20.69991729967296,26.941979499533772,26.947656099684536,26.947656099684536,27.931883200071752,stimuli/box_coin_transparent.png,21.699837599880993,21.699873600155115,27.93197140004486,27.94812159985304,30.44787749927491,30.431171999312937,24.199120299890637,27.94812159985304,27.94812159985304,,,,,,,,,,,,,,,,999999,right,no,None,2025-05-21_17h47.03.030,RL_out-of-scanner,2024.2.4,59.38750116072683,2025-05-21 17h47.19.278398 -0500,
5,0,5,space,1.6921098995953798,None,5,1.6312656998634338,None,24.20085239969194,k,0.5839178003370762,None,None,24.81698019988835,24.8172879004851,28.31537130009383,28.315410000272095,29.315758800134063,29.315794800408185,31.315471599809825,,,,,,,0,0,0,0,5,0,5,0,30.44787749927491,,,,,,,,,,,,,,,,,,,,,,,,,,,,,,24.20085239969194,30.432947699911892,30.44787749927491,30.44787749927491,30.44787749927491,30.44787749927491,31.04895839933306,k,0.5839178003370762,None,right,0,11,5,0,6,5,None,24.81698019988835,24.8172879004851,31.04938319977373,31.063837099820375,31.063837099820375,34.56414399947971,34.56414399947971,34.5474052997306,28.31537130009383,28.315410000272095,34.55626480001956,34.56414399947971,34.56414399947971,35.54780359938741,stimuli/box_empty_transparent.png,29.315758800134063,29.315794800408185,35.54789249971509,35.56337059941143,37.56403529923409,37.5475189993158,31.315471599809825,35.56337059941143,35.56337059941143,,,,,,,,,,,,,,,,999999,right,no,None,2025-05-21_17h47.03.030,RL_out-of-scanner,2024.2.4,59.38750116072683,2025-05-21 17h47.19.278398 -0500,
6,0,6,space,1.6921098995953798,None,5,1.6312656998634338,None,31.317269699648023,k,1.1792221004143357,None,None,32.516520200297236,32.516883100382984,33.51618540007621,33.51623119972646,34.51561350002885,34.51565030030906,35.51633409969509,,,,,,,0,0,0,0,6,0,6,0,37.56403529923409,,,,,,,,,,,,,,,,,,,,,,,,,,,,,,31.317269699648023,37.549371199682355,37.56403529923409,37.56403529923409,37.56403529923409,37.56403529923409,38.748510899953544,k,1.1792221004143357,None,right,1,11,6,0,7,6,None,32.516520200297236,32.516883100382984,38.74898439925164,38.76422579959035,38.76422579959035,39.763829899951816,39.763829899951816,39.74820589926094,33.51618540007621,33.51623119972646,39.75811500009149,39.763829899951816,39.763829899951816,40.74765780009329,stimuli/box_coin_transparent.png,34.51561350002885,34.51565030030906,40.74774849973619,40.76356439944357,41.7643312998116,41.74838519934565,35.51633409969509,40.76356439944357,40.76356439944357,,,,,,,,,,,,,,,,999999,right,no,None,2025-05-21_17h47.03.030,RL_out-of-scanner,2024.2.4,59.38750116072683,2025-05-21 17h47.19.278398 -0500,
7,0,7,space,1.6921098995953798,None,5,1.6312656998634338,None,35.517945299856365,k,0.8477448998019099,None,None,36.3832892999053,36.38355730008334,38.38310180045664,38.383140300400555,39.382891399785876,39.38292260002345,41.3826825004071,,,,,,,0,0,0,0,7,0,7,0,41.7643312998116,,,,,,,,,,,,,,,,,,,,,,,,,,,,,,35.517945299856365,41.750040399841964,41.7643312998116,41.7643312998116,41.7643312998116,41.7643312998116,42.615282899700105,k,0.8477448998019099,None,right,1,11,7,0,8,7,None,36.3832892999053,36.38355730008334,42.61565149948001,42.63192280009389,42.63192280009389,44.63012930005789,44.63012930005789,44.61513439938426,38.38310180045664,38.383140300400555,44.62520739994943,44.63012930005789,44.63012930005789,45.61493910010904,stimuli/box_coin_transparent.png,39.382891399785876,39.38292260002345,45.61501469928771,45.63024089951068,47.63044719956815,47.61473449971527,41.3826825004071,45.63024089951068,45.63024089951068,,,,,,,,,,,,,,,,999999,right,no,None,2025-05-21_17h47.03.030,RL_out-of-scanner,2024.2.4,59.38750116072683,2025-05-21 17h47.19.278398 -0500,
8,0,8,space,1.6921098995953798,None,5,1.6312656998634338,None,41.384137599729,k,0.39006709959357977,None,None,41.80012010037899,41.80039810016751,44.79921459965408,44.799259800463915,45.79837669990957,45.79840820003301,47.298947100527585,,,,,,,0,0,0,0,8,0,8,0,47.63044719956815,,,,,,,,,,,,,,,,,,,,,,,,,,,,,,41.384137599729,47.61623359937221,47.63044719956815,47.63044719956815,47.63044719956815,47.63044719956815,48.03212959971279,k,0.39006709959357977,None,right,0,11,7,0,9,7,None,41.80012010037899,41.80039810016751,48.03249229956418,48.04722259938717,48.04722259938717,51.046730199828744,51.046730199828744,51.031235199421644,44.79921459965408,44.799259800463915,51.03933179937303,51.046730199828744,51.046730199828744,52.03042549919337,stimuli/box_empty_transparent.png,45.79837669990957,45.79840820003301,52.030499999411404,52.045860699377954,53.54695019964129,53.53097889944911,47.298947100527585,52.045860699377954,52.045860699377954,,,,,,,,,,,,,,,,999999,right,no,None,2025-05-21_17h47.03.030,RL_out-of-scanner,2024.2.4,59.38750116072683,2025-05-21 17h47.19.278398 -0500,
9,0,9,space,1.6921098995953798,None,5,1.6312656998634338,None,47.30076210014522,k,0.8422426003962755,None,None,48.165686500258744,48.16593059990555,49.66591859981418,49.66595770046115,50.6653453996405,50.665384399704635,52.66401220019907,,,,,,,0,0,0,0,9,0,9,0,53.54695019964129,,,,,,,,,,,,,,,,,,,,,,,,,,,,,,47.30076210014522,53.53286419995129,53.54695019964129,53.54695019964129,53.54695019964129,53.54695019964129,54.3976932996884,k,0.8422426003962755,None,right,1,11,8,0,10,8,None,48.165686500258744,48.16593059990555,54.39802459999919,54.41378879919648,54.41378879919648,55.913507299497724,55.913507299497724,55.89794619940221,49.66591859981418,49.66595770046115,55.907802399247885,55.913507299497724,55.913507299497724,56.897387200035155,stimuli/box_coin_transparent.png,50.6653453996405,50.665384399704635,56.89749189931899,56.91253069974482,58.9128042999655,58.89606030005962,52.66401220019907,56.91253069974482,56.91253069974482,,,,,,,,,,,,,,,,999999,right,no,None,2025-05-21_17h47.03.030,RL_out-of-scanner,2024.2.4,59.38750116072683,2025-05-21 17h47.19.278398 -0500,
10,0,10,space,1.6921098995953798,None,5,1.6312656998634338,None,52.66575390007347,k,0.5303992005065084,None,None,53.216087399981916,53.21634879987687,54.71566460002214,54.71571089979261,55.715640200302005,55.71567180007696,56.715436100028455,,,,,,,0,0,0,0,10,0,10,0,58.9128042999655,,,,,,,,,,,,,,,,,,,,,,,,,,,,,,52.66575390007347,58.89785659965128,58.9128042999655,58.9128042999655,58.9128042999655,58.9128042999655,59.44809289928526,k,0.5303992005065084,None,right,1,11,9,0,11,9,None,53.216087399981916,53.21634879987687,59.44844309985638,59.46345979999751,59.46345979999751,60.963697699829936,60.963697699829936,60.94768629968166,54.71566460002214,54.71571089979261,60.95830459985882,60.963697699829936,60.963697699829936,61.9476868994534,stimuli/box_coin_transparent.png,55.715640200302005,55.71567180007696,61.94776329956949,61.96313669998199,62.96327739953995,62.94748689979315,56.715436100028455,61.96313669998199,61.96313669998199,,,,,,,,,,,,,,,,999999,right,no,None,2025-05-21_17h47.03.030,RL_out-of-scanner,2024.2.4,59.38750116072683,2025-05-21 17h47.19.278398 -0500,
11,0,11,space,1.6921098995953798,None,5,1.6312656998634338,None,56.716913499869406,k,0.4460893999785185,None,None,57.185312800109386,57.1855957005173,59.18261389993131,59.18266229983419,60.181908200494945,60.18193960003555,61.68140290025622,,,,,,,0,0,0,0,11,0,11,0,62.96327739953995,,,,,,,,,,,,,,,,,,,,,,,,,,,,,,56.716913499869406,62.9490093998611,62.96327739953995,62.96327739953995,62.96327739953995,62.96327739953995,63.41731849964708,k,0.4460893999785185,None,right,1,11,10,0,12,10,None,57.185312800109386,57.1855957005173,63.417690799571574,63.43040499929339,63.43040499929339,65.43016199953854,65.43016199953854,65.41463939938694,59.18261389993131,59.18266229983419,65.42502039950341,65.43016199953854,65.43016199953854,66.41395649965852,stimuli/box_coin_transparent.png,60.181908200494945,60.18193960003555,66.41403120011091,66.42978859972209,67.93000439926982,67.91345359943807,61.68140290025622,66.42978859972209,66.42978859972209,,,,,,,,,,,,,,,,999999,right,no,None,2025-05-21_17h47.03.030,RL_out-of-scanner,2024.2.4,59.38750116072683,2025-05-21 17h47.19.278398 -0500,
12,0,12,space,1.6921098995953798,None,5,1.6312656998634338,None,61.68288389965892,None,,,None,63.18093049991876,63.18099069967866,64.18091150000691,64.18095390032977,65.1815662002191,65.18160399980843,68.18123930040747,,,,,,,0,0,0,0,12,0,12,0,67.93000439926982,,,,,,,,,,,,,,,,,,,,,,,,,,,,,,61.68288389965892,67.91497999988496,67.93000439926982,67.93000439926982,67.93000439926982,67.93000439926982,69.4129484994337,None,,,right,1,11,10,0,12,10,None,63.18093049991876,63.18099069967866,69.41308220010251,69.42924419976771,69.42924419976771,70.42988279927522,70.42988279927522,70.41293669957668,64.18091150000691,64.18095390032977,70.42191829998046,70.42988279927522,70.42988279927522,71.41360799968243,no selection made,65.1815662002191,65.18160399980843,71.41369619965553,71.42941539920866,74.42960179969668,74.4132906999439,68.18123930040747,71.42941539920866,71.42941539920866,69.42924419976771,69.42924419976771,69.42924419976771,69.42924419976771,,,,,,,,,,,,999999,right,no,None,2025-05-21_17h47.03.030,RL_out-of-scanner,2024.2.4,59.38750116072683,2025-05-21 17h47.19.278398 -0500,
13,0,13,space,1.6921098995953798,None,5,1.6312656998634338,None,68.18272189982235,k,0.3026319006457925,None,None,68.51556210033596,68.51582970004529,69.01417130045593,69.01421099994332,70.03022569976747,70.03026170004159,72.03170679975301,,,,,,,0,0,0,0,13,0,13,0,74.42960179969668,,,,,,,,,,,,,,,,,,,,,,,,,,,,,,68.18272189982235,74.41481819935143,74.42960179969668,74.42960179969668,74.42960179969668,74.42960179969668,74.7475696997717,k,0.3026319006457925,None,right,0,11,10,0,13,10,None,68.51556210033596,68.51582970004529,74.74792429991066,74.76318459957838,74.76318459957838,75.26345819979906,75.26345819979906,75.24619419965893,69.01417130045593,69.01421099994332,75.25435309950262,75.26345819979906,75.26345819979906,76.26226549968123,stimuli/box_empty_transparent.png,70.03022569976747,70.03026170004159,76.26235959958285,76.27840799931437,78.27963759936392,78.26375419925898,72.03170679975301,,,,,,,,,,,,,,,,,,999999,right,no,None,2025-05-21_17h47.03.030,RL_out-of-scanner,2024.2.4,59.38750116072683,2025-05-21 17h47.19.278398 -0500,
14,0,14,space,1.6921098995953798,None,5,1.6312656998634338,None,72.03348970040679,k,0.44149510003626347,None,None,72.49850140046328,72.4987706001848,73.99903750047088,73.99908110033721,75.0145097002387,75.01454250048846,76.02999019995332,,,,,,,0,0,0,0,14,0,14,0,78.27963759936392,,,,,,,,,,,,,,,,,,,,,,,,,,,,,,72.03348970040679,78.26559169963002,78.27963759936392,78.27963759936392,78.27963759936392,78.27963759936392,78.730498499237,k,0.44149510003626347,None,right,1,11,11,0,14,11,None,72.49850140046328,72.4987706001848,78.73086469992995,78.74679829925299,78.74679829925299,80.2495959000662,80.2495959000662,80.23106299992651,73.99903750047088,73.99908110033721,80.24115750007331,80.2495959000662,80.2495959000662,81.24655339960009,stimuli/box_coin_transparent.png,75.0145097002387,75.01454250048846,81.24663729965687,81.26285739988089,82.27874759957194,82.26204219926149,76.02999019995332,,,,,,,,,,,,,,,,,,999999,right,no,None,2025-05-21_17h47.03.030,RL_out-of-scanner,2024.2.4,59.38750116072683,2025-05-21 17h47.19.278398 -0500,
15,0,15,space,1.6921098995953798,None,5,1.6312656998634338,None,76.03166619967669,k,0.5247094994410872,None,None,76.58193380013108,76.58227299991995,77.58202639967203,77.58206589985639,78.58162910025567,78.58166259992868,80.5811842000112,,,,,,,0,0,0,0,15,0,15,0,82.27874759957194,,,,,,,,,,,,,,,,,,,,,,,,,,,,,,76.03166619967669,82.26376319956034,82.27874759957194,82.27874759957194,82.27874759957194,82.27874759957194,82.81391469947994,k,0.5247094994410872,None,left,1,12,0,1,14,11,None,76.58193380013108,76.58227299991995,82.81437820009887,82.82929249946028,82.82929249946028,83.82922660000622,83.82922660000622,83.81405069958419,77.58202639967203,77.58206589985639,83.82223839964718,83.82922660000622,83.82922660000622,84.8136754995212,stimuli/box_empty_transparent.png,78.58162910025567,78.58166259992868,84.81375759933144,84.82915079966187,86.82956739980727,86.81323639955372,80.5811842000112,84.82915079966187,84.82915079966187,,,,,,,,,,,,,,,,999999,right,no,None,2025-05-21_17h47.03.030,RL_out-of-scanner,2024.2.4,59.38750116072683,2025-05-21 17h47.19.278398 -0500,
16,0,16,space,1.6921098995953798,None,5,1.6312656998634338,None,80.58270839974284,k,0.3506480995565653,None,None,80.96527490019798,80.96553710009903,82.96472620032728,82.96476500015706,83.96454619988799,83.9645779998973,84.96424769982696,,,,,,,0,0,0,0,16,0,16,0,86.82956739980727,,,,,,,,,,,,,,,,,,,,,,,,,,,,,,80.58270839974284,86.81480449996889,86.82956739980727,86.82956739980727,86.82956739980727,86.82956739980727,87.1972819995135,k,0.3506480995565653,None,left,1,12,0,1,14,11,None,80.96527490019798,80.96553710009903,87.19763099960983,87.21234979946166,87.21234979946166,89.21236589923501,89.21236589923501,89.19675759971142,82.96472620032728,82.96476500015706,89.20518029946834,89.21236589923501,89.21236589923501,90.19659389927983,stimuli/box_empty_transparent.png,83.96454619988799,83.9645779998973,90.19667039997876,90.21257719956338,91.21276009920985,91.19629549980164,84.96424769982696,90.21257719956338,90.21257719956338,,,,,,,,,,,,,,,,999999,right,no,None,2025-05-21_17h47.03.030,RL_out-of-scanner,2024.2.4,59.38750116072683,2025-05-21 17h47.19.278398 -0500,
17,0,17,space,1.6921098995953798,None,5,1.6312656998634338,None,84.96577070001513,k,0.38124039955437183,None,None,85.3657491998747,85.36601340025663,86.36526410002261,86.36530360020697,87.36500430013984,87.36504520010203,88.36297580040991,,,,,,,0,0,0,0,17,0,17,0,91.21276009920985,,,,,,,,,,,,,,,,,,,,,,,,,,,,,,84.96577070001513,91.19786729943007,91.21276009920985,91.21276009920985,91.21276009920985,91.21276009920985,91.59775689989328,k,0.38124039955437183,None,left,1,12,0,1,14,11,None,85.3657491998747,85.36601340025663,91.59810739941895,91.61249949969351,91.61249949969351,92.6121350992471,92.6121350992471,92.59729319997132,86.36526410002261,86.36530360020697,92.60552879981697,92.6121350992471,92.6121350992471,93.59704529959708,stimuli/box_empty_transparent.png,87.36500430013984,87.36504520010203,93.59714780002832,93.61122019961476,94.61206379998475,94.59502050001174,88.36297580040991,93.61122019961476,93.61122019961476,,,,,,,,,,,,,,,,999999,right,no,None,2025-05-21_17h47.03.030,RL_out-of-scanner,2024.2.4,59.38750116072683,2025-05-21 17h47.19.278398 -0500,
18,0,18,space,1.6921098995953798,None,5,1.6312656998634338,None,88.3655415000394,j,0.35034980066120625,None,None,88.73213890008628,88.73246719967574,92.23117400053889,92.23121260013431,93.23098259977996,93.23101800028235,95.23052570037544,,,,,,,0,0,0,0,18,0,18,0,94.61206379998475,,,,,,,,,,,,,,,,,,,,,,,,,,,,,,88.3655415000394,94.59765229932964,94.61206379998475,94.61206379998475,94.61206379998475,94.61206379998475,94.96414169948548,j,0.35034980066120625,None,left,1,12,1,1,15,12,None,88.73213890008628,88.73246719967574,94.96456179954112,94.97935150004923,94.97935150004923,98.47874329984188,98.47874329984188,98.46320350002497,92.23117400053889,92.23121260013431,98.47307689953595,98.47874329984188,98.47874329984188,99.46302669961005,stimuli/box_coin_transparent.png,93.23098259977996,93.23101800028235,99.4631137996912,99.47861129976809,101.47900799941272,101.4625734994188,95.23052570037544,99.47861129976809,99.47861129976809,,,,,,,,,,,,,,,,999999,right,no,None,2025-05-21_17h47.03.030,RL_out-of-scanner,2024.2.4,59.38750116072683,2025-05-21 17h47.19.278398 -0500,
19,0,19,space,1.6921098995953798,None,5,1.6312656998634338,None,95.23212109971792,j,0.49565610010176897,None,None,95.74836990050972,95.74874620046467,96.74646379984915,96.74651770014316,97.74647979997098,97.74651640001684,99.24600750021636,,,,,,,0,0,0,0,19,0,19,0,101.47900799941272,,,,,,,,,,,,,,,,,,,,,,,,,,,,,,95.23212109971792,101.4642165992409,101.47900799941272,101.47900799941272,101.47900799941272,101.47900799941272,101.98036439996213,j,0.49565610010176897,None,left,0,12,1,1,16,12,None,95.74836990050972,95.74874620046467,101.9808465000242,101.99554129969329,101.99554129969329,102.99526309967041,102.99526309967041,102.97847600001842,96.74646379984915,96.74651770014316,102.98954549990594,102.99526309967041,102.99526309967041,103.97852289956063,stimuli/box_empty_transparent.png,97.74647979997098,97.74651640001684,103.97861939948052,103.99492749944329,105.49467059969902,105.47805259935558,99.24600750021636,103.99492749944329,103.99492749944329,,,,,,,,,,,,,,,,999999,right,no,None,2025-05-21_17h47.03.030,RL_out-of-scanner,2024.2.4,59.38750116072683,2025-05-21 17h47.19.278398 -0500,
20,0,20,space,1.6921098995953798,None,5,1.6312656998634338,None,99.248529500328,j,0.27995690051466227,None,None,99.54774279985577,99.54808790050447,101.54761449992657,101.54765409976244,102.56300980038941,102.56304060015827,104.56347259972245,,,,,,,0,0,0,0,20,0,20,0,105.49467059969902,,,,,,,,,,,,,,,,,,,,,,,,,,,,,,99.248529500328,105.48064029961824,105.49467059969902,105.49467059969902,105.49467059969902,105.49467059969902,105.77973369974643,j,0.27995690051466227,None,left,1,12,2,1,17,13,None,99.54774279985577,99.54808790050447,105.78018939960748,105.7948341993615,105.7948341993615,107.79644249938428,107.79644249938428,107.7796470997855,101.54761449992657,101.54765409976244,107.79104569926858,107.79644249938428,107.79644249938428,108.79505549930036,stimuli/box_coin_transparent.png,102.56300980038941,102.56304060015827,108.79513199999928,108.8111055996269,110.81152560003102,110.79552389960736,104.56347259972245,,,,,,,,,,,,,,,,,,999999,right,no,None,2025-05-21_17h47.03.030,RL_out-of-scanner,2024.2.4,59.38750116072683,2025-05-21 17h47.19.278398 -0500,
21,0,21,space,1.6921098995953798,None,5,1.6312656998634338,None,104.56495090015233,j,0.35090360045433044,None,None,104.94699660036713,104.94730999972671,107.94619410019368,107.94624049961567,108.94685790035874,108.94688989967108,110.44689569994807,,,,,,,0,0,0,0,21,0,21,0,110.81152560003102,,,,,,,,,,,,,,,,,,,,,,,,,,,,,,104.56495090015233,110.79704710002989,110.81152560003102,110.81152560003102,110.81152560003102,110.81152560003102,111.17899379972368,j,0.35090360045433044,None,left,0,12,2,1,18,13,None,104.94699660036713,104.94730999972671,111.17940509971231,111.19453019928187,111.19453019928187,114.19513149932027,114.19513149932027,114.17821729928255,107.94619410019368,107.94624049961567,114.18703319970518,114.19513149932027,114.19513149932027,115.17890299949795,stimuli/box_empty_transparent.png,108.94685790035874,108.94688989967108,115.1789833996445,115.19521979987621,116.69524979963899,116.67894589994103,110.44689569994807,,,,,,,,,,,,,,,,,,999999,right,no,None,2025-05-21_17h47.03.030,RL_out-of-scanner,2024.2.4,59.38750116072683,2025-05-21 17h47.19.278398 -0500,
22,0,22,space,1.6921098995953798,None,5,1.6312656998634338,None,110.44837080035359,j,0.05846120044589043,None,None,110.53078970033675,110.53111470025033,112.02945279981941,112.02949810028076,113.03006330039352,113.03009769972414,115.0301309004426,,,,,,,0,0,0,0,22,0,22,0,116.69524979963899,,,,,,,,,,,,,,,,,,,,,,,,,,,,,,110.44837080035359,116.68046619929373,116.69524979963899,116.69524979963899,116.69524979963899,116.69524979963899,116.76279659941792,j,0.05846120044589043,None,left,1,12,3,1,19,14,None,110.53078970033675,110.53111470025033,116.76320859976113,116.77862469945103,116.77862469945103,118.27822329942137,118.27822329942137,118.26146199926734,112.02945279981941,112.02949810028076,118.27197819948196,118.27822329942137,118.27822329942137,119.26210929919034,stimuli/box_coin_transparent.png,113.03006330039352,113.03009769972414,119.2621938996017,119.27813049964607,121.27871359977871,121.26218189951032,115.0301309004426,,,,,,,,,,,,,,,,,,999999,right,no,None,2025-05-21_17h47.03.030,RL_out-of-scanner,2024.2.4,59.38750116072683,2025-05-21 17h47.19.278398 -0500,
23,0,23,space,1.6921098995953798,None,5,1.6312656998634338,None,115.03163560014218,j,0.37341600004583597,None,None,115.43068770039827,115.43101300019771,116.92985079996288,116.92990660015494,117.94570839963853,117.94574170000851,119.44678440038115,,,,,,,0,0,0,0,23,0,23,0,121.27871359977871,,,,,,,,,,,,,,,,,,,,,,,,,,,,,,115.03163560014218,121.26373129989952,121.27871359977871,121.27871359977871,121.27871359977871,121.27871359977871,121.66269579995424,j,0.37341600004583597,None,left,1,12,4,1,20,15,None,115.43068770039827,115.43101300019771,121.66310799960047,121.67879279982299,121.67879279982299,123.18166319932789,123.18166319932789,123.16186399944127,116.92985079996288,116.92990660015494,123.17504839971662,123.18166319932789,123.18166319932789,124.17775329947472,stimuli/box_coin_transparent.png,117.94570839963853,117.94574170000851,124.17783479951322,124.19393400009722,125.69518660008907,125.67883239965886,119.44678440038115,,,,,,,,,,,,,,,,,,999999,right,no,None,2025-05-21_17h47.03.030,RL_out-of-scanner,2024.2.4,59.38750116072683,2025-05-21 17h47.19.278398 -0500,
24,0,24,space,1.6921098995953798,None,5,1.6312656998634338,None,119.44857000000775,j,0.3628044994547963,None,None,119.8315895004198,119.83191720023751,121.83015650045127,121.8302026996389,122.83032399974763,122.83036070037633,124.32936370000243,,,,,,,0,0,0,0,24,0,24,0,125.69518660008907,,,,,,,,,,,,,,,,,,,,,,,,,,,,,,119.44857000000775,125.68067589960992,125.69518660008907,125.69518660008907,125.69518660008907,125.69518660008907,126.06359330005944,j,0.3628044994547963,None,left,1,12,5,1,21,16,None,119.8315895004198,119.83191720023751,126.06401180010289,126.0783669995144,126.0783669995144,128.07812869921327,128.07812869921327,128.06217939965427,121.83015650045127,121.8302026996389,128.07324529998004,128.07812869921327,128.07812869921327,129.06236569955945,stimuli/box_coin_transparent.png,122.83032399974763,122.83036070037633,129.06245339941233,129.0769181996584,130.578427599743,130.56141179986298,124.32936370000243,129.0769181996584,129.0769181996584,,,,,,,,,,,,,,,,999999,right,no,None,2025-05-21_17h47.03.030,RL_out-of-scanner,2024.2.4,59.38750116072683,2025-05-21 17h47.19.278398 -0500,
25,0,25,space,1.6921098995953798,None,5,1.6312656998634338,None,124.33089989982545,j,1.1958046006038785,None,['j'],125.54784670006484,125.54817860014737,126.54647940024734,126.54651580005884,127.54691379982978,127.54694500006735,131.04517100006342,[0.38305140007287264],[0.1267763003706932],,,,,0,0,0,0,25,0,25,0,130.578427599743,,,,,,,,,,,,,,,,,,,,,,,,,,,,,,124.33089989982545,130.562996099703,130.578427599743,130.578427599743,130.578427599743,130.578427599743,131.77980849985033,j,1.1958046006038785,None,left,1,12,6,1,22,17,['j'],125.54784670006484,125.54817860014737,131.78027400001884,131.79482909943908,131.79482909943908,132.79428729973733,132.79428729973733,132.77850739937276,126.54647940024734,126.54651580005884,132.7883613994345,132.79428729973733,132.79428729973733,133.77895999979228,stimuli/box_coin_transparent.png,127.54691379982978,127.54694500006735,133.77903289999813,133.79406119976193,137.29452809970826,137.27722319960594,131.04517100006342,133.79406119976193,133.79406119976193,,,,,[0.38305140007287264],[0.1267763003706932],,,,,,,,,,999999,right,no,None,2025-05-21_17h47.03.030,RL_out-of-scanner,2024.2.4,59.38750116072683,2025-05-21 17h47.19.278398 -0500,
26,0,26,space,1.6921098995953798,None,5,1.6312656998634338,None,131.04664279986173,j,0.7942562000826001,None,None,131.8637554999441,131.86415189970285,132.36363629996777,132.36368220020086,133.3631094004959,133.36314070038497,136.8619536999613,,,,,,,0,0,0,0,26,0,26,0,137.29452809970826,,,,,,,,,,,,,,,,,,,,,,,,,,,,,,131.04664279986173,137.27873939927667,137.29452809970826,137.29452809970826,137.29452809970826,137.29452809970826,138.09574669972062,j,0.7942562000826001,None,left,0,12,6,1,23,17,None,131.8637554999441,131.86415189970285,138.09625319950283,138.11123649962246,138.11123649962246,138.61106009967625,138.61106009967625,138.59564979933202,132.36363629996777,132.36368220020086,138.60400939919055,138.61106009967625,138.61106009967625,139.5951574994251,stimuli/box_empty_transparent.png,133.3631094004959,133.36314070038497,139.59523239918053,139.6106971995905,143.110715999268,143.09400479961187,136.8619536999613,139.6106971995905,139.6106971995905,,,,,,,,,,,,,,,,999999,right,no,None,2025-05-21_17h47.03.030,RL_out-of-scanner,2024.2.4,59.38750116072683,2025-05-21 17h47.19.278398 -0500,
27,0,27,space,1.6921098995953798,None,5,1.6312656998634338,None,136.8634195998311,j,0.44565200060606003,None,None,137.33016890008003,137.33049950003624,138.8300718003884,138.83011170011014,139.8299118001014,139.8299430999905,140.82809079997241,,,,,,,0,0,0,0,27,0,27,0,143.110715999268,,,,,,,,,,,,,,,,,,,,,,,,,,,,,,136.8634195998311,143.09551519993693,143.110715999268,143.110715999268,143.110715999268,143.110715999268,143.5621748995036,j,0.44565200060606003,None,left,1,12,7,1,24,18,None,137.33016890008003,137.33049950003624,143.56259479932487,143.57687320001423,143.57687320001423,145.07720329985023,145.07720329985023,145.06210119929165,138.8300718003884,138.83011170011014,145.071861599572,145.07720329985023,145.07720329985023,146.06195960007608,stimuli/box_coin_transparent.png,139.8299118001014,139.8299430999905,146.06203489936888,146.07718369923532,147.0768764000386,147.06013889983296,140.82809079997241,146.07718369923532,146.07718369923532,,,,,,,,,,,,,,,,999999,right,no,None,2025-05-21_17h47.03.030,RL_out-of-scanner,2024.2.4,59.38750116072683,2025-05-21 17h47.19.278398 -0500,
28,0,28,space,1.6921098995953798,None,5,1.6312656998634338,None,140.83018410019577,j,0.4440387999638915,None,None,141.29590750019997,141.29627189971507,142.29597300011665,142.29601190052927,143.29613719973713,143.29616810008883,146.81118990015239,,,,,,,0,0,0,0,28,0,28,0,147.0768764000386,,,,,,,,,,,,,,,,,,,,,,,,,,,,,,140.83018410019577,147.06228209938854,147.0768764000386,147.0768764000386,147.0768764000386,147.0768764000386,147.52789929974824,j,0.4440387999638915,None,left,1,12,8,1,25,19,None,141.29590750019997,141.29627189971507,147.52837330009788,147.54339659959078,147.54339659959078,148.54373649973422,148.54373649973422,148.5280019994825,142.29597300011665,142.29601190052927,148.53797309938818,148.54373649973422,148.54373649973422,149.52818509936333,stimuli/box_coin_transparent.png,143.29613719973713,143.29616810008883,149.52826209925115,149.54387239925563,153.06003259960562,153.04323559999466,146.81118990015239,149.54387239925563,149.54387239925563,,,,,,,,,,,,,,,,999999,right,no,None,2025-05-21_17h47.03.030,RL_out-of-scanner,2024.2.4,59.38750116072683,2025-05-21 17h47.19.278398 -0500,
29,0,29,space,1.6921098995953798,None,5,1.6312656998634338,None,146.81329169962555,j,0.42300739977508783,None,None,147.2627630000934,147.26318319980055,149.26258029974997,149.26262789964676,150.26314099971205,150.26317729987204,151.26143360044807,,,,,,,0,0,0,0,29,0,29,0,153.06003259960562,,,,,,,,,,,,,,,,,,,,,,,,,,,,,,146.81329169962555,153.0453995000571,153.06003259960562,153.06003259960562,153.06003259960562,153.06003259960562,153.49474609922618,j,0.42300739977508783,None,left,1,12,9,1,26,20,None,147.2627630000934,147.26318319980055,153.49529289919883,153.50996250007302,153.50996250007302,155.51022769976407,155.51022769976407,155.49460169952363,149.26258029974997,149.26262789964676,155.50479399971664,155.51022769976407,155.51022769976407,156.49518630001694,stimuli/box_coin_transparent.png,150.26314099971205,150.26317729987204,156.49527479987592,156.5105161992833,157.5099148992449,157.49348529987037,151.26143360044807,156.5105161992833,156.5105161992833,,,,,,,,,,,,,,,,999999,right,no,None,2025-05-21_17h47.03.030,RL_out-of-scanner,2024.2.4,59.38750116072683,2025-05-21 17h47.19.278398 -0500,
30,0,30,space,1.6921098995953798,None,5,1.6312656998634338,None,151.2629321999848,j,0.4964878000319004,None,None,151.77906550001353,151.7793687004596,152.77811690047383,152.77816119976342,153.77834860049188,153.77837910037488,154.77897940017283,,,,,,,0,0,0,0,30,0,30,0,157.5099148992449,,,,,,,,,,,,,,,,,,,,,,,,,,,,,,151.2629321999848,157.49502839986235,157.5099148992449,157.5099148992449,157.5099148992449,157.5099148992449,158.01107000000775,j,0.4964878000319004,None,left,1,12,10,1,27,21,None,151.77906550001353,151.7793687004596,158.01147949974984,158.02687069959939,158.02687069959939,159.02701819967479,159.02701819967479,159.0101433992386,152.77811690047383,152.77816119976342,159.02168439980596,159.02701819967479,159.02701819967479,160.01039899978787,stimuli/box_coin_transparent.png,153.77834860049188,153.77837910037488,160.01046959962696,160.02634239941835,161.02756409998983,161.0110296998173,154.77897940017283,160.02634239941835,160.02634239941835,,,,,,,,,,,,,,,,999999,right,no,None,2025-05-21_17h47.03.030,RL_out-of-scanner,2024.2.4,59.38750116072683,2025-05-21 17h47.19.278398 -0500,
31,0,31,space,1.6921098995953798,None,5,1.6312656998634338,None,154.78045590035617,j,1.3046198999509215,None,None,156.1133527001366,156.113747600466,159.1285276999697,159.12858039978892,160.12880070041865,160.1288385996595,162.6290140999481,,,,,,,0,0,0,0,31,0,31,0,161.02756409998983,,,,,,,,,,,,,,,,,,,,,,,,,,,,,,154.78045590035617,161.01255189999938,161.02756409998983,161.02756409998983,161.02756409998983,161.02756409998983,162.34534189943224,j,1.3046198999509215,None,left,0,12,10,1,28,21,None,156.1133527001366,156.113747600466,162.34584819991142,162.36912539973855,162.36912539973855,165.37723219953477,165.37723219953477,165.36055079940706,159.1285276999697,159.12858039978892,165.3688765000552,165.37723219953477,165.37723219953477,166.36083189956844,stimuli/box_empty_transparent.png,160.12880070041865,160.1288385996595,166.36093889921904,166.376778899692,168.877480099909,168.8610656997189,162.6290140999481,,,,,,,,,,,,,,,,,,999999,right,no,None,2025-05-21_17h47.03.030,RL_out-of-scanner,2024.2.4,59.38750116072683,2025-05-21 17h47.19.278398 -0500,
32,0,32,space,1.6921098995953798,None,5,1.6312656998634338,None,162.6305801998824,k,0.3938150992617011,None,None,163.046575400047,163.0469009000808,164.04578780010343,164.04582520015538,165.04449220001698,165.04452600050718,166.0443665003404,,,,,,,0,0,0,0,32,0,32,0,168.877480099909,,,,,,,,,,,,,,,,,,,,,,,,,,,,,,162.6305801998824,168.8626753995195,168.877480099909,168.877480099909,168.877480099909,168.877480099909,169.2785638999194,k,0.3938150992617011,None,left,0,12,10,1,28,21,None,163.046575400047,163.0469009000808,169.2790006995201,169.29354009963572,169.29354009963572,170.29303569998592,170.29303569998592,170.27782029937953,164.04578780010343,164.04582520015538,170.28637949936092,170.29303569998592,170.29303569998592,171.27653759997338,stimuli/box_empty_transparent.png,165.04449220001698,165.04452600050718,171.2766229994595,171.2922495994717,172.29290079977363,172.27641829941422,166.0443665003404,171.2922495994717,171.2922495994717,,,,,,,,,,,,,,,,999999,right,no,None,2025-05-21_17h47.03.030,RL_out-of-scanner,2024.2.4,59.38750116072683,2025-05-21 17h47.19.278398 -0500,
33,0,33,space,1.6921098995953798,None,5,1.6312656998634338,None,166.04586859978735,j,0.3620736999437213,None,None,166.42951590009034,166.42989020049572,168.42874410003424,168.4287815000862,169.42874010000378,169.42877439968288,170.92800670024008,,,,,,,0,0,0,0,33,0,33,0,172.29290079977363,,,,,,,,,,,,,,,,,,,,,,,,,,,,,,166.04586859978735,172.27796369977295,172.29290079977363,172.29290079977363,172.29290079977363,172.29290079977363,172.66151389945298,j,0.3620736999437213,None,left,1,12,11,1,29,22,None,166.42951590009034,166.42989020049572,172.66199019923806,172.67669319920242,172.67669319920242,174.6765342000872,174.6765342000872,174.6607729997486,168.42874410003424,168.4287815000862,174.67069739941508,174.6765342000872,174.6765342000872,175.66078440006822,stimuli/box_coin_transparent.png,169.42874010000378,169.42877439968288,175.66086949966848,175.6762651996687,177.17654459923506,177.16005449928343,170.92800670024008,175.6762651996687,175.6762651996687,,,,,,,,,,,,,,,,999999,right,no,None,2025-05-21_17h47.03.030,RL_out-of-scanner,2024.2.4,59.38750116072683,2025-05-21 17h47.19.278398 -0500,
34,0,34,space,1.6921098995953798,None,5,1.6312656998634338,None,170.92964380048215,j,0.5100659001618624,None,None,171.4620460998267,171.46243149973452,174.46203420031816,174.46207970008254,175.4616341004148,175.4616641001776,177.96104609966278,,,,,,,0,0,0,0,34,0,34,0,177.17654459923506,,,,,,,,,,,,,,,,,,,,,,,,,,,,,,170.92964380048215,177.16174019966274,177.17654459923506,177.17654459923506,177.17654459923506,177.17654459923506,177.69403859972954,j,0.5100659001618624,None,left,1,12,12,1,30,23,None,171.4620460998267,171.46243149973452,177.6945340000093,177.7096972996369,177.7096972996369,180.70979909971356,180.70979909971356,180.6940618995577,174.46203420031816,174.46207970008254,180.7043167995289,180.70979909971356,180.70979909971356,181.693682000041,stimuli/box_coin_transparent.png,175.4616341004148,175.4616641001776,181.69375739991665,181.709443599917,184.20967039931566,184.19309729989618,177.96104609966278,181.709443599917,181.709443599917,,,,,,,,,,,,,,,,999999,right,no,None,2025-05-21_17h47.03.030,RL_out-of-scanner,2024.2.4,59.38750116072683,2025-05-21 17h47.19.278398 -0500,
35,0,35,space,1.6921098995953798,None,5,1.6312656998634338,None,177.96249930001795,j,0.440081600099802,None,None,178.42950910050422,178.4299173997715,179.92889660038054,179.9289357997477,180.928132600151,180.92816280014813,181.92842040024698,,,,,,,0,0,0,0,35,0,35,0,184.20967039931566,,,,,,,,,,,,,,,,,,,,,,,,,,,,,,177.96249930001795,184.1945937993005,184.20967039931566,184.20967039931566,184.20967039931566,184.20967039931566,184.66150379925966,j,0.440081600099802,None,right,1,13,0,2,30,23,None,178.42950910050422,178.4299173997715,184.66201739944518,184.67657969985157,184.67657969985157,186.17632289975882,186.17632289975882,186.160926499404,179.92889660038054,179.9289357997477,186.16914539970458,186.17632289975882,186.17632289975882,187.16018079966307,stimuli/box_empty_transparent.png,180.928132600151,180.92816280014813,187.16025359928608,187.17637109942734,188.17629869934171,188.16047029942274,181.92842040024698,187.17637109942734,187.17637109942734,,,,,,,,,,,,,,,,999999,right,no,None,2025-05-21_17h47.03.030,RL_out-of-scanner,2024.2.4,59.38750116072683,2025-05-21 17h47.19.278398 -0500,
36,0,36,space,1.6921098995953798,None,5,1.6312656998634338,None,181.93022910039872,k,0.3657683003693819,None,None,182.31223610043526,182.3127226997167,183.81158600002527,183.81162509974092,184.81159359961748,184.8116295002401,188.32662599999458,,,,,,,0,0,0,0,36,0,36,0,188.17629869934171,,,,,,,,,,,,,,,,,,,,,,,,,,,,,,181.93022910039872,188.16232969984412,188.17629869934171,188.17629869934171,188.17629869934171,188.17629869934171,188.5442186994478,k,0.3657683003693819,None,right,1,13,1,2,31,24,None,182.31223610043526,182.3127226997167,188.54483369924128,188.55900359991938,188.55900359991938,190.059339299798,190.059339299798,190.04361469950527,183.81158600002527,183.81162509974092,190.05356579925865,190.059339299798,190.059339299798,191.04363759979606,stimuli/box_coin_transparent.png,184.81159359961748,184.8116295002401,191.04372629988939,191.05939499940723,194.57576330006123,194.55867019947618,188.32662599999458,191.05939499940723,191.05939499940723,,,,,,,,,,,,,,,,999999,right,no,None,2025-05-21_17h47.03.030,RL_out-of-scanner,2024.2.4,59.38750116072683,2025-05-21 17h47.19.278398 -0500,
37,0,37,space,1.6921098995953798,None,5,1.6312656998634338,None,188.3287685997784,k,0.29516390059143305,None,None,188.6445291005075,188.6449143998325,190.64473070017993,190.6447686003521,191.64365310035646,191.64369329996407,192.64430870022625,,,,,,,0,0,0,0,37,0,37,0,194.57576330006123,,,,,,,,,,,,,,,,,,,,,,,,,,,,,,188.3287685997784,194.56087139993906,194.57576330006123,194.57576330006123,194.57576330006123,194.57576330006123,194.87651009950787,k,0.29516390059143305,None,right,0,13,1,2,32,24,None,188.6445291005075,188.6449143998325,194.87703559920192,194.8921643998474,194.8921643998474,196.89246429968625,196.89246429968625,196.8767613992095,190.64473070017993,190.6447686003521,196.88588189985603,196.89246429968625,196.89246429968625,197.8756919996813,stimuli/box_empty_transparent.png,191.64365310035646,191.64369329996407,197.87579720001668,197.89159430004656,198.89298960007727,198.8763572992757,192.64430870022625,197.89159430004656,197.89159430004656,,,,,,,,,,,,,,,,999999,right,no,None,2025-05-21_17h47.03.030,RL_out-of-scanner,2024.2.4,59.38750116072683,2025-05-21 17h47.19.278398 -0500,
38,0,38,space,1.6921098995953798,None,5,1.6312656998634338,None,192.64581810031086,k,0.29786690045148134,None,None,192.96208180021495,192.96239400003105,193.9603709001094,193.96041420008987,194.96057990007102,194.9606124004349,196.4609094997868,,,,,,,0,0,0,0,38,0,38,0,198.89298960007727,,,,,,,,,,,,,,,,,,,,,,,,,,,,,,192.64581810031086,198.87791369948536,198.89298960007727,198.89298960007727,198.89298960007727,198.89298960007727,199.1940751997754,k,0.29786690045148134,None,right,1,13,2,2,33,25,None,192.96208180021495,192.96239400003105,199.19449329935014,199.20921240001917,199.20921240001917,200.20907269977033,200.20907269977033,200.19239799957722,193.9603709001094,193.96041420008987,200.202563399449,200.20907269977033,200.20907269977033,201.19261780008674,stimuli/box_coin_transparent.png,194.96057990007102,194.9606124004349,201.19270680006593,201.20833899918944,202.70915259979665,202.6929611992091,196.4609094997868,,,,,,,,,,,,,,,,,,999999,right,no,None,2025-05-21_17h47.03.030,RL_out-of-scanner,2024.2.4,59.38750116072683,2025-05-21 17h47.19.278398 -0500,
39,0,39,space,1.6921098995953798,None,5,1.6312656998634338,None,196.46238689962775,k,0.32612650003284216,None,None,196.8126111002639,196.81288790050894,197.81155879981816,197.8116182005033,198.8111477997154,198.81117819994688,199.82634759973735,,,,,,,0,0,0,0,39,0,39,0,202.70915259979665,,,,,,,,,,,,,,,,,,,,,,,,,,,,,,196.46238689962775,202.69448199961334,202.70915259979665,202.70915259979665,202.70915259979665,202.70915259979665,203.04461959935725,k,0.32612650003284216,None,right,1,13,3,2,34,26,None,196.8126111002639,196.81288790050894,203.04498129989952,203.05980299971998,203.05980299971998,204.05911009944975,204.05911009944975,204.04358029924333,197.81155879981816,197.8116182005033,204.05359719973058,204.05911009944975,204.05911009944975,205.04319559969008,stimuli/box_coin_transparent.png,198.8111477997154,198.81117819994688,205.04326919931918,205.05895329918712,206.07500489987433,206.05839290004224,199.82634759973735,205.05895329918712,205.05895329918712,,,,,,,,,,,,,,,,999999,right,no,None,2025-05-21_17h47.03.030,RL_out-of-scanner,2024.2.4,59.38750116072683,2025-05-21 17h47.19.278398 -0500,
40,0,40,space,1.6921098995953798,None,5,1.6312656998634338,None,199.8283732002601,k,0.34435389935970306,None,None,200.1942728003487,200.19464419968426,201.69415859971195,201.6942135002464,202.70976770017296,202.70981269981712,203.70980030018836,,,,,,,0,0,0,0,40,0,40,0,206.07500489987433,,,,,,,,,,,,,,,,,,,,,,,,,,,,,,199.8283732002601,206.06046899966896,206.07500489987433,206.07500489987433,206.07500489987433,206.07500489987433,206.42625120002776,k,0.34435389935970306,None,right,1,13,4,2,35,27,None,200.1942728003487,200.19464419968426,206.42675459943712,206.44173619989306,206.44173619989306,207.94377919938415,207.94377919938415,207.92617349978536,201.69415859971195,201.6942135002464,207.93840570002794,207.94377919938415,207.94377919938415,208.94179919920862,stimuli/box_coin_transparent.png,202.70976770017296,202.70981269981712,208.9419211000204,208.95784229971468,209.95840919949114,209.9418500000611,203.70980030018836,,,,,,,,,,,,,,,,,,999999,right,no,None,2025-05-21_17h47.03.030,RL_out-of-scanner,2024.2.4,59.38750116072683,2025-05-21 17h47.19.278398 -0500,
41,0,41,space,1.6921098995953798,None,5,1.6312656998634338,None,203.71123590040952,k,0.6918173003941774,None,None,204.42750350013375,204.42774080019444,205.42787500005215,205.42791859991848,206.44295539986342,206.44299010001123,209.44282419979572,,,,,,,0,0,0,0,41,0,41,0,209.95840919949114,,,,,,,,,,,,,,,,,,,,,,,,,,,,,,203.71123590040952,209.94333149958402,209.95840919949114,209.95840919949114,209.95840919949114,209.95840919949114,210.65951550006866,k,0.6918173003941774,None,right,0,13,4,2,36,27,None,204.42750350013375,204.42774080019444,210.6598340999335,210.67492779996246,210.67492779996246,211.67662519961596,211.67662519961596,211.65989829972386,205.42787500005215,205.42791859991848,211.66817869991064,211.67662519961596,211.67662519961596,212.67499829921871,stimuli/box_empty_transparent.png,206.44295539986342,206.44299010001123,212.67508829943836,212.69103579968214,215.6934646992013,215.67487300001085,209.44282419979572,,,,,,,,,,,,,,,,,,999999,right,no,None,2025-05-21_17h47.03.030,RL_out-of-scanner,2024.2.4,59.38750116072683,2025-05-21 17h47.19.278398 -0500,
42,0,42,space,1.6921098995953798,None,5,1.6312656998634338,None,209.44445620011538,k,0.40579569991678,None,None,209.87800540030003,209.87827220000327,211.87674309965223,211.87678579986095,212.87733160052449,212.8773630997166,216.377379800193,,,,,,,0,0,0,0,42,0,42,0,215.6934646992013,,,,,,,,,,,,,,,,,,,,,,,,,,,,,,209.44445620011538,215.67655800003558,215.6934646992013,215.6934646992013,215.6934646992013,215.6934646992013,216.11001539975405,k,0.40579569991678,None,right,0,13,4,2,37,27,None,209.87800540030003,209.87827220000327,216.11036559939384,216.1254680994898,216.1254680994898,218.12549339979887,218.12549339979887,218.1087695993483,211.87674309965223,211.87678579986095,218.11789239943027,218.12549339979887,218.12549339979887,219.10937849991024,stimuli/box_empty_transparent.png,212.87733160052449,212.8773630997166,219.1094573000446,219.125218199566,222.62525499984622,222.6094321999699,216.377379800193,,,,,,,,,,,,,,,,,,999999,right,no,None,2025-05-21_17h47.03.030,RL_out-of-scanner,2024.2.4,59.38750116072683,2025-05-21 17h47.19.278398 -0500,
43,0,43,space,1.6921098995953798,None,5,1.6312656998634338,None,216.37926470022649,k,0.26950549986213446,None,None,216.6781497001648,216.67848149966449,217.6932640997693,217.69331690017134,218.69467160012573,218.69470760039985,220.69376230053604,,,,,,,0,0,0,0,43,0,43,0,222.62525499984622,,,,,,,,,,,,,,,,,,,,,,,,,,,,,,216.37926470022649,222.61135999951512,222.62525499984622,222.62525499984622,222.62525499984622,222.62525499984622,222.91015029978007,k,0.26950549986213446,None,right,1,13,5,2,38,28,None,216.6781497001648,216.67848149966449,222.9105807999149,222.92557309940457,222.92557309940457,223.94394219946116,223.94394219946116,223.92527669947594,217.6932640997693,217.69331690017134,223.93817209918052,223.94394219946116,223.94394219946116,224.92671509925276,stimuli/box_coin_transparent.png,218.69467160012573,218.69470760039985,224.92681910004467,224.94167550001293,226.9416677998379,226.92581249959767,220.69376230053604,,,,,,,,,,,,,,,,,,999999,right,no,None,2025-05-21_17h47.03.030,RL_out-of-scanner,2024.2.4,59.38750116072683,2025-05-21 17h47.19.278398 -0500,
44,0,44,space,1.6921098995953798,None,5,1.6312656998634338,None,220.69522679969668,k,0.39151240047067404,None,None,221.11049580015242,221.11078410036862,223.6096900999546,223.6097339000553,224.60999310016632,224.61003350000829,226.60887040011585,,,,,,,0,0,0,0,44,0,44,0,226.9416677998379,,,,,,,,,,,,,,,,,,,,,,,,,,,,,,220.69522679969668,226.92732159979641,226.9416677998379,226.9416677998379,226.9416677998379,226.9416677998379,227.3425072999671,k,0.39151240047067404,None,right,1,13,6,2,39,29,None,221.11049580015242,221.11078410036862,227.3428791994229,227.35800979938358,227.35800979938358,229.8585705999285,229.8585705999285,229.84170809946954,223.6096900999546,223.6097339000553,229.85286109987646,229.8585705999285,229.8585705999285,230.84202819969505,stimuli/box_coin_transparent.png,224.60999310016632,224.61003350000829,230.84212799929082,230.8573554996401,232.85789379943162,232.84091999940574,226.60887040011585,,,,,,,,,,,,,,,,,,999999,right,no,None,2025-05-21_17h47.03.030,RL_out-of-scanner,2024.2.4,59.38750116072683,2025-05-21 17h47.19.278398 -0500,
45,0,45,space,1.6921098995953798,None,5,1.6312656998634338,None,226.61070919968188,k,0.42140519991517067,None,None,227.06005350034684,227.06029380019754,228.05965089984238,228.0596922999248,229.05926840007305,229.05929729994386,230.0586874000728,,,,,,,0,0,0,0,45,0,45,0,232.85789379943162,,,,,,,,,,,,,,,,,,,,,,,,,,,,,,226.61070919968188,232.84281039983034,232.85789379943162,232.85789379943162,232.85789379943162,232.85789379943162,233.29205179959536,k,0.42140519991517067,None,right,1,13,7,2,40,30,None,227.06005350034684,227.06029380019754,233.2923866994679,233.3077203994617,233.3077203994617,234.30807369947433,234.30807369947433,234.2916746996343,228.05965089984238,228.0596922999248,234.30159469973296,234.30807369947433,234.30807369947433,235.29131780005991,stimuli/box_coin_transparent.png,229.05926840007305,229.05929729994386,235.29138810001314,235.3072574995458,236.3075027000159,236.29073129966855,230.0586874000728,235.3072574995458,235.3072574995458,,,,,,,,,,,,,,,,999999,right,no,None,2025-05-21_17h47.03.030,RL_out-of-scanner,2024.2.4,59.38750116072683,2025-05-21 17h47.19.278398 -0500,
46,0,46,space,1.6921098995953798,None,5,1.6312656998634338,None,230.06095289997756,k,0.40582980029284954,None,None,230.49345790036023,230.49370179977268,232.49302079994231,232.49306329991668,233.49253410007805,233.49256240017712,234.49336150009185,,,,,,,0,0,0,0,46,0,46,0,236.3075027000159,,,,,,,,,,,,,,,,,,,,,,,,,,,,,,230.06095289997756,236.29306139983237,236.3075027000159,236.3075027000159,236.3075027000159,236.3075027000159,236.72546839993447,k,0.40582980029284954,None,right,1,13,8,2,41,31,None,230.49345790036023,230.49370179977268,236.72579569928348,236.74108459986746,236.74108459986746,238.74137800000608,238.74137800000608,238.72504379972816,232.49302079994231,232.49306329991668,238.73529449943453,238.74137800000608,238.74137800000608,239.72458369936794,stimuli/box_coin_transparent.png,233.49253410007805,233.49256240017712,239.7246528994292,239.74044779967517,240.74138799961656,240.72540779970586,234.49336150009185,239.74044779967517,239.74044779967517,,,,,,,,,,,,,,,,999999,right,no,None,2025-05-21_17h47.03.030,RL_out-of-scanner,2024.2.4,59.38750116072683,2025-05-21 17h47.19.278398 -0500,
47,0,47,space,1.6921098995953798,None,5,1.6312656998634338,None,234.49483169987798,k,0.34030969999730587,None,None,234.86000940017402,234.86026600003242,237.8591740000993,237.85921099968255,238.8593821004033,238.85941660031676,240.35840519983321,,,,,,,0,0,0,0,47,0,47,0,240.74138799961656,,,,,,,,,,,,,,,,,,,,,,,,,,,,,,234.49483169987798,240.72693499922752,240.74138799961656,240.74138799961656,240.74138799961656,240.74138799961656,241.09202119987458,k,0.34030969999730587,None,right,1,13,9,2,42,32,None,234.86000940017402,234.86026600003242,241.0923605998978,241.10762179922312,241.10762179922312,244.1079070996493,244.1079070996493,244.0912047997117,237.8591740000993,237.85921099968255,244.1011500991881,244.1079070996493,244.1079070996493,245.09142629988492,stimuli/box_coin_transparent.png,238.8593821004033,238.85941660031676,245.09151589963585,245.10689469985664,246.60732439998537,246.59045649971813,240.35840519983321,245.10689469985664,245.10689469985664,,,,,,,,,,,,,,,,999999,right,no,None,2025-05-21_17h47.03.030,RL_out-of-scanner,2024.2.4,59.38750116072683,2025-05-21 17h47.19.278398 -0500,
48,0,48,space,1.6921098995953798,None,5,1.6312656998634338,None,240.3599274000153,k,0.3122605001553893,None,None,240.69290820043534,240.69320639967918,242.1926076002419,242.19264450017363,243.19254780001938,243.1925841998309,246.69270739983767,,,,,,,0,0,0,0,48,0,48,0,246.60732439998537,,,,,,,,,,,,,,,,,,,,,,,,,,,,,,240.3599274000153,246.59202349931002,246.60732439998537,246.60732439998537,246.60732439998537,246.60732439998537,246.9249204993248,k,0.3122605001553893,None,right,1,13,10,2,43,33,None,240.69290820043534,240.69320639967918,246.92530109919608,246.94058919977397,246.94058919977397,248.4412227999419,248.4412227999419,248.42464059963822,242.1926076002419,242.19264450017363,248.4353655995801,248.4412227999419,248.4412227999419,249.42459169961512,stimuli/box_coin_transparent.png,243.19254780001938,243.1925841998309,249.42468329984695,249.44006379973143,252.9407514994964,252.92475759983063,246.69270739983767,249.44006379973143,249.44006379973143,,,,,,,,,,,,,,,,999999,right,no,None,2025-05-21_17h47.03.030,RL_out-of-scanner,2024.2.4,59.38750116072683,2025-05-21 17h47.19.278398 -0500,
49,0,49,space,1.6921098995953798,None,5,1.6312656998634338,None,246.69450380001217,k,0.3424963001161814,None,None,247.05944489967078,247.05972430016845,248.55892200022936,248.55896500032395,249.55878620035946,249.55881489999592,249.55917060002685,,,,,,,0,0,0,0,49,0,49,0,252.9407514994964,,,,,,,,,,,,,,,,,,,,,,,,,,,,,,246.69450380001217,252.92660479992628,252.9407514994964,252.9407514994964,252.9407514994964,252.9407514994964,253.2914573000744,k,0.3424963001161814,None,right,1,13,11,2,44,34,None,247.05944489967078,247.05972430016845,253.29181939922273,253.3071825997904,253.3071825997904,254.80765589978546,254.80765589978546,254.79094389919192,248.55892200022936,248.55896500032395,254.80106680002064,254.80765589978546,254.80765589978546,255.790835599415,stimuli/box_coin_transparent.png,249.55878620035946,249.55881489999592,255.790905399248,255.821576599963,255.821576599963,255.79122849926353,249.55917060002685,255.821576599963,255.821576599963,,,,,,,,,,,,,,,,999999,right,no,None,2025-05-21_17h47.03.030,RL_out-of-scanner,2024.2.4,59.38750116072683,2025-05-21 17h47.19.278398 -0500,
0,0,0,space,1.6921098995953798,None,5,1.6312656998634338,None,,,,,,,,,,,,,,,,,,,0,0,0,0,,,,,,,,,,,,,,,,,,,,,,,,,,,,,,,,,,,,,,,,,,,,,,,,,,,,,,,,,,,,,,,,,,,,,,,,,,,,,,,,,,,255.81690009962767,255.821576599963,259.80679719988257,259.813256399706,259.82335279975086,309.67232279945165,309.656713899225,,,999999,right,no,None,2025-05-21_17h47.03.030,RL_out-of-scanner,2024.2.4,59.38750116072683,2025-05-21 17h47.19.278398 -0500,
0,0,0,space,4.319508599117398,None,5,1.0790919996798038,None,0.0018095001578330994,None,,,None,1.5004712995141745,1.5005459003150463,2.4996956000104547,2.499732599593699,3.500080999918282,3.5001162998378277,5.500092599540949,,,,,,,1,0,1,0,0,0,0,0,315.1227936996147,,,,,,,,,,,,,,,,309.6569974999875,309.67232279945165,309.67232279945165,314.00708199944347,space,4.319508599117398,None,314.0071647996083,314.0223535997793,314.0223535997793,315.1065899999812,5,1.0790919996798038,None,0.0018095001578330994,315.10848429985344,315.1227936996147,315.1227936996147,315.1227936996147,315.1227936996147,316.6070684995502,None,,,right,1,8,0,3,44,0,None,1.5004712995141745,1.5005459003150463,316.6072137998417,316.62276509962976,316.62276509962976,317.6226715994999,317.6226715994999,317.60630399920046,2.4996956000104547,2.499732599593699,317.61463289987296,317.6226715994999,317.6226715994999,318.60670410003513,no selection made,3.500080999918282,3.5001162998378277,318.60678349994123,318.62211949937046,320.62293389998376,320.6067223995924,5.500092599540949,318.62211949937046,318.62211949937046,316.62276509962976,316.62276509962976,316.62276509962976,316.62276509962976,,,,,,,,,,,,999999,right,no,None,2025-05-21_17h47.03.030,RL_out-of-scanner,2024.2.4,59.38750116072683,2025-05-21 17h47.19.278398 -0500,
1,0,1,space,4.319508599117398,None,5,1.0790919996798038,None,5.501599899493158,k,0.2781854001805186,None,None,5.800781799480319,5.80105989985168,7.299980400130153,7.30002720002085,8.300050900317729,8.300082299858332,9.798853700049222,,,,,,,1,0,1,0,1,0,1,0,320.62293389998376,,,,,,,,,,,,,,,,,,,,,,,,,,,,,,5.501599899493158,320.6082743993029,320.62293389998376,320.62293389998376,320.62293389998376,320.62293389998376,320.90735299978405,k,0.2781854001805186,None,right,1,8,1,3,45,1,None,5.800781799480319,5.80105989985168,320.90773279964924,320.9228731999174,320.9228731999174,322.422792699188,322.422792699188,322.4065831992775,7.299980400130153,7.30002720002085,322.4168944992125,322.422792699188,322.422792699188,323.4066770998761,stimuli/box_coin_transparent.png,8.300050900317729,8.300082299858332,323.40675240010023,323.4223062992096,324.92211209982634,324.90548049937934,9.798853700049222,323.4223062992096,323.4223062992096,,,,,,,,,,,,,,,,999999,right,no,None,2025-05-21_17h47.03.030,RL_out-of-scanner,2024.2.4,59.38750116072683,2025-05-21 17h47.19.278398 -0500,
2,0,2,space,4.319508599117398,None,5,1.0790919996798038,None,9.800350899808109,k,0.2935648001730442,None,None,10.116582400165498,10.116875699721277,11.116901899687946,11.116939899511635,12.11643849965185,12.116473299451172,15.131772000342607,,,,,,,1,0,1,0,2,0,2,0,324.92211209982634,,,,,,,,,,,,,,,,,,,,,,,,,,,,,,9.800350899808109,324.9070256995037,324.92211209982634,324.92211209982634,324.92211209982634,324.92211209982634,325.2231509992853,k,0.2935648001730442,None,right,0,8,1,3,46,1,None,10.116582400165498,10.116875699721277,325.22355409990996,325.2386301998049,325.2386301998049,326.23997879959643,326.23997879959643,326.2235090993345,11.116901899687946,11.116939899511635,326.23160219937563,326.23997879959643,326.23997879959643,327.2230640994385,stimuli/box_empty_transparent.png,12.11643849965185,12.116473299451172,327.2231467999518,327.2389158997685,330.2549175992608,330.23840219993144,15.131772000342607,327.2389158997685,327.2389158997685,,,,,,,,,,,,,,,,999999,right,no,None,2025-05-21_17h47.03.030,RL_out-of-scanner,2024.2.4,59.38750116072683,2025-05-21 17h47.19.278398 -0500,
3,0,3,space,4.319508599117398,None,5,1.0790919996798038,None,15.133262200281024,k,0.27318650018423796,None,None,15.433030399493873,15.433308799751103,17.43341340031475,17.433453199453652,18.432717200368643,18.43275829963386,19.433212200179696,,,,,,,1,0,1,0,3,0,3,0,330.2549175992608,,,,,,,,,,,,,,,,,,,,,,,,,,,,,,15.133262200281024,330.23993719927967,330.2549175992608,330.2549175992608,330.2549175992608,330.2549175992608,330.53961399942636,k,0.27318650018423796,None,right,1,8,2,3,47,2,None,15.433030399493873,15.433308799751103,330.5399867994711,330.55521669983864,330.55521669983864,332.55561119969934,332.55561119969934,332.5400248998776,17.43341340031475,17.433453199453652,332.5503274993971,332.55561119969934,332.55561119969934,333.53934019990265,stimuli/box_coin_transparent.png,18.432717200368643,18.43275829963386,333.5394293991849,333.5550758000463,334.5560431992635,334.5398419992998,19.433212200179696,333.5550758000463,333.5550758000463,,,,,,,,,,,,,,,,999999,right,no,None,2025-05-21_17h47.03.030,RL_out-of-scanner,2024.2.4,59.38750116072683,2025-05-21 17h47.19.278398 -0500,
4,0,4,space,4.319508599117398,None,5,1.0790919996798038,None,19.434738599695265,k,1.0020971996709704,None,None,20.46692129969597,20.467257499694824,21.48209029994905,21.48214379977435,22.482537399977446,22.482570099644363,24.982106399722397,,,,,,,1,0,1,0,4,0,4,0,334.5560431992635,,,,,,,,,,,,,,,,,,,,,,,,,,,,,,19.434738599695265,334.541413099505,334.5560431992635,334.5560431992635,334.5560431992635,334.5560431992635,335.5734904995188,k,1.0020971996709704,None,right,1,8,3,3,48,3,None,20.46692129969597,20.467257499694824,335.57393529918045,335.58996099978685,335.58996099978685,336.60621859971434,336.60621859971434,336.58868609927595,21.48209029994905,21.48214379977435,336.60102829989046,336.60621859971434,336.60621859971434,337.58916249964386,stimuli/box_coin_transparent.png,22.482537399977446,22.482570099644363,337.58924259990454,337.6050796993077,340.1060283994302,340.0887321000919,24.982106399722397,,,,,,,,,,,,,,,,,,999999,right,no,None,2025-05-21_17h47.03.030,RL_out-of-scanner,2024.2.4,59.38750116072683,2025-05-21 17h47.19.278398 -0500,
5,0,5,space,4.319508599117398,None,5,1.0790919996798038,None,24.983661100268364,j,0.3292723996564746,None,None,25.33282949961722,25.333174199797213,28.833254699595273,28.83329309988767,29.833119300194085,29.833150699734688,31.832180899567902,,,,,,,1,0,1,0,5,0,5,0,340.1060283994302,,,,,,,,,,,,,,,,,,,,,,,,,,,,,,24.983661100268364,340.0903368992731,340.1060283994302,340.1060283994302,340.1060283994302,340.1060283994302,340.4393975995481,j,0.3292723996564746,None,right,1,8,3,3,48,3,None,25.33282949961722,25.333174199797213,340.4398526996374,340.4548206999898,340.4548206999898,343.9550417996943,343.9550417996943,343.9398638997227,28.833254699595273,28.83329309988767,343.948056999594,343.9550417996943,343.9550417996943,344.9397460995242,stimuli/box_empty_transparent.png,29.833119300194085,29.833150699734688,344.9398203995079,344.9553408995271,346.9553513992578,346.93881139997393,31.832180899567902,344.9553408995271,344.9553408995271,,,,,,,,,,,,,,,,999999,right,no,None,2025-05-21_17h47.03.030,RL_out-of-scanner,2024.2.4,59.38750116072683,2025-05-21 17h47.19.278398 -0500,
6,0,6,space,4.319508599117398,None,5,1.0790919996798038,None,31.833646499551833,k,0.3204399002715945,None,None,32.183589399792254,32.184010500088334,33.1819105995819,33.181965299881995,34.18261030036956,34.182664999738336,35.18292529974133,,,,,,,1,0,1,0,6,0,6,0,346.9553513992578,,,,,,,,,,,,,,,,,,,,,,,,,,,,,,31.833646499551833,346.9403202999383,346.9553513992578,346.9553513992578,346.9553513992578,346.9553513992578,347.29014539998025,k,0.3204399002715945,None,right,0,8,3,3,49,3,None,32.183589399792254,32.184010500088334,347.29069709964097,347.30525479931384,347.30525479931384,348.3051480995491,348.3051480995491,348.288503699936,33.1819105995819,33.181965299881995,348.2972172992304,348.3051480995491,348.3051480995491,349.28921869955957,stimuli/box_empty_transparent.png,34.18261030036956,34.182664999738336,349.28935519978404,349.30566009972245,350.3046134999022,350.28955459967256,35.18292529974133,,,,,,,,,,,,,,,,,,999999,right,no,None,2025-05-21_17h47.03.030,RL_out-of-scanner,2024.2.4,59.38750116072683,2025-05-21 17h47.19.278398 -0500,
7,0,7,space,4.319508599117398,None,5,1.0790919996798038,None,35.18444089964032,k,0.33283420000225306,None,None,35.53347850032151,35.53378599975258,37.53294990025461,37.53298779949546,38.53240279946476,38.532433699816465,40.532172500155866,,,,,,,1,0,1,0,7,0,7,0,350.3046134999022,,,,,,,,,,,,,,,,,,,,,,,,,,,,,,35.18444089964032,350.2911158995703,350.3046134999022,350.3046134999022,350.3046134999022,350.3046134999022,350.64005149994045,k,0.33283420000225306,None,right,1,8,4,3,50,4,None,35.53347850032151,35.53378599975258,350.6404625000432,350.65463059954345,350.65463059954345,352.6549444999546,352.6549444999546,352.63956089969724,37.53294990025461,37.53298779949546,352.64957269933075,352.6549444999546,352.6549444999546,353.6390307992697,stimuli/box_coin_transparent.png,38.53240279946476,38.532433699816465,353.6391026992351,353.6550645995885,355.65513029973954,355.6388002997264,40.532172500155866,353.6550645995885,353.6550645995885,,,,,,,,,,,,,,,,999999,right,no,None,2025-05-21_17h47.03.030,RL_out-of-scanner,2024.2.4,59.38750116072683,2025-05-21 17h47.19.278398 -0500,
8,0,8,space,4.319508599117398,None,5,1.0790919996798038,None,40.53396639972925,k,0.08680339995771646,None,None,40.65029549971223,40.65060049947351,43.649020499549806,43.64905990008265,44.64937029965222,44.64940259978175,46.14817859977484,,,,,,,1,0,1,0,8,0,8,0,355.65513029973954,,,,,,,,,,,,,,,,,,,,,,,,,,,,,,40.53396639972925,355.6406463999301,355.65513029973954,355.65513029973954,355.65513029973954,355.65513029973954,355.75686910003424,k,0.08680339995771646,None,right,1,8,5,3,51,5,None,40.65029549971223,40.65060049947351,355.7572780996561,355.7721075993031,355.7721075993031,358.77139010000974,358.77139010000974,358.7556275995448,43.649020499549806,43.64905990008265,358.76542679965496,358.77139010000974,358.77139010000974,359.7559969993308,stimuli/box_coin_transparent.png,44.64937029965222,44.64940259978175,359.7560720993206,359.77134139928967,361.2713217996061,361.25480909924954,46.14817859977484,359.77134139928967,359.77134139928967,,,,,,,,,,,,,,,,999999,right,no,None,2025-05-21_17h47.03.030,RL_out-of-scanner,2024.2.4,59.38750116072683,2025-05-21 17h47.19.278398 -0500,
9,0,9,space,4.319508599117398,None,5,1.0790919996798038,None,46.149634099565446,j,0.48972969967871904,None,None,46.66602750029415,46.66639999952167,48.1660051997751,48.16604209970683,49.165660799480975,49.16569729987532,51.18067029956728,,,,,,,1,0,1,0,9,0,9,0,361.2713217996061,,,,,,,,,,,,,,,,,,,,,,,,,,,,,,46.149634099565446,361.25630809925497,361.2713217996061,361.2713217996061,361.2713217996061,361.2713217996061,361.77259190008044,j,0.48972969967871904,None,right,1,8,5,3,51,5,None,46.66602750029415,46.66639999952167,361.77307789959013,361.78891689982265,361.78891689982265,363.2876229993999,363.2876229993999,363.2726160995662,48.1660051997751,48.16604209970683,363.2809766000137,363.2876229993999,363.2876229993999,364.27228479925543,stimuli/box_empty_transparent.png,49.165660799480975,49.16569729987532,364.27237250003964,364.28821359947324,366.3039402998984,366.28729399945587,51.18067029956728,364.28821359947324,364.28821359947324,,,,,,,,,,,,,,,,999999,right,no,None,2025-05-21_17h47.03.030,RL_out-of-scanner,2024.2.4,59.38750116072683,2025-05-21 17h47.19.278398 -0500,
10,0,10,space,4.319508599117398,None,5,1.0790919996798038,None,51.18287550006062,k,0.25641299970448017,None,None,51.46509149949998,51.46547709964216,52.96606680005789,52.966105699539185,53.965310299769044,53.965342899784446,54.96516119968146,,,,,,,1,0,1,0,10,0,10,0,366.3039402998984,,,,,,,,,,,,,,,,,,,,,,,,,,,,,,51.18287550006062,366.2895634993911,366.3039402998984,366.3039402998984,366.3039402998984,366.3039402998984,366.5716487998143,k,0.25641299970448017,None,right,0,8,5,3,52,5,None,51.46509149949998,51.46547709964216,366.5721645997837,366.5873654000461,366.5873654000461,368.0877722995356,368.0877722995356,368.07267459947616,52.96606680005789,52.966105699539185,368.0807157997042,368.0877722995356,368.0877722995356,369.0719358995557,stimuli/box_empty_transparent.png,53.965310299769044,53.965342899784446,369.0720123993233,369.08821219950914,370.08818379975855,370.0717913992703,54.96516119968146,369.08821219950914,369.08821219950914,,,,,,,,,,,,,,,,999999,right,no,None,2025-05-21_17h47.03.030,RL_out-of-scanner,2024.2.4,59.38750116072683,2025-05-21 17h47.19.278398 -0500,
11,0,11,space,4.319508599117398,None,5,1.0790919996798038,None,54.96663840021938,k,0.26839450001716614,None,None,55.266186700202525,55.266477700322866,57.264257499948144,57.264301399700344,58.26498010009527,58.265032599680126,59.76537910010666,,,,,,,1,0,1,0,11,0,11,0,370.08818379975855,,,,,,,,,,,,,,,,,,,,,,,,,,,,,,54.96663840021938,370.073313199915,370.08818379975855,370.08818379975855,370.08818379975855,370.08818379975855,370.3727623997256,k,0.26839450001716614,None,right,1,8,6,3,53,6,None,55.266186700202525,55.266477700322866,370.3731635995209,370.3878841996193,370.3878841996193,372.3878742996603,372.3878742996603,372.37086409982294,57.264257499948144,57.264301399700344,372.38146930001676,372.3878742996603,372.3878742996603,373.37159089930356,stimuli/box_coin_transparent.png,58.26498010009527,58.265032599680126,373.3717286000028,373.38730329927057,374.8881850996986,374.87200909946114,59.76537910010666,,,,,,,,,,,,,,,,,,999999,right,no,None,2025-05-21_17h47.03.030,RL_out-of-scanner,2024.2.4,59.38750116072683,2025-05-21 17h47.19.278398 -0500,
12,0,12,space,4.319508599117398,None,5,1.0790919996798038,None,59.766896800138056,k,0.6194682000204921,None,None,60.41605139989406,60.4164706999436,61.41616309992969,61.416204899549484,62.41559970006347,62.41563059948385,65.41509819962084,,,,,,,1,0,1,0,12,0,12,0,374.8881850996986,,,,,,,,,,,,,,,,,,,,,,,,,,,,,,59.766896800138056,374.8735712999478,374.8881850996986,374.8881850996986,374.8881850996986,374.8881850996986,375.52262159995735,k,0.6194682000204921,None,right,0,8,6,3,54,6,None,60.41605139989406,60.4164706999436,375.5231459001079,375.53762229997665,375.53762229997665,376.5373240998015,376.5373240998015,376.52276619989425,61.41616309992969,61.416204899549484,376.531316999346,376.5373240998015,376.5373240998015,377.5222261995077,stimuli/box_empty_transparent.png,62.41559970006347,62.41563059948385,377.5223003998399,377.53769369982183,380.53765069972724,380.5217284997925,65.41509819962084,377.53769369982183,377.53769369982183,,,,,,,,,,,,,,,,999999,right,no,None,2025-05-21_17h47.03.030,RL_out-of-scanner,2024.2.4,59.38750116072683,2025-05-21 17h47.19.278398 -0500,
13,0,13,space,4.319508599117398,None,5,1.0790919996798038,None,65.41659589949995,k,0.2872573994100094,None,None,65.73250740021467,65.7328313998878,66.23222019989043,66.23226420022547,67.23182999994606,67.23186890035868,69.23089380003512,,,,,,,1,0,1,0,13,0,13,0,380.53765069972724,,,,,,,,,,,,,,,,,,,,,,,,,,,,,,65.41659589949995,380.5232702996582,380.53765069972724,380.53765069972724,380.53765069972724,380.53765069972724,380.83907729946077,k,0.2872573994100094,None,right,1,8,7,3,55,7,None,65.73250740021467,65.7328313998878,380.8395090000704,380.85454309917986,380.85454309917986,381.35417489986867,381.35417489986867,381.33882229961455,66.23222019989043,66.23226420022547,381.3487849999219,381.35417489986867,381.35417489986867,382.3384534996003,stimuli/box_coin_transparent.png,67.23182999994606,67.23186890035868,382.33854489959776,382.3537129992619,384.3540851995349,384.3375212997198,69.23089380003512,382.3537129992619,382.3537129992619,,,,,,,,,,,,,,,,999999,right,no,None,2025-05-21_17h47.03.030,RL_out-of-scanner,2024.2.4,59.38750116072683,2025-05-21 17h47.19.278398 -0500,
14,0,14,space,4.319508599117398,None,5,1.0790919996798038,None,69.2324018003419,k,0.3309832001104951,None,None,69.58111449982971,69.58141709957272,71.0816572997719,71.08169549982995,72.08135879971087,72.08139009959996,73.08116810023785,,,,,,,1,0,1,0,14,0,14,0,384.3540851995349,,,,,,,,,,,,,,,,,,,,,,,,,,,,,,69.2324018003419,384.33907679934055,384.3540851995349,384.3540851995349,384.3540851995349,384.3540851995349,384.68770079966635,k,0.3309832001104951,None,right,1,8,8,3,56,8,None,69.58111449982971,69.58141709957272,384.6880908999592,384.70378929935396,384.70378929935396,386.2038416992873,386.2038416992873,386.18826529942453,71.0816572997719,71.08169549982995,386.19806069973856,386.2038416992873,386.2038416992873,387.18798489961773,stimuli/box_coin_transparent.png,72.08135879971087,72.08139009959996,387.188060099259,387.20411229971796,388.20383640006185,388.1877933992073,73.08116810023785,387.20411229971796,387.20411229971796,,,,,,,,,,,,,,,,999999,right,no,None,2025-05-21_17h47.03.030,RL_out-of-scanner,2024.2.4,59.38750116072683,2025-05-21 17h47.19.278398 -0500,
15,0,15,space,4.319508599117398,None,5,1.0790919996798038,None,73.08265739958733,k,0.3805366000160575,None,None,73.48186799976975,73.48219559993595,74.48124060034752,74.4812839999795,75.480443299748,75.48048439994454,77.48095969948918,,,,,,,1,0,1,0,15,0,15,0,388.20383640006185,,,,,,,,,,,,,,,,,,,,,,,,,,,,,,73.08265739958733,388.18933170009404,388.20383640006185,388.20383640006185,388.20383640006185,388.20383640006185,388.5884360000491,k,0.3805366000160575,None,left,1,7,0,4,56,8,None,73.48186799976975,73.48219559993595,388.58887419942766,388.60437079984695,388.60437079984695,389.6039108997211,389.6039108997211,389.58784609939903,74.48124060034752,74.4812839999795,389.5969137996435,389.6039108997211,389.6039108997211,390.5870608994737,stimuli/box_empty_transparent.png,75.480443299748,75.48048439994454,390.5871669994667,390.60287950001657,392.6046121995896,392.58758919965476,77.48095969948918,390.60287950001657,390.60287950001657,,,,,,,,,,,,,,,,999999,right,no,None,2025-05-21_17h47.03.030,RL_out-of-scanner,2024.2.4,59.38750116072683,2025-05-21 17h47.19.278398 -0500,
16,0,16,space,4.319508599117398,None,5,1.0790919996798038,None,77.48247080016881,k,0.30839440040290356,None,None,77.81522750016302,77.81549729965627,79.81449509970844,79.81453240010887,80.8137745000422,80.81381750013679,81.81468989979476,,,,,,,1,0,1,0,16,0,16,0,392.6046121995896,,,,,,,,,,,,,,,,,,,,,,,,,,,,,,77.48247080016881,392.5891450997442,392.6046121995896,392.6046121995896,392.6046121995896,392.6046121995896,392.92181219998747,k,0.30839440040290356,None,left,1,7,0,4,56,8,None,77.81522750016302,77.81549729965627,392.9221695996821,392.93698459956795,392.93698459956795,394.9368749996647,394.9368749996647,394.9211072996259,79.81449509970844,79.81453240010887,394.92942859977484,394.9368749996647,394.9368749996647,395.92039470002055,stimuli/box_empty_transparent.png,80.8137745000422,80.81381750013679,395.9205006994307,395.93595169950277,396.9376503992826,396.92131939996034,81.81468989979476,395.93595169950277,395.93595169950277,,,,,,,,,,,,,,,,999999,right,no,None,2025-05-21_17h47.03.030,RL_out-of-scanner,2024.2.4,59.38750116072683,2025-05-21 17h47.19.278398 -0500,
17,0,17,space,4.319508599117398,None,5,1.0790919996798038,None,81.81620969995856,j,0.34019669983536005,None,None,82.18197649996728,82.18230579979718,83.18116409983486,83.18121130019426,84.18098360020667,84.18102059978992,85.18063720036298,,,,,,,1,0,1,0,17,0,17,0,396.9376503992826,,,,,,,,,,,,,,,,,,,,,,,,,,,,,,81.81620969995856,396.9228833997622,396.9376503992826,396.9376503992826,396.9376503992826,396.9376503992826,397.2885614000261,j,0.34019669983536005,None,left,1,7,1,4,57,9,None,82.18197649996728,82.18230579979718,397.28897830005735,397.30395729932934,397.30395729932934,398.3034544996917,398.3034544996917,398.28776649944484,83.18116409983486,83.18121130019426,398.2979171993211,398.3034544996917,398.3034544996917,399.2876071995124,stimuli/box_coin_transparent.png,84.18098360020667,84.18102059978992,399.2876961994916,399.3038691999391,400.3038729997352,400.2872647000477,85.18063720036298,399.3038691999391,399.3038691999391,,,,,,,,,,,,,,,,999999,right,no,None,2025-05-21_17h47.03.030,RL_out-of-scanner,2024.2.4,59.38750116072683,2025-05-21 17h47.19.278398 -0500,
18,0,18,space,4.319508599117398,None,5,1.0790919996798038,None,85.18244659993798,j,0.47795489989221096,None,None,85.68167269974947,85.68207189999521,89.18077259976417,89.18081689998507,90.18107130005956,90.18111599981785,92.1807079995051,,,,,,,1,0,1,0,18,0,18,0,400.3038729997352,,,,,,,,,,,,,,,,,,,,,,,,,,,,,,85.18244659993798,400.28912709932774,400.3038729997352,400.3038729997352,400.3038729997352,400.3038729997352,400.78824289981276,j,0.47795489989221096,None,left,1,7,2,4,58,10,None,85.68167269974947,85.68207189999521,400.78875149972737,400.803721900098,400.803721900098,404.3031251998618,404.3031251998618,404.28737539984286,89.18077259976417,89.18081689998507,404.2973215999082,404.3031251998618,404.3031251998618,405.28769129980356,stimuli/box_coin_transparent.png,90.18107130005956,90.18111599981785,405.28779949992895,405.3036658996716,407.30346619989723,407.28733939956874,92.1807079995051,,,,,,,,,,,,,,,,,,999999,right,no,None,2025-05-21_17h47.03.030,RL_out-of-scanner,2024.2.4,59.38750116072683,2025-05-21 17h47.19.278398 -0500,
19,0,19,space,4.319508599117398,None,5,1.0790919996798038,None,92.1821608999744,j,0.5247857999056578,None,None,92.7305272994563,92.73086460027844,93.7311281003058,93.73117300029844,94.7310779998079,94.73110909946263,96.23032329976559,,,,,,,1,0,1,0,19,0,19,0,407.30346619989723,,,,,,,,,,,,,,,,,,,,,,,,,,,,,,92.1821608999744,407.2888340000063,407.30346619989723,407.30346619989723,407.30346619989723,407.30346619989723,407.83709909953177,j,0.5247857999056578,None,left,0,7,2,4,59,10,None,92.7305272994563,92.73086460027844,407.83754319977015,407.8526572994888,407.8526572994888,408.8530876999721,408.8530876999721,408.83772919978946,93.7311281003058,93.73117300029844,408.8460738994181,408.8530876999721,408.8530876999721,409.83770419936627,stimuli/box_empty_transparent.png,94.7310779998079,94.73110909946263,409.8377791997045,409.853280399926,411.3537320001051,411.3369537992403,96.23032329976559,409.853280399926,409.853280399926,,,,,,,,,,,,,,,,999999,right,no,None,2025-05-21_17h47.03.030,RL_out-of-scanner,2024.2.4,59.38750116072683,2025-05-21 17h47.19.278398 -0500,
20,0,20,space,4.319508599117398,None,5,1.0790919996798038,None,96.23181399982423,j,0.26493369974195957,None,None,96.51498300023377,96.51534119993448,98.52968349959701,98.5297310994938,99.53029419947416,99.5303298002109,101.53033920004964,,,,,,,1,0,1,0,20,0,20,0,411.3537320001051,,,,,,,,,,,,,,,,,,,,,,,,,,,,,,96.23181399982423,411.3384876996279,411.3537320001051,411.3537320001051,411.3537320001051,411.3537320001051,411.6215701000765,j,0.26493369974195957,None,left,1,7,3,4,60,11,None,96.51498300023377,96.51534119993448,411.62201549950987,411.63713550008833,411.63713550008833,413.65361679997295,413.65361679997295,413.63628899957985,98.52968349959701,98.5297310994938,413.6477585993707,413.65361679997295,413.65361679997295,414.63690879940987,stimuli/box_coin_transparent.png,99.53029419947416,99.5303298002109,414.63700399920344,414.6534326998517,416.6532487999648,416.6369693996385,101.53033920004964,,,,,,,,,,,,,,,,,,999999,right,no,None,2025-05-21_17h47.03.030,RL_out-of-scanner,2024.2.4,59.38750116072683,2025-05-21 17h47.19.278398 -0500,
21,0,21,space,4.319508599117398,None,5,1.0790919996798038,None,101.53181570023298,j,0.5664079003036022,None,None,102.11489980015904,102.11529930029064,105.11338500026613,105.1134220995009,106.1139682000503,106.11400059983134,107.61340889986604,,,,,,,1,0,1,0,21,0,21,0,416.6532487999648,,,,,,,,,,,,,,,,,,,,,,,,,,,,,,101.53181570023298,416.63848869968206,416.6532487999648,416.6532487999648,416.6532487999648,416.6532487999648,417.2214679000899,j,0.5664079003036022,None,left,1,7,4,4,61,12,None,102.11489980015904,102.11529930029064,417.2219785992056,417.2366297999397,417.2366297999397,420.2372670993209,420.2372670993209,420.2199959997088,105.11338500026613,105.1134220995009,420.23139959946275,420.2372670993209,420.2372670993209,421.22059379983693,stimuli/box_coin_transparent.png,106.1139682000503,106.11400059983134,421.2206729995087,421.2366226995364,422.7362726991996,422.72003479953855,107.61340889986604,,,,,,,,,,,,,,,,,,999999,right,no,None,2025-05-21_17h47.03.030,RL_out-of-scanner,2024.2.4,59.38750116072683,2025-05-21 17h47.19.278398 -0500,
22,0,22,space,4.319508599117398,None,5,1.0790919996798038,None,107.615239799954,j,0.36806869972497225,None,None,108.01423589978367,108.01456299982965,109.51368680037558,109.51372940000147,110.51285179983824,110.51288780011237,112.51323760021478,,,,,,,1,0,1,0,22,0,22,0,422.7362726991996,,,,,,,,,,,,,,,,,,,,,,,,,,,,,,107.615239799954,422.72191979922354,422.7362726991996,422.7362726991996,422.7362726991996,422.7362726991996,423.1208205996081,j,0.36806869972497225,None,left,0,7,4,4,62,12,None,108.01423589978367,108.01456299982965,423.1212367992848,423.13642769958824,423.13642769958824,424.6363843996078,424.6363843996078,424.6202890994027,109.51368680037558,109.51372940000147,424.62852789927274,424.6363843996078,424.6363843996078,425.6194762000814,stimuli/box_empty_transparent.png,110.51285179983824,110.51288780011237,425.61956419982016,425.6350355995819,427.6361976992339,427.61986679956317,112.51323760021478,425.6350355995819,425.6350355995819,,,,,,,,,,,,,,,,999999,right,no,None,2025-05-21_17h47.03.030,RL_out-of-scanner,2024.2.4,59.38750116072683,2025-05-21 17h47.19.278398 -0500,
23,0,23,space,4.319508599117398,None,5,1.0790919996798038,None,112.51478760037571,j,0.45941360015422106,None,None,112.997677099891,112.99805529974401,114.49740260001272,114.49744080007076,115.4968835003674,115.4969156999141,117.01244799979031,,,,,,,1,0,1,0,23,0,23,0,427.6361976992339,,,,,,,,,,,,,,,,,,,,,,,,,,,,,,112.51478760037571,427.621461099945,427.6361976992339,427.6361976992339,427.6361976992339,427.6361976992339,428.10425339918584,j,0.45941360015422106,None,left,1,7,5,4,63,13,None,112.997677099891,112.99805529974401,428.1047329995781,428.1199549995363,428.1199549995363,429.6193186994642,429.6193186994642,429.6040094997734,114.49740260001272,114.49744080007076,429.6142060998827,429.6193186994642,429.6193186994642,430.6035111993551,stimuli/box_coin_transparent.png,115.4968835003674,115.4969156999141,430.603585999459,430.619571399875,432.135618600063,432.1190788000822,117.01244799979031,430.619571399875,430.619571399875,,,,,,,,,,,,,,,,999999,right,no,None,2025-05-21_17h47.03.030,RL_out-of-scanner,2024.2.4,59.38750116072683,2025-05-21 17h47.19.278398 -0500,
24,0,24,space,4.319508599117398,None,5,1.0790919996798038,None,117.01404729951173,j,0.3043575994670391,None,None,117.347431499511,117.3478325996548,119.34708259999752,119.34712910000235,120.34697640035301,120.3470248002559,121.86189549975097,,,,,,,1,0,1,0,24,0,24,0,432.135618600063,,,,,,,,,,,,,,,,,,,,,,,,,,,,,,117.01404729951173,432.12072329968214,432.135618600063,432.135618600063,432.135618600063,432.135618600063,432.45400109980255,j,0.3043575994670391,None,left,1,7,6,4,64,14,None,117.347431499511,117.3478325996548,432.45451129972935,432.469608400017,432.469608400017,434.4704228993505,434.4704228993505,434.45368399936706,119.34708259999752,119.34712910000235,434.4650522992015,434.4704228993505,434.4704228993505,435.45359709952027,stimuli/box_coin_transparent.png,120.34697640035301,120.3470248002559,435.4537141993642,435.46956259943545,436.98516919929534,436.96852009929717,121.86189549975097,435.46956259943545,435.46956259943545,,,,,,,,,,,,,,,,999999,right,no,None,2025-05-21_17h47.03.030,RL_out-of-scanner,2024.2.4,59.38750116072683,2025-05-21 17h47.19.278398 -0500,
25,0,25,space,4.319508599117398,None,5,1.0790919996798038,None,121.86367420013994,j,0.48292339965701103,None,None,122.36315939947963,122.36348609998822,123.36383979953825,123.36387869995087,124.36310980003327,124.363140899688,127.87833550013602,,,,,,,1,0,1,0,25,0,25,0,436.98516919929534,,,,,,,,,,,,,,,,,,,,,,,,,,,,,,121.86367420013994,436.97035400010645,436.98516919929534,436.98516919929534,436.98516919929534,436.98516919929534,437.4697429994121,j,0.48292339965701103,None,left,0,7,6,4,65,14,None,122.36315939947963,122.36348609998822,437.4701606994495,437.4851815998554,437.4851815998554,438.48559289984405,438.48559289984405,438.47045179922134,123.36383979953825,123.36387869995087,438.47868839930743,438.48559289984405,438.48559289984405,439.46973640006036,stimuli/box_empty_transparent.png,124.36310980003327,124.363140899688,439.469811999239,439.48579810000956,443.001721999608,442.98496320005506,127.87833550013602,439.48579810000956,439.48579810000956,,,,,,,,,,,,,,,,999999,right,no,None,2025-05-21_17h47.03.030,RL_out-of-scanner,2024.2.4,59.38750116072683,2025-05-21 17h47.19.278398 -0500,
26,0,26,space,4.319508599117398,None,5,1.0790919996798038,None,127.88011329993606,j,0.3545801006257534,None,None,128.2630049996078,128.26342429965734,128.7627371000126,128.76278499979526,129.77947499975562,129.77950860001147,133.27904899977148,,,,,,,1,0,1,0,26,0,26,0,443.001721999608,,,,,,,,,,,,,,,,,,,,,,,,,,,,,,127.88011329993606,442.9867939995602,443.001721999608,443.001721999608,443.001721999608,443.001721999608,443.36956280004233,j,0.3545801006257534,None,left,1,7,7,4,66,15,None,128.2630049996078,128.26342429965734,443.37011239957064,443.3850811999291,443.3850811999291,443.88799929991364,443.88799929991364,443.86933430004865,128.7627371000126,128.76278499979526,443.88222529925406,443.88799929991364,443.88799929991364,444.8860999997705,stimuli/box_coin_transparent.png,129.77947499975562,129.77950860001147,444.8861802993342,444.90140959993005,448.4025045996532,448.385679599829,133.27904899977148,,,,,,,,,,,,,,,,,,999999,right,no,None,2025-05-21_17h47.03.030,RL_out-of-scanner,2024.2.4,59.38750116072683,2025-05-21 17h47.19.278398 -0500,
27,0,27,space,4.319508599117398,None,5,1.0790919996798038,None,133.28057959955186,j,0.6171505004167557,None,None,133.929518699646,133.92993920017034,135.42942829988897,135.42947530001402,136.42986829951406,136.42990029975772,137.42851210013032,,,,,,,1,0,1,0,27,0,27,0,448.4025045996532,,,,,,,,,,,,,,,,,,,,,,,,,,,,,,133.28057959955186,448.3872527992353,448.4025045996532,448.4025045996532,448.4025045996532,448.4025045996532,449.03604529984295,j,0.6171505004167557,None,right,1,10,0,5,66,15,None,133.929518699646,133.92993920017034,449.0366267999634,449.0514593999833,449.0514593999833,450.55210989993066,450.55210989993066,450.5360279995948,135.42942829988897,135.42947530001402,450.5449451999739,450.55210989993066,450.55210989993066,451.53649459965527,stimuli/box_empty_transparent.png,136.42986829951406,136.42990029975772,451.53656979929656,451.55188049934804,452.55144120007753,452.53514319937676,137.42851210013032,451.55188049934804,451.55188049934804,,,,,,,,,,,,,,,,999999,right,no,None,2025-05-21_17h47.03.030,RL_out-of-scanner,2024.2.4,59.38750116072683,2025-05-21 17h47.19.278398 -0500,
28,0,28,space,4.319508599117398,None,5,1.0790919996798038,None,137.430001700297,j,0.49313409999012947,None,None,137.9459806997329,137.9463667999953,138.94684019964188,138.9468783000484,139.94512709975243,139.9451570995152,143.44562270026654,,,,,,,1,0,1,0,28,0,28,0,452.55144120007753,,,,,,,,,,,,,,,,,,,,,,,,,,,,,,137.430001700297,452.53667709976435,452.55144120007753,452.55144120007753,452.55144120007753,452.55144120007753,453.0525493994355,j,0.49313409999012947,None,right,1,10,0,5,66,15,None,137.9459806997329,137.9463667999953,453.05304599925876,453.06913769990206,453.06913769990206,454.0686578992754,454.0686578992754,454.0534481992945,138.94684019964188,138.9468783000484,454.06271209940314,454.0686578992754,454.0686578992754,455.05175519920886,stimuli/box_empty_transparent.png,139.94512709975243,139.9451570995152,455.0518259992823,455.0676125995815,458.5685482993722,458.5522525999695,143.44562270026654,455.0676125995815,455.0676125995815,,,,,,,,,,,,,,,,999999,right,no,None,2025-05-21_17h47.03.030,RL_out-of-scanner,2024.2.4,59.38750116072683,2025-05-21 17h47.19.278398 -0500,
29,0,29,space,4.319508599117398,None,5,1.0790919996798038,None,143.44710929971188,k,0.2796510001644492,None,None,143.7469566995278,143.74724570009857,145.74550640024245,145.74555000010878,146.74559879954904,146.74563209991902,147.74574409984052,,,,,,,1,0,1,0,29,0,29,0,458.5685482993722,,,,,,,,,,,,,,,,,,,,,,,,,,,,,,143.44710929971188,458.5537832994014,458.5685482993722,458.5685482993722,458.5685482993722,458.5685482993722,458.85350749921054,k,0.2796510001644492,None,right,1,10,1,5,67,16,None,143.7469566995278,143.74724570009857,458.8539180997759,458.8687795000151,458.8687795000151,460.8686997992918,460.8686997992918,460.8521062992513,145.74550640024245,145.74555000010878,460.8627493996173,460.8686997992918,460.8686997992918,461.8522252999246,stimuli/box_coin_transparent.png,146.74559879954904,146.74563209991902,461.8523029992357,461.86826179921627,462.8684506993741,462.8523745993152,147.74574409984052,461.86826179921627,461.86826179921627,,,,,,,,,,,,,,,,999999,right,no,None,2025-05-21_17h47.03.030,RL_out-of-scanner,2024.2.4,59.38750116072683,2025-05-21 17h47.19.278398 -0500,
30,0,30,space,4.319508599117398,None,5,1.0790919996798038,None,147.74732309952378,k,0.38639470003545284,None,None,148.1632685996592,148.16353360004723,149.16290429979563,149.16294320020825,150.1619279999286,150.1619669003412,151.16138069983572,,,,,,,1,0,1,0,30,0,30,0,462.8684506993741,,,,,,,,,,,,,,,,,,,,,,,,,,,,,,147.74732309952378,462.8539966000244,462.8684506993741,462.8684506993741,462.8684506993741,462.8684506993741,463.26985489949584,k,0.38639470003545284,None,right,1,10,2,5,68,17,None,148.1632685996592,148.16353360004723,463.27020549960434,463.2852206993848,463.2852206993848,464.2845850000158,464.2845850000158,464.26951560005546,149.16290429979563,149.16294320020825,464.2794607998803,464.2845850000158,464.2845850000158,465.26854839921,stimuli/box_coin_transparent.png,150.1619279999286,150.1619669003412,465.26864849962294,465.2841905998066,466.2846208997071,466.26801129989326,151.16138069983572,465.2841905998066,465.2841905998066,,,,,,,,,,,,,,,,999999,right,no,None,2025-05-21_17h47.03.030,RL_out-of-scanner,2024.2.4,59.38750116072683,2025-05-21 17h47.19.278398 -0500,
31,0,31,space,4.319508599117398,None,5,1.0790919996798038,None,151.16291110031307,k,0.29607969988137484,None,None,151.4796446999535,151.4799084002152,154.47870089951903,154.47874059993774,155.47907359991223,155.47910539992154,157.97758970037103,,,,,,,1,0,1,0,31,0,31,0,466.2846208997071,,,,,,,,,,,,,,,,,,,,,,,,,,,,,,151.16291110031307,466.26958919968456,466.2846208997071,466.2846208997071,466.2846208997071,466.2846208997071,466.58623159956187,k,0.29607969988137484,None,right,1,10,3,5,69,18,None,151.4796446999535,151.4799084002152,466.5865802997723,466.6010626992211,466.6010626992211,469.6014318000525,469.6014318000525,469.58530999999493,154.47870089951903,154.47874059993774,469.59552409965545,469.6014318000525,469.6014318000525,470.5856997994706,stimuli/box_coin_transparent.png,155.47907359991223,155.47910539992154,470.5857748994604,470.60131959989667,473.10085959918797,473.0842133993283,157.97758970037103,470.60131959989667,470.60131959989667,,,,,,,,,,,,,,,,999999,right,no,None,2025-05-21_17h47.03.030,RL_out-of-scanner,2024.2.4,59.38750116072683,2025-05-21 17h47.19.278398 -0500,
32,0,32,space,4.319508599117398,None,5,1.0790919996798038,None,157.9798795003444,k,0.3127600001171231,None,None,158.3129613995552,158.31332980003208,159.3113495996222,159.3113855998963,160.31131429970264,160.3113441998139,161.3108585998416,,,,,,,1,0,1,0,32,0,32,0,473.10085959918797,,,,,,,,,,,,,,,,,,,,,,,,,,,,,,157.9798795003444,473.08656669966877,473.10085959918797,473.10085959918797,473.10085959918797,473.10085959918797,473.4195073992014,k,0.3127600001171231,None,right,1,10,4,5,70,19,None,158.3129613995552,158.31332980003208,473.420017699711,473.4340516999364,473.4340516999364,474.4347256999463,474.4347256999463,474.41796309966594,159.3113495996222,159.3113855998963,474.4281848995015,474.4347256999463,474.4347256999463,475.4179418999702,stimuli/box_coin_transparent.png,160.31131429970264,160.3113441998139,475.4180143997073,475.43399930000305,476.4341553999111,476.4174886997789,161.3108585998416,475.43399930000305,475.43399930000305,,,,,,,,,,,,,,,,999999,right,no,None,2025-05-21_17h47.03.030,RL_out-of-scanner,2024.2.4,59.38750116072683,2025-05-21 17h47.19.278398 -0500,
33,0,33,space,4.319508599117398,None,5,1.0790919996798038,None,161.31252859998494,k,0.43625149969011545,None,None,161.77854060009122,161.7788329999894,163.77791799977422,163.77797270007432,164.77828179951757,164.77831379976124,166.27906639967114,,,,,,,1,0,1,0,33,0,33,0,476.4341553999111,,,,,,,,,,,,,,,,,,,,,,,,,,,,,,161.31252859998494,476.4192030997947,476.4341553999111,476.4341553999111,476.4341553999111,476.4341553999111,476.8851028000936,k,0.43625149969011545,None,right,1,10,5,5,71,20,None,161.77854060009122,161.7788329999894,476.8855127999559,476.9012359995395,476.9012359995395,478.9030938996002,478.9030938996002,478.88451300002635,163.77791799977422,163.77797270007432,478.8973653996363,478.9030938996002,478.9030938996002,479.8849069997668,stimuli/box_coin_transparent.png,164.77828179951757,164.77831379976124,479.88498649932444,479.9010592997074,481.40225959941745,481.3856967994943,166.27906639967114,,,,,,,,,,,,,,,,,,999999,right,no,None,2025-05-21_17h47.03.030,RL_out-of-scanner,2024.2.4,59.38750116072683,2025-05-21 17h47.19.278398 -0500,
34,0,34,space,4.319508599117398,None,5,1.0790919996798038,None,166.2805308997631,k,0.5856512002646923,None,None,166.89576660003513,166.89608089998364,169.9110437994823,169.9110947996378,170.91192839946598,170.9119619000703,173.4118189997971,,,,,,,1,0,1,0,34,0,34,0,481.40225959941745,,,,,,,,,,,,,,,,,,,,,,,,,,,,,,166.2805308997631,481.38720539957285,481.40225959941745,481.40225959941745,481.40225959941745,481.40225959941745,482.00233739987016,k,0.5856512002646923,None,right,1,10,6,5,72,21,None,166.89576660003513,166.89608089998364,482.0027596997097,482.01818879973143,482.01818879973143,485.03632569964975,485.03632569964975,485.01764190010726,169.9110437994823,169.9110947996378,485.030486099422,485.03632569964975,485.03632569964975,486.01855239924043,stimuli/box_coin_transparent.png,170.91192839946598,170.9119619000703,486.01863479986787,486.0349297998473,488.53485019970685,488.51844629924744,173.4118189997971,,,,,,,,,,,,,,,,,,999999,right,no,None,2025-05-21_17h47.03.030,RL_out-of-scanner,2024.2.4,59.38750116072683,2025-05-21 17h47.19.278398 -0500,
35,0,35,space,4.319508599117398,None,5,1.0790919996798038,None,173.4132589995861,k,0.2794514000415802,None,None,173.7122488003224,173.71251359954476,175.210953399539,175.21099280007184,176.21081869956106,176.21084950026125,177.21157069969922,,,,,,,1,0,1,0,35,0,35,0,488.53485019970685,,,,,,,,,,,,,,,,,,,,,,,,,,,,,,173.4132589995861,488.5199323995039,488.53485019970685,488.53485019970685,488.53485019970685,488.53485019970685,488.8188346000388,k,0.2794514000415802,None,right,0,10,6,5,73,21,None,173.7122488003224,173.71251359954476,488.8191847996786,488.83440089970827,488.83440089970827,490.3342746999115,490.3342746999115,490.31756389979273,175.210953399539,175.21099280007184,490.32581699918956,490.3342746999115,490.3342746999115,491.31744650006294,stimuli/box_empty_transparent.png,176.21081869956106,176.21084950026125,491.31751929968596,491.33316349983215,492.3347694994882,492.318198800087,177.21157069969922,491.33316349983215,491.33316349983215,,,,,,,,,,,,,,,,999999,right,no,None,2025-05-21_17h47.03.030,RL_out-of-scanner,2024.2.4,59.38750116072683,2025-05-21 17h47.19.278398 -0500,
36,0,36,space,4.319508599117398,None,5,1.0790919996798038,None,177.2131108995527,k,0.5816385997459292,None,None,177.81231580022722,177.81265189964324,179.3116654995829,179.31170540023595,180.31163700018078,180.31166750006378,183.81113049946725,,,,,,,1,0,1,0,36,0,36,0,492.3347694994882,,,,,,,,,,,,,,,,,,,,,,,,,,,,,,177.2131108995527,492.31978499982506,492.3347694994882,492.3347694994882,492.3347694994882,492.3347694994882,492.9188864994794,k,0.5816385997459292,None,right,0,10,6,5,74,21,None,177.81231580022722,177.81265189964324,492.91933159995824,492.9340688996017,492.9340688996017,494.43391910009086,494.43391910009086,494.4182741995901,179.3116654995829,179.31170540023595,494.4271484995261,494.43391910009086,494.43391910009086,495.4182644998655,stimuli/box_empty_transparent.png,180.31163700018078,180.31166750006378,495.41833679936826,495.43369599990547,498.93537279963493,498.9177601998672,183.81113049946725,495.43369599990547,495.43369599990547,,,,,,,,,,,,,,,,999999,right,no,None,2025-05-21_17h47.03.030,RL_out-of-scanner,2024.2.4,59.38750116072683,2025-05-21 17h47.19.278398 -0500,
37,0,37,space,4.319508599117398,None,5,1.0790919996798038,None,183.81265520025045,k,0.5282594999298453,None,None,184.36283429991454,184.36310170032084,186.36170599982142,186.3617489002645,187.3607740001753,187.36080189980567,188.36109729949385,,,,,,,1,0,1,0,37,0,37,0,498.93537279963493,,,,,,,,,,,,,,,,,,,,,,,,,,,,,,183.81265520025045,498.91932959947735,498.93537279963493,498.93537279963493,498.93537279963493,498.93537279963493,499.4694193992764,k,0.5282594999298453,None,right,1,10,7,5,75,22,None,184.36283429991454,184.36310170032084,499.4697742993012,499.48444379959255,499.48444379959255,501.4837503992021,501.4837503992021,501.46830809954554,186.36170599982142,186.3617489002645,501.4786305995658,501.4837503992021,501.4837503992021,502.46740269940346,stimuli/box_coin_transparent.png,187.3607740001753,187.36080189980567,502.4674720996991,502.4828049996868,503.4843565998599,503.46772769931704,188.36109729949385,502.4828049996868,502.4828049996868,,,,,,,,,,,,,,,,999999,right,no,None,2025-05-21_17h47.03.030,RL_out-of-scanner,2024.2.4,59.38750116072683,2025-05-21 17h47.19.278398 -0500,
38,0,38,space,4.319508599117398,None,5,1.0790919996798038,None,188.3625315995887,k,0.3491348000243306,None,None,188.72879379987717,188.7290621995926,189.74518179986626,189.7452279003337,190.7455166997388,190.74554709997028,192.24393079988658,,,,,,,1,0,1,0,38,0,38,0,503.4843565998599,,,,,,,,,,,,,,,,,,,,,,,,,,,,,,188.3625315995887,503.46920439973474,503.4843565998599,503.4843565998599,503.4843565998599,503.4843565998599,503.8353784000501,k,0.3491348000243306,None,right,1,10,8,5,76,23,None,188.72879379987717,188.7290621995926,503.8357339994982,503.852807299234,503.852807299234,504.8672940991819,504.8672940991819,504.85176749993116,189.74518179986626,189.7452279003337,504.86228609923273,504.8672940991819,504.8672940991819,505.85214479919523,stimuli/box_coin_transparent.png,190.7455166997388,190.74554709997028,505.8522173995152,505.866700399667,507.3675970993936,507.35056110005826,192.24393079988658,505.866700399667,505.866700399667,,,,,,,,,,,,,,,,999999,right,no,None,2025-05-21_17h47.03.030,RL_out-of-scanner,2024.2.4,59.38750116072683,2025-05-21 17h47.19.278398 -0500,
39,0,39,space,4.319508599117398,None,5,1.0790919996798038,None,192.24537390004843,k,0.3380722999572754,None,None,192.6122570997104,192.6125683998689,193.62697810027748,193.6270329002291,194.62784409988672,194.62788179982454,195.62806660030037,,,,,,,1,0,1,0,39,0,39,0,507.3675970993936,,,,,,,,,,,,,,,,,,,,,,,,,,,,,,192.24537390004843,507.3520472999662,507.3675970993936,507.3675970993936,507.3675970993936,507.3675970993936,507.71882589999586,k,0.3380722999572754,None,right,1,10,9,5,77,24,None,192.6122570997104,192.6125683998689,507.71924579981714,507.7341460995376,507.7341460995376,508.75195139925927,508.75195139925927,508.73356089927256,193.62697810027748,193.6270329002291,508.74629409983754,508.75195139925927,508.75195139925927,509.7344661997631,stimuli/box_coin_transparent.png,194.62784409988672,194.62788179982454,509.73457159940153,509.7502323994413,510.7503969995305,510.7346903998405,195.62806660030037,,,,,,,,,,,,,,,,,,999999,right,no,None,2025-05-21_17h47.03.030,RL_out-of-scanner,2024.2.4,59.38750116072683,2025-05-21 17h47.19.278398 -0500,
40,0,40,space,4.319508599117398,None,5,1.0790919996798038,None,195.63008609972894,k,0.5392620991915464,None,None,196.195527699776,196.19584119971842,197.6937926998362,197.6938407998532,198.71007149945945,198.71012839954346,199.7099003000185,,,,,,,1,0,1,0,40,0,40,0,510.7503969995305,,,,,,,,,,,,,,,,,,,,,,,,,,,,,,195.63008609972894,510.7367664994672,510.7503969995305,510.7503969995305,510.7503969995305,510.7503969995305,511.3020975999534,k,0.5392620991915464,None,right,1,10,10,5,78,25,None,196.195527699776,196.19584119971842,511.3025190997869,511.31738130003214,511.31738130003214,512.8176973992959,512.8176973992959,512.800390499644,197.6937926998362,197.6938407998532,512.8116858992726,512.8176973992959,512.8176973992959,513.8166847992688,stimuli/box_coin_transparent.png,198.71007149945945,198.71012839954346,513.8168036993593,513.8327831998467,514.8331944998354,514.8165311999619,199.7099003000185,,,,,,,,,,,,,,,,,,999999,right,no,None,2025-05-21_17h47.03.030,RL_out-of-scanner,2024.2.4,59.38750116072683,2025-05-21 17h47.19.278398 -0500,
41,0,41,space,4.319508599117398,None,5,1.0790919996798038,None,199.71192250028253,k,1.4253634000197053,None,None,201.16230800002813,201.16261949948967,202.16104390006512,202.1610901998356,203.16103539988399,203.1610679998994,206.1607780000195,,,,,,,1,0,1,0,41,0,41,0,514.8331944998354,,,,,,,,,,,,,,,,,,,,,,,,,,,,,,199.71192250028253,514.8185988999903,514.8331944998354,514.8331944998354,514.8331944998354,514.8331944998354,516.268877199851,k,1.4253634000197053,None,left,1,15,0,6,78,25,None,201.16230800002813,201.16261949948967,516.2692968994379,516.2835488999262,516.2835488999262,517.2833757996559,517.2833757996559,517.2676452994347,202.16104390006512,202.1610901998356,517.2763733994216,517.2833757996559,517.2833757996559,518.2676614997908,stimuli/box_empty_transparent.png,203.16103539988399,203.1610679998994,518.2677376000211,518.2839449997991,521.2827989999205,521.2674062997103,206.1607780000195,518.2839449997991,518.2839449997991,,,,,,,,,,,,,,,,999999,right,no,None,2025-05-21_17h47.03.030,RL_out-of-scanner,2024.2.4,59.38750116072683,2025-05-21 17h47.19.278398 -0500,
42,0,42,space,4.319508599117398,None,5,1.0790919996798038,None,206.16252070013434,j,1.0276856999844313,None,['j'],207.21175280027092,207.21208690013736,209.21090339962393,209.21094109956175,210.21066279988736,210.21069919969887,213.7099709995091,[0.33327910024672747],[0.1794777000322938],,,,,1,0,1,0,42,0,42,0,521.2827989999205,,,,,,,,,,,,,,,,,,,,,,,,,,,,,,206.16252070013434,521.2692016996443,521.2827989999205,521.2827989999205,521.2827989999205,521.2827989999205,522.3183038998395,j,1.0276856999844313,None,left,1,15,1,6,79,26,['j'],207.21175280027092,207.21208690013736,522.3187600998208,522.3330900995061,522.3330900995061,524.3338775997981,524.3338775997981,524.3175003994256,209.21090339962393,209.21094109956175,524.3283340996131,524.3338775997981,524.3338775997981,525.3172819996253,stimuli/box_coin_transparent.png,210.21066279988736,210.21069919969887,525.3173728995025,525.3334625000134,528.8334511993453,528.8166013993323,213.7099709995091,525.3334625000134,525.3334625000134,,,,,[0.33327910024672747],[0.1794777000322938],,,,,,,,,,999999,right,no,None,2025-05-21_17h47.03.030,RL_out-of-scanner,2024.2.4,59.38750116072683,2025-05-21 17h47.19.278398 -0500,
43,0,43,space,4.319508599117398,None,5,1.0790919996798038,None,213.7114798994735,j,0.5073146000504494,None,None,214.24479310028255,214.24520489946008,215.24409830011427,215.244144000113,216.24414750002325,216.24417939968407,218.24348980002105,,,,,,,1,0,1,0,43,0,43,0,528.8334511993453,,,,,,,,,,,,,,,,,,,,,,,,,,,,,,213.7114798994735,528.8181534996256,528.8334511993453,528.8334511993453,528.8334511993453,528.8334511993453,529.3513625999913,j,0.5073146000504494,None,left,0,15,1,6,80,26,None,214.24479310028255,214.24520489946008,529.3518836991861,529.3667882997543,529.3667882997543,530.3672513999045,530.3672513999045,530.3507039994001,215.24409830011427,215.244144000113,530.3603910999373,530.3672513999045,530.3672513999045,531.3507733000442,stimuli/box_empty_transparent.png,216.24414750002325,216.24417939968407,531.3508500000462,531.3662628000602,533.3666730998084,533.3501201998442,218.24348980002105,531.3662628000602,531.3662628000602,,,,,,,,,,,,,,,,999999,right,no,None,2025-05-21_17h47.03.030,RL_out-of-scanner,2024.2.4,59.38750116072683,2025-05-21 17h47.19.278398 -0500,
44,0,44,space,4.319508599117398,None,5,1.0790919996798038,None,218.24499250017107,j,0.47033470030874014,None,None,218.7476637000218,218.7480042995885,221.2439676001668,221.24401559960097,222.24273370020092,222.2427671002224,224.24339419975877,,,,,,,1,0,1,0,44,0,44,0,533.3666730998084,,,,,,,,,,,,,,,,,,,,,,,,,,,,,,218.24499250017107,533.3516667997465,533.3666730998084,533.3666730998084,533.3666730998084,533.3666730998084,533.8542497996241,j,0.47033470030874014,None,left,0,15,1,6,81,26,None,218.7476637000218,218.7480042995885,533.8546760994941,533.8669582996517,533.8669582996517,536.3661537999287,536.3661537999287,536.350568599999,221.2439676001668,221.24401559960097,536.3592077996582,536.3661537999287,536.3661537999287,537.3493583993986,stimuli/box_empty_transparent.png,222.24273370020092,222.2427671002224,537.3494403995574,537.3651099000126,539.3659608000889,539.3500260999426,224.24339419975877,537.3651099000126,537.3651099000126,,,,,,,,,,,,,,,,999999,right,no,None,2025-05-21_17h47.03.030,RL_out-of-scanner,2024.2.4,59.38750116072683,2025-05-21 17h47.19.278398 -0500,
45,0,45,space,4.319508599117398,None,5,1.0790919996798038,None,224.24501929990947,k,0.4633417995646596,None,None,224.7282966999337,224.72862339951098,225.7438982995227,225.74394519999623,226.7444172995165,226.74445510003716,227.7434665998444,,,,,,,1,0,1,0,45,0,45,0,539.3659608000889,,,,,,,,,,,,,,,,,,,,,,,,,,,,,,224.24501929990947,539.3516929997131,539.3659608000889,539.3659608000889,539.3659608000889,539.3659608000889,539.8348646992818,k,0.4633417995646596,None,left,0,15,1,6,81,26,None,224.7282966999337,224.72862339951098,539.8353007994592,539.8505270993337,539.8505270993337,540.8660359997302,540.8660359997302,540.8505023997277,225.7438982995227,225.74394519999623,540.859200200066,540.8660359997302,540.8660359997302,541.8510408997536,stimuli/box_empty_transparent.png,226.7444172995165,226.74445510003716,541.8511314000934,541.8654092997313,542.8657649001107,542.850097399205,227.7434665998444,541.8654092997313,541.8654092997313,,,,,,,,,,,,,,,,999999,right,no,None,2025-05-21_17h47.03.030,RL_out-of-scanner,2024.2.4,59.38750116072683,2025-05-21 17h47.19.278398 -0500,
46,0,46,space,4.319508599117398,None,5,1.0790919996798038,None,227.74495409987867,j,0.4396385997533798,None,None,228.21001369971782,228.21037469990551,230.21081039961427,230.21085030026734,231.21006780024618,231.21010440029204,232.2100537000224,,,,,,,1,0,1,0,46,0,46,0,542.8657649001107,,,,,,,,,,,,,,,,,,,,,,,,,,,,,,227.74495409987867,542.8516280995682,542.8657649001107,542.8657649001107,542.8657649001107,542.8657649001107,543.316584199667,j,0.4396385997533798,None,left,1,15,2,6,82,27,None,228.21001369971782,228.21037469990551,543.3170535992831,543.332108899951,543.332108899951,545.3326931996271,545.3326931996271,545.3174072997645,230.21081039961427,230.21085030026734,545.3274582000449,545.3326931996271,545.3326931996271,546.3166900994256,stimuli/box_coin_transparent.png,231.21006780024618,231.21010440029204,546.3167816000059,546.332196499221,547.3324521994218,547.3166829999536,232.2100537000224,546.332196499221,546.332196499221,,,,,,,,,,,,,,,,999999,right,no,None,2025-05-21_17h47.03.030,RL_out-of-scanner,2024.2.4,59.38750116072683,2025-05-21 17h47.19.278398 -0500,
47,0,47,space,4.319508599117398,None,5,1.0790919996798038,None,232.2114982996136,j,0.3902533994987607,None,None,232.62773909978569,232.62806580029428,235.62700519990176,235.6270442996174,236.62682050000876,236.62685259990394,238.12659030035138,,,,,,,1,0,1,0,47,0,47,0,547.3324521994218,,,,,,,,,,,,,,,,,,,,,,,,,,,,,,232.2114982996136,547.3181724995375,547.3324521994218,547.3324521994218,547.3324521994218,547.3324521994218,547.7343214992434,j,0.3902533994987607,None,left,1,15,3,6,83,28,None,232.62773909978569,232.62806580029428,547.7347384998575,547.7497894000262,547.7497894000262,550.7494017994031,550.7494017994031,550.7336144996807,235.62700519990176,235.6270442996174,550.7444326998666,550.7494017994031,550.7494017994031,551.7334468998015,stimuli/box_coin_transparent.png,236.62682050000876,236.62685259990394,551.733521499671,551.7492721993476,553.249437299557,553.2332205995917,238.12659030035138,551.7492721993476,551.7492721993476,,,,,,,,,,,,,,,,999999,right,no,None,2025-05-21_17h47.03.030,RL_out-of-scanner,2024.2.4,59.38750116072683,2025-05-21 17h47.19.278398 -0500,
48,0,48,space,4.319508599117398,None,5,1.0790919996798038,None,238.12807650025934,j,0.326044000685215,None,None,238.47748900018632,238.47781930025667,239.97647679969668,239.97651990037411,240.97550299949944,240.9755336996168,244.47582169994712,,,,,,,1,0,1,0,48,0,48,0,553.249437299557,,,,,,,,,,,,,,,,,,,,,,,,,,,,,,238.12807650025934,553.2347505996004,553.249437299557,553.249437299557,553.249437299557,553.249437299557,553.5840735994279,j,0.326044000685215,None,left,1,15,4,6,84,29,None,238.47748900018632,238.47781930025667,553.5844917995855,553.599567799829,553.599567799829,555.0993131995201,555.0993131995201,555.0830816999078,239.97647679969668,239.97651990037411,555.0934811998159,555.0993131995201,555.0993131995201,556.0821314994246,stimuli/box_coin_transparent.png,240.97550299949944,240.9755336996168,556.0822021998465,556.0977738993242,559.5989226000383,559.5824529994279,244.47582169994712,556.0977738993242,556.0977738993242,,,,,,,,,,,,,,,,999999,right,no,None,2025-05-21_17h47.03.030,RL_out-of-scanner,2024.2.4,59.38750116072683,2025-05-21 17h47.19.278398 -0500,
49,0,49,space,4.319508599117398,None,5,1.0790919996798038,None,244.47742839995772,j,0.5940380999818444,None,None,245.09278399962932,245.09314389992505,246.59200780000538,246.5920522995293,247.59236119966954,247.59239770006388,247.592810199596,,,,,,,1,0,1,0,49,0,49,0,559.5989226000383,,,,,,,,,,,,,,,,,,,,,,,,,,,,,,244.47742839995772,559.584101899527,559.5989226000383,559.5989226000383,559.5989226000383,559.5989226000383,560.1993418000638,j,0.5940380999818444,None,left,1,15,5,6,85,30,None,245.09278399962932,245.09314389992505,560.1998226996511,560.2151870997623,560.2151870997623,561.7154621994123,561.7154621994123,561.6986124999821,246.59200780000538,246.5920522995293,561.709231599234,561.7154621994123,561.7154621994123,562.698985199444,stimuli/box_coin_transparent.png,247.59236119966954,247.59239770006388,562.699074300006,562.7263571992517,562.7263571992517,562.6994440993294,247.592810199596,562.7263571992517,562.7263571992517,,,,,,,,,,,,,,,,999999,right,no,None,2025-05-21_17h47.03.030,RL_out-of-scanner,2024.2.4,59.38750116072683,2025-05-21 17h47.19.278398 -0500,
1,0,1,space,4.319508599117398,None,5,1.0790919996798038,None,,,,,,,,,,,,,,,,,,,1,0,1,0,,,,,,,,,,,,,,,,,,,,,,,,,,,,,,,,,,,,,,,,,,,,,,,,,,,,,,,,,,,,,,,,,,,,,,,,,,,,,,,,,,,562.7215845994651,562.7263571992517,566.7151275994256,566.715183599852,566.7312876991928,618.5634864000604,618.5476013999432,,,999999,right,no,None,2025-05-21_17h47.03.030,RL_out-of-scanner,2024.2.4,59.38750116072683,2025-05-21 17h47.19.278398 -0500,
0,0,0,space,6.814521700143814,None,5,1.0839718002825975,None,0.002063400112092495,k,1.0064615001901984,None,None,1.0351946000009775,1.0355177000164986,2.0341811003163457,2.0342258997261524,3.034070700407028,3.034108499996364,5.034393100067973,,,,,,,2,0,2,0,0,0,0,0,626.5129321999848,,,,,,,,,,,,,,,,618.5477788997814,618.5634864000604,618.5634864000604,625.3808274995536,space,6.814521700143814,None,625.3809189992025,625.3966151000932,625.3966151000932,626.4966400992125,5,1.0839718002825975,None,0.002063400112092495,626.4987875996158,626.5129321999848,626.5129321999848,626.5129321999848,626.5129321999848,627.5318073993549,k,1.0064615001901984,None,right,1,9,1,7,86,1,None,1.0351946000009775,1.0355177000164986,627.5322388997301,627.5477871000767,627.5477871000767,628.5468202000484,628.5468202000484,628.5308278994635,2.0341811003163457,2.0342258997261524,628.5407903995365,628.5468202000484,628.5468202000484,629.5307376999408,stimuli/box_coin_transparent.png,3.034070700407028,3.034108499996364,629.5308254994452,629.5465132994577,631.54844689928,631.5310661997646,5.034393100067973,629.5465132994577,629.5465132994577,,,,,,,,,,,,,,,,999999,right,no,None,2025-05-21_17h47.03.030,RL_out-of-scanner,2024.2.4,59.38750116072683,2025-05-21 17h47.19.278398 -0500,
1,0,1,space,6.814521700143814,None,5,1.0839718002825975,None,5.035892500542104,k,0.2549066999927163,None,None,5.318056800402701,5.318378900177777,6.817096100188792,6.817139700055122,7.817258999682963,7.817291700281203,9.332657500170171,,,,,,,2,0,2,0,1,0,1,0,631.54844689928,,,,,,,,,,,,,,,,,,,,,,,,,,,,,,5.035892500542104,631.5326099991798,631.54844689928,631.54844689928,631.54844689928,631.54844689928,631.8146873991936,k,0.2549066999927163,None,right,1,9,2,7,87,2,None,5.318056800402701,5.318378900177777,631.8150956993923,631.8306783996522,631.8306783996522,633.329716200009,633.329716200009,633.3137419996783,6.817096100188792,6.817139700055122,633.3235076991841,633.329716200009,633.329716200009,634.3139287000522,stimuli/box_coin_transparent.png,7.817258999682963,7.817291700281203,634.3140064999461,634.3300618994981,635.8460342995822,635.8293285993859,9.332657500170171,634.3300618994981,634.3300618994981,,,,,,,,,,,,,,,,999999,right,no,None,2025-05-21_17h47.03.030,RL_out-of-scanner,2024.2.4,59.38750116072683,2025-05-21 17h47.19.278398 -0500,
2,0,2,space,6.814521700143814,None,5,1.0839718002825975,None,9.334356799721718,k,0.3592173997312784,None,None,9.717994400300086,9.718272800557315,10.717697899788618,10.717737999744713,11.716398700140417,11.716438700444996,14.71732909977436,,,,,,,2,0,2,0,2,0,2,0,635.8460342995822,,,,,,,,,,,,,,,,,,,,,,,,,,,,,,9.334356799721718,635.8310756999999,635.8460342995822,635.8460342995822,635.8460342995822,635.8460342995822,636.2146248994395,k,0.3592173997312784,None,right,0,9,2,7,88,2,None,9.717994400300086,9.718272800557315,636.2149893995374,636.2298999000341,636.2298999000341,637.2300567999482,637.2300567999482,637.2143514994532,10.717697899788618,10.717737999744713,637.2225168999285,637.2300567999482,637.2300567999482,638.2130624996498,stimuli/box_empty_transparent.png,11.716398700140417,11.716438700444996,638.2131661996245,638.2287421999499,641.2296759998426,641.2139997994527,14.71732909977436,638.2287421999499,638.2287421999499,,,,,,,,,,,,,,,,999999,right,no,None,2025-05-21_17h47.03.030,RL_out-of-scanner,2024.2.4,59.38750116072683,2025-05-21 17h47.19.278398 -0500,
3,0,3,space,6.814521700143814,None,5,1.0839718002825975,None,14.718833399936557,k,0.24836259987205267,None,None,14.98466630000621,14.984934099949896,16.983817100524902,16.98385789990425,17.9828134002164,17.982855300419033,18.983627500012517,,,,,,,2,0,2,0,3,0,3,0,641.2296759998426,,,,,,,,,,,,,,,,,,,,,,,,,,,,,,14.718833399936557,641.2155508995056,641.2296759998426,641.2296759998426,641.2296759998426,641.2296759998426,641.4812819994986,k,0.24836259987205267,None,right,1,9,3,7,89,3,None,14.98466630000621,14.984934099949896,641.4816644992679,641.4966819994152,641.4966819994152,643.4965069992468,643.4965069992468,643.4804699998349,16.983817100524902,16.98385789990425,643.491556099616,643.4965069992468,643.4965069992468,644.4794750995934,stimuli/box_coin_transparent.png,17.9828134002164,17.982855300419033,644.4795828992501,644.4952764995396,645.4969761995599,645.4803013997152,18.983627500012517,644.4952764995396,644.4952764995396,,,,,,,,,,,,,,,,999999,right,no,None,2025-05-21_17h47.03.030,RL_out-of-scanner,2024.2.4,59.38750116072683,2025-05-21 17h47.19.278398 -0500,
4,0,4,space,6.814521700143814,None,5,1.0839718002825975,None,18.98512990027666,k,0.35812459979206324,None,None,19.36797169968486,19.3683061003685,20.3673266004771,20.367365600541234,21.36710170004517,21.367133299820125,23.882082200609148,,,,,,,2,0,2,0,4,0,4,0,645.4969761995599,,,,,,,,,,,,,,,,,,,,,,,,,,,,,,18.98512990027666,645.4818470999599,645.4969761995599,645.4969761995599,645.4969761995599,645.4969761995599,645.8645866001025,k,0.35812459979206324,None,right,1,9,4,7,90,4,None,19.36797169968486,19.3683061003685,645.8650287995115,645.8804409997538,645.8804409997538,646.8795726997778,646.8795726997778,646.8639813000336,20.3673266004771,20.367365600541234,646.874108299613,646.8795726997778,646.8795726997778,647.8637728998438,stimuli/box_coin_transparent.png,21.36710170004517,21.367133299820125,647.863846199587,647.8794187000021,650.395446700044,650.3787551000714,23.882082200609148,647.8794187000021,647.8794187000021,,,,,,,,,,,,,,,,999999,right,no,None,2025-05-21_17h47.03.030,RL_out-of-scanner,2024.2.4,59.38750116072683,2025-05-21 17h47.19.278398 -0500,
5,0,5,space,6.814521700143814,None,5,1.0839718002825975,None,23.88377630058676,k,0.2608932005241513,None,None,24.166599499993026,24.16684600058943,27.667002900503576,27.667047600261867,28.684121999889612,28.68415420036763,30.69930520001799,,,,,,,2,0,2,0,5,0,5,0,650.395446700044,,,,,,,,,,,,,,,,,,,,,,,,,,,,,,23.88377630058676,650.3804945992306,650.395446700044,650.395446700044,650.395446700044,650.395446700044,650.6632284997031,k,0.2608932005241513,None,right,1,9,5,7,91,5,None,24.166599499993026,24.16684600058943,650.6635615993291,650.6788359992206,650.6788359992206,654.1832105992362,654.1832105992362,654.1636521993205,27.667002900503576,27.667047600261867,654.1750262994319,654.1832105992362,654.1832105992362,655.1807907996699,stimuli/box_coin_transparent.png,28.684121999889612,28.68415420036763,655.1808698000386,655.1962807998061,657.212057299912,657.195978699252,30.69930520001799,,,,,,,,,,,,,,,,,,999999,right,no,None,2025-05-21_17h47.03.030,RL_out-of-scanner,2024.2.4,59.38750116072683,2025-05-21 17h47.19.278398 -0500,
6,0,6,space,6.814521700143814,None,5,1.0839718002825975,None,30.70087580010295,k,0.2867799000814557,None,None,31.01761080045253,31.017878100275993,32.01713609974831,32.017179899849,33.01696609985083,33.017004100605845,34.01647930033505,,,,,,,2,0,2,0,6,0,6,0,657.212057299912,,,,,,,,,,,,,,,,,,,,,,,,,,,,,,30.70087580010295,657.1976032992825,657.212057299912,657.212057299912,657.212057299912,657.212057299912,657.5142386993393,k,0.2867799000814557,None,right,0,9,5,7,92,5,None,31.01761080045253,31.017878100275993,657.5145942997187,657.5298659000546,657.5298659000546,658.529187599197,658.529187599197,658.5137801999226,32.01713609974831,32.017179899849,658.5222803996876,658.529187599197,658.529187599197,659.5136315999553,stimuli/box_empty_transparent.png,33.01696609985083,33.017004100605845,659.5137251000851,659.5297886999324,660.5292120995,660.5131486998871,34.01647930033505,659.5297886999324,659.5297886999324,,,,,,,,,,,,,,,,999999,right,no,None,2025-05-21_17h47.03.030,RL_out-of-scanner,2024.2.4,59.38750116072683,2025-05-21 17h47.19.278398 -0500,
7,0,7,space,6.814521700143814,None,5,1.0839718002825975,None,34.01833069976419,k,0.3443715004250407,None,None,34.38419259991497,34.38450700044632,36.38292180001736,36.382959799841046,37.383115500211716,37.38316410034895,39.38266760017723,,,,,,,2,0,2,0,7,0,7,0,660.5292120995,,,,,,,,,,,,,,,,,,,,,,,,,,,,,,34.01833069976419,660.5150561993942,660.5292120995,660.5292120995,660.5292120995,660.5292120995,660.8807926001027,k,0.3443715004250407,None,right,0,9,5,7,93,5,None,34.38419259991497,34.38450700044632,660.8812285996974,660.8956649992615,660.8956649992615,662.8964184001088,662.8964184001088,662.8795734997839,36.38292180001736,36.382959799841046,662.8877526000142,662.8964184001088,662.8964184001088,663.8797768997028,stimuli/box_empty_transparent.png,37.383115500211716,37.38316410034895,663.8799012992531,663.8954916996881,665.8955972995609,665.87934149988,39.38266760017723,,,,,,,,,,,,,,,,,,999999,right,no,None,2025-05-21_17h47.03.030,RL_out-of-scanner,2024.2.4,59.38750116072683,2025-05-21 17h47.19.278398 -0500,
8,0,8,space,6.814521700143814,None,5,1.0839718002825975,None,39.384112500585616,k,0.3122001001611352,None,None,39.716910200193524,39.717179000377655,42.71689420007169,42.71693630050868,43.71642250008881,43.71645599976182,45.21545150037855,,,,,,,2,0,2,0,8,0,8,0,665.8955972995609,,,,,,,,,,,,,,,,,,,,,,,,,,,,,,39.384112500585616,665.880829599686,665.8955972995609,665.8955972995609,665.8955972995609,665.8955972995609,666.2135411994532,k,0.3122001001611352,None,right,1,9,6,7,94,6,None,39.716910200193524,39.717179000377655,666.2138955993578,666.2290225001052,666.2290225001052,669.2289912998676,669.2289912998676,669.213542599231,42.71689420007169,42.71693630050868,669.2237354991958,669.2289912998676,669.2289912998676,670.213091599755,stimuli/box_coin_transparent.png,43.71642250008881,43.71645599976182,670.2131709996611,670.2287327991799,671.7293173000216,671.7121255993843,45.21545150037855,670.2287327991799,670.2287327991799,,,,,,,,,,,,,,,,999999,right,no,None,2025-05-21_17h47.03.030,RL_out-of-scanner,2024.2.4,59.38750116072683,2025-05-21 17h47.19.278398 -0500,
9,0,9,space,6.814521700143814,None,5,1.0839718002825975,None,45.216904000379145,k,0.336497500538826,None,None,45.58420730009675,45.58447359967977,47.08223460055888,47.08228380046785,48.08288600016385,48.08292330056429,50.08271780051291,,,,,,,2,0,2,0,9,0,9,0,671.7293173000216,,,,,,,,,,,,,,,,,,,,,,,,,,,,,,45.216904000379145,671.7136207995936,671.7293173000216,671.7293173000216,671.7293173000216,671.7293173000216,672.0808381997049,k,0.336497500538826,None,right,1,9,7,7,95,7,None,45.58420730009675,45.58447359967977,672.0811890996993,672.0954746995121,672.0954746995121,673.5955511992797,673.5955511992797,673.5788757996634,47.08223460055888,47.08228380046785,673.5896114995703,673.5955511992797,673.5955511992797,674.579552299343,stimuli/box_coin_transparent.png,48.08288600016385,48.08292330056429,674.5796427000314,674.595126199536,676.595756999217,676.5793916992843,50.08271780051291,,,,,,,,,,,,,,,,,,999999,right,no,None,2025-05-21_17h47.03.030,RL_out-of-scanner,2024.2.4,59.38750116072683,2025-05-21 17h47.19.278398 -0500,
10,0,10,space,6.814521700143814,None,5,1.0839718002825975,None,50.08421749994159,k,0.446030399762094,None,None,50.55091270059347,50.55121640022844,52.04989179968834,52.049930199980736,53.04854170046747,53.0485744997859,54.049443900585175,,,,,,,2,0,2,0,10,0,10,0,676.595756999217,,,,,,,,,,,,,,,,,,,,,,,,,,,,,,50.08421749994159,676.5809357995167,676.595756999217,676.595756999217,676.595756999217,676.595756999217,677.0475258994848,k,0.446030399762094,None,right,1,9,8,7,96,8,None,50.55091270059347,50.55121640022844,677.0479368995875,677.0617161998525,677.0617161998525,678.5619071992114,678.5619071992114,678.5465436000377,52.04989179968834,52.049930199980736,678.5564930997789,678.5619071992114,678.5619071992114,679.5452098995447,stimuli/box_coin_transparent.png,53.04854170046747,53.0485744997859,679.5452871993184,679.5608212994412,680.5621791994199,680.5461181998253,54.049443900585175,679.5608212994412,679.5608212994412,,,,,,,,,,,,,,,,999999,right,no,None,2025-05-21_17h47.03.030,RL_out-of-scanner,2024.2.4,59.38750116072683,2025-05-21 17h47.19.278398 -0500,
11,0,11,space,6.814521700143814,None,5,1.0839718002825975,None,54.05095150042325,k,0.5130685996264219,None,None,54.58342120051384,54.583688099868596,56.58247890044004,56.582518300041556,57.582655400037766,57.58268960006535,59.08108319994062,,,,,,,2,0,2,0,11,0,11,0,680.5621791994199,,,,,,,,,,,,,,,,,,,,,,,,,,,,,,54.05095150042325,680.5476687001064,680.5621791994199,680.5621791994199,680.5621791994199,680.5621791994199,681.0800444995984,k,0.5130685996264219,None,right,1,9,9,7,97,9,None,54.58342120051384,54.583688099868596,681.0804030997679,681.095725399442,681.095725399442,683.0950207998976,683.0950207998976,683.0791307995096,56.58247890044004,56.582518300041556,683.089110000059,683.0950207998976,683.0950207998976,684.0793240992352,stimuli/box_coin_transparent.png,57.582655400037766,57.58268960006535,684.079406099394,684.0947078000754,685.5945478994399,685.5777511997148,59.08108319994062,,,,,,,,,,,,,,,,,,999999,right,no,None,2025-05-21_17h47.03.030,RL_out-of-scanner,2024.2.4,59.38750116072683,2025-05-21 17h47.19.278398 -0500,
12,0,12,space,6.814521700143814,None,5,1.0839718002825975,None,59.08327919989824,k,0.7348178997635841,None,None,59.85034860018641,59.850619699805975,60.84973630029708,60.84977610036731,61.84939539991319,61.84943170007318,64.84760939981788,,,,,,,2,0,2,0,12,0,12,0,685.5945478994399,,,,,,,,,,,,,,,,,,,,,,,,,,,,,,59.08327919989824,685.5800095992163,685.5945478994399,685.5945478994399,685.5945478994399,685.5945478994399,686.3469759998843,k,0.7348178997635841,None,left,1,14,0,8,97,9,None,59.85034860018641,59.850619699805975,686.3473351998255,686.362135999836,686.362135999836,687.3616220997646,687.3616220997646,687.3463899996132,60.84973630029708,60.84977610036731,687.3547902991995,687.3616220997646,687.3616220997646,688.3460625000298,stimuli/box_empty_transparent.png,61.84939539991319,61.84943170007318,688.3461509998888,688.3609197996557,691.3610145999119,691.3442820999771,64.84760939981788,688.3609197996557,688.3609197996557,,,,,,,,,,,,,,,,999999,right,no,None,2025-05-21_17h47.03.030,RL_out-of-scanner,2024.2.4,59.38750116072683,2025-05-21 17h47.19.278398 -0500,
13,0,13,space,6.814521700143814,None,5,1.0839718002825975,None,64.84933920018375,j,0.3358720000833273,None,None,65.21549329999834,65.21583590004593,65.71538779977709,65.7154342001304,66.71568750031292,66.71573130041361,68.71518759988248,,,,,,,2,0,2,0,13,0,13,0,691.3610145999119,,,,,,,,,,,,,,,,,,,,,,,,,,,,,,64.84933920018375,691.3460639994591,691.3610145999119,691.3610145999119,691.3610145999119,691.3610145999119,691.7121075000614,j,0.3358720000833273,None,left,1,14,1,8,98,10,None,65.21549329999834,65.21583590004593,691.7125581996515,691.72757529933,691.72757529933,692.2285522995517,692.2285522995517,692.2120358999819,65.71538779977709,65.7154342001304,692.2229394996539,692.2285522995517,692.2285522995517,693.2123398995027,stimuli/box_coin_transparent.png,66.71568750031292,66.71573130041361,693.2124526994303,693.2279942994937,695.228844399564,695.2118605999276,68.71518759988248,,,,,,,,,,,,,,,,,,999999,right,no,None,2025-05-21_17h47.03.030,RL_out-of-scanner,2024.2.4,59.38750116072683,2025-05-21 17h47.19.278398 -0500,
14,0,14,space,6.814521700143814,None,5,1.0839718002825975,None,68.71665289998055,j,0.3804788002744317,None,None,69.11633490025997,69.11673799995333,70.61466469988227,70.61470909975469,71.6150567997247,71.61509370058775,72.61485570017248,,,,,,,2,0,2,0,14,0,14,0,695.228844399564,,,,,,,,,,,,,,,,,,,,,,,,,,,,,,68.71665289998055,695.2133706994355,695.228844399564,695.228844399564,695.228844399564,695.228844399564,695.6129487995058,j,0.3804788002744317,None,left,0,14,1,8,99,10,None,69.11633490025997,69.11673799995333,695.6134599000216,695.6283443998545,695.6283443998545,697.128106999211,697.128106999211,697.1113083995879,70.61466469988227,70.61470909975469,697.1208628993481,697.128106999211,697.128106999211,698.111724499613,stimuli/box_empty_transparent.png,71.6150567997247,71.61509370058775,698.1118139997125,698.1272422000766,699.1281777992845,699.1115254992619,72.61485570017248,698.1272422000766,698.1272422000766,,,,,,,,,,,,,,,,999999,right,no,None,2025-05-21_17h47.03.030,RL_out-of-scanner,2024.2.4,59.38750116072683,2025-05-21 17h47.19.278398 -0500,
15,0,15,space,6.814521700143814,None,5,1.0839718002825975,None,72.6164186000824,j,0.7069430993869901,None,None,73.34965510014445,73.34998519998044,74.34965420048684,74.34969840012491,75.3487494001165,75.34878650028259,77.34760090056807,,,,,,,2,0,2,0,15,0,15,0,699.1281777992845,,,,,,,,,,,,,,,,,,,,,,,,,,,,,,72.6164186000824,699.1131356991827,699.1281777992845,699.1281777992845,699.1281777992845,699.1281777992845,699.846284199506,j,0.7069430993869901,None,left,1,14,2,8,100,11,None,73.34965510014445,73.34998519998044,699.8467015996575,699.86163929943,699.86163929943,700.8616030998528,700.8616030998528,700.8462924994528,74.34965420048684,74.34969840012491,700.8562961993739,700.8616030998528,700.8616030998528,701.8454152997583,stimuli/box_coin_transparent.png,75.3487494001165,75.34878650028259,701.8455046992749,701.8610541997477,703.8608234999701,703.844270799309,77.34760090056807,701.8610541997477,701.8610541997477,,,,,,,,,,,,,,,,999999,right,no,None,2025-05-21_17h47.03.030,RL_out-of-scanner,2024.2.4,59.38750116072683,2025-05-21 17h47.19.278398 -0500,
16,0,16,space,6.814521700143814,None,5,1.0839718002825975,None,77.3495554998517,j,0.4317325996235013,None,None,77.7997257001698,77.80012509971857,79.80199810024351,79.8020369997248,80.8163715004921,80.81641450058669,81.83317730017006,,,,,,,2,0,2,0,16,0,16,0,703.8608234999701,,,,,,,,,,,,,,,,,,,,,,,,,,,,,,77.3495554998517,703.8462811000645,703.8608234999701,703.8608234999701,703.8608234999701,703.8608234999701,704.2963393991813,j,0.4317325996235013,None,left,1,14,3,8,101,12,None,77.7997257001698,77.80012509971857,704.2968475995585,704.3112093992531,704.3112093992531,706.3139859000221,706.3139859000221,706.29864980001,79.80199810024351,79.8020369997248,706.3086299998686,706.3139859000221,706.3139859000221,707.3130302000791,stimuli/box_coin_transparent.png,80.8163715004921,80.81641450058669,707.3131458992139,707.3306589992717,708.3446355992928,708.329848899506,81.83317730017006,,,,,,,,,,,,,,,,,,999999,right,no,None,2025-05-21_17h47.03.030,RL_out-of-scanner,2024.2.4,59.38750116072683,2025-05-21 17h47.19.278398 -0500,
17,0,17,space,6.814521700143814,None,5,1.0839718002825975,None,81.83497390057892,j,0.4242885001003742,None,None,82.2821404999122,82.282511100173,83.28130619972944,83.28135250043124,84.28152929991484,84.28156160004437,85.28132690023631,,,,,,,2,0,2,0,17,0,17,0,708.3446355992928,,,,,,,,,,,,,,,,,,,,,,,,,,,,,,81.83497390057892,708.3316974993795,708.3446355992928,708.3446355992928,708.3446355992928,708.3446355992928,708.7787719992921,j,0.4242885001003742,None,left,1,14,4,8,102,13,None,82.2821404999122,82.282511100173,708.7792357997969,708.7937590992078,708.7937590992078,709.7951026000082,709.7951026000082,709.7779527995735,83.28130619972944,83.28135250043124,709.7894852999598,709.7951026000082,709.7951026000082,710.7781996000558,stimuli/box_coin_transparent.png,84.28152929991484,84.28156160004437,710.7782758995891,710.7942004995421,711.7950411997736,711.778000199236,85.28132690023631,710.7942004995421,710.7942004995421,,,,,,,,,,,,,,,,999999,right,no,None,2025-05-21_17h47.03.030,RL_out-of-scanner,2024.2.4,59.38750116072683,2025-05-21 17h47.19.278398 -0500,
18,0,18,space,6.814521700143814,None,5,1.0839718002825975,None,85.28280240017921,j,0.7430202998220921,None,None,86.04914680030197,86.04950540047139,89.54862620029598,89.5486655998975,90.54818340018392,90.54821570031345,92.54834160022438,,,,,,,2,0,2,0,18,0,18,0,711.7950411997736,,,,,,,,,,,,,,,,,,,,,,,,,,,,,,85.28280240017921,711.7795198997483,711.7950411997736,711.7950411997736,711.7950411997736,711.7950411997736,712.5457776999101,j,0.7430202998220921,None,left,0,14,4,8,103,13,None,86.04914680030197,86.04950540047139,712.5462389998138,712.5617124000564,712.5617124000564,716.06091869995,716.06091869995,716.0452795997262,89.54862620029598,89.5486655998975,716.0536488993093,716.06091869995,716.06091869995,717.0448530996218,stimuli/box_empty_transparent.png,90.54818340018392,90.54821570031345,717.0449294997379,717.0605863993987,719.0612640995532,719.0450160000473,92.54834160022438,717.0605863993987,717.0605863993987,,,,,,,,,,,,,,,,999999,right,no,None,2025-05-21_17h47.03.030,RL_out-of-scanner,2024.2.4,59.38750116072683,2025-05-21 17h47.19.278398 -0500,
19,0,19,space,6.814521700143814,None,5,1.0839718002825975,None,92.54980169981718,j,0.3844493003562093,None,None,92.96568279992789,92.96605219971389,93.96518370043486,93.96522230003029,94.96392329968512,94.9639536999166,96.46478509996086,,,,,,,2,0,2,0,19,0,19,0,719.0612640995532,,,,,,,,,,,,,,,,,,,,,,,,,,,,,,92.54980169981718,719.0465192999691,719.0612640995532,719.0612640995532,719.0612640995532,719.0612640995532,719.4623114001006,j,0.3844493003562093,None,left,1,14,5,8,104,14,None,92.96568279992789,92.96605219971389,719.4627693993971,719.477365099825,719.477365099825,720.4773811995983,720.4773811995983,720.4618374994025,93.96518370043486,93.96522230003029,720.4716843999922,720.4773811995983,720.4773811995983,721.4605935998261,stimuli/box_coin_transparent.png,94.96392329968512,94.9639536999166,721.4606667999178,721.4763126000762,722.9772902997211,722.9614589996636,96.46478509996086,721.4763126000762,721.4763126000762,,,,,,,,,,,,,,,,999999,right,no,None,2025-05-21_17h47.03.030,RL_out-of-scanner,2024.2.4,59.38750116072683,2025-05-21 17h47.19.278398 -0500,
20,0,20,space,6.814521700143814,None,5,1.0839718002825975,None,96.46627300046384,j,0.6140228994190693,None,None,97.09846180025488,97.09878920018673,99.09861310012639,99.09865310043097,100.0969972005114,100.09703410044312,102.0977026000619,,,,,,,2,0,2,0,20,0,20,0,722.9772902997211,,,,,,,,,,,,,,,,,,,,,,,,,,,,,,96.46627300046384,722.9629915999249,722.9772902997211,722.9772902997211,722.9772902997211,722.9772902997211,723.595089899376,j,0.6140228994190693,None,left,1,14,6,8,105,15,None,97.09846180025488,97.09878920018673,723.595505299978,723.6105239996687,723.6105239996687,725.6105414992198,725.6105414992198,725.5952663999051,99.09861310012639,99.09865310043097,725.6051874998957,725.6105414992198,725.6105414992198,726.5936646992341,stimuli/box_coin_transparent.png,100.0969972005114,100.09703410044312,726.5937543995678,726.6094085993245,728.6108959997073,728.594373899512,102.0977026000619,726.6094085993245,726.6094085993245,,,,,,,,,,,,,,,,999999,right,no,None,2025-05-21_17h47.03.030,RL_out-of-scanner,2024.2.4,59.38750116072683,2025-05-21 17h47.19.278398 -0500,
21,0,21,space,6.814521700143814,None,5,1.0839718002825975,None,102.09944200050086,j,0.3229141002520919,None,None,102.44881980028003,102.44917219970375,105.44824810046703,105.44829220045358,106.44703800044954,106.44707369990647,107.94742679968476,,,,,,,2,0,2,0,21,0,21,0,728.6108959997073,,,,,,,,,,,,,,,,,,,,,,,,,,,,,,102.09944200050086,728.5961649995297,728.6108959997073,728.6108959997073,728.6108959997073,728.6108959997073,728.9454482998699,j,0.3229141002520919,None,left,1,14,7,8,106,16,None,102.44881980028003,102.44917219970375,728.9458897998556,728.9611138999462,728.9611138999462,731.9601312000304,731.9601312000304,731.9448948996142,105.44824810046703,105.44829220045358,731.9551951000467,731.9601312000304,731.9601312000304,732.9437057999894,stimuli/box_coin_transparent.png,106.44703800044954,106.44707369990647,732.9437937000766,732.959232499823,734.4603699995205,734.4440979994833,107.94742679968476,732.959232499823,732.959232499823,,,,,,,,,,,,,,,,999999,right,no,None,2025-05-21_17h47.03.030,RL_out-of-scanner,2024.2.4,59.38750116072683,2025-05-21 17h47.19.278398 -0500,
22,0,22,space,6.814521700143814,None,5,1.0839718002825975,None,107.94897809997201,j,1.4208375997841358,None,None,109.39819480013102,109.39856670051813,110.89909339975566,110.89913250040263,111.89680720027536,111.89683909993619,113.89790329989046,,,,,,,2,0,2,0,22,0,22,0,734.4603699995205,,,,,,,,,,,,,,,,,,,,,,,,,,,,,,107.94897809997201,734.4456954998896,734.4603699995205,734.4603699995205,734.4603699995205,734.4603699995205,735.8948225993663,j,1.4208375997841358,None,left,0,14,7,8,107,16,None,109.39819480013102,109.39856670051813,735.8952999999747,735.9105302998796,735.9105302998796,737.4102091994137,737.4102091994137,737.3957459991798,110.89909339975566,110.89913250040263,737.404181599617,737.4102091994137,737.4102091994137,738.3934770999476,stimuli/box_empty_transparent.png,111.89680720027536,111.89683909993619,738.3935522995889,738.4091668995097,740.4103828994557,740.3945744000375,113.89790329989046,738.4091668995097,738.4091668995097,,,,,,,,,,,,,,,,999999,right,no,None,2025-05-21_17h47.03.030,RL_out-of-scanner,2024.2.4,59.38750116072683,2025-05-21 17h47.19.278398 -0500,
23,0,23,space,6.814521700143814,None,5,1.0839718002825975,None,113.899673900567,j,0.4843445001170039,None,None,114.4164025997743,114.41677550040185,115.91462459973991,115.91466980054975,116.93081609997898,116.93084910046309,118.44601630046964,,,,,,,2,0,2,0,23,0,23,0,740.4103828994557,,,,,,,,,,,,,,,,,,,,,,,,,,,,,,113.899673900567,740.3963979994878,740.4103828994557,740.4103828994557,740.4103828994557,740.4103828994557,740.9130315994844,j,0.4843445001170039,None,left,1,14,8,8,108,17,None,114.4164025997743,114.41677550040185,740.9135047998279,740.9267520997673,740.9267520997673,742.4283895995468,742.4283895995468,742.4112573992461,115.91462459973991,115.91466980054975,742.4231032999232,742.4283895995468,742.4283895995468,743.4274845998734,stimuli/box_coin_transparent.png,116.93081609997898,116.93084910046309,743.4275655997917,743.4436916997656,744.9594928994775,744.94268810004,118.44601630046964,,,,,,,,,,,,,,,,,,999999,right,no,None,2025-05-21_17h47.03.030,RL_out-of-scanner,2024.2.4,59.38750116072683,2025-05-21 17h47.19.278398 -0500,
24,0,24,space,6.814521700143814,None,5,1.0839718002825975,None,118.44774580001831,j,0.8496088003739715,None,None,119.31517570000142,119.31558379996568,121.31443679984659,121.3144819997251,122.3148392001167,122.31487539969385,123.81277010031044,,,,,,,2,0,2,0,24,0,24,0,744.9594928994775,,,,,,,,,,,,,,,,,,,,,,,,,,,,,,118.44774580001831,744.9444703999907,744.9594928994775,744.9594928994775,744.9594928994775,744.9594928994775,745.8117762999609,j,0.8496088003739715,None,left,1,14,9,8,109,18,None,119.31517570000142,119.31558379996568,745.8123063994572,745.8270201999694,745.8270201999694,747.8265550993383,747.8265550993383,747.8110847994685,121.31443679984659,121.3144819997251,747.821363799274,747.8265550993383,747.8265550993383,748.8115046992898,stimuli/box_coin_transparent.png,122.3148392001167,122.31487539969385,748.8115964001045,748.8265053993091,750.3264451995492,750.3094421997666,123.81277010031044,748.8265053993091,748.8265053993091,,,,,,,,,,,,,,,,999999,right,no,None,2025-05-21_17h47.03.030,RL_out-of-scanner,2024.2.4,59.38750116072683,2025-05-21 17h47.19.278398 -0500,
25,0,25,space,6.814521700143814,None,5,1.0839718002825975,None,123.81439079996198,j,0.30823579989373684,None,None,124.14720920007676,124.14763819985092,125.14747510012239,125.14751380030066,126.14762829989195,126.14766519982368,129.64619820006192,,,,,,,2,0,2,0,25,0,25,0,750.3264451995492,,,,,,,,,,,,,,,,,,,,,,,,,,,,,,123.81439079996198,750.3111085994169,750.3264451995492,750.3264451995492,750.3264451995492,750.3264451995492,750.6438162997365,j,0.30823579989373684,None,left,1,14,10,8,110,19,None,124.14720920007676,124.14763819985092,750.6443703994155,750.6592862997204,750.6592862997204,751.6598282996565,751.6598282996565,751.6441297996789,125.14747510012239,125.14751380030066,751.654004599899,751.6598282996565,751.6598282996565,752.6442948998883,stimuli/box_coin_transparent.png,126.14762829989195,126.14766519982368,752.6443838998675,752.6598683996126,756.1601069997996,756.1428696000949,129.64619820006192,752.6598683996126,752.6598683996126,,,,,,,,,,,,,,,,999999,right,no,None,2025-05-21_17h47.03.030,RL_out-of-scanner,2024.2.4,59.38750116072683,2025-05-21 17h47.19.278398 -0500,
26,0,26,space,6.814521700143814,None,5,1.0839718002825975,None,129.6479243002832,j,0.4045564001426101,None,None,130.08018730022013,130.08052810002118,130.57968819979578,130.57974909991026,131.5803965004161,131.58043009974062,135.07996810041368,,,,,,,2,0,2,0,26,0,26,0,756.1601069997996,,,,,,,,,,,,,,,,,,,,,,,,,,,,,,129.6479243002832,756.1446498995647,756.1601069997996,756.1601069997996,756.1601069997996,756.1601069997996,756.5768045997247,j,0.4045564001426101,None,left,1,14,11,8,111,20,None,130.08018730022013,130.08052810002118,756.5772510999814,756.5923788994551,756.5923788994551,757.0929131992161,757.0929131992161,757.0763166993856,130.57968819979578,130.57974909991026,757.0871711997315,757.0929131992161,757.0929131992161,758.0770552000031,stimuli/box_coin_transparent.png,131.5803965004161,131.58043009974062,758.0771463997662,758.0927799995989,761.5930333994329,761.576641799882,135.07996810041368,,,,,,,,,,,,,,,,,,999999,right,no,None,2025-05-21_17h47.03.030,RL_out-of-scanner,2024.2.4,59.38750116072683,2025-05-21 17h47.19.278398 -0500,
27,0,27,space,6.814521700143814,None,5,1.0839718002825975,None,135.08153009973466,j,0.34307819977402687,None,None,135.44770570006222,135.44801810011268,136.94686750043184,136.94691940024495,137.94692729972303,137.94696000032127,138.946480399929,,,,,,,2,0,2,0,27,0,27,0,761.5930333994329,,,,,,,,,,,,,,,,,,,,,,,,,,,,,,135.08153009973466,761.5782477995381,761.5930333994329,761.5930333994329,761.5930333994329,761.5930333994329,761.9443362997845,j,0.34307819977402687,None,left,0,14,11,8,112,20,None,135.44770570006222,135.44801810011268,761.9447347996756,761.9597526993603,761.9597526993603,763.4598683994263,763.4598683994263,763.443494499661,136.94686750043184,136.94691940024495,763.4539590999484,763.4598683994263,763.4598683994263,764.443597599864,stimuli/box_empty_transparent.png,137.94692729972303,137.94696000032127,764.4436737000942,764.4595598001033,765.4595642993227,765.4431541999802,138.946480399929,764.4595598001033,764.4595598001033,,,,,,,,,,,,,,,,999999,right,no,None,2025-05-21_17h47.03.030,RL_out-of-scanner,2024.2.4,59.38750116072683,2025-05-21 17h47.19.278398 -0500,
28,0,28,space,6.814521700143814,None,5,1.0839718002825975,None,138.94795230031013,j,0.8920868001878262,None,None,139.86482470016927,139.86523639969528,140.86340519972146,140.86344530060887,141.8787834001705,141.8788251997903,145.38037030026317,,,,,,,2,0,2,0,28,0,28,0,765.4595642993227,,,,,,,,,,,,,,,,,,,,,,,,,,,,,,138.94795230031013,765.444669299759,765.4595642993227,765.4595642993227,765.4595642993227,765.4595642993227,766.3614350995049,j,0.8920868001878262,None,left,0,14,11,8,113,20,None,139.86482470016927,139.86523639969528,766.3619597991928,766.3769900994375,766.3769900994375,767.3769622994587,767.3769622994587,767.3600574992597,140.86340519972146,140.86344530060887,767.3684012992308,767.3769622994587,767.3769622994587,768.3754429994151,stimuli/box_empty_transparent.png,141.8787834001705,141.8788251997903,768.375551099889,768.3915529996157,771.8930845996365,771.877040299587,145.38037030026317,,,,,,,,,,,,,,,,,,999999,right,no,None,2025-05-21_17h47.03.030,RL_out-of-scanner,2024.2.4,59.38750116072683,2025-05-21 17h47.19.278398 -0500,
29,0,29,space,6.814521700143814,None,5,1.0839718002825975,None,145.38188050035387,k,0.23622369952499866,None,None,145.64760909974575,145.6479126997292,147.64603190030903,147.64607100002468,148.6622548000887,148.66228879988194,149.66320489998907,,,,,,,2,0,2,0,29,0,29,0,771.8930845996365,,,,,,,,,,,,,,,,,,,,,,,,,,,,,,145.38188050035387,771.8785975994542,771.8930845996365,771.8930845996365,771.8930845996365,771.8930845996365,772.1442399993539,k,0.23622369952499866,None,left,0,14,11,8,113,20,None,145.64760909974575,145.6479126997292,772.144629499875,772.1595142995939,772.1595142995939,774.1600171998143,774.1600171998143,774.1426836997271,147.64603190030903,147.64607100002468,774.1519805993885,774.1600171998143,774.1600171998143,775.1589124994352,stimuli/box_empty_transparent.png,148.6622548000887,148.66228879988194,775.1590134995058,775.1750837992877,776.1762895993888,776.1598782995716,149.66320489998907,,,,,,,,,,,,,,,,,,999999,right,no,None,2025-05-21_17h47.03.030,RL_out-of-scanner,2024.2.4,59.38750116072683,2025-05-21 17h47.19.278398 -0500,
30,0,30,space,6.814521700143814,None,5,1.0839718002825975,None,149.66465259995311,k,0.3632872002199292,None,None,150.04734649974853,150.0476088002324,151.04658189974725,151.0466259000823,152.04682369995862,152.04685560055077,153.04599430039525,,,,,,,2,0,2,0,30,0,30,0,776.1762895993888,,,,,,,,,,,,,,,,,,,,,,,,,,,,,,149.66465259995311,776.1613697996363,776.1762895993888,776.1762895993888,776.1762895993888,776.1762895993888,776.5439759995788,k,0.3632872002199292,None,left,0,14,11,8,113,20,None,150.04734649974853,150.0476088002324,776.5443239994347,776.5594790996984,776.5594790996984,777.5600509000942,777.5600509000942,777.5432291999459,151.04658189974725,151.0466259000823,777.5514642996714,777.5600509000942,777.5600509000942,778.5434948997572,stimuli/box_empty_transparent.png,152.04682369995862,152.04685560055077,778.5435694996268,778.5591041995212,779.5590373994783,779.542664299719,153.04599430039525,778.5591041995212,778.5591041995212,,,,,,,,,,,,,,,,999999,right,no,None,2025-05-21_17h47.03.030,RL_out-of-scanner,2024.2.4,59.38750116072683,2025-05-21 17h47.19.278398 -0500,
31,0,31,space,6.814521700143814,None,5,1.0839718002825975,None,153.04754289984703,j,0.40265220031142235,None,None,153.4807278001681,153.48106950055808,156.47972230054438,156.47976019978523,157.47969990037382,157.47975059971213,159.97814260050654,,,,,,,2,0,2,0,31,0,31,0,779.5590373994783,,,,,,,,,,,,,,,,,,,,,,,,,,,,,,153.04754289984703,779.5442597996444,779.5590373994783,779.5590373994783,779.5590373994783,779.5590373994783,779.9773348998278,j,0.40265220031142235,None,left,1,14,12,8,114,21,None,153.4807278001681,153.48106950055808,779.9777854997665,779.992640200071,779.992640200071,782.9926161998883,782.9926161998883,782.9763770997524,156.47972230054438,156.47976019978523,782.9862660998479,782.9926161998883,782.9926161998883,783.9763703998178,stimuli/box_coin_transparent.png,157.47969990037382,157.47975059971213,783.9764640992507,783.992005199194,786.491445899941,786.4748144997284,159.97814260050654,783.992005199194,783.992005199194,,,,,,,,,,,,,,,,999999,right,no,None,2025-05-21_17h47.03.030,RL_out-of-scanner,2024.2.4,59.38750116072683,2025-05-21 17h47.19.278398 -0500,
32,0,32,space,6.814521700143814,None,5,1.0839718002825975,None,159.980261400342,j,0.39082210045307875,None,None,160.39885149989277,160.39921450056136,161.39606500044465,161.3961100000888,162.39582130033523,162.39585760049522,163.39582869969308,,,,,,,2,0,2,0,32,0,32,0,786.491445899941,,,,,,,,,,,,,,,,,,,,,,,,,,,,,,159.980261400342,786.4769869996235,786.491445899941,786.491445899941,786.491445899941,786.491445899941,786.8954501999542,j,0.39082210045307875,None,left,1,14,13,8,115,22,None,160.39885149989277,160.39921450056136,786.895932899788,786.908207799308,786.908207799308,787.9091454995796,787.9091454995796,787.8927124999464,161.39606500044465,161.3961100000888,787.9030740000308,787.9091454995796,787.9091454995796,788.8924875995144,stimuli/box_coin_transparent.png,162.39582130033523,162.39585760049522,788.8925770996138,788.9077043998986,789.9083046996966,789.8924958994612,163.39582869969308,788.9077043998986,788.9077043998986,,,,,,,,,,,,,,,,999999,right,no,None,2025-05-21_17h47.03.030,RL_out-of-scanner,2024.2.4,59.38750116072683,2025-05-21 17h47.19.278398 -0500,
33,0,33,space,6.814521700143814,None,5,1.0839718002825975,None,163.39778119977564,j,0.3713501002639532,None,None,163.79648880008608,163.7968733003363,165.795187599957,165.79524050001055,166.811275199987,166.81131719984114,168.3115388005972,,,,,,,2,0,2,0,33,0,33,0,789.9083046996966,,,,,,,,,,,,,,,,,,,,,,,,,,,,,,163.39778119977564,789.8945089997724,789.9083046996966,789.9083046996966,789.9083046996966,789.9083046996966,790.2931028995663,j,0.3713501002639532,None,left,1,14,14,8,116,23,None,163.79648880008608,163.7968733003363,790.2935954993591,790.3082840992138,790.3082840992138,792.3112204996869,792.3112204996869,792.2918272996321,165.795187599957,165.79524050001055,792.3048877995461,792.3112204996869,792.3112204996869,793.3079188000411,stimuli/box_coin_transparent.png,166.811275199987,166.81131719984114,793.3080438999459,793.3243245994672,794.8247344000265,794.8082093000412,168.3115388005972,,,,,,,,,,,,,,,,,,999999,right,no,None,2025-05-21_17h47.03.030,RL_out-of-scanner,2024.2.4,59.38750116072683,2025-05-21 17h47.19.278398 -0500,
34,0,34,space,6.814521700143814,None,5,1.0839718002825975,None,168.31327140051872,j,0.5139287998899817,None,None,168.84591090027243,168.8462070999667,171.84517979994416,171.84521760046482,172.84526540059596,172.84529720060527,175.34493780042976,,,,,,,2,0,2,0,34,0,34,0,794.8247344000265,,,,,,,,,,,,,,,,,,,,,,,,,,,,,,168.31327140051872,794.8099959995598,794.8247344000265,794.8247344000265,794.8247344000265,794.8247344000265,795.3425265997648,j,0.5139287998899817,None,right,1,14,0,9,116,23,None,168.84591090027243,168.8462070999667,795.3429245995358,795.3580808993429,795.3580808993429,798.3586977999657,798.3586977999657,798.3418306000531,171.84517979994416,171.84521760046482,798.3499646997079,798.3586977999657,798.3586977999657,799.3419352993369,stimuli/box_empty_transparent.png,172.84526540059596,172.84529720060527,799.3420114992186,799.3574874000624,801.8579752994701,801.8416114998981,175.34493780042976,799.3574874000624,799.3574874000624,,,,,,,,,,,,,,,,999999,right,no,None,2025-05-21_17h47.03.030,RL_out-of-scanner,2024.2.4,59.38750116072683,2025-05-21 17h47.19.278398 -0500,
35,0,35,space,6.814521700143814,None,5,1.0839718002825975,None,175.34646790008992,k,0.3323005000129342,None,None,175.69779659993947,175.69812550023198,177.19542900007218,177.19546680059284,178.21108730044216,178.21112770028412,179.21098580025136,,,,,,,2,0,2,0,35,0,35,0,801.8579752994701,,,,,,,,,,,,,,,,,,,,,,,,,,,,,,175.34646790008992,801.8431857991964,801.8579752994701,801.8579752994701,801.8579752994701,801.8579752994701,802.194405099377,k,0.3323005000129342,None,right,1,14,1,9,117,24,None,175.69779659993947,175.69812550023198,802.1948472000659,802.207994999364,802.207994999364,803.708934799768,803.708934799768,803.6920843999833,177.19542900007218,177.19546680059284,803.7034246996045,803.708934799768,803.708934799768,804.7077518999577,stimuli/box_coin_transparent.png,178.21108730044216,178.21112770028412,804.7078573992476,804.7237853994593,805.7260035993531,805.707657800056,179.21098580025136,,,,,,,,,,,,,,,,,,999999,right,no,None,2025-05-21_17h47.03.030,RL_out-of-scanner,2024.2.4,59.38750116072683,2025-05-21 17h47.19.278398 -0500,
36,0,36,space,6.814521700143814,None,5,1.0839718002825975,None,179.21335589978844,k,0.3587950998917222,None,None,179.59562180005014,179.59588840045035,181.09633770026267,181.09637480042875,182.0951757002622,182.09520780015737,185.59456530027092,,,,,,,2,0,2,0,36,0,36,0,805.7260035993531,,,,,,,,,,,,,,,,,,,,,,,,,,,,,,179.21335589978844,805.7100823000073,805.7260035993531,805.7260035993531,805.7260035993531,805.7260035993531,806.0922523997724,k,0.3587950998917222,None,right,1,14,2,9,118,25,None,179.59562180005014,179.59588840045035,806.0926064997911,806.1076649995521,806.1076649995521,807.6079417997971,807.6079417997971,807.5929915998131,181.09633770026267,181.09637480042875,807.6028880998492,807.6079417997971,807.6079417997971,808.5918467994779,stimuli/box_coin_transparent.png,182.0951757002622,182.09520780015737,808.5919213993475,808.6080105993897,812.1078955000266,812.0912314997986,185.59456530027092,808.6080105993897,808.6080105993897,,,,,,,,,,,,,,,,999999,right,no,None,2025-05-21_17h47.03.030,RL_out-of-scanner,2024.2.4,59.38750116072683,2025-05-21 17h47.19.278398 -0500,
37,0,37,space,6.814521700143814,None,5,1.0839718002825975,None,185.59673800040036,k,0.36095230001956224,None,None,185.97888690046966,185.97918570041656,187.9778265003115,187.9778682999313,188.97790160030127,188.97793249972165,189.9774203998968,,,,,,,2,0,2,0,37,0,37,0,812.1078955000266,,,,,,,,,,,,,,,,,,,,,,,,,,,,,,185.59673800040036,812.0934691997245,812.1078955000266,812.1078955000266,812.1078955000266,812.1078955000266,812.4755125995725,k,0.36095230001956224,None,right,1,14,3,9,119,26,None,185.97888690046966,185.97918570041656,812.475903599523,812.4908453999087,812.4908453999087,814.4910899000242,814.4910899000242,814.4744777996093,187.9778265003115,187.9778682999313,814.4858106998727,814.4910899000242,814.4910899000242,815.4745720000938,stimuli/box_coin_transparent.png,188.97790160030127,188.97793249972165,815.4746471000835,815.4901946000755,816.4905797000974,816.4740944998339,189.9774203998968,815.4901946000755,815.4901946000755,,,,,,,,,,,,,,,,999999,right,no,None,2025-05-21_17h47.03.030,RL_out-of-scanner,2024.2.4,59.38750116072683,2025-05-21 17h47.19.278398 -0500,
38,0,38,space,6.814521700143814,None,5,1.0839718002825975,None,189.9789455998689,k,0.549558600410819,None,None,190.54621290042996,190.54648589994758,191.54444160033017,191.54448280017823,192.54481090046465,192.54484689980745,194.043744799681,,,,,,,2,0,2,0,38,0,38,0,816.4905797000974,,,,,,,,,,,,,,,,,,,,,,,,,,,,,,189.9789455998689,816.4756643995643,816.4905797000974,816.4905797000974,816.4905797000974,816.4905797000974,817.0428409995511,k,0.549558600410819,None,right,0,14,3,9,120,26,None,190.54621290042996,190.54648589994758,817.0432014996186,817.0579735999927,817.0579735999927,818.0578707000241,818.0578707000241,818.0410890998319,191.54444160033017,191.54448280017823,818.0500480998307,818.0578707000241,818.0578707000241,819.0414670994505,stimuli/box_empty_transparent.png,192.54481090046465,192.54484689980745,819.0415648994967,819.0573704000562,820.5571159999818,820.5404190998524,194.043744799681,,,,,,,,,,,,,,,,,,999999,right,no,None,2025-05-21_17h47.03.030,RL_out-of-scanner,2024.2.4,59.38750116072683,2025-05-21 17h47.19.278398 -0500,
39,0,39,space,6.814521700143814,None,5,1.0839718002825975,None,194.04537549987435,k,0.28636599984019995,None,None,194.36200200021267,194.36232190020382,195.36145860049874,195.36149640008807,196.37750400044024,196.37754429969937,197.37729940004647,,,,,,,2,0,2,0,39,0,39,0,820.5571159999818,,,,,,,,,,,,,,,,,,,,,,,,,,,,,,194.04537549987435,820.5420934995636,820.5571159999818,820.5571159999818,820.5571159999818,820.5571159999818,820.8585947994143,k,0.28636599984019995,None,right,0,14,3,9,121,26,None,194.36200200021267,194.36232190020382,820.859047299251,820.8741079997271,820.8741079997271,821.8749910993502,821.8749910993502,821.8581117996946,195.36145860049874,195.36149640008807,821.867868299596,821.8749910993502,821.8749910993502,822.8741636993363,stimuli/box_empty_transparent.png,196.37750400044024,196.37754429969937,822.8742704000324,822.8902396000922,823.8904035994783,823.8739395998418,197.37729940004647,,,,,,,,,,,,,,,,,,999999,right,no,None,2025-05-21_17h47.03.030,RL_out-of-scanner,2024.2.4,59.38750116072683,2025-05-21 17h47.19.278398 -0500,
40,0,40,space,6.814521700143814,None,5,1.0839718002825975,None,197.3788373004645,k,0.25067989993840456,None,None,197.66147179994732,197.66171910054982,199.16093300003558,199.1609711004421,200.1612954000011,200.1613384000957,201.16029809974134,,,,,,,2,0,2,0,40,0,40,0,823.8904035994783,,,,,,,,,,,,,,,,,,,,,,,,,,,,,,197.3788373004645,823.8755554994568,823.8904035994783,823.8904035994783,823.8904035994783,823.8904035994783,824.1580874994397,k,0.25067989993840456,None,right,1,14,4,9,122,27,None,197.66147179994732,197.66171910054982,824.1584350001067,824.1739552998915,824.1739552998915,825.6740790000185,825.6740790000185,825.6575871994719,199.16093300003558,199.1609711004421,825.6677135992795,825.6740790000185,825.6740790000185,826.6579529996961,stimuli/box_coin_transparent.png,200.1612954000011,200.1613384000957,826.6580626992509,826.673921099864,827.6734776999801,827.656964299269,201.16029809974134,,,,,,,,,,,,,,,,,,999999,right,no,None,2025-05-21_17h47.03.030,RL_out-of-scanner,2024.2.4,59.38750116072683,2025-05-21 17h47.19.278398 -0500,
41,0,41,space,6.814521700143814,None,5,1.0839718002825975,None,201.1626931997016,k,0.9501663008704782,None,None,202.1286701001227,202.12892450019717,203.12749669980258,203.12753990013152,204.14355150051415,204.14358330052346,207.14354449976236,,,,,,,2,0,2,0,41,0,41,0,827.6734776999801,,,,,,,,,,,,,,,,,,,,,,,,,,,,,,201.1626931997016,827.6594122992828,827.6734776999801,827.6734776999801,827.6734776999801,827.6734776999801,828.625301499851,k,0.9501663008704782,None,right,0,14,4,9,123,27,None,202.1286701001227,202.12892450019717,828.6256399992853,828.6403800994158,828.6403800994158,829.6414986997843,829.6414986997843,829.6241437997669,203.12749669980258,203.12753990013152,829.6324798995629,829.6414986997843,829.6414986997843,830.640222299844,stimuli/box_empty_transparent.png,204.14355150051415,204.14358330052346,830.6402969993651,830.6564099993557,833.6568080997095,833.6402198998258,207.14354449976236,,,,,,,,,,,,,,,,,,999999,right,no,None,2025-05-21_17h47.03.030,RL_out-of-scanner,2024.2.4,59.38750116072683,2025-05-21 17h47.19.278398 -0500,
42,0,42,space,6.814521700143814,None,5,1.0839718002825975,None,207.14499779976904,k,0.3870612997561693,None,None,207.5614093998447,207.56169900018722,209.56074430048466,209.56078939978033,210.5603721998632,210.56040289998055,214.06022069975734,,,,,,,2,0,2,0,42,0,42,0,833.6568080997095,,,,,,,,,,,,,,,,,,,,,,,,,,,,,,207.14499779976904,833.6417163992301,833.6568080997095,833.6568080997095,833.6568080997095,833.6568080997095,834.0580287994817,k,0.3870612997561693,None,right,1,14,5,9,124,28,None,207.5614093998447,207.56169900018722,834.0584201999009,834.073445099406,834.073445099406,836.0738809993491,836.0738809993491,836.0573936998844,209.56074430048466,209.56078939978033,836.0686637992039,836.0738809993491,836.0738809993491,837.0570435998961,stimuli/box_coin_transparent.png,210.5603721998632,210.56040289998055,837.0571170998737,837.0728853000328,840.5734558999538,840.5568923996761,214.06022069975734,837.0728853000328,837.0728853000328,,,,,,,,,,,,,,,,999999,right,no,None,2025-05-21_17h47.03.030,RL_out-of-scanner,2024.2.4,59.38750116072683,2025-05-21 17h47.19.278398 -0500,
43,0,43,space,6.814521700143814,None,5,1.0839718002825975,None,214.0620207004249,k,0.375347800552845,None,None,214.4611744005233,214.46141909994185,215.46049949992448,215.4605363998562,216.46073709987104,216.4607720002532,218.46133930049837,,,,,,,2,0,2,0,43,0,43,0,840.5734558999538,,,,,,,,,,,,,,,,,,,,,,,,,,,,,,214.0620207004249,840.5587484994903,840.5734558999538,840.5734558999538,840.5734558999538,840.5734558999538,840.957805399783,k,0.375347800552845,None,right,1,14,6,9,125,29,None,214.4611744005233,214.46141909994185,840.9581355992705,840.9732459997758,840.9732459997758,841.9736176999286,841.9736176999286,841.9571521999314,215.46049949992448,215.4605363998562,841.9675062997267,841.9736176999286,841.9736176999286,842.9573959996924,stimuli/box_coin_transparent.png,216.46073709987104,216.4607720002532,842.9574908996001,842.9740059999749,844.9740985995159,844.9580149995163,218.46133930049837,,,,,,,,,,,,,,,,,,999999,right,no,None,2025-05-21_17h47.03.030,RL_out-of-scanner,2024.2.4,59.38750116072683,2025-05-21 17h47.19.278398 -0500,
44,0,44,space,6.814521700143814,None,5,1.0839718002825975,None,218.4629683000967,k,0.47372089978307486,None,None,218.9614009996876,218.9616617001593,221.4614673005417,221.46150679979473,222.46161920018494,222.46165150031447,224.46426799986511,,,,,,,2,0,2,0,44,0,44,0,844.9740985995159,,,,,,,,,,,,,,,,,,,,,,,,,,,,,,218.4629683000967,844.9596867999062,844.9740985995159,844.9740985995159,844.9740985995159,844.9740985995159,845.4580306001008,k,0.47372089978307486,None,right,1,14,7,9,126,30,None,218.9614009996876,218.9616617001593,845.4583781994879,845.4730460997671,845.4730460997671,847.9732993999496,847.9732993999496,847.9581212997437,221.4614673005417,221.46150679979473,847.9679998001084,847.9732993999496,847.9732993999496,848.9582889992744,stimuli/box_coin_transparent.png,222.46161920018494,222.46165150031447,848.9583657998592,848.9734632996842,851.0467353994027,850.9609334999695,224.46426799986511,848.9734632996842,848.9734632996842,,,,,,,,,,,,,,,,999999,right,no,None,2025-05-21_17h47.03.030,RL_out-of-scanner,2024.2.4,59.38750116072683,2025-05-21 17h47.19.278398 -0500,
45,0,45,space,6.814521700143814,None,5,1.0839718002825975,None,224.54503910057247,k,0.3588411007076502,None,None,224.91894729994237,224.91925340052694,225.91874950006604,225.9187994999811,226.91905739996582,226.91909580025822,227.91908789984882,,,,,,,2,0,2,0,45,0,45,0,851.0467353994027,,,,,,,,,,,,,,,,,,,,,,,,,,,,,,224.54503910057247,851.0417740996927,851.0467353994027,851.0467353994027,851.0467353994027,851.0467353994027,851.4155615000054,k,0.3588411007076502,None,right,1,14,8,9,127,31,None,224.91894729994237,224.91925340052694,851.4159763995558,851.4312632996589,851.4312632996589,852.4324952000752,852.4324952000752,852.4153934996575,225.91874950006604,225.9187994999811,852.4269006000832,852.4324952000752,852.4324952000752,853.4157158993185,stimuli/box_coin_transparent.png,226.91905739996582,226.91909580025822,853.4158170996234,853.4318519998342,854.4322825996205,854.4157606996596,227.91908789984882,,,,,,,,,,,,,,,,,,999999,right,no,None,2025-05-21_17h47.03.030,RL_out-of-scanner,2024.2.4,59.38750116072683,2025-05-21 17h47.19.278398 -0500,
46,0,46,space,6.814521700143814,None,5,1.0839718002825975,None,227.92054709978402,k,0.5035177003592253,None,None,228.45359669998288,228.4538650996983,230.45293910056353,230.45297889970243,231.4515567002818,231.4515931000933,232.45196900051087,,,,,,,2,0,2,0,46,0,46,0,854.4322825996205,,,,,,,,,,,,,,,,,,,,,,,,,,,,,,227.92054709978402,854.4172640992329,854.4322825996205,854.4322825996205,854.4322825996205,854.4322825996205,854.9502165000886,k,0.5035177003592253,None,right,1,14,9,9,128,32,None,228.45359669998288,228.4538650996983,854.9505803994834,854.965454899706,854.965454899706,856.9647633992136,856.9647633992136,856.9495842996985,230.45293910056353,230.45297889970243,856.9593399995938,856.9647633992136,856.9647633992136,857.9482242995873,stimuli/box_coin_transparent.png,231.4515567002818,231.4515931000933,857.9483129000291,857.9638459999114,858.9651203993708,858.948639200069,232.45196900051087,857.9638459999114,857.9638459999114,,,,,,,,,,,,,,,,999999,right,no,None,2025-05-21_17h47.03.030,RL_out-of-scanner,2024.2.4,59.38750116072683,2025-05-21 17h47.19.278398 -0500,
47,0,47,space,6.814521700143814,None,5,1.0839718002825975,None,232.45360799971968,k,0.9209077004343271,None,None,233.40315639972687,233.40343490056694,236.40295850019902,236.40300210006535,237.40136529970914,237.40139489993453,238.900917599909,,,,,,,2,0,2,0,47,0,47,0,858.9651203993708,,,,,,,,,,,,,,,,,,,,,,,,,,,,,,232.45360799971968,858.9503258001059,858.9651203993708,858.9651203993708,858.9651203993708,858.9651203993708,859.8997887000442,k,0.9209077004343271,None,right,1,14,10,9,129,33,None,233.40315639972687,233.40343490056694,859.9001505998895,859.9150006994605,859.9150006994605,862.9148793993518,862.9148793993518,862.8996056998149,236.40295850019902,236.40300210006535,862.9096320997924,862.9148793993518,862.9148793993518,863.8980362992734,stimuli/box_coin_transparent.png,237.40136529970914,237.40139489993453,863.8981082998216,863.9137910995632,865.414473099634,865.3975920993835,238.900917599909,863.9137910995632,863.9137910995632,,,,,,,,,,,,,,,,999999,right,no,None,2025-05-21_17h47.03.030,RL_out-of-scanner,2024.2.4,59.38750116072683,2025-05-21 17h47.19.278398 -0500,
48,0,48,space,6.814521700143814,None,5,1.0839718002825975,None,238.9027553005144,k,0.4966965997591615,None,None,239.4198813997209,239.4201479004696,240.9190752003342,240.9191145999357,241.91931230016053,241.9193444000557,245.41788419988006,,,,,,,2,0,2,0,48,0,48,0,865.414473099634,,,,,,,,,,,,,,,,,,,,,,,,,,,,,,238.9027553005144,865.3994813999161,865.414473099634,865.414473099634,865.414473099634,865.414473099634,865.91649639979,k,0.4966965997591615,None,right,1,14,11,9,130,34,None,239.4198813997209,239.4201479004696,865.9168636994436,865.9317749999464,865.9317749999464,867.4312047995627,867.4312047995627,867.4157267995179,240.9190752003342,240.9191145999357,867.4255617000163,867.4312047995627,867.4312047995627,868.4159818999469,stimuli/box_coin_transparent.png,241.91931230016053,241.9193444000557,868.416058499366,868.4312255000696,871.9314214000478,871.9145570993423,245.41788419988006,868.4312255000696,868.4312255000696,,,,,,,,,,,,,,,,999999,right,no,None,2025-05-21_17h47.03.030,RL_out-of-scanner,2024.2.4,59.38750116072683,2025-05-21 17h47.19.278398 -0500,
49,0,49,space,6.814521700143814,None,5,1.0839718002825975,None,245.41936369985342,k,0.29836480040103197,None,None,245.73534670006484,245.7356666997075,247.23607170023024,247.23611139971763,248.23511609993875,248.23514830041677,248.23555930051953,,,,,,,2,0,2,0,49,0,49,0,871.9314214000478,,,,,,,,,,,,,,,,,,,,,,,,,,,,,,245.41936369985342,871.9160808995366,871.9314214000478,871.9314214000478,871.9314214000478,871.9314214000478,872.2319476995617,k,0.29836480040103197,None,right,1,14,12,9,131,35,None,245.73534670006484,245.7356666997075,872.2323882998899,872.2478967998177,872.2478967998177,873.7483461992815,873.7483461992815,873.7327226996422,247.23607170023024,247.23611139971763,873.7428874997422,873.7483461992815,873.7483461992815,874.7317862994969,stimuli/box_coin_transparent.png,248.23511609993875,248.23514830041677,874.731862699613,874.750660199672,874.750660199672,874.7322383997962,248.23555930051953,874.750660199672,874.750660199672,,,,,,,,,,,,,,,,999999,right,no,None,2025-05-21_17h47.03.030,RL_out-of-scanner,2024.2.4,59.38750116072683,2025-05-21 17h47.19.278398 -0500,
2,0,2,space,6.814521700143814,None,5,1.0839718002825975,None,,,,,,,,,,,,,,,,,,,2,0,2,0,,,,,,,,,,,,,,,,,,,,,,,,,,,,,,,,,,,,,,,,,,,,,,,,,,,,,,,,,,,,,,,,,,,,,,,,,,,,,,,,,,,874.7468449994922,874.750660199672,878.7478585997596,878.7479147994891,878.7644563000649,930.0788011997938,930.0625090999529,,,999999,right,no,None,2025-05-21_17h47.03.030,RL_out-of-scanner,2024.2.4,59.38750116072683,2025-05-21 17h47.19.278398 -0500,
,,,,,,,,,,,,,,,,,,,,,,,,,,,,,,,,,,,,,,,,,,,,,,,,,,,,,,,,,,,,,,,,,,,,,,,,,,,,,,,,,,,,,,,,,,,,,,,,,,,,,,,,,,,,,,,,,,,,,,,,930.062661299482,930.0629182998091,999999,right,no,None,2025-05-21_17h47.03.030,RL_out-of-scanner,2024.2.4,59.38750116072683,2025-05-21 17h47.19.278398 -0500,
