thisN,thisTrialN,thisRepN,advance_press.keys,advance_press.rt,advance_press.duration,trigger_value.keys,trigger_value.rt,trigger_value.duration,cueOnTime,cue_resp.keys,cue_resp.rt,cue_resp.duration,all_keys.keys,cueOffTime,cueRespOnTime,cueRespOffTime,outcomeOnTime,outcomeOffTime,fixOnTime,fixOffTime,all_keys.rt,all_keys.duration,practice_loop.thisRepN,practice_loop.thisTrialN,practice_loop.thisN,practice_loop.thisIndex,runs.thisRepN,runs.thisTrialN,runs.thisN,runs.thisIndex,trials.thisRepN,trials.thisTrialN,trials.thisN,trials.thisIndex,thisRow.t,notes,prac_dir.started,welcome_text.started,advance_press_pd.started,prac_dir.stopped,advance_press_pd.keys,advance_press_pd.rt,advance_press_pd.duration,summary_instructions.started,summary_text.started,advance_to_runs.started,summary_instructions.stopped,advance_to_runs.keys,advance_to_runs.rt,advance_to_runs.duration,get_ready.started,get_ready_text.started,advance_press.started,get_ready.stopped,runs.advance_press.keys,runs.advance_press.rt,runs.advance_press.duration,scanner_trigger.started,scanner_text.started,trigger_value.started,scanner_trigger.stopped,runs.trigger_value.keys,runs.trigger_value.rt,runs.trigger_value.duration,trials.cueOnTime,cue.started,left_box.started,right_box.started,cue_resp.started,all_keys.started,cue.stopped,trials.cue_resp.keys,trials.cue_resp.rt,trials.cue_resp.duration,good_side,probability_sequence_value,magic_number,num_rewarded,num_switch,total_correct,num_gold_coins,trials.all_keys.keys,trials.cueOffTime,trials.cueRespOnTime,cue_response.started,left_box_response.started,right_box_response.started,left_box_response.stopped,right_box_response.stopped,cue_response.stopped,trials.cueRespOffTime,trials.outcomeOnTime,outcome.started,outcome_left_box.started,outcome_right_box.started,outcome_left_box.stopped,outcome_right_box.stopped,outcome.stopped,outcome_image,trials.outcomeOffTime,trials.fixOnTime,fixation.started,fixation_cross.started,fixation_cross.stopped,fixation.stopped,trials.fixOffTime,trials.all_keys.rt,trials.all_keys.duration,left_box.stopped,right_box.stopped,cue_resp.stopped,all_keys.stopped,run_feedback.started,coins_won_text.started,run_feedback.stopped,leftover_time_break.started,fixation_end.started,fixation_end.stopped,leftover_time_break.stopped,end_exp.started,end_exp.stopped,participant,handedness,practice,restart_from_run,date,expName,psychopyVersion,frameRate,expStart,
,,,,,,,,,,,,,,,,,,,,,,,,,,,,,,,,,,,,,0.041709900833666325,0.048472000285983086,0.048472000285983086,48.50231960043311,j,48.44344539940357,None,,,,,,,,,,,,,,,,,,,,,,,,,,,,,,,,,,,,,,,,,,,,,,,,,,,,,,,,,,,,,,,,,,,,,,,,,,,,,,,99999,right,no,None,2025-05-21_17h30.01.425,RL_out-of-scanner,2024.2.4,59.69792846138299,2025-05-21 17h30.17.354836 -0500,
,,,,,,,,,,,,,,,,,,,,,,,,,,,,,,,,,,,,,,,,,,,,48.502683999948204,48.51151170022786,48.51151170022786,64.17964850086719,j,15.665397100150585,None,,,,,,,,,,,,,,,,,,,,,,,,,,,,,,,,,,,,,,,,,,,,,,,,,,,,,,,,,,,,,,,,,,,,,,,,99999,right,no,None,2025-05-21_17h30.01.425,RL_out-of-scanner,2024.2.4,59.69792846138299,2025-05-21 17h30.17.354836 -0500,
0,0,0,space,3.623589500784874,None,5,3.0632549999281764,None,0.0027740998193621635,j,1.027628400363028,None,None,1.0521633997559547,1.052531300112605,2.0512704998254776,2.051307199522853,3.050012099556625,3.05004969984293,5.050092999823391,,,,,,,0,0,0,0,0,0,0,0,70.92762720026076,,,,,,,,,,,,,,,,64.1800196999684,64.19497710000724,64.19497710000724,67.82810250017792,space,3.623589500784874,None,67.82820040080696,67.84383860044181,67.84383860044181,70.91131060011685,5,3.0632549999281764,None,0.0027740998193621635,70.91417720075697,70.92762720026076,70.92762720026076,70.92762720026076,70.92762720026076,71.96347300056368,j,1.027628400363028,None,right,1,15,0,0,0,0,None,1.0521633997559547,1.052531300112605,71.96393180079758,71.97910160012543,71.97910160012543,72.97776480019093,72.97776480019093,72.9626027001068,2.0512704998254776,2.051307199522853,72.97136520035565,72.97776480019093,72.97776480019093,73.97723540011793,73.97723540011793,73.96136250067502,stimuli/box_empty_transparent.png,3.050012099556625,3.05004969984293,73.96144850086421,73.97723540011793,75.97864790074527,75.96144820004702,5.050092999823391,,,,,,,,,,,,,,,,99999,right,no,None,2025-05-21_17h30.01.425,RL_out-of-scanner,2024.2.4,59.69792846138299,2025-05-21 17h30.17.354836 -0500,
1,0,1,space,3.623589500784874,None,5,3.0632549999281764,None,5.051594300195575,k,0.267323300242424,None,None,5.351677999831736,5.35203249938786,6.85086299944669,6.850903400219977,7.850682099349797,7.8507137997075915,9.349335099570453,,,,,,,0,0,0,0,1,0,1,0,75.97864790074527,,,,,,,,,,,,,,,,,,,,,,,,,,,,,,5.051594300195575,75.96299410052598,75.97864790074527,75.97864790074527,75.97864790074527,75.97864790074527,76.26297720056027,k,0.267323300242424,None,right,1,15,1,0,1,1,None,5.351677999831736,5.35203249938786,76.263437400572,76.27829240076244,76.27829240076244,77.77855490054935,77.77855490054935,77.76219410076737,6.85086299944669,6.850903400219977,77.77202330064029,77.77855490054935,77.77855490054935,78.77736620046198,78.77736620046198,78.76203430071473,stimuli/box_coin_transparent.png,7.850682099349797,7.8507137997075915,78.76210980024189,78.77736620046198,80.27738350071013,80.26069100014865,9.349335099570453,,,,,,,,,,,,,,,,99999,right,no,None,2025-05-21_17h30.01.425,RL_out-of-scanner,2024.2.4,59.69792846138299,2025-05-21 17h30.17.354836 -0500,
2,0,2,space,3.623589500784874,None,5,3.0632549999281764,None,9.350804699584842,k,0.23681090027093887,None,None,9.617573499679565,9.61796289961785,10.617688999511302,10.617727499455214,11.61804929934442,11.618084199726582,14.616108699701726,,,,,,,0,0,0,0,2,0,2,0,80.27738350071013,,,,,,,,,,,,,,,,,,,,,,,,,,,,,,9.350804699584842,80.2622059006244,80.27738350071013,80.27738350071013,80.27738350071013,80.27738350071013,80.52888530027121,k,0.23681090027093887,None,right,1,15,2,0,2,2,None,9.617573499679565,9.61796289961785,80.52936980035156,80.5441367002204,80.5441367002204,81.54522800073028,81.54522800073028,81.52902180049568,10.617688999511302,10.617727499455214,81.54015390016139,81.54522800073028,81.54522800073028,82.5444927001372,82.5444927001372,82.52939940057695,stimuli/box_coin_transparent.png,11.61804929934442,11.618084199726582,82.5294828005135,82.5444927001372,85.54365200083703,85.52745970059186,14.616108699701726,,,,,,,,,,,,,,,,99999,right,no,None,2025-05-21_17h30.01.425,RL_out-of-scanner,2024.2.4,59.69792846138299,2025-05-21 17h30.17.354836 -0500,
3,0,3,space,3.623589500784874,None,5,3.0632549999281764,None,14.617854500189424,j,0.3660920998081565,None,None,15.00030570011586,15.00062569975853,17.000505600124598,17.000543899834156,18.0003309994936,18.000361999496818,19.000193399377167,,,,,,,0,0,0,0,3,0,3,0,85.54365200083703,,,,,,,,,,,,,,,,,,,,,,,,,,,,,,14.617854500189424,85.5292621999979,85.54365200083703,85.54365200083703,85.54365200083703,85.54365200083703,85.91161770001054,j,0.3660920998081565,None,right,1,15,2,0,2,2,None,15.00030570011586,15.00062569975853,85.91202690079808,85.92727750074118,85.92727750074118,87.92839860077947,87.92839860077947,87.91183920018375,17.000505600124598,17.000543899834156,87.92013800051063,87.92839860077947,87.92839860077947,88.9279750008136,88.9279750008136,88.91168420016766,stimuli/box_empty_transparent.png,18.0003309994936,18.000361999496818,88.91175680048764,88.9279750008136,89.9320756001398,89.91154960077256,19.000193399377167,,,,,,,,,,,,,,,,99999,right,no,None,2025-05-21_17h30.01.425,RL_out-of-scanner,2024.2.4,59.69792846138299,2025-05-21 17h30.17.354836 -0500,
4,0,4,space,3.623589500784874,None,5,3.0632549999281764,None,19.001694499514997,j,0.5376200992614031,None,None,19.568093299865723,19.56846089940518,20.58282839972526,20.58287249971181,21.583082599565387,21.583120299503207,24.08300149999559,,,,,,,0,0,0,0,4,0,4,0,89.9320756001398,,,,,,,,,,,,,,,,,,,,,,,,,,,,,,19.001694499514997,89.91309490054846,89.9320756001398,89.9320756001398,89.9320756001398,89.9320756001398,90.47938650008291,j,0.5376200992614031,None,right,1,15,2,0,2,2,None,19.568093299865723,19.56846089940518,90.47986620012671,90.49518750049174,90.49518750049174,91.51067900005728,91.51067900005728,91.49415750056505,20.58282839972526,20.58287249971181,91.50359600037336,91.51067900005728,91.51067900005728,92.50999110005796,92.50999110005796,92.49442940019071,stimuli/box_empty_transparent.png,21.583082599565387,21.583120299503207,92.49452410079539,92.50999110005796,95.01134770084172,94.99435720033944,24.08300149999559,,,,,,,,,,,,,,,,99999,right,no,None,2025-05-21_17h30.01.425,RL_out-of-scanner,2024.2.4,59.69792846138299,2025-05-21 17h30.17.354836 -0500,
5,0,5,space,3.623589500784874,None,5,3.0632549999281764,None,24.08449689950794,j,0.25509170070290565,None,None,24.367028599604964,24.367358800023794,27.866851300001144,27.866895499639213,28.866757599636912,28.86678919941187,30.86645680014044,,,,,,,0,0,0,0,5,0,5,0,95.01134770084172,,,,,,,,,,,,,,,,,,,,,,,,,,,,,,24.08449689950794,94.99589700065553,95.01134770084172,95.01134770084172,95.01134770084172,95.01134770084172,95.2783290008083,j,0.25509170070290565,None,right,1,15,2,0,2,2,None,24.367028599604964,24.367358800023794,95.27875940036029,95.29446590039879,95.29446590039879,98.7938333004713,98.7938333004713,98.77817780058831,27.866851300001144,27.866895499639213,98.78647230006754,98.7938333004713,98.7938333004713,99.79348250012845,99.79348250012845,99.77811060007662,stimuli/box_empty_transparent.png,28.866757599636912,28.86678919941187,99.7781836008653,99.79348250012845,101.7944334000349,101.77780900057405,30.86645680014044,,,,,,,,,,,,,,,,99999,right,no,None,2025-05-21_17h30.01.425,RL_out-of-scanner,2024.2.4,59.69792846138299,2025-05-21 17h30.17.354836 -0500,
6,0,6,space,3.623589500784874,None,5,3.0632549999281764,None,30.868219600059092,k,1.065408700145781,None,['k'],31.950824200175703,31.95114589948207,32.94917569961399,32.94922049995512,33.94969549961388,33.94972930010408,34.94980339985341,[0.3667484000325203],[0.14710250031203032],,,,,0,0,0,0,6,0,6,0,101.7944334000349,,,,,,,,,,,,,,,,,,,,,,,,,,,,,,30.868219600059092,101.77962619997561,101.7944334000349,101.7944334000349,101.7944334000349,101.7944334000349,102.86205570027232,k,1.065408700145781,None,right,1,15,3,0,3,3,['k'],31.950824200175703,31.95114589948207,102.86254990007728,102.87728150002658,102.87728150002658,103.87728420086205,103.87728420086205,103.86050620023161,32.94917569961399,32.94922049995512,103.87123659998178,103.87728420086205,103.87728420086205,,,104.86102770082653,stimuli/box_coin_transparent.png,33.94969549961388,33.94972930010408,104.8611246002838,104.87675369996578,105.87773910071701,105.86115750018507,34.94980339985341,[0.3667484000325203],[0.14710250031203032],,,,,,,,,,,,,,99999,right,no,None,2025-05-21_17h30.01.425,RL_out-of-scanner,2024.2.4,59.69792846138299,2025-05-21 17h30.17.354836 -0500,
7,0,7,space,3.623589500784874,None,5,3.0632549999281764,None,34.951242099516094,j,0.7594411000609398,None,None,35.73375799972564,35.73416810017079,37.73353230021894,37.73356920015067,38.73231999948621,38.73236409947276,40.733415899798274,,,,,,,0,0,0,0,7,0,7,0,105.87773910071701,,,,,,,,,,,,,,,,,,,,,,,,,,,,,,34.951242099516094,105.86264180019498,105.87773910071701,105.87773910071701,105.87773910071701,105.87773910071701,106.64505839999765,j,0.7594411000609398,None,right,1,15,3,0,3,3,None,35.73375799972564,35.73416810017079,106.64557440020144,106.66072610020638,106.66072610020638,108.66059010010213,108.66059010010213,108.64486640039831,37.73353230021894,37.73356920015067,108.65308890026063,108.66059010010213,108.66059010010213,109.65931620076299,109.65931620076299,109.64366350043565,stimuli/box_empty_transparent.png,38.73231999948621,38.73236409947276,109.6437736004591,109.65931620076299,111.66091500036418,111.64477160014212,40.733415899798274,,,,,,,,,,,,,,,,99999,right,no,None,2025-05-21_17h30.01.425,RL_out-of-scanner,2024.2.4,59.69792846138299,2025-05-21 17h30.17.354836 -0500,
8,0,8,space,3.623589500784874,None,5,3.0632549999281764,None,40.73494159989059,k,0.45423709973692894,None,None,41.21718029957265,41.21744249947369,44.23207729961723,44.232112899422646,45.23294539935887,45.2329788999632,46.73274349980056,,,,,,,0,0,0,0,8,0,8,0,111.66091500036418,,,,,,,,,,,,,,,,,,,,,,,,,,,,,,40.73494159989059,111.64634230080992,111.66091500036418,111.66091500036418,111.66091500036418,111.66091500036418,112.12848890013993,k,0.45423709973692894,None,right,0,15,3,0,4,3,None,41.21718029957265,41.21744249947369,112.12883970048279,112.14405430015177,112.14405430015177,115.16029110085219,115.16029110085219,115.14341370016336,44.23207729961723,44.232112899422646,115.15232430025935,115.16029110085219,115.16029110085219,,,116.14429370034486,stimuli/box_empty_transparent.png,45.23294539935887,45.2329788999632,116.14437630027533,116.16017640009522,117.66013770084828,117.64409400057048,46.73274349980056,,,,,,,,,,,,,,,,99999,right,no,None,2025-05-21_17h30.01.425,RL_out-of-scanner,2024.2.4,59.69792846138299,2025-05-21 17h30.17.354836 -0500,
9,0,9,space,3.623589500784874,None,5,3.0632549999281764,None,46.73425669968128,j,0.533300899900496,None,None,47.2842649994418,47.28463920019567,48.7829946000129,48.78303369972855,49.78267979994416,49.78271699976176,51.782780699431896,,,,,,,0,0,0,0,9,0,9,0,117.66013770084828,,,,,,,,,,,,,,,,,,,,,,,,,,,,,,46.73425669968128,117.64565710071474,117.66013770084828,117.66013770084828,117.66013770084828,117.66013770084828,118.19556000083685,j,0.533300899900496,None,right,0,15,3,0,4,3,None,47.2842649994418,47.28463920019567,118.19604369997978,118.2096709003672,118.2096709003672,119.71084250044078,119.71084250044078,119.69433000031859,48.7829946000129,48.78303369972855,119.70252060052007,119.71084250044078,119.71084250044078,120.71013210061938,120.71013210061938,120.69402680080384,stimuli/box_empty_transparent.png,49.78267979994416,49.78271699976176,120.69411910045892,120.71013210061938,122.71008530072868,122.69413419999182,51.782780699431896,,,,,,,,,,,,,,,,99999,right,no,None,2025-05-21_17h30.01.425,RL_out-of-scanner,2024.2.4,59.69792846138299,2025-05-21 17h30.17.354836 -0500,
10,0,10,space,3.623589500784874,None,5,3.0632549999281764,None,51.78423590026796,k,0.3444496002048254,None,None,52.14998620003462,52.150298999622464,53.64971109945327,53.64976469986141,54.64953770022839,54.6495728995651,55.649190000258386,,,,,,,0,0,0,0,10,0,10,0,122.71008530072868,,,,,,,,,,,,,,,,,,,,,,,,,,,,,,51.78423590026796,122.69563650060445,122.71008530072868,122.71008530072868,122.71008530072868,122.71008530072868,123.06127830035985,k,0.3444496002048254,None,right,1,15,4,0,5,4,None,52.14998620003462,52.150298999622464,123.06170270033181,123.07673410046846,123.07673410046846,124.5766248004511,124.5766248004511,124.56103490013629,53.64971109945327,53.64976469986141,124.571528499946,124.5766248004511,124.5766248004511,125.5763640999794,125.5763640999794,125.56088550016284,stimuli/box_coin_transparent.png,54.64953770022839,54.6495728995651,125.56097190082073,125.5763640999794,126.57700850069523,126.56054490059614,55.649190000258386,,,,,,,,,,,,,,,,99999,right,no,None,2025-05-21_17h30.01.425,RL_out-of-scanner,2024.2.4,59.69792846138299,2025-05-21 17h30.17.354836 -0500,
11,0,11,space,3.623589500784874,None,5,3.0632549999281764,None,55.6506476001814,k,0.40261519979685545,None,None,56.08225580025464,56.082542799413204,58.083008700050414,58.0830466998741,59.082692299969494,59.08272359985858,60.59789939969778,,,,,,,0,0,0,0,11,0,11,0,126.57700850069523,,,,,,,,,,,,,,,,,,,,,,,,,,,,,,55.6506476001814,126.56204920075834,126.57700850069523,126.57700850069523,126.57700850069523,126.57700850069523,126.9935677004978,k,0.40261519979685545,None,right,1,15,5,0,6,5,None,56.08225580025464,56.082542799413204,126.99394240044057,127.00926650036126,127.00926650036126,129.0095266001299,129.0095266001299,128.99433960020542,58.083008700050414,58.0830466998741,129.00416140072048,129.0095266001299,129.0095266001299,130.00979469995946,130.00979469995946,129.99404470063746,stimuli/box_coin_transparent.png,59.082692299969494,59.08272359985858,129.99411990027875,130.00979469995946,131.52590220049024,131.5092545002699,60.59789939969778,,,,,,,,,,,,,,,,99999,right,no,None,2025-05-21_17h30.01.425,RL_out-of-scanner,2024.2.4,59.69792846138299,2025-05-21 17h30.17.354836 -0500,
12,0,12,space,3.623589500784874,None,5,3.0632549999281764,None,60.59984220005572,None,,,None,62.09834179934114,62.098408999852836,63.09963160008192,63.099668700248,64.09901839960366,64.09906109981239,67.09861619956791,,,,,,,0,0,0,0,12,0,12,0,131.52590220049024,,,,,,,,,,,,,,,,,,,,,,,,,,,,,,60.59984220005572,131.5112557001412,131.52590220049024,131.52590220049024,131.52590220049024,131.52590220049024,133.00965750031173,None,,,right,1,15,5,0,6,5,None,62.09834179934114,62.098408999852836,133.00980810075998,133.02596840076149,133.02596840076149,134.0261582005769,134.0261582005769,134.01096450071782,63.09963160008192,63.099668700248,134.01940560061485,134.0261582005769,134.0261582005769,135.02636980079114,135.02636980079114,135.0103607000783,no selection made,64.09901839960366,64.09906109981239,135.0104546006769,135.02636980079114,138.02642840053886,138.0099695008248,67.09861619956791,,,133.02596840076149,133.02596840076149,133.02596840076149,133.02596840076149,,,,,,,,,,99999,right,no,None,2025-05-21_17h30.01.425,RL_out-of-scanner,2024.2.4,59.69792846138299,2025-05-21 17h30.17.354836 -0500,
13,0,13,space,3.623589500784874,None,5,3.0632549999281764,None,67.10004599951208,k,0.2872486999258399,None,None,67.41686959937215,67.41713489964604,67.91472079977393,67.91476509999484,68.91508639976382,68.91512629948556,70.91792069934309,,,,,,,0,0,0,0,13,0,13,0,138.02642840053886,,,,,,,,,,,,,,,,,,,,,,,,,,,,,,67.10004599951208,138.0114458007738,138.02642840053886,138.02642840053886,138.02642840053886,138.02642840053886,138.3281805003062,k,0.2872486999258399,None,right,1,15,6,0,7,6,None,67.41686959937215,67.41713489964604,138.32853190042078,138.34310930036008,138.34310930036008,138.8426058003679,138.8426058003679,138.8260511001572,67.91472079977393,67.91476509999484,138.83660870045424,138.8426058003679,138.8426058003679,,,139.82642870023847,stimuli/box_coin_transparent.png,68.91508639976382,68.91512629948556,139.8265300001949,139.84287430066615,141.84260520059615,141.8292649006471,70.91792069934309,,,,,,,,,,,,,,,,99999,right,no,None,2025-05-21_17h30.01.425,RL_out-of-scanner,2024.2.4,59.69792846138299,2025-05-21 17h30.17.354836 -0500,
14,0,14,space,3.623589500784874,None,5,3.0632549999281764,None,70.91945299971849,k,0.4602912003174424,None,None,71.39988490007818,71.4001762997359,72.89916280005127,72.89920749980956,73.89792940020561,73.89796609990299,74.89864639937878,,,,,,,0,0,0,0,14,0,14,0,141.84260520059615,,,,,,,,,,,,,,,,,,,,,,,,,,,,,,70.91945299971849,141.83085360005498,141.84260520059615,141.84260520059615,141.84260520059615,141.84260520059615,142.31118690036237,k,0.4602912003174424,None,right,1,15,7,0,8,7,None,71.39988490007818,71.4001762997359,142.31157910078764,142.32662030030042,142.32662030030042,143.82603450026363,143.82603450026363,143.81048630084842,72.89916280005127,72.89920749980956,143.82054160069674,143.82603450026363,143.82603450026363,144.82504580076784,144.82504580076784,144.80927790049464,stimuli/box_coin_transparent.png,73.89792940020561,73.89796609990299,144.80936750024557,144.82504580076784,145.82643190026283,145.80999890062958,74.89864639937878,,,,,,,,,,,,,,,,99999,right,no,None,2025-05-21_17h30.01.425,RL_out-of-scanner,2024.2.4,59.69792846138299,2025-05-21 17h30.17.354836 -0500,
15,0,15,space,3.623589500784874,None,5,3.0632549999281764,None,74.90038220025599,k,0.4120065998286009,None,None,75.33241579961032,75.33273459970951,76.33233539946377,76.332375199534,77.33231689967215,77.33234830014408,79.33146770019084,,,,,,,0,0,0,0,15,0,15,0,145.82643190026283,,,,,,,,,,,,,,,,,,,,,,,,,,,,,,74.90038220025599,145.81178950052708,145.82643190026283,145.82643190026283,145.82643190026283,145.82643190026283,146.24370830040425,k,0.4120065998286009,None,right,0,15,7,0,9,7,None,75.33241579961032,75.33273459970951,146.24415780045092,146.25928320083767,146.25928320083767,147.25937180034816,147.25937180034816,147.2436701003462,76.33233539946377,76.332375199534,147.25224620010704,147.25937180034816,147.25937180034816,148.25930420029908,148.25930420029908,148.2436688002199,stimuli/box_empty_transparent.png,77.33231689967215,77.33234830014408,148.2437440007925,148.25930420029908,150.25986930076033,150.24282100051641,79.33146770019084,,,,,,,,,,,,,,,,99999,right,no,None,2025-05-21_17h30.01.425,RL_out-of-scanner,2024.2.4,59.69792846138299,2025-05-21 17h30.17.354836 -0500,
16,0,16,space,3.623589500784874,None,5,3.0632549999281764,None,79.33290119934827,j,0.28962779976427555,None,None,79.64852309972048,79.64894219953567,81.64916929975152,81.64921410009265,82.64892859943211,82.64896079991013,83.64870059955865,,,,,,,0,0,0,0,16,0,16,0,150.25986930076033,,,,,,,,,,,,,,,,,,,,,,,,,,,,,,79.33290119934827,150.24430160038173,150.25986930076033,150.25986930076033,150.25986930076033,150.25986930076033,150.55980190075934,j,0.28962779976427555,None,right,0,15,7,0,9,7,None,79.64852309972048,79.64894219953567,150.56035580020398,150.57531570084393,150.57531570084393,152.57575260009617,152.57575260009617,152.56049660034478,81.64916929975152,81.64921410009265,152.56913930084556,152.57575260009617,152.57575260009617,153.5753704002127,153.5753704002127,153.56027969997376,stimuli/box_empty_transparent.png,82.64892859943211,82.64896079991013,153.5603571999818,153.5753704002127,154.57662870083004,154.5600554002449,83.64870059955865,,,,,,,,,,,,,,,,99999,right,no,None,2025-05-21_17h30.01.425,RL_out-of-scanner,2024.2.4,59.69792846138299,2025-05-21 17h30.17.354836 -0500,
17,0,17,space,3.623589500784874,None,5,3.0632549999281764,None,83.65020109992474,j,0.3733040997758508,None,None,84.04925670009106,84.04961640015244,85.04858489986509,85.04863059986383,86.04738030023873,86.04741119965911,87.04722450021654,,,,,,,0,0,0,0,17,0,17,0,154.57662870083004,,,,,,,,,,,,,,,,,,,,,,,,,,,,,,83.65020109992474,154.56160130072385,154.57662870083004,154.57662870083004,154.57662870083004,154.57662870083004,154.96056770067662,j,0.3733040997758508,None,right,0,15,7,0,9,7,None,84.04925670009106,84.04961640015244,154.96101690083742,154.97564580012113,154.97564580012113,155.97561360057443,155.97561360057443,155.9599145008251,85.04858489986509,85.04863059986383,155.968523000367,155.97561360057443,155.97561360057443,156.97460290044546,156.97460290044546,156.95873260032386,stimuli/box_empty_transparent.png,86.04738030023873,86.04741119965911,156.95880670007318,156.97460290044546,157.97507370077074,157.95857710018754,87.04722450021654,,,,,,,,,,,,,,,,99999,right,no,None,2025-05-21_17h30.01.425,RL_out-of-scanner,2024.2.4,59.69792846138299,2025-05-21 17h30.17.354836 -0500,
18,0,18,space,3.623589500784874,None,5,3.0632549999281764,None,87.04897900018841,k,0.22445760015398264,None,None,87.29900410026312,87.29931040015072,90.79830199945718,90.79834849946201,91.79741419944912,91.79746249970049,93.8146139997989,,,,,,,0,0,0,0,18,0,18,0,157.97507370077074,,,,,,,,,,,,,,,,,,,,,,,,,,,,,,87.04897900018841,157.96038600057364,157.97507370077074,157.97507370077074,157.97507370077074,157.97507370077074,158.21029260009527,k,0.22445760015398264,None,right,1,15,8,0,10,8,None,87.29900410026312,87.29931040015072,158.21072320081294,158.226147999987,158.226147999987,161.72560709994286,161.72560709994286,161.70963010005653,90.79830199945718,90.79834849946201,161.7198916003108,161.72560709994286,161.72560709994286,162.729093500413,162.729093500413,162.70875400025398,stimuli/box_coin_transparent.png,91.79741419944912,91.79746249970049,162.7088702004403,162.729093500413,164.74728440027684,164.72596770059317,93.8146139997989,,,,,,,,,,,,,,,,99999,right,no,None,2025-05-21_17h30.01.425,RL_out-of-scanner,2024.2.4,59.69792846138299,2025-05-21 17h30.17.354836 -0500,
19,0,19,space,3.623589500784874,None,5,3.0632549999281764,None,93.81605549994856,k,0.34246669989079237,None,None,94.18196870014071,94.18228279985487,95.18146710004658,95.18150669988245,96.181296300143,96.18132810015231,97.69663830008358,,,,,,,0,0,0,0,19,0,19,0,164.74728440027684,,,,,,,,,,,,,,,,,,,,,,,,,,,,,,93.81605549994856,164.72745600063354,164.74728440027684,164.74728440027684,164.74728440027684,164.74728440027684,165.09326220024377,k,0.34246669989079237,None,right,0,15,8,0,11,8,None,94.18196870014071,94.18228279985487,165.09368650056422,165.1094614006579,165.1094614006579,166.10855980031192,166.10855980031192,166.09279830008745,95.18146710004658,95.18150669988245,166.10113740060478,166.10855980031192,166.10855980031192,167.10861060023308,167.10861060023308,167.0926472004503,stimuli/box_empty_transparent.png,96.181296300143,96.18132810015231,167.09272390045226,167.10861060023308,168.62472440022975,168.60798960085958,97.69663830008358,,,,,,,,,,,,,,,,99999,right,no,None,2025-05-21_17h30.01.425,RL_out-of-scanner,2024.2.4,59.69792846138299,2025-05-21 17h30.17.354836 -0500,
20,0,20,space,3.623589500784874,None,5,3.0632549999281764,None,97.69836500007659,k,0.35305550042539835,None,None,98.08114439994097,98.08141910005361,100.08286860026419,100.08290900010616,101.08127969969064,101.08131659962237,103.08035229984671,,,,,,,0,0,0,0,20,0,20,0,168.62472440022975,,,,,,,,,,,,,,,,,,,,,,,,,,,,,,97.69836500007659,168.60977400001138,168.62472440022975,168.62472440022975,168.62472440022975,168.62472440022975,168.99245540052652,k,0.35305550042539835,None,right,1,15,9,0,12,9,None,98.08114439994097,98.08141910005361,168.9928188007325,169.0080732004717,169.0080732004717,171.00899300072342,171.00899300072342,170.99419510085136,100.08286860026419,100.08290900010616,171.00400040019304,171.00899300072342,171.00899300072342,172.00818760041147,172.00818760041147,171.9926271000877,stimuli/box_coin_transparent.png,101.08127969969064,101.08131659962237,171.9927181005478,172.00818760041147,174.0089946007356,173.99170619994402,103.08035229984671,,,,,,,,,,,,,,,,99999,right,no,None,2025-05-21_17h30.01.425,RL_out-of-scanner,2024.2.4,59.69792846138299,2025-05-21 17h30.17.354836 -0500,
21,0,21,space,3.623589500784874,None,5,3.0632549999281764,None,103.08180710021406,k,0.5698415003716946,None,None,103.68088210001588,103.68113309983164,106.68140569981188,106.68144300021231,107.68152089975774,107.68155279941857,109.19632259942591,,,,,,,0,0,0,0,21,0,21,0,174.0089946007356,,,,,,,,,,,,,,,,,,,,,,,,,,,,,,103.08180710021406,173.9932074006647,174.0089946007356,174.0089946007356,174.0089946007356,174.0089946007356,174.59218570031226,k,0.5698415003716946,None,right,1,15,10,0,13,10,None,103.68088210001588,103.68113309983164,174.59253130014986,174.6079555004835,174.6079555004835,177.60834960080683,177.60834960080683,177.59273940045387,106.68140569981188,106.68144300021231,177.60279910080135,177.60834960080683,177.60834960080683,178.608319000341,178.608319000341,178.59287180006504,stimuli/box_coin_transparent.png,107.68152089975774,107.68155279941857,178.59294840041548,178.608319000341,180.1242778999731,180.10767289996147,109.19632259942591,,,,,,,,,,,,,,,,99999,right,no,None,2025-05-21_17h30.01.425,RL_out-of-scanner,2024.2.4,59.69792846138299,2025-05-21 17h30.17.354836 -0500,
22,0,22,space,3.623589500784874,None,5,3.0632549999281764,None,109.19801229983568,k,0.6966993995010853,None,None,109.91424029972404,109.91452450025827,111.41475419979542,111.41479959990829,112.41384159959853,112.41387339960784,114.41424669977278,,,,,,,0,0,0,0,22,0,22,0,180.1242778999731,,,,,,,,,,,,,,,,,,,,,,,,,,,,,,109.19801229983568,180.1094197006896,180.1242778999731,180.1242778999731,180.1242778999731,180.1242778999731,180.8255354007706,k,0.6966993995010853,None,right,1,15,11,0,14,11,None,109.91424029972404,109.91452450025827,180.825928600505,180.8409723006189,180.8409723006189,182.34178940020502,182.34178940020502,182.32608020026237,111.41475419979542,111.41479959990829,182.33632849995047,182.34178940020502,182.34178940020502,183.34043370001018,183.34043370001018,183.3251940002665,stimuli/box_coin_transparent.png,112.41384159959853,112.41387339960784,183.32527030073106,183.34043370001018,185.34137389995158,185.32559680007398,114.41424669977278,,,,,,,,,,,,,,,,99999,right,no,None,2025-05-21_17h30.01.425,RL_out-of-scanner,2024.2.4,59.69792846138299,2025-05-21 17h30.17.354836 -0500,
23,0,23,space,3.623589500784874,None,5,3.0632549999281764,None,114.4156646002084,k,0.4301055995747447,None,None,114.86531309969723,114.86562579963356,116.3632942000404,116.36335039976984,117.363978699781,117.3640163000673,118.8638621000573,,,,,,,0,0,0,0,23,0,23,0,185.34137389995158,,,,,,,,,,,,,,,,,,,,,,,,,,,,,,114.4156646002084,185.32706500031054,185.34137389995158,185.34137389995158,185.34137389995158,185.34137389995158,185.77660480048507,k,0.4301055995747447,None,right,1,15,12,0,15,12,None,114.86531309969723,114.86562579963356,185.77702970057726,185.79126190021634,185.79126190021634,187.29265580046922,187.29265580046922,187.2746070008725,116.3632942000404,116.36335039976984,187.28747100010514,187.29265580046922,187.29265580046922,,,188.27532510086894,stimuli/box_coin_transparent.png,117.363978699781,117.3640163000673,188.27541580051184,188.2907506003976,189.79116949997842,189.7752155000344,118.8638621000573,,,,,,,,,,,,,,,,99999,right,no,None,2025-05-21_17h30.01.425,RL_out-of-scanner,2024.2.4,59.69792846138299,2025-05-21 17h30.17.354836 -0500,
24,0,24,space,3.623589500784874,None,5,3.0632549999281764,None,118.86531499959528,k,0.5590902995318174,None,None,119.44801010005176,119.44827539939433,121.44712259992957,121.447169999592,122.44700099993497,122.44703309983015,123.9471661997959,,,,,,,0,0,0,0,24,0,24,0,189.79116949997842,,,,,,,,,,,,,,,,,,,,,,,,,,,,,,118.86531499959528,189.77671540062875,189.79116949997842,189.79116949997842,189.79116949997842,189.79116949997842,190.35932000074536,k,0.5590902995318174,None,right,1,15,13,0,16,13,None,119.44801010005176,119.44827539939433,190.35967310052365,190.37462860066444,190.37462860066444,192.37527550011873,192.37527550011873,192.35844470001757,121.44712259992957,121.447169999592,192.3696809001267,192.37527550011873,192.37527550011873,193.37362090032548,193.37362090032548,193.35835100058466,stimuli/box_coin_transparent.png,122.44700099993497,122.44703309983015,193.35842830035836,193.37362090032548,194.87501240056008,194.85852220002562,123.9471661997959,,,,,,,,,,,,,,,,99999,right,no,None,2025-05-21_17h30.01.425,RL_out-of-scanner,2024.2.4,59.69792846138299,2025-05-21 17h30.17.354836 -0500,
25,0,25,space,3.623589500784874,None,5,3.0632549999281764,None,123.94862939976156,j,0.7174708992242813,None,None,124.70104840025306,124.70142529997975,125.69718139991164,125.69721959996969,126.69744419958442,126.6974762994796,130.1968347998336,,,,,,,0,0,0,0,25,0,25,0,194.87501240056008,,,,,,,,,,,,,,,,,,,,,,,,,,,,,,123.94862939976156,194.86002980079502,194.87501240056008,194.87501240056008,194.87501240056008,194.87501240056008,195.61235620081425,j,0.7174708992242813,None,right,1,15,13,0,16,13,None,124.70104840025306,124.70142529997975,195.61282690055668,195.62491450086236,195.62491450086236,196.62443800084293,196.62443800084293,196.60851440019906,125.69718139991164,125.69721959996969,196.61685490049422,196.62443800084293,196.62443800084293,197.6247371006757,197.6247371006757,197.60879550036043,stimuli/box_empty_transparent.png,126.69744419958442,126.6974762994796,197.60887120012194,197.6247371006757,201.12486180011183,201.1081853006035,130.1968347998336,,,,,,,,,,,,,,,,99999,right,no,None,2025-05-21_17h30.01.425,RL_out-of-scanner,2024.2.4,59.69792846138299,2025-05-21 17h30.17.354836 -0500,
26,0,26,space,3.623589500784874,None,5,3.0632549999281764,None,130.1982936002314,k,1.0570084992796183,None,['k'],131.2811230001971,131.28145259991288,131.78040899988264,131.78044569958,132.7803937997669,132.78042419999838,136.28009559959173,[0.24943589977920055],[0.22296509984880686],,,,,0,0,0,0,26,0,26,0,201.12486180011183,,,,,,,,,,,,,,,,,,,,,,,,,,,,,,130.1982936002314,201.1096938000992,201.12486180011183,201.12486180011183,201.12486180011183,201.12486180011183,202.19237630069256,k,1.0570084992796183,None,right,1,15,14,0,17,14,['k'],131.2811230001971,131.28145259991288,202.19285700004548,202.2080383002758,202.2080383002758,202.70745069999248,202.70745069999248,202.69174250029027,131.78040899988264,131.78044569958,202.7014723001048,202.70745069999248,202.70745069999248,203.70711630024016,203.70711630024016,203.6917426008731,stimuli/box_coin_transparent.png,132.7803937997669,132.78042419999838,203.69181770086288,203.70711630024016,207.2085965005681,207.1914488002658,136.28009559959173,[0.24943589977920055],[0.22296509984880686],,,,,,,,,,,,,,99999,right,no,None,2025-05-21_17h30.01.425,RL_out-of-scanner,2024.2.4,59.69792846138299,2025-05-21 17h30.17.354836 -0500,
27,0,27,space,3.623589500784874,None,5,3.0632549999281764,None,136.28162639960647,k,0.36056810058653355,None,None,136.66399030014873,136.66430430021137,138.16470419988036,138.16474290005863,139.1789370002225,139.1789795998484,140.18021649960428,,,,,,,0,0,0,0,27,0,27,0,207.2085965005681,,,,,,,,,,,,,,,,,,,,,,,,,,,,,,136.28162639960647,207.19302690029144,207.2085965005681,207.2085965005681,207.2085965005681,207.2085965005681,207.57527430076152,k,0.36056810058653355,None,right,0,15,14,0,18,14,None,136.66399030014873,136.66430430021137,207.57570870034397,207.59114850033075,207.59114850033075,209.0912549002096,209.0912549002096,209.07603720016778,138.16470419988036,138.16474290005863,209.0841904003173,209.0912549002096,209.0912549002096,,,210.09027670044452,stimuli/box_empty_transparent.png,139.1789370002225,139.1789795998484,210.09039000049233,210.1063676001504,211.10813570022583,211.09156690072268,140.18021649960428,,,,,,,,,,,,,,,,99999,right,no,None,2025-05-21_17h30.01.425,RL_out-of-scanner,2024.2.4,59.69792846138299,2025-05-21 17h30.17.354836 -0500,
28,0,28,space,3.623589500784874,None,5,3.0632549999281764,None,140.18174279946834,k,0.30504800006747246,None,None,140.514103599824,140.51446819957346,141.5137796998024,141.5138189997524,142.51341679971665,142.51344759948552,146.01287809945643,,,,,,,0,0,0,0,28,0,28,0,211.10813570022583,,,,,,,,,,,,,,,,,,,,,,,,,,,,,,140.18174279946834,211.0931428000331,211.10813570022583,211.10813570022583,211.10813570022583,211.10813570022583,211.42540280055255,k,0.30504800006747246,None,right,0,15,14,0,19,14,None,140.514103599824,140.51446819957346,211.42587330006063,211.4405913008377,211.4405913008377,212.44043290056288,212.44043290056288,212.4251105003059,141.5137796998024,141.5138189997524,212.43414580076933,212.44043290056288,212.44043290056288,213.44050050061196,213.44050050061196,213.42476850003004,stimuli/box_empty_transparent.png,142.51341679971665,142.51344759948552,213.4248431008309,213.44050050061196,216.94138940051198,216.92423190083355,146.01287809945643,,,,,,,,,,,,,,,,99999,right,no,None,2025-05-21_17h30.01.425,RL_out-of-scanner,2024.2.4,59.69792846138299,2025-05-21 17h30.17.354836 -0500,
29,0,29,space,3.623589500784874,None,5,3.0632549999281764,None,146.01445840019733,j,0.4798173997551203,None,None,146.51390959974378,146.5143166994676,148.51322969980538,148.51327139977366,149.51345849968493,149.51349660009146,150.51279990002513,,,,,,,0,0,0,0,29,0,29,0,216.94138940051198,,,,,,,,,,,,,,,,,,,,,,,,,,,,,,146.01445840019733,216.9258593004197,216.94138940051198,216.94138940051198,216.94138940051198,216.94138940051198,217.42520340066403,j,0.4798173997551203,None,right,0,15,14,0,19,14,None,146.51390959974378,146.5143166994676,217.42572179995477,217.4405666999519,217.4405666999519,219.44053110014647,219.44053110014647,219.42456030007452,148.51322969980538,148.51327139977366,219.43405249994248,219.44053110014647,219.44053110014647,,,220.42479410022497,stimuli/box_empty_transparent.png,149.51345849968493,149.51349660009146,220.42490060068667,220.44039820041507,221.4403883004561,221.42414990067482,150.51279990002513,,,,,,,,,,,,,,,,99999,right,no,None,2025-05-21_17h30.01.425,RL_out-of-scanner,2024.2.4,59.69792846138299,2025-05-21 17h30.17.354836 -0500,
30,0,30,space,3.623589500784874,None,5,3.0632549999281764,None,150.51436019968241,k,0.3317304998636246,None,None,150.863331399858,150.86367509979755,151.86209219973534,151.86213399935514,152.86253509949893,152.8625683998689,153.86297519970685,,,,,,,0,0,0,0,30,0,30,0,221.4403883004561,,,,,,,,,,,,,,,,,,,,,,,,,,,,,,150.51436019968241,221.42576100025326,221.4403883004561,221.4403883004561,221.4403883004561,221.4403883004561,221.7746146004647,k,0.3317304998636246,None,right,1,15,15,0,20,15,None,150.863331399858,150.86367509979755,221.77508189994842,221.78994800057262,221.78994800057262,222.7918910002336,222.7918910002336,222.77342060022056,151.86209219973534,151.86213399935514,222.7832148000598,222.7918910002336,222.7918910002336,,,223.77388400025666,stimuli/box_coin_transparent.png,152.86253509949893,152.8625683998689,223.77396559994668,223.7898836005479,224.79077710025012,224.77432870026678,153.86297519970685,,,,,,,,,,,,,,,,99999,right,no,None,2025-05-21_17h30.01.425,RL_out-of-scanner,2024.2.4,59.69792846138299,2025-05-21 17h30.17.354836 -0500,
31,0,31,space,3.623589500784874,None,5,3.0632549999281764,None,153.86439839936793,k,0.28424600046128035,None,None,154.18136369995773,154.18163259979337,157.17881029937416,157.17885489948094,158.17930370010436,158.17934000026435,160.6791313001886,,,,,,,0,0,0,0,31,0,31,0,224.79077710025012,,,,,,,,,,,,,,,,,,,,,,,,,,,,,,153.86439839936793,224.77579820062965,224.79077710025012,224.79077710025012,224.79077710025012,224.79077710025012,225.0926455007866,k,0.28424600046128035,None,left,1,13,0,1,20,15,None,154.18136369995773,154.18163259979337,225.09302990045398,225.10712860058993,225.10712860058993,228.10675980057567,228.10675980057567,228.09013970009983,157.17881029937416,157.17885489948094,228.09958000015467,228.10675980057567,228.10675980057567,,,229.09064930025488,stimuli/box_empty_transparent.png,158.17930370010436,158.17934000026435,229.09074290003628,229.10629500076175,231.60774430073798,231.59048540052027,160.6791313001886,,,,,,,,,,,,,,,,99999,right,no,None,2025-05-21_17h30.01.425,RL_out-of-scanner,2024.2.4,59.69792846138299,2025-05-21 17h30.17.354836 -0500,
32,0,32,space,3.623589500784874,None,5,3.0632549999281764,None,160.68065429944545,k,0.36159549932926893,None,None,161.06352499965578,161.06380159966648,162.06328330002725,162.06332179997116,163.06186470016837,163.0619049994275,164.0627528000623,,,,,,,0,0,0,0,32,0,32,0,231.60774430073798,,,,,,,,,,,,,,,,,,,,,,,,,,,,,,160.68065429944545,231.592055500485,231.60774430073798,231.60774430073798,231.60774430073798,231.60774430073798,231.97483770083636,k,0.36159549932926893,None,left,1,13,0,1,20,15,None,161.06352499965578,161.06380159966648,231.97519880067557,231.99047990050167,231.99047990050167,232.990048000589,232.990048000589,232.9746161000803,162.06328330002725,162.06332179997116,232.98279890045524,232.990048000589,232.990048000589,233.98895490076393,233.98895490076393,233.97320910077542,stimuli/box_empty_transparent.png,163.06186470016837,163.0619049994275,233.97331440076232,233.98895490076393,234.99033720046282,234.97410760074854,164.0627528000623,,,,,,,,,,,,,,,,99999,right,no,None,2025-05-21_17h30.01.425,RL_out-of-scanner,2024.2.4,59.69792846138299,2025-05-21 17h30.17.354836 -0500,
33,0,33,space,3.623589500784874,None,5,3.0632549999281764,None,164.0642521996051,k,0.34051029942929745,None,None,164.43021370004863,164.4304748000577,166.42839729972184,166.42843249998987,167.42890379950404,167.42893529962748,168.92801509983838,,,,,,,0,0,0,0,33,0,33,0,234.99033720046282,,,,,,,,,,,,,,,,,,,,,,,,,,,,,,164.0642521996051,234.97565180063248,234.99033720046282,234.99033720046282,234.99033720046282,234.99033720046282,235.34152920078486,k,0.34051029942929745,None,left,1,13,0,1,20,15,None,164.43021370004863,164.4304748000577,235.34187200013548,235.35683750081807,235.35683750081807,237.35658380016685,237.35658380016685,237.33973350003362,166.42839729972184,166.42843249998987,237.34905660059303,237.35658380016685,237.35658380016685,,,238.34025350026786,stimuli/box_empty_transparent.png,167.42890379950404,167.42893529962748,238.3403338007629,238.3561549000442,239.85596880037338,239.83936390001327,168.92801509983838,,,,,,,,,,,,,,,,99999,right,no,None,2025-05-21_17h30.01.425,RL_out-of-scanner,2024.2.4,59.69792846138299,2025-05-21 17h30.17.354836 -0500,
34,0,34,space,3.623589500784874,None,5,3.0632549999281764,None,168.93026219960302,j,0.3983942996710539,None,None,169.3457654993981,169.34611839987338,172.3460344998166,172.34607340022922,173.34581569954753,173.3458468001336,175.84495539963245,,,,,,,0,0,0,0,34,0,34,0,239.85596880037338,,,,,,,,,,,,,,,,,,,,,,,,,,,,,,168.93026219960302,239.8416760005057,239.85596880037338,239.85596880037338,239.85596880037338,239.85596880037338,240.25706050079316,j,0.3983942996710539,None,left,1,13,1,1,21,16,None,169.3457654993981,169.34611839987338,240.25752300024033,240.2726159002632,240.2726159002632,243.272998300381,243.272998300381,243.2573682004586,172.3460344998166,172.34607340022922,243.26711520086974,243.272998300381,243.272998300381,244.27269800007343,244.27269800007343,244.25716760009527,stimuli/box_coin_transparent.png,173.34581569954753,173.3458468001336,244.2572420006618,244.27269800007343,246.77264710050076,246.75630630087107,175.84495539963245,,,,,,,,,,,,,,,,99999,right,no,None,2025-05-21_17h30.01.425,RL_out-of-scanner,2024.2.4,59.69792846138299,2025-05-21 17h30.17.354836 -0500,
35,0,35,space,3.623589500784874,None,5,3.0632549999281764,None,175.84688309952617,j,0.35742759983986616,None,None,176.2308260994032,176.23122289963067,177.7295148000121,177.72955220006406,178.7298691002652,178.72989869955927,179.7286681002006,,,,,,,0,0,0,0,35,0,35,0,246.77264710050076,,,,,,,,,,,,,,,,,,,,,,,,,,,,,,175.84688309952617,246.7582917008549,246.77264710050076,246.77264710050076,246.77264710050076,246.77264710050076,247.14212500024587,j,0.35742759983986616,None,left,0,13,1,1,22,16,None,176.2308260994032,176.23122289963067,247.14262730069458,247.15690820012242,247.15690820012242,248.6563979005441,248.6563979005441,248.64084869995713,177.7295148000121,177.72955220006406,248.6492080008611,248.6563979005441,248.6563979005441,249.65623930003494,249.65623930003494,249.64122110046446,stimuli/box_empty_transparent.png,178.7298691002652,178.72989869955927,249.64129610080272,249.65623930003494,250.6564267007634,250.64001870062202,179.7286681002006,,,,,,,,,,,,,,,,99999,right,no,None,2025-05-21_17h30.01.425,RL_out-of-scanner,2024.2.4,59.69792846138299,2025-05-21 17h30.17.354836 -0500,
36,0,36,space,3.623589500784874,None,5,3.0632549999281764,None,179.7304441994056,k,0.3327239006757736,None,None,180.0800551995635,180.08031480014324,181.59538489952683,181.59542339947075,182.59455669950694,182.59458529949188,186.0939961001277,,,,,,,0,0,0,0,36,0,36,0,250.6564267007634,,,,,,,,,,,,,,,,,,,,,,,,,,,,,,179.7304441994056,250.64184940047562,250.6564267007634,250.6564267007634,250.6564267007634,250.6564267007634,250.9913684008643,k,0.3327239006757736,None,left,0,13,1,1,22,16,None,180.0800551995635,180.08031480014324,250.991712000221,251.00900160055608,251.00900160055608,252.52282080054283,252.52282080054283,252.50671780016273,181.59538489952683,181.59542339947075,252.5149505008012,252.52282080054283,252.52282080054283,253.52172060031444,253.52172060031444,253.505909900181,stimuli/box_empty_transparent.png,182.59455669950694,182.59458529949188,253.50598020013422,253.52172060031444,257.0221333000809,257.0053487000987,186.0939961001277,,,,,,,,,,,,,,,,99999,right,no,None,2025-05-21_17h30.01.425,RL_out-of-scanner,2024.2.4,59.69792846138299,2025-05-21 17h30.17.354836 -0500,
37,0,37,space,3.623589500784874,None,5,3.0632549999281764,None,186.09571549948305,j,0.32688730023801327,None,None,186.44542809948325,186.44585009943694,188.4458194002509,188.44586239941418,189.44587189983577,189.44590760022402,190.44491409976035,,,,,,,0,0,0,0,37,0,37,0,257.0221333000809,,,,,,,,,,,,,,,,,,,,,,,,,,,,,,186.09571549948305,257.0071221999824,257.0221333000809,257.0221333000809,257.0221333000809,257.0221333000809,257.35670210048556,j,0.32688730023801327,None,left,1,13,2,1,23,17,None,186.44542809948325,186.44585009943694,257.35726190079004,257.3721183007583,257.3721183007583,259.3724939003587,259.3724939003587,259.3571448000148,188.4458194002509,188.44586239941418,259.3669903008267,259.3724939003587,259.3724939003587,260.3724536001682,260.3724536001682,260.3572212001309,stimuli/box_coin_transparent.png,189.44587189983577,189.44590760022402,260.35730880033225,260.3724536001682,261.372316500172,261.356259400025,190.44491409976035,,,,,,,,,,,,,,,,99999,right,no,None,2025-05-21_17h30.01.425,RL_out-of-scanner,2024.2.4,59.69792846138299,2025-05-21 17h30.17.354836 -0500,
38,0,38,space,3.623589500784874,None,5,3.0632549999281764,None,190.4467487996444,j,0.7349038003012538,None,None,191.21290259994566,191.21322319936007,192.22746489942074,192.2275102995336,193.22837790008634,193.22841180022806,194.72820159979165,,,,,,,0,0,0,0,38,0,38,0,261.372316500172,,,,,,,,,,,,,,,,,,,,,,,,,,,,,,190.4467487996444,261.35815000068396,261.372316500172,261.372316500172,261.372316500172,261.372316500172,262.1242190003395,j,0.7349038003012538,None,left,1,13,3,1,24,18,None,191.21290259994566,191.21322319936007,262.1246206006035,262.13987380079925,262.13987380079925,263.1557209007442,263.1557209007442,263.1387900002301,192.22746489942074,192.2275102995336,263.1492051007226,263.1557209007442,263.1557209007442,,,264.13972500059754,stimuli/box_coin_transparent.png,193.22837790008634,193.22841180022806,264.1398146003485,264.1556908003986,265.6569934003055,265.6395573001355,194.72820159979165,,,,,,,,,,,,,,,,99999,right,no,None,2025-05-21_17h30.01.425,RL_out-of-scanner,2024.2.4,59.69792846138299,2025-05-21 17h30.17.354836 -0500,
39,0,39,space,3.623589500784874,None,5,3.0632549999281764,None,194.72970419935882,j,0.6294809998944402,None,None,195.37882709968835,195.37918670009822,196.37869929987937,196.3787415996194,197.3789016995579,197.37894529942423,198.3768900996074,,,,,,,0,0,0,0,39,0,39,0,265.6569934003055,,,,,,,,,,,,,,,,,,,,,,,,,,,,,,194.72970419935882,265.6411039000377,265.6569934003055,265.6569934003055,265.6569934003055,265.6569934003055,266.29014080017805,j,0.6294809998944402,None,left,0,13,3,1,25,18,None,195.37882709968835,195.37918670009822,266.29058670066297,266.30567220039666,266.30567220039666,267.3057225001976,267.3057225001976,267.29002510011196,196.37869929987937,196.3787415996194,267.2984862001613,267.3057225001976,267.3057225001976,268.3054543007165,268.3054543007165,268.2902447003871,stimuli/box_empty_transparent.png,197.3789016995579,197.37894529942423,268.290359900333,268.3054543007165,269.3051299005747,269.288242100738,198.3768900996074,,,,,,,,,,,,,,,,99999,right,no,None,2025-05-21_17h30.01.425,RL_out-of-scanner,2024.2.4,59.69792846138299,2025-05-21 17h30.17.354836 -0500,
40,0,40,space,3.623589500784874,None,5,3.0632549999281764,None,198.37858559936285,j,0.2771279998123646,None,None,198.67831909935921,198.6787356995046,200.1782721001655,200.17831620015204,201.17861340008676,201.1786495996639,202.1778392996639,,,,,,,0,0,0,0,40,0,40,0,269.3051299005747,,,,,,,,,,,,,,,,,,,,,,,,,,,,,,198.37858559936285,269.28999240044504,269.3051299005747,269.3051299005747,269.3051299005747,269.3051299005747,269.58960370067507,j,0.2771279998123646,None,left,1,13,4,1,26,19,None,198.67831909935921,198.6787356995046,269.5901484005153,269.60496880020946,269.60496880020946,271.10531340073794,271.10531340073794,271.0896013006568,200.1782721001655,200.17831620015204,271.1000698003918,271.10531340073794,271.10531340073794,272.10516550019383,272.10516550019383,272.08996140025556,stimuli/box_coin_transparent.png,201.17861340008676,201.1786495996639,272.0900514004752,272.10516550019383,273.10569540038705,273.08919339999557,202.1778392996639,,,,,,,,,,,,,,,,99999,right,no,None,2025-05-21_17h30.01.425,RL_out-of-scanner,2024.2.4,59.69792846138299,2025-05-21 17h30.17.354836 -0500,
41,0,41,space,3.623589500784874,None,5,3.0632549999281764,None,202.17934559937567,j,0.4176097000017762,None,None,202.6291226996109,202.6295405002311,203.62886979989707,203.628908299841,204.62737779971212,204.62741309963167,207.6280395993963,,,,,,,0,0,0,0,41,0,41,0,273.10569540038705,,,,,,,,,,,,,,,,,,,,,,,,,,,,,,202.17934559937567,273.0907450001687,273.10569540038705,273.10569540038705,273.10569540038705,273.10569540038705,273.5404201000929,j,0.4176097000017762,None,left,1,13,5,1,27,20,None,202.6291226996109,202.6295405002311,273.540942100808,273.5562244001776,273.5562244001776,274.5557769006118,274.5557769006118,274.5402041003108,203.62886979989707,203.628908299841,274.55023240018636,274.5557769006118,274.5557769006118,275.55444070044905,275.55444070044905,275.53872670046985,stimuli/box_coin_transparent.png,204.62737779971212,204.62741309963167,275.53881449997425,275.55444070044905,278.55553890019655,278.5393942007795,207.6280395993963,,,,,,,,,,,,,,,,99999,right,no,None,2025-05-21_17h30.01.425,RL_out-of-scanner,2024.2.4,59.69792846138299,2025-05-21 17h30.17.354836 -0500,
42,0,42,space,3.623589500784874,None,5,3.0632549999281764,None,207.62958259973675,j,0.2932443004101515,None,None,207.94555590022355,207.94589320011437,209.9437697995454,209.94381519965827,210.94458489958197,210.9446179997176,214.4444671999663,,,,,,,0,0,0,0,42,0,42,0,278.55553890019655,,,,,,,,,,,,,,,,,,,,,,,,,,,,,,207.62958259973675,278.54098240006715,278.55553890019655,278.55553890019655,278.55553890019655,278.55553890019655,278.8568706000224,j,0.2932443004101515,None,left,1,13,6,1,28,21,None,207.94555590022355,207.94589320011437,278.85729130078107,278.87212570011616,278.87212570011616,280.87198530044407,280.87198530044407,280.85509920027107,209.9437697995454,209.94381519965827,280.8665644004941,280.87198530044407,280.87198530044407,,,281.8559241006151,stimuli/box_coin_transparent.png,210.94458489958197,210.9446179997176,281.8560157008469,281.87160910014063,285.3731559002772,285.3558193007484,214.4444671999663,,,,,,,,,,,,,,,,99999,right,no,None,2025-05-21_17h30.01.425,RL_out-of-scanner,2024.2.4,59.69792846138299,2025-05-21 17h30.17.354836 -0500,
43,0,43,space,3.623589500784874,None,5,3.0632549999281764,None,214.44621369987726,j,0.33729799930006266,None,None,214.81183020025492,214.8121515000239,215.81029229983687,215.8103425996378,216.81160170026124,216.81164109986275,218.8108887001872,,,,,,,0,0,0,0,43,0,43,0,285.3731559002772,,,,,,,,,,,,,,,,,,,,,,,,,,,,,,214.44621369987726,285.3576190005988,285.3731559002772,285.3731559002772,285.3731559002772,285.3731559002772,285.7231455007568,j,0.33729799930006266,None,left,1,13,7,1,29,22,None,214.81183020025492,214.8121515000239,285.72354899998754,285.7387220002711,285.7387220002711,286.739452900365,286.739452900365,286.72161300014704,215.81029229983687,215.8103425996378,286.734187300317,286.739452900365,286.739452900365,,,287.722947800532,stimuli/box_coin_transparent.png,216.81160170026124,216.81164109986275,287.7230386007577,287.7385645005852,289.73902700003237,289.72224150039256,218.8108887001872,,,,,,,,,,,,,,,,99999,right,no,None,2025-05-21_17h30.01.425,RL_out-of-scanner,2024.2.4,59.69792846138299,2025-05-21 17h30.17.354836 -0500,
44,0,44,space,3.623589500784874,None,5,3.0632549999281764,None,218.81263159960508,j,0.4659659005701542,None,None,219.29579420015216,219.29621529951692,221.79363689944148,221.79368849936873,222.79451469983906,222.79454590007663,224.79424019996077,,,,,,,0,0,0,0,44,0,44,0,289.73902700003237,,,,,,,,,,,,,,,,,,,,,,,,,,,,,,218.81263159960508,289.72403660044074,289.73902700003237,289.73902700003237,289.73902700003237,289.73902700003237,290.20709160063416,j,0.4659659005701542,None,left,1,13,8,1,30,23,None,219.29579420015216,219.29621529951692,290.20761980023235,290.22192890010774,290.22192890010774,292.72261500079185,292.72261500079185,292.7049553003162,221.79363689944148,221.79368849936873,292.71550719998777,292.72261500079185,292.72261500079185,,,293.70586470048875,stimuli/box_coin_transparent.png,222.79451469983906,222.79454590007663,293.7059439001605,293.7217527003959,295.7217399002984,295.70559060014784,224.79424019996077,,,,,,,,,,,,,,,,99999,right,no,None,2025-05-21_17h30.01.425,RL_out-of-scanner,2024.2.4,59.69792846138299,2025-05-21 17h30.17.354836 -0500,
45,0,45,space,3.623589500784874,None,5,3.0632549999281764,None,224.7967881001532,j,0.3501198999583721,None,None,225.16234620008618,225.1627508001402,226.16108130011708,226.1611174000427,227.16133109945804,227.16136659961194,228.1594437994063,,,,,,,0,0,0,0,45,0,45,0,295.7217399002984,,,,,,,,,,,,,,,,,,,,,,,,,,,,,,224.7967881001532,295.70819350052625,295.7217399002984,295.7217399002984,295.7217399002984,295.7217399002984,296.0736436005682,j,0.3501198999583721,None,left,1,13,9,1,31,24,None,225.16234620008618,225.1627508001402,296.0741566000506,296.0885160006583,296.0885160006583,297.08815570082515,297.08815570082515,297.07241410017014,226.16108130011708,226.1611174000427,297.08213840052485,297.08815570082515,297.08815570082515,298.0879164002836,298.0879164002836,298.0726793007925,stimuli/box_coin_transparent.png,227.16133109945804,227.16136659961194,298.07276810053736,298.0879164002836,299.087579600513,299.07079610042274,228.1594437994063,,,,,,,,,,,,,,,,99999,right,no,None,2025-05-21_17h30.01.425,RL_out-of-scanner,2024.2.4,59.69792846138299,2025-05-21 17h30.17.354836 -0500,
46,0,46,space,3.623589500784874,None,5,3.0632549999281764,None,228.1611361000687,None,,,None,229.66106070019305,229.66114609967917,231.66058690007776,231.66062240023166,232.6607650993392,232.66079679969698,233.67688830010593,,,,,,,0,0,0,0,46,0,46,0,299.087579600513,,,,,,,,,,,,,,,,,,,,,,,,,,,,,,228.1611361000687,299.0725425006822,299.087579600513,299.087579600513,299.087579600513,299.087579600513,300.57237320020795,None,,,left,1,13,9,1,31,24,None,229.66106070019305,229.66114609967917,300.5725468005985,300.5884183002636,300.5884183002636,302.58879710081965,302.58879710081965,302.5719195008278,231.66058690007776,231.66062240023166,302.5805051000789,302.58879710081965,302.58879710081965,303.58815910015255,303.58815910015255,303.57211830001324,no selection made,232.6607650993392,232.66079679969698,303.5721883000806,303.58815910015255,304.6042009005323,304.5882371002808,233.67688830010593,,,,,,,,,,,,,,,,99999,right,no,None,2025-05-21_17h30.01.425,RL_out-of-scanner,2024.2.4,59.69792846138299,2025-05-21 17h30.17.354836 -0500,
47,0,47,space,3.623589500784874,None,5,3.0632549999281764,None,233.67907609976828,j,0.35350120067596436,None,None,234.06049910001457,234.06082629971206,237.06077199988067,237.06081379950047,238.06085809972137,238.0608928995207,239.55998469982296,,,,,,,0,0,0,0,47,0,47,0,304.6042009005323,,,,,,,,,,,,,,,,,,,,,,,,,,,,,,233.67907609976828,304.5904894005507,304.6042009005323,304.6042009005323,304.6042009005323,304.6042009005323,304.9718158002943,j,0.35350120067596436,None,left,1,13,10,1,32,25,None,234.06049910001457,234.06082629971206,304.97222600039095,304.98749410081655,304.98749410081655,307.98761750012636,307.98761750012636,307.9721005000174,237.06077199988067,237.06081379950047,307.98203140031546,307.98761750012636,307.98761750012636,308.98786400072277,308.98786400072277,308.9722077008337,stimuli/box_coin_transparent.png,238.06085809972137,238.0608928995207,308.9722943007946,308.98786400072277,310.4871768001467,310.4713402008638,239.55998469982296,,,,,,,,,,,,,,,,99999,right,no,None,2025-05-21_17h30.01.425,RL_out-of-scanner,2024.2.4,59.69792846138299,2025-05-21 17h30.17.354836 -0500,
48,0,48,space,3.623589500784874,None,5,3.0632549999281764,None,239.56148429960012,j,0.3290202999487519,None,None,239.9104111995548,239.9107504999265,241.4110797001049,241.4111168999225,242.410693699494,242.4107245001942,245.9255978995934,,,,,,,0,0,0,0,48,0,48,0,310.4871768001467,,,,,,,,,,,,,,,,,,,,,,,,,,,,,,239.56148429960012,310.4728927006945,310.4871768001467,310.4871768001467,310.4871768001467,310.4871768001467,310.8217107001692,j,0.3290202999487519,None,left,1,13,11,1,33,26,None,239.9104111995548,239.9107504999265,310.8221553005278,310.8372492007911,310.8372492007911,312.3377559008077,312.3377559008077,312.32241330016404,241.4110797001049,241.4111168999225,312.3321541007608,312.3377559008077,312.3377559008077,313.33835500013083,313.33835500013083,313.32204520050436,stimuli/box_coin_transparent.png,242.410693699494,242.4107245001942,313.32212170027196,313.33835500013083,316.8536028005183,316.8369452999905,245.9255978995934,,,,,,,,,,,,,,,,99999,right,no,None,2025-05-21_17h30.01.425,RL_out-of-scanner,2024.2.4,59.69792846138299,2025-05-21 17h30.17.354836 -0500,
49,0,49,space,3.623589500784874,None,5,3.0632549999281764,None,245.92783119995147,j,0.33216390013694763,None,None,246.27668110001832,246.27698209974915,247.77728930022568,247.77733349986374,248.7778016999364,248.7778359996155,248.77830019965768,,,,,,,0,0,0,0,49,0,49,0,316.8536028005183,,,,,,,,,,,,,,,,,,,,,,,,,,,,,,245.92783119995147,316.8392440006137,316.8536028005183,316.8536028005183,316.8536028005183,316.8536028005183,317.1879956005141,j,0.33216390013694763,None,left,0,13,11,1,34,26,None,246.27668110001832,246.27698209974915,317.18837979994714,317.2038956005126,317.2038956005126,318.7041345005855,318.7041345005855,318.6886190008372,247.77728930022568,247.77733349986374,318.6973697002977,318.7041345005855,318.7041345005855,319.7210661005229,319.7210661005229,319.68915110081434,stimuli/box_empty_transparent.png,248.7778016999364,248.7778359996155,319.68923720065504,319.7210661005229,319.7210661005229,319.68964010011405,248.77830019965768,,,,,,,,,,,,,,,,99999,right,no,None,2025-05-21_17h30.01.425,RL_out-of-scanner,2024.2.4,59.69792846138299,2025-05-21 17h30.17.354836 -0500,
0,0,0,space,3.623589500784874,None,5,3.0632549999281764,None,,,,,,,,,,,,,,,,,,,0,0,0,0,,,,,,,,,,,,,,,,,,,,,,,,,,,,,,,,,,,,,,,,,,,,,,,,,,,,,,,,,,,,,,,,,,,,,,,,,,,,,,,,,,,319.715757900849,319.7210661005229,323.6917443005368,323.6969924001023,323.70723710022867,374.28906650003046,374.27287900075316,,,99999,right,no,None,2025-05-21_17h30.01.425,RL_out-of-scanner,2024.2.4,59.69792846138299,2025-05-21 17h30.17.354836 -0500,
0,0,0,space,4.532669699750841,None,5,2.0366214998066425,None,0.001852499321103096,None,,,None,1.499881399795413,1.4999583000317216,2.500353000126779,2.5003945995122194,3.4999156994745135,3.499947600066662,5.499126899987459,,,,,,,1,0,1,0,0,0,0,0,380.90595650020987,,,,,,,,,,,,,,,,374.2730970000848,374.28906650003046,374.28906650003046,378.8232801007107,space,4.532669699750841,None,378.82335600070655,378.83878010045737,378.83878010045737,380.88968620076776,5,2.0366214998066425,None,0.001852499321103096,380.8916229000315,380.90595650020987,380.90595650020987,380.90595650020987,380.90595650020987,382.3895757002756,None,,,right,0,12,0,2,34,0,None,1.499881399795413,1.4999583000317216,382.3897219002247,382.4061392005533,382.4061392005533,383.4056306006387,383.4056306006387,383.39005180075765,2.500353000126779,2.5003945995122194,383.3989925002679,383.4056306006387,383.4056306006387,384.4049265002832,384.4049265002832,384.38963810075074,no selection made,3.4999156994745135,3.499947600066662,384.3897097008303,384.4049265002832,386.40612470079213,386.38885170035064,5.499126899987459,,,382.4061392005533,382.4061392005533,382.4061392005533,382.4061392005533,,,,,,,,,,99999,right,no,None,2025-05-21_17h30.01.425,RL_out-of-scanner,2024.2.4,59.69792846138299,2025-05-21 17h30.17.354836 -0500,
1,0,1,space,4.532669699750841,None,5,2.0366214998066425,None,5.5005738995969296,k,0.27524830028414726,None,None,5.801555499434471,5.8018213994801044,7.2995021995157,7.299539599567652,8.300027700141072,8.300057699903846,9.799026899971068,,,,,,,1,0,1,0,1,0,1,0,386.40612470079213,,,,,,,,,,,,,,,,,,,,,,,,,,,,,,5.5005738995969296,386.3903434006497,386.40612470079213,386.40612470079213,386.40612470079213,386.40612470079213,386.69123800005764,k,0.27524830028414726,None,right,1,12,1,2,35,1,None,5.801555499434471,5.8018213994801044,386.69158770050853,386.70615690015256,386.70615690015256,388.20533660054207,388.20533660054207,388.1892087003216,7.2995021995157,7.299539599567652,388.19893350079656,388.20533660054207,388.20533660054207,389.20471900049597,389.20471900049597,389.1897507002577,stimuli/box_coin_transparent.png,8.300027700141072,8.300057699903846,389.1898242002353,389.20471900049597,390.70550699997693,390.68874800018966,9.799026899971068,,,,,,,,,,,,,,,,99999,right,no,None,2025-05-21_17h30.01.425,RL_out-of-scanner,2024.2.4,59.69792846138299,2025-05-21 17h30.17.354836 -0500,
2,0,2,space,4.532669699750841,None,5,2.0366214998066425,None,9.800501800142229,k,0.3152953004464507,None,None,10.133966299705207,10.134229400195181,11.134280399419367,11.134316999465227,12.132093999534845,12.13212819956243,15.132796099409461,,,,,,,1,0,1,0,2,0,2,0,390.70550699997693,,,,,,,,,,,,,,,,,,,,,,,,,,,,,,9.800501800142229,390.6902716001496,390.70550699997693,390.70550699997693,390.70550699997693,390.70550699997693,391.02364820055664,k,0.3152953004464507,None,right,0,12,1,2,36,1,None,10.133966299705207,10.134229400195181,391.023996100761,391.03877890016884,391.03877890016884,392.03884740080684,392.03884740080684,392.02398260030895,11.134280399419367,11.134316999465227,392.03232870064676,392.03884740080684,392.03884740080684,393.0380930006504,393.0380930006504,393.0218133004382,stimuli/box_empty_transparent.png,12.132093999534845,12.13212819956243,393.0218994002789,393.0380930006504,396.03898630011827,396.0225178003311,15.132796099409461,,,,,,,,,,,,,,,,99999,right,no,None,2025-05-21_17h30.01.425,RL_out-of-scanner,2024.2.4,59.69792846138299,2025-05-21 17h30.17.354836 -0500,
3,0,3,space,4.532669699750841,None,5,2.0366214998066425,None,15.134256499819458,k,0.3654162008315325,None,None,15.517470499500632,15.517734199762344,17.516126399859786,17.51616229955107,18.515318799763918,18.515347899869084,19.515595300123096,,,,,,,1,0,1,0,3,0,3,0,396.03898630011827,,,,,,,,,,,,,,,,,,,,,,,,,,,,,,15.134256499819458,396.0240258006379,396.03898630011827,396.03898630011827,396.03898630011827,396.03898630011827,396.40714940056205,k,0.3654162008315325,None,right,1,12,2,2,37,2,None,15.517470499500632,15.517734199762344,396.40750080067664,396.4221311006695,396.4221311006695,398.4218280008063,398.4218280008063,398.4058291008696,17.516126399859786,17.51616229955107,398.4156236005947,398.4218280008063,398.4218280008063,399.42072020005435,399.42072020005435,399.40503700077534,stimuli/box_coin_transparent.png,18.515318799763918,18.515347899869084,399.4051153007895,399.42072020005435,400.42235440015793,400.4053210001439,19.515595300123096,,,,,,,,,,,,,,,,99999,right,no,None,2025-05-21_17h30.01.425,RL_out-of-scanner,2024.2.4,59.69792846138299,2025-05-21 17h30.17.354836 -0500,
4,0,4,space,4.532669699750841,None,5,2.0366214998066425,None,19.517113499343395,k,0.6163705000653863,None,None,20.15081449970603,20.151127999648452,21.14958450011909,21.149622599594295,22.14942879974842,22.149459599517286,24.648059600032866,,,,,,,1,0,1,0,4,0,4,0,400.42235440015793,,,,,,,,,,,,,,,,,,,,,,,,,,,,,,19.517113499343395,400.4068835005164,400.42235440015793,400.42235440015793,400.42235440015793,400.42235440015793,401.0404803007841,k,0.6163705000653863,None,right,0,12,2,2,38,2,None,20.15081449970603,20.151127999648452,401.0409015007317,401.05503750033677,401.05503750033677,402.0552767002955,402.0552767002955,402.0392848001793,21.14958450011909,21.149622599594295,402.0476322006434,402.0552767002955,402.0552767002955,403.05491750035435,403.05491750035435,403.0391505006701,stimuli/box_empty_transparent.png,22.14942879974842,22.149459599517286,403.0392245007679,403.05491750035435,405.5545354001224,405.53777900058776,24.648059600032866,,,,,,,,,,,,,,,,99999,right,no,None,2025-05-21_17h30.01.425,RL_out-of-scanner,2024.2.4,59.69792846138299,2025-05-21 17h30.17.354836 -0500,
5,0,5,space,4.532669699750841,None,5,2.0366214998066425,None,24.64999180007726,k,0.2570505002513528,None,None,24.93264879938215,24.93303340021521,28.432069799862802,28.432106499560177,29.432490999810398,29.432541700080037,31.4314922997728,,,,,,,1,0,1,0,5,0,5,0,405.5545354001224,,,,,,,,,,,,,,,,,,,,,,,,,,,,,,24.64999180007726,405.53978059999645,405.5545354001224,405.5545354001224,405.5545354001224,405.5545354001224,405.82230390049517,k,0.2570505002513528,None,right,1,12,3,2,39,3,None,24.93264879938215,24.93303340021521,405.8228154005483,405.8383904006332,405.8383904006332,409.3390624001622,409.3390624001622,409.3217742005363,28.432069799862802,28.432106499560177,409.3328639008105,409.3390624001622,409.3390624001622,,,410.32220400031656,stimuli/box_coin_transparent.png,29.432490999810398,29.432541700080037,410.3223174000159,410.33786190021783,412.33743910025805,412.3212150000036,31.4314922997728,,,,,,,,,,,,,,,,99999,right,no,None,2025-05-21_17h30.01.425,RL_out-of-scanner,2024.2.4,59.69792846138299,2025-05-21 17h30.17.354836 -0500,
6,0,6,space,4.532669699750841,None,5,2.0366214998066425,None,31.433303999714553,k,0.5391953000798821,None,None,31.99889689963311,31.999214899726212,32.9982102997601,32.99824680015445,33.99812739994377,33.998162399977446,34.99790719989687,,,,,,,1,0,1,0,6,0,6,0,412.33743910025805,,,,,,,,,,,,,,,,,,,,,,,,,,,,,,31.433303999714553,412.3230850007385,412.33743910025805,412.33743910025805,412.33743910025805,412.33743910025805,412.8885746002197,k,0.5391953000798821,None,right,1,12,4,2,40,4,None,31.99889689963311,31.999214899726212,412.8889935007319,412.904471100308,412.904471100308,413.9043699000031,413.9043699000031,413.88791450019926,32.9982102997601,32.99824680015445,413.89888400025666,413.9043699000031,413.9043699000031,414.903518400155,414.903518400155,414.88784670084715,stimuli/box_coin_transparent.png,33.99812739994377,33.998162399977446,414.8879335001111,414.903518400155,415.90407980047166,415.8876234004274,34.99790719989687,,,,,,,,,,,,,,,,99999,right,no,None,2025-05-21_17h30.01.425,RL_out-of-scanner,2024.2.4,59.69792846138299,2025-05-21 17h30.17.354836 -0500,
7,0,7,space,4.532669699750841,None,5,2.0366214998066425,None,35.00027360022068,k,0.45224769972264767,None,None,35.48364489991218,35.483906200155616,37.4826989993453,37.48273689951748,38.48222809936851,38.48225869983435,40.481895899400115,,,,,,,1,0,1,0,7,0,7,0,415.90407980047166,,,,,,,,,,,,,,,,,,,,,,,,,,,,,,35.00027360022068,415.89005900081247,415.90407980047166,415.90407980047166,415.90407980047166,415.90407980047166,416.37331110052764,k,0.45224769972264767,None,right,1,12,5,2,41,5,None,35.48364489991218,35.483906200155616,416.37367310002446,416.38839210011065,416.38839210011065,418.3878026008606,418.3878026008606,418.37240310013294,37.4826989993453,37.48273689951748,418.38256120029837,418.3878026008606,418.3878026008606,419.38772810064256,419.38772810064256,419.37195010017604,stimuli/box_coin_transparent.png,38.48222809936851,38.48225869983435,419.37202410027385,419.38772810064256,421.388540700078,421.3716202005744,40.481895899400115,,,,,,,,,,,,,,,,99999,right,no,None,2025-05-21_17h30.01.425,RL_out-of-scanner,2024.2.4,59.69792846138299,2025-05-21 17h30.17.354836 -0500,
8,0,8,space,4.532669699750841,None,5,2.0366214998066425,None,40.48373429942876,k,0.38351590000092983,None,None,40.89993749931455,40.900235899724066,43.89850960019976,43.898546599783,44.89889729954302,44.898930800147355,46.398504899814725,,,,,,,1,0,1,0,8,0,8,0,421.388540700078,,,,,,,,,,,,,,,,,,,,,,,,,,,,,,40.48373429942876,421.3735041003674,421.388540700078,421.388540700078,421.388540700078,421.388540700078,421.78961089998484,k,0.38351590000092983,None,right,1,12,6,2,42,6,None,40.89993749931455,40.900235899724066,421.79000740032643,421.80442270077765,421.80442270077765,424.8042875006795,424.8042875006795,424.78821220062673,43.89850960019976,43.898546599783,424.7982239006087,424.8042875006795,424.8042875006795,425.80406040046364,425.80406040046364,425.7886179005727,stimuli/box_coin_transparent.png,44.89889729954302,44.898930800147355,425.7886996008456,425.80406040046364,427.3043196005747,427.2882297001779,46.398504899814725,,,,,,,,,,,,,,,,99999,right,no,None,2025-05-21_17h30.01.425,RL_out-of-scanner,2024.2.4,59.69792846138299,2025-05-21 17h30.17.354836 -0500,
9,0,9,space,4.532669699750841,None,5,2.0366214998066425,None,46.400027399882674,k,0.37418629974126816,None,None,46.79942789953202,46.79973109997809,48.297829300165176,48.2978707998991,49.2988452995196,49.29888440016657,51.29804079979658,,,,,,,1,0,1,0,9,0,9,0,427.3043196005747,,,,,,,,,,,,,,,,,,,,,,,,,,,,,,46.400027399882674,427.28979720082134,427.3043196005747,427.3043196005747,427.3043196005747,427.3043196005747,427.6890658000484,k,0.37418629974126816,None,right,0,12,6,2,43,6,None,46.79942789953202,46.79973109997809,427.68950300011784,427.70440710056573,427.70440710056573,429.20412690006196,429.20412690006196,429.1875287005678,48.297829300165176,48.2978707998991,429.19594370014966,429.20412690006196,429.20412690006196,,,430.1885600006208,stimuli/box_empty_transparent.png,49.2988452995196,49.29888440016657,430.18866100069135,430.2040744004771,432.2045297008008,432.18776610028,51.29804079979658,,,,,,,,,,,,,,,,99999,right,no,None,2025-05-21_17h30.01.425,RL_out-of-scanner,2024.2.4,59.69792846138299,2025-05-21 17h30.17.354836 -0500,
10,0,10,space,4.532669699750841,None,5,2.0366214998066425,None,51.299552699550986,j,0.3807942997664213,None,None,51.699480099603534,51.69981459993869,53.19857610017061,53.198614600114524,54.19755579996854,54.19759770017117,55.19815010018647,,,,,,,1,0,1,0,10,0,10,0,432.2045297008008,,,,,,,,,,,,,,,,,,,,,,,,,,,,,,51.299552699550986,432.18932250048965,432.2045297008008,432.2045297008008,432.2045297008008,432.2045297008008,432.5891602002084,j,0.3807942997664213,None,right,0,12,6,2,43,6,None,51.699480099603534,51.69981459993869,432.5895818006247,432.6050203004852,432.6050203004852,434.1040936000645,434.1040936000645,434.08827860001475,53.19857610017061,53.198614600114524,434.0979419006035,434.1040936000645,434.1040936000645,435.1030392004177,435.1030392004177,435.08727060072124,stimuli/box_empty_transparent.png,54.19755579996854,54.19759770017117,435.08737610001117,435.1030392004177,436.1035840008408,436.08787150029093,55.19815010018647,,,,,,,,,,,,,,,,99999,right,no,None,2025-05-21_17h30.01.425,RL_out-of-scanner,2024.2.4,59.69792846138299,2025-05-21 17h30.17.354836 -0500,
11,0,11,space,4.532669699750841,None,5,2.0366214998066425,None,55.199752000160515,j,0.4848024994134903,None,None,55.71487030014396,55.71520170010626,57.71546280011535,57.71550629939884,58.714116900227964,58.714152599684894,60.23018989991397,,,,,,,1,0,1,0,11,0,11,0,436.1035840008408,,,,,,,,,,,,,,,,,,,,,,,,,,,,,,55.199752000160515,436.0895219007507,436.1035840008408,436.1035840008408,436.1035840008408,436.1035840008408,436.6045524002984,j,0.4848024994134903,None,right,0,12,6,2,43,6,None,55.71487030014396,55.71520170010626,436.60497200023383,436.6201417008415,436.6201417008415,438.6202802006155,438.6202802006155,438.6051603006199,57.71546280011535,57.71550629939884,438.61384840030223,438.6202802006155,438.6202802006155,439.6206098003313,439.6206098003313,439.60383670032024,stimuli/box_empty_transparent.png,58.714116900227964,58.714152599684894,439.603923400864,439.6206098003313,441.136693100445,441.1199070001021,60.23018989991397,,,,,,,,,,,,,,,,99999,right,no,None,2025-05-21_17h30.01.425,RL_out-of-scanner,2024.2.4,59.69792846138299,2025-05-21 17h30.17.354836 -0500,
12,0,12,space,4.532669699750841,None,5,2.0366214998066425,None,60.23258200008422,k,0.2360843000933528,None,None,60.4981517996639,60.49840980023146,61.49833759944886,61.4983736993745,62.49814769998193,62.498182400129735,65.49766029976308,,,,,,,1,0,1,0,12,0,12,0,441.136693100445,,,,,,,,,,,,,,,,,,,,,,,,,,,,,,60.23258200008422,441.1223656004295,441.136693100445,441.136693100445,441.136693100445,441.136693100445,441.3878336008638,k,0.2360843000933528,None,right,1,12,7,2,44,7,None,60.4981517996639,60.49840980023146,441.3881809003651,441.4033420002088,441.4033420002088,442.4036173000932,442.4036173000932,442.3880424005911,61.49833759944886,61.4983736993745,442.3977566007525,442.4036173000932,442.4036173000932,443.40388750005513,443.40388750005513,443.38786680065095,stimuli/box_coin_transparent.png,62.49814769998193,62.498182400129735,443.38795240037143,443.40388750005513,446.403439800255,446.38738510012627,65.49766029976308,,,,,,,,,,,,,,,,99999,right,no,None,2025-05-21_17h30.01.425,RL_out-of-scanner,2024.2.4,59.69792846138299,2025-05-21 17h30.17.354836 -0500,
13,0,13,space,4.532669699750841,None,5,2.0366214998066425,None,65.49922969937325,k,0.31294909957796335,None,None,65.83093789964914,65.83118909969926,66.33090570010245,66.33094169944525,67.33153699990362,67.33156809955835,69.33106669969857,,,,,,,1,0,1,0,13,0,13,0,446.403439800255,,,,,,,,,,,,,,,,,,,,,,,,,,,,,,65.49922969937325,446.3889995003119,446.403439800255,446.403439800255,446.403439800255,446.403439800255,446.7206198005006,k,0.31294909957796335,None,right,1,12,8,2,45,8,None,65.83093789964914,65.83118909969926,446.72095660027117,446.73649460077286,446.73649460077286,447.23691530060023,447.23691530060023,447.220610300079,66.33090570010245,66.33094169944525,447.2303647007793,447.23691530060023,447.23691530060023,,,448.22125660069287,stimuli/box_coin_transparent.png,67.33153699990362,67.33156809955835,448.22133540082723,448.2372115002945,450.2378859007731,450.22079150006175,69.33106669969857,,,,,,,,,,,,,,,,99999,right,no,None,2025-05-21_17h30.01.425,RL_out-of-scanner,2024.2.4,59.69792846138299,2025-05-21 17h30.17.354836 -0500,
14,0,14,space,4.532669699750841,None,5,2.0366214998066425,None,69.33249539975077,k,0.34861879982054234,None,None,69.69891790021211,69.69923209957778,71.19865689985454,71.19869459979236,72.19695550017059,72.19698469992727,73.19851810019463,,,,,,,1,0,1,0,14,0,14,0,450.2378859007731,,,,,,,,,,,,,,,,,,,,,,,,,,,,,,69.33249539975077,450.222264200449,450.2378859007731,450.2378859007731,450.2378859007731,450.2378859007731,450.58858400024474,k,0.34861879982054234,None,right,1,12,9,2,46,9,None,69.69891790021211,69.69923209957778,450.58900480065495,450.6049151001498,450.6049151001498,452.1034508002922,452.1034508002922,452.0883598001674,71.19865689985454,71.19869459979236,452.0983999008313,452.1034508002922,452.1034508002922,453.10241390019655,453.10241390019655,453.08667970076203,stimuli/box_coin_transparent.png,72.19695550017059,72.19698469992727,453.08674880024046,453.10241390019655,454.10390650015324,454.08824390079826,73.19851810019463,,,,,,,,,,,,,,,,99999,right,no,None,2025-05-21_17h30.01.425,RL_out-of-scanner,2024.2.4,59.69792846138299,2025-05-21 17h30.17.354836 -0500,
15,0,15,space,4.532669699750841,None,5,2.0366214998066425,None,73.20000240020454,k,0.6735819997265935,None,None,73.90178139973432,73.9020516993478,74.89836850017309,74.89841199945658,75.89802369941026,75.89805399999022,77.89643529988825,,,,,,,1,0,1,0,15,0,15,0,454.10390650015324,,,,,,,,,,,,,,,,,,,,,,,,,,,,,,73.20000240020454,454.0897731008008,454.10390650015324,454.10390650015324,454.10390650015324,454.10390650015324,454.79146330058575,k,0.6735819997265935,None,right,1,12,10,2,47,10,None,73.90178139973432,73.9020516993478,454.7918187007308,454.80347210075706,454.80347210075706,455.8034634999931,455.8034634999931,455.78806810081005,74.89836850017309,74.89841199945658,455.79814300034195,455.8034634999931,455.8034634999931,456.803211200051,456.803211200051,456.78774520009756,stimuli/box_coin_transparent.png,75.89802369941026,75.89805399999022,456.78781830053777,456.803211200051,458.802959500812,458.7861562008038,77.89643529988825,,,,,,,,,,,,,,,,99999,right,no,None,2025-05-21_17h30.01.425,RL_out-of-scanner,2024.2.4,59.69792846138299,2025-05-21 17h30.17.354836 -0500,
16,0,16,space,4.532669699750841,None,5,2.0366214998066425,None,77.89794129971415,k,0.32152310013771057,None,None,78.24758629966527,78.24792579934001,80.24824710004032,80.2482846993953,81.24810529965907,81.24814289994538,82.2472976995632,,,,,,,1,0,1,0,16,0,16,0,458.802959500812,,,,,,,,,,,,,,,,,,,,,,,,,,,,,,77.89794129971415,458.78771209996194,458.802959500812,458.802959500812,458.802959500812,458.802959500812,459.13724790047854,k,0.32152310013771057,None,right,0,12,10,2,48,10,None,78.24758629966527,78.24792579934001,459.13771470077336,459.1527732005343,459.1527732005343,461.15310910064727,461.15310910064727,461.13795080035925,80.24824710004032,80.2482846993953,461.14621590077877,461.15310910064727,461.15310910064727,462.15334310010076,462.15334310010076,462.13782380055636,stimuli/box_empty_transparent.png,81.24810529965907,81.24814289994538,462.1379164000973,462.15334310010076,463.15407940000296,463.13702310062945,82.2472976995632,,,,,,,,,,,,,,,,99999,right,no,None,2025-05-21_17h30.01.425,RL_out-of-scanner,2024.2.4,59.69792846138299,2025-05-21 17h30.17.354836 -0500,
17,0,17,space,4.532669699750841,None,5,2.0366214998066425,None,82.24873019941151,j,0.6453664004802704,None,None,82.91468189936131,82.91500489972532,83.91335649974644,83.9134018002078,84.91399129945785,84.91402569971979,85.91383640002459,,,,,,,1,0,1,0,17,0,17,0,463.15407940000296,,,,,,,,,,,,,,,,,,,,,,,,,,,,,,82.24873019941151,463.1385004008189,463.15407940000296,463.15407940000296,463.15407940000296,463.15407940000296,463.8043623007834,j,0.6453664004802704,None,right,0,12,10,2,48,10,None,82.91468189936131,82.91500489972532,463.804771900177,463.8195373006165,463.8195373006165,464.8199856001884,464.8199856001884,464.80305640026927,83.91335649974644,83.9134018002078,464.8123841006309,464.8199856001884,464.8199856001884,465.8196057006717,465.8196057006717,465.8037100005895,stimuli/box_empty_transparent.png,84.91399129945785,84.91402569971979,465.8037952007726,465.8196057006717,466.8202643003315,466.8035608008504,85.91383640002459,,,,,,,,,,,,,,,,99999,right,no,None,2025-05-21_17h30.01.425,RL_out-of-scanner,2024.2.4,59.69792846138299,2025-05-21 17h30.17.354836 -0500,
18,0,18,space,4.532669699750841,None,5,2.0366214998066425,None,85.91531769931316,k,0.2597070001065731,None,None,86.1985814999789,86.19884329941124,89.69655379932374,89.69658879935741,90.69704229943454,90.69707359932363,92.69715399947017,,,,,,,1,0,1,0,18,0,18,0,466.8202643003315,,,,,,,,,,,,,,,,,,,,,,,,,,,,,,85.91531769931316,466.8050870001316,466.8202643003315,466.8202643003315,466.8202643003315,466.8202643003315,467.08826520014554,k,0.2597070001065731,None,right,1,12,11,2,49,11,None,86.1985814999789,86.19884329941124,467.08860950078815,467.10255140066147,467.10255140066147,470.60306240059435,470.60306240059435,470.5862621003762,89.69655379932374,89.69658879935741,470.59642160031945,470.60306240059435,470.60306240059435,,,471.5867619002238,stimuli/box_coin_transparent.png,90.69704229943454,90.69707359932363,471.58684230037034,471.60277410037816,473.60293570067734,473.5868751006201,92.69715399947017,,,,,,,,,,,,,,,,99999,right,no,None,2025-05-21_17h30.01.425,RL_out-of-scanner,2024.2.4,59.69792846138299,2025-05-21 17h30.17.354836 -0500,
19,0,19,space,4.532669699750841,None,5,2.0366214998066425,None,92.69862439949065,k,0.34627720061689615,None,None,93.06591659970582,93.06617619935423,94.08080319967121,94.08084109984338,95.08145300019532,95.08148419950157,96.58014849945903,,,,,,,1,0,1,0,19,0,19,0,473.60293570067734,,,,,,,,,,,,,,,,,,,,,,,,,,,,,,92.69862439949065,473.5883937003091,473.60293570067734,473.60293570067734,473.60293570067734,473.60293570067734,473.9555975999683,k,0.34627720061689615,None,right,1,12,12,2,50,12,None,93.06591659970582,93.06617619935423,473.95594250038266,473.9703889004886,473.9703889004886,474.985898100771,474.985898100771,474.97050609998405,94.08080319967121,94.08084109984338,474.98056170064956,474.985898100771,474.985898100771,475.9861283004284,475.9861283004284,475.9711743006483,stimuli/box_coin_transparent.png,95.08145300019532,95.08148419950157,475.9712617006153,475.9861283004284,477.4862395003438,477.46987350005656,96.58014849945903,,,,,,,,,,,,,,,,99999,right,no,None,2025-05-21_17h30.01.425,RL_out-of-scanner,2024.2.4,59.69792846138299,2025-05-21 17h30.17.354836 -0500,
20,0,20,space,4.532669699750841,None,5,2.0366214998066425,None,96.58163909986615,k,0.7982264999300241,None,None,97.3982456997037,97.39852979965508,99.39726480003446,99.39730389975011,100.3973752995953,100.3974128998816,102.39650470018387,,,,,,,1,0,1,0,20,0,20,0,477.4862395003438,,,,,,,,,,,,,,,,,,,,,,,,,,,,,,96.58163909986615,477.4714085999876,477.4862395003438,477.4862395003438,477.4862395003438,477.4862395003438,478.28790350072086,k,0.7982264999300241,None,left,1,8,0,3,50,12,None,97.3982456997037,97.39852979965508,478.28829709999263,478.3029057001695,478.3029057001695,480.3029465004802,480.3029465004802,480.28696880023926,99.39726480003446,99.39730389975011,480.2951061008498,480.3029465004802,480.3029465004802,481.30248250067234,481.30248250067234,481.28709330037236,stimuli/box_empty_transparent.png,100.3973752995953,100.3974128998816,481.28718690015376,481.30248250067234,483.30274290032685,483.2862301999703,102.39650470018387,,,,,,,,,,,,,,,,99999,right,no,None,2025-05-21_17h30.01.425,RL_out-of-scanner,2024.2.4,59.69792846138299,2025-05-21 17h30.17.354836 -0500,
21,0,21,space,4.532669699750841,None,5,2.0366214998066425,None,102.39792919997126,k,0.3480561999604106,None,None,102.76484670024365,102.76517970021814,105.76422409992665,105.76426749955863,106.76388699933887,106.76391780003905,108.26361779961735,,,,,,,1,0,1,0,21,0,21,0,483.30274290032685,,,,,,,,,,,,,,,,,,,,,,,,,,,,,,102.39792919997126,483.28769830055535,483.30274290032685,483.30274290032685,483.30274290032685,483.30274290032685,483.654510400258,k,0.3480561999604106,None,left,1,8,0,3,50,12,None,102.76484670024365,102.76517970021814,483.65495270024985,483.669575500302,483.669575500302,486.6691212002188,486.6691212002188,486.65390880033374,105.76422409992665,105.76426749955863,486.66264110058546,486.6691212002188,486.6691212002188,487.66978630051017,487.66978630051017,487.65360880084336,stimuli/box_empty_transparent.png,106.76388699933887,106.76391780003905,487.65368310082704,487.66978630051017,489.16930900048465,489.1533424006775,108.26361779961735,,,,,,,,,,,,,,,,99999,right,no,None,2025-05-21_17h30.01.425,RL_out-of-scanner,2024.2.4,59.69792846138299,2025-05-21 17h30.17.354836 -0500,
22,0,22,space,4.532669699750841,None,5,2.0366214998066425,None,108.26512539945543,j,0.31639499962329865,None,None,108.59820149932057,108.59852219931781,110.09729210007936,110.09733629971743,111.09671849943697,111.09674819931388,113.1119657997042,,,,,,,1,0,1,0,22,0,22,0,489.16930900048465,,,,,,,,,,,,,,,,,,,,,,,,,,,,,,108.26512539945543,489.1548953000456,489.16930900048465,489.16930900048465,489.16930900048465,489.16930900048465,489.48788230028003,j,0.31639499962329865,None,left,1,8,1,3,51,13,None,108.59820149932057,108.59852219931781,489.48828940000385,489.5037692002952,489.5037692002952,491.0027586007491,491.0027586007491,490.9869838003069,110.09729210007936,110.09733629971743,490.9974053008482,491.0027586007491,491.0027586007491,492.0024538002908,492.0024538002908,491.98644020035863,stimuli/box_coin_transparent.png,111.09671849943697,111.09674819931388,491.9865140002221,492.0024538002908,494.0183879006654,494.0016886005178,113.1119657997042,,,,,,,,,,,,,,,,99999,right,no,None,2025-05-21_17h30.01.425,RL_out-of-scanner,2024.2.4,59.69792846138299,2025-05-21 17h30.17.354836 -0500,
23,0,23,space,4.532669699750841,None,5,2.0366214998066425,None,113.11366089992225,j,0.3762390995398164,None,None,113.51308789942414,113.51374940015376,115.01360739953816,115.01365089975297,116.01379799935967,116.0138323996216,117.51358749996871,,,,,,,1,0,1,0,23,0,23,0,494.0183879006654,,,,,,,,,,,,,,,,,,,,,,,,,,,,,,113.11366089992225,494.00343750044703,494.0183879006654,494.0183879006654,494.0183879006654,494.0183879006654,494.40276310034096,j,0.3762390995398164,None,left,1,8,2,3,52,14,None,113.51308789942414,113.51374940015376,494.4035233007744,494.4182758005336,494.4182758005336,495.9186365008354,495.9186365008354,495.90330750029534,115.01360739953816,115.01365089975297,495.9134566001594,495.9186365008354,495.9186365008354,496.9186523007229,496.9186523007229,496.90351650025696,stimuli/box_coin_transparent.png,116.01379799935967,116.0138323996216,496.90360330045223,496.9186523007229,498.4196572005749,498.4033136004582,117.51358749996871,,,,,,,,,,,,,,,,99999,right,no,None,2025-05-21_17h30.01.425,RL_out-of-scanner,2024.2.4,59.69792846138299,2025-05-21 17h30.17.354836 -0500,
24,0,24,space,4.532669699750841,None,5,2.0366214998066425,None,117.51509859971702,j,0.294650100171566,None,None,117.83094609994441,117.83138429932296,119.82943059969693,119.82947729993612,120.82974309939891,120.82979119941592,122.32945480011404,,,,,,,1,0,1,0,24,0,24,0,498.4196572005749,,,,,,,,,,,,,,,,,,,,,,,,,,,,,,117.51509859971702,498.40486820042133,498.4196572005749,498.4196572005749,498.4196572005749,498.4196572005749,498.72062890045345,j,0.294650100171566,None,left,0,8,2,3,53,14,None,117.83094609994441,117.83138429932296,498.7211539000273,498.7352776005864,498.7352776005864,500.7358647007495,500.7358647007495,500.71912300027907,119.82943059969693,119.82947729993612,500.7298820000142,500.7358647007495,500.7358647007495,,,501.7194483000785,stimuli/box_empty_transparent.png,120.82974309939891,120.82979119941592,501.7195808002725,501.7356043001637,503.2354104006663,503.2191786002368,122.32945480011404,,,,,,,,,,,,,,,,99999,right,no,None,2025-05-21_17h30.01.425,RL_out-of-scanner,2024.2.4,59.69792846138299,2025-05-21 17h30.17.354836 -0500,
25,0,25,space,4.532669699750841,None,5,2.0366214998066425,None,122.33089349977672,j,0.2953568994998932,None,None,122.64704609941691,122.64747499953955,123.64685529936105,123.6468922002241,124.64665589947253,124.64668729994446,128.1462073996663,,,,,,,1,0,1,0,25,0,25,0,503.2354104006663,,,,,,,,,,,,,,,,,,,,,,,,,,,,,,122.33089349977672,503.2206630008295,503.2354104006663,503.2354104006663,503.2354104006663,503.2354104006663,503.53672880027443,j,0.2953568994998932,None,left,1,8,3,3,54,15,None,122.64704609941691,122.64747499953955,503.5372438002378,503.55198700074106,503.55198700074106,504.5522889001295,504.5522889001295,504.5365585004911,123.64685529936105,123.6468922002241,504.5465720007196,504.5522889001295,504.5522889001295,505.5514603005722,505.5514603005722,505.5363782001659,stimuli/box_coin_transparent.png,124.64665589947253,124.64668729994446,505.5364541001618,505.5514603005722,509.0523043004796,509.0359322000295,128.1462073996663,,,,,,,,,,,,,,,,99999,right,no,None,2025-05-21_17h30.01.425,RL_out-of-scanner,2024.2.4,59.69792846138299,2025-05-21 17h30.17.354836 -0500,
26,0,26,space,4.532669699750841,None,5,2.0366214998066425,None,128.14767180010676,j,0.31579010002315044,None,None,128.4806840000674,128.48107919935137,128.98000259976834,128.98004079982638,129.9799464996904,129.97997729945928,133.4792297994718,,,,,,,1,0,1,0,26,0,26,0,509.0523043004796,,,,,,,,,,,,,,,,,,,,,,,,,,,,,,128.14767180010676,509.03744130022824,509.0523043004796,509.0523043004796,509.0523043004796,509.0523043004796,509.37034799996763,j,0.31579010002315044,None,left,1,8,4,3,55,16,None,128.4806840000674,128.48107919935137,509.3708525002003,509.3853577002883,509.3853577002883,509.8861325001344,509.8861325001344,509.8697055000812,128.98000259976834,128.98004079982638,509.88067350070924,509.8861325001344,509.8861325001344,510.885000500828,510.885000500828,510.8696688003838,stimuli/box_coin_transparent.png,129.9799464996904,129.97997729945928,510.86974250059575,510.885000500828,514.3856651000679,514.3689512005076,133.4792297994718,,,,,,,,,,,,,,,,99999,right,no,None,2025-05-21_17h30.01.425,RL_out-of-scanner,2024.2.4,59.69792846138299,2025-05-21 17h30.17.354836 -0500,
27,0,27,space,4.532669699750841,None,5,2.0366214998066425,None,133.48135939985514,j,0.6338977999985218,None,None,134.1475035995245,134.1478650001809,135.64611469954252,135.6461501000449,136.64511740021408,136.64514689985663,137.64502879977226,,,,,,,1,0,1,0,27,0,27,0,514.3856651000679,,,,,,,,,,,,,,,,,,,,,,,,,,,,,,133.48135939985514,514.3711359007284,514.3856651000679,514.3856651000679,514.3856651000679,514.3856651000679,515.0371859008446,j,0.6338977999985218,None,left,1,8,5,3,56,17,None,134.1475035995245,134.1478650001809,515.037634300068,515.0523248007521,515.0523248007521,516.5514249000698,516.5514249000698,516.5358211006969,135.64611469954252,135.6461501000449,516.5459331003949,516.5514249000698,516.5514249000698,517.5505813006312,517.5505813006312,517.5348415002227,stimuli/box_coin_transparent.png,136.64511740021408,136.64514689985663,517.5349114006385,517.5505813006312,518.5511201005429,518.5347548006102,137.64502879977226,,,,,,,,,,,,,,,,99999,right,no,None,2025-05-21_17h30.01.425,RL_out-of-scanner,2024.2.4,59.69792846138299,2025-05-21 17h30.17.354836 -0500,
28,0,28,space,4.532669699750841,None,5,2.0366214998066425,None,137.64654099941254,j,0.7016920996829867,None,None,138.38099669944495,138.38136359956115,139.37978699989617,139.37985219992697,140.37935869954526,140.37938829977065,143.89467869978398,,,,,,,1,0,1,0,28,0,28,0,518.5511201005429,,,,,,,,,,,,,,,,,,,,,,,,,,,,,,137.64654099941254,518.5363146001473,518.5511201005429,518.5511201005429,518.5511201005429,518.5511201005429,519.2706777006388,j,0.7016920996829867,None,left,0,8,5,3,57,17,None,138.38099669944495,138.38136359956115,519.2711367001757,519.284851600416,519.284851600416,520.2847830001265,520.2847830001265,520.2694557001814,139.37978699989617,139.37985219992697,520.2782593006268,520.2847830001265,520.2847830001265,521.284887900576,521.284887900576,521.2690810002387,stimuli/box_empty_transparent.png,140.37935869954526,140.37938829977065,521.2691541006789,521.284887900576,524.8011414008215,524.7844030000269,143.89467869978398,,,,,,,,,,,,,,,,99999,right,no,None,2025-05-21_17h30.01.425,RL_out-of-scanner,2024.2.4,59.69792846138299,2025-05-21 17h30.17.354836 -0500,
29,0,29,space,4.532669699750841,None,5,2.0366214998066425,None,143.89608149975538,j,0.30399660021066666,None,None,144.22975100018084,144.2301210993901,146.22834249958396,146.2283789999783,147.22819379996508,147.228223499842,148.22903729975224,,,,,,,1,0,1,0,29,0,29,0,524.8011414008215,,,,,,,,,,,,,,,,,,,,,,,,,,,,,,143.89608149975538,524.7858518008143,524.8011414008215,524.8011414008215,524.8011414008215,524.8011414008215,525.119407100603,j,0.30399660021066666,None,left,0,8,5,3,58,17,None,144.22975100018084,144.2301210993901,525.119890300557,525.1344520002604,525.1344520002604,527.1349034002051,527.1349034002051,527.1180474003777,146.22834249958396,146.2283789999783,527.1263262005523,527.1349034002051,527.1349034002051,528.1343052005395,528.1343052005395,528.1179169006646,stimuli/box_empty_transparent.png,147.22819379996508,147.228223499842,528.11798880063,528.1343052005395,529.1346540004015,529.1187588004395,148.22903729975224,,,,,,,,,,,,,,,,99999,right,no,None,2025-05-21_17h30.01.425,RL_out-of-scanner,2024.2.4,59.69792846138299,2025-05-21 17h30.17.354836 -0500,
30,0,30,space,4.532669699750841,None,5,2.0366214998066425,None,148.23076310008764,k,0.3394540995359421,None,None,148.59565600007772,148.5960566997528,149.59596909955144,149.59600909985602,150.59550489950925,150.59554489981383,151.5942526999861,,,,,,,1,0,1,0,30,0,30,0,529.1346540004015,,,,,,,,,,,,,,,,,,,,,,,,,,,,,,148.23076310008764,529.120532900095,529.1346540004015,529.1346540004015,529.1346540004015,529.1346540004015,529.4852954000235,k,0.3394540995359421,None,left,0,8,5,3,58,17,None,148.59565600007772,148.5960566997528,529.4858417008072,529.5006892001256,529.5006892001256,530.5013073999435,530.5013073999435,530.485648800619,149.59596909955144,149.59600909985602,530.4943772004917,530.5013073999435,530.5013073999435,531.5002786004916,531.5002786004916,531.4852183004841,stimuli/box_empty_transparent.png,150.59550489950925,150.59554489981383,531.4853219008073,531.5002786004916,532.5018001003191,532.4839765001088,151.5942526999861,,,,,,,,,,,,,,,,99999,right,no,None,2025-05-21_17h30.01.425,RL_out-of-scanner,2024.2.4,59.69792846138299,2025-05-21 17h30.17.354836 -0500,
31,0,31,space,4.532669699750841,None,5,2.0366214998066425,None,151.59576180018485,j,0.31439089961349964,None,None,151.92934709973633,151.92968019936234,154.92790559958667,154.92794119939208,155.9279984999448,155.92802869994193,158.4274305999279,,,,,,,1,0,1,0,31,0,31,0,532.5018001003191,,,,,,,,,,,,,,,,,,,,,,,,,,,,,,151.59576180018485,532.4855321003124,532.5018001003191,532.5018001003191,532.5018001003191,532.5018001003191,532.8190293004736,j,0.31439089961349964,None,left,1,8,6,3,59,18,None,151.92934709973633,151.92968019936234,532.8194480007514,532.8340512001887,532.8340512001887,535.834536600858,535.834536600858,535.8176138000563,154.92790559958667,154.92794119939208,535.8281227005646,535.834536600858,535.834536600858,536.8340755002573,536.8340755002573,536.8177205007523,stimuli/box_coin_transparent.png,155.9279984999448,155.92802869994193,536.8177936002612,536.8340755002573,539.3339936006814,539.3171553006396,158.4274305999279,,,,,,,,,,,,,,,,99999,right,no,None,2025-05-21_17h30.01.425,RL_out-of-scanner,2024.2.4,59.69792846138299,2025-05-21 17h30.17.354836 -0500,
32,0,32,space,4.532669699750841,None,5,2.0366214998066425,None,158.42885900009423,j,0.2984950002282858,None,None,158.7458355994895,158.7461890997365,159.7451786994934,159.7452262993902,160.76071999967098,160.76075499970466,161.760491900146,,,,,,,1,0,1,0,32,0,32,0,539.3339936006814,,,,,,,,,,,,,,,,,,,,,,,,,,,,,,158.42885900009423,539.3186288001016,539.3339936006814,539.3339936006814,539.3339936006814,539.3339936006814,539.6355181001127,j,0.2984950002282858,None,left,1,8,7,3,60,19,None,158.7458355994895,158.7461890997365,539.6359576005489,539.6505465004593,539.6505465004593,540.6533804005012,540.6533804005012,540.6348781008273,159.7451786994934,159.7452262993902,540.6467385003343,540.6533804005012,540.6533804005012,,,541.6504355007783,stimuli/box_coin_transparent.png,160.76071999967098,160.76075499970466,541.6505270004272,541.6664984002709,542.6672278000042,542.6502173002809,161.760491900146,,,,,,,,,,,,,,,,99999,right,no,None,2025-05-21_17h30.01.425,RL_out-of-scanner,2024.2.4,59.69792846138299,2025-05-21 17h30.17.354836 -0500,
33,0,33,space,4.532669699750841,None,5,2.0366214998066425,None,161.76191509980708,j,0.41817350033670664,None,None,162.2118939999491,162.2122128996998,164.21187749970704,164.21192760020494,165.22818769980222,165.22822409961373,166.72706449963152,,,,,,,1,0,1,0,33,0,33,0,542.6672278000042,,,,,,,,,,,,,,,,,,,,,,,,,,,,,,161.76191509980708,542.6516850003973,542.6672278000042,542.6672278000042,542.6672278000042,542.6672278000042,543.1015638001263,j,0.41817350033670664,None,left,1,8,8,3,61,20,None,162.2118939999491,162.2122128996998,543.1019812002778,543.1172756003216,543.1172756003216,545.118301300332,545.118301300332,545.1015620008111,164.21187749970704,164.21192760020494,545.1122473003343,545.118301300332,545.118301300332,,,546.1179051008075,stimuli/box_coin_transparent.png,165.22818769980222,165.22822409961373,546.117990700528,546.1336390003562,547.6335811000317,547.6167880007997,166.72706449963152,,,,,,,,,,,,,,,,99999,right,no,None,2025-05-21_17h30.01.425,RL_out-of-scanner,2024.2.4,59.69792846138299,2025-05-21 17h30.17.354836 -0500,
34,0,34,space,4.532669699750841,None,5,2.0366214998066425,None,166.7286438997835,j,0.3896933002397418,None,None,167.14548490010202,167.14592640008777,170.14488040003926,170.1449173996225,171.14415859989822,171.14419289957732,173.661621700041,,,,,,,1,0,1,0,34,0,34,0,547.6335811000317,,,,,,,,,,,,,,,,,,,,,,,,,,,,,,166.7286438997835,547.6184141002595,547.6335811000317,547.6335811000317,547.6335811000317,547.6335811000317,548.03514130041,j,0.3896933002397418,None,right,1,10,0,4,61,20,None,167.14548490010202,167.14592640008777,548.0357017004862,548.0504928007722,548.0504928007722,551.050503000617,551.050503000617,551.0345880007371,170.14488040003926,170.1449173996225,551.0431291004643,551.050503000617,551.050503000617,552.0522389002144,552.0522389002144,552.0338787008077,stimuli/box_empty_transparent.png,171.14415859989822,171.14419289957732,552.0339628001675,552.0522389002144,554.5680116005242,554.5513446005061,173.661621700041,,,,,,,,,,,,,,,,99999,right,no,None,2025-05-21_17h30.01.425,RL_out-of-scanner,2024.2.4,59.69792846138299,2025-05-21 17h30.17.354836 -0500,
35,0,35,space,4.532669699750841,None,5,2.0366214998066425,None,173.66341449972242,j,0.3134949002414942,None,None,173.99539689999074,173.99577749986202,175.49551359936595,175.4955576993525,176.49519049935043,176.49522229935974,177.51002479996532,,,,,,,1,0,1,0,35,0,35,0,554.5680116005242,,,,,,,,,,,,,,,,,,,,,,,,,,,,,,173.66341449972242,554.5531902005896,554.5680116005242,554.5680116005242,554.5680116005242,554.5680116005242,554.8850417006761,j,0.3134949002414942,None,right,1,10,0,4,61,20,None,173.99539689999074,173.99577749986202,554.8855474004522,554.9007221003994,554.9007221003994,556.4005038002506,556.4005038002506,556.3852119008079,175.49551359936595,175.4955576993525,556.3936161007732,556.4005038002506,556.4005038002506,557.4008316006511,557.4008316006511,557.3849124005064,stimuli/box_empty_transparent.png,176.49519049935043,176.49522229935974,557.3849884001538,557.4008316006511,558.4171020006761,558.3997509004548,177.51002479996532,,,,,,,,,,,,,,,,99999,right,no,None,2025-05-21_17h30.01.425,RL_out-of-scanner,2024.2.4,59.69792846138299,2025-05-21 17h30.17.354836 -0500,
36,0,36,space,4.532669699750841,None,5,2.0366214998066425,None,177.51159709971398,j,0.35078340023756027,None,None,177.89462309982628,177.8949541999027,179.39402059931308,179.3940623998642,180.39728489983827,180.39732229989022,183.90987200010568,,,,,,,1,0,1,0,36,0,36,0,558.4171020006761,,,,,,,,,,,,,,,,,,,,,,,,,,,,,,177.51159709971398,558.4013833003119,558.4171020006761,558.4171020006761,558.4171020006761,558.4171020006761,558.7842481005937,j,0.35078340023756027,None,right,1,10,0,4,61,20,None,177.89462309982628,177.8949541999027,558.7847234001383,558.7999199004844,558.7999199004844,560.3003513002768,560.3003513002768,560.2837213007733,179.39402059931308,179.3940623998642,560.2932019000873,560.3003513002768,560.3003513002768,,,561.2869993001223,stimuli/box_empty_transparent.png,180.39728489983827,180.39732229989022,561.2871128004044,561.3009541006759,564.8162838006392,564.7995902001858,183.90987200010568,,,,,,,,,,,,,,,,99999,right,no,None,2025-05-21_17h30.01.425,RL_out-of-scanner,2024.2.4,59.69792846138299,2025-05-21 17h30.17.354836 -0500,
37,0,37,space,4.532669699750841,None,5,2.0366214998066425,None,183.91204939968884,k,0.2643965007737279,None,None,184.19478299934417,184.19505039975047,186.19495700020343,186.19499399978667,187.1944642001763,187.1944955997169,188.1945118997246,,,,,,,1,0,1,0,37,0,37,0,564.8162838006392,,,,,,,,,,,,,,,,,,,,,,,,,,,,,,183.91204939968884,564.8018335001543,564.8162838006392,564.8162838006392,564.8162838006392,564.8162838006392,565.0844382001087,k,0.2643965007737279,None,right,1,10,1,4,62,21,None,184.19478299934417,184.19505039975047,565.0848181005567,565.0996390003711,565.0996390003711,567.1003686003387,567.1003686003387,567.0846636006609,186.19495700020343,186.19499399978667,567.0949304001406,567.1003686003387,567.1003686003387,568.100112600252,568.100112600252,568.0841858005151,stimuli/box_coin_transparent.png,187.1944642001763,187.1944955997169,568.0842604003847,568.100112600252,569.1004506004974,569.0842377003282,188.1945118997246,,,,,,,,,,,,,,,,99999,right,no,None,2025-05-21_17h30.01.425,RL_out-of-scanner,2024.2.4,59.69792846138299,2025-05-21 17h30.17.354836 -0500,
38,0,38,space,4.532669699750841,None,5,2.0366214998066425,None,188.19601290021092,k,0.47784089948982,None,None,188.69570089969784,188.6960367001593,189.6948269996792,189.6948649995029,190.70983539987355,190.70987540017813,192.21047940012068,,,,,,,1,0,1,0,38,0,38,0,569.1004506004974,,,,,,,,,,,,,,,,,,,,,,,,,,,,,,188.19601290021092,569.08578329999,569.1004506004974,569.1004506004974,569.1004506004974,569.1004506004974,569.5853440007195,k,0.47784089948982,None,right,0,10,1,4,63,21,None,188.69570089969784,188.6960367001593,569.585809700191,569.5997874001041,569.5997874001041,570.6007694005966,570.6007694005966,570.5845344001427,189.6948269996792,189.6948649995029,570.5930015007034,570.6007694005966,570.6007694005966,,,571.5995482001454,stimuli/box_empty_transparent.png,190.70983539987355,190.70987540017813,571.5996531005949,571.6155884005129,573.1171160005033,573.1002042004839,192.21047940012068,,,,,,,,,,,,,,,,99999,right,no,None,2025-05-21_17h30.01.425,RL_out-of-scanner,2024.2.4,59.69792846138299,2025-05-21 17h30.17.354836 -0500,
39,0,39,space,4.532669699750841,None,5,2.0366214998066425,None,192.21198199968785,k,0.60265769995749,None,None,192.8451490001753,192.84546109940857,193.84427969995886,193.84431809931993,194.84430429991335,194.84434289950877,195.8428478995338,,,,,,,1,0,1,0,39,0,39,0,573.1171160005033,,,,,,,,,,,,,,,,,,,,,,,,,,,,,,192.21198199968785,573.1017511002719,573.1171160005033,573.1171160005033,573.1171160005033,573.1171160005033,573.7348135001957,k,0.60265769995749,None,right,1,10,2,4,64,22,None,192.8451490001753,192.84546109940857,573.7352339001372,573.7502418002114,573.7502418002114,574.7496342007071,574.7496342007071,574.7339838007465,193.84427969995886,193.84431809931993,574.7440697001293,574.7496342007071,574.7496342007071,575.7496754005551,575.7496754005551,575.7340228008106,stimuli/box_coin_transparent.png,194.84430429991335,194.84434289950877,575.7341632004827,575.7496754005551,576.7492777006701,576.7325670002028,195.8428478995338,,,,,,,,,,,,,,,,99999,right,no,None,2025-05-21_17h30.01.425,RL_out-of-scanner,2024.2.4,59.69792846138299,2025-05-21 17h30.17.354836 -0500,
40,0,40,space,4.532669699750841,None,5,2.0366214998066425,None,195.84502359945327,k,0.509573700837791,None,None,196.37736419960856,196.37765209935606,197.87772940006107,197.87776730023324,198.87786819972098,198.87789990007877,199.87703039962798,,,,,,,1,0,1,0,40,0,40,0,576.7492777006701,,,,,,,,,,,,,,,,,,,,,,,,,,,,,,195.84502359945327,576.7348053008318,576.7492777006701,576.7492777006701,576.7492777006701,576.7492777006701,577.2670306004584,k,0.509573700837791,None,right,1,10,3,4,65,23,None,196.37736419960856,196.37765209935606,577.2674248004332,577.2826713006943,577.2826713006943,578.7831402001902,578.7831402001902,578.7674321001396,197.87772940006107,197.87776730023324,578.7777289003134,578.7831402001902,578.7831402001902,579.7828548001125,579.7828548001125,579.7675900002941,stimuli/box_coin_transparent.png,198.87786819972098,198.87789990007877,579.7676651002839,579.7828548001125,580.7829733006656,580.7667495999485,199.87703039962798,,,,,,,,,,,,,,,,99999,right,no,None,2025-05-21_17h30.01.425,RL_out-of-scanner,2024.2.4,59.69792846138299,2025-05-21 17h30.17.354836 -0500,
41,0,41,space,4.532669699750841,None,5,2.0366214998066425,None,199.87886139936745,k,0.3805838003754616,None,None,200.2780035994947,200.2782701002434,201.27806069981307,201.27809830009937,202.27648090012372,202.27651129942387,205.27739369962364,,,,,,,1,0,1,0,41,0,41,0,580.7829733006656,,,,,,,,,,,,,,,,,,,,,,,,,,,,,,199.87886139936745,580.7686308007687,580.7829733006656,580.7829733006656,580.7829733006656,580.7829733006656,581.1676854006946,k,0.3805838003754616,None,right,0,10,3,4,66,23,None,200.2780035994947,200.2782701002434,581.1680370001122,581.1835847999901,581.1835847999901,582.1829004008323,582.1829004008323,582.167764400132,201.27806069981307,201.27809830009937,582.17594440002,582.1829004008323,582.1829004008323,583.1818938003853,583.1818938003853,583.1662041004747,stimuli/box_empty_transparent.png,202.27648090012372,202.27651129942387,583.1662755003199,583.1818938003853,586.1833921000361,586.1671138005331,205.27739369962364,,,,,,,,,,,,,,,,99999,right,no,None,2025-05-21_17h30.01.425,RL_out-of-scanner,2024.2.4,59.69792846138299,2025-05-21 17h30.17.354836 -0500,
42,0,42,space,4.532669699750841,None,5,2.0366214998066425,None,205.27915409952402,k,1.373501700349152,None,['k'],206.67838359996676,206.67871539946645,208.67776519991457,208.67780109960586,209.6774769993499,209.67750659957528,213.17635689955205,[0.3333561001345515],[0.190285699442029],,,,,1,0,1,0,42,0,42,0,586.1833921000361,,,,,,,,,,,,,,,,,,,,,,,,,,,,,,205.27915409952402,586.1689294008538,586.1833921000361,586.1833921000361,586.1833921000361,586.1833921000361,587.5680066002533,k,1.373501700349152,None,right,1,10,4,4,67,24,['k'],206.67838359996676,206.67871539946645,587.5684875007719,587.5829769000411,587.5829769000411,589.5828023003414,589.5828023003414,589.5674684001133,208.67776519991457,208.67780109960586,589.577359800227,589.5828023003414,589.5828023003414,590.5825863005593,590.5825863005593,590.5671985000372,stimuli/box_coin_transparent.png,209.6774769993499,209.67750659957528,590.5672678006813,590.5825863005593,594.0826216004789,594.0660809008405,213.17635689955205,[0.3333561001345515],[0.190285699442029],,,,,,,,,,,,,,99999,right,no,None,2025-05-21_17h30.01.425,RL_out-of-scanner,2024.2.4,59.69792846138299,2025-05-21 17h30.17.354836 -0500,
43,0,43,space,4.532669699750841,None,5,2.0366214998066425,None,213.17780539952219,k,0.4745626002550125,None,None,213.67679050005972,213.67703180015087,214.67735360004008,214.67739100009203,215.67715459968895,215.67718520015478,217.6768915001303,,,,,,,1,0,1,0,43,0,43,0,594.0826216004789,,,,,,,,,,,,,,,,,,,,,,,,,,,,,,213.17780539952219,594.0675746006891,594.0826216004789,594.0826216004789,594.0826216004789,594.0826216004789,594.5664747999981,k,0.4745626002550125,None,right,1,10,5,4,68,25,None,213.67679050005972,213.67703180015087,594.5667987000197,594.5822494002059,594.5822494002059,595.5829000007361,595.5829000007361,595.567052400671,214.67735360004008,214.67739100009203,595.5772403003648,595.5829000007361,595.5829000007361,596.5822789007798,596.5822789007798,596.566876500845,stimuli/box_coin_transparent.png,215.67715459968895,215.67718520015478,596.5669507002458,596.5822789007798,598.5824522003531,598.56661810074,217.6768915001303,,,,,,,,,,,,,,,,99999,right,no,None,2025-05-21_17h30.01.425,RL_out-of-scanner,2024.2.4,59.69792846138299,2025-05-21 17h30.17.354836 -0500,
44,0,44,space,4.532669699750841,None,5,2.0366214998066425,None,217.67833840008825,k,0.4157893005758524,None,None,218.11099189985543,218.11130619980395,220.6103599993512,220.6104042995721,221.60993819963187,221.60996779985726,223.6095554996282,,,,,,,1,0,1,0,44,0,44,0,598.5824522003531,,,,,,,,,,,,,,,,,,,,,,,,,,,,,,217.67833840008825,598.5681086005643,598.5824522003531,598.5824522003531,598.5824522003531,598.5824522003531,599.000657800585,k,0.4157893005758524,None,right,1,10,6,4,69,26,None,218.11099189985543,218.11130619980395,599.0010787006468,599.0164133999497,599.0164133999497,601.5155375003815,601.5155375003815,601.5000555003062,220.6103599993512,220.6104042995721,601.5100792003796,601.5155375003815,601.5155375003815,602.5156471002847,602.5156471002847,602.4996624002233,stimuli/box_coin_transparent.png,221.60993819963187,221.60996779985726,602.4997320007533,602.5156471002847,604.5165814002976,604.4992802999914,223.6095554996282,,,,,,,,,,,,,,,,99999,right,no,None,2025-05-21_17h30.01.425,RL_out-of-scanner,2024.2.4,59.69792846138299,2025-05-21 17h30.17.354836 -0500,
45,0,45,space,4.532669699750841,None,5,2.0366214998066425,None,223.6110084000975,k,0.8017138000577688,None,None,224.44421300012618,224.4445214997977,225.44267180003226,225.44270659983158,226.44339349959046,226.44342380017042,227.4430154999718,,,,,,,1,0,1,0,45,0,45,0,604.5165814002976,,,,,,,,,,,,,,,,,,,,,,,,,,,,,,223.6110084000975,604.5007776999846,604.5165814002976,604.5165814002976,604.5165814002976,604.5165814002976,605.3338789008558,k,0.8017138000577688,None,right,1,10,7,4,70,27,None,224.44421300012618,224.4445214997977,605.3342954004183,605.3495093006641,605.3495093006641,606.3488002000377,606.3488002000377,606.3323796000332,225.44267180003226,225.44270659983158,606.3432737002149,606.3488002000377,606.3488002000377,,,607.3331133006141,stimuli/box_coin_transparent.png,226.44339349959046,226.44342380017042,607.3331908006221,607.3487832006067,608.349897400476,608.3327402006835,227.4430154999718,,,,,,,,,,,,,,,,99999,right,no,None,2025-05-21_17h30.01.425,RL_out-of-scanner,2024.2.4,59.69792846138299,2025-05-21 17h30.17.354836 -0500,
46,0,46,space,4.532669699750841,None,5,2.0366214998066425,None,227.44446279946715,k,0.647010300308466,None,None,228.110397499986,228.11065599974245,230.11027240008116,230.11031079944223,231.10898869950324,231.1090231994167,232.10835739970207,,,,,,,1,0,1,0,46,0,46,0,608.349897400476,,,,,,,,,,,,,,,,,,,,,,,,,,,,,,227.44446279946715,608.3342326004058,608.349897400476,608.349897400476,608.349897400476,608.349897400476,609.0000795004889,k,0.647010300308466,None,right,1,10,8,4,71,28,None,228.110397499986,228.11065599974245,609.0004227999598,609.0156706003472,609.0156706003472,611.015472500585,611.015472500585,610.9999774005264,230.11027240008116,230.11031079944223,611.0098301004618,611.015472500585,611.015472500585,612.0144106000662,612.0144106000662,611.9987083002925,stimuli/box_coin_transparent.png,231.10898869950324,231.1090231994167,611.9987940005958,612.0144106000662,613.0154059007764,612.9980828007683,232.10835739970207,,,,,,,,,,,,,,,,99999,right,no,None,2025-05-21_17h30.01.425,RL_out-of-scanner,2024.2.4,59.69792846138299,2025-05-21 17h30.17.354836 -0500,
47,0,47,space,4.532669699750841,None,5,2.0366214998066425,None,232.1098149996251,k,0.44618070032447577,None,None,232.57739089988172,232.57769479975104,235.57687469944358,235.57691289950162,236.5769114997238,236.5769424000755,238.07625889964402,,,,,,,1,0,1,0,47,0,47,0,613.0154059007764,,,,,,,,,,,,,,,,,,,,,,,,,,,,,,232.1098149996251,612.9995845006779,613.0154059007764,613.0154059007764,613.0154059007764,613.0154059007764,613.4670732002705,k,0.44618070032447577,None,right,0,10,8,4,72,28,None,232.57739089988172,232.57769479975104,613.4674626002088,613.4823096999899,613.4823096999899,616.4821132002398,616.4821132002398,616.4665768006817,235.57687469944358,235.57691289950162,616.4748887000605,616.4821132002398,616.4821132002398,617.4820920005441,617.4820920005441,617.4666333999485,stimuli/box_empty_transparent.png,236.5769114997238,236.5769424000755,617.4667079001665,617.4820920005441,618.9820685004815,618.9659818001091,238.07625889964402,,,,,,,,,,,,,,,,99999,right,no,None,2025-05-21_17h30.01.425,RL_out-of-scanner,2024.2.4,59.69792846138299,2025-05-21 17h30.17.354836 -0500,
48,0,48,space,4.532669699750841,None,5,2.0366214998066425,None,238.0780448000878,k,0.5698384996503592,None,None,238.67722149938345,238.67749219946563,240.17660930007696,240.1766471993178,241.1765885995701,241.17661899980158,244.67552400007844,,,,,,,1,0,1,0,48,0,48,0,618.9820685004815,,,,,,,,,,,,,,,,,,,,,,,,,,,,,,238.0780448000878,618.9678206006065,618.9820685004815,618.9820685004815,618.9820685004815,618.9820685004815,619.5669011007994,k,0.5698384996503592,None,right,1,10,9,4,73,29,None,238.67722149938345,238.67749219946563,619.5672600008547,619.5816588001326,619.5816588001326,621.0819137999788,621.0819137999788,621.0663142008707,240.17660930007696,240.1766471993178,621.0763262007385,621.0819137999788,621.0819137999788,622.0816841004416,622.0816841004416,622.0663103004918,stimuli/box_coin_transparent.png,241.1765885995701,241.17661899980158,622.066383600235,622.0816841004416,625.5817896006629,625.565243200399,244.67552400007844,,,,,,,,,,,,,,,,99999,right,no,None,2025-05-21_17h30.01.425,RL_out-of-scanner,2024.2.4,59.69792846138299,2025-05-21 17h30.17.354836 -0500,
49,0,49,space,4.532669699750841,None,5,2.0366214998066425,None,244.6769985994324,k,1.023331099189818,None,['k'],245.72711380012333,245.7273857994005,247.22596730012447,247.22600230015814,248.2261495999992,248.22618049941957,248.22658269945532,[0.33427789993584156],[0.18701479956507683],,,,,1,0,1,0,49,0,49,0,625.5817896006629,,,,,,,,,,,,,,,,,,,,,,,,,,,,,,244.6769985994324,625.5667679002509,625.5817896006629,625.5817896006629,625.5817896006629,625.5817896006629,626.6167681002989,k,1.023331099189818,None,right,0,10,9,4,74,29,['k'],245.72711380012333,245.7273857994005,626.6171534005553,626.6312177004293,626.6312177004293,628.1322864005342,628.1322864005342,628.1156689999625,247.22596730012447,247.22600230015814,628.1239543007687,628.1322864005342,628.1322864005342,629.1362020000815,629.1362020000815,629.1158692007884,stimuli/box_empty_transparent.png,248.2261495999992,248.22618049941957,629.1159446006641,629.1362020000815,629.1362020000815,629.1163126006722,248.22658269945532,[0.33427789993584156],[0.18701479956507683],,,,,,,,,,,,,,99999,right,no,None,2025-05-21_17h30.01.425,RL_out-of-scanner,2024.2.4,59.69792846138299,2025-05-21 17h30.17.354836 -0500,
1,0,1,space,4.532669699750841,None,5,2.0366214998066425,None,,,,,,,,,,,,,,,,,,,1,0,1,0,,,,,,,,,,,,,,,,,,,,,,,,,,,,,,,,,,,,,,,,,,,,,,,,,,,,,,,,,,,,,,,,,,,,,,,,,,,,,,,,,,,629.1320999003947,629.1362020000815,633.1320126000792,633.132088500075,633.1479893000796,684.262552600354,684.2470170008019,,,99999,right,no,None,2025-05-21_17h30.01.425,RL_out-of-scanner,2024.2.4,59.69792846138299,2025-05-21 17h30.17.354836 -0500,
0,0,0,space,2.4769296003505588,None,5,1.1934914002195,None,0.0017250003293156624,j,0.5320977000519633,None,None,0.551405600272119,0.5517394002526999,1.549010300077498,1.5490597998723388,2.549752499908209,2.5498076006770134,4.548998599871993,,,,,,,2,0,2,0,0,0,0,0,687.9796782005578,,,,,,,,,,,,,,,,684.2471906002611,684.262552600354,684.262552600354,686.7473533004522,space,2.4769296003505588,None,686.7474340004846,686.7631379002705,686.7631379002705,687.9644444007427,5,1.1934914002195,None,0.0017250003293156624,687.9662363007665,687.9796782005578,687.9796782005578,687.9796782005578,687.9796782005578,688.5158228008077,j,0.5320977000519633,None,right,0,14,0,5,74,0,None,0.551405600272119,0.5517394002526999,688.5162512008101,688.529368900694,688.529368900694,689.5300272004679,689.5300272004679,689.5134471002966,1.549010300077498,1.5490597998723388,689.5242500007153,689.5300272004679,689.5300272004679,,,690.5142086008564,stimuli/box_empty_transparent.png,2.549752499908209,2.5498076006770134,690.514320500195,690.5296953003854,692.5296478001401,692.5134605001658,4.548998599871993,,,,,,,,,,,,,,,,99999,right,no,None,2025-05-21_17h30.01.425,RL_out-of-scanner,2024.2.4,59.69792846138299,2025-05-21 17h30.17.354836 -0500,
1,0,1,space,2.4769296003505588,None,5,1.1934914002195,None,4.550572699867189,k,0.28091040067374706,None,None,4.849952899850905,4.85024300031364,6.349841400049627,6.349879500456154,7.364665100350976,7.364700300619006,8.865419100038707,,,,,,,2,0,2,0,1,0,1,0,692.5296478001401,,,,,,,,,,,,,,,,,,,,,,,,,,,,,,4.550572699867189,692.5150840003043,692.5296478001401,692.5296478001401,692.5296478001401,692.5296478001401,692.8143406007439,k,0.28091040067374706,None,right,1,14,1,5,75,1,None,4.849952899850905,4.85024300031364,692.8147524008527,692.8296870002523,692.8296870002523,694.3303298000246,694.3303298000246,694.3142877006903,6.349841400049627,6.349879500456154,694.3249556003138,694.3303298000246,694.3303298000246,,,695.3291224008426,stimuli/box_coin_transparent.png,7.364665100350976,7.364700300619006,695.3292140001431,695.3453161008656,696.8467733999714,696.8298836005852,8.865419100038707,,,,,,,,,,,,,,,,99999,right,no,None,2025-05-21_17h30.01.425,RL_out-of-scanner,2024.2.4,59.69792846138299,2025-05-21 17h30.17.354836 -0500,
2,0,2,space,2.4769296003505588,None,5,1.1934914002195,None,8.867058400064707,k,0.2780953999608755,None,None,9.166682400740683,9.166943999938667,10.166087999939919,10.166123500093818,11.166029800660908,11.166060499846935,14.165165000595152,,,,,,,2,0,2,0,2,0,2,0,696.8467733999714,,,,,,,,,,,,,,,,,,,,,,,,,,,,,,8.867058400064707,696.8315696008503,696.8467733999714,696.8467733999714,696.8467733999714,696.8467733999714,697.1311056008562,k,0.2780953999608755,None,right,1,14,2,5,76,2,None,9.166682400740683,9.166943999938667,697.1314523005858,697.1465695006773,697.1465695006773,698.1460285000503,698.1460285000503,698.1305341003463,10.166087999939919,10.166123500093818,698.1402654005215,698.1460285000503,698.1460285000503,699.1460997005925,699.1460997005925,699.13049350027,stimuli/box_coin_transparent.png,11.166029800660908,11.166060499846935,699.1305959001184,699.1460997005925,702.1468863999471,702.1296308999881,14.165165000595152,,,,,,,,,,,,,,,,99999,right,no,None,2025-05-21_17h30.01.425,RL_out-of-scanner,2024.2.4,59.69792846138299,2025-05-21 17h30.17.354836 -0500,
3,0,3,space,2.4769296003505588,None,5,1.1934914002195,None,14.166654100641608,k,0.4509469997137785,None,None,14.649865999817848,14.650126400403678,16.64908909983933,16.649127000011504,17.64921039994806,17.649241000413895,18.647495000623167,,,,,,,2,0,2,0,3,0,3,0,702.1468863999471,,,,,,,,,,,,,,,,,,,,,,,,,,,,,,14.166654100641608,702.1311655007303,702.1468863999471,702.1468863999471,702.1468863999471,702.1468863999471,702.6142905000597,k,0.4509469997137785,None,right,0,14,2,5,77,2,None,14.649865999817848,14.650126400403678,702.6146348007023,702.6296632001176,702.6296632001176,704.6293195001781,704.6293195001781,704.6135347001255,16.64908909983933,16.649127000011504,704.6219885004684,704.6293195001781,704.6293195001781,705.6289056008682,705.6289056008682,705.6136737000197,stimuli/box_empty_transparent.png,17.64921039994806,17.649241000413895,705.6137489005923,705.6289056008682,706.6287900004536,706.611962900497,18.647495000623167,,,,,,,,,,,,,,,,99999,right,no,None,2025-05-21_17h30.01.425,RL_out-of-scanner,2024.2.4,59.69792846138299,2025-05-21 17h30.17.354836 -0500,
4,0,4,space,2.4769296003505588,None,5,1.1934914002195,None,18.649051800370216,k,0.38011329993605614,None,None,19.049055700190365,19.049428300000727,20.049109499901533,20.049148900434375,21.04891570005566,21.048946800641716,23.548382200300694,,,,,,,2,0,2,0,4,0,4,0,706.6287900004536,,,,,,,,,,,,,,,,,,,,,,,,,,,,,,18.649051800370216,706.6135631008074,706.6287900004536,706.6287900004536,706.6287900004536,706.6287900004536,707.013451400213,k,0.38011329993605614,None,right,1,14,3,5,78,3,None,19.049055700190365,19.049428300000727,707.0139525001869,707.0288340002298,707.0288340002298,708.0291554005817,708.0291554005817,708.0135520007461,20.049109499901533,20.049148900434375,708.0237963004038,708.0291554005817,708.0291554005817,709.0292809000239,709.0292809000239,709.0133783007041,stimuli/box_coin_transparent.png,21.04891570005566,21.048946800641716,709.013453900814,709.0292809000239,711.5301065007225,711.5128480000421,23.548382200300694,,,,,,,,,,,,,,,,99999,right,no,None,2025-05-21_17h30.01.425,RL_out-of-scanner,2024.2.4,59.69792846138299,2025-05-21 17h30.17.354836 -0500,
5,0,5,space,2.4769296003505588,None,5,1.1934914002195,None,23.54986430052668,k,0.4502812996506691,None,None,24.032695900648832,24.03302500024438,27.533260700292885,27.533299200236797,28.53235189989209,28.53238380048424,30.530525900423527,,,,,,,2,0,2,0,5,0,5,0,711.5301065007225,,,,,,,,,,,,,,,,,,,,,,,,,,,,,,23.54986430052668,711.5143762007356,711.5301065007225,711.5301065007225,711.5301065007225,711.5301065007225,711.9970840001479,k,0.4502812996506691,None,right,1,14,4,5,79,4,None,24.032695900648832,24.03302500024438,711.9975391002372,712.0127848004922,712.0127848004922,715.5134717002511,715.5134717002511,715.4977053999901,27.533260700292885,27.533299200236797,715.5082018002868,715.5134717002511,715.5134717002511,716.5120530007407,716.5120530007407,716.4968159003183,stimuli/box_coin_transparent.png,28.53235189989209,28.53238380048424,716.4968912005424,716.5120530007407,718.5117516005412,718.4949899008498,30.530525900423527,,,,,,,,,,,,,,,,99999,right,no,None,2025-05-21_17h30.01.425,RL_out-of-scanner,2024.2.4,59.69792846138299,2025-05-21 17h30.17.354836 -0500,
6,0,6,space,2.4769296003505588,None,5,1.1934914002195,None,30.5322553999722,k,0.555150100030005,None,None,31.114894200116396,31.115181700326502,32.11598590016365,32.116025200113654,33.11598870065063,33.116023800335824,34.1149773998186,,,,,,,2,0,2,0,6,0,6,0,718.5117516005412,,,,,,,,,,,,,,,,,,,,,,,,,,,,,,30.5322553999722,718.4967734999955,718.5117516005412,718.5117516005412,718.5117516005412,718.5117516005412,719.0793030001223,k,0.555150100030005,None,right,1,14,5,5,80,5,None,31.114894200116396,31.115181700326502,719.079696200788,719.0951185002923,719.0951185002923,720.0954416003078,720.0954416003078,720.0804300000891,32.11598590016365,32.116025200113654,720.0901656001806,720.0954416003078,720.0954416003078,721.0950501002371,721.0950501002371,721.0804489003494,stimuli/box_coin_transparent.png,33.11598870065063,33.116023800335824,721.0805359007791,721.0950501002371,722.0957980006933,722.0794431008399,34.1149773998186,,,,,,,,,,,,,,,,99999,right,no,None,2025-05-21_17h30.01.425,RL_out-of-scanner,2024.2.4,59.69792846138299,2025-05-21 17h30.17.354836 -0500,
7,0,7,space,2.4769296003505588,None,5,1.1934914002195,None,34.11651900038123,k,0.780235399492085,None,None,34.91579660028219,34.91608100011945,36.930870099924505,36.930912900716066,37.93158640060574,37.93162330053747,39.93152170069516,,,,,,,2,0,2,0,7,0,7,0,722.0957980006933,,,,,,,,,,,,,,,,,,,,,,,,,,,,,,34.11651900038123,722.0810295008123,722.0957980006933,722.0957980006933,722.0957980006933,722.0957980006933,722.8801900008693,k,0.780235399492085,None,right,1,14,6,5,81,6,None,34.91579660028219,34.91608100011945,722.8805897999555,722.8963919002563,722.8963919002563,724.9124974999577,724.9124974999577,724.8953128000721,36.930870099924505,36.930912900716066,724.9068933008239,724.9124974999577,724.9124974999577,,,725.8960436005145,stimuli/box_coin_transparent.png,37.93158640060574,37.93162330053747,725.896138000302,725.9120803000405,727.912945500575,727.8959884000942,39.93152170069516,,,,,,,,,,,,,,,,99999,right,no,None,2025-05-21_17h30.01.425,RL_out-of-scanner,2024.2.4,59.69792846138299,2025-05-21 17h30.17.354836 -0500,
8,0,8,space,2.4769296003505588,None,5,1.1934914002195,None,39.93316510040313,k,0.5167925003916025,None,None,40.482802300713956,40.483067500405014,43.48225470073521,43.48229300044477,44.482348300516605,44.48238370008767,45.98100769985467,,,,,,,2,0,2,0,8,0,8,0,727.912945500575,,,,,,,,,,,,,,,,,,,,,,,,,,,,,,39.93316510040313,727.897677000612,727.912945500575,727.912945500575,727.912945500575,727.912945500575,728.4472254002467,k,0.5167925003916025,None,right,0,14,6,5,82,6,None,40.482802300713956,40.483067500405014,728.4475756008178,728.4615985006094,728.4615985006094,731.461699699983,731.461699699983,731.4466989003122,43.48225470073521,43.48229300044477,731.4555257000029,731.461699699983,731.461699699983,732.4617542000487,732.4617542000487,732.4468084005639,stimuli/box_empty_transparent.png,44.482348300516605,44.48238370008767,732.4468951001763,732.4617542000487,733.9620357006788,733.9454739000648,45.98100769985467,,,,,,,,,,,,,,,,99999,right,no,None,2025-05-21_17h30.01.425,RL_out-of-scanner,2024.2.4,59.69792846138299,2025-05-21 17h30.17.354836 -0500,
9,0,9,space,2.4769296003505588,None,5,1.1934914002195,None,45.982458100654185,k,0.37505050003528595,None,None,46.384756800718606,46.385017700493336,47.88054249994457,47.880585600622,48.881044399924576,48.881081299856305,50.88106540031731,,,,,,,2,0,2,0,9,0,9,0,733.9620357006788,,,,,,,,,,,,,,,,,,,,,,,,,,,,,,45.982458100654185,733.9469686001539,733.9620357006788,733.9620357006788,733.9620357006788,733.9620357006788,734.3491817004979,k,0.37505050003528595,None,right,1,14,7,5,83,7,None,46.384756800718606,46.385017700493336,734.3495396999642,734.362100600265,734.362100600265,735.8618458006531,735.8618458006531,735.8449840005487,47.88054249994457,47.880585600622,735.8554148003459,735.8618458006531,735.8618458006531,736.8609476005659,736.8609476005659,736.8455039002001,stimuli/box_coin_transparent.png,48.881044399924576,48.881081299856305,736.8455956000835,736.8609476005659,738.8616625005379,738.8455314999446,50.88106540031731,,,,,,,,,,,,,,,,99999,right,no,None,2025-05-21_17h30.01.425,RL_out-of-scanner,2024.2.4,59.69792846138299,2025-05-21 17h30.17.354836 -0500,
10,0,10,space,2.4769296003505588,None,5,1.1934914002195,None,50.88251060061157,k,0.40954279992729425,None,None,51.315393100492656,51.315655999816954,52.814615700393915,52.81465459987521,53.81388489995152,53.81392460037023,54.81310150027275,,,,,,,2,0,2,0,10,0,10,0,738.8616625005379,,,,,,,,,,,,,,,,,,,,,,,,,,,,,,50.88251060061157,738.8470218004659,738.8616625005379,738.8616625005379,738.8616625005379,738.8616625005379,739.279818800278,k,0.40954279992729425,None,right,1,14,8,5,84,8,None,51.315393100492656,51.315655999816954,739.2801642008126,739.2955730007961,739.2955730007961,740.7947757001966,740.7947757001966,740.7790598999709,52.814615700393915,52.81465459987521,740.7888095006347,740.7947757001966,740.7947757001966,741.7939756000414,741.7939756000414,741.7783398004249,stimuli/box_coin_transparent.png,53.81388489995152,53.81392460037023,741.7784454002976,741.7939756000414,742.7942291004583,742.777565500699,54.81310150027275,,,,,,,,,,,,,,,,99999,right,no,None,2025-05-21_17h30.01.425,RL_out-of-scanner,2024.2.4,59.69792846138299,2025-05-21 17h30.17.354836 -0500,
11,0,11,space,2.4769296003505588,None,5,1.1934914002195,None,54.814814399927855,k,0.3455427000299096,None,None,55.18255790043622,55.18281950056553,57.18217660021037,57.18221940007061,58.181600000709295,58.18163410015404,59.68032839987427,,,,,,,2,0,2,0,11,0,11,0,742.7942291004583,,,,,,,,,,,,,,,,,,,,,,,,,,,,,,54.814814399927855,742.7793322000653,742.7942291004583,742.7942291004583,742.7942291004583,742.7942291004583,743.1469813007861,k,0.3455427000299096,None,right,1,14,9,5,85,9,None,55.18255790043622,55.18281950056553,743.14732820075,743.1618482004851,743.1618482004851,745.1617005001754,745.1617005001754,745.1466151000932,57.18217660021037,57.18221940007061,745.1565101007,745.1617005001754,745.1617005001754,746.1616665003821,746.1616665003821,746.1460599005222,stimuli/box_coin_transparent.png,58.181600000709295,58.18163410015404,746.1461467007175,746.1616665003821,747.6616197004914,747.6447932003066,59.68032839987427,,,,,,,,,,,,,,,,99999,right,no,None,2025-05-21_17h30.01.425,RL_out-of-scanner,2024.2.4,59.69792846138299,2025-05-21 17h30.17.354836 -0500,
12,0,12,space,2.4769296003505588,None,5,1.1934914002195,None,59.682096499949694,k,0.5600784001871943,None,None,60.264220600016415,60.26446139998734,61.26440200023353,61.26443940028548,62.280258300714195,62.28029080014676,65.28046130016446,,,,,,,2,0,2,0,12,0,12,0,747.6616197004914,,,,,,,,,,,,,,,,,,,,,,,,,,,,,,59.682096499949694,747.6466129999608,747.6616197004914,747.6616197004914,747.6616197004914,747.6616197004914,748.2286460008472,k,0.5600784001871943,None,right,1,14,10,5,86,10,None,60.264220600016415,60.26446139998734,748.2289696000516,748.2442729007453,748.2442729007453,749.2468392001465,749.2468392001465,749.2288488000631,61.26440200023353,61.26443940028548,749.2386509999633,749.2468392001465,749.2468392001465,,,750.2447106000036,stimuli/box_coin_transparent.png,62.280258300714195,62.28029080014676,750.2448020000011,750.2606193004176,753.2616221001372,753.2449279008433,65.28046130016446,,,,,,,,,,,,,,,,99999,right,no,None,2025-05-21_17h30.01.425,RL_out-of-scanner,2024.2.4,59.69792846138299,2025-05-21 17h30.17.354836 -0500,
13,0,13,space,2.4769296003505588,None,5,1.1934914002195,None,65.2819215003401,k,0.35213949996978045,None,None,65.66575870011002,65.66613740008324,66.16327000036836,66.16331250034273,67.16377140022814,67.16380729991943,69.16401090007275,,,,,,,2,0,2,0,13,0,13,0,753.2616221001372,,,,,,,,,,,,,,,,,,,,,,,,,,,,,,65.2819215003401,753.246432300657,753.2616221001372,753.2616221001372,753.2616221001372,753.2616221001372,753.6301551004872,k,0.35213949996978045,None,right,1,14,11,5,87,11,None,65.66575870011002,65.66613740008324,753.6306583005935,753.6441588001326,753.6441588001326,754.1450649006292,754.1450649006292,754.1277134008706,66.16327000036836,66.16331250034273,754.1390882004052,754.1450649006292,754.1450649006292,,,755.1282287007198,stimuli/box_coin_transparent.png,67.16377140022814,67.16380729991943,755.1283222008497,755.1450999006629,757.1449408000335,757.1284776004031,69.16401090007275,,,,,,,,,,,,,,,,99999,right,no,None,2025-05-21_17h30.01.425,RL_out-of-scanner,2024.2.4,59.69792846138299,2025-05-21 17h30.17.354836 -0500,
14,0,14,space,2.4769296003505588,None,5,1.1934914002195,None,69.1654723007232,k,0.7532910006120801,None,None,69.94808920007199,69.94835690036416,71.44756169989705,71.44760480057448,72.4463363001123,72.44637269992381,73.44707680027932,,,,,,,2,0,2,0,14,0,14,0,757.1449408000335,,,,,,,,,,,,,,,,,,,,,,,,,,,,,,69.1654723007232,757.1299827005714,757.1449408000335,757.1449408000335,757.1449408000335,757.1449408000335,757.9125084001571,k,0.7532910006120801,None,right,0,14,11,5,88,11,None,69.94808920007199,69.94835690036416,757.9128654999658,757.9277611002326,757.9277611002326,759.4278258001432,759.4278258001432,759.4120013006032,71.44756169989705,71.44760480057448,759.4205953003839,759.4278258001432,759.4278258001432,760.4268566006795,760.4268566006795,760.4107965007424,stimuli/box_empty_transparent.png,72.4463363001123,72.44637269992381,760.4108856003731,760.4268566006795,761.4285414004698,761.4115426000208,73.44707680027932,,,,,,,,,,,,,,,,99999,right,no,None,2025-05-21_17h30.01.425,RL_out-of-scanner,2024.2.4,59.69792846138299,2025-05-21 17h30.17.354836 -0500,
15,0,15,space,2.4769296003505588,None,5,1.1934914002195,None,73.4485785998404,k,0.5211010994389653,None,None,73.99749420024455,73.99778260011226,74.99771769996732,74.9977614004165,75.99647160060704,75.99650519993156,77.99614359997213,,,,,,,2,0,2,0,15,0,15,0,761.4285414004698,,,,,,,,,,,,,,,,,,,,,,,,,,,,,,73.4485785998404,761.4130900008604,761.4285414004698,761.4285414004698,761.4285414004698,761.4285414004698,761.9619190003723,k,0.5211010994389653,None,right,1,14,12,5,89,12,None,73.99749420024455,73.99778260011226,761.9622912006453,761.9781542001292,761.9781542001292,762.9776571001858,762.9776571001858,762.9621568005532,74.99771769996732,74.9977614004165,762.9721536003053,762.9776571001858,762.9776571001858,763.9765603002161,763.9765603002161,763.9609313001856,stimuli/box_coin_transparent.png,75.99647160060704,75.99650519993156,763.9610171001405,763.9765603002161,765.9771066000685,765.9606034001336,77.99614359997213,,,,,,,,,,,,,,,,99999,right,no,None,2025-05-21_17h30.01.425,RL_out-of-scanner,2024.2.4,59.69792846138299,2025-05-21 17h30.17.354836 -0500,
16,0,16,space,2.4769296003505588,None,5,1.1934914002195,None,77.99838520027697,k,1.0124504007399082,None,None,79.03190959990025,79.03217190038413,81.03082159999758,81.03085790015757,82.03015930019319,82.03018980007619,83.03010969981551,,,,,,,2,0,2,0,16,0,16,0,765.9771066000685,,,,,,,,,,,,,,,,,,,,,,,,,,,,,,77.99838520027697,765.9629100002348,765.9771066000685,765.9771066000685,765.9771066000685,765.9771066000685,766.9963343003765,k,1.0124504007399082,None,right,1,14,13,5,90,13,None,79.03190959990025,79.03217190038413,766.9966809004545,767.0102861002088,767.0102861002088,769.011378900148,769.011378900148,768.9952682005242,81.03082159999758,81.03085790015757,769.0050202002749,769.011378900148,769.011378900148,770.0097910007462,770.0097910007462,769.9946232000366,stimuli/box_coin_transparent.png,82.03015930019319,82.03018980007619,769.9946964001283,770.0097910007462,771.0115141002461,770.9945755004883,83.03010969981551,,,,,,,,,,,,,,,,99999,right,no,None,2025-05-21_17h30.01.425,RL_out-of-scanner,2024.2.4,59.69792846138299,2025-05-21 17h30.17.354836 -0500,
17,0,17,space,2.4769296003505588,None,5,1.1934914002195,None,83.0320163005963,k,0.7369972998276353,None,None,83.79726890008897,83.79751109983772,84.79709659982473,84.79713440034539,85.79731510020792,85.79734669998288,86.79723210074008,,,,,,,2,0,2,0,17,0,17,0,771.0115141002461,,,,,,,,,,,,,,,,,,,,,,,,,,,,,,83.0320163005963,770.9965278003365,771.0115141002461,771.0115141002461,771.0115141002461,771.0115141002461,771.7616950999945,k,0.7369972998276353,None,right,1,14,14,5,91,14,None,83.79726890008897,83.79751109983772,771.7620194004849,771.777614700608,771.777614700608,772.7779245004058,772.7779245004058,772.7615406000987,84.79709659982473,84.79713440034539,772.7726702000946,772.7779245004058,772.7779245004058,773.7770533999428,773.7770533999428,773.7617777008563,stimuli/box_coin_transparent.png,85.79731510020792,85.79734669998288,773.7618549000472,773.7770533999428,774.7778820004314,774.7616995004937,86.79723210074008,,,,,,,,,,,,,,,,99999,right,no,None,2025-05-21_17h30.01.425,RL_out-of-scanner,2024.2.4,59.69792846138299,2025-05-21 17h30.17.354836 -0500,
18,0,18,space,2.4769296003505588,None,5,1.1934914002195,None,86.79873530007899,k,0.4993786998093128,None,None,87.31499350070953,87.31525470037013,90.81400620006025,90.81404470000416,91.81560329999775,91.81563450023532,93.8130085002631,,,,,,,2,0,2,0,18,0,18,0,774.7778820004314,,,,,,,,,,,,,,,,,,,,,,,,,,,,,,86.79873530007899,774.7632462000474,774.7778820004314,774.7778820004314,774.7778820004314,774.7778820004314,775.2794163003564,k,0.4993786998093128,None,left,1,11,0,6,91,14,None,87.31499350070953,87.31525470037013,775.2797628007829,775.2942694006488,775.2942694006488,778.7937542004511,778.7937542004511,778.7784518003464,90.81400620006025,90.81404470000416,778.7873168000951,778.7937542004511,778.7937542004511,,,779.7800650000572,stimuli/box_empty_transparent.png,91.81560329999775,91.81563450023532,779.7801442006603,779.7936506001279,781.7939392002299,781.7774752005935,93.8130085002631,,,,,,,,,,,,,,,,99999,right,no,None,2025-05-21_17h30.01.425,RL_out-of-scanner,2024.2.4,59.69792846138299,2025-05-21 17h30.17.354836 -0500,
19,0,19,space,2.4769296003505588,None,5,1.1934914002195,None,93.81453280057758,k,0.30458439979702234,None,None,94.14807310048491,94.14838640019298,95.14682660065591,95.14686390012503,96.16207490023226,96.16211370006204,97.66313380002975,,,,,,,2,0,2,0,19,0,19,0,781.7939392002299,,,,,,,,,,,,,,,,,,,,,,,,,,,,,,93.81453280057758,781.7790438001975,781.7939392002299,781.7939392002299,781.7939392002299,781.7939392002299,782.1124819004908,k,0.30458439979702234,None,left,1,11,0,6,91,14,None,94.14807310048491,94.14838640019298,782.1129006007686,782.1273282002658,782.1273282002658,783.1277312003076,783.1277312003076,783.1112708002329,95.14682660065591,95.14686390012503,783.1195234004408,783.1277312003076,783.1277312003076,,,784.1265283999965,stimuli/box_empty_transparent.png,96.16207490023226,96.16211370006204,784.1266331002116,784.1426256000996,785.6439816001803,785.6275999005884,97.66313380002975,,,,,,,,,,,,,,,,99999,right,no,None,2025-05-21_17h30.01.425,RL_out-of-scanner,2024.2.4,59.69792846138299,2025-05-21 17h30.17.354836 -0500,
20,0,20,space,2.4769296003505588,None,5,1.1934914002195,None,97.66464440058917,j,0.2718690996989608,None,None,97.96387480013072,97.96424070000648,99.96371070016176,99.96376010030508,100.96350730024278,100.96353780012578,102.96277050022036,,,,,,,2,0,2,0,20,0,20,0,785.6439816001803,,,,,,,,,,,,,,,,,,,,,,,,,,,,,,97.66464440058917,785.629155700095,785.6439816001803,785.6439816001803,785.6439816001803,785.6439816001803,785.928299500607,j,0.2718690996989608,None,left,1,11,1,6,92,15,None,97.96387480013072,97.96424070000648,785.9287518002093,785.9438978005201,785.9438978005201,787.9433301007375,787.9433301007375,787.9281545002013,99.96371070016176,99.96376010030508,787.9380491003394,787.9433301007375,787.9433301007375,788.9433699008077,788.9433699008077,788.9279721006751,stimuli/box_coin_transparent.png,100.96350730024278,100.96353780012578,788.9280443005264,788.9433699008077,790.9438738999888,790.9272361006588,102.96277050022036,,,,,,,,,,,,,,,,99999,right,no,None,2025-05-21_17h30.01.425,RL_out-of-scanner,2024.2.4,59.69792846138299,2025-05-21 17h30.17.354836 -0500,
21,0,21,space,2.4769296003505588,None,5,1.1934914002195,None,102.96423760056496,j,0.5122325997799635,None,None,103.49709419999272,103.49748839996755,106.4969341000542,106.49697660002857,107.49547760002315,107.49551920033991,108.99623099993914,,,,,,,2,0,2,0,21,0,21,0,790.9438738999888,,,,,,,,,,,,,,,,,,,,,,,,,,,,,,102.96423760056496,790.9287481000647,790.9438738999888,790.9438738999888,790.9438738999888,790.9438738999888,791.4615183006972,j,0.5122325997799635,None,left,1,11,2,6,93,16,None,103.49709419999272,103.49748839996755,791.462005100213,791.4768430003896,791.4768430003896,794.4769550999627,794.4769550999627,794.4613714003935,106.4969341000542,106.49697660002857,794.4718069005758,794.4769550999627,794.4769550999627,795.4755944004282,795.4755944004282,795.4599418006837,stimuli/box_coin_transparent.png,107.49547760002315,107.49551920033991,795.4600406000391,795.4755944004282,796.9770383005962,796.9606973007321,108.99623099993914,,,,,,,,,,,,,,,,99999,right,no,None,2025-05-21_17h30.01.425,RL_out-of-scanner,2024.2.4,59.69792846138299,2025-05-21 17h30.17.354836 -0500,
22,0,22,space,2.4769296003505588,None,5,1.1934914002195,None,108.99773620069027,k,0.32967849913984537,None,None,109.34739060048014,109.34766570013016,110.8495491007343,110.84958539996296,111.84660970047116,111.8466458003968,113.84474060032517,,,,,,,2,0,2,0,22,0,22,0,796.9770383005962,,,,,,,,,,,,,,,,,,,,,,,,,,,,,,108.99773620069027,796.9622475001961,796.9770383005962,796.9770383005962,796.9770383005962,796.9770383005962,797.3118136003613,k,0.32967849913984537,None,left,1,11,2,6,93,16,None,109.34739060048014,109.34766570013016,797.3121747002006,797.3269274001941,797.3269274001941,798.8274163007736,798.8274163007736,798.8139940006658,110.8495491007343,110.84958539996296,798.8221986005083,798.8274163007736,798.8274163007736,799.8263024007902,799.8263024007902,799.8110680002719,stimuli/box_empty_transparent.png,111.84660970047116,111.8466458003968,799.8111576000229,799.8263024007902,801.8262853007764,801.8092089006677,113.84474060032517,,,,,,,,,,,,,,,,99999,right,no,None,2025-05-21_17h30.01.425,RL_out-of-scanner,2024.2.4,59.69792846138299,2025-05-21 17h30.17.354836 -0500,
23,0,23,space,2.4769296003505588,None,5,1.1934914002195,None,113.84620560053736,j,0.4237676998600364,None,None,114.29614610038698,114.29649730026722,115.79665930010378,115.79669630061835,116.79657820053399,116.7966088000685,118.29607400018722,,,,,,,2,0,2,0,23,0,23,0,801.8262853007764,,,,,,,,,,,,,,,,,,,,,,,,,,,,,,113.84620560053736,801.8107185000554,801.8262853007764,801.8262853007764,801.8262853007764,801.8262853007764,802.2605555001646,j,0.4237676998600364,None,left,1,11,3,6,94,17,None,114.29614610038698,114.29649730026722,802.2610126007348,802.2761616008356,802.2761616008356,803.7765533002093,803.7765533002093,803.7611051006243,115.79665930010378,115.79669630061835,803.7709606001154,803.7765533002093,803.7765533002093,804.7763037001714,804.7763037001714,804.7610421003774,stimuli/box_coin_transparent.png,116.79657820053399,116.7966088000685,804.7611162001267,804.7763037001714,806.2772348001599,806.260537000373,118.29607400018722,,,,,,,,,,,,,,,,99999,right,no,None,2025-05-21_17h30.01.425,RL_out-of-scanner,2024.2.4,59.69792846138299,2025-05-21 17h30.17.354836 -0500,
24,0,24,space,2.4769296003505588,None,5,1.1934914002195,None,118.2976597007364,j,0.3624702002853155,None,None,118.68053600005805,118.68093280028552,120.67969780042768,120.6797355003655,121.67921160068363,121.6792424004525,123.17960820067674,,,,,,,2,0,2,0,24,0,24,0,806.2772348001599,,,,,,,,,,,,,,,,,,,,,,,,,,,,,,118.2976597007364,806.2621714007109,806.2772348001599,806.2772348001599,806.2772348001599,806.2772348001599,806.6449440000579,j,0.3624702002853155,None,left,1,11,4,6,95,18,None,118.68053600005805,118.68093280028552,806.6454482004046,806.6595653006807,806.6595653006807,808.6594054000452,808.6594054000452,808.6441430002451,120.67969780042768,120.6797355003655,808.6541525004432,808.6594054000452,808.6594054000452,809.6599081000313,809.6599081000313,809.6436753999442,stimuli/box_coin_transparent.png,121.67921160068363,121.6792424004525,809.6437493003905,809.6599081000313,811.159720800817,811.1440665004775,123.17960820067674,,,,,,,,,,,,,,,,99999,right,no,None,2025-05-21_17h30.01.425,RL_out-of-scanner,2024.2.4,59.69792846138299,2025-05-21 17h30.17.354836 -0500,
25,0,25,space,2.4769296003505588,None,5,1.1934914002195,None,123.18160350061953,j,0.30433319974690676,None,None,123.5130722001195,123.51343649998307,124.5131148006767,124.51315840054303,125.51145889982581,125.51149890013039,129.01277030073106,,,,,,,2,0,2,0,25,0,25,0,811.159720800817,,,,,,,,,,,,,,,,,,,,,,,,,,,,,,123.18160350061953,811.14612150006,811.159720800817,811.159720800817,811.159720800817,811.159720800817,811.4774954002351,j,0.30433319974690676,None,left,0,11,4,6,96,18,None,123.5130722001195,123.51343649998307,811.4779471000656,811.4930936004966,811.4930936004966,812.492839500308,812.492839500308,812.4775466006249,124.5131148006767,124.51315840054303,812.4856827007607,812.492839500308,812.492839500308,813.491765900515,813.491765900515,813.475916299969,stimuli/box_empty_transparent.png,125.51145889982581,125.51149890013039,813.4760181000456,813.491765900515,816.993003600277,816.9772347006947,129.01277030073106,,,,,,,,,,,,,,,,99999,right,no,None,2025-05-21_17h30.01.425,RL_out-of-scanner,2024.2.4,59.69792846138299,2025-05-21 17h30.17.354836 -0500,
26,0,26,space,2.4769296003505588,None,5,1.1934914002195,None,129.01425740029663,j,0.3404597006738186,None,None,129.38020640052855,129.3805718002841,129.87940170057118,129.87943990062922,130.89451989997178,130.89455850049853,134.39581510052085,,,,,,,2,0,2,0,26,0,26,0,816.993003600277,,,,,,,,,,,,,,,,,,,,,,,,,,,,,,129.01425740029663,816.9787683002651,816.993003600277,816.993003600277,816.993003600277,816.993003600277,817.3446309007704,j,0.3404597006738186,None,left,1,11,5,6,97,19,None,129.38020640052855,129.3805718002841,817.345082600601,817.3599440008402,817.3599440008402,817.8604108002037,817.8604108002037,817.8438480002806,129.87940170057118,129.87943990062922,817.8550623999909,817.8604108002037,817.8604108002037,,,818.8589743003249,stimuli/box_coin_transparent.png,130.89451989997178,130.89455850049853,818.8590753003955,818.8748940005898,822.375906300731,822.3602811004966,134.39581510052085,,,,,,,,,,,,,,,,99999,right,no,None,2025-05-21_17h30.01.425,RL_out-of-scanner,2024.2.4,59.69792846138299,2025-05-21 17h30.17.354836 -0500,
27,0,27,space,2.4769296003505588,None,5,1.1934914002195,None,134.39771590009332,j,0.36135439947247505,None,None,134.77989890053868,134.7802758999169,136.27907720021904,136.27911620028317,137.27793150022626,137.27796790003777,138.27835110016167,,,,,,,2,0,2,0,27,0,27,0,822.375906300731,,,,,,,,,,,,,,,,,,,,,,,,,,,,,,134.39771590009332,822.3622270002961,822.375906300731,822.375906300731,822.375906300731,822.375906300731,822.7443042006344,j,0.36135439947247505,None,left,0,11,5,6,98,19,None,134.77989890053868,134.7802758999169,822.744787200354,822.7594490004703,822.7594490004703,824.2592940004542,824.2592940004542,824.2435234002769,136.27907720021904,136.27911620028317,824.2521384004503,824.2592940004542,824.2592940004542,825.258141300641,825.258141300641,825.2423907006159,stimuli/box_empty_transparent.png,137.27793150022626,137.27796790003777,825.2424814002588,825.258141300641,826.2595776002854,826.2428135005757,138.27835110016167,,,,,,,,,,,,,,,,99999,right,no,None,2025-05-21_17h30.01.425,RL_out-of-scanner,2024.2.4,59.69792846138299,2025-05-21 17h30.17.354836 -0500,
28,0,28,space,2.4769296003505588,None,5,1.1934914002195,None,138.27996580023319,j,0.3636050997301936,None,None,138.66305210068822,138.66341130062938,139.66210500057787,139.66214510053396,140.6625999007374,140.66263320017606,144.16171790007502,,,,,,,2,0,2,0,28,0,28,0,826.2595776002854,,,,,,,,,,,,,,,,,,,,,,,,,,,,,,138.27996580023319,826.2444759001955,826.2595776002854,826.2595776002854,826.2595776002854,826.2595776002854,826.6274783005938,j,0.3636050997301936,None,left,1,11,6,6,99,20,None,138.66305210068822,138.66341130062938,826.6279220003635,826.6426204005256,826.6426204005256,827.6422861004248,827.6422861004248,827.626548900269,139.66210500057787,139.66214510053396,827.6367218000814,827.6422861004248,827.6422861004248,828.642613700591,828.642613700591,828.6270604999736,stimuli/box_coin_transparent.png,140.6625999007374,140.66263320017606,828.627140100114,828.642613700591,832.1421477003023,832.1261849002913,144.16171790007502,,,,,,,,,,,,,,,,99999,right,no,None,2025-05-21_17h30.01.425,RL_out-of-scanner,2024.2.4,59.69792846138299,2025-05-21 17h30.17.354836 -0500,
29,0,29,space,2.4769296003505588,None,5,1.1934914002195,None,144.1632831003517,j,0.3268943000584841,None,None,144.5129009000957,144.51324110012501,146.51199600007385,146.51203860063106,147.51176100037992,147.51179079990834,148.51095560006797,,,,,,,2,0,2,0,29,0,29,0,832.1421477003023,,,,,,,,,,,,,,,,,,,,,,,,,,,,,,144.1632831003517,832.1277934005484,832.1421477003023,832.1421477003023,832.1421477003023,832.1421477003023,832.4773067999631,j,0.3268943000584841,None,left,0,11,6,6,100,20,None,144.5129009000957,144.51324110012501,832.4777502007782,832.4927344005555,832.4927344005555,834.4927380001172,834.4927380001172,834.4764334000647,146.51199600007385,146.51203860063106,834.4846398001537,834.4927380001172,834.4927380001172,835.4915574006736,835.4915574006736,835.4762246003374,stimuli/box_empty_transparent.png,147.51176100037992,147.51179079990834,835.4762983005494,835.4915574006736,836.4922816008329,836.4754206007347,148.51095560006797,,,,,,,,,,,,,,,,99999,right,no,None,2025-05-21_17h30.01.425,RL_out-of-scanner,2024.2.4,59.69792846138299,2025-05-21 17h30.17.354836 -0500,
30,0,30,space,2.4769296003505588,None,5,1.1934914002195,None,148.51275010034442,j,0.4116870993748307,None,None,148.94557440001518,148.9460316002369,149.94564560055733,149.94568660017103,150.94544210005552,150.9454767005518,151.9446367006749,,,,,,,2,0,2,0,30,0,30,0,836.4922816008329,,,,,,,,,,,,,,,,,,,,,,,,,,,,,,148.51275010034442,836.4772713007405,836.4922816008329,836.4922816008329,836.4922816008329,836.4922816008329,836.9099705005065,j,0.4116870993748307,None,left,0,11,6,6,101,20,None,148.94557440001518,148.9460316002369,836.9105555005372,836.9250947004184,836.9250947004184,837.9251907002181,837.9251907002181,837.9100905004889,149.94564560055733,149.94568660017103,837.9185418002307,837.9251907002181,837.9251907002181,838.9255602005869,838.9255602005869,838.9099022001028,stimuli/box_empty_transparent.png,150.94544210005552,150.9454767005518,838.9100050004199,838.9255602005869,839.9257296007127,839.9090991001576,151.9446367006749,,,,,,,,,,,,,,,,99999,right,no,None,2025-05-21_17h30.01.425,RL_out-of-scanner,2024.2.4,59.69792846138299,2025-05-21 17h30.17.354836 -0500,
31,0,31,space,2.4769296003505588,None,5,1.1934914002195,None,151.9463918004185,k,0.5549192000180483,None,None,152.5289349006489,152.5292003005743,155.54451330006123,155.5445570005104,156.54494080040604,156.54497110005468,159.04509670007974,,,,,,,2,0,2,0,31,0,31,0,839.9257296007127,,,,,,,,,,,,,,,,,,,,,,,,,,,,,,151.9463918004185,839.9109086003155,839.9257296007127,839.9257296007127,839.9257296007127,839.9257296007127,840.4933564001694,k,0.5549192000180483,None,left,0,11,6,6,101,20,None,152.5289349006489,152.5292003005743,840.4937086002901,840.5095460005105,840.5095460005105,843.5252265008166,843.5252265008166,843.5089511005208,155.54451330006123,155.5445570005104,843.5181963006034,843.5252265008166,843.5252265008166,,,844.509402600117,stimuli/box_empty_transparent.png,156.54494080040604,156.54497110005468,844.509480400011,844.5253395000473,847.025457800366,847.0095625007525,159.04509670007974,,,,,,,,,,,,,,,,99999,right,no,None,2025-05-21_17h30.01.425,RL_out-of-scanner,2024.2.4,59.69792846138299,2025-05-21 17h30.17.354836 -0500,
32,0,32,space,2.4769296003505588,None,5,1.1934914002195,None,159.0469297999516,j,0.314525299705565,None,None,159.37895700056106,159.37927700020373,160.37810679990798,160.3781440006569,161.3770229006186,161.3770579006523,162.37741880025715,,,,,,,2,0,2,0,32,0,32,0,847.025457800366,,,,,,,,,,,,,,,,,,,,,,,,,,,,,,159.0469297999516,847.0114437006414,847.025457800366,847.025457800366,847.025457800366,847.025457800366,847.3433810006827,j,0.314525299705565,None,left,1,11,7,6,102,21,None,159.37895700056106,159.37927700020373,847.3437858000398,847.358497700654,847.358497700654,848.3584631001577,848.3584631001577,848.3425520006567,160.37810679990798,160.3781440006569,848.3526100004092,848.3584631001577,848.3584631001577,849.3573657004163,849.3573657004163,849.3414836004376,stimuli/box_coin_transparent.png,161.3770229006186,161.3770579006523,849.3415710004047,849.3573657004163,850.358242300339,850.3418843001127,162.37741880025715,,,,,,,,,,,,,,,,99999,right,no,None,2025-05-21_17h30.01.425,RL_out-of-scanner,2024.2.4,59.69792846138299,2025-05-21 17h30.17.354836 -0500,
33,0,33,space,2.4769296003505588,None,5,1.1934914002195,None,162.37891119997948,j,0.4403265006840229,None,None,162.84646380040795,162.84682800062,164.8445430006832,164.84458140004426,165.8449375005439,165.84496990032494,167.34308040048927,,,,,,,2,0,2,0,33,0,33,0,850.358242300339,,,,,,,,,,,,,,,,,,,,,,,,,,,,,,162.37891119997948,850.3434222005308,850.358242300339,850.358242300339,850.358242300339,850.358242300339,850.8108858000487,j,0.4403265006840229,None,left,1,11,8,6,103,22,None,162.84646380040795,162.84682800062,850.8113391008228,850.825109500438,850.825109500438,852.8249398004264,852.8249398004264,852.8089883001521,164.8445430006832,164.84458140004426,852.8187581002712,852.8249398004264,852.8249398004264,,,853.8093983000144,stimuli/box_coin_transparent.png,165.8449375005439,165.84496990032494,853.809479300864,853.824667500332,855.3245792007074,855.307545600459,167.34308040048927,,,,,,,,,,,,,,,,99999,right,no,None,2025-05-21_17h30.01.425,RL_out-of-scanner,2024.2.4,59.69792846138299,2025-05-21 17h30.17.354836 -0500,
34,0,34,space,2.4769296003505588,None,5,1.1934914002195,None,167.34480820037425,j,0.505923300050199,None,None,167.87913820054382,167.87952940072864,170.8784055998549,170.87844299990684,171.87772120069712,171.8777525005862,174.3781139999628,,,,,,,2,0,2,0,34,0,34,0,855.3245792007074,,,,,,,,,,,,,,,,,,,,,,,,,,,,,,167.34480820037425,855.3093271004036,855.3245792007074,855.3245792007074,855.3245792007074,855.3245792007074,855.8435435006395,j,0.505923300050199,None,left,0,11,8,6,104,22,None,167.87913820054382,167.87952940072864,855.8440450001508,855.858296200633,855.858296200633,858.8578768000007,858.8578768000007,858.8428507000208,170.8784055998549,170.87844299990684,858.8521290002391,858.8578768000007,858.8578768000007,859.8582449005917,859.8582449005917,859.8421851005405,stimuli/box_empty_transparent.png,171.87772120069712,171.8777525005862,859.842258900404,859.8582449005917,862.3581853006035,862.3425764003769,174.3781139999628,,,,,,,,,,,,,,,,99999,right,no,None,2025-05-21_17h30.01.425,RL_out-of-scanner,2024.2.4,59.69792846138299,2025-05-21 17h30.17.354836 -0500,
35,0,35,space,2.4769296003505588,None,5,1.1934914002195,None,174.37995500024408,j,0.3817693004384637,None,None,174.77876550052315,174.77910490054637,176.27696780022234,176.27702010050416,177.27749690040946,177.2775367004797,178.27611090056598,,,,,,,2,0,2,0,35,0,35,0,862.3581853006035,,,,,,,,,,,,,,,,,,,,,,,,,,,,,,174.37995500024408,862.3444662000984,862.3581853006035,862.3581853006035,862.3581853006035,862.3581853006035,862.743140200153,j,0.3817693004384637,None,left,1,11,9,6,105,23,None,174.77876550052315,174.77910490054637,862.743614400737,862.7580438004807,862.7580438004807,864.261512500234,864.261512500234,864.2413969002664,176.27696780022234,176.27702010050416,864.2548935003579,864.261512500234,864.261512500234,,,865.2419410999864,stimuli/box_coin_transparent.png,177.27749690040946,177.2775367004797,865.2420523008332,865.2576085003093,866.2574977008626,866.2405762001872,178.27611090056598,,,,,,,,,,,,,,,,99999,right,no,None,2025-05-21_17h30.01.425,RL_out-of-scanner,2024.2.4,59.69792846138299,2025-05-21 17h30.17.354836 -0500,
36,0,36,space,2.4769296003505588,None,5,1.1934914002195,None,178.27783410064876,j,0.47071290016174316,None,None,178.7772685000673,178.7776621002704,180.2780972002074,180.27813990041614,181.27754690032452,181.27757700067014,184.7758841998875,,,,,,,2,0,2,0,36,0,36,0,866.2574977008626,,,,,,,,,,,,,,,,,,,,,,,,,,,,,,178.27783410064876,866.2423521000892,866.2574977008626,866.2574977008626,866.2574977008626,866.2574977008626,866.741687300615,j,0.47071290016174316,None,left,1,11,10,6,106,24,None,178.7772685000673,178.7776621002704,866.7421737005934,866.7574237007648,866.7574237007648,868.2589353006333,868.2589353006333,868.2425272008404,180.2780972002074,180.27813990041614,868.2536884006113,868.2589353006333,868.2589353006333,869.2574114007875,869.2574114007875,869.2420106008649,stimuli/box_coin_transparent.png,181.27754690032452,181.27757700067014,869.2420849008486,869.2574114007875,872.7572178002447,872.7403524005786,184.7758841998875,,,,,,,,,,,,,,,,99999,right,no,None,2025-05-21_17h30.01.425,RL_out-of-scanner,2024.2.4,59.69792846138299,2025-05-21 17h30.17.354836 -0500,
37,0,37,space,2.4769296003505588,None,5,1.1934914002195,None,184.77736019995064,j,0.2846303004771471,None,None,185.09410300012678,185.0944867003709,187.09471300058067,187.0947574004531,188.09516710042953,188.09520270023495,189.0935005005449,,,,,,,2,0,2,0,37,0,37,0,872.7572178002447,,,,,,,,,,,,,,,,,,,,,,,,,,,,,,184.77736019995064,872.7418719008565,872.7572178002447,872.7572178002447,872.7572178002447,872.7572178002447,873.0585106005892,j,0.2846303004771471,None,left,1,11,11,6,107,25,None,185.09410300012678,185.0944867003709,873.0590040003881,873.0742579000071,873.0742579000071,875.0749215008691,875.0749215008691,875.059153500013,187.09471300058067,187.0947574004531,875.0695270001888,875.0749215008691,875.0749215008691,,,876.0596261005849,stimuli/box_coin_transparent.png,188.09516710042953,188.09520270023495,876.0597164006904,876.0744850002229,877.0748707000166,877.0579668004066,189.0935005005449,,,,,,,,,,,,,,,,99999,right,no,None,2025-05-21_17h30.01.425,RL_out-of-scanner,2024.2.4,59.69792846138299,2025-05-21 17h30.17.354836 -0500,
38,0,38,space,2.4769296003505588,None,5,1.1934914002195,None,189.0949392998591,j,0.7973740007728338,None,None,189.91127840057015,189.91167030017823,190.92638950049877,190.92644130066037,191.92693440057337,191.92697199992836,193.42749899998307,,,,,,,2,0,2,0,38,0,38,0,877.0748707000166,,,,,,,,,,,,,,,,,,,,,,,,,,,,,,189.0949392998591,877.0594506002963,877.0748707000166,877.0748707000166,877.0748707000166,877.0748707000166,877.8756866008043,j,0.7973740007728338,None,right,1,9,0,7,107,25,None,189.91127840057015,189.91167030017823,877.8761860001832,877.8915927000344,877.8915927000344,878.907541400753,878.907541400753,878.8908223006874,190.92638950049877,190.92644130066037,878.9012508001179,878.907541400753,878.907541400753,,,879.8913933001459,stimuli/box_empty_transparent.png,191.92693440057337,191.92697199992836,879.8914874000475,879.9075800999999,881.4079974004999,881.3919451003894,193.42749899998307,,,,,,,,,,,,,,,,99999,right,no,None,2025-05-21_17h30.01.425,RL_out-of-scanner,2024.2.4,59.69792846138299,2025-05-21 17h30.17.354836 -0500,
39,0,39,space,2.4769296003505588,None,5,1.1934914002195,None,193.4292299002409,k,0.38395760022103786,None,None,193.84420160017908,193.8444662000984,194.84351379983127,194.84356669988483,195.85981240030378,195.85984779987484,196.85915730055422,,,,,,,2,0,2,0,39,0,39,0,881.4079974004999,,,,,,,,,,,,,,,,,,,,,,,,,,,,,,193.4292299002409,881.3937413999811,881.4079974004999,881.4079974004999,881.4079974004999,881.4079974004999,881.8086271006614,k,0.38395760022103786,None,right,1,9,1,7,108,26,None,193.84420160017908,193.8444662000984,881.808974600397,881.8236934002489,881.8236934002489,882.826309600845,882.826309600845,882.8079421008006,194.84351379983127,194.84356669988483,882.8203028002754,882.826309600845,882.826309600845,,,883.8242693999782,stimuli/box_coin_transparent.png,195.85981240030378,195.85984779987484,883.8243617005646,883.839627600275,884.8405082002282,884.8236204003915,196.85915730055422,,,,,,,,,,,,,,,,99999,right,no,None,2025-05-21_17h30.01.425,RL_out-of-scanner,2024.2.4,59.69792846138299,2025-05-21 17h30.17.354836 -0500,
40,0,40,space,2.4769296003505588,None,5,1.1934914002195,None,196.8606582004577,k,0.510814699344337,None,None,197.39479569997638,197.39506010059267,198.894024300389,198.89406680036336,199.89455370046198,199.89458500035107,200.89357919991016,,,,,,,2,0,2,0,40,0,40,0,884.8405082002282,,,,,,,,,,,,,,,,,,,,,,,,,,,,,,196.8606582004577,884.8251698007807,884.8405082002282,884.8405082002282,884.8405082002282,884.8405082002282,885.3592212004587,k,0.510814699344337,None,right,1,9,2,7,109,27,None,197.39479569997638,197.39506010059267,885.3595679001883,885.3745506005362,885.3745506005362,886.87406580057,886.87406580057,886.8584630005062,198.894024300389,198.89406680036336,886.8684165002778,886.87406580057,886.87406580057,887.873705400154,887.873705400154,887.8590167006478,stimuli/box_coin_transparent.png,199.89455370046198,199.89458500035107,887.8590935999528,887.873705400154,888.8740473007783,888.8580447006971,200.89357919991016,,,,,,,,,,,,,,,,99999,right,no,None,2025-05-21_17h30.01.425,RL_out-of-scanner,2024.2.4,59.69792846138299,2025-05-21 17h30.17.354836 -0500,
41,0,41,space,2.4769296003505588,None,5,1.1934914002195,None,200.8951187999919,k,0.33458059933036566,None,None,201.26111140009016,201.26137540023774,202.25929480046034,202.25933780055493,203.25991910044104,203.25995399989188,206.2598646003753,,,,,,,2,0,2,0,41,0,41,0,888.8740473007783,,,,,,,,,,,,,,,,,,,,,,,,,,,,,,200.8951187999919,888.8596303006634,888.8740473007783,888.8740473007783,888.8740473007783,888.8740473007783,889.225535900332,k,0.33458059933036566,None,right,1,9,3,7,110,28,None,201.26111140009016,201.26137540023774,889.2258840007707,889.2406966006383,889.2406966006383,890.2405596999452,890.2405596999452,890.2237367006019,202.25929480046034,202.25933780055493,890.2350425999612,890.2405596999452,890.2405596999452,,,891.2243678001687,stimuli/box_coin_transparent.png,203.25991910044104,203.25995399989188,891.2244643000886,891.2402834007517,894.2409222004935,894.2243285002187,206.2598646003753,,,,,,,,,,,,,,,,99999,right,no,None,2025-05-21_17h30.01.425,RL_out-of-scanner,2024.2.4,59.69792846138299,2025-05-21 17h30.17.354836 -0500,
42,0,42,space,2.4769296003505588,None,5,1.1934914002195,None,206.26166790071875,k,0.38281149975955486,None,None,206.66124240029603,206.66152499988675,208.65922300051898,208.6592728001997,209.65965340007097,209.65968910045922,213.15942780021578,,,,,,,2,0,2,0,42,0,42,0,894.2409222004935,,,,,,,,,,,,,,,,,,,,,,,,,,,,,,206.26166790071875,894.2261851001531,894.2409222004935,894.2409222004935,894.2409222004935,894.2409222004935,894.6256671007723,k,0.38281149975955486,None,right,0,9,3,7,111,28,None,206.66124240029603,206.66152499988675,894.6260335007682,894.640730000101,894.640730000101,896.6404349002987,896.6404349002987,896.6236568000168,208.65922300051898,208.6592728001997,896.6328022005036,896.6404349002987,896.6404349002987,,,897.624110000208,stimuli/box_empty_transparent.png,209.65965340007097,209.65968910045922,897.6242027999833,897.6406559003517,901.1411284003407,901.1238949000835,213.15942780021578,,,,,,,,,,,,,,,,99999,right,no,None,2025-05-21_17h30.01.425,RL_out-of-scanner,2024.2.4,59.69792846138299,2025-05-21 17h30.17.354836 -0500,
43,0,43,space,2.4769296003505588,None,5,1.1934914002195,None,213.16094490047544,k,0.3312159003689885,None,None,213.51055180002004,213.5108069004491,214.50900899991393,214.50905250012875,215.50950620044023,215.50954220071435,217.52661480009556,,,,,,,2,0,2,0,43,0,43,0,901.1411284003407,,,,,,,,,,,,,,,,,,,,,,,,,,,,,,213.16094490047544,901.1254558004439,901.1411284003407,901.1411284003407,901.1411284003407,901.1411284003407,901.4749776003882,k,0.3312159003689885,None,right,1,9,4,7,112,29,None,213.51055180002004,213.5108069004491,901.4753151005134,901.4897417007014,901.4897417007014,902.4906512005255,902.4906512005255,902.473450800404,214.50900899991393,214.50905250012875,902.4848433006555,902.4906512005255,902.4906512005255,,,903.4739635000005,stimuli/box_coin_transparent.png,215.50950620044023,215.50954220071435,903.474057700485,903.49113840051,905.5070132007822,905.4910792000592,217.52661480009556,,,,,,,,,,,,,,,,99999,right,no,None,2025-05-21_17h30.01.425,RL_out-of-scanner,2024.2.4,59.69792846138299,2025-05-21 17h30.17.354836 -0500,
44,0,44,space,2.4769296003505588,None,5,1.1934914002195,None,217.52812820021063,k,0.4851759001612663,None,None,218.0441500004381,218.04443400073797,220.54276000056416,220.54280680045485,221.55919530056417,221.5592406000942,223.55933979991823,,,,,,,2,0,2,0,44,0,44,0,905.5070132007822,,,,,,,,,,,,,,,,,,,,,,,,,,,,,,217.52812820021063,905.4926388002932,905.5070132007822,905.5070132007822,905.5070132007822,905.5070132007822,906.0085463002324,k,0.4851759001612663,None,right,1,9,5,7,113,30,None,218.0441500004381,218.04443400073797,906.0089431004599,906.0239213006571,906.0239213006571,908.5256783002988,908.5256783002988,908.5071969004348,220.54276000056416,220.54280680045485,908.5199486007914,908.5256783002988,908.5256783002988,,,909.5236386004835,stimuli/box_coin_transparent.png,221.55919530056417,221.5592406000942,909.5237648002803,909.540114399977,911.6120049003512,911.5238042008132,223.55933979991823,,,,,,,,,,,,,,,,99999,right,no,None,2025-05-21_17h30.01.425,RL_out-of-scanner,2024.2.4,59.69792846138299,2025-05-21 17h30.17.354836 -0500,
45,0,45,space,2.4769296003505588,None,5,1.1934914002195,None,223.64262840058655,k,0.31742879934608936,None,None,223.96845440007746,223.9687203001231,224.96929469984025,224.96933110058308,225.983189499937,225.98323310073465,226.98440069984645,,,,,,,2,0,2,0,45,0,45,0,911.6120049003512,,,,,,,,,,,,,,,,,,,,,,,,,,,,,,223.64262840058655,911.6071607004851,911.6120049003512,911.6120049003512,911.6120049003512,911.6120049003512,911.9328789003193,k,0.31742879934608936,None,right,1,9,6,7,114,31,None,223.96845440007746,223.9687203001231,911.9332285001874,911.9484983002767,911.9484983002767,912.9489470999688,912.9489470999688,912.9337421003729,224.96929469984025,224.96933110058308,912.9438017001376,912.9489470999688,912.9489470999688,,,913.9476413000375,stimuli/box_coin_transparent.png,225.983189499937,225.98323310073465,913.9477544007823,913.9636853002012,914.9655484007671,914.9488674001768,226.98440069984645,,,,,,,,,,,,,,,,99999,right,no,None,2025-05-21_17h30.01.425,RL_out-of-scanner,2024.2.4,59.69792846138299,2025-05-21 17h30.17.354836 -0500,
46,0,46,space,2.4769296003505588,None,5,1.1934914002195,None,226.98595550004393,k,0.6037371000275016,None,None,227.61901880055666,227.61928329989314,229.61763930041343,229.61767710000277,230.61788959987462,230.61791970022023,231.6328659998253,,,,,,,2,0,2,0,46,0,46,0,914.9655484007671,,,,,,,,,,,,,,,,,,,,,,,,,,,,,,226.98595550004393,914.9504665005952,914.9655484007671,914.9655484007671,914.9655484007671,914.9655484007671,915.5834442004561,k,0.6037371000275016,None,right,1,9,7,7,115,32,None,227.61901880055666,227.61928329989314,915.5837913006544,915.5981888007373,915.5981888007373,917.5978474002331,917.5978474002331,917.5820858003572,229.61763930041343,229.61767710000277,917.5917524006218,917.5978474002331,917.5978474002331,918.5980014000088,918.5980014000088,918.5823538005352,stimuli/box_coin_transparent.png,230.61788959987462,230.61791970022023,918.5824260003865,918.5980014000088,919.6141971005127,919.5973338000476,231.6328659998253,,,,,,,,,,,,,,,,99999,right,no,None,2025-05-21_17h30.01.425,RL_out-of-scanner,2024.2.4,59.69792846138299,2025-05-21 17h30.17.354836 -0500,
47,0,47,space,2.4769296003505588,None,5,1.1934914002195,None,231.63440770003945,k,0.42054309975355864,None,None,232.0842229006812,232.08450060058385,235.08471820037812,235.0847561005503,236.0846362002194,236.08466809988022,237.5993269002065,,,,,,,2,0,2,0,47,0,47,0,919.6141971005127,,,,,,,,,,,,,,,,,,,,,,,,,,,,,,231.63440770003945,919.5989220002666,919.6141971005127,919.6141971005127,919.6141971005127,919.6141971005127,920.0486365007237,k,0.42054309975355864,None,right,1,9,8,7,116,33,None,232.0842229006812,232.08450060058385,920.0490139005706,920.0641749007627,920.0641749007627,923.0644929008558,923.0644929008558,923.049165500328,235.08471820037812,235.0847561005503,923.0590941002592,923.0644929008558,923.0644929008558,924.0646474007517,924.0646474007517,924.0491000004113,stimuli/box_coin_transparent.png,236.0846362002194,236.08466809988022,924.0491768000647,924.0646474007517,925.5806196006015,925.5637950999662,237.5993269002065,,,,,,,,,,,,,,,,99999,right,no,None,2025-05-21_17h30.01.425,RL_out-of-scanner,2024.2.4,59.69792846138299,2025-05-21 17h30.17.354836 -0500,
48,0,48,space,2.4769296003505588,None,5,1.1934914002195,None,237.60090290009975,k,0.5413129003718495,None,None,238.16727900039405,238.16751880012453,239.66797239985317,239.66801040060818,240.66731530055404,240.66734510008246,244.18263410031796,,,,,,,2,0,2,0,48,0,48,0,925.5806196006015,,,,,,,,,,,,,,,,,,,,,,,,,,,,,,237.60090290009975,925.5654156999663,925.5806196006015,925.5806196006015,925.5806196006015,925.5806196006015,926.1316948002204,k,0.5413129003718495,None,right,1,9,9,7,117,34,None,238.16727900039405,238.16751880012453,926.1320275999606,926.1473995000124,926.1473995000124,927.6475901007652,927.6475901007652,927.6324179004878,239.66797239985317,239.66801040060818,927.6422155005857,927.6475901007652,927.6475901007652,928.6478123003617,928.6478123003617,928.6317792003974,stimuli/box_coin_transparent.png,240.66731530055404,240.66734510008246,928.6318518007174,928.6478123003617,932.1637776000425,932.1470938008279,244.18263410031796,,,,,,,,,,,,,,,,99999,right,no,None,2025-05-21_17h30.01.425,RL_out-of-scanner,2024.2.4,59.69792846138299,2025-05-21 17h30.17.354836 -0500,
49,0,49,space,2.4769296003505588,None,5,1.1934914002195,None,244.18485209997743,k,0.31629700027406216,None,None,244.51820060051978,244.5185070000589,246.0175075000152,246.0175443002954,247.01758090034127,247.0176103003323,247.01797820068896,,,,,,,2,0,2,0,49,0,49,0,932.1637776000425,,,,,,,,,,,,,,,,,,,,,,,,,,,,,,244.18485209997743,932.1493775006384,932.1637776000425,932.1637776000425,932.1637776000425,932.1637776000425,932.4826188003644,k,0.31629700027406216,None,left,1,7,0,8,117,34,None,244.51820060051978,244.5185070000589,932.4830203000456,932.4981045005843,932.4981045005843,933.9982104003429,933.9982104003429,933.9819552004337,246.0175075000152,246.0175443002954,933.9902053000405,933.9982104003429,933.9982104003429,935.0275388006121,935.0275388006121,934.9820460006595,stimuli/box_empty_transparent.png,247.01758090034127,247.0176103003323,934.9821164002642,935.0275388006121,935.0275388006121,934.9824515003711,247.01797820068896,,,,,,,,,,,,,,,,99999,right,no,None,2025-05-21_17h30.01.425,RL_out-of-scanner,2024.2.4,59.69792846138299,2025-05-21 17h30.17.354836 -0500,
2,0,2,space,2.4769296003505588,None,5,1.1934914002195,None,,,,,,,,,,,,,,,,,,,2,0,2,0,,,,,,,,,,,,,,,,,,,,,,,,,,,,,,,,,,,,,,,,,,,,,,,,,,,,,,,,,,,,,,,,,,,,,,,,,,,,,,,,,,,935.0233434000984,935.0275388006121,938.9889630004764,938.9890338005498,939.0058522000909,991.5364116001874,991.5203141001984,,,99999,right,no,None,2025-05-21_17h30.01.425,RL_out-of-scanner,2024.2.4,59.69792846138299,2025-05-21 17h30.17.354836 -0500,
,,,,,,,,,,,,,,,,,,,,,,,,,,,,,,,,,,,,,,,,,,,,,,,,,,,,,,,,,,,,,,,,,,,,,,,,,,,,,,,,,,,,,,,,,,,,,,,,,,,,,,,,,,,,,,,,,,,,,,,,991.5204421002418,991.5207251999527,99999,right,no,None,2025-05-21_17h30.01.425,RL_out-of-scanner,2024.2.4,59.69792846138299,2025-05-21 17h30.17.354836 -0500,
